collection,judge,budget_full_eq,eps,method,draw,docs,pilot,act,wrong,regret,v_pilot,v_pilot_ref,slack_pilot,slack_true,n_queries,b,n_sampled
cast19,inv,15,0.01,uniform,0,1494,1005,0,0,0.0,0.47522986833251685,0.12940855967309237,0.03664280039830248,0.01,159,4,119
cast19,inv,15,0.01,uniform_nz,0,1468,1005,0,0,0.0,0.32671605015342625,0.12940855967309237,0.03664280039830248,0.01,159,4,119
cast19,inv,15,0.01,weighted,0,1459,1005,0,0,0.0,0.12940855967309237,0.12940855967309237,0.03664280039830248,0.01,159,4,119
cast19,inv,15,0.01,active_judge,0,1478,1005,0,0,0.0,0.26976198461351647,0.12940855967309237,0.03664280039830248,0.01,159,4,119
cast19,inv,15,0.01,strat_pilot,0,1472,1005,0,0,0.0,0.12946924237826624,0.12940855967309237,0.03664280039830248,0.01,159,4,119
cast19,inv,15,0.01,weighted_cv,0,1495,1005,0,0,0.0,0.1724907984520832,0.12940855967309237,0.03664280039830248,0.01,159,4,119
cast19,inv,15,0.01,active_cv,0,1487,1005,0,0,0.0,0.3581844231837347,0.12940855967309237,0.03664280039830248,0.01,159,4,119
cast19,inv,15,0.01,weighted_cvl,0,1480,1005,0,0,0.0,0.12940855967309237,0.12940855967309237,0.03664280039830248,0.01,159,4,119
cast19,inv,15,0.01,uniform,1,1285,935,0,0,0.001618332309391013,0.134547955036469,0.044275727504916124,0.02266824214906056,0.008381667690608987,159,4,86
cast19,inv,15,0.01,uniform_nz,1,1274,935,0,0,0.001618332309391013,0.05478377471627503,0.044275727504916124,0.02266824214906056,0.008381667690608987,159,4,86
cast19,inv,15,0.01,weighted,1,1277,935,0,0,0.001618332309391013,0.044275727504916124,0.044275727504916124,0.02266824214906056,0.008381667690608987,159,4,86
cast19,inv,15,0.01,active_judge,1,1285,935,0,0,0.001618332309391013,0.11277372671710076,0.044275727504916124,0.02266824214906056,0.008381667690608987,159,4,86
cast19,inv,15,0.01,strat_pilot,1,1245,935,0,0,0.001618332309391013,0.04415071259380049,0.044275727504916124,0.02266824214906056,0.008381667690608987,159,4,86
cast19,inv,15,0.01,weighted_cv,1,1284,935,0,0,0.001618332309391013,0.04970321866674737,0.044275727504916124,0.02266824214906056,0.008381667690608987,159,4,86
cast19,inv,15,0.01,active_cv,1,1260,935,0,0,0.001618332309391013,0.11699713266828633,0.044275727504916124,0.02266824214906056,0.008381667690608987,159,4,86
cast19,inv,15,0.01,weighted_cvl,1,1265,935,0,0,0.001618332309391013,0.04444791879161846,0.044275727504916124,0.02266824214906056,0.008381667690608987,159,4,86
cast19,inv,15,0.01,uniform,2,1295,951,0,0,0.0,0.730054489673025,0.07581764372451588,0.021871622959084264,0.01,159,4,86
cast19,inv,15,0.01,uniform_nz,2,1317,951,0,0,0.0,0.4095694185471765,0.07581764372451588,0.021871622959084264,0.01,159,4,86
cast19,inv,15,0.01,weighted,2,1297,951,0,0,0.0,0.07581764372451588,0.07581764372451588,0.021871622959084264,0.01,159,4,86
cast19,inv,15,0.01,active_judge,2,1309,951,0,0,0.0,0.17907313597872654,0.07581764372451588,0.021871622959084264,0.01,159,4,86
cast19,inv,15,0.01,strat_pilot,2,1316,951,0,0,0.0,0.07580854095499,0.07581764372451588,0.021871622959084264,0.01,159,4,86
cast19,inv,15,0.01,weighted_cv,2,1281,951,0,0,0.0,0.08906293244856199,0.07581764372451588,0.021871622959084264,0.01,159,4,86
cast19,inv,15,0.01,active_cv,2,1284,951,0,0,0.0,0.20161702264105638,0.07581764372451588,0.021871622959084264,0.01,159,4,86
cast19,inv,15,0.01,weighted_cvl,2,1289,951,0,0,0.0,0.07581764372451588,0.07581764372451588,0.021871622959084264,0.01,159,4,86
cast19,inv,15,0.01,uniform,3,1289,951,0,0,0.012124610687700876,0.10074899599675038,0.0414266998458512,0.03280239952685772,-0.002124610687700876,159,4,86
cast19,inv,15,0.01,uniform_nz,3,1288,951,0,0,0.012124610687700876,0.04817628237858591,0.0414266998458512,0.03280239952685772,-0.002124610687700876,159,4,86
cast19,inv,15,0.01,weighted,3,1268,951,0,0,0.012124610687700876,0.0414266998458512,0.0414266998458512,0.03280239952685772,-0.002124610687700876,159,4,86
cast19,inv,15,0.01,active_judge,3,1275,951,0,0,0.012124610687700876,0.12641589960112348,0.0414266998458512,0.03280239952685772,-0.002124610687700876,159,4,86
cast19,inv,15,0.01,strat_pilot,3,1284,951,0,0,0.012124610687700876,0.041364352081549455,0.0414266998458512,0.03280239952685772,-0.002124610687700876,159,4,86
cast19,inv,15,0.01,weighted_cv,3,1313,951,0,0,0.012124610687700876,0.050106111168022396,0.0414266998458512,0.03280239952685772,-0.002124610687700876,159,4,86
cast19,inv,15,0.01,active_cv,3,1292,951,0,0,0.012124610687700876,0.14270710699531258,0.0414266998458512,0.03280239952685772,-0.002124610687700876,159,4,86
cast19,inv,15,0.01,weighted_cvl,3,1282,951,0,0,0.012124610687700876,0.0414266998458512,0.0414266998458512,0.03280239952685772,-0.002124610687700876,159,4,86
cast19,inv,15,0.01,uniform,4,1330,997,0,0,0.00994886077018442,0.1445746288476007,0.05135055440464263,0.018604924720737756,5.113922981558015e-05,159,4,86
cast19,inv,15,0.01,uniform_nz,4,1371,997,0,0,0.00994886077018442,0.05853154589442142,0.05135055440464263,0.018604924720737756,5.113922981558015e-05,159,4,86
cast19,inv,15,0.01,weighted,4,1328,997,0,0,0.00994886077018442,0.05135055440464263,0.05135055440464263,0.018604924720737756,5.113922981558015e-05,159,4,86
cast19,inv,15,0.01,active_judge,4,1360,997,0,0,0.00994886077018442,0.12720474194221323,0.05135055440464263,0.018604924720737756,5.113922981558015e-05,159,4,86
cast19,inv,15,0.01,strat_pilot,4,1356,997,0,0,0.00994886077018442,0.051341880345520695,0.05135055440464263,0.018604924720737756,5.113922981558015e-05,159,4,86
cast19,inv,15,0.01,weighted_cv,4,1325,997,0,0,0.00994886077018442,0.058189415920650744,0.05135055440464263,0.018604924720737756,5.113922981558015e-05,159,4,86
cast19,inv,15,0.01,active_cv,4,1321,997,0,0,0.00994886077018442,0.1332319485264422,0.05135055440464263,0.018604924720737756,5.113922981558015e-05,159,4,86
cast19,inv,15,0.01,weighted_cvl,4,1355,997,0,0,0.00994886077018442,0.05135055440464263,0.05135055440464263,0.018604924720737756,5.113922981558015e-05,159,4,86
cast19,inv,15,0.01,uniform,5,1476,1017,0,0,0.0,0.4999805740648976,0.11061963634416312,0.04137258453047927,0.01,159,4,119
cast19,inv,15,0.01,uniform_nz,5,1504,1017,0,0,0.0,0.31967830454249707,0.11061963634416312,0.04137258453047927,0.01,159,4,119
cast19,inv,15,0.01,weighted,5,1505,1017,0,0,0.0,0.11061963634416312,0.11061963634416312,0.04137258453047927,0.01,159,4,119
cast19,inv,15,0.01,active_judge,5,1484,1017,0,0,0.0,0.2435740710913616,0.11061963634416312,0.04137258453047927,0.01,159,4,119
cast19,inv,15,0.01,strat_pilot,5,1522,1017,1,0,0.0,0.1106317271214737,0.11061963634416312,0.04137258453047927,0.01,159,4,119
cast19,inv,15,0.01,weighted_cv,5,1501,1017,0,0,0.0,0.15031513846944006,0.11061963634416312,0.04137258453047927,0.01,159,4,119
cast19,inv,15,0.01,active_cv,5,1512,1017,0,0,0.0,0.31994884543337937,0.11061963634416312,0.04137258453047927,0.01,159,4,119
cast19,inv,15,0.01,weighted_cvl,5,1468,1017,0,0,0.0,0.11061963634416312,0.11061963634416312,0.04137258453047927,0.01,159,4,119
cast19,inv,15,0.01,uniform,6,1247,936,0,0,0.0,0.2895956391679487,0.03942245859984015,0.04945899145984959,0.01,159,4,76
cast19,inv,15,0.01,uniform_nz,6,1243,936,0,0,0.0,0.13608603153664858,0.03942245859984015,0.04945899145984959,0.01,159,4,76
cast19,inv,15,0.01,weighted,6,1221,936,0,0,0.0,0.03942245859984015,0.03942245859984015,0.04945899145984959,0.01,159,4,76
cast19,inv,15,0.01,active_judge,6,1221,936,0,0,0.0,0.1095618912905684,0.03942245859984015,0.04945899145984959,0.01,159,4,76
cast19,inv,15,0.01,strat_pilot,6,1245,936,0,0,0.0,0.03926080791415098,0.03942245859984015,0.04945899145984959,0.01,159,4,76
cast19,inv,15,0.01,weighted_cv,6,1216,936,0,0,0.0,0.04904476185536151,0.03942245859984015,0.04945899145984959,0.01,159,4,76
cast19,inv,15,0.01,active_cv,6,1260,936,0,0,0.0,0.14109633504014016,0.03942245859984015,0.04945899145984959,0.01,159,4,76
cast19,inv,15,0.01,weighted_cvl,6,1212,936,0,0,0.0,0.03942245859984015,0.03942245859984015,0.04945899145984959,0.01,159,4,76
cast19,inv,15,0.01,uniform,7,1340,989,0,0,0.007699542318434616,0.11353320613485925,0.045747338300255055,0.033270626458538705,0.0023004576815653845,159,4,86
cast19,inv,15,0.01,uniform_nz,7,1320,989,0,0,0.007699542318434616,0.05115111047852339,0.045747338300255055,0.033270626458538705,0.0023004576815653845,159,4,86
cast19,inv,15,0.01,weighted,7,1334,989,0,0,0.007699542318434616,0.045747338300255055,0.045747338300255055,0.033270626458538705,0.0023004576815653845,159,4,86
cast19,inv,15,0.01,active_judge,7,1335,989,0,0,0.007699542318434616,0.1136940313328791,0.045747338300255055,0.033270626458538705,0.0023004576815653845,159,4,86
cast19,inv,15,0.01,strat_pilot,7,1323,989,0,0,0.007699542318434616,0.04571245964420244,0.045747338300255055,0.033270626458538705,0.0023004576815653845,159,4,86
cast19,inv,15,0.01,weighted_cv,7,1339,989,1,0,0.007699542318434616,0.05727524142599501,0.045747338300255055,0.033270626458538705,0.0023004576815653845,159,4,86
cast19,inv,15,0.01,active_cv,7,1340,989,0,0,0.007699542318434616,0.13705757829759616,0.045747338300255055,0.033270626458538705,0.0023004576815653845,159,4,86
cast19,inv,15,0.01,weighted_cvl,7,1334,989,0,0,0.007699542318434616,0.045747338300255055,0.045747338300255055,0.033270626458538705,0.0023004576815653845,159,4,86
cast19,inv,15,0.01,uniform,8,1323,957,0,0,0.011921992165461692,0.23684685551498608,0.050705270458043517,0.012285100352303204,-0.001921992165461692,159,4,86
cast19,inv,15,0.01,uniform_nz,8,1307,957,0,0,0.011921992165461692,0.10819017280705609,0.050705270458043517,0.012285100352303204,-0.001921992165461692,159,4,86
cast19,inv,15,0.01,weighted,8,1290,957,0,0,0.011921992165461692,0.050705270458043517,0.050705270458043517,0.012285100352303204,-0.001921992165461692,159,4,86
cast19,inv,15,0.01,active_judge,8,1276,957,0,0,0.011921992165461692,0.09771663225322287,0.050705270458043517,0.012285100352303204,-0.001921992165461692,159,4,86
cast19,inv,15,0.01,strat_pilot,8,1277,957,0,0,0.011921992165461692,0.050697775761294986,0.050705270458043517,0.012285100352303204,-0.001921992165461692,159,4,86
cast19,inv,15,0.01,weighted_cv,8,1301,957,0,0,0.011921992165461692,0.05264229445115105,0.050705270458043517,0.012285100352303204,-0.001921992165461692,159,4,86
cast19,inv,15,0.01,active_cv,8,1305,957,0,0,0.011921992165461692,0.10333574031310584,0.050705270458043517,0.012285100352303204,-0.001921992165461692,159,4,86
cast19,inv,15,0.01,weighted_cvl,8,1288,957,0,0,0.011921992165461692,0.05041805038033539,0.050705270458043517,0.012285100352303204,-0.001921992165461692,159,4,86
cast19,inv,15,0.01,uniform,9,1179,889,0,0,0.0,0.23554857089041903,0.044234417061337586,0.04364046728984807,0.01,159,4,77
cast19,inv,15,0.01,uniform_nz,9,1203,889,0,0,0.0,0.08477911781521273,0.044234417061337586,0.04364046728984807,0.01,159,4,77
cast19,inv,15,0.01,weighted,9,1206,889,0,0,0.0,0.044234417061337586,0.044234417061337586,0.04364046728984807,0.01,159,4,77
cast19,inv,15,0.01,active_judge,9,1207,889,0,0,0.0,0.12158757850729363,0.044234417061337586,0.04364046728984807,0.01,159,4,77
cast19,inv,15,0.01,strat_pilot,9,1203,889,0,0,0.0,0.04396331637314367,0.044234417061337586,0.04364046728984807,0.01,159,4,77
cast19,inv,15,0.01,weighted_cv,9,1219,889,0,0,0.0,0.06125400056727233,0.044234417061337586,0.04364046728984807,0.01,159,4,77
cast19,inv,15,0.01,active_cv,9,1184,889,0,0,0.0,0.16317546477607733,0.044234417061337586,0.04364046728984807,0.01,159,4,77
cast19,inv,15,0.01,weighted_cvl,9,1194,889,0,0,0.0,0.044234417061337586,0.044234417061337586,0.04364046728984807,0.01,159,4,77
cast19,inv,15,0.01,uniform,10,1272,993,0,0,0.0,0.31889240372021244,0.023708458058562067,0.023418486596959463,0.01,159,4,72
cast19,inv,15,0.01,uniform_nz,10,1281,993,0,0,0.0,0.09182999355729489,0.023708458058562067,0.023418486596959463,0.01,159,4,72
cast19,inv,15,0.01,weighted,10,1282,993,0,0,0.0,0.023708458058562067,0.023708458058562067,0.023418486596959463,0.01,159,4,72
cast19,inv,15,0.01,active_judge,10,1286,993,0,0,0.0,0.0609716422300177,0.023708458058562067,0.023418486596959463,0.01,159,4,72
cast19,inv,15,0.01,strat_pilot,10,1261,993,0,0,0.0,0.023644759364456265,0.023708458058562067,0.023418486596959463,0.01,159,4,72
cast19,inv,15,0.01,weighted_cv,10,1272,993,0,0,0.0,0.029550105781344465,0.023708458058562067,0.023418486596959463,0.01,159,4,72
cast19,inv,15,0.01,active_cv,10,1280,993,0,0,0.0,0.07143991170145254,0.023708458058562067,0.023418486596959463,0.01,159,4,72
cast19,inv,15,0.01,weighted_cvl,10,1272,993,0,0,0.0,0.023708458058562067,0.023708458058562067,0.023418486596959463,0.01,159,4,72
cast19,inv,15,0.01,uniform,11,1273,948,0,0,0.0,0.26808733831359455,0.09941784355629073,0.023152962507148808,0.01,159,4,86
cast19,inv,15,0.01,uniform_nz,11,1269,948,0,0,0.0,0.12687282019041468,0.09941784355629073,0.023152962507148808,0.01,159,4,86
cast19,inv,15,0.01,weighted,11,1277,948,0,0,0.0,0.09941784355629073,0.09941784355629073,0.023152962507148808,0.01,159,4,86
cast19,inv,15,0.01,active_judge,11,1291,948,1,0,0.0,0.17989612779912312,0.09941784355629073,0.023152962507148808,0.01,159,4,86
cast19,inv,15,0.01,strat_pilot,11,1300,948,0,0,0.0,0.09940965151155193,0.09941784355629073,0.023152962507148808,0.01,159,4,86
cast19,inv,15,0.01,weighted_cv,11,1288,948,0,0,0.0,0.10430097130692717,0.09941784355629073,0.023152962507148808,0.01,159,4,86
cast19,inv,15,0.01,active_cv,11,1301,948,0,0,0.0,0.19306066769347904,0.09941784355629073,0.023152962507148808,0.01,159,4,86
cast19,inv,15,0.01,weighted_cvl,11,1292,948,0,0,0.0,0.09941713778487678,0.09941784355629073,0.023152962507148808,0.01,159,4,86
cast19,inv,15,0.01,uniform,12,1238,954,0,0,0.0,0.11089002637811296,0.03117395981283283,0.022929962065797976,0.01,159,4,72
cast19,inv,15,0.01,uniform_nz,12,1235,954,0,0,0.0,0.03264515406442432,0.03117395981283283,0.022929962065797976,0.01,159,4,72
cast19,inv,15,0.01,weighted,12,1258,954,0,0,0.0,0.03117395981283283,0.03117395981283283,0.022929962065797976,0.01,159,4,72
cast19,inv,15,0.01,active_judge,12,1240,954,0,0,0.0,0.07995271959967876,0.03117395981283283,0.022929962065797976,0.01,159,4,72
cast19,inv,15,0.01,strat_pilot,12,1237,954,0,0,0.0,0.030949811344887203,0.03117395981283283,0.022929962065797976,0.01,159,4,72
cast19,inv,15,0.01,weighted_cv,12,1194,954,0,0,0.0,0.043078089210931904,0.03117395981283283,0.022929962065797976,0.01,159,4,72
cast19,inv,15,0.01,active_cv,12,1251,954,0,0,0.0,0.11155178210028942,0.03117395981283283,0.022929962065797976,0.01,159,4,72
cast19,inv,15,0.01,weighted_cvl,12,1264,954,0,0,0.0,0.03117395981283283,0.03117395981283283,0.022929962065797976,0.01,159,4,72
cast19,inv,15,0.01,uniform,13,1348,982,0,0,0.007328827678486971,0.09737399536877402,0.04324109875093592,0.027135581679093607,0.002671172321513029,159,4,86
cast19,inv,15,0.01,uniform_nz,13,1320,982,0,0,0.007328827678486971,0.04777145887117761,0.04324109875093592,0.027135581679093607,0.002671172321513029,159,4,86
cast19,inv,15,0.01,weighted,13,1349,982,0,0,0.007328827678486971,0.04324109875093592,0.04324109875093592,0.027135581679093607,0.002671172321513029,159,4,86
cast19,inv,15,0.01,active_judge,13,1314,982,0,0,0.007328827678486971,0.10354993310584162,0.04324109875093592,0.027135581679093607,0.002671172321513029,159,4,86
cast19,inv,15,0.01,strat_pilot,13,1330,982,0,0,0.007328827678486971,0.04322554246802908,0.04324109875093592,0.027135581679093607,0.002671172321513029,159,4,86
cast19,inv,15,0.01,weighted_cv,13,1327,982,0,0,0.007328827678486971,0.050922823432989095,0.04324109875093592,0.027135581679093607,0.002671172321513029,159,4,86
cast19,inv,15,0.01,active_cv,13,1334,982,0,0,0.007328827678486971,0.11879199590936107,0.04324109875093592,0.027135581679093607,0.002671172321513029,159,4,86
cast19,inv,15,0.01,weighted_cvl,13,1337,982,0,0,0.007328827678486971,0.04324109875093592,0.04324109875093592,0.027135581679093607,0.002671172321513029,159,4,86
cast19,inv,15,0.01,uniform,14,1279,971,0,0,0.0,0.39372582700166364,0.07229686333216713,0.014318726411050406,0.01,159,4,86
cast19,inv,15,0.01,uniform_nz,14,1323,971,0,0,0.0,0.1766958723410335,0.07229686333216713,0.014318726411050406,0.01,159,4,86
cast19,inv,15,0.01,weighted,14,1321,971,0,0,0.0,0.07229686333216713,0.07229686333216713,0.014318726411050406,0.01,159,4,86
cast19,inv,15,0.01,active_judge,14,1293,971,0,0,0.0,0.15757761345335694,0.07229686333216713,0.014318726411050406,0.01,159,4,86
cast19,inv,15,0.01,strat_pilot,14,1305,971,0,0,0.0,0.07230223849648489,0.07229686333216713,0.014318726411050406,0.01,159,4,86
cast19,inv,15,0.01,weighted_cv,14,1300,971,0,0,0.0,0.08060657523897256,0.07229686333216713,0.014318726411050406,0.01,159,4,86
cast19,inv,15,0.01,active_cv,14,1330,971,0,0,0.0,0.17739830044121968,0.07229686333216713,0.014318726411050406,0.01,159,4,86
cast19,inv,15,0.01,weighted_cvl,14,1299,971,0,0,0.0,0.07229686333216713,0.07229686333216713,0.014318726411050406,0.01,159,4,86
cast19,inv,15,0.01,uniform,15,1293,957,0,0,0.0,0.08640512563665578,0.03922874372568078,0.02384630225781456,0.01,159,4,86
cast19,inv,15,0.01,uniform_nz,15,1325,957,0,0,0.0,0.043743217333182025,0.03922874372568078,0.02384630225781456,0.01,159,4,86
cast19,inv,15,0.01,weighted,15,1332,957,0,0,0.0,0.03922874372568078,0.03922874372568078,0.02384630225781456,0.01,159,4,86
cast19,inv,15,0.01,active_judge,15,1319,957,0,0,0.0,0.0965394781606751,0.03922874372568078,0.02384630225781456,0.01,159,4,86
cast19,inv,15,0.01,strat_pilot,15,1311,957,0,0,0.0,0.03923261184057605,0.03922874372568078,0.02384630225781456,0.01,159,4,86
cast19,inv,15,0.01,weighted_cv,15,1294,957,0,0,0.0,0.04518124294271456,0.03922874372568078,0.02384630225781456,0.01,159,4,86
cast19,inv,15,0.01,active_cv,15,1289,957,0,0,0.0,0.10339480215597993,0.03922874372568078,0.02384630225781456,0.01,159,4,86
cast19,inv,15,0.01,weighted_cvl,15,1300,957,1,0,0.0,0.03922874372568078,0.03922874372568078,0.02384630225781456,0.01,159,4,86
cast19,inv,15,0.01,uniform,16,1232,923,0,0,0.0,0.08803865943852723,0.026124211240139417,0.03317553746413619,0.01,159,4,74
cast19,inv,15,0.01,uniform_nz,16,1211,923,0,0,0.0,0.03340223301982208,0.026124211240139417,0.03317553746413619,0.01,159,4,74
cast19,inv,15,0.01,weighted,16,1205,923,0,0,0.0,0.026124211240139417,0.026124211240139417,0.03317553746413619,0.01,159,4,74
cast19,inv,15,0.01,active_judge,16,1222,923,0,0,0.0,0.09374191056236467,0.026124211240139417,0.03317553746413619,0.01,159,4,74
cast19,inv,15,0.01,strat_pilot,16,1233,923,0,0,0.0,0.025455564016830474,0.026124211240139417,0.03317553746413619,0.01,159,4,74
cast19,inv,15,0.01,weighted_cv,16,1206,923,1,0,0.0,0.035300357060958285,0.026124211240139417,0.03317553746413619,0.01,159,4,74
cast19,inv,15,0.01,active_cv,16,1231,923,0,0,0.0,0.11457621585542754,0.026124211240139417,0.03317553746413619,0.01,159,4,74
cast19,inv,15,0.01,weighted_cvl,16,1218,923,0,0,0.0,0.026124211240139417,0.026124211240139417,0.03317553746413619,0.01,159,4,74
cast19,inv,15,0.01,uniform,17,1362,1009,1,0,0.008524905452858222,0.09800736947137349,0.039670786655421064,0.041069531842972025,0.0014750945471417778,159,4,86
cast19,inv,15,0.01,uniform_nz,17,1308,1009,0,0,0.008524905452858222,0.045913710022062904,0.039670786655421064,0.041069531842972025,0.0014750945471417778,159,4,86
cast19,inv,15,0.01,weighted,17,1322,1009,0,0,0.008524905452858222,0.039670786655421064,0.039670786655421064,0.041069531842972025,0.0014750945471417778,159,4,86
cast19,inv,15,0.01,active_judge,17,1338,1009,0,0,0.008524905452858222,0.12199899990902204,0.039670786655421064,0.041069531842972025,0.0014750945471417778,159,4,86
cast19,inv,15,0.01,strat_pilot,17,1353,1009,0,0,0.008524905452858222,0.03942151670320354,0.039670786655421064,0.041069531842972025,0.0014750945471417778,159,4,86
cast19,inv,15,0.01,weighted_cv,17,1340,1009,0,0,0.008524905452858222,0.0548584438969727,0.039670786655421064,0.041069531842972025,0.0014750945471417778,159,4,86
cast19,inv,15,0.01,active_cv,17,1354,1009,0,0,0.008524905452858222,0.14841687787265478,0.039670786655421064,0.041069531842972025,0.0014750945471417778,159,4,86
cast19,inv,15,0.01,weighted_cvl,17,1342,1009,0,0,0.008524905452858222,0.039670786655421064,0.039670786655421064,0.041069531842972025,0.0014750945471417778,159,4,86
cast19,inv,15,0.01,uniform,18,1341,1008,0,0,0.0,0.2762568593146294,0.0681046467645973,0.020063814639666028,0.01,159,4,86
cast19,inv,15,0.01,uniform_nz,18,1362,1008,0,0,0.0,0.09873517955319774,0.0681046467645973,0.020063814639666028,0.01,159,4,86
cast19,inv,15,0.01,weighted,18,1338,1008,0,0,0.0,0.0681046467645973,0.0681046467645973,0.020063814639666028,0.01,159,4,86
cast19,inv,15,0.01,active_judge,18,1359,1008,0,0,0.0,0.1366763071763854,0.0681046467645973,0.020063814639666028,0.01,159,4,86
cast19,inv,15,0.01,strat_pilot,18,1376,1008,1,0,0.0,0.06808062544552393,0.0681046467645973,0.020063814639666028,0.01,159,4,86
cast19,inv,15,0.01,weighted_cv,18,1368,1008,0,0,0.0,0.07388739083237164,0.0681046467645973,0.020063814639666028,0.01,159,4,86
cast19,inv,15,0.01,active_cv,18,1344,1008,0,0,0.0,0.14617328744344188,0.0681046467645973,0.020063814639666028,0.01,159,4,86
cast19,inv,15,0.01,weighted_cvl,18,1359,1008,0,0,0.0,0.0681046467645973,0.0681046467645973,0.020063814639666028,0.01,159,4,86
cast19,inv,15,0.01,uniform,19,1216,952,0,0,0.0,0.08617245533553375,0.022784622679597112,0.011846435126620892,0.01,159,4,69
cast19,inv,15,0.01,uniform_nz,19,1183,952,0,0,0.0,0.024991410728712814,0.022784622679597112,0.011846435126620892,0.01,159,4,69
cast19,inv,15,0.01,weighted,19,1228,952,1,0,0.0,0.022784622679597112,0.022784622679597112,0.011846435126620892,0.01,159,4,69
cast19,inv,15,0.01,active_judge,19,1218,952,0,0,0.0,0.05281297807696993,0.022784622679597112,0.011846435126620892,0.01,159,4,69
cast19,inv,15,0.01,strat_pilot,19,1232,952,0,0,0.0,0.022596697017626684,0.022784622679597112,0.011846435126620892,0.01,159,4,69
cast19,inv,15,0.01,weighted_cv,19,1240,952,0,0,0.0,0.02808249993621781,0.022784622679597112,0.011846435126620892,0.01,159,4,69
cast19,inv,15,0.01,active_cv,19,1202,952,0,0,0.0,0.06590335207686725,0.022784622679597112,0.011846435126620892,0.01,159,4,69
cast19,inv,15,0.01,weighted_cvl,19,1216,952,0,0,0.0,0.023236463427449817,0.022784622679597112,0.011846435126620892,0.01,159,4,69
cast19,inv,15,0.01,uniform,20,1235,951,0,0,0.0,0.11786170615266829,0.03313588078061146,0.013026766448206068,0.01,159,4,68
cast19,inv,15,0.01,uniform_nz,20,1222,951,0,0,0.0,0.03631532052474362,0.03313588078061146,0.013026766448206068,0.01,159,4,68
cast19,inv,15,0.01,weighted,20,1202,951,0,0,0.0,0.03313588078061146,0.03313588078061146,0.013026766448206068,0.01,159,4,68
cast19,inv,15,0.01,active_judge,20,1212,951,0,0,0.0,0.06601659651607746,0.03313588078061146,0.013026766448206068,0.01,159,4,68
cast19,inv,15,0.01,strat_pilot,20,1207,951,0,0,0.0,0.03294839218791633,0.03313588078061146,0.013026766448206068,0.01,159,4,68
cast19,inv,15,0.01,weighted_cv,20,1220,951,1,0,0.0,0.03510504590407961,0.03313588078061146,0.013026766448206068,0.01,159,4,68
cast19,inv,15,0.01,active_cv,20,1210,951,0,0,0.0,0.07124655826226599,0.03313588078061146,0.013026766448206068,0.01,159,4,68
cast19,inv,15,0.01,weighted_cvl,20,1222,951,0,0,0.0,0.03313588078061146,0.03313588078061146,0.013026766448206068,0.01,159,4,68
cast19,inv,15,0.01,uniform,21,1462,964,0,0,0.0,0.6981321441800391,0.12416767669214142,0.05970575857227831,0.01,159,4,119
cast19,inv,15,0.01,uniform_nz,21,1415,964,0,0,0.0,0.4471592960230021,0.12416767669214142,0.05970575857227831,0.01,159,4,119
cast19,inv,15,0.01,weighted,21,1460,964,0,0,0.0,0.12416767669214142,0.12416767669214142,0.05970575857227831,0.01,159,4,119
cast19,inv,15,0.01,active_judge,21,1453,964,0,0,0.0,0.2664219028753063,0.12416767669214142,0.05970575857227831,0.01,159,4,119
cast19,inv,15,0.01,strat_pilot,21,1427,964,0,0,0.0,0.12429754612003582,0.12416767669214142,0.05970575857227831,0.01,159,4,119
cast19,inv,15,0.01,weighted_cv,21,1452,964,0,0,0.0,0.16759166733294106,0.12416767669214142,0.05970575857227831,0.01,159,4,119
cast19,inv,15,0.01,active_cv,21,1484,964,0,0,0.0,0.3741304317378441,0.12416767669214142,0.05970575857227831,0.01,159,4,119
cast19,inv,15,0.01,weighted_cvl,21,1440,964,1,0,0.0,0.12416767669214142,0.12416767669214142,0.05970575857227831,0.01,159,4,119
cast19,inv,15,0.01,uniform,22,1266,986,0,0,0.007286237375076887,0.573410572367923,0.050382833830705784,0.022666546014372093,0.002713762624923113,159,4,69
cast19,inv,15,0.01,uniform_nz,22,1248,986,0,0,0.007286237375076887,0.2079788268477445,0.050382833830705784,0.022666546014372093,0.002713762624923113,159,4,69
cast19,inv,15,0.01,weighted,22,1263,986,0,0,0.007286237375076887,0.050382833830705784,0.050382833830705784,0.022666546014372093,0.002713762624923113,159,4,69
cast19,inv,15,0.01,active_judge,22,1264,986,0,0,0.007286237375076887,0.12486281365830147,0.050382833830705784,0.022666546014372093,0.002713762624923113,159,4,69
cast19,inv,15,0.01,strat_pilot,22,1264,986,0,0,0.007286237375076887,0.050175128869114925,0.050382833830705784,0.022666546014372093,0.002713762624923113,159,4,69
cast19,inv,15,0.01,weighted_cv,22,1250,986,0,0,0.007286237375076887,0.0596795447032496,0.050382833830705784,0.022666546014372093,0.002713762624923113,159,4,69
cast19,inv,15,0.01,active_cv,22,1266,986,0,0,0.007286237375076887,0.13979203227640383,0.050382833830705784,0.022666546014372093,0.002713762624923113,159,4,69
cast19,inv,15,0.01,weighted_cvl,22,1250,986,0,0,0.007286237375076887,0.050382833830705784,0.050382833830705784,0.022666546014372093,0.002713762624923113,159,4,69
cast19,inv,15,0.01,uniform,23,1380,1028,0,0,0.0,0.5447660756953975,0.05485947320571072,0.023494584476934057,0.01,159,4,86
cast19,inv,15,0.01,uniform_nz,23,1363,1028,1,0,0.0,0.2925213963283677,0.05485947320571072,0.023494584476934057,0.01,159,4,86
cast19,inv,15,0.01,weighted,23,1379,1028,0,0,0.0,0.05485947320571072,0.05485947320571072,0.023494584476934057,0.01,159,4,86
cast19,inv,15,0.01,active_judge,23,1372,1028,0,0,0.0,0.13746272097235587,0.05485947320571072,0.023494584476934057,0.01,159,4,86
cast19,inv,15,0.01,strat_pilot,23,1393,1028,0,0,0.0,0.054763386120217625,0.05485947320571072,0.023494584476934057,0.01,159,4,86
cast19,inv,15,0.01,weighted_cv,23,1379,1028,0,0,0.0,0.07090753993884089,0.05485947320571072,0.023494584476934057,0.01,159,4,86
cast19,inv,15,0.01,active_cv,23,1367,1028,0,0,0.0,0.17226108814009328,0.05485947320571072,0.023494584476934057,0.01,159,4,86
cast19,inv,15,0.01,weighted_cvl,23,1377,1028,0,0,0.0,0.05485947320571072,0.05485947320571072,0.023494584476934057,0.01,159,4,86
cast19,inv,15,0.01,uniform,24,1521,1036,0,0,0.02629086423307092,0.11976026691259548,0.0678227952942436,0.017601560321542833,-0.01629086423307092,159,4,119
cast19,inv,15,0.01,uniform_nz,24,1536,1036,0,0,0.02629086423307092,0.07765430115529101,0.0678227952942436,0.017601560321542833,-0.01629086423307092,159,4,119
cast19,inv,15,0.01,weighted,24,1506,1036,0,0,0.02629086423307092,0.0678227952942436,0.0678227952942436,0.017601560321542833,-0.01629086423307092,159,4,119
cast19,inv,15,0.01,active_judge,24,1521,1036,0,0,0.02629086423307092,0.14886436241028894,0.0678227952942436,0.017601560321542833,-0.01629086423307092,159,4,119
cast19,inv,15,0.01,strat_pilot,24,1509,1036,0,0,0.02629086423307092,0.06800741647628068,0.0678227952942436,0.017601560321542833,-0.01629086423307092,159,4,119
cast19,inv,15,0.01,weighted_cv,24,1527,1036,0,0,0.02629086423307092,0.09246716609039,0.0678227952942436,0.017601560321542833,-0.01629086423307092,159,4,119
cast19,inv,15,0.01,active_cv,24,1502,1036,0,0,0.02629086423307092,0.215124661364449,0.0678227952942436,0.017601560321542833,-0.01629086423307092,159,4,119
cast19,inv,15,0.01,weighted_cvl,24,1509,1036,0,0,0.02629086423307092,0.0678227952942436,0.0678227952942436,0.017601560321542833,-0.01629086423307092,159,4,119
cast19,inv,15,0.01,uniform,25,1327,975,0,0,0.0,0.657901610839492,0.06247742076101372,0.016280158753068978,0.01,159,4,86
cast19,inv,15,0.01,uniform_nz,25,1324,975,0,0,0.0,0.26309910856186336,0.06247742076101372,0.016280158753068978,0.01,159,4,86
cast19,inv,15,0.01,weighted,25,1321,975,0,0,0.0,0.06247742076101372,0.06247742076101372,0.016280158753068978,0.01,159,4,86
cast19,inv,15,0.01,active_judge,25,1317,975,0,0,0.0,0.1659172059086867,0.06247742076101372,0.016280158753068978,0.01,159,4,86
cast19,inv,15,0.01,strat_pilot,25,1322,975,0,0,0.0,0.06248990189123482,0.06247742076101372,0.016280158753068978,0.01,159,4,86
cast19,inv,15,0.01,weighted_cv,25,1341,975,0,0,0.0,0.07875730334261517,0.06247742076101372,0.016280158753068978,0.01,159,4,86
cast19,inv,15,0.01,active_cv,25,1310,975,0,0,0.0,0.1883280459723155,0.06247742076101372,0.016280158753068978,0.01,159,4,86
cast19,inv,15,0.01,weighted_cvl,25,1304,975,0,0,0.0,0.06247742076101372,0.06247742076101372,0.016280158753068978,0.01,159,4,86
cast19,inv,15,0.01,uniform,26,1326,998,0,0,0.0,0.6563759818292244,0.08707169450350324,0.035524467011578326,0.01,159,4,86
cast19,inv,15,0.01,uniform_nz,26,1324,998,0,0,0.0,0.30258721065271227,0.08707169450350324,0.035524467011578326,0.01,159,4,86
cast19,inv,15,0.01,weighted,26,1346,998,0,0,0.0,0.08707169450350324,0.08707169450350324,0.035524467011578326,0.01,159,4,86
cast19,inv,15,0.01,active_judge,26,1339,998,0,0,0.0,0.17679209914801525,0.08707169450350324,0.035524467011578326,0.01,159,4,86
cast19,inv,15,0.01,strat_pilot,26,1333,998,0,0,0.0,0.08717200951637978,0.08707169450350324,0.035524467011578326,0.01,159,4,86
cast19,inv,15,0.01,weighted_cv,26,1355,998,0,0,0.0,0.09360633528360193,0.08707169450350324,0.035524467011578326,0.01,159,4,86
cast19,inv,15,0.01,active_cv,26,1342,998,0,0,0.0,0.1951473976334214,0.08707169450350324,0.035524467011578326,0.01,159,4,86
cast19,inv,15,0.01,weighted_cvl,26,1363,998,0,0,0.0,0.08707169450350324,0.08707169450350324,0.035524467011578326,0.01,159,4,86
cast19,inv,15,0.01,uniform,27,1488,1004,0,0,0.0,0.20911903432059456,0.08370156958744882,0.027472509038500424,0.01,159,4,119
cast19,inv,15,0.01,uniform_nz,27,1501,1004,0,0,0.0,0.1257666298640947,0.08370156958744882,0.027472509038500424,0.01,159,4,119
cast19,inv,15,0.01,weighted,27,1473,1004,0,0,0.0,0.08370156958744882,0.08370156958744882,0.027472509038500424,0.01,159,4,119
cast19,inv,15,0.01,active_judge,27,1466,1004,0,0,0.0,0.1693641044058793,0.08370156958744882,0.027472509038500424,0.01,159,4,119
cast19,inv,15,0.01,strat_pilot,27,1515,1004,0,0,0.0,0.08391247395316626,0.08370156958744882,0.027472509038500424,0.01,159,4,119
cast19,inv,15,0.01,weighted_cv,27,1470,1004,1,0,0.0,0.11748556966946225,0.08370156958744882,0.027472509038500424,0.01,159,4,119
cast19,inv,15,0.01,active_cv,27,1479,1004,0,0,0.0,0.2470525369014293,0.08370156958744882,0.027472509038500424,0.01,159,4,119
cast19,inv,15,0.01,weighted_cvl,27,1474,1004,0,0,0.0,0.08370156958744882,0.08370156958744882,0.027472509038500424,0.01,159,4,119
cast19,inv,15,0.01,uniform,28,1320,969,0,0,0.0,0.1925232470003185,0.06442918669145288,0.011544866597111179,0.01,159,4,86
cast19,inv,15,0.01,uniform_nz,28,1304,969,0,0,0.0,0.07433547844283478,0.06442918669145288,0.011544866597111179,0.01,159,4,86
cast19,inv,15,0.01,weighted,28,1323,969,0,0,0.0,0.06442918669145288,0.06442918669145288,0.011544866597111179,0.01,159,4,86
cast19,inv,15,0.01,active_judge,28,1301,969,0,0,0.0,0.17600343649569278,0.06442918669145288,0.011544866597111179,0.01,159,4,86
cast19,inv,15,0.01,strat_pilot,28,1316,969,0,0,0.0,0.06451469963900316,0.06442918669145288,0.011544866597111179,0.01,159,4,86
cast19,inv,15,0.01,weighted_cv,28,1326,969,1,0,0.0,0.0802759074911551,0.06442918669145288,0.011544866597111179,0.01,159,4,86
cast19,inv,15,0.01,active_cv,28,1318,969,1,0,0.0,0.20828698697975848,0.06442918669145288,0.011544866597111179,0.01,159,4,86
cast19,inv,15,0.01,weighted_cvl,28,1331,969,0,0,0.0,0.06442918669145288,0.06442918669145288,0.011544866597111179,0.01,159,4,86
cast19,inv,15,0.01,uniform,29,1388,1024,0,0,0.0,0.15374721167517102,0.043356652359483897,0.03606348988452905,0.01,159,4,86
cast19,inv,15,0.01,uniform_nz,29,1389,1024,0,0,0.0,0.055329225053251885,0.043356652359483897,0.03606348988452905,0.01,159,4,86
cast19,inv,15,0.01,weighted,29,1342,1024,0,0,0.0,0.043356652359483897,0.043356652359483897,0.03606348988452905,0.01,159,4,86
cast19,inv,15,0.01,active_judge,29,1340,1024,0,0,0.0,0.1203264559697036,0.043356652359483897,0.03606348988452905,0.01,159,4,86
cast19,inv,15,0.01,strat_pilot,29,1354,1024,0,0,0.0,0.04302984366847441,0.043356652359483897,0.03606348988452905,0.01,159,4,86
cast19,inv,15,0.01,weighted_cv,29,1362,1024,1,0,0.0,0.05974704677354801,0.043356652359483897,0.03606348988452905,0.01,159,4,86
cast19,inv,15,0.01,active_cv,29,1340,1024,0,0,0.0,0.14183957323471902,0.043356652359483897,0.03606348988452905,0.01,159,4,86
cast19,inv,15,0.01,weighted_cvl,29,1363,1024,0,0,0.0,0.043356652359483897,0.043356652359483897,0.03606348988452905,0.01,159,4,86
cast19,inv,15,0.01,uniform,30,1247,979,0,0,0.005882053198852377,0.3935407204999675,0.07305608824553099,0.021575386958429754,0.004117946801147623,159,4,73
cast19,inv,15,0.01,uniform_nz,30,1223,979,0,0,0.005882053198852377,0.14202475814877863,0.07305608824553099,0.021575386958429754,0.004117946801147623,159,4,73
cast19,inv,15,0.01,weighted,30,1263,979,0,0,0.005882053198852377,0.07305608824553099,0.07305608824553099,0.021575386958429754,0.004117946801147623,159,4,73
cast19,inv,15,0.01,active_judge,30,1266,979,0,0,0.005882053198852377,0.1510841397388494,0.07305608824553099,0.021575386958429754,0.004117946801147623,159,4,73
cast19,inv,15,0.01,strat_pilot,30,1266,979,0,0,0.005882053198852377,0.07305430472509769,0.07305608824553099,0.021575386958429754,0.004117946801147623,159,4,73
cast19,inv,15,0.01,weighted_cv,30,1253,979,0,0,0.005882053198852377,0.08219644863138473,0.07305608824553099,0.021575386958429754,0.004117946801147623,159,4,73
cast19,inv,15,0.01,active_cv,30,1269,979,0,0,0.005882053198852377,0.16838530121911793,0.07305608824553099,0.021575386958429754,0.004117946801147623,159,4,73
cast19,inv,15,0.01,weighted_cvl,30,1246,979,0,0,0.005882053198852377,0.07305608824553099,0.07305608824553099,0.021575386958429754,0.004117946801147623,159,4,73
cast19,inv,15,0.01,uniform,31,1303,960,0,0,0.0,0.08907387602610575,0.03394743678469754,0.021966326849453773,0.01,159,4,86
cast19,inv,15,0.01,uniform_nz,31,1334,960,0,0,0.0,0.037489793241297344,0.03394743678469754,0.021966326849453773,0.01,159,4,86
cast19,inv,15,0.01,weighted,31,1339,960,0,0,0.0,0.03394743678469754,0.03394743678469754,0.021966326849453773,0.01,159,4,86
cast19,inv,15,0.01,active_judge,31,1308,960,0,0,0.0,0.0795133473326968,0.03394743678469754,0.021966326849453773,0.01,159,4,86
cast19,inv,15,0.01,strat_pilot,31,1303,960,0,0,0.0,0.033633736366811454,0.03394743678469754,0.021966326849453773,0.01,159,4,86
cast19,inv,15,0.01,weighted_cv,31,1295,960,0,0,0.0,0.04307672068447637,0.03394743678469754,0.021966326849453773,0.01,159,4,86
cast19,inv,15,0.01,active_cv,31,1300,960,0,0,0.0,0.08974634347317167,0.03394743678469754,0.021966326849453773,0.01,159,4,86
cast19,inv,15,0.01,weighted_cvl,31,1297,960,0,0,0.0,0.03394743678469754,0.03394743678469754,0.021966326849453773,0.01,159,4,86
cast19,inv,15,0.01,uniform,32,1286,944,0,0,0.0,0.28881061447290746,0.07281376064197673,0.027661771564635354,0.01,159,4,86
cast19,inv,15,0.01,uniform_nz,32,1295,944,0,0,0.0,0.10605449613291744,0.07281376064197673,0.027661771564635354,0.01,159,4,86
cast19,inv,15,0.01,weighted,32,1278,944,0,0,0.0,0.07281376064197673,0.07281376064197673,0.027661771564635354,0.01,159,4,86
cast19,inv,15,0.01,active_judge,32,1301,944,0,0,0.0,0.1559552040572448,0.07281376064197673,0.027661771564635354,0.01,159,4,86
cast19,inv,15,0.01,strat_pilot,32,1317,944,0,0,0.0,0.07282756582803591,0.07281376064197673,0.027661771564635354,0.01,159,4,86
cast19,inv,15,0.01,weighted_cv,32,1285,944,0,0,0.0,0.08736045469786288,0.07281376064197673,0.027661771564635354,0.01,159,4,86
cast19,inv,15,0.01,active_cv,32,1303,944,0,0,0.0,0.18101871651560314,0.07281376064197673,0.027661771564635354,0.01,159,4,86
cast19,inv,15,0.01,weighted_cvl,32,1327,944,0,0,0.0,0.07281376064197673,0.07281376064197673,0.027661771564635354,0.01,159,4,86
cast19,inv,15,0.01,uniform,33,1305,1006,0,0,0.01767179559135612,0.189382455005547,0.04560437527575615,0.014504088169873705,-0.007671795591356121,159,4,86
cast19,inv,15,0.01,uniform_nz,33,1347,1006,0,0,0.01767179559135612,0.09563913320986861,0.04560437527575615,0.014504088169873705,-0.007671795591356121,159,4,86
cast19,inv,15,0.01,weighted,33,1349,1006,0,0,0.01767179559135612,0.04560437527575615,0.04560437527575615,0.014504088169873705,-0.007671795591356121,159,4,86
cast19,inv,15,0.01,active_judge,33,1349,1006,0,0,0.01767179559135612,0.09467515922337205,0.04560437527575615,0.014504088169873705,-0.007671795591356121,159,4,86
cast19,inv,15,0.01,strat_pilot,33,1337,1006,0,0,0.01767179559135612,0.045583288786764806,0.04560437527575615,0.014504088169873705,-0.007671795591356121,159,4,86
cast19,inv,15,0.01,weighted_cv,33,1350,1006,0,0,0.01767179559135612,0.05682211883504791,0.04560437527575615,0.014504088169873705,-0.007671795591356121,159,4,86
cast19,inv,15,0.01,active_cv,33,1329,1006,0,0,0.01767179559135612,0.11285997429174624,0.04560437527575615,0.014504088169873705,-0.007671795591356121,159,4,86
cast19,inv,15,0.01,weighted_cvl,33,1349,1006,0,0,0.01767179559135612,0.04560600393569593,0.04560437527575615,0.014504088169873705,-0.007671795591356121,159,4,86
cast19,inv,15,0.01,uniform,34,1300,976,0,0,0.0,0.2982828691664975,0.026429343576991542,0.013076557646149766,0.01,159,4,86
cast19,inv,15,0.01,uniform_nz,34,1306,976,0,0,0.0,0.1208222400719483,0.026429343576991542,0.013076557646149766,0.01,159,4,86
cast19,inv,15,0.01,weighted,34,1322,976,0,0,0.0,0.026429343576991542,0.026429343576991542,0.013076557646149766,0.01,159,4,86
cast19,inv,15,0.01,active_judge,34,1345,976,0,0,0.0,0.09043143158378449,0.026429343576991542,0.013076557646149766,0.01,159,4,86
cast19,inv,15,0.01,strat_pilot,34,1315,976,0,0,0.0,0.02638117527014259,0.026429343576991542,0.013076557646149766,0.01,159,4,86
cast19,inv,15,0.01,weighted_cv,34,1350,976,0,0,0.0,0.03284539689849521,0.026429343576991542,0.013076557646149766,0.01,159,4,86
cast19,inv,15,0.01,active_cv,34,1342,976,0,0,0.0,0.11202446102458803,0.026429343576991542,0.013076557646149766,0.01,159,4,86
cast19,inv,15,0.01,weighted_cvl,34,1308,976,0,0,0.0,0.026429343576991542,0.026429343576991542,0.013076557646149766,0.01,159,4,86
cast19,inv,15,0.01,uniform,35,1403,1062,0,0,0.007533532603969939,0.16980284275834612,0.04737753934505057,0.04810398162570394,0.002466467396030061,159,4,86
cast19,inv,15,0.01,uniform_nz,35,1398,1062,0,0,0.007533532603969939,0.07311291769527636,0.04737753934505057,0.04810398162570394,0.002466467396030061,159,4,86
cast19,inv,15,0.01,weighted,35,1391,1062,0,0,0.007533532603969939,0.04737753934505057,0.04737753934505057,0.04810398162570394,0.002466467396030061,159,4,86
cast19,inv,15,0.01,active_judge,35,1398,1062,0,0,0.007533532603969939,0.17913203720039386,0.04737753934505057,0.04810398162570394,0.002466467396030061,159,4,86
cast19,inv,15,0.01,strat_pilot,35,1411,1062,0,0,0.007533532603969939,0.047233749229893984,0.04737753934505057,0.04810398162570394,0.002466467396030061,159,4,86
cast19,inv,15,0.01,weighted_cv,35,1410,1062,0,0,0.007533532603969939,0.05916147823106018,0.04737753934505057,0.04810398162570394,0.002466467396030061,159,4,86
cast19,inv,15,0.01,active_cv,35,1408,1062,0,0,0.007533532603969939,0.19989429137181589,0.04737753934505057,0.04810398162570394,0.002466467396030061,159,4,86
cast19,inv,15,0.01,weighted_cvl,35,1413,1062,0,0,0.007533532603969939,0.04737753934505057,0.04737753934505057,0.04810398162570394,0.002466467396030061,159,4,86
cast19,inv,15,0.01,uniform,36,1512,1046,0,0,0.0,0.8419473890256391,0.06483104679194225,0.05440805856860543,0.01,159,4,119
cast19,inv,15,0.01,uniform_nz,36,1537,1046,0,0,0.0,0.5216733225886333,0.06483104679194225,0.05440805856860543,0.01,159,4,119
cast19,inv,15,0.01,weighted,36,1513,1046,0,0,0.0,0.06483104679194225,0.06483104679194225,0.05440805856860543,0.01,159,4,119
cast19,inv,15,0.01,active_judge,36,1528,1046,0,0,0.0,0.19746571947176123,0.06483104679194225,0.05440805856860543,0.01,159,4,119
cast19,inv,15,0.01,strat_pilot,36,1544,1046,0,0,0.0,0.06519175000872875,0.06483104679194225,0.05440805856860543,0.01,159,4,119
cast19,inv,15,0.01,weighted_cv,36,1540,1046,0,0,0.0,0.10127703588287504,0.06483104679194225,0.05440805856860543,0.01,159,4,119
cast19,inv,15,0.01,active_cv,36,1506,1046,0,0,0.0,0.3041101232728062,0.06483104679194225,0.05440805856860543,0.01,159,4,119
cast19,inv,15,0.01,weighted_cvl,36,1526,1046,0,0,0.0,0.06483104679194225,0.06483104679194225,0.05440805856860543,0.01,159,4,119
cast19,inv,15,0.01,uniform,37,1306,1030,0,0,0.0,0.4786160565095122,0.04225660923353765,0.03727826911650442,0.01,159,4,68
cast19,inv,15,0.01,uniform_nz,37,1287,1030,0,0,0.0,0.12181049659732908,0.04225660923353765,0.03727826911650442,0.01,159,4,68
cast19,inv,15,0.01,weighted,37,1304,1030,0,0,0.0,0.04225660923353765,0.04225660923353765,0.03727826911650442,0.01,159,4,68
cast19,inv,15,0.01,active_judge,37,1307,1030,0,0,0.0,0.1393762672943694,0.04225660923353765,0.03727826911650442,0.01,159,4,68
cast19,inv,15,0.01,strat_pilot,37,1309,1030,0,0,0.0,0.04182741307433966,0.04225660923353765,0.03727826911650442,0.01,159,4,68
cast19,inv,15,0.01,weighted_cv,37,1307,1030,0,0,0.0,0.05497519704687202,0.04225660923353765,0.03727826911650442,0.01,159,4,68
cast19,inv,15,0.01,active_cv,37,1279,1030,0,0,0.0,0.157010957107124,0.04225660923353765,0.03727826911650442,0.01,159,4,68
cast19,inv,15,0.01,weighted_cvl,37,1284,1030,0,0,0.0,0.04225660923353765,0.04225660923353765,0.03727826911650442,0.01,159,4,68
cast19,inv,15,0.01,uniform,38,1341,992,0,0,0.012143205678447566,0.12482524107292514,0.03931419327256399,0.020576640515225772,-0.002143205678447566,159,4,86
cast19,inv,15,0.01,uniform_nz,38,1317,992,0,0,0.012143205678447566,0.051966363984290054,0.03931419327256399,0.020576640515225772,-0.002143205678447566,159,4,86
cast19,inv,15,0.01,weighted,38,1371,992,1,1,0.012143205678447566,0.03931419327256399,0.03931419327256399,0.020576640515225772,-0.002143205678447566,159,4,86
cast19,inv,15,0.01,active_judge,38,1331,992,0,0,0.012143205678447566,0.08636359564437796,0.03931419327256399,0.020576640515225772,-0.002143205678447566,159,4,86
cast19,inv,15,0.01,strat_pilot,38,1351,992,0,0,0.012143205678447566,0.039309003390507094,0.03931419327256399,0.020576640515225772,-0.002143205678447566,159,4,86
cast19,inv,15,0.01,weighted_cv,38,1337,992,0,0,0.012143205678447566,0.04040098555618144,0.03931419327256399,0.020576640515225772,-0.002143205678447566,159,4,86
cast19,inv,15,0.01,active_cv,38,1348,992,0,0,0.012143205678447566,0.09079857459127802,0.03931419327256399,0.020576640515225772,-0.002143205678447566,159,4,86
cast19,inv,15,0.01,weighted_cvl,38,1358,992,0,0,0.012143205678447566,0.03931252229210991,0.03931419327256399,0.020576640515225772,-0.002143205678447566,159,4,86
cast19,inv,15,0.01,uniform,39,1311,976,0,0,0.00041237729957499525,0.4255989482659991,0.07161359564819617,0.014540284062342895,0.009587622700425005,159,4,86
cast19,inv,15,0.01,uniform_nz,39,1318,976,0,0,0.00041237729957499525,0.16929545801995058,0.07161359564819617,0.014540284062342895,0.009587622700425005,159,4,86
cast19,inv,15,0.01,weighted,39,1352,976,0,0,0.00041237729957499525,0.07161359564819617,0.07161359564819617,0.014540284062342895,0.009587622700425005,159,4,86
cast19,inv,15,0.01,active_judge,39,1313,976,0,0,0.00041237729957499525,0.17758490557151949,0.07161359564819617,0.014540284062342895,0.009587622700425005,159,4,86
cast19,inv,15,0.01,strat_pilot,39,1323,976,0,0,0.00041237729957499525,0.07163063899269606,0.07161359564819617,0.014540284062342895,0.009587622700425005,159,4,86
cast19,inv,15,0.01,weighted_cv,39,1337,976,0,0,0.00041237729957499525,0.0869294701462511,0.07161359564819617,0.014540284062342895,0.009587622700425005,159,4,86
cast19,inv,15,0.01,active_cv,39,1334,976,0,0,0.00041237729957499525,0.21100793255519576,0.07161359564819617,0.014540284062342895,0.009587622700425005,159,4,86
cast19,inv,15,0.01,weighted_cvl,39,1299,976,0,0,0.00041237729957499525,0.07161359564819617,0.07161359564819617,0.014540284062342895,0.009587622700425005,159,4,86
cast19,inv,15,0.01,uniform,40,1285,940,0,0,0.012944382876299843,0.09920275648310192,0.04084555425338132,0.014654150877464888,-0.0029443828762998423,159,4,86
cast19,inv,15,0.01,uniform_nz,40,1300,940,0,0,0.012944382876299843,0.04872711615802601,0.04084555425338132,0.014654150877464888,-0.0029443828762998423,159,4,86
cast19,inv,15,0.01,weighted,40,1266,940,0,0,0.012944382876299843,0.04084555425338132,0.04084555425338132,0.014654150877464888,-0.0029443828762998423,159,4,86
cast19,inv,15,0.01,active_judge,40,1293,940,0,0,0.012944382876299843,0.10510239484255826,0.04084555425338132,0.014654150877464888,-0.0029443828762998423,159,4,86
cast19,inv,15,0.01,strat_pilot,40,1278,940,0,0,0.012944382876299843,0.040846851239292825,0.04084555425338132,0.014654150877464888,-0.0029443828762998423,159,4,86
cast19,inv,15,0.01,weighted_cv,40,1243,940,0,0,0.012944382876299843,0.04795835751007589,0.04084555425338132,0.014654150877464888,-0.0029443828762998423,159,4,86
cast19,inv,15,0.01,active_cv,40,1287,940,0,0,0.012944382876299843,0.11952739309094822,0.04084555425338132,0.014654150877464888,-0.0029443828762998423,159,4,86
cast19,inv,15,0.01,weighted_cvl,40,1295,940,0,0,0.012944382876299843,0.04084555425338132,0.04084555425338132,0.014654150877464888,-0.0029443828762998423,159,4,86
cast19,inv,15,0.01,uniform,41,1365,1011,0,0,0.007699542318434616,0.10378094247758676,0.0433848760157064,0.030406332959839466,0.0023004576815653845,159,4,86
cast19,inv,15,0.01,uniform_nz,41,1347,1011,0,0,0.007699542318434616,0.05021463490546515,0.0433848760157064,0.030406332959839466,0.0023004576815653845,159,4,86
cast19,inv,15,0.01,weighted,41,1363,1011,0,0,0.007699542318434616,0.0433848760157064,0.0433848760157064,0.030406332959839466,0.0023004576815653845,159,4,86
cast19,inv,15,0.01,active_judge,41,1395,1011,0,0,0.007699542318434616,0.08003729230986337,0.0433848760157064,0.030406332959839466,0.0023004576815653845,159,4,86
cast19,inv,15,0.01,strat_pilot,41,1350,1011,0,0,0.007699542318434616,0.043386445333852254,0.0433848760157064,0.030406332959839466,0.0023004576815653845,159,4,86
cast19,inv,15,0.01,weighted_cv,41,1337,1011,0,0,0.007699542318434616,0.05090175065298895,0.0433848760157064,0.030406332959839466,0.0023004576815653845,159,4,86
cast19,inv,15,0.01,active_cv,41,1387,1011,0,0,0.007699542318434616,0.0891408754436021,0.0433848760157064,0.030406332959839466,0.0023004576815653845,159,4,86
cast19,inv,15,0.01,weighted_cvl,41,1363,1011,0,0,0.007699542318434616,0.043772772004067116,0.0433848760157064,0.030406332959839466,0.0023004576815653845,159,4,86
cast19,inv,15,0.01,uniform,42,1370,1040,0,0,0.008563041676616034,0.23112969599853228,0.07506882094352996,0.027773286225298607,0.0014369583233839658,159,4,86
cast19,inv,15,0.01,uniform_nz,42,1398,1040,0,0,0.008563041676616034,0.09500189944080036,0.07506882094352996,0.027773286225298607,0.0014369583233839658,159,4,86
cast19,inv,15,0.01,weighted,42,1384,1040,0,0,0.008563041676616034,0.07506882094352996,0.07506882094352996,0.027773286225298607,0.0014369583233839658,159,4,86
cast19,inv,15,0.01,active_judge,42,1413,1040,0,0,0.008563041676616034,0.15950023735647106,0.07506882094352996,0.027773286225298607,0.0014369583233839658,159,4,86
cast19,inv,15,0.01,strat_pilot,42,1358,1040,0,0,0.008563041676616034,0.07503823149452518,0.07506882094352996,0.027773286225298607,0.0014369583233839658,159,4,86
cast19,inv,15,0.01,weighted_cv,42,1391,1040,0,0,0.008563041676616034,0.08742086621765147,0.07506882094352996,0.027773286225298607,0.0014369583233839658,159,4,86
cast19,inv,15,0.01,active_cv,42,1389,1040,0,0,0.008563041676616034,0.19043801425238818,0.07506882094352996,0.027773286225298607,0.0014369583233839658,159,4,86
cast19,inv,15,0.01,weighted_cvl,42,1394,1040,0,0,0.008563041676616034,0.07506882094352996,0.07506882094352996,0.027773286225298607,0.0014369583233839658,159,4,86
cast19,inv,15,0.01,uniform,43,1499,999,0,0,0.0,0.680343434562438,0.13167818416560567,0.014847220558117047,0.01,159,4,119
cast19,inv,15,0.01,uniform_nz,43,1452,999,0,0,0.0,0.42308270361075556,0.13167818416560567,0.014847220558117047,0.01,159,4,119
cast19,inv,15,0.01,weighted,43,1499,999,0,0,0.0,0.13167818416560567,0.13167818416560567,0.014847220558117047,0.01,159,4,119
cast19,inv,15,0.01,active_judge,43,1500,999,0,0,0.0,0.29862724241875316,0.13167818416560567,0.014847220558117047,0.01,159,4,119
cast19,inv,15,0.01,strat_pilot,43,1484,999,0,0,0.0,0.13170603877067766,0.13167818416560567,0.014847220558117047,0.01,159,4,119
cast19,inv,15,0.01,weighted_cv,43,1442,999,1,0,0.0,0.17166754529370676,0.13167818416560567,0.014847220558117047,0.01,159,4,119
cast19,inv,15,0.01,active_cv,43,1501,999,0,0,0.0,0.3713636959599126,0.13167818416560567,0.014847220558117047,0.01,159,4,119
cast19,inv,15,0.01,weighted_cvl,43,1497,999,0,0,0.0,0.13167818416560567,0.13167818416560567,0.014847220558117047,0.01,159,4,119
cast19,inv,15,0.01,uniform,44,1290,954,0,0,0.009912832201223798,0.21628007636845448,0.08315369094183751,0.022822558282192824,8.716779877620227e-05,159,4,86
cast19,inv,15,0.01,uniform_nz,44,1298,954,0,0,0.009912832201223798,0.10975331758566606,0.08315369094183751,0.022822558282192824,8.716779877620227e-05,159,4,86
cast19,inv,15,0.01,weighted,44,1293,954,0,0,0.009912832201223798,0.08315369094183751,0.08315369094183751,0.022822558282192824,8.716779877620227e-05,159,4,86
cast19,inv,15,0.01,active_judge,44,1276,954,0,0,0.009912832201223798,0.14715059896936325,0.08315369094183751,0.022822558282192824,8.716779877620227e-05,159,4,86
cast19,inv,15,0.01,strat_pilot,44,1322,954,0,0,0.009912832201223798,0.0831961305644414,0.08315369094183751,0.022822558282192824,8.716779877620227e-05,159,4,86
cast19,inv,15,0.01,weighted_cv,44,1316,954,0,0,0.009912832201223798,0.09644106732391584,0.08315369094183751,0.022822558282192824,8.716779877620227e-05,159,4,86
cast19,inv,15,0.01,active_cv,44,1294,954,0,0,0.009912832201223798,0.17591453717343147,0.08315369094183751,0.022822558282192824,8.716779877620227e-05,159,4,86
cast19,inv,15,0.01,weighted_cvl,44,1309,954,0,0,0.009912832201223798,0.08315369094183751,0.08315369094183751,0.022822558282192824,8.716779877620227e-05,159,4,86
cast19,inv,15,0.01,uniform,45,1508,1039,0,0,0.0,0.8150379691764673,0.11052001955841602,0.04789963400509907,0.01,159,4,119
cast19,inv,15,0.01,uniform_nz,45,1504,1039,0,0,0.0,0.6270525432779652,0.11052001955841602,0.04789963400509907,0.01,159,4,119
cast19,inv,15,0.01,weighted,45,1498,1039,0,0,0.0,0.11052001955841602,0.11052001955841602,0.04789963400509907,0.01,159,4,119
cast19,inv,15,0.01,active_judge,45,1516,1039,0,0,0.0,0.2135574666250915,0.11052001955841602,0.04789963400509907,0.01,159,4,119
cast19,inv,15,0.01,strat_pilot,45,1522,1039,0,0,0.0,0.11051254084444659,0.11052001955841602,0.04789963400509907,0.01,159,4,119
cast19,inv,15,0.01,weighted_cv,45,1530,1039,0,0,0.0,0.13171941323885022,0.11052001955841602,0.04789963400509907,0.01,159,4,119
cast19,inv,15,0.01,active_cv,45,1543,1039,0,0,0.0,0.2720321830597593,0.11052001955841602,0.04789963400509907,0.01,159,4,119
cast19,inv,15,0.01,weighted_cvl,45,1570,1039,0,0,0.0,0.11052001955841602,0.11052001955841602,0.04789963400509907,0.01,159,4,119
cast19,inv,15,0.01,uniform,46,1496,1028,0,0,0.011706903271127556,0.24229643232725812,0.1087649595348568,0.03612787295569938,-0.0017069032711275554,159,4,119
cast19,inv,15,0.01,uniform_nz,46,1479,1028,0,0,0.011706903271127556,0.14713206494611392,0.1087649595348568,0.03612787295569938,-0.0017069032711275554,159,4,119
cast19,inv,15,0.01,weighted,46,1487,1028,0,0,0.011706903271127556,0.1087649595348568,0.1087649595348568,0.03612787295569938,-0.0017069032711275554,159,4,119
cast19,inv,15,0.01,active_judge,46,1483,1028,0,0,0.011706903271127556,0.23367775792123782,0.1087649595348568,0.03612787295569938,-0.0017069032711275554,159,4,119
cast19,inv,15,0.01,strat_pilot,46,1503,1028,0,0,0.011706903271127556,0.1088715164637863,0.1087649595348568,0.03612787295569938,-0.0017069032711275554,159,4,119
cast19,inv,15,0.01,weighted_cv,46,1505,1028,0,0,0.011706903271127556,0.13087975210661815,0.1087649595348568,0.03612787295569938,-0.0017069032711275554,159,4,119
cast19,inv,15,0.01,active_cv,46,1502,1028,0,0,0.011706903271127556,0.3479084693837831,0.1087649595348568,0.03612787295569938,-0.0017069032711275554,159,4,119
cast19,inv,15,0.01,weighted_cvl,46,1525,1028,0,0,0.011706903271127556,0.11044388921988701,0.1087649595348568,0.03612787295569938,-0.0017069032711275554,159,4,119
cast19,inv,15,0.01,uniform,47,1432,966,0,0,0.0,0.4912139266346188,0.12491892232480409,0.02274552284735351,0.01,159,4,119
cast19,inv,15,0.01,uniform_nz,47,1444,966,0,0,0.0,0.3026062178507685,0.12491892232480409,0.02274552284735351,0.01,159,4,119
cast19,inv,15,0.01,weighted,47,1445,966,0,0,0.0,0.12491892232480409,0.12491892232480409,0.02274552284735351,0.01,159,4,119
cast19,inv,15,0.01,active_judge,47,1453,966,0,0,0.0,0.25109423863064906,0.12491892232480409,0.02274552284735351,0.01,159,4,119
cast19,inv,15,0.01,strat_pilot,47,1473,966,0,0,0.0,0.12498069197477206,0.12491892232480409,0.02274552284735351,0.01,159,4,119
cast19,inv,15,0.01,weighted_cv,47,1422,966,0,0,0.0,0.15679657908821115,0.12491892232480409,0.02274552284735351,0.01,159,4,119
cast19,inv,15,0.01,active_cv,47,1447,966,0,0,0.0,0.3062443917875598,0.12491892232480409,0.02274552284735351,0.01,159,4,119
cast19,inv,15,0.01,weighted_cvl,47,1423,966,0,0,0.0,0.12491892232480409,0.12491892232480409,0.02274552284735351,0.01,159,4,119
cast19,inv,15,0.01,uniform,48,1263,936,0,0,0.0,0.17231228852167835,0.05632832198994584,0.015279378931468718,0.01,159,4,86
cast19,inv,15,0.01,uniform_nz,48,1262,936,0,0,0.0,0.07632330013249763,0.05632832198994584,0.015279378931468718,0.01,159,4,86
cast19,inv,15,0.01,weighted,48,1284,936,0,0,0.0,0.05632832198994584,0.05632832198994584,0.015279378931468718,0.01,159,4,86
cast19,inv,15,0.01,active_judge,48,1275,936,0,0,0.0,0.12893195267048146,0.05632832198994584,0.015279378931468718,0.01,159,4,86
cast19,inv,15,0.01,strat_pilot,48,1263,936,1,0,0.0,0.0562236642650341,0.05632832198994584,0.015279378931468718,0.01,159,4,86
cast19,inv,15,0.01,weighted_cv,48,1306,936,0,0,0.0,0.06881634526771066,0.05632832198994584,0.015279378931468718,0.01,159,4,86
cast19,inv,15,0.01,active_cv,48,1289,936,0,0,0.0,0.14899012574449522,0.05632832198994584,0.015279378931468718,0.01,159,4,86
cast19,inv,15,0.01,weighted_cvl,48,1279,936,0,0,0.0,0.05632832198994584,0.05632832198994584,0.015279378931468718,0.01,159,4,86
cast19,inv,15,0.01,uniform,49,1291,939,0,0,0.0008973792106238276,0.36544798150058194,0.07359936047285753,0.034685745111441714,0.009102620789376173,159,4,86
cast19,inv,15,0.01,uniform_nz,49,1306,939,0,0,0.0008973792106238276,0.14533609069114,0.07359936047285753,0.034685745111441714,0.009102620789376173,159,4,86
cast19,inv,15,0.01,weighted,49,1270,939,0,0,0.0008973792106238276,0.07359936047285753,0.07359936047285753,0.034685745111441714,0.009102620789376173,159,4,86
cast19,inv,15,0.01,active_judge,49,1267,939,0,0,0.0008973792106238276,0.23721967423073392,0.07359936047285753,0.034685745111441714,0.009102620789376173,159,4,86
cast19,inv,15,0.01,strat_pilot,49,1298,939,0,0,0.0008973792106238276,0.0735956802232161,0.07359936047285753,0.034685745111441714,0.009102620789376173,159,4,86
cast19,inv,15,0.01,weighted_cv,49,1304,939,0,0,0.0008973792106238276,0.08385512780468313,0.07359936047285753,0.034685745111441714,0.009102620789376173,159,4,86
cast19,inv,15,0.01,active_cv,49,1302,939,0,0,0.0008973792106238276,0.25322190235230435,0.07359936047285753,0.034685745111441714,0.009102620789376173,159,4,86
cast19,inv,15,0.01,weighted_cvl,49,1270,939,0,0,0.0008973792106238276,0.07359936047285753,0.07359936047285753,0.034685745111441714,0.009102620789376173,159,4,86
cast19,inv,15,0.01,uniform,50,1442,1004,0,0,0.007560759046290777,0.23869745667767708,0.09816082951797575,0.02516262149354387,0.002439240953709223,159,4,119
cast19,inv,15,0.01,uniform_nz,50,1477,1004,0,0,0.007560759046290777,0.14916974055668733,0.09816082951797575,0.02516262149354387,0.002439240953709223,159,4,119
cast19,inv,15,0.01,weighted,50,1471,1004,0,0,0.007560759046290777,0.09816082951797575,0.09816082951797575,0.02516262149354387,0.002439240953709223,159,4,119
cast19,inv,15,0.01,active_judge,50,1485,1004,0,0,0.007560759046290777,0.26455967164494254,0.09816082951797575,0.02516262149354387,0.002439240953709223,159,4,119
cast19,inv,15,0.01,strat_pilot,50,1448,1004,0,0,0.007560759046290777,0.09823004908684001,0.09816082951797575,0.02516262149354387,0.002439240953709223,159,4,119
cast19,inv,15,0.01,weighted_cv,50,1476,1004,0,0,0.007560759046290777,0.11804545227423957,0.09816082951797575,0.02516262149354387,0.002439240953709223,159,4,119
cast19,inv,15,0.01,active_cv,50,1458,1004,1,0,0.007560759046290777,0.3214026209640938,0.09816082951797575,0.02516262149354387,0.002439240953709223,159,4,119
cast19,inv,15,0.01,weighted_cvl,50,1501,1004,0,0,0.007560759046290777,0.09816082951797575,0.09816082951797575,0.02516262149354387,0.002439240953709223,159,4,119
cast19,inv,15,0.01,uniform,51,1487,1038,0,0,0.0,0.18492511738180434,0.09807170095060977,0.02015901605458433,0.01,159,4,119
cast19,inv,15,0.01,uniform_nz,51,1518,1038,0,0,0.0,0.12484461376117015,0.09807170095060977,0.02015901605458433,0.01,159,4,119
cast19,inv,15,0.01,weighted,51,1509,1038,0,0,0.0,0.09807170095060977,0.09807170095060977,0.02015901605458433,0.01,159,4,119
cast19,inv,15,0.01,active_judge,51,1537,1038,0,0,0.0,0.17452589492397735,0.09807170095060977,0.02015901605458433,0.01,159,4,119
cast19,inv,15,0.01,strat_pilot,51,1551,1038,1,0,0.0,0.09810131464300689,0.09807170095060977,0.02015901605458433,0.01,159,4,119
cast19,inv,15,0.01,weighted_cv,51,1514,1038,0,0,0.0,0.12928488117670733,0.09807170095060977,0.02015901605458433,0.01,159,4,119
cast19,inv,15,0.01,active_cv,51,1509,1038,0,0,0.0,0.21907888027487282,0.09807170095060977,0.02015901605458433,0.01,159,4,119
cast19,inv,15,0.01,weighted_cvl,51,1516,1038,0,0,0.0,0.09807170095060977,0.09807170095060977,0.02015901605458433,0.01,159,4,119
cast19,inv,15,0.01,uniform,52,1426,957,0,0,0.004049445771621751,0.23986590578886235,0.09602068665623824,0.0011284074972155514,0.005950554228378249,159,4,119
cast19,inv,15,0.01,uniform_nz,52,1460,957,0,0,0.004049445771621751,0.14717295975359013,0.09602068665623824,0.0011284074972155514,0.005950554228378249,159,4,119
cast19,inv,15,0.01,weighted,52,1428,957,1,0,0.004049445771621751,0.09602068665623824,0.09602068665623824,0.0011284074972155514,0.005950554228378249,159,4,119
cast19,inv,15,0.01,active_judge,52,1461,957,0,0,0.004049445771621751,0.2140022518843061,0.09602068665623824,0.0011284074972155514,0.005950554228378249,159,4,119
cast19,inv,15,0.01,strat_pilot,52,1427,957,0,0,0.004049445771621751,0.09599509385034624,0.09602068665623824,0.0011284074972155514,0.005950554228378249,159,4,119
cast19,inv,15,0.01,weighted_cv,52,1407,957,0,0,0.004049445771621751,0.12897818882536274,0.09602068665623824,0.0011284074972155514,0.005950554228378249,159,4,119
cast19,inv,15,0.01,active_cv,52,1444,957,0,0,0.004049445771621751,0.3040059369431047,0.09602068665623824,0.0011284074972155514,0.005950554228378249,159,4,119
cast19,inv,15,0.01,weighted_cvl,52,1417,957,0,0,0.004049445771621751,0.09602068665623824,0.09602068665623824,0.0011284074972155514,0.005950554228378249,159,4,119
cast19,inv,15,0.01,uniform,53,1191,935,0,0,0.0,0.28531698304365083,0.022072125486220874,0.03703674335640281,0.01,159,4,68
cast19,inv,15,0.01,uniform_nz,53,1200,935,0,0,0.0,0.07317708981339577,0.022072125486220874,0.03703674335640281,0.01,159,4,68
cast19,inv,15,0.01,weighted,53,1208,935,0,0,0.0,0.022072125486220874,0.022072125486220874,0.03703674335640281,0.01,159,4,68
cast19,inv,15,0.01,active_judge,53,1209,935,0,0,0.0,0.06362571203231239,0.022072125486220874,0.03703674335640281,0.01,159,4,68
cast19,inv,15,0.01,strat_pilot,53,1226,935,0,0,0.0,0.021963290086524957,0.022072125486220874,0.03703674335640281,0.01,159,4,68
cast19,inv,15,0.01,weighted_cv,53,1207,935,0,0,0.0,0.029616630568882408,0.022072125486220874,0.03703674335640281,0.01,159,4,68
cast19,inv,15,0.01,active_cv,53,1226,935,0,0,0.0,0.07385393505308277,0.022072125486220874,0.03703674335640281,0.01,159,4,68
cast19,inv,15,0.01,weighted_cvl,53,1197,935,0,0,0.0,0.024883816396457595,0.022072125486220874,0.03703674335640281,0.01,159,4,68
cast19,inv,15,0.01,uniform,54,1350,1000,0,0,0.0,0.18794191000065907,0.058358592538490704,0.029899096971364433,0.01,159,4,86
cast19,inv,15,0.01,uniform_nz,54,1321,1000,0,0,0.0,0.07079492557832771,0.058358592538490704,0.029899096971364433,0.01,159,4,86
cast19,inv,15,0.01,weighted,54,1336,1000,0,0,0.0,0.058358592538490704,0.058358592538490704,0.029899096971364433,0.01,159,4,86
cast19,inv,15,0.01,active_judge,54,1343,1000,0,0,0.0,0.14179695820299038,0.058358592538490704,0.029899096971364433,0.01,159,4,86
cast19,inv,15,0.01,strat_pilot,54,1346,1000,0,0,0.0,0.058260927497236346,0.058358592538490704,0.029899096971364433,0.01,159,4,86
cast19,inv,15,0.01,weighted_cv,54,1325,1000,0,0,0.0,0.06754117356176743,0.058358592538490704,0.029899096971364433,0.01,159,4,86
cast19,inv,15,0.01,active_cv,54,1359,1000,0,0,0.0,0.15516725340064688,0.058358592538490704,0.029899096971364433,0.01,159,4,86
cast19,inv,15,0.01,weighted_cvl,54,1364,1000,0,0,0.0,0.05843509574280169,0.058358592538490704,0.029899096971364433,0.01,159,4,86
cast19,inv,15,0.01,uniform,55,1523,1001,0,0,0.0,0.7375818398144067,0.09798206787141324,0.048346802990984566,0.01,159,4,119
cast19,inv,15,0.01,uniform_nz,55,1497,1001,0,0,0.0,0.5435794619646577,0.09798206787141324,0.048346802990984566,0.01,159,4,119
cast19,inv,15,0.01,weighted,55,1475,1001,0,0,0.0,0.09798206787141324,0.09798206787141324,0.048346802990984566,0.01,159,4,119
cast19,inv,15,0.01,active_judge,55,1491,1001,0,0,0.0,0.3015362647803859,0.09798206787141324,0.048346802990984566,0.01,159,4,119
cast19,inv,15,0.01,strat_pilot,55,1518,1001,0,0,0.0,0.09789106057061217,0.09798206787141324,0.048346802990984566,0.01,159,4,119
cast19,inv,15,0.01,weighted_cv,55,1497,1001,0,0,0.0,0.1280301723427393,0.09798206787141324,0.048346802990984566,0.01,159,4,119
cast19,inv,15,0.01,active_cv,55,1460,1001,0,0,0.0,0.42249190656462926,0.09798206787141324,0.048346802990984566,0.01,159,4,119
cast19,inv,15,0.01,weighted_cvl,55,1466,1001,0,0,0.0,0.09798206787141324,0.09798206787141324,0.048346802990984566,0.01,159,4,119
cast19,inv,15,0.01,uniform,56,1242,920,0,0,0.0,0.15258670601927546,0.05967416461715245,0.02724217355459784,0.01,159,4,86
cast19,inv,15,0.01,uniform_nz,56,1287,920,1,0,0.0,0.07113433407746082,0.05967416461715245,0.02724217355459784,0.01,159,4,86
cast19,inv,15,0.01,weighted,56,1270,920,0,0,0.0,0.05967416461715245,0.05967416461715245,0.02724217355459784,0.01,159,4,86
cast19,inv,15,0.01,active_judge,56,1282,920,0,0,0.0,0.13980173414481661,0.05967416461715245,0.02724217355459784,0.01,159,4,86
cast19,inv,15,0.01,strat_pilot,56,1252,920,0,0,0.0,0.05954773225968503,0.05967416461715245,0.02724217355459784,0.01,159,4,86
cast19,inv,15,0.01,weighted_cv,56,1240,920,1,0,0.0,0.07028172114839946,0.05967416461715245,0.02724217355459784,0.01,159,4,86
cast19,inv,15,0.01,active_cv,56,1245,920,0,0,0.0,0.17408970534459656,0.05967416461715245,0.02724217355459784,0.01,159,4,86
cast19,inv,15,0.01,weighted_cvl,56,1268,920,0,0,0.0,0.059656924868929026,0.05967416461715245,0.02724217355459784,0.01,159,4,86
cast19,inv,15,0.01,uniform,57,1276,946,0,0,0.0,0.20881147194301328,0.050284975296756865,0.01877282818310176,0.01,159,4,86
cast19,inv,15,0.01,uniform_nz,57,1280,946,0,0,0.0,0.09530501004720089,0.050284975296756865,0.01877282818310176,0.01,159,4,86
cast19,inv,15,0.01,weighted,57,1301,946,0,0,0.0,0.050284975296756865,0.050284975296756865,0.01877282818310176,0.01,159,4,86
cast19,inv,15,0.01,active_judge,57,1300,946,0,0,0.0,0.12732330080385218,0.050284975296756865,0.01877282818310176,0.01,159,4,86
cast19,inv,15,0.01,strat_pilot,57,1289,946,0,0,0.0,0.05010782742106999,0.050284975296756865,0.01877282818310176,0.01,159,4,86
cast19,inv,15,0.01,weighted_cv,57,1280,946,0,0,0.0,0.07128335798534977,0.050284975296756865,0.01877282818310176,0.01,159,4,86
cast19,inv,15,0.01,active_cv,57,1279,946,0,0,0.0,0.1682289760184442,0.050284975296756865,0.01877282818310176,0.01,159,4,86
cast19,inv,15,0.01,weighted_cvl,57,1310,946,0,0,0.0,0.050284975296756865,0.050284975296756865,0.01877282818310176,0.01,159,4,86
cast19,inv,15,0.01,uniform,58,1464,997,0,0,0.0,0.7524354532092946,0.12615459058023654,0.019937484533301936,0.01,159,4,119
cast19,inv,15,0.01,uniform_nz,58,1485,997,1,0,0.0,0.5709207087012954,0.12615459058023654,0.019937484533301936,0.01,159,4,119
cast19,inv,15,0.01,weighted,58,1460,997,0,0,0.0,0.12615459058023654,0.12615459058023654,0.019937484533301936,0.01,159,4,119
cast19,inv,15,0.01,active_judge,58,1482,997,1,0,0.0,0.3510367700463997,0.12615459058023654,0.019937484533301936,0.01,159,4,119
cast19,inv,15,0.01,strat_pilot,58,1461,997,0,0,0.0,0.12618809064634343,0.12615459058023654,0.019937484533301936,0.01,159,4,119
cast19,inv,15,0.01,weighted_cv,58,1440,997,0,0,0.0,0.15055151960139773,0.12615459058023654,0.019937484533301936,0.01,159,4,119
cast19,inv,15,0.01,active_cv,58,1464,997,0,0,0.0,0.4384135291352271,0.12615459058023654,0.019937484533301936,0.01,159,4,119
cast19,inv,15,0.01,weighted_cvl,58,1446,997,0,0,0.0,0.12615459058023654,0.12615459058023654,0.019937484533301936,0.01,159,4,119
cast19,inv,15,0.01,uniform,59,1309,975,0,0,0.00898338745149685,0.18715990142756694,0.04659948383979843,0.03577404902919778,0.001016612548503151,159,4,86
cast19,inv,15,0.01,uniform_nz,59,1327,975,0,0,0.00898338745149685,0.09410842303376023,0.04659948383979843,0.03577404902919778,0.001016612548503151,159,4,86
cast19,inv,15,0.01,weighted,59,1327,975,0,0,0.00898338745149685,0.04659948383979843,0.04659948383979843,0.03577404902919778,0.001016612548503151,159,4,86
cast19,inv,15,0.01,active_judge,59,1296,975,0,0,0.00898338745149685,0.09343603829251353,0.04659948383979843,0.03577404902919778,0.001016612548503151,159,4,86
cast19,inv,15,0.01,strat_pilot,59,1305,975,0,0,0.00898338745149685,0.04652452657796854,0.04659948383979843,0.03577404902919778,0.001016612548503151,159,4,86
cast19,inv,15,0.01,weighted_cv,59,1284,975,0,0,0.00898338745149685,0.053214547448928506,0.04659948383979843,0.03577404902919778,0.001016612548503151,159,4,86
cast19,inv,15,0.01,active_cv,59,1300,975,0,0,0.00898338745149685,0.10492439050583449,0.04659948383979843,0.03577404902919778,0.001016612548503151,159,4,86
cast19,inv,15,0.01,weighted_cvl,59,1296,975,0,0,0.00898338745149685,0.04659948383979843,0.04659948383979843,0.03577404902919778,0.001016612548503151,159,4,86
cast19,inv,15,0.01,uniform,60,1294,969,0,0,0.011783939828162171,0.10090078703364014,0.04037961397825536,0.028550467439113283,-0.0017839398281621708,159,4,86
cast19,inv,15,0.01,uniform_nz,60,1311,969,0,0,0.011783939828162171,0.04636748382895335,0.04037961397825536,0.028550467439113283,-0.0017839398281621708,159,4,86
cast19,inv,15,0.01,weighted,60,1322,969,0,0,0.011783939828162171,0.04037961397825536,0.04037961397825536,0.028550467439113283,-0.0017839398281621708,159,4,86
cast19,inv,15,0.01,active_judge,60,1315,969,0,0,0.011783939828162171,0.08394198640746661,0.04037961397825536,0.028550467439113283,-0.0017839398281621708,159,4,86
cast19,inv,15,0.01,strat_pilot,60,1301,969,0,0,0.011783939828162171,0.04035857638071272,0.04037961397825536,0.028550467439113283,-0.0017839398281621708,159,4,86
cast19,inv,15,0.01,weighted_cv,60,1309,969,0,0,0.011783939828162171,0.04658593366891003,0.04037961397825536,0.028550467439113283,-0.0017839398281621708,159,4,86
cast19,inv,15,0.01,active_cv,60,1329,969,0,0,0.011783939828162171,0.09156636395756439,0.04037961397825536,0.028550467439113283,-0.0017839398281621708,159,4,86
cast19,inv,15,0.01,weighted_cvl,60,1314,969,0,0,0.011783939828162171,0.04037961397825536,0.04037961397825536,0.028550467439113283,-0.0017839398281621708,159,4,86
cast19,inv,15,0.01,uniform,61,1435,955,0,0,0.003979414880159071,0.11161114627183595,0.06985010764313099,0.01451648624516776,0.006020585119840929,159,4,119
cast19,inv,15,0.01,uniform_nz,61,1433,955,1,0,0.003979414880159071,0.08291372849846419,0.06985010764313099,0.01451648624516776,0.006020585119840929,159,4,119
cast19,inv,15,0.01,weighted,61,1459,955,0,0,0.003979414880159071,0.06985010764313099,0.06985010764313099,0.01451648624516776,0.006020585119840929,159,4,119
cast19,inv,15,0.01,active_judge,61,1475,955,0,0,0.003979414880159071,0.14979480845999882,0.06985010764313099,0.01451648624516776,0.006020585119840929,159,4,119
cast19,inv,15,0.01,strat_pilot,61,1397,955,0,0,0.003979414880159071,0.0699577278241367,0.06985010764313099,0.01451648624516776,0.006020585119840929,159,4,119
cast19,inv,15,0.01,weighted_cv,61,1429,955,0,0,0.003979414880159071,0.08510465809288134,0.06985010764313099,0.01451648624516776,0.006020585119840929,159,4,119
cast19,inv,15,0.01,active_cv,61,1432,955,0,0,0.003979414880159071,0.17322303032219338,0.06985010764313099,0.01451648624516776,0.006020585119840929,159,4,119
cast19,inv,15,0.01,weighted_cvl,61,1401,955,0,0,0.003979414880159071,0.06996163926753277,0.06985010764313099,0.01451648624516776,0.006020585119840929,159,4,119
cast19,inv,15,0.01,uniform,62,1337,987,0,0,0.0,0.39897633744933036,0.07523405605219652,0.059853472954260405,0.01,159,4,86
cast19,inv,15,0.01,uniform_nz,62,1349,987,0,0,0.0,0.18099884981682723,0.07523405605219652,0.059853472954260405,0.01,159,4,86
cast19,inv,15,0.01,weighted,62,1314,987,0,0,0.0,0.07523405605219652,0.07523405605219652,0.059853472954260405,0.01,159,4,86
cast19,inv,15,0.01,active_judge,62,1338,987,0,0,0.0,0.18328675265269972,0.07523405605219652,0.059853472954260405,0.01,159,4,86
cast19,inv,15,0.01,strat_pilot,62,1314,987,0,0,0.0,0.07548632077805681,0.07523405605219652,0.059853472954260405,0.01,159,4,86
cast19,inv,15,0.01,weighted_cv,62,1333,987,0,0,0.0,0.09081980875291579,0.07523405605219652,0.059853472954260405,0.01,159,4,86
cast19,inv,15,0.01,active_cv,62,1329,987,0,0,0.0,0.21198621626349534,0.07523405605219652,0.059853472954260405,0.01,159,4,86
cast19,inv,15,0.01,weighted_cvl,62,1346,987,0,0,0.0,0.07523405605219652,0.07523405605219652,0.059853472954260405,0.01,159,4,86
cast19,inv,15,0.01,uniform,63,1349,1003,0,0,0.0,0.19427550154618525,0.05313185017288258,0.01920703428352507,0.01,159,4,86
cast19,inv,15,0.01,uniform_nz,63,1346,1003,0,0,0.0,0.07065414448326786,0.05313185017288258,0.01920703428352507,0.01,159,4,86
cast19,inv,15,0.01,weighted,63,1342,1003,0,0,0.0,0.05313185017288258,0.05313185017288258,0.01920703428352507,0.01,159,4,86
cast19,inv,15,0.01,active_judge,63,1368,1003,0,0,0.0,0.11134792385992547,0.05313185017288258,0.01920703428352507,0.01,159,4,86
cast19,inv,15,0.01,strat_pilot,63,1322,1003,0,0,0.0,0.05312652801538176,0.05313185017288258,0.01920703428352507,0.01,159,4,86
cast19,inv,15,0.01,weighted_cv,63,1324,1003,0,0,0.0,0.06366579588969709,0.05313185017288258,0.01920703428352507,0.01,159,4,86
cast19,inv,15,0.01,active_cv,63,1343,1003,0,0,0.0,0.12052168840883508,0.05313185017288258,0.01920703428352507,0.01,159,4,86
cast19,inv,15,0.01,weighted_cvl,63,1345,1003,0,0,0.0,0.05317211983775838,0.05313185017288258,0.01920703428352507,0.01,159,4,86
cast19,inv,15,0.01,uniform,64,1298,966,0,0,0.008524905452858222,0.1869512983287962,0.04893517318440105,0.01800337054324805,0.0014750945471417778,159,4,86
cast19,inv,15,0.01,uniform_nz,64,1305,966,0,0,0.008524905452858222,0.09772934804800745,0.04893517318440105,0.01800337054324805,0.0014750945471417778,159,4,86
cast19,inv,15,0.01,weighted,64,1293,966,0,0,0.008524905452858222,0.04893517318440105,0.04893517318440105,0.01800337054324805,0.0014750945471417778,159,4,86
cast19,inv,15,0.01,active_judge,64,1309,966,0,0,0.008524905452858222,0.10171029872550345,0.04893517318440105,0.01800337054324805,0.0014750945471417778,159,4,86
cast19,inv,15,0.01,strat_pilot,64,1276,966,0,0,0.008524905452858222,0.04872467990534816,0.04893517318440105,0.01800337054324805,0.0014750945471417778,159,4,86
cast19,inv,15,0.01,weighted_cv,64,1320,966,0,0,0.008524905452858222,0.059776332006489664,0.04893517318440105,0.01800337054324805,0.0014750945471417778,159,4,86
cast19,inv,15,0.01,active_cv,64,1303,966,0,0,0.008524905452858222,0.11984509867519266,0.04893517318440105,0.01800337054324805,0.0014750945471417778,159,4,86
cast19,inv,15,0.01,weighted_cvl,64,1307,966,0,0,0.008524905452858222,0.04893517318440105,0.04893517318440105,0.01800337054324805,0.0014750945471417778,159,4,86
cast19,inv,15,0.01,uniform,65,1271,925,0,0,0.0,0.7625308317063503,0.10061713999126909,0.036794113566172404,0.01,159,4,86
cast19,inv,15,0.01,uniform_nz,65,1264,925,0,0,0.0,0.3277704968357792,0.10061713999126909,0.036794113566172404,0.01,159,4,86
cast19,inv,15,0.01,weighted,65,1258,925,0,0,0.0,0.10061713999126909,0.10061713999126909,0.036794113566172404,0.01,159,4,86
cast19,inv,15,0.01,active_judge,65,1262,925,0,0,0.0,0.2486565263620121,0.10061713999126909,0.036794113566172404,0.01,159,4,86
cast19,inv,15,0.01,strat_pilot,65,1271,925,0,0,0.0,0.10059048228518153,0.10061713999126909,0.036794113566172404,0.01,159,4,86
cast19,inv,15,0.01,weighted_cv,65,1273,925,0,0,0.0,0.11275634044894019,0.10061713999126909,0.036794113566172404,0.01,159,4,86
cast19,inv,15,0.01,active_cv,65,1306,925,0,0,0.0,0.270904530151157,0.10061713999126909,0.036794113566172404,0.01,159,4,86
cast19,inv,15,0.01,weighted_cvl,65,1276,925,0,0,0.0,0.10061713999126909,0.10061713999126909,0.036794113566172404,0.01,159,4,86
cast19,inv,15,0.01,uniform,66,1315,965,0,0,0.005718588029664462,0.35844923389455613,0.04564016853750161,0.01088533198640549,0.004281411970335538,159,4,86
cast19,inv,15,0.01,uniform_nz,66,1342,965,0,0,0.005718588029664462,0.14411247208223027,0.04564016853750161,0.01088533198640549,0.004281411970335538,159,4,86
cast19,inv,15,0.01,weighted,66,1285,965,0,0,0.005718588029664462,0.04564016853750161,0.04564016853750161,0.01088533198640549,0.004281411970335538,159,4,86
cast19,inv,15,0.01,active_judge,66,1314,965,0,0,0.005718588029664462,0.11662762691185483,0.04564016853750161,0.01088533198640549,0.004281411970335538,159,4,86
cast19,inv,15,0.01,strat_pilot,66,1333,965,0,0,0.005718588029664462,0.045651190186162996,0.04564016853750161,0.01088533198640549,0.004281411970335538,159,4,86
cast19,inv,15,0.01,weighted_cv,66,1288,965,0,0,0.005718588029664462,0.049937557030127575,0.04564016853750161,0.01088533198640549,0.004281411970335538,159,4,86
cast19,inv,15,0.01,active_cv,66,1313,965,0,0,0.005718588029664462,0.12328617657909664,0.04564016853750161,0.01088533198640549,0.004281411970335538,159,4,86
cast19,inv,15,0.01,weighted_cvl,66,1315,965,0,0,0.005718588029664462,0.0456095315971808,0.04564016853750161,0.01088533198640549,0.004281411970335538,159,4,86
cast19,inv,15,0.01,uniform,67,1292,956,0,0,0.0,0.17992042179453252,0.059171748478188346,0.05423416495784917,0.01,159,4,86
cast19,inv,15,0.01,uniform_nz,67,1321,956,0,0,0.0,0.06828566342030014,0.059171748478188346,0.05423416495784917,0.01,159,4,86
cast19,inv,15,0.01,weighted,67,1285,956,0,0,0.0,0.059171748478188346,0.059171748478188346,0.05423416495784917,0.01,159,4,86
cast19,inv,15,0.01,active_judge,67,1294,956,0,0,0.0,0.13247918961154498,0.059171748478188346,0.05423416495784917,0.01,159,4,86
cast19,inv,15,0.01,strat_pilot,67,1325,956,0,0,0.0,0.05898569805883005,0.059171748478188346,0.05423416495784917,0.01,159,4,86
cast19,inv,15,0.01,weighted_cv,67,1325,956,0,0,0.0,0.07562536854403852,0.059171748478188346,0.05423416495784917,0.01,159,4,86
cast19,inv,15,0.01,active_cv,67,1288,956,0,0,0.0,0.1796707178150199,0.059171748478188346,0.05423416495784917,0.01,159,4,86
cast19,inv,15,0.01,weighted_cvl,67,1279,956,0,0,0.0,0.059108493533249026,0.059171748478188346,0.05423416495784917,0.01,159,4,86
cast19,inv,15,0.01,uniform,68,1393,1037,0,0,0.0,0.22870628706661944,0.07289355402751316,0.018615749602164687,0.01,159,4,86
cast19,inv,15,0.01,uniform_nz,68,1390,1037,0,0,0.0,0.10360791283938071,0.07289355402751316,0.018615749602164687,0.01,159,4,86
cast19,inv,15,0.01,weighted,68,1353,1037,0,0,0.0,0.07289355402751316,0.07289355402751316,0.018615749602164687,0.01,159,4,86
cast19,inv,15,0.01,active_judge,68,1366,1037,0,0,0.0,0.1515867256630406,0.07289355402751316,0.018615749602164687,0.01,159,4,86
cast19,inv,15,0.01,strat_pilot,68,1410,1037,0,0,0.0,0.07287927061403897,0.07289355402751316,0.018615749602164687,0.01,159,4,86
cast19,inv,15,0.01,weighted_cv,68,1382,1037,0,0,0.0,0.08773880491121233,0.07289355402751316,0.018615749602164687,0.01,159,4,86
cast19,inv,15,0.01,active_cv,68,1373,1037,0,0,0.0,0.1768159921395366,0.07289355402751316,0.018615749602164687,0.01,159,4,86
cast19,inv,15,0.01,weighted_cvl,68,1375,1037,1,0,0.0,0.07289355402751316,0.07289355402751316,0.018615749602164687,0.01,159,4,86
cast19,inv,15,0.01,uniform,69,1594,1107,0,0,0.0,0.3909395261661244,0.09583842514968702,0.026929581743368923,0.01,159,4,119
cast19,inv,15,0.01,uniform_nz,69,1586,1107,0,0,0.0,0.22608974117775027,0.09583842514968702,0.026929581743368923,0.01,159,4,119
cast19,inv,15,0.01,weighted,69,1584,1107,0,0,0.0,0.09583842514968702,0.09583842514968702,0.026929581743368923,0.01,159,4,119
cast19,inv,15,0.01,active_judge,69,1601,1107,0,0,0.0,0.19221915897284805,0.09583842514968702,0.026929581743368923,0.01,159,4,119
cast19,inv,15,0.01,strat_pilot,69,1579,1107,0,0,0.0,0.09656400867929482,0.09583842514968702,0.026929581743368923,0.01,159,4,119
cast19,inv,15,0.01,weighted_cv,69,1579,1107,0,0,0.0,0.13692609741996825,0.09583842514968702,0.026929581743368923,0.01,159,4,119
cast19,inv,15,0.01,active_cv,69,1590,1107,0,0,0.0,0.25244510205169035,0.09583842514968702,0.026929581743368923,0.01,159,4,119
cast19,inv,15,0.01,weighted_cvl,69,1579,1107,0,0,0.0,0.09583842514968702,0.09583842514968702,0.026929581743368923,0.01,159,4,119
cast19,inv,15,0.01,uniform,70,1471,970,0,0,0.0,0.3028807303803739,0.1081594955120411,0.027693148537945952,0.01,159,4,119
cast19,inv,15,0.01,uniform_nz,70,1485,970,0,0,0.0,0.16630494755444164,0.1081594955120411,0.027693148537945952,0.01,159,4,119
cast19,inv,15,0.01,weighted,70,1457,970,0,0,0.0,0.1081594955120411,0.1081594955120411,0.027693148537945952,0.01,159,4,119
cast19,inv,15,0.01,active_judge,70,1467,970,0,0,0.0,0.24899557915328882,0.1081594955120411,0.027693148537945952,0.01,159,4,119
cast19,inv,15,0.01,strat_pilot,70,1474,970,0,0,0.0,0.108235616768606,0.1081594955120411,0.027693148537945952,0.01,159,4,119
cast19,inv,15,0.01,weighted_cv,70,1444,970,1,0,0.0,0.14751893908092223,0.1081594955120411,0.027693148537945952,0.01,159,4,119
cast19,inv,15,0.01,active_cv,70,1426,970,0,0,0.0,0.3389410911449833,0.1081594955120411,0.027693148537945952,0.01,159,4,119
cast19,inv,15,0.01,weighted_cvl,70,1483,970,0,0,0.0,0.1081594955120411,0.1081594955120411,0.027693148537945952,0.01,159,4,119
cast19,inv,15,0.01,uniform,71,1264,925,0,0,0.0,0.24047422440180882,0.08546871884161902,0.06740658769013225,0.01,159,4,86
cast19,inv,15,0.01,uniform_nz,71,1235,925,0,0,0.0,0.12208295078058287,0.08546871884161902,0.06740658769013225,0.01,159,4,86
cast19,inv,15,0.01,weighted,71,1252,925,0,0,0.0,0.08546871884161902,0.08546871884161902,0.06740658769013225,0.01,159,4,86
cast19,inv,15,0.01,active_judge,71,1244,925,0,0,0.0,0.2191049015456487,0.08546871884161902,0.06740658769013225,0.01,159,4,86
cast19,inv,15,0.01,strat_pilot,71,1297,925,0,0,0.0,0.08540585089926671,0.08546871884161902,0.06740658769013225,0.01,159,4,86
cast19,inv,15,0.01,weighted_cv,71,1279,925,0,0,0.0,0.10745750340881104,0.08546871884161902,0.06740658769013225,0.01,159,4,86
cast19,inv,15,0.01,active_cv,71,1301,925,0,0,0.0,0.25721070144308594,0.08546871884161902,0.06740658769013225,0.01,159,4,86
cast19,inv,15,0.01,weighted_cvl,71,1253,925,0,0,0.0,0.08546871884161902,0.08546871884161902,0.06740658769013225,0.01,159,4,86
cast19,inv,15,0.01,uniform,72,1240,909,0,0,0.0009162575452625887,0.3793030672253211,0.08040878374538515,0.026584966932692078,0.009083742454737411,159,4,86
cast19,inv,15,0.01,uniform_nz,72,1252,909,0,0,0.0009162575452625887,0.15880877834465143,0.08040878374538515,0.026584966932692078,0.009083742454737411,159,4,86
cast19,inv,15,0.01,weighted,72,1244,909,0,0,0.0009162575452625887,0.08040878374538515,0.08040878374538515,0.026584966932692078,0.009083742454737411,159,4,86
cast19,inv,15,0.01,active_judge,72,1242,909,0,0,0.0009162575452625887,0.25157141497414737,0.08040878374538515,0.026584966932692078,0.009083742454737411,159,4,86
cast19,inv,15,0.01,strat_pilot,72,1240,909,0,0,0.0009162575452625887,0.07994619423043373,0.08040878374538515,0.026584966932692078,0.009083742454737411,159,4,86
cast19,inv,15,0.01,weighted_cv,72,1261,909,0,0,0.0009162575452625887,0.09099905944204267,0.08040878374538515,0.026584966932692078,0.009083742454737411,159,4,86
cast19,inv,15,0.01,active_cv,72,1259,909,0,0,0.0009162575452625887,0.26756662780671703,0.08040878374538515,0.026584966932692078,0.009083742454737411,159,4,86
cast19,inv,15,0.01,weighted_cvl,72,1262,909,0,0,0.0009162575452625887,0.08040878374538515,0.08040878374538515,0.026584966932692078,0.009083742454737411,159,4,86
cast19,inv,15,0.01,uniform,73,1451,1010,1,0,0.006571946989672062,0.1749409379604871,0.09327725984599577,0.03537292862111143,0.0034280530103279385,159,4,119
cast19,inv,15,0.01,uniform_nz,73,1513,1010,0,0,0.006571946989672062,0.1173807640219067,0.09327725984599577,0.03537292862111143,0.0034280530103279385,159,4,119
cast19,inv,15,0.01,weighted,73,1483,1010,0,0,0.006571946989672062,0.09327725984599577,0.09327725984599577,0.03537292862111143,0.0034280530103279385,159,4,119
cast19,inv,15,0.01,active_judge,73,1490,1010,0,0,0.006571946989672062,0.1894762568703295,0.09327725984599577,0.03537292862111143,0.0034280530103279385,159,4,119
cast19,inv,15,0.01,strat_pilot,73,1479,1010,0,0,0.006571946989672062,0.09336564941024236,0.09327725984599577,0.03537292862111143,0.0034280530103279385,159,4,119
cast19,inv,15,0.01,weighted_cv,73,1485,1010,0,0,0.006571946989672062,0.12028655839067597,0.09327725984599577,0.03537292862111143,0.0034280530103279385,159,4,119
cast19,inv,15,0.01,active_cv,73,1524,1010,0,0,0.006571946989672062,0.2376285075454568,0.09327725984599577,0.03537292862111143,0.0034280530103279385,159,4,119
cast19,inv,15,0.01,weighted_cvl,73,1459,1010,0,0,0.006571946989672062,0.09327725984599577,0.09327725984599577,0.03537292862111143,0.0034280530103279385,159,4,119
cast19,inv,15,0.01,uniform,74,1441,980,0,0,0.0,0.09619727881974668,0.05450500215574666,0.03821336008893217,0.01,159,4,119
cast19,inv,15,0.01,uniform_nz,74,1488,980,0,0,0.0,0.059581416194688576,0.05450500215574666,0.03821336008893217,0.01,159,4,119
cast19,inv,15,0.01,weighted,74,1446,980,0,0,0.0,0.05450500215574666,0.05450500215574666,0.03821336008893217,0.01,159,4,119
cast19,inv,15,0.01,active_judge,74,1452,980,0,0,0.0,0.13363738347926413,0.05450500215574666,0.03821336008893217,0.01,159,4,119
cast19,inv,15,0.01,strat_pilot,74,1446,980,0,0,0.0,0.05480624828594303,0.05450500215574666,0.03821336008893217,0.01,159,4,119
cast19,inv,15,0.01,weighted_cv,74,1437,980,0,0,0.0,0.09750761695038358,0.05450500215574666,0.03821336008893217,0.01,159,4,119
cast19,inv,15,0.01,active_cv,74,1485,980,0,0,0.0,0.2534285019598044,0.05450500215574666,0.03821336008893217,0.01,159,4,119
cast19,inv,15,0.01,weighted_cvl,74,1421,980,0,0,0.0,0.05450500215574666,0.05450500215574666,0.03821336008893217,0.01,159,4,119
cast19,inv,15,0.01,uniform,75,1377,1031,0,0,0.004548608474265192,0.19195633041969193,0.03511864293325019,0.0069807591396802635,0.005451391525734808,159,4,86
cast19,inv,15,0.01,uniform_nz,75,1395,1031,0,0,0.004548608474265192,0.08033770265770487,0.03511864293325019,0.0069807591396802635,0.005451391525734808,159,4,86
cast19,inv,15,0.01,weighted,75,1395,1031,0,0,0.004548608474265192,0.03511864293325019,0.03511864293325019,0.0069807591396802635,0.005451391525734808,159,4,86
cast19,inv,15,0.01,active_judge,75,1374,1031,0,0,0.004548608474265192,0.08638554898060098,0.03511864293325019,0.0069807591396802635,0.005451391525734808,159,4,86
cast19,inv,15,0.01,strat_pilot,75,1370,1031,0,0,0.004548608474265192,0.035005111388298794,0.03511864293325019,0.0069807591396802635,0.005451391525734808,159,4,86
cast19,inv,15,0.01,weighted_cv,75,1383,1031,0,0,0.004548608474265192,0.04658312632837895,0.03511864293325019,0.0069807591396802635,0.005451391525734808,159,4,86
cast19,inv,15,0.01,active_cv,75,1377,1031,0,0,0.004548608474265192,0.11878771666036543,0.03511864293325019,0.0069807591396802635,0.005451391525734808,159,4,86
cast19,inv,15,0.01,weighted_cvl,75,1393,1031,0,0,0.004548608474265192,0.03511864293325019,0.03511864293325019,0.0069807591396802635,0.005451391525734808,159,4,86
cast19,inv,15,0.01,uniform,76,1287,943,0,0,0.0,0.0971056454148537,0.03901253234509847,0.010384950736360756,0.01,159,4,86
cast19,inv,15,0.01,uniform_nz,76,1301,943,0,0,0.0,0.04572294142119536,0.03901253234509847,0.010384950736360756,0.01,159,4,86
cast19,inv,15,0.01,weighted,76,1303,943,0,0,0.0,0.03901253234509847,0.03901253234509847,0.010384950736360756,0.01,159,4,86
cast19,inv,15,0.01,active_judge,76,1273,943,0,0,0.0,0.07793299885681584,0.03901253234509847,0.010384950736360756,0.01,159,4,86
cast19,inv,15,0.01,strat_pilot,76,1294,943,0,0,0.0,0.03894475881843338,0.03901253234509847,0.010384950736360756,0.01,159,4,86
cast19,inv,15,0.01,weighted_cv,76,1273,943,0,0,0.0,0.04707225355486737,0.03901253234509847,0.010384950736360756,0.01,159,4,86
cast19,inv,15,0.01,active_cv,76,1290,943,0,0,0.0,0.09491305514806161,0.03901253234509847,0.010384950736360756,0.01,159,4,86
cast19,inv,15,0.01,weighted_cvl,76,1285,943,0,0,0.0,0.03901253234509847,0.03901253234509847,0.010384950736360756,0.01,159,4,86
cast19,inv,15,0.01,uniform,77,1438,950,0,0,0.006570187599793165,0.19043599174687584,0.08304072243401919,0.028172447852098548,0.0034298124002068355,159,4,119
cast19,inv,15,0.01,uniform_nz,77,1433,950,0,0,0.006570187599793165,0.13045673087671297,0.08304072243401919,0.028172447852098548,0.0034298124002068355,159,4,119
cast19,inv,15,0.01,weighted,77,1429,950,0,0,0.006570187599793165,0.08304072243401919,0.08304072243401919,0.028172447852098548,0.0034298124002068355,159,4,119
cast19,inv,15,0.01,active_judge,77,1410,950,0,0,0.006570187599793165,0.21626143929542901,0.08304072243401919,0.028172447852098548,0.0034298124002068355,159,4,119
cast19,inv,15,0.01,strat_pilot,77,1412,950,0,0,0.006570187599793165,0.08328753548592373,0.08304072243401919,0.028172447852098548,0.0034298124002068355,159,4,119
cast19,inv,15,0.01,weighted_cv,77,1399,950,0,0,0.006570187599793165,0.10789966922326595,0.08304072243401919,0.028172447852098548,0.0034298124002068355,159,4,119
cast19,inv,15,0.01,active_cv,77,1467,950,1,0,0.006570187599793165,0.28164984495178363,0.08304072243401919,0.028172447852098548,0.0034298124002068355,159,4,119
cast19,inv,15,0.01,weighted_cvl,77,1406,950,0,0,0.006570187599793165,0.08304072243401919,0.08304072243401919,0.028172447852098548,0.0034298124002068355,159,4,119
cast19,inv,15,0.01,uniform,78,1270,909,0,0,0.0020239894414924575,0.11668836996473508,0.044353945402923534,0.025032848400882463,0.007976010558507543,159,4,86
cast19,inv,15,0.01,uniform_nz,78,1233,909,0,0,0.0020239894414924575,0.04984935544266723,0.044353945402923534,0.025032848400882463,0.007976010558507543,159,4,86
cast19,inv,15,0.01,weighted,78,1248,909,0,0,0.0020239894414924575,0.044353945402923534,0.044353945402923534,0.025032848400882463,0.007976010558507543,159,4,86
cast19,inv,15,0.01,active_judge,78,1262,909,0,0,0.0020239894414924575,0.09776637252347736,0.044353945402923534,0.025032848400882463,0.007976010558507543,159,4,86
cast19,inv,15,0.01,strat_pilot,78,1237,909,0,0,0.0020239894414924575,0.044370480210877646,0.044353945402923534,0.025032848400882463,0.007976010558507543,159,4,86
cast19,inv,15,0.01,weighted_cv,78,1252,909,0,0,0.0020239894414924575,0.05764906766594646,0.044353945402923534,0.025032848400882463,0.007976010558507543,159,4,86
cast19,inv,15,0.01,active_cv,78,1258,909,0,0,0.0020239894414924575,0.125366050511645,0.044353945402923534,0.025032848400882463,0.007976010558507543,159,4,86
cast19,inv,15,0.01,weighted_cvl,78,1258,909,0,0,0.0020239894414924575,0.044353945402923534,0.044353945402923534,0.025032848400882463,0.007976010558507543,159,4,86
cast19,inv,15,0.01,uniform,79,1251,946,0,0,0.005882053198852377,1.026546302249437,0.06140976739208779,0.04683254181319197,0.004117946801147623,159,4,71
cast19,inv,15,0.01,uniform_nz,79,1224,946,0,0,0.005882053198852377,0.34942740251745585,0.06140976739208779,0.04683254181319197,0.004117946801147623,159,4,71
cast19,inv,15,0.01,weighted,79,1223,946,0,0,0.005882053198852377,0.06140976739208779,0.06140976739208779,0.04683254181319197,0.004117946801147623,159,4,71
cast19,inv,15,0.01,active_judge,79,1232,946,0,0,0.005882053198852377,0.14994922086317725,0.06140976739208779,0.04683254181319197,0.004117946801147623,159,4,71
cast19,inv,15,0.01,strat_pilot,79,1224,946,0,0,0.005882053198852377,0.061407798363214215,0.06140976739208779,0.04683254181319197,0.004117946801147623,159,4,71
cast19,inv,15,0.01,weighted_cv,79,1214,946,0,0,0.005882053198852377,0.06831520367908935,0.06140976739208779,0.04683254181319197,0.004117946801147623,159,4,71
cast19,inv,15,0.01,active_cv,79,1237,946,0,0,0.005882053198852377,0.16200364567210696,0.06140976739208779,0.04683254181319197,0.004117946801147623,159,4,71
cast19,inv,15,0.01,weighted_cvl,79,1233,946,0,0,0.005882053198852377,0.06140976739208779,0.06140976739208779,0.04683254181319197,0.004117946801147623,159,4,71
cast19,inv,15,0.01,uniform,80,1593,1073,0,0,0.005452624916572502,0.17623065744147476,0.08609442662385818,0.010351144321732559,0.004547375083427499,159,4,119
cast19,inv,15,0.01,uniform_nz,80,1508,1073,0,0,0.005452624916572502,0.10667532115522811,0.08609442662385818,0.010351144321732559,0.004547375083427499,159,4,119
cast19,inv,15,0.01,weighted,80,1525,1073,0,0,0.005452624916572502,0.08609442662385818,0.08609442662385818,0.010351144321732559,0.004547375083427499,159,4,119
cast19,inv,15,0.01,active_judge,80,1591,1073,0,0,0.005452624916572502,0.19313236026774339,0.08609442662385818,0.010351144321732559,0.004547375083427499,159,4,119
cast19,inv,15,0.01,strat_pilot,80,1566,1073,0,0,0.005452624916572502,0.0859944467524501,0.08609442662385818,0.010351144321732559,0.004547375083427499,159,4,119
cast19,inv,15,0.01,weighted_cv,80,1566,1073,0,0,0.005452624916572502,0.11786034050557756,0.08609442662385818,0.010351144321732559,0.004547375083427499,159,4,119
cast19,inv,15,0.01,active_cv,80,1565,1073,0,0,0.005452624916572502,0.2543628560496924,0.08609442662385818,0.010351144321732559,0.004547375083427499,159,4,119
cast19,inv,15,0.01,weighted_cvl,80,1538,1073,0,0,0.005452624916572502,0.08609442662385818,0.08609442662385818,0.010351144321732559,0.004547375083427499,159,4,119
cast19,inv,15,0.01,uniform,81,1331,997,0,0,0.007641378374385166,0.8227460745237423,0.04659971704959688,0.05420370522150709,0.0023586216256148342,159,4,86
cast19,inv,15,0.01,uniform_nz,81,1335,997,0,0,0.007641378374385166,0.3291635699793263,0.04659971704959688,0.05420370522150709,0.0023586216256148342,159,4,86
cast19,inv,15,0.01,weighted,81,1318,997,0,0,0.007641378374385166,0.04659971704959688,0.04659971704959688,0.05420370522150709,0.0023586216256148342,159,4,86
cast19,inv,15,0.01,active_judge,81,1366,997,0,0,0.007641378374385166,0.16072815942192392,0.04659971704959688,0.05420370522150709,0.0023586216256148342,159,4,86
cast19,inv,15,0.01,strat_pilot,81,1319,997,0,0,0.007641378374385166,0.0457884686611285,0.04659971704959688,0.05420370522150709,0.0023586216256148342,159,4,86
cast19,inv,15,0.01,weighted_cv,81,1343,997,0,0,0.007641378374385166,0.06588932227858021,0.04659971704959688,0.05420370522150709,0.0023586216256148342,159,4,86
cast19,inv,15,0.01,active_cv,81,1347,997,0,0,0.007641378374385166,0.2136780093036191,0.04659971704959688,0.05420370522150709,0.0023586216256148342,159,4,86
cast19,inv,15,0.01,weighted_cvl,81,1360,997,0,0,0.007641378374385166,0.04659971704959688,0.04659971704959688,0.05420370522150709,0.0023586216256148342,159,4,86
cast19,inv,15,0.01,uniform,82,1303,939,0,0,0.0,0.6398310397098108,0.12342027040321576,0.027742389878309924,0.01,159,4,86
cast19,inv,15,0.01,uniform_nz,82,1275,939,0,0,0.0,0.275025429714366,0.12342027040321576,0.027742389878309924,0.01,159,4,86
cast19,inv,15,0.01,weighted,82,1261,939,1,0,0.0,0.12342027040321576,0.12342027040321576,0.027742389878309924,0.01,159,4,86
cast19,inv,15,0.01,active_judge,82,1276,939,0,0,0.0,0.32904575963407845,0.12342027040321576,0.027742389878309924,0.01,159,4,86
cast19,inv,15,0.01,strat_pilot,82,1278,939,0,0,0.0,0.12409352558741364,0.12342027040321576,0.027742389878309924,0.01,159,4,86
cast19,inv,15,0.01,weighted_cv,82,1296,939,0,0,0.0,0.12941803912713096,0.12342027040321576,0.027742389878309924,0.01,159,4,86
cast19,inv,15,0.01,active_cv,82,1267,939,0,0,0.0,0.35068356589760735,0.12342027040321576,0.027742389878309924,0.01,159,4,86
cast19,inv,15,0.01,weighted_cvl,82,1298,939,0,0,0.0,0.12342027040321576,0.12342027040321576,0.027742389878309924,0.01,159,4,86
cast19,inv,15,0.01,uniform,83,1232,952,0,0,0.0,0.4033791420816727,0.03916231451889742,0.019105885944121243,0.01,159,4,68
cast19,inv,15,0.01,uniform_nz,83,1252,952,0,0,0.0,0.09608286923814574,0.03916231451889742,0.019105885944121243,0.01,159,4,68
cast19,inv,15,0.01,weighted,83,1230,952,0,0,0.0,0.03916231451889742,0.03916231451889742,0.019105885944121243,0.01,159,4,68
cast19,inv,15,0.01,active_judge,83,1230,952,0,0,0.0,0.11283955400759486,0.03916231451889742,0.019105885944121243,0.01,159,4,68
cast19,inv,15,0.01,strat_pilot,83,1207,952,0,0,0.0,0.038952263689055786,0.03916231451889742,0.019105885944121243,0.01,159,4,68
cast19,inv,15,0.01,weighted_cv,83,1218,952,0,0,0.0,0.049056928927227864,0.03916231451889742,0.019105885944121243,0.01,159,4,68
cast19,inv,15,0.01,active_cv,83,1227,952,0,0,0.0,0.12368643126402545,0.03916231451889742,0.019105885944121243,0.01,159,4,68
cast19,inv,15,0.01,weighted_cvl,83,1218,952,0,0,0.0,0.03916231451889742,0.03916231451889742,0.019105885944121243,0.01,159,4,68
cast19,inv,15,0.01,uniform,84,1310,958,0,0,0.0,0.5766850085574198,0.07358244709545353,0.03556120426812982,0.01,159,4,86
cast19,inv,15,0.01,uniform_nz,84,1287,958,0,0,0.0,0.3196041383087002,0.07358244709545353,0.03556120426812982,0.01,159,4,86
cast19,inv,15,0.01,weighted,84,1307,958,0,0,0.0,0.07358244709545353,0.07358244709545353,0.03556120426812982,0.01,159,4,86
cast19,inv,15,0.01,active_judge,84,1320,958,0,0,0.0,0.1482613263227826,0.07358244709545353,0.03556120426812982,0.01,159,4,86
cast19,inv,15,0.01,strat_pilot,84,1292,958,0,0,0.0,0.07358542903056567,0.07358244709545353,0.03556120426812982,0.01,159,4,86
cast19,inv,15,0.01,weighted_cv,84,1287,958,0,0,0.0,0.08429806957139775,0.07358244709545353,0.03556120426812982,0.01,159,4,86
cast19,inv,15,0.01,active_cv,84,1304,958,0,0,0.0,0.15978567959048146,0.07358244709545353,0.03556120426812982,0.01,159,4,86
cast19,inv,15,0.01,weighted_cvl,84,1289,958,0,0,0.0,0.07358244709545353,0.07358244709545353,0.03556120426812982,0.01,159,4,86
cast19,inv,15,0.01,uniform,85,1245,997,0,0,0.0,0.08891110384085621,0.023086840640853673,0.024809483172486275,0.01,159,4,69
cast19,inv,15,0.01,uniform_nz,85,1252,997,0,0,0.0,0.025519385080545555,0.023086840640853673,0.024809483172486275,0.01,159,4,69
cast19,inv,15,0.01,weighted,85,1264,997,0,0,0.0,0.023086840640853673,0.023086840640853673,0.024809483172486275,0.01,159,4,69
cast19,inv,15,0.01,active_judge,85,1249,997,0,0,0.0,0.0705224377411803,0.023086840640853673,0.024809483172486275,0.01,159,4,69
cast19,inv,15,0.01,strat_pilot,85,1264,997,0,0,0.0,0.02271026648835976,0.023086840640853673,0.024809483172486275,0.01,159,4,69
cast19,inv,15,0.01,weighted_cv,85,1240,997,0,0,0.0,0.03159188246599802,0.023086840640853673,0.024809483172486275,0.01,159,4,69
cast19,inv,15,0.01,active_cv,85,1262,997,0,0,0.0,0.08658018778370649,0.023086840640853673,0.024809483172486275,0.01,159,4,69
cast19,inv,15,0.01,weighted_cvl,85,1288,997,0,0,0.0,0.023086840640853673,0.023086840640853673,0.024809483172486275,0.01,159,4,69
cast19,inv,15,0.01,uniform,86,1309,971,0,0,0.0,0.23363167620837796,0.07433185722885263,0.026866531916605936,0.01,159,4,86
cast19,inv,15,0.01,uniform_nz,86,1302,971,0,0,0.0,0.0956873210063495,0.07433185722885263,0.026866531916605936,0.01,159,4,86
cast19,inv,15,0.01,weighted,86,1323,971,0,0,0.0,0.07433185722885263,0.07433185722885263,0.026866531916605936,0.01,159,4,86
cast19,inv,15,0.01,active_judge,86,1305,971,0,0,0.0,0.15646227537443455,0.07433185722885263,0.026866531916605936,0.01,159,4,86
cast19,inv,15,0.01,strat_pilot,86,1304,971,0,0,0.0,0.07437802223258626,0.07433185722885263,0.026866531916605936,0.01,159,4,86
cast19,inv,15,0.01,weighted_cv,86,1321,971,0,0,0.0,0.08007637685254337,0.07433185722885263,0.026866531916605936,0.01,159,4,86
cast19,inv,15,0.01,active_cv,86,1314,971,0,0,0.0,0.16731951814434015,0.07433185722885263,0.026866531916605936,0.01,159,4,86
cast19,inv,15,0.01,weighted_cvl,86,1305,971,0,0,0.0,0.07433185722885263,0.07433185722885263,0.026866531916605936,0.01,159,4,86
cast19,inv,15,0.01,uniform,87,1353,996,0,0,0.0,0.13957744407261563,0.04767075747115722,0.011260784553394252,0.01,159,4,86
cast19,inv,15,0.01,uniform_nz,87,1346,996,0,0,0.0,0.05306576855849086,0.04767075747115722,0.011260784553394252,0.01,159,4,86
cast19,inv,15,0.01,weighted,87,1366,996,0,0,0.0,0.04767075747115722,0.04767075747115722,0.011260784553394252,0.01,159,4,86
cast19,inv,15,0.01,active_judge,87,1319,996,0,0,0.0,0.10611602133541886,0.04767075747115722,0.011260784553394252,0.01,159,4,86
cast19,inv,15,0.01,strat_pilot,87,1304,996,0,0,0.0,0.04771144843100247,0.04767075747115722,0.011260784553394252,0.01,159,4,86
cast19,inv,15,0.01,weighted_cv,87,1335,996,0,0,0.0,0.06116002707008419,0.04767075747115722,0.011260784553394252,0.01,159,4,86
cast19,inv,15,0.01,active_cv,87,1330,996,0,0,0.0,0.13723883166099102,0.04767075747115722,0.011260784553394252,0.01,159,4,86
cast19,inv,15,0.01,weighted_cvl,87,1333,996,0,0,0.0,0.04767075747115722,0.04767075747115722,0.011260784553394252,0.01,159,4,86
cast19,inv,15,0.01,uniform,88,1444,971,0,0,0.0,0.19033387435379323,0.0826659382038409,0.04082429557998276,0.01,159,4,119
cast19,inv,15,0.01,uniform_nz,88,1421,971,0,0,0.0,0.11016258958580538,0.0826659382038409,0.04082429557998276,0.01,159,4,119
cast19,inv,15,0.01,weighted,88,1438,971,0,0,0.0,0.0826659382038409,0.0826659382038409,0.04082429557998276,0.01,159,4,119
cast19,inv,15,0.01,active_judge,88,1448,971,0,0,0.0,0.17356222026127846,0.0826659382038409,0.04082429557998276,0.01,159,4,119
cast19,inv,15,0.01,strat_pilot,88,1438,971,0,0,0.0,0.08271468732075933,0.0826659382038409,0.04082429557998276,0.01,159,4,119
cast19,inv,15,0.01,weighted_cv,88,1430,971,1,0,0.0,0.11731693093465287,0.0826659382038409,0.04082429557998276,0.01,159,4,119
cast19,inv,15,0.01,active_cv,88,1475,971,0,0,0.0,0.2961444948242063,0.0826659382038409,0.04082429557998276,0.01,159,4,119
cast19,inv,15,0.01,weighted_cvl,88,1493,971,0,0,0.0,0.0826659382038409,0.0826659382038409,0.04082429557998276,0.01,159,4,119
cast19,inv,15,0.01,uniform,89,1290,949,0,0,0.00744614139180666,0.15533718517939157,0.05250835634468234,0.012382466389819335,0.0025538586081933403,159,4,86
cast19,inv,15,0.01,uniform_nz,89,1319,949,0,0,0.00744614139180666,0.06153557093211037,0.05250835634468234,0.012382466389819335,0.0025538586081933403,159,4,86
cast19,inv,15,0.01,weighted,89,1274,949,0,0,0.00744614139180666,0.05250835634468234,0.05250835634468234,0.012382466389819335,0.0025538586081933403,159,4,86
cast19,inv,15,0.01,active_judge,89,1295,949,0,0,0.00744614139180666,0.10438458479405228,0.05250835634468234,0.012382466389819335,0.0025538586081933403,159,4,86
cast19,inv,15,0.01,strat_pilot,89,1282,949,0,0,0.00744614139180666,0.052556645339618645,0.05250835634468234,0.012382466389819335,0.0025538586081933403,159,4,86
cast19,inv,15,0.01,weighted_cv,89,1329,949,0,0,0.00744614139180666,0.06364196201915231,0.05250835634468234,0.012382466389819335,0.0025538586081933403,159,4,86
cast19,inv,15,0.01,active_cv,89,1269,949,0,0,0.00744614139180666,0.13334007645771925,0.05250835634468234,0.012382466389819335,0.0025538586081933403,159,4,86
cast19,inv,15,0.01,weighted_cvl,89,1278,949,0,0,0.00744614139180666,0.05250835634468234,0.05250835634468234,0.012382466389819335,0.0025538586081933403,159,4,86
cast19,inv,15,0.01,uniform,90,1328,990,0,0,0.0,0.09584013176463609,0.040803285422284806,0.05628757461303669,0.01,159,4,86
cast19,inv,15,0.01,uniform_nz,90,1321,990,0,0,0.0,0.04580104265678682,0.040803285422284806,0.05628757461303669,0.01,159,4,86
cast19,inv,15,0.01,weighted,90,1317,990,0,0,0.0,0.040803285422284806,0.040803285422284806,0.05628757461303669,0.01,159,4,86
cast19,inv,15,0.01,active_judge,90,1343,990,0,0,0.0,0.12240655530845768,0.040803285422284806,0.05628757461303669,0.01,159,4,86
cast19,inv,15,0.01,strat_pilot,90,1310,990,0,0,0.0,0.04044484433236405,0.040803285422284806,0.05628757461303669,0.01,159,4,86
cast19,inv,15,0.01,weighted_cv,90,1332,990,0,0,0.0,0.0520793903346386,0.040803285422284806,0.05628757461303669,0.01,159,4,86
cast19,inv,15,0.01,active_cv,90,1338,990,0,0,0.0,0.1387045230444984,0.040803285422284806,0.05628757461303669,0.01,159,4,86
cast19,inv,15,0.01,weighted_cvl,90,1336,990,0,0,0.0,0.040803285422284806,0.040803285422284806,0.05628757461303669,0.01,159,4,86
cast19,inv,15,0.01,uniform,91,1280,962,0,0,0.002830710585583651,0.1144703710096161,0.045013293844467776,0.02674938236857742,0.007169289414416349,159,4,86
cast19,inv,15,0.01,uniform_nz,91,1323,962,0,0,0.002830710585583651,0.050068965251936756,0.045013293844467776,0.02674938236857742,0.007169289414416349,159,4,86
cast19,inv,15,0.01,weighted,91,1285,962,0,0,0.002830710585583651,0.045013293844467776,0.045013293844467776,0.02674938236857742,0.007169289414416349,159,4,86
cast19,inv,15,0.01,active_judge,91,1292,962,0,0,0.002830710585583651,0.1222331655101055,0.045013293844467776,0.02674938236857742,0.007169289414416349,159,4,86
cast19,inv,15,0.01,strat_pilot,91,1277,962,0,0,0.002830710585583651,0.04481290535123128,0.045013293844467776,0.02674938236857742,0.007169289414416349,159,4,86
cast19,inv,15,0.01,weighted_cv,91,1324,962,0,0,0.002830710585583651,0.060058200068426416,0.045013293844467776,0.02674938236857742,0.007169289414416349,159,4,86
cast19,inv,15,0.01,active_cv,91,1290,962,0,0,0.002830710585583651,0.1523415261606577,0.045013293844467776,0.02674938236857742,0.007169289414416349,159,4,86
cast19,inv,15,0.01,weighted_cvl,91,1346,962,0,0,0.002830710585583651,0.045013293844467776,0.045013293844467776,0.02674938236857742,0.007169289414416349,159,4,86
cast19,inv,15,0.01,uniform,92,1306,975,0,0,0.00823513682449678,0.13384300157942758,0.0548510724508756,0.032599325035790244,0.0017648631755032198,159,4,86
cast19,inv,15,0.01,uniform_nz,92,1300,975,0,0,0.00823513682449678,0.06317838397069954,0.0548510724508756,0.032599325035790244,0.0017648631755032198,159,4,86
cast19,inv,15,0.01,weighted,92,1301,975,0,0,0.00823513682449678,0.0548510724508756,0.0548510724508756,0.032599325035790244,0.0017648631755032198,159,4,86
cast19,inv,15,0.01,active_judge,92,1352,975,0,0,0.00823513682449678,0.1288406621978322,0.0548510724508756,0.032599325035790244,0.0017648631755032198,159,4,86
cast19,inv,15,0.01,strat_pilot,92,1319,975,0,0,0.00823513682449678,0.05433538036900563,0.0548510724508756,0.032599325035790244,0.0017648631755032198,159,4,86
cast19,inv,15,0.01,weighted_cv,92,1317,975,0,0,0.00823513682449678,0.06202588689820552,0.0548510724508756,0.032599325035790244,0.0017648631755032198,159,4,86
cast19,inv,15,0.01,active_cv,92,1333,975,0,0,0.00823513682449678,0.13543313904364465,0.0548510724508756,0.032599325035790244,0.0017648631755032198,159,4,86
cast19,inv,15,0.01,weighted_cvl,92,1308,975,0,0,0.00823513682449678,0.0548510724508756,0.0548510724508756,0.032599325035790244,0.0017648631755032198,159,4,86
cast19,inv,15,0.01,uniform,93,1220,928,0,0,0.0,0.08019890673638674,0.023085162675672982,0.022773966229848588,0.01,159,4,69
cast19,inv,15,0.01,uniform_nz,93,1159,928,0,0,0.0,0.027150173594537457,0.023085162675672982,0.022773966229848588,0.01,159,4,69
cast19,inv,15,0.01,weighted,93,1189,928,0,0,0.0,0.023085162675672982,0.023085162675672982,0.022773966229848588,0.01,159,4,69
cast19,inv,15,0.01,active_judge,93,1194,928,0,0,0.0,0.05946460769441764,0.023085162675672982,0.022773966229848588,0.01,159,4,69
cast19,inv,15,0.01,strat_pilot,93,1211,928,0,0,0.0,0.02316536072445601,0.023085162675672982,0.022773966229848588,0.01,159,4,69
cast19,inv,15,0.01,weighted_cv,93,1180,928,0,0,0.0,0.027501004705938237,0.023085162675672982,0.022773966229848588,0.01,159,4,69
cast19,inv,15,0.01,active_cv,93,1196,928,0,0,0.0,0.07066902429617065,0.023085162675672982,0.022773966229848588,0.01,159,4,69
cast19,inv,15,0.01,weighted_cvl,93,1211,928,0,0,0.0,0.023085162675672982,0.023085162675672982,0.022773966229848588,0.01,159,4,69
cast19,inv,15,0.01,uniform,94,1236,971,0,0,0.0,0.08442517953242801,0.026730596536544343,0.01243485107980667,0.01,159,4,70
cast19,inv,15,0.01,uniform_nz,94,1228,971,0,0,0.0,0.0298902161457689,0.026730596536544343,0.01243485107980667,0.01,159,4,70
cast19,inv,15,0.01,weighted,94,1221,971,0,0,0.0,0.026730596536544343,0.026730596536544343,0.01243485107980667,0.01,159,4,70
cast19,inv,15,0.01,active_judge,94,1247,971,0,0,0.0,0.06950096553454792,0.026730596536544343,0.01243485107980667,0.01,159,4,70
cast19,inv,15,0.01,strat_pilot,94,1223,971,0,0,0.0,0.026662370405197984,0.026730596536544343,0.01243485107980667,0.01,159,4,70
cast19,inv,15,0.01,weighted_cv,94,1261,971,0,0,0.0,0.03674502109750113,0.026730596536544343,0.01243485107980667,0.01,159,4,70
cast19,inv,15,0.01,active_cv,94,1227,971,0,0,0.0,0.10704932014058866,0.026730596536544343,0.01243485107980667,0.01,159,4,70
cast19,inv,15,0.01,weighted_cvl,94,1273,971,0,0,0.0,0.026730596536544343,0.026730596536544343,0.01243485107980667,0.01,159,4,70
cast19,inv,15,0.01,uniform,95,1351,998,0,0,0.0,0.32351266727568423,0.08526052977000538,0.019522918040530066,0.01,159,4,86
cast19,inv,15,0.01,uniform_nz,95,1372,998,0,0,0.0,0.150166158662357,0.08526052977000538,0.019522918040530066,0.01,159,4,86
cast19,inv,15,0.01,weighted,95,1340,998,0,0,0.0,0.08526052977000538,0.08526052977000538,0.019522918040530066,0.01,159,4,86
cast19,inv,15,0.01,active_judge,95,1356,998,0,0,0.0,0.26423925787532115,0.08526052977000538,0.019522918040530066,0.01,159,4,86
cast19,inv,15,0.01,strat_pilot,95,1354,998,0,0,0.0,0.08541131177199192,0.08526052977000538,0.019522918040530066,0.01,159,4,86
cast19,inv,15,0.01,weighted_cv,95,1349,998,0,0,0.0,0.09286766150153304,0.08526052977000538,0.019522918040530066,0.01,159,4,86
cast19,inv,15,0.01,active_cv,95,1353,998,0,0,0.0,0.27804082464422686,0.08526052977000538,0.019522918040530066,0.01,159,4,86
cast19,inv,15,0.01,weighted_cvl,95,1337,998,0,0,0.0,0.08526052977000538,0.08526052977000538,0.019522918040530066,0.01,159,4,86
cast19,inv,15,0.01,uniform,96,1543,1039,0,0,0.0,0.16558721653836234,0.07154412152839962,0.0077176132098332436,0.01,159,4,119
cast19,inv,15,0.01,uniform_nz,96,1532,1039,0,0,0.0,0.10283109803889365,0.07154412152839962,0.0077176132098332436,0.01,159,4,119
cast19,inv,15,0.01,weighted,96,1484,1039,0,0,0.0,0.07154412152839962,0.07154412152839962,0.0077176132098332436,0.01,159,4,119
cast19,inv,15,0.01,active_judge,96,1522,1039,0,0,0.0,0.16814582826807722,0.07154412152839962,0.0077176132098332436,0.01,159,4,119
cast19,inv,15,0.01,strat_pilot,96,1487,1039,0,0,0.0,0.07183492905357287,0.07154412152839962,0.0077176132098332436,0.01,159,4,119
cast19,inv,15,0.01,weighted_cv,96,1520,1039,0,0,0.0,0.09063671935454659,0.07154412152839962,0.0077176132098332436,0.01,159,4,119
cast19,inv,15,0.01,active_cv,96,1541,1039,0,0,0.0,0.19954424074542704,0.07154412152839962,0.0077176132098332436,0.01,159,4,119
cast19,inv,15,0.01,weighted_cvl,96,1521,1039,0,0,0.0,0.07155901904880249,0.07154412152839962,0.0077176132098332436,0.01,159,4,119
cast19,inv,15,0.01,uniform,97,1364,1007,0,0,0.0,0.5005921426356265,0.09184517201555618,0.02643536105240238,0.01,159,4,86
cast19,inv,15,0.01,uniform_nz,97,1392,1007,0,0,0.0,0.24884963899295687,0.09184517201555618,0.02643536105240238,0.01,159,4,86
cast19,inv,15,0.01,weighted,97,1354,1007,0,0,0.0,0.09184517201555618,0.09184517201555618,0.02643536105240238,0.01,159,4,86
cast19,inv,15,0.01,active_judge,97,1377,1007,0,0,0.0,0.22673392401017534,0.09184517201555618,0.02643536105240238,0.01,159,4,86
cast19,inv,15,0.01,strat_pilot,97,1353,1007,0,0,0.0,0.09185457652783152,0.09184517201555618,0.02643536105240238,0.01,159,4,86
cast19,inv,15,0.01,weighted_cv,97,1327,1007,0,0,0.0,0.09471318375089965,0.09184517201555618,0.02643536105240238,0.01,159,4,86
cast19,inv,15,0.01,active_cv,97,1362,1007,0,0,0.0,0.2487686357561043,0.09184517201555618,0.02643536105240238,0.01,159,4,86
cast19,inv,15,0.01,weighted_cvl,97,1344,1007,0,0,0.0,0.09184517201555618,0.09184517201555618,0.02643536105240238,0.01,159,4,86
cast19,inv,15,0.01,uniform,98,1353,992,0,0,0.01256974375855241,0.06854576501209178,0.028213746193760814,0.016056784275908665,-0.0025697437585524095,159,4,86
cast19,inv,15,0.01,uniform_nz,98,1304,992,0,0,0.01256974375855241,0.030349970086981547,0.028213746193760814,0.016056784275908665,-0.0025697437585524095,159,4,86
cast19,inv,15,0.01,weighted,98,1320,992,0,0,0.01256974375855241,0.028213746193760814,0.028213746193760814,0.016056784275908665,-0.0025697437585524095,159,4,86
cast19,inv,15,0.01,active_judge,98,1306,992,0,0,0.01256974375855241,0.06843837503700444,0.028213746193760814,0.016056784275908665,-0.0025697437585524095,159,4,86
cast19,inv,15,0.01,strat_pilot,98,1334,992,0,0,0.01256974375855241,0.028186842004426595,0.028213746193760814,0.016056784275908665,-0.0025697437585524095,159,4,86
cast19,inv,15,0.01,weighted_cv,98,1326,992,0,0,0.01256974375855241,0.035492843649767285,0.028213746193760814,0.016056784275908665,-0.0025697437585524095,159,4,86
cast19,inv,15,0.01,active_cv,98,1346,992,0,0,0.01256974375855241,0.08359736367164111,0.028213746193760814,0.016056784275908665,-0.0025697437585524095,159,4,86
cast19,inv,15,0.01,weighted_cvl,98,1358,992,0,0,0.01256974375855241,0.028213746193760814,0.028213746193760814,0.016056784275908665,-0.0025697437585524095,159,4,86
cast19,inv,15,0.01,uniform,99,1346,1022,0,0,0.0,0.32257418418439665,0.06969239057264656,0.015134003675614249,0.01,159,4,86
cast19,inv,15,0.01,uniform_nz,99,1354,1022,0,0,0.0,0.12707157399940913,0.06969239057264656,0.015134003675614249,0.01,159,4,86
cast19,inv,15,0.01,weighted,99,1355,1022,0,0,0.0,0.06969239057264656,0.06969239057264656,0.015134003675614249,0.01,159,4,86
cast19,inv,15,0.01,active_judge,99,1334,1022,0,0,0.0,0.20867279929258858,0.06969239057264656,0.015134003675614249,0.01,159,4,86
cast19,inv,15,0.01,strat_pilot,99,1361,1022,0,0,0.0,0.06971003827353735,0.06969239057264656,0.015134003675614249,0.01,159,4,86
cast19,inv,15,0.01,weighted_cv,99,1353,1022,0,0,0.0,0.07300541406774376,0.06969239057264656,0.015134003675614249,0.01,159,4,86
cast19,inv,15,0.01,active_cv,99,1323,1022,0,0,0.0,0.2240679451343636,0.06969239057264656,0.015134003675614249,0.01,159,4,86
cast19,inv,15,0.01,weighted_cvl,99,1352,1022,0,0,0.0,0.06969239057264656,0.06969239057264656,0.015134003675614249,0.01,159,4,86
cast19,inv,15,0.01,uniform,100,1345,1004,0,0,0.003695932562581994,0.07983266836929197,0.027555760007388852,0.019174668369798933,0.006304067437418006,159,4,86
cast19,inv,15,0.01,uniform_nz,100,1344,1004,0,0,0.003695932562581994,0.030074734992655127,0.027555760007388852,0.019174668369798933,0.006304067437418006,159,4,86
cast19,inv,15,0.01,weighted,100,1326,1004,0,0,0.003695932562581994,0.027555760007388852,0.027555760007388852,0.019174668369798933,0.006304067437418006,159,4,86
cast19,inv,15,0.01,active_judge,100,1323,1004,0,0,0.003695932562581994,0.057698610632989145,0.027555760007388852,0.019174668369798933,0.006304067437418006,159,4,86
cast19,inv,15,0.01,strat_pilot,100,1339,1004,0,0,0.003695932562581994,0.027491263272551626,0.027555760007388852,0.019174668369798933,0.006304067437418006,159,4,86
cast19,inv,15,0.01,weighted_cv,100,1339,1004,0,0,0.003695932562581994,0.040171424127150177,0.027555760007388852,0.019174668369798933,0.006304067437418006,159,4,86
cast19,inv,15,0.01,active_cv,100,1345,1004,0,0,0.003695932562581994,0.086486655667596,0.027555760007388852,0.019174668369798933,0.006304067437418006,159,4,86
cast19,inv,15,0.01,weighted_cvl,100,1347,1004,0,0,0.003695932562581994,0.027555760007388852,0.027555760007388852,0.019174668369798933,0.006304067437418006,159,4,86
cast19,inv,15,0.01,uniform,101,1267,991,0,0,0.0,0.3497861036398575,0.03759895553529038,0.018160483522325643,0.01,159,4,69
cast19,inv,15,0.01,uniform_nz,101,1261,991,0,0,0.0,0.09440092603232042,0.03759895553529038,0.018160483522325643,0.01,159,4,69
cast19,inv,15,0.01,weighted,101,1264,991,0,0,0.0,0.03759895553529038,0.03759895553529038,0.018160483522325643,0.01,159,4,69
cast19,inv,15,0.01,active_judge,101,1246,991,0,0,0.0,0.1058495931398559,0.03759895553529038,0.018160483522325643,0.01,159,4,69
cast19,inv,15,0.01,strat_pilot,101,1253,991,1,0,0.0,0.03751746495904006,0.03759895553529038,0.018160483522325643,0.01,159,4,69
cast19,inv,15,0.01,weighted_cv,101,1254,991,0,0,0.0,0.04357145587655096,0.03759895553529038,0.018160483522325643,0.01,159,4,69
cast19,inv,15,0.01,active_cv,101,1260,991,0,0,0.0,0.11181249036518848,0.03759895553529038,0.018160483522325643,0.01,159,4,69
cast19,inv,15,0.01,weighted_cvl,101,1268,991,0,0,0.0,0.03759895553529038,0.03759895553529038,0.018160483522325643,0.01,159,4,69
cast19,inv,15,0.01,uniform,102,1501,1031,0,0,0.0,0.3049727642043911,0.12188902171539746,0.02156231225577067,0.01,159,4,119
cast19,inv,15,0.01,uniform_nz,102,1488,1031,0,0,0.0,0.19364759677527843,0.12188902171539746,0.02156231225577067,0.01,159,4,119
cast19,inv,15,0.01,weighted,102,1518,1031,0,0,0.0,0.12188902171539746,0.12188902171539746,0.02156231225577067,0.01,159,4,119
cast19,inv,15,0.01,active_judge,102,1523,1031,0,0,0.0,0.22813381480800604,0.12188902171539746,0.02156231225577067,0.01,159,4,119
cast19,inv,15,0.01,strat_pilot,102,1496,1031,0,0,0.0,0.1220930872176856,0.12188902171539746,0.02156231225577067,0.01,159,4,119
cast19,inv,15,0.01,weighted_cv,102,1489,1031,0,0,0.0,0.16399977584478959,0.12188902171539746,0.02156231225577067,0.01,159,4,119
cast19,inv,15,0.01,active_cv,102,1537,1031,0,0,0.0,0.3160327109778068,0.12188902171539746,0.02156231225577067,0.01,159,4,119
cast19,inv,15,0.01,weighted_cvl,102,1482,1031,0,0,0.0,0.12188902171539746,0.12188902171539746,0.02156231225577067,0.01,159,4,119
cast19,inv,15,0.01,uniform,103,1330,982,0,0,0.008630292728056765,0.12507768643528644,0.043035030030339004,0.023708115628781244,0.0013697072719432348,159,4,86
cast19,inv,15,0.01,uniform_nz,103,1317,982,0,0,0.008630292728056765,0.04813522361068166,0.043035030030339004,0.023708115628781244,0.0013697072719432348,159,4,86
cast19,inv,15,0.01,weighted,103,1313,982,0,0,0.008630292728056765,0.043035030030339004,0.043035030030339004,0.023708115628781244,0.0013697072719432348,159,4,86
cast19,inv,15,0.01,active_judge,103,1334,982,0,0,0.008630292728056765,0.08608338962773239,0.043035030030339004,0.023708115628781244,0.0013697072719432348,159,4,86
cast19,inv,15,0.01,strat_pilot,103,1331,982,0,0,0.008630292728056765,0.043043113980849965,0.043035030030339004,0.023708115628781244,0.0013697072719432348,159,4,86
cast19,inv,15,0.01,weighted_cv,103,1283,982,0,0,0.008630292728056765,0.04658294420277199,0.043035030030339004,0.023708115628781244,0.0013697072719432348,159,4,86
cast19,inv,15,0.01,active_cv,103,1325,982,0,0,0.008630292728056765,0.09231385043727822,0.043035030030339004,0.023708115628781244,0.0013697072719432348,159,4,86
cast19,inv,15,0.01,weighted_cvl,103,1294,982,0,0,0.008630292728056765,0.044302009639318726,0.043035030030339004,0.023708115628781244,0.0013697072719432348,159,4,86
cast19,inv,15,0.01,uniform,104,1369,981,0,0,0.0,0.7675591806029198,0.07350112404642742,0.03163356883055025,0.01,159,4,86
cast19,inv,15,0.01,uniform_nz,104,1307,981,0,0,0.0,0.31315275718357954,0.07350112404642742,0.03163356883055025,0.01,159,4,86
cast19,inv,15,0.01,weighted,104,1301,981,1,0,0.0,0.07350112404642742,0.07350112404642742,0.03163356883055025,0.01,159,4,86
cast19,inv,15,0.01,active_judge,104,1315,981,0,0,0.0,0.23052964702627804,0.07350112404642742,0.03163356883055025,0.01,159,4,86
cast19,inv,15,0.01,strat_pilot,104,1350,981,0,0,0.0,0.07353947014811318,0.07350112404642742,0.03163356883055025,0.01,159,4,86
cast19,inv,15,0.01,weighted_cv,104,1343,981,0,0,0.0,0.08247265295766724,0.07350112404642742,0.03163356883055025,0.01,159,4,86
cast19,inv,15,0.01,active_cv,104,1322,981,0,0,0.0,0.2534491267579465,0.07350112404642742,0.03163356883055025,0.01,159,4,86
cast19,inv,15,0.01,weighted_cvl,104,1314,981,0,0,0.0,0.07350112404642742,0.07350112404642742,0.03163356883055025,0.01,159,4,86
cast19,inv,15,0.01,uniform,105,1354,975,0,0,0.004383888498224464,0.1535774602834778,0.05468634269149306,0.013655721630886523,0.005616111501775536,159,4,86
cast19,inv,15,0.01,uniform_nz,105,1328,975,0,0,0.004383888498224464,0.06307578330131514,0.05468634269149306,0.013655721630886523,0.005616111501775536,159,4,86
cast19,inv,15,0.01,weighted,105,1315,975,0,0,0.004383888498224464,0.05468634269149306,0.05468634269149306,0.013655721630886523,0.005616111501775536,159,4,86
cast19,inv,15,0.01,active_judge,105,1302,975,0,0,0.004383888498224464,0.11060649349923261,0.05468634269149306,0.013655721630886523,0.005616111501775536,159,4,86
cast19,inv,15,0.01,strat_pilot,105,1324,975,0,0,0.004383888498224464,0.05468609764858682,0.05468634269149306,0.013655721630886523,0.005616111501775536,159,4,86
cast19,inv,15,0.01,weighted_cv,105,1289,975,0,0,0.004383888498224464,0.06177862618560346,0.05468634269149306,0.013655721630886523,0.005616111501775536,159,4,86
cast19,inv,15,0.01,active_cv,105,1302,975,0,0,0.004383888498224464,0.12045337618673897,0.05468634269149306,0.013655721630886523,0.005616111501775536,159,4,86
cast19,inv,15,0.01,weighted_cvl,105,1301,975,0,0,0.004383888498224464,0.05468634269149306,0.05468634269149306,0.013655721630886523,0.005616111501775536,159,4,86
cast19,inv,15,0.01,uniform,106,1337,889,0,0,0.0,0.5454560267623515,0.07589165705624074,0.012993936447625046,0.01,159,4,119
cast19,inv,15,0.01,uniform_nz,106,1354,889,0,0,0.0,0.4247238191356023,0.07589165705624074,0.012993936447625046,0.01,159,4,119
cast19,inv,15,0.01,weighted,106,1372,889,0,0,0.0,0.07589165705624074,0.07589165705624074,0.012993936447625046,0.01,159,4,119
cast19,inv,15,0.01,active_judge,106,1384,889,0,0,0.0,0.1949024311495598,0.07589165705624074,0.012993936447625046,0.01,159,4,119
cast19,inv,15,0.01,strat_pilot,106,1353,889,1,0,0.0,0.07597260234920167,0.07589165705624074,0.012993936447625046,0.01,159,4,119
cast19,inv,15,0.01,weighted_cv,106,1341,889,0,0,0.0,0.10279743115497184,0.07589165705624074,0.012993936447625046,0.01,159,4,119
cast19,inv,15,0.01,active_cv,106,1361,889,0,0,0.0,0.2538021797565567,0.07589165705624074,0.012993936447625046,0.01,159,4,119
cast19,inv,15,0.01,weighted_cvl,106,1336,889,0,0,0.0,0.07589165705624074,0.07589165705624074,0.012993936447625046,0.01,159,4,119
cast19,inv,15,0.01,uniform,107,1326,1001,0,0,0.0071729954273220264,0.17536169299383092,0.041291957996750485,0.021846230133516442,0.0028270045726779738,159,4,86
cast19,inv,15,0.01,uniform_nz,107,1347,1001,0,0,0.0071729954273220264,0.08814733323307905,0.041291957996750485,0.021846230133516442,0.0028270045726779738,159,4,86
cast19,inv,15,0.01,weighted,107,1331,1001,0,0,0.0071729954273220264,0.041291957996750485,0.041291957996750485,0.021846230133516442,0.0028270045726779738,159,4,86
cast19,inv,15,0.01,active_judge,107,1317,1001,0,0,0.0071729954273220264,0.08851107122749043,0.041291957996750485,0.021846230133516442,0.0028270045726779738,159,4,86
cast19,inv,15,0.01,strat_pilot,107,1316,1001,0,0,0.0071729954273220264,0.041291777669925436,0.041291957996750485,0.021846230133516442,0.0028270045726779738,159,4,86
cast19,inv,15,0.01,weighted_cv,107,1331,1001,0,0,0.0071729954273220264,0.04312258025072754,0.041291957996750485,0.021846230133516442,0.0028270045726779738,159,4,86
cast19,inv,15,0.01,active_cv,107,1337,1001,0,0,0.0071729954273220264,0.09141108938090756,0.041291957996750485,0.021846230133516442,0.0028270045726779738,159,4,86
cast19,inv,15,0.01,weighted_cvl,107,1344,1001,0,0,0.0071729954273220264,0.041291957996750485,0.041291957996750485,0.021846230133516442,0.0028270045726779738,159,4,86
cast19,inv,15,0.01,uniform,108,1475,974,0,0,0.0,0.4314564164865701,0.10759401553937505,0.041776826200974816,0.01,159,4,119
cast19,inv,15,0.01,uniform_nz,108,1444,974,0,0,0.0,0.2996056306749656,0.10759401553937505,0.041776826200974816,0.01,159,4,119
cast19,inv,15,0.01,weighted,108,1435,974,0,0,0.0,0.10759401553937505,0.10759401553937505,0.041776826200974816,0.01,159,4,119
cast19,inv,15,0.01,active_judge,108,1445,974,0,0,0.0,0.23683196122132114,0.10759401553937505,0.041776826200974816,0.01,159,4,119
cast19,inv,15,0.01,strat_pilot,108,1466,974,0,0,0.0,0.10766737619701675,0.10759401553937505,0.041776826200974816,0.01,159,4,119
cast19,inv,15,0.01,weighted_cv,108,1431,974,1,0,0.0,0.13972962617636503,0.10759401553937505,0.041776826200974816,0.01,159,4,119
cast19,inv,15,0.01,active_cv,108,1462,974,0,0,0.0,0.3652382203205734,0.10759401553937505,0.041776826200974816,0.01,159,4,119
cast19,inv,15,0.01,weighted_cvl,108,1442,974,0,0,0.0,0.10759401553937505,0.10759401553937505,0.041776826200974816,0.01,159,4,119
cast19,inv,15,0.01,uniform,109,1347,987,0,0,0.0,0.5866402751465606,0.06793052579343764,0.04143488743798342,0.01,159,4,86
cast19,inv,15,0.01,uniform_nz,109,1335,987,0,0,0.0,0.3214200630145592,0.06793052579343764,0.04143488743798342,0.01,159,4,86
cast19,inv,15,0.01,weighted,109,1346,987,0,0,0.0,0.06793052579343764,0.06793052579343764,0.04143488743798342,0.01,159,4,86
cast19,inv,15,0.01,active_judge,109,1351,987,0,0,0.0,0.17622132356080603,0.06793052579343764,0.04143488743798342,0.01,159,4,86
cast19,inv,15,0.01,strat_pilot,109,1304,987,0,0,0.0,0.06793520201018637,0.06793052579343764,0.04143488743798342,0.01,159,4,86
cast19,inv,15,0.01,weighted_cv,109,1348,987,0,0,0.0,0.08388806030129611,0.06793052579343764,0.04143488743798342,0.01,159,4,86
cast19,inv,15,0.01,active_cv,109,1354,987,0,0,0.0,0.21426542034511048,0.06793052579343764,0.04143488743798342,0.01,159,4,86
cast19,inv,15,0.01,weighted_cvl,109,1334,987,0,0,0.0,0.06793052579343764,0.06793052579343764,0.04143488743798342,0.01,159,4,86
cast19,inv,15,0.01,uniform,110,1326,962,0,0,0.0,0.5280392984779855,0.04891546058095702,0.05113818951086752,0.01,159,4,86
cast19,inv,15,0.01,uniform_nz,110,1317,962,0,0,0.0,0.2886286298245594,0.04891546058095702,0.05113818951086752,0.01,159,4,86
cast19,inv,15,0.01,weighted,110,1320,962,0,0,0.0,0.04891546058095702,0.04891546058095702,0.05113818951086752,0.01,159,4,86
cast19,inv,15,0.01,active_judge,110,1306,962,0,0,0.0,0.11298797782320555,0.04891546058095702,0.05113818951086752,0.01,159,4,86
cast19,inv,15,0.01,strat_pilot,110,1308,962,0,0,0.0,0.04887841466351808,0.04891546058095702,0.05113818951086752,0.01,159,4,86
cast19,inv,15,0.01,weighted_cv,110,1278,962,0,0,0.0,0.06597228055916533,0.04891546058095702,0.05113818951086752,0.01,159,4,86
cast19,inv,15,0.01,active_cv,110,1293,962,0,0,0.0,0.13994269074179744,0.04891546058095702,0.05113818951086752,0.01,159,4,86
cast19,inv,15,0.01,weighted_cvl,110,1291,962,0,0,0.0,0.04891546058095702,0.04891546058095702,0.05113818951086752,0.01,159,4,86
cast19,inv,15,0.01,uniform,111,1324,1002,0,0,0.0,1.0042020397753337,0.10317942123949493,0.04920346974720039,0.01,159,4,86
cast19,inv,15,0.01,uniform_nz,111,1365,1002,0,0,0.0,0.4785764223957072,0.10317942123949493,0.04920346974720039,0.01,159,4,86
cast19,inv,15,0.01,weighted,111,1369,1002,0,0,0.0,0.10317942123949493,0.10317942123949493,0.04920346974720039,0.01,159,4,86
cast19,inv,15,0.01,active_judge,111,1339,1002,0,0,0.0,0.28878973920238693,0.10317942123949493,0.04920346974720039,0.01,159,4,86
cast19,inv,15,0.01,strat_pilot,111,1358,1002,0,0,0.0,0.1032012843925422,0.10317942123949493,0.04920346974720039,0.01,159,4,86
cast19,inv,15,0.01,weighted_cv,111,1356,1002,0,0,0.0,0.11832940279829471,0.10317942123949493,0.04920346974720039,0.01,159,4,86
cast19,inv,15,0.01,active_cv,111,1345,1002,1,0,0.0,0.3221796088483352,0.10317942123949493,0.04920346974720039,0.01,159,4,86
cast19,inv,15,0.01,weighted_cvl,111,1349,1002,0,0,0.0,0.10317942123949493,0.10317942123949493,0.04920346974720039,0.01,159,4,86
cast19,inv,15,0.01,uniform,112,1457,977,0,0,0.0,0.20893054613625167,0.09912891775113564,0.01824831211973864,0.01,159,4,119
cast19,inv,15,0.01,uniform_nz,112,1472,977,0,0,0.0,0.1276902006291853,0.09912891775113564,0.01824831211973864,0.01,159,4,119
cast19,inv,15,0.01,weighted,112,1457,977,0,0,0.0,0.09912891775113564,0.09912891775113564,0.01824831211973864,0.01,159,4,119
cast19,inv,15,0.01,active_judge,112,1455,977,0,0,0.0,0.2597517215963119,0.09912891775113564,0.01824831211973864,0.01,159,4,119
cast19,inv,15,0.01,strat_pilot,112,1455,977,0,0,0.0,0.09939860458941321,0.09912891775113564,0.01824831211973864,0.01,159,4,119
cast19,inv,15,0.01,weighted_cv,112,1451,977,0,0,0.0,0.1415216651021061,0.09912891775113564,0.01824831211973864,0.01,159,4,119
cast19,inv,15,0.01,active_cv,112,1456,977,0,0,0.0,0.37487465379424717,0.09912891775113564,0.01824831211973864,0.01,159,4,119
cast19,inv,15,0.01,weighted_cvl,112,1454,977,0,0,0.0,0.09912891775113564,0.09912891775113564,0.01824831211973864,0.01,159,4,119
cast19,inv,15,0.01,uniform,113,1323,965,0,0,0.0,0.7748343958207686,0.08511263286926551,0.030324723261238945,0.01,159,4,86
cast19,inv,15,0.01,uniform_nz,113,1296,965,0,0,0.0,0.30519595374693786,0.08511263286926551,0.030324723261238945,0.01,159,4,86
cast19,inv,15,0.01,weighted,113,1305,965,0,0,0.0,0.08511263286926551,0.08511263286926551,0.030324723261238945,0.01,159,4,86
cast19,inv,15,0.01,active_judge,113,1283,965,0,0,0.0,0.1884737048851345,0.08511263286926551,0.030324723261238945,0.01,159,4,86
cast19,inv,15,0.01,strat_pilot,113,1349,965,0,0,0.0,0.0851133965445955,0.08511263286926551,0.030324723261238945,0.01,159,4,86
cast19,inv,15,0.01,weighted_cv,113,1300,965,0,0,0.0,0.09468215308618641,0.08511263286926551,0.030324723261238945,0.01,159,4,86
cast19,inv,15,0.01,active_cv,113,1283,965,0,0,0.0,0.21507449673948137,0.08511263286926551,0.030324723261238945,0.01,159,4,86
cast19,inv,15,0.01,weighted_cvl,113,1289,965,0,0,0.0,0.08511263286926551,0.08511263286926551,0.030324723261238945,0.01,159,4,86
cast19,inv,15,0.01,uniform,114,1219,965,0,0,0.0,0.1847229618451316,0.029218573172823375,0.027944607894685294,0.01,159,4,69
cast19,inv,15,0.01,uniform_nz,114,1223,965,0,0,0.0,0.06260459159417582,0.029218573172823375,0.027944607894685294,0.01,159,4,69
cast19,inv,15,0.01,weighted,114,1214,965,0,0,0.0,0.029218573172823375,0.029218573172823375,0.027944607894685294,0.01,159,4,69
cast19,inv,15,0.01,active_judge,114,1216,965,0,0,0.0,0.0886826316503446,0.029218573172823375,0.027944607894685294,0.01,159,4,69
cast19,inv,15,0.01,strat_pilot,114,1230,965,0,0,0.0,0.02894980774781526,0.029218573172823375,0.027944607894685294,0.01,159,4,69
cast19,inv,15,0.01,weighted_cv,114,1240,965,0,0,0.0,0.03418908283652333,0.029218573172823375,0.027944607894685294,0.01,159,4,69
cast19,inv,15,0.01,active_cv,114,1237,965,0,0,0.0,0.09919516273124117,0.029218573172823375,0.027944607894685294,0.01,159,4,69
cast19,inv,15,0.01,weighted_cvl,114,1245,965,0,0,0.0,0.029218573172823375,0.029218573172823375,0.027944607894685294,0.01,159,4,69
cast19,inv,15,0.01,uniform,115,1302,971,0,0,0.0,0.14359020210125242,0.05364299792048253,0.07129302830625352,0.01,159,4,86
cast19,inv,15,0.01,uniform_nz,115,1320,971,0,0,0.0,0.05931179532108614,0.05364299792048253,0.07129302830625352,0.01,159,4,86
cast19,inv,15,0.01,weighted,115,1318,971,0,0,0.0,0.05364299792048253,0.05364299792048253,0.07129302830625352,0.01,159,4,86
cast19,inv,15,0.01,active_judge,115,1328,971,0,0,0.0,0.14067043342930868,0.05364299792048253,0.07129302830625352,0.01,159,4,86
cast19,inv,15,0.01,strat_pilot,115,1318,971,0,0,0.0,0.053496262447422116,0.05364299792048253,0.07129302830625352,0.01,159,4,86
cast19,inv,15,0.01,weighted_cv,115,1309,971,0,0,0.0,0.06760671386248376,0.05364299792048253,0.07129302830625352,0.01,159,4,86
cast19,inv,15,0.01,active_cv,115,1324,971,0,0,0.0,0.16381830701185124,0.05364299792048253,0.07129302830625352,0.01,159,4,86
cast19,inv,15,0.01,weighted_cvl,115,1333,971,0,0,0.0,0.05364299792048253,0.05364299792048253,0.07129302830625352,0.01,159,4,86
cast19,inv,15,0.01,uniform,116,1380,1024,0,0,0.020998234068679567,0.1400069588416803,0.05623437216320448,0.009655006237014783,-0.010998234068679566,159,4,86
cast19,inv,15,0.01,uniform_nz,116,1339,1024,0,0,0.020998234068679567,0.06479723470486173,0.05623437216320448,0.009655006237014783,-0.010998234068679566,159,4,86
cast19,inv,15,0.01,weighted,116,1371,1024,0,0,0.020998234068679567,0.05623437216320448,0.05623437216320448,0.009655006237014783,-0.010998234068679566,159,4,86
cast19,inv,15,0.01,active_judge,116,1372,1024,0,0,0.020998234068679567,0.11025732067814634,0.05623437216320448,0.009655006237014783,-0.010998234068679566,159,4,86
cast19,inv,15,0.01,strat_pilot,116,1371,1024,0,0,0.020998234068679567,0.05622103504281526,0.05623437216320448,0.009655006237014783,-0.010998234068679566,159,4,86
cast19,inv,15,0.01,weighted_cv,116,1349,1024,0,0,0.020998234068679567,0.0605222614435638,0.05623437216320448,0.009655006237014783,-0.010998234068679566,159,4,86
cast19,inv,15,0.01,active_cv,116,1362,1024,0,0,0.020998234068679567,0.1217520696578324,0.05623437216320448,0.009655006237014783,-0.010998234068679566,159,4,86
cast19,inv,15,0.01,weighted_cvl,116,1376,1024,0,0,0.020998234068679567,0.05623437216320448,0.05623437216320448,0.009655006237014783,-0.010998234068679566,159,4,86
cast19,inv,15,0.01,uniform,117,1441,999,0,0,0.0,0.490271580935007,0.10242007614572013,0.03168856583321855,0.01,159,4,119
cast19,inv,15,0.01,uniform_nz,117,1496,999,0,0,0.0,0.27836348551322804,0.10242007614572013,0.03168856583321855,0.01,159,4,119
cast19,inv,15,0.01,weighted,117,1495,999,0,0,0.0,0.10242007614572013,0.10242007614572013,0.03168856583321855,0.01,159,4,119
cast19,inv,15,0.01,active_judge,117,1479,999,0,0,0.0,0.23706495439598899,0.10242007614572013,0.03168856583321855,0.01,159,4,119
cast19,inv,15,0.01,strat_pilot,117,1455,999,0,0,0.0,0.10267574564786144,0.10242007614572013,0.03168856583321855,0.01,159,4,119
cast19,inv,15,0.01,weighted_cv,117,1472,999,1,0,0.0,0.13990992925783946,0.10242007614572013,0.03168856583321855,0.01,159,4,119
cast19,inv,15,0.01,active_cv,117,1486,999,0,0,0.0,0.32182535694789294,0.10242007614572013,0.03168856583321855,0.01,159,4,119
cast19,inv,15,0.01,weighted_cvl,117,1494,999,1,0,0.0,0.10242007614572013,0.10242007614572013,0.03168856583321855,0.01,159,4,119
cast19,inv,15,0.01,uniform,118,1303,967,0,0,0.0,0.7380991070674019,0.0918083008777469,0.06676806283634253,0.01,159,4,86
cast19,inv,15,0.01,uniform_nz,118,1317,967,0,0,0.0,0.30422994430454126,0.0918083008777469,0.06676806283634253,0.01,159,4,86
cast19,inv,15,0.01,weighted,118,1323,967,0,0,0.0,0.0918083008777469,0.0918083008777469,0.06676806283634253,0.01,159,4,86
cast19,inv,15,0.01,active_judge,118,1331,967,0,0,0.0,0.23409996146156087,0.0918083008777469,0.06676806283634253,0.01,159,4,86
cast19,inv,15,0.01,strat_pilot,118,1320,967,0,0,0.0,0.09170741507463098,0.0918083008777469,0.06676806283634253,0.01,159,4,86
cast19,inv,15,0.01,weighted_cv,118,1311,967,0,0,0.0,0.11201228021802914,0.0918083008777469,0.06676806283634253,0.01,159,4,86
cast19,inv,15,0.01,active_cv,118,1292,967,0,0,0.0,0.2665072677221016,0.0918083008777469,0.06676806283634253,0.01,159,4,86
cast19,inv,15,0.01,weighted_cvl,118,1333,967,0,0,0.0,0.0918083008777469,0.0918083008777469,0.06676806283634253,0.01,159,4,86
cast19,inv,15,0.01,uniform,119,1339,999,0,0,0.0,0.09070043973867796,0.03876471269400414,0.02690929627386418,0.01,159,4,86
cast19,inv,15,0.01,uniform_nz,119,1335,999,0,0,0.0,0.042469191653919616,0.03876471269400414,0.02690929627386418,0.01,159,4,86
cast19,inv,15,0.01,weighted,119,1323,999,0,0,0.0,0.03876471269400414,0.03876471269400414,0.02690929627386418,0.01,159,4,86
cast19,inv,15,0.01,active_judge,119,1339,999,0,0,0.0,0.07959190929930526,0.03876471269400414,0.02690929627386418,0.01,159,4,86
cast19,inv,15,0.01,strat_pilot,119,1319,999,0,0,0.0,0.038775432742076246,0.03876471269400414,0.02690929627386418,0.01,159,4,86
cast19,inv,15,0.01,weighted_cv,119,1332,999,0,0,0.0,0.05035986244839681,0.03876471269400414,0.02690929627386418,0.01,159,4,86
cast19,inv,15,0.01,active_cv,119,1360,999,0,0,0.0,0.10393408281525127,0.03876471269400414,0.02690929627386418,0.01,159,4,86
cast19,inv,15,0.01,weighted_cvl,119,1323,999,0,0,0.0,0.03870946689390849,0.03876471269400414,0.02690929627386418,0.01,159,4,86
cast19,inv,15,0.01,uniform,120,1201,945,0,0,0.0,0.07226230065612453,0.0199912915281028,0.03750431332513376,0.01,159,4,69
cast19,inv,15,0.01,uniform_nz,120,1192,945,0,0,0.0,0.02364401771793888,0.0199912915281028,0.03750431332513376,0.01,159,4,69
cast19,inv,15,0.01,weighted,120,1206,945,0,0,0.0,0.0199912915281028,0.0199912915281028,0.03750431332513376,0.01,159,4,69
cast19,inv,15,0.01,active_judge,120,1232,945,0,0,0.0,0.05949179755106816,0.0199912915281028,0.03750431332513376,0.01,159,4,69
cast19,inv,15,0.01,strat_pilot,120,1223,945,0,0,0.0,0.01984255915780123,0.0199912915281028,0.03750431332513376,0.01,159,4,69
cast19,inv,15,0.01,weighted_cv,120,1203,945,0,0,0.0,0.025476682045925382,0.0199912915281028,0.03750431332513376,0.01,159,4,69
cast19,inv,15,0.01,active_cv,120,1215,945,0,0,0.0,0.07632887309081524,0.0199912915281028,0.03750431332513376,0.01,159,4,69
cast19,inv,15,0.01,weighted_cvl,120,1206,945,0,0,0.0,0.020002602075503296,0.0199912915281028,0.03750431332513376,0.01,159,4,69
cast19,inv,15,0.01,uniform,121,1182,921,0,0,0.0,0.1021308596841416,0.030805580150741797,0.017761482798247488,0.01,159,4,68
cast19,inv,15,0.01,uniform_nz,121,1208,921,0,0,0.0,0.03554199510122546,0.030805580150741797,0.017761482798247488,0.01,159,4,68
cast19,inv,15,0.01,weighted,121,1219,921,0,0,0.0,0.030805580150741797,0.030805580150741797,0.017761482798247488,0.01,159,4,68
cast19,inv,15,0.01,active_judge,121,1195,921,0,0,0.0,0.07268281940008085,0.030805580150741797,0.017761482798247488,0.01,159,4,68
cast19,inv,15,0.01,strat_pilot,121,1192,921,1,0,0.0,0.03062339035424554,0.030805580150741797,0.017761482798247488,0.01,159,4,68
cast19,inv,15,0.01,weighted_cv,121,1181,921,0,0,0.0,0.039724005129996895,0.030805580150741797,0.017761482798247488,0.01,159,4,68
cast19,inv,15,0.01,active_cv,121,1187,921,0,0,0.0,0.08441228200158243,0.030805580150741797,0.017761482798247488,0.01,159,4,68
cast19,inv,15,0.01,weighted_cvl,121,1197,921,0,0,0.0,0.03144885998092676,0.030805580150741797,0.017761482798247488,0.01,159,4,68
cast19,inv,15,0.01,uniform,122,1292,954,0,0,0.011921992165461692,0.09871865293206737,0.03790217995707369,0.01746456464842821,-0.001921992165461692,159,4,86
cast19,inv,15,0.01,uniform_nz,122,1325,954,0,0,0.011921992165461692,0.04420085668305059,0.03790217995707369,0.01746456464842821,-0.001921992165461692,159,4,86
cast19,inv,15,0.01,weighted,122,1332,954,0,0,0.011921992165461692,0.03790217995707369,0.03790217995707369,0.01746456464842821,-0.001921992165461692,159,4,86
cast19,inv,15,0.01,active_judge,122,1300,954,0,0,0.011921992165461692,0.0775617924748456,0.03790217995707369,0.01746456464842821,-0.001921992165461692,159,4,86
cast19,inv,15,0.01,strat_pilot,122,1282,954,0,0,0.011921992165461692,0.03789851425339387,0.03790217995707369,0.01746456464842821,-0.001921992165461692,159,4,86
cast19,inv,15,0.01,weighted_cv,122,1259,954,0,0,0.011921992165461692,0.04229889120909002,0.03790217995707369,0.01746456464842821,-0.001921992165461692,159,4,86
cast19,inv,15,0.01,active_cv,122,1292,954,0,0,0.011921992165461692,0.0871558596806798,0.03790217995707369,0.01746456464842821,-0.001921992165461692,159,4,86
cast19,inv,15,0.01,weighted_cvl,122,1293,954,0,0,0.011921992165461692,0.03790217995707369,0.03790217995707369,0.01746456464842821,-0.001921992165461692,159,4,86
cast19,inv,15,0.01,uniform,123,1301,977,0,0,0.0,0.3234577804738308,0.11134929648733638,0.06430864085884948,0.01,159,4,86
cast19,inv,15,0.01,uniform_nz,123,1308,977,0,0,0.0,0.1478228937393732,0.11134929648733638,0.06430864085884948,0.01,159,4,86
cast19,inv,15,0.01,weighted,123,1292,977,1,0,0.0,0.11134929648733638,0.11134929648733638,0.06430864085884948,0.01,159,4,86
cast19,inv,15,0.01,active_judge,123,1328,977,0,0,0.0,0.21035807632069276,0.11134929648733638,0.06430864085884948,0.01,159,4,86
cast19,inv,15,0.01,strat_pilot,123,1307,977,0,0,0.0,0.11134309512560563,0.11134929648733638,0.06430864085884948,0.01,159,4,86
cast19,inv,15,0.01,weighted_cv,123,1330,977,0,0,0.0,0.12135569179962151,0.11134929648733638,0.06430864085884948,0.01,159,4,86
cast19,inv,15,0.01,active_cv,123,1317,977,0,0,0.0,0.22666031629642544,0.11134929648733638,0.06430864085884948,0.01,159,4,86
cast19,inv,15,0.01,weighted_cvl,123,1304,977,0,0,0.0,0.11134929648733638,0.11134929648733638,0.06430864085884948,0.01,159,4,86
cast19,inv,15,0.01,uniform,124,1343,1010,1,0,0.006571946989672062,0.14245439961430323,0.0490037078167496,0.04327895292908047,0.0034280530103279385,159,4,86
cast19,inv,15,0.01,uniform_nz,124,1344,1010,0,0,0.006571946989672062,0.0578080758103374,0.0490037078167496,0.04327895292908047,0.0034280530103279385,159,4,86
cast19,inv,15,0.01,weighted,124,1342,1010,0,0,0.006571946989672062,0.0490037078167496,0.0490037078167496,0.04327895292908047,0.0034280530103279385,159,4,86
cast19,inv,15,0.01,active_judge,124,1350,1010,0,0,0.006571946989672062,0.10745815814179391,0.0490037078167496,0.04327895292908047,0.0034280530103279385,159,4,86
cast19,inv,15,0.01,strat_pilot,124,1357,1010,0,0,0.006571946989672062,0.04877982864398479,0.0490037078167496,0.04327895292908047,0.0034280530103279385,159,4,86
cast19,inv,15,0.01,weighted_cv,124,1359,1010,0,0,0.006571946989672062,0.05555181025462756,0.0490037078167496,0.04327895292908047,0.0034280530103279385,159,4,86
cast19,inv,15,0.01,active_cv,124,1368,1010,0,0,0.006571946989672062,0.11884542998586659,0.0490037078167496,0.04327895292908047,0.0034280530103279385,159,4,86
cast19,inv,15,0.01,weighted_cvl,124,1337,1010,0,0,0.006571946989672062,0.0490037078167496,0.0490037078167496,0.04327895292908047,0.0034280530103279385,159,4,86
cast19,inv,15,0.01,uniform,125,1318,992,0,0,0.007699542318434616,0.13996666789791173,0.04516016580822366,0.02103088261612289,0.0023004576815653845,159,4,86
cast19,inv,15,0.01,uniform_nz,125,1330,992,0,0,0.007699542318434616,0.05641846734052898,0.04516016580822366,0.02103088261612289,0.0023004576815653845,159,4,86
cast19,inv,15,0.01,weighted,125,1343,992,0,0,0.007699542318434616,0.04516016580822366,0.04516016580822366,0.02103088261612289,0.0023004576815653845,159,4,86
cast19,inv,15,0.01,active_judge,125,1346,992,0,0,0.007699542318434616,0.10239330832135041,0.04516016580822366,0.02103088261612289,0.0023004576815653845,159,4,86
cast19,inv,15,0.01,strat_pilot,125,1344,992,0,0,0.007699542318434616,0.04503232283305342,0.04516016580822366,0.02103088261612289,0.0023004576815653845,159,4,86
cast19,inv,15,0.01,weighted_cv,125,1330,992,0,0,0.007699542318434616,0.0500791930733113,0.04516016580822366,0.02103088261612289,0.0023004576815653845,159,4,86
cast19,inv,15,0.01,active_cv,125,1356,992,0,0,0.007699542318434616,0.11934738129279562,0.04516016580822366,0.02103088261612289,0.0023004576815653845,159,4,86
cast19,inv,15,0.01,weighted_cvl,125,1343,992,0,0,0.007699542318434616,0.04516016580822366,0.04516016580822366,0.02103088261612289,0.0023004576815653845,159,4,86
cast19,inv,15,0.01,uniform,126,1313,1008,0,0,0.012114954194951622,0.22123784652217116,0.06828490791684153,0.030726108104204078,-0.0021149541949516213,159,4,86
cast19,inv,15,0.01,uniform_nz,126,1349,1008,0,0,0.012114954194951622,0.10199899128496645,0.06828490791684153,0.030726108104204078,-0.0021149541949516213,159,4,86
cast19,inv,15,0.01,weighted,126,1319,1008,0,0,0.012114954194951622,0.06828490791684153,0.06828490791684153,0.030726108104204078,-0.0021149541949516213,159,4,86
cast19,inv,15,0.01,active_judge,126,1347,1008,0,0,0.012114954194951622,0.17040346993144323,0.06828490791684153,0.030726108104204078,-0.0021149541949516213,159,4,86
cast19,inv,15,0.01,strat_pilot,126,1327,1008,0,0,0.012114954194951622,0.0682291555401621,0.06828490791684153,0.030726108104204078,-0.0021149541949516213,159,4,86
cast19,inv,15,0.01,weighted_cv,126,1349,1008,0,0,0.012114954194951622,0.08371243331282345,0.06828490791684153,0.030726108104204078,-0.0021149541949516213,159,4,86
cast19,inv,15,0.01,active_cv,126,1368,1008,0,0,0.012114954194951622,0.19843052991878946,0.06828490791684153,0.030726108104204078,-0.0021149541949516213,159,4,86
cast19,inv,15,0.01,weighted_cvl,126,1356,1008,0,0,0.012114954194951622,0.06828490791684153,0.06828490791684153,0.030726108104204078,-0.0021149541949516213,159,4,86
cast19,inv,15,0.01,uniform,127,1318,982,0,0,0.0,0.14081792779301291,0.04238978424146541,0.015718214104437026,0.01,159,4,86
cast19,inv,15,0.01,uniform_nz,127,1327,982,0,0,0.0,0.06234326757761767,0.04238978424146541,0.015718214104437026,0.01,159,4,86
cast19,inv,15,0.01,weighted,127,1318,982,1,0,0.0,0.04238978424146541,0.04238978424146541,0.015718214104437026,0.01,159,4,86
cast19,inv,15,0.01,active_judge,127,1359,982,0,0,0.0,0.10466582641058766,0.04238978424146541,0.015718214104437026,0.01,159,4,86
cast19,inv,15,0.01,strat_pilot,127,1310,982,0,0,0.0,0.04216208993567422,0.04238978424146541,0.015718214104437026,0.01,159,4,86
cast19,inv,15,0.01,weighted_cv,127,1357,982,0,0,0.0,0.0531312936437891,0.04238978424146541,0.015718214104437026,0.01,159,4,86
cast19,inv,15,0.01,active_cv,127,1322,982,0,0,0.0,0.13716828600196979,0.04238978424146541,0.015718214104437026,0.01,159,4,86
cast19,inv,15,0.01,weighted_cvl,127,1307,982,0,0,0.0,0.04238978424146541,0.04238978424146541,0.015718214104437026,0.01,159,4,86
cast19,inv,15,0.01,uniform,128,1340,985,0,0,0.0,0.11608560537584611,0.04992832770800733,0.03509514027818981,0.01,159,4,86
cast19,inv,15,0.01,uniform_nz,128,1322,985,0,0,0.0,0.058206261807214554,0.04992832770800733,0.03509514027818981,0.01,159,4,86
cast19,inv,15,0.01,weighted,128,1362,985,0,0,0.0,0.04992832770800733,0.04992832770800733,0.03509514027818981,0.01,159,4,86
cast19,inv,15,0.01,active_judge,128,1327,985,0,0,0.0,0.11024244981687877,0.04992832770800733,0.03509514027818981,0.01,159,4,86
cast19,inv,15,0.01,strat_pilot,128,1296,985,0,0,0.0,0.04987464111103139,0.04992832770800733,0.03509514027818981,0.01,159,4,86
cast19,inv,15,0.01,weighted_cv,128,1338,985,0,0,0.0,0.055154773653287505,0.04992832770800733,0.03509514027818981,0.01,159,4,86
cast19,inv,15,0.01,active_cv,128,1326,985,0,0,0.0,0.12809107368324157,0.04992832770800733,0.03509514027818981,0.01,159,4,86
cast19,inv,15,0.01,weighted_cvl,128,1309,985,0,0,0.0,0.04992832770800733,0.04992832770800733,0.03509514027818981,0.01,159,4,86
cast19,inv,15,0.01,uniform,129,1301,968,0,0,0.0,0.5848392453851574,0.1170086254668224,0.05822885632972792,0.01,159,4,86
cast19,inv,15,0.01,uniform_nz,129,1277,968,0,0,0.0,0.26961073994509743,0.1170086254668224,0.05822885632972792,0.01,159,4,86
cast19,inv,15,0.01,weighted,129,1285,968,0,0,0.0,0.1170086254668224,0.1170086254668224,0.05822885632972792,0.01,159,4,86
cast19,inv,15,0.01,active_judge,129,1336,968,0,0,0.0,0.282788149509948,0.1170086254668224,0.05822885632972792,0.01,159,4,86
cast19,inv,15,0.01,strat_pilot,129,1287,968,0,0,0.0,0.11699409932101967,0.1170086254668224,0.05822885632972792,0.01,159,4,86
cast19,inv,15,0.01,weighted_cv,129,1295,968,0,0,0.0,0.12010464409060181,0.1170086254668224,0.05822885632972792,0.01,159,4,86
cast19,inv,15,0.01,active_cv,129,1326,968,0,0,0.0,0.28798340078894347,0.1170086254668224,0.05822885632972792,0.01,159,4,86
cast19,inv,15,0.01,weighted_cvl,129,1321,968,0,0,0.0,0.1170086254668224,0.1170086254668224,0.05822885632972792,0.01,159,4,86
cast19,inv,15,0.01,uniform,130,1360,1013,0,0,0.006571946989672062,0.05126957966786103,0.023411945855383295,0.04205118771411979,0.0034280530103279385,159,4,86
cast19,inv,15,0.01,uniform_nz,130,1320,1013,0,0,0.006571946989672062,0.025605349099767714,0.023411945855383295,0.04205118771411979,0.0034280530103279385,159,4,86
cast19,inv,15,0.01,weighted,130,1333,1013,0,0,0.006571946989672062,0.023411945855383295,0.023411945855383295,0.04205118771411979,0.0034280530103279385,159,4,86
cast19,inv,15,0.01,active_judge,130,1354,1013,0,0,0.006571946989672062,0.05052883263506762,0.023411945855383295,0.04205118771411979,0.0034280530103279385,159,4,86
cast19,inv,15,0.01,strat_pilot,130,1338,1013,0,0,0.006571946989672062,0.02334542372669826,0.023411945855383295,0.04205118771411979,0.0034280530103279385,159,4,86
cast19,inv,15,0.01,weighted_cv,130,1345,1013,0,0,0.006571946989672062,0.03523818531727839,0.023411945855383295,0.04205118771411979,0.0034280530103279385,159,4,86
cast19,inv,15,0.01,active_cv,130,1370,1013,0,0,0.006571946989672062,0.06930099032977262,0.023411945855383295,0.04205118771411979,0.0034280530103279385,159,4,86
cast19,inv,15,0.01,weighted_cvl,130,1337,1013,0,0,0.006571946989672062,0.023411945855383295,0.023411945855383295,0.04205118771411979,0.0034280530103279385,159,4,86
cast19,inv,15,0.01,uniform,131,1284,964,0,0,0.0,0.7412941954191706,0.084122893048851,0.037163162374826475,0.01,159,4,86
cast19,inv,15,0.01,uniform_nz,131,1332,964,0,0,0.0,0.2930343993520963,0.084122893048851,0.037163162374826475,0.01,159,4,86
cast19,inv,15,0.01,weighted,131,1320,964,0,0,0.0,0.084122893048851,0.084122893048851,0.037163162374826475,0.01,159,4,86
cast19,inv,15,0.01,active_judge,131,1295,964,1,0,0.0,0.16681630453371063,0.084122893048851,0.037163162374826475,0.01,159,4,86
cast19,inv,15,0.01,strat_pilot,131,1318,964,0,0,0.0,0.08412539092143813,0.084122893048851,0.037163162374826475,0.01,159,4,86
cast19,inv,15,0.01,weighted_cv,131,1318,964,0,0,0.0,0.09629009742963934,0.084122893048851,0.037163162374826475,0.01,159,4,86
cast19,inv,15,0.01,active_cv,131,1295,964,0,0,0.0,0.18054441469485272,0.084122893048851,0.037163162374826475,0.01,159,4,86
cast19,inv,15,0.01,weighted_cvl,131,1309,964,0,0,0.0,0.084122893048851,0.084122893048851,0.037163162374826475,0.01,159,4,86
cast19,inv,15,0.01,uniform,132,1293,968,0,0,0.004684476569710383,0.3891168454713289,0.05486145943856098,0.044820816298387293,0.005315523430289617,159,4,86
cast19,inv,15,0.01,uniform_nz,132,1320,968,0,0,0.004684476569710383,0.1566409162573313,0.05486145943856098,0.044820816298387293,0.005315523430289617,159,4,86
cast19,inv,15,0.01,weighted,132,1333,968,0,0,0.004684476569710383,0.05486145943856098,0.05486145943856098,0.044820816298387293,0.005315523430289617,159,4,86
cast19,inv,15,0.01,active_judge,132,1293,968,0,0,0.004684476569710383,0.16418580083080672,0.05486145943856098,0.044820816298387293,0.005315523430289617,159,4,86
cast19,inv,15,0.01,strat_pilot,132,1312,968,0,0,0.004684476569710383,0.054712807995362864,0.05486145943856098,0.044820816298387293,0.005315523430289617,159,4,86
cast19,inv,15,0.01,weighted_cv,132,1292,968,0,0,0.004684476569710383,0.06581605490716277,0.05486145943856098,0.044820816298387293,0.005315523430289617,159,4,86
cast19,inv,15,0.01,active_cv,132,1307,968,0,0,0.004684476569710383,0.17896007357213317,0.05486145943856098,0.044820816298387293,0.005315523430289617,159,4,86
cast19,inv,15,0.01,weighted_cvl,132,1299,968,0,0,0.004684476569710383,0.05486145943856098,0.05486145943856098,0.044820816298387293,0.005315523430289617,159,4,86
cast19,inv,15,0.01,uniform,133,1324,993,0,0,0.005718588029664462,0.073016553260958,0.027753954778050476,0.021320733349000948,0.004281411970335538,159,4,86
cast19,inv,15,0.01,uniform_nz,133,1341,993,0,0,0.005718588029664462,0.033585684478930726,0.027753954778050476,0.021320733349000948,0.004281411970335538,159,4,86
cast19,inv,15,0.01,weighted,133,1335,993,0,0,0.005718588029664462,0.027753954778050476,0.027753954778050476,0.021320733349000948,0.004281411970335538,159,4,86
cast19,inv,15,0.01,active_judge,133,1344,993,0,0,0.005718588029664462,0.06033930235530682,0.027753954778050476,0.021320733349000948,0.004281411970335538,159,4,86
cast19,inv,15,0.01,strat_pilot,133,1338,993,0,0,0.005718588029664462,0.027726641929562167,0.027753954778050476,0.021320733349000948,0.004281411970335538,159,4,86
cast19,inv,15,0.01,weighted_cv,133,1341,993,0,0,0.005718588029664462,0.032817656501604696,0.027753954778050476,0.021320733349000948,0.004281411970335538,159,4,86
cast19,inv,15,0.01,active_cv,133,1322,993,0,0,0.005718588029664462,0.06612818522947968,0.027753954778050476,0.021320733349000948,0.004281411970335538,159,4,86
cast19,inv,15,0.01,weighted_cvl,133,1335,993,0,0,0.005718588029664462,0.027790661995357763,0.027753954778050476,0.021320733349000948,0.004281411970335538,159,4,86
cast19,inv,15,0.01,uniform,134,1327,1019,0,0,0.0,0.10970376676731361,0.03950341463801275,0.022835060830770214,0.01,159,4,86
cast19,inv,15,0.01,uniform_nz,134,1373,1019,0,0,0.0,0.045713949957475596,0.03950341463801275,0.022835060830770214,0.01,159,4,86
cast19,inv,15,0.01,weighted,134,1391,1019,0,0,0.0,0.03950341463801275,0.03950341463801275,0.022835060830770214,0.01,159,4,86
cast19,inv,15,0.01,active_judge,134,1345,1019,0,0,0.0,0.11039796245653359,0.03950341463801275,0.022835060830770214,0.01,159,4,86
cast19,inv,15,0.01,strat_pilot,134,1359,1019,0,0,0.0,0.03914467225354164,0.03950341463801275,0.022835060830770214,0.01,159,4,86
cast19,inv,15,0.01,weighted_cv,134,1344,1019,0,0,0.0,0.05024196524753031,0.03950341463801275,0.022835060830770214,0.01,159,4,86
cast19,inv,15,0.01,active_cv,134,1382,1019,0,0,0.0,0.13066944577061548,0.03950341463801275,0.022835060830770214,0.01,159,4,86
cast19,inv,15,0.01,weighted_cvl,134,1384,1019,0,0,0.0,0.03950341463801275,0.03950341463801275,0.022835060830770214,0.01,159,4,86
cast19,inv,15,0.01,uniform,135,1264,946,0,0,0.0,0.863078957041331,0.08496237414517352,0.028521685173085093,0.01,159,4,86
cast19,inv,15,0.01,uniform_nz,135,1281,946,0,0,0.0,0.3794680192588935,0.08496237414517352,0.028521685173085093,0.01,159,4,86
cast19,inv,15,0.01,weighted,135,1298,946,0,0,0.0,0.08496237414517352,0.08496237414517352,0.028521685173085093,0.01,159,4,86
cast19,inv,15,0.01,active_judge,135,1286,946,0,0,0.0,0.17786098801288874,0.08496237414517352,0.028521685173085093,0.01,159,4,86
cast19,inv,15,0.01,strat_pilot,135,1265,946,0,0,0.0,0.08496304278243895,0.08496237414517352,0.028521685173085093,0.01,159,4,86
cast19,inv,15,0.01,weighted_cv,135,1294,946,0,0,0.0,0.09927640062414568,0.08496237414517352,0.028521685173085093,0.01,159,4,86
cast19,inv,15,0.01,active_cv,135,1320,946,0,0,0.0,0.20012644752021597,0.08496237414517352,0.028521685173085093,0.01,159,4,86
cast19,inv,15,0.01,weighted_cvl,135,1279,946,0,0,0.0,0.08496237414517352,0.08496237414517352,0.028521685173085093,0.01,159,4,86
cast19,inv,15,0.01,uniform,136,1356,1027,0,0,0.007430298156439696,0.07013403130803274,0.027754603866869086,0.019180828292441204,0.002569701843560304,159,4,86
cast19,inv,15,0.01,uniform_nz,136,1363,1027,0,0,0.007430298156439696,0.032089974849834155,0.027754603866869086,0.019180828292441204,0.002569701843560304,159,4,86
cast19,inv,15,0.01,weighted,136,1338,1027,0,0,0.007430298156439696,0.027754603866869086,0.027754603866869086,0.019180828292441204,0.002569701843560304,159,4,86
cast19,inv,15,0.01,active_judge,136,1389,1027,0,0,0.007430298156439696,0.05553604957082682,0.027754603866869086,0.019180828292441204,0.002569701843560304,159,4,86
cast19,inv,15,0.01,strat_pilot,136,1356,1027,0,0,0.007430298156439696,0.02775385104166924,0.027754603866869086,0.019180828292441204,0.002569701843560304,159,4,86
cast19,inv,15,0.01,weighted_cv,136,1379,1027,0,0,0.007430298156439696,0.03624241542185128,0.027754603866869086,0.019180828292441204,0.002569701843560304,159,4,86
cast19,inv,15,0.01,active_cv,136,1357,1027,0,0,0.007430298156439696,0.06569575746805863,0.027754603866869086,0.019180828292441204,0.002569701843560304,159,4,86
cast19,inv,15,0.01,weighted_cvl,136,1370,1027,0,0,0.007430298156439696,0.027754603866869086,0.027754603866869086,0.019180828292441204,0.002569701843560304,159,4,86
cast19,inv,15,0.01,uniform,137,1511,1028,0,0,0.00756359302131937,0.12424811420636588,0.07378647304663963,0.007596112983126704,0.00243640697868063,159,4,119
cast19,inv,15,0.01,uniform_nz,137,1521,1028,0,0,0.00756359302131937,0.08357661947372122,0.07378647304663963,0.007596112983126704,0.00243640697868063,159,4,119
cast19,inv,15,0.01,weighted,137,1473,1028,0,0,0.00756359302131937,0.07378647304663963,0.07378647304663963,0.007596112983126704,0.00243640697868063,159,4,119
cast19,inv,15,0.01,active_judge,137,1534,1028,1,0,0.00756359302131937,0.15145305359393424,0.07378647304663963,0.007596112983126704,0.00243640697868063,159,4,119
cast19,inv,15,0.01,strat_pilot,137,1487,1028,0,0,0.00756359302131937,0.0740886177788381,0.07378647304663963,0.007596112983126704,0.00243640697868063,159,4,119
cast19,inv,15,0.01,weighted_cv,137,1501,1028,0,0,0.00756359302131937,0.10109363802345854,0.07378647304663963,0.007596112983126704,0.00243640697868063,159,4,119
cast19,inv,15,0.01,active_cv,137,1487,1028,0,0,0.00756359302131937,0.21334229734183063,0.07378647304663963,0.007596112983126704,0.00243640697868063,159,4,119
cast19,inv,15,0.01,weighted_cvl,137,1496,1028,0,0,0.00756359302131937,0.07593556519338396,0.07378647304663963,0.007596112983126704,0.00243640697868063,159,4,119
cast19,inv,15,0.01,uniform,138,1295,979,0,0,0.0,0.1050770430257992,0.03990843219433436,0.01870205569172456,0.01,159,4,86
cast19,inv,15,0.01,uniform_nz,138,1300,979,0,0,0.0,0.044598037156998824,0.03990843219433436,0.01870205569172456,0.01,159,4,86
cast19,inv,15,0.01,weighted,138,1327,979,0,0,0.0,0.03990843219433436,0.03990843219433436,0.01870205569172456,0.01,159,4,86
cast19,inv,15,0.01,active_judge,138,1323,979,0,0,0.0,0.08779303274499398,0.03990843219433436,0.01870205569172456,0.01,159,4,86
cast19,inv,15,0.01,strat_pilot,138,1338,979,0,0,0.0,0.039814067200803424,0.03990843219433436,0.01870205569172456,0.01,159,4,86
cast19,inv,15,0.01,weighted_cv,138,1320,979,0,0,0.0,0.04790131619993131,0.03990843219433436,0.01870205569172456,0.01,159,4,86
cast19,inv,15,0.01,active_cv,138,1342,979,0,0,0.0,0.09701578627170897,0.03990843219433436,0.01870205569172456,0.01,159,4,86
cast19,inv,15,0.01,weighted_cvl,138,1333,979,0,0,0.0,0.03990843219433436,0.03990843219433436,0.01870205569172456,0.01,159,4,86
cast19,inv,15,0.01,uniform,139,1340,1020,0,0,0.0,0.16262731567312888,0.06757754455120853,0.05046941308194505,0.01,159,4,86
cast19,inv,15,0.01,uniform_nz,139,1370,1020,0,0,0.0,0.07830146203247237,0.06757754455120853,0.05046941308194505,0.01,159,4,86
cast19,inv,15,0.01,weighted,139,1358,1020,0,0,0.0,0.06757754455120853,0.06757754455120853,0.05046941308194505,0.01,159,4,86
cast19,inv,15,0.01,active_judge,139,1373,1020,0,0,0.0,0.2032775274840218,0.06757754455120853,0.05046941308194505,0.01,159,4,86
cast19,inv,15,0.01,strat_pilot,139,1364,1020,0,0,0.0,0.06708623742889236,0.06757754455120853,0.05046941308194505,0.01,159,4,86
cast19,inv,15,0.01,weighted_cv,139,1364,1020,0,0,0.0,0.08931049780103657,0.06757754455120853,0.05046941308194505,0.01,159,4,86
cast19,inv,15,0.01,active_cv,139,1357,1020,0,0,0.0,0.24574261430417305,0.06757754455120853,0.05046941308194505,0.01,159,4,86
cast19,inv,15,0.01,weighted_cvl,139,1328,1020,0,0,0.0,0.0675432155043069,0.06757754455120853,0.05046941308194505,0.01,159,4,86
cast19,inv,15,0.01,uniform,140,1387,1025,0,0,0.0,0.329432164564882,0.11043960938623498,0.023725078598059474,0.01,159,4,86
cast19,inv,15,0.01,uniform_nz,140,1361,1025,0,0,0.0,0.1356121700934491,0.11043960938623498,0.023725078598059474,0.01,159,4,86
cast19,inv,15,0.01,weighted,140,1384,1025,1,0,0.0,0.11043960938623498,0.11043960938623498,0.023725078598059474,0.01,159,4,86
cast19,inv,15,0.01,active_judge,140,1357,1025,0,0,0.0,0.20716296251292965,0.11043960938623498,0.023725078598059474,0.01,159,4,86
cast19,inv,15,0.01,strat_pilot,140,1380,1025,0,0,0.0,0.11061077011020463,0.11043960938623498,0.023725078598059474,0.01,159,4,86
cast19,inv,15,0.01,weighted_cv,140,1350,1025,0,0,0.0,0.12560149595449385,0.11043960938623498,0.023725078598059474,0.01,159,4,86
cast19,inv,15,0.01,active_cv,140,1363,1025,0,0,0.0,0.2306651222606984,0.11043960938623498,0.023725078598059474,0.01,159,4,86
cast19,inv,15,0.01,weighted_cvl,140,1355,1025,0,0,0.0,0.11043960938623498,0.11043960938623498,0.023725078598059474,0.01,159,4,86
cast19,inv,15,0.01,uniform,141,1200,886,0,0,0.001618332309391013,0.09393468873662664,0.045317003670883885,0.023652836084960195,0.008381667690608987,159,4,86
cast19,inv,15,0.01,uniform_nz,141,1234,886,0,0,0.001618332309391013,0.05063390978543107,0.045317003670883885,0.023652836084960195,0.008381667690608987,159,4,86
cast19,inv,15,0.01,weighted,141,1235,886,0,0,0.001618332309391013,0.045317003670883885,0.045317003670883885,0.023652836084960195,0.008381667690608987,159,4,86
cast19,inv,15,0.01,active_judge,141,1224,886,0,0,0.001618332309391013,0.13096561903971654,0.045317003670883885,0.023652836084960195,0.008381667690608987,159,4,86
cast19,inv,15,0.01,strat_pilot,141,1242,886,0,0,0.001618332309391013,0.04522291054661542,0.045317003670883885,0.023652836084960195,0.008381667690608987,159,4,86
cast19,inv,15,0.01,weighted_cv,141,1216,886,0,0,0.001618332309391013,0.05646150595313064,0.045317003670883885,0.023652836084960195,0.008381667690608987,159,4,86
cast19,inv,15,0.01,active_cv,141,1231,886,0,0,0.001618332309391013,0.14841226152182102,0.045317003670883885,0.023652836084960195,0.008381667690608987,159,4,86
cast19,inv,15,0.01,weighted_cvl,141,1209,886,0,0,0.001618332309391013,0.045317003670883885,0.045317003670883885,0.023652836084960195,0.008381667690608987,159,4,86
cast19,inv,15,0.01,uniform,142,1548,1069,0,0,0.008630292728056765,0.24776391289924926,0.0957744029817675,0.023492812186865896,0.0013697072719432348,159,4,119
cast19,inv,15,0.01,uniform_nz,142,1541,1069,0,0,0.008630292728056765,0.17554748588647232,0.0957744029817675,0.023492812186865896,0.0013697072719432348,159,4,119
cast19,inv,15,0.01,weighted,142,1573,1069,0,0,0.008630292728056765,0.0957744029817675,0.0957744029817675,0.023492812186865896,0.0013697072719432348,159,4,119
cast19,inv,15,0.01,active_judge,142,1537,1069,0,0,0.008630292728056765,0.19080915697176642,0.0957744029817675,0.023492812186865896,0.0013697072719432348,159,4,119
cast19,inv,15,0.01,strat_pilot,142,1542,1069,0,0,0.008630292728056765,0.09581060202446119,0.0957744029817675,0.023492812186865896,0.0013697072719432348,159,4,119
cast19,inv,15,0.01,weighted_cv,142,1550,1069,0,0,0.008630292728056765,0.11431640799497615,0.0957744029817675,0.023492812186865896,0.0013697072719432348,159,4,119
cast19,inv,15,0.01,active_cv,142,1536,1069,0,0,0.008630292728056765,0.2553611701114352,0.0957744029817675,0.023492812186865896,0.0013697072719432348,159,4,119
cast19,inv,15,0.01,weighted_cvl,142,1525,1069,0,0,0.008630292728056765,0.0957744029817675,0.0957744029817675,0.023492812186865896,0.0013697072719432348,159,4,119
cast19,inv,15,0.01,uniform,143,1381,1031,0,0,0.0008958377135219742,0.21774524908332288,0.07451133569039115,0.03312386590482566,0.009104162286478026,159,4,86
cast19,inv,15,0.01,uniform_nz,143,1379,1031,0,0,0.0008958377135219742,0.09358745459697897,0.07451133569039115,0.03312386590482566,0.009104162286478026,159,4,86
cast19,inv,15,0.01,weighted,143,1364,1031,0,0,0.0008958377135219742,0.07451133569039115,0.07451133569039115,0.03312386590482566,0.009104162286478026,159,4,86
cast19,inv,15,0.01,active_judge,143,1401,1031,0,0,0.0008958377135219742,0.19781911172169947,0.07451133569039115,0.03312386590482566,0.009104162286478026,159,4,86
cast19,inv,15,0.01,strat_pilot,143,1382,1031,0,0,0.0008958377135219742,0.07442460421561918,0.07451133569039115,0.03312386590482566,0.009104162286478026,159,4,86
cast19,inv,15,0.01,weighted_cv,143,1367,1031,0,0,0.0008958377135219742,0.08868358018706986,0.07451133569039115,0.03312386590482566,0.009104162286478026,159,4,86
cast19,inv,15,0.01,active_cv,143,1379,1031,0,0,0.0008958377135219742,0.21410077529790555,0.07451133569039115,0.03312386590482566,0.009104162286478026,159,4,86
cast19,inv,15,0.01,weighted_cvl,143,1362,1031,0,0,0.0008958377135219742,0.07451133569039115,0.07451133569039115,0.03312386590482566,0.009104162286478026,159,4,86
cast19,inv,15,0.01,uniform,144,1345,996,0,0,0.0,0.4601646027790746,0.09735316837177659,0.01828376818972794,0.01,159,4,86
cast19,inv,15,0.01,uniform_nz,144,1338,996,0,0,0.0,0.21337700837035073,0.09735316837177659,0.01828376818972794,0.01,159,4,86
cast19,inv,15,0.01,weighted,144,1340,996,0,0,0.0,0.09735316837177659,0.09735316837177659,0.01828376818972794,0.01,159,4,86
cast19,inv,15,0.01,active_judge,144,1358,996,0,0,0.0,0.20497590077718267,0.09735316837177659,0.01828376818972794,0.01,159,4,86
cast19,inv,15,0.01,strat_pilot,144,1347,996,1,0,0.0,0.09734477948065806,0.09735316837177659,0.01828376818972794,0.01,159,4,86
cast19,inv,15,0.01,weighted_cv,144,1332,996,0,0,0.0,0.11163262298126644,0.09735316837177659,0.01828376818972794,0.01,159,4,86
cast19,inv,15,0.01,active_cv,144,1364,996,0,0,0.0,0.23460174578375875,0.09735316837177659,0.01828376818972794,0.01,159,4,86
cast19,inv,15,0.01,weighted_cvl,144,1335,996,0,0,0.0,0.09735316837177659,0.09735316837177659,0.01828376818972794,0.01,159,4,86
cast19,inv,15,0.01,uniform,145,1327,998,0,0,0.016748859781541614,0.16638084220345528,0.05180530807598147,0.013029078456205264,-0.006748859781541614,159,4,86
cast19,inv,15,0.01,uniform_nz,145,1364,998,0,0,0.016748859781541614,0.0685254540043283,0.05180530807598147,0.013029078456205264,-0.006748859781541614,159,4,86
cast19,inv,15,0.01,weighted,145,1332,998,0,0,0.016748859781541614,0.05180530807598147,0.05180530807598147,0.013029078456205264,-0.006748859781541614,159,4,86
cast19,inv,15,0.01,active_judge,145,1351,998,0,0,0.016748859781541614,0.12391239237400757,0.05180530807598147,0.013029078456205264,-0.006748859781541614,159,4,86
cast19,inv,15,0.01,strat_pilot,145,1311,998,0,0,0.016748859781541614,0.05184530534951228,0.05180530807598147,0.013029078456205264,-0.006748859781541614,159,4,86
cast19,inv,15,0.01,weighted_cv,145,1352,998,0,0,0.016748859781541614,0.057740196156428295,0.05180530807598147,0.013029078456205264,-0.006748859781541614,159,4,86
cast19,inv,15,0.01,active_cv,145,1332,998,0,0,0.016748859781541614,0.13504837662506494,0.05180530807598147,0.013029078456205264,-0.006748859781541614,159,4,86
cast19,inv,15,0.01,weighted_cvl,145,1326,998,0,0,0.016748859781541614,0.05180530807598147,0.05180530807598147,0.013029078456205264,-0.006748859781541614,159,4,86
cast19,inv,15,0.01,uniform,146,1314,938,0,0,0.0,0.1324484921833239,0.045051938805730045,0.01715487525632821,0.01,159,4,86
cast19,inv,15,0.01,uniform_nz,146,1273,938,0,0,0.0,0.06075398900956509,0.045051938805730045,0.01715487525632821,0.01,159,4,86
cast19,inv,15,0.01,weighted,146,1301,938,0,0,0.0,0.045051938805730045,0.045051938805730045,0.01715487525632821,0.01,159,4,86
cast19,inv,15,0.01,active_judge,146,1287,938,0,0,0.0,0.12078750476795219,0.045051938805730045,0.01715487525632821,0.01,159,4,86
cast19,inv,15,0.01,strat_pilot,146,1284,938,0,0,0.0,0.045047316684384345,0.045051938805730045,0.01715487525632821,0.01,159,4,86
cast19,inv,15,0.01,weighted_cv,146,1292,938,1,0,0.0,0.058448537738921905,0.045051938805730045,0.01715487525632821,0.01,159,4,86
cast19,inv,15,0.01,active_cv,146,1298,938,0,0,0.0,0.14433885758972795,0.045051938805730045,0.01715487525632821,0.01,159,4,86
cast19,inv,15,0.01,weighted_cvl,146,1269,938,0,0,0.0,0.045051938805730045,0.045051938805730045,0.01715487525632821,0.01,159,4,86
cast19,inv,15,0.01,uniform,147,1263,948,0,0,0.007259906858646192,0.2732701134146185,0.04086501194649735,0.029837505178506307,0.002740093141353808,159,4,86
cast19,inv,15,0.01,uniform_nz,147,1325,948,1,0,0.007259906858646192,0.1557322396079655,0.04086501194649735,0.029837505178506307,0.002740093141353808,159,4,86
cast19,inv,15,0.01,weighted,147,1280,948,0,0,0.007259906858646192,0.04086501194649735,0.04086501194649735,0.029837505178506307,0.002740093141353808,159,4,86
cast19,inv,15,0.01,active_judge,147,1313,948,0,0,0.007259906858646192,0.11833633858409938,0.04086501194649735,0.029837505178506307,0.002740093141353808,159,4,86
cast19,inv,15,0.01,strat_pilot,147,1298,948,0,0,0.007259906858646192,0.04075048907262537,0.04086501194649735,0.029837505178506307,0.002740093141353808,159,4,86
cast19,inv,15,0.01,weighted_cv,147,1317,948,0,0,0.007259906858646192,0.05024703799445414,0.04086501194649735,0.029837505178506307,0.002740093141353808,159,4,86
cast19,inv,15,0.01,active_cv,147,1287,948,0,0,0.007259906858646192,0.13414867824644366,0.04086501194649735,0.029837505178506307,0.002740093141353808,159,4,86
cast19,inv,15,0.01,weighted_cvl,147,1292,948,0,0,0.007259906858646192,0.04086501194649735,0.04086501194649735,0.029837505178506307,0.002740093141353808,159,4,86
cast19,inv,15,0.01,uniform,148,1515,1044,0,0,0.0,0.23871020405157045,0.08886971050379981,0.015108298448899824,0.01,159,4,119
cast19,inv,15,0.01,uniform_nz,148,1511,1044,0,0,0.0,0.1419764346307423,0.08886971050379981,0.015108298448899824,0.01,159,4,119
cast19,inv,15,0.01,weighted,148,1506,1044,0,0,0.0,0.08886971050379981,0.08886971050379981,0.015108298448899824,0.01,159,4,119
cast19,inv,15,0.01,active_judge,148,1515,1044,0,0,0.0,0.21093149406833572,0.08886971050379981,0.015108298448899824,0.01,159,4,119
cast19,inv,15,0.01,strat_pilot,148,1510,1044,0,0,0.0,0.0891871788564486,0.08886971050379981,0.015108298448899824,0.01,159,4,119
cast19,inv,15,0.01,weighted_cv,148,1540,1044,0,0,0.0,0.12047830810710303,0.08886971050379981,0.015108298448899824,0.01,159,4,119
cast19,inv,15,0.01,active_cv,148,1506,1044,0,0,0.0,0.26204754927859136,0.08886971050379981,0.015108298448899824,0.01,159,4,119
cast19,inv,15,0.01,weighted_cvl,148,1560,1044,0,0,0.0,0.08886971050379981,0.08886971050379981,0.015108298448899824,0.01,159,4,119
cast19,inv,15,0.01,uniform,149,1473,1011,0,0,0.0,0.2475740888710422,0.11514911433303272,0.016135947390606552,0.01,159,4,119
cast19,inv,15,0.01,uniform_nz,149,1497,1011,0,0,0.0,0.1564815258878701,0.11514911433303272,0.016135947390606552,0.01,159,4,119
cast19,inv,15,0.01,weighted,149,1474,1011,1,0,0.0,0.11514911433303272,0.11514911433303272,0.016135947390606552,0.01,159,4,119
cast19,inv,15,0.01,active_judge,149,1506,1011,0,0,0.0,0.22050171772593555,0.11514911433303272,0.016135947390606552,0.01,159,4,119
cast19,inv,15,0.01,strat_pilot,149,1478,1011,1,0,0.0,0.1151719296483387,0.11514911433303272,0.016135947390606552,0.01,159,4,119
cast19,inv,15,0.01,weighted_cv,149,1466,1011,0,0,0.0,0.15451540061944607,0.11514911433303272,0.016135947390606552,0.01,159,4,119
cast19,inv,15,0.01,active_cv,149,1493,1011,0,0,0.0,0.2847342028505562,0.11514911433303272,0.016135947390606552,0.01,159,4,119
cast19,inv,15,0.01,weighted_cvl,149,1478,1011,0,0,0.0,0.11514911433303272,0.11514911433303272,0.016135947390606552,0.01,159,4,119
cast19,inv,15,0.01,uniform,150,1323,970,0,0,0.0,0.5820717840488129,0.11699924082408933,0.04600496119060193,0.01,159,4,86
cast19,inv,15,0.01,uniform_nz,150,1293,970,0,0,0.0,0.2865045322949613,0.11699924082408933,0.04600496119060193,0.01,159,4,86
cast19,inv,15,0.01,weighted,150,1299,970,1,0,0.0,0.11699924082408933,0.11699924082408933,0.04600496119060193,0.01,159,4,86
cast19,inv,15,0.01,active_judge,150,1308,970,0,0,0.0,0.29395957275057405,0.11699924082408933,0.04600496119060193,0.01,159,4,86
cast19,inv,15,0.01,strat_pilot,150,1337,970,0,0,0.0,0.11699327901240023,0.11699924082408933,0.04600496119060193,0.01,159,4,86
cast19,inv,15,0.01,weighted_cv,150,1328,970,0,0,0.0,0.12559103899103655,0.11699924082408933,0.04600496119060193,0.01,159,4,86
cast19,inv,15,0.01,active_cv,150,1294,970,0,0,0.0,0.3189529838839704,0.11699924082408933,0.04600496119060193,0.01,159,4,86
cast19,inv,15,0.01,weighted_cvl,150,1288,970,0,0,0.0,0.11699924082408933,0.11699924082408933,0.04600496119060193,0.01,159,4,86
cast19,inv,15,0.01,uniform,151,1419,925,0,0,0.0,0.38358682094238483,0.12032681993513934,0.05124243486953814,0.01,159,4,119
cast19,inv,15,0.01,uniform_nz,151,1404,925,0,0,0.0,0.23703833820413958,0.12032681993513934,0.05124243486953814,0.01,159,4,119
cast19,inv,15,0.01,weighted,151,1390,925,0,0,0.0,0.12032681993513934,0.12032681993513934,0.05124243486953814,0.01,159,4,119
cast19,inv,15,0.01,active_judge,151,1416,925,0,0,0.0,0.2766451769621759,0.12032681993513934,0.05124243486953814,0.01,159,4,119
cast19,inv,15,0.01,strat_pilot,151,1400,925,0,0,0.0,0.1202001658828423,0.12032681993513934,0.05124243486953814,0.01,159,4,119
cast19,inv,15,0.01,weighted_cv,151,1394,925,1,0,0.0,0.16015285348310027,0.12032681993513934,0.05124243486953814,0.01,159,4,119
cast19,inv,15,0.01,active_cv,151,1415,925,0,0,0.0,0.38199858924481633,0.12032681993513934,0.05124243486953814,0.01,159,4,119
cast19,inv,15,0.01,weighted_cvl,151,1408,925,0,0,0.0,0.12032681993513934,0.12032681993513934,0.05124243486953814,0.01,159,4,119
cast19,inv,15,0.01,uniform,152,1249,1001,0,0,0.007722994887306156,0.8510946820899289,0.07663429487536275,0.02389569859964597,0.002277005112693844,159,4,69
cast19,inv,15,0.01,uniform_nz,152,1268,1001,0,0,0.007722994887306156,0.2510301077384086,0.07663429487536275,0.02389569859964597,0.002277005112693844,159,4,69
cast19,inv,15,0.01,weighted,152,1270,1001,0,0,0.007722994887306156,0.07663429487536275,0.07663429487536275,0.02389569859964597,0.002277005112693844,159,4,69
cast19,inv,15,0.01,active_judge,152,1260,1001,0,0,0.007722994887306156,0.1673087920466007,0.07663429487536275,0.02389569859964597,0.002277005112693844,159,4,69
cast19,inv,15,0.01,strat_pilot,152,1279,1001,0,0,0.007722994887306156,0.07663167440570724,0.07663429487536275,0.02389569859964597,0.002277005112693844,159,4,69
cast19,inv,15,0.01,weighted_cv,152,1283,1001,0,0,0.007722994887306156,0.08580838931161935,0.07663429487536275,0.02389569859964597,0.002277005112693844,159,4,69
cast19,inv,15,0.01,active_cv,152,1253,1001,0,0,0.007722994887306156,0.20729281500365423,0.07663429487536275,0.02389569859964597,0.002277005112693844,159,4,69
cast19,inv,15,0.01,weighted_cvl,152,1265,1001,0,0,0.007722994887306156,0.07663429487536275,0.07663429487536275,0.02389569859964597,0.002277005112693844,159,4,69
cast19,inv,15,0.01,uniform,153,1346,1016,1,0,0.0,0.16414245522317922,0.04747203640667942,0.012002038209468543,0.01,159,4,86
cast19,inv,15,0.01,uniform_nz,153,1375,1016,0,0,0.0,0.07103134251176133,0.04747203640667942,0.012002038209468543,0.01,159,4,86
cast19,inv,15,0.01,weighted,153,1342,1016,0,0,0.0,0.04747203640667942,0.04747203640667942,0.012002038209468543,0.01,159,4,86
cast19,inv,15,0.01,active_judge,153,1355,1016,0,0,0.0,0.14152940573710507,0.04747203640667942,0.012002038209468543,0.01,159,4,86
cast19,inv,15,0.01,strat_pilot,153,1352,1016,1,0,0.0,0.04753713331450982,0.04747203640667942,0.012002038209468543,0.01,159,4,86
cast19,inv,15,0.01,weighted_cv,153,1367,1016,0,0,0.0,0.052782029516682205,0.04747203640667942,0.012002038209468543,0.01,159,4,86
cast19,inv,15,0.01,active_cv,153,1384,1016,0,0,0.0,0.1578284508911827,0.04747203640667942,0.012002038209468543,0.01,159,4,86
cast19,inv,15,0.01,weighted_cvl,153,1376,1016,0,0,0.0,0.04705333398832974,0.04747203640667942,0.012002038209468543,0.01,159,4,86
cast19,inv,15,0.01,uniform,154,1434,938,0,0,0.0,0.3451193085914466,0.11484669382294861,0.04425820322827218,0.01,159,4,119
cast19,inv,15,0.01,uniform_nz,154,1399,938,0,0,0.0,0.23603002804143608,0.11484669382294861,0.04425820322827218,0.01,159,4,119
cast19,inv,15,0.01,weighted,154,1390,938,0,0,0.0,0.11484669382294861,0.11484669382294861,0.04425820322827218,0.01,159,4,119
cast19,inv,15,0.01,active_judge,154,1403,938,0,0,0.0,0.26980542590095713,0.11484669382294861,0.04425820322827218,0.01,159,4,119
cast19,inv,15,0.01,strat_pilot,154,1435,938,1,0,0.0,0.11485388529849652,0.11484669382294861,0.04425820322827218,0.01,159,4,119
cast19,inv,15,0.01,weighted_cv,154,1420,938,0,0,0.0,0.12065195159076461,0.11484669382294861,0.04425820322827218,0.01,159,4,119
cast19,inv,15,0.01,active_cv,154,1410,938,0,0,0.0,0.2985235985598644,0.11484669382294861,0.04425820322827218,0.01,159,4,119
cast19,inv,15,0.01,weighted_cvl,154,1397,938,0,0,0.0,0.11484669382294861,0.11484669382294861,0.04425820322827218,0.01,159,4,119
cast19,inv,15,0.01,uniform,155,1439,980,0,0,0.0,0.5811059376554575,0.16970077110783838,0.041188235681101484,0.01,159,4,119
cast19,inv,15,0.01,uniform_nz,155,1425,980,0,0,0.0,0.401986327435697,0.16970077110783838,0.041188235681101484,0.01,159,4,119
cast19,inv,15,0.01,weighted,155,1478,980,0,0,0.0,0.16970077110783838,0.16970077110783838,0.041188235681101484,0.01,159,4,119
cast19,inv,15,0.01,active_judge,155,1452,980,1,0,0.0,0.3095704035455516,0.16970077110783838,0.041188235681101484,0.01,159,4,119
cast19,inv,15,0.01,strat_pilot,155,1474,980,1,0,0.0,0.16985909885402126,0.16970077110783838,0.041188235681101484,0.01,159,4,119
cast19,inv,15,0.01,weighted_cv,155,1490,980,0,0,0.0,0.20308453616032426,0.16970077110783838,0.041188235681101484,0.01,159,4,119
cast19,inv,15,0.01,active_cv,155,1437,980,0,0,0.0,0.4203923157697404,0.16970077110783838,0.041188235681101484,0.01,159,4,119
cast19,inv,15,0.01,weighted_cvl,155,1470,980,1,0,0.0,0.16970077110783838,0.16970077110783838,0.041188235681101484,0.01,159,4,119
cast19,inv,15,0.01,uniform,156,1202,935,0,0,0.005882053198852377,0.21808364235103367,0.058264827361398555,0.015085709886574745,0.004117946801147623,159,4,73
cast19,inv,15,0.01,uniform_nz,156,1208,935,0,0,0.005882053198852377,0.06489928761091956,0.058264827361398555,0.015085709886574745,0.004117946801147623,159,4,73
cast19,inv,15,0.01,weighted,156,1222,935,0,0,0.005882053198852377,0.058264827361398555,0.058264827361398555,0.015085709886574745,0.004117946801147623,159,4,73
cast19,inv,15,0.01,active_judge,156,1240,935,1,0,0.005882053198852377,0.1273136529039431,0.058264827361398555,0.015085709886574745,0.004117946801147623,159,4,73
cast19,inv,15,0.01,strat_pilot,156,1221,935,0,0,0.005882053198852377,0.05826255556069816,0.058264827361398555,0.015085709886574745,0.004117946801147623,159,4,73
cast19,inv,15,0.01,weighted_cv,156,1197,935,0,0,0.005882053198852377,0.06121866902883451,0.058264827361398555,0.015085709886574745,0.004117946801147623,159,4,73
cast19,inv,15,0.01,active_cv,156,1240,935,0,0,0.005882053198852377,0.13456965908655194,0.058264827361398555,0.015085709886574745,0.004117946801147623,159,4,73
cast19,inv,15,0.01,weighted_cvl,156,1212,935,0,0,0.005882053198852377,0.058264827361398555,0.058264827361398555,0.015085709886574745,0.004117946801147623,159,4,73
cast19,inv,15,0.01,uniform,157,1470,984,0,0,0.0,0.6878322398959696,0.08268825571544283,0.04788807143784261,0.01,159,4,119
cast19,inv,15,0.01,uniform_nz,157,1493,984,0,0,0.0,0.4369474545364641,0.08268825571544283,0.04788807143784261,0.01,159,4,119
cast19,inv,15,0.01,weighted,157,1481,984,0,0,0.0,0.08268825571544283,0.08268825571544283,0.04788807143784261,0.01,159,4,119
cast19,inv,15,0.01,active_judge,157,1437,984,0,0,0.0,0.22974116895073057,0.08268825571544283,0.04788807143784261,0.01,159,4,119
cast19,inv,15,0.01,strat_pilot,157,1436,984,0,0,0.0,0.08273521932618863,0.08268825571544283,0.04788807143784261,0.01,159,4,119
cast19,inv,15,0.01,weighted_cv,157,1456,984,0,0,0.0,0.1228919465958895,0.08268825571544283,0.04788807143784261,0.01,159,4,119
cast19,inv,15,0.01,active_cv,157,1461,984,0,0,0.0,0.3173630680782103,0.08268825571544283,0.04788807143784261,0.01,159,4,119
cast19,inv,15,0.01,weighted_cvl,157,1462,984,0,0,0.0,0.08268825571544283,0.08268825571544283,0.04788807143784261,0.01,159,4,119
cast19,inv,15,0.01,uniform,158,1334,972,0,0,0.0071729954273220264,0.11380512385291644,0.04478697418670533,0.018914730982495485,0.0028270045726779738,159,4,86
cast19,inv,15,0.01,uniform_nz,158,1322,972,0,0,0.0071729954273220264,0.054872195725936955,0.04478697418670533,0.018914730982495485,0.0028270045726779738,159,4,86
cast19,inv,15,0.01,weighted,158,1322,972,0,0,0.0071729954273220264,0.04478697418670533,0.04478697418670533,0.018914730982495485,0.0028270045726779738,159,4,86
cast19,inv,15,0.01,active_judge,158,1302,972,0,0,0.0071729954273220264,0.09949450614967756,0.04478697418670533,0.018914730982495485,0.0028270045726779738,159,4,86
cast19,inv,15,0.01,strat_pilot,158,1315,972,0,0,0.0071729954273220264,0.04475039542538696,0.04478697418670533,0.018914730982495485,0.0028270045726779738,159,4,86
cast19,inv,15,0.01,weighted_cv,158,1282,972,0,0,0.0071729954273220264,0.05473152115276745,0.04478697418670533,0.018914730982495485,0.0028270045726779738,159,4,86
cast19,inv,15,0.01,active_cv,158,1296,972,0,0,0.0071729954273220264,0.12837443683698416,0.04478697418670533,0.018914730982495485,0.0028270045726779738,159,4,86
cast19,inv,15,0.01,weighted_cvl,158,1337,972,0,0,0.0071729954273220264,0.04478697418670533,0.04478697418670533,0.018914730982495485,0.0028270045726779738,159,4,86
cast19,inv,15,0.01,uniform,159,1318,989,0,0,0.018970753706279042,0.07618041431132636,0.022676830167674997,0.015833433434120414,-0.008970753706279042,159,4,86
cast19,inv,15,0.01,uniform_nz,159,1363,989,0,0,0.018970753706279042,0.03145158609593411,0.022676830167674997,0.015833433434120414,-0.008970753706279042,159,4,86
cast19,inv,15,0.01,weighted,159,1352,989,0,0,0.018970753706279042,0.022676830167674997,0.022676830167674997,0.015833433434120414,-0.008970753706279042,159,4,86
cast19,inv,15,0.01,active_judge,159,1325,989,0,0,0.018970753706279042,0.050901767772186926,0.022676830167674997,0.015833433434120414,-0.008970753706279042,159,4,86
cast19,inv,15,0.01,strat_pilot,159,1323,989,0,0,0.018970753706279042,0.022689873251784388,0.022676830167674997,0.015833433434120414,-0.008970753706279042,159,4,86
cast19,inv,15,0.01,weighted_cv,159,1341,989,0,0,0.018970753706279042,0.024084717582614115,0.022676830167674997,0.015833433434120414,-0.008970753706279042,159,4,86
cast19,inv,15,0.01,active_cv,159,1303,989,0,0,0.018970753706279042,0.05579438442951867,0.022676830167674997,0.015833433434120414,-0.008970753706279042,159,4,86
cast19,inv,15,0.01,weighted_cvl,159,1346,989,0,0,0.018970753706279042,0.022505991780690283,0.022676830167674997,0.015833433434120414,-0.008970753706279042,159,4,86
cast19,inv,15,0.01,uniform,160,1231,951,0,0,0.0,0.21621805671353544,0.03155918580573247,0.016632046775706746,0.01,159,4,74
cast19,inv,15,0.01,uniform_nz,160,1229,951,0,0,0.0,0.07435763845218994,0.03155918580573247,0.016632046775706746,0.01,159,4,74
cast19,inv,15,0.01,weighted,160,1272,951,0,0,0.0,0.03155918580573247,0.03155918580573247,0.016632046775706746,0.01,159,4,74
cast19,inv,15,0.01,active_judge,160,1232,951,0,0,0.0,0.07842594060555771,0.03155918580573247,0.016632046775706746,0.01,159,4,74
cast19,inv,15,0.01,strat_pilot,160,1280,951,0,0,0.0,0.031097109767966775,0.03155918580573247,0.016632046775706746,0.01,159,4,74
cast19,inv,15,0.01,weighted_cv,160,1256,951,0,0,0.0,0.03820110399258099,0.03155918580573247,0.016632046775706746,0.01,159,4,74
cast19,inv,15,0.01,active_cv,160,1240,951,0,0,0.0,0.09683064932758512,0.03155918580573247,0.016632046775706746,0.01,159,4,74
cast19,inv,15,0.01,weighted_cvl,160,1231,951,0,0,0.0,0.03155918580573247,0.03155918580573247,0.016632046775706746,0.01,159,4,74
cast19,inv,15,0.01,uniform,161,1532,1056,0,0,0.0,0.307680841916731,0.13887395109505302,0.057348758198149094,0.01,159,4,119
cast19,inv,15,0.01,uniform_nz,161,1533,1056,0,0,0.0,0.21117148677770672,0.13887395109505302,0.057348758198149094,0.01,159,4,119
cast19,inv,15,0.01,weighted,161,1521,1056,0,0,0.0,0.13887395109505302,0.13887395109505302,0.057348758198149094,0.01,159,4,119
cast19,inv,15,0.01,active_judge,161,1555,1056,0,0,0.0,0.28102854755378515,0.13887395109505302,0.057348758198149094,0.01,159,4,119
cast19,inv,15,0.01,strat_pilot,161,1543,1056,0,0,0.0,0.13890518690529005,0.13887395109505302,0.057348758198149094,0.01,159,4,119
cast19,inv,15,0.01,weighted_cv,161,1534,1056,1,0,0.0,0.16199754046929513,0.13887395109505302,0.057348758198149094,0.01,159,4,119
cast19,inv,15,0.01,active_cv,161,1555,1056,0,0,0.0,0.33058489807964947,0.13887395109505302,0.057348758198149094,0.01,159,4,119
cast19,inv,15,0.01,weighted_cvl,161,1530,1056,1,0,0.0,0.13887395109505302,0.13887395109505302,0.057348758198149094,0.01,159,4,119
cast19,inv,15,0.01,uniform,162,1201,918,0,0,0.0,0.15933040604687976,0.03382179476963372,0.025950486655325795,0.01,159,4,68
cast19,inv,15,0.01,uniform_nz,162,1164,918,1,0,0.0,0.048468829009464684,0.03382179476963372,0.025950486655325795,0.01,159,4,68
cast19,inv,15,0.01,weighted,162,1192,918,0,0,0.0,0.03382179476963372,0.03382179476963372,0.025950486655325795,0.01,159,4,68
cast19,inv,15,0.01,active_judge,162,1197,918,0,0,0.0,0.12474186312693422,0.03382179476963372,0.025950486655325795,0.01,159,4,68
cast19,inv,15,0.01,strat_pilot,162,1172,918,0,0,0.0,0.033207843788910764,0.03382179476963372,0.025950486655325795,0.01,159,4,68
cast19,inv,15,0.01,weighted_cv,162,1194,918,0,0,0.0,0.0420863269590726,0.03382179476963372,0.025950486655325795,0.01,159,4,68
cast19,inv,15,0.01,active_cv,162,1179,918,0,0,0.0,0.13797969421130127,0.03382179476963372,0.025950486655325795,0.01,159,4,68
cast19,inv,15,0.01,weighted_cvl,162,1194,918,0,0,0.0,0.03382179476963372,0.03382179476963372,0.025950486655325795,0.01,159,4,68
cast19,inv,15,0.01,uniform,163,1354,965,0,0,0.0,0.2951625679967912,0.10070517057109038,0.027173340065855874,0.01,159,4,86
cast19,inv,15,0.01,uniform_nz,163,1292,965,0,0,0.0,0.12250152275781952,0.10070517057109038,0.027173340065855874,0.01,159,4,86
cast19,inv,15,0.01,weighted,163,1288,965,0,0,0.0,0.10070517057109038,0.10070517057109038,0.027173340065855874,0.01,159,4,86
cast19,inv,15,0.01,active_judge,163,1307,965,0,0,0.0,0.2000491622799725,0.10070517057109038,0.027173340065855874,0.01,159,4,86
cast19,inv,15,0.01,strat_pilot,163,1316,965,0,0,0.0,0.10069854199311781,0.10070517057109038,0.027173340065855874,0.01,159,4,86
cast19,inv,15,0.01,weighted_cv,163,1304,965,0,0,0.0,0.10920433805254977,0.10070517057109038,0.027173340065855874,0.01,159,4,86
cast19,inv,15,0.01,active_cv,163,1290,965,0,0,0.0,0.22141835653167039,0.10070517057109038,0.027173340065855874,0.01,159,4,86
cast19,inv,15,0.01,weighted_cvl,163,1320,965,0,0,0.0,0.10070517057109038,0.10070517057109038,0.027173340065855874,0.01,159,4,86
cast19,inv,15,0.01,uniform,164,1371,1019,0,0,0.0027241250043029686,0.26159306306256946,0.06464314454961394,0.00792045367013398,0.007275874995697032,159,4,86
cast19,inv,15,0.01,uniform_nz,164,1374,1019,1,0,0.0027241250043029686,0.11853379562660646,0.06464314454961394,0.00792045367013398,0.007275874995697032,159,4,86
cast19,inv,15,0.01,weighted,164,1380,1019,0,0,0.0027241250043029686,0.06464314454961394,0.06464314454961394,0.00792045367013398,0.007275874995697032,159,4,86
cast19,inv,15,0.01,active_judge,164,1365,1019,0,0,0.0027241250043029686,0.13620786137251964,0.06464314454961394,0.00792045367013398,0.007275874995697032,159,4,86
cast19,inv,15,0.01,strat_pilot,164,1367,1019,0,0,0.0027241250043029686,0.0645999778167702,0.06464314454961394,0.00792045367013398,0.007275874995697032,159,4,86
cast19,inv,15,0.01,weighted_cv,164,1356,1019,0,0,0.0027241250043029686,0.07545726109500037,0.06464314454961394,0.00792045367013398,0.007275874995697032,159,4,86
cast19,inv,15,0.01,active_cv,164,1386,1019,0,0,0.0027241250043029686,0.16784820789520652,0.06464314454961394,0.00792045367013398,0.007275874995697032,159,4,86
cast19,inv,15,0.01,weighted_cvl,164,1348,1019,0,0,0.0027241250043029686,0.06464314454961394,0.06464314454961394,0.00792045367013398,0.007275874995697032,159,4,86
cast19,inv,15,0.01,uniform,165,1475,1008,0,0,0.01831521819505938,0.17624256318303128,0.0862662891475088,0.03024866028513895,-0.00831521819505938,159,4,119
cast19,inv,15,0.01,uniform_nz,165,1499,1008,0,0,0.01831521819505938,0.1069195314895863,0.0862662891475088,0.03024866028513895,-0.00831521819505938,159,4,119
cast19,inv,15,0.01,weighted,165,1474,1008,0,0,0.01831521819505938,0.0862662891475088,0.0862662891475088,0.03024866028513895,-0.00831521819505938,159,4,119
cast19,inv,15,0.01,active_judge,165,1507,1008,0,0,0.01831521819505938,0.186086808093941,0.0862662891475088,0.03024866028513895,-0.00831521819505938,159,4,119
cast19,inv,15,0.01,strat_pilot,165,1462,1008,0,0,0.01831521819505938,0.08626523048006055,0.0862662891475088,0.03024866028513895,-0.00831521819505938,159,4,119
cast19,inv,15,0.01,weighted_cv,165,1469,1008,0,0,0.01831521819505938,0.11287832551067747,0.0862662891475088,0.03024866028513895,-0.00831521819505938,159,4,119
cast19,inv,15,0.01,active_cv,165,1499,1008,0,0,0.01831521819505938,0.25404201917547614,0.0862662891475088,0.03024866028513895,-0.00831521819505938,159,4,119
cast19,inv,15,0.01,weighted_cvl,165,1486,1008,0,0,0.01831521819505938,0.0862662891475088,0.0862662891475088,0.03024866028513895,-0.00831521819505938,159,4,119
cast19,inv,15,0.01,uniform,166,1326,1041,0,0,0.0,0.09191550217271396,0.026305140188472437,0.002311916578944441,0.01,159,4,68
cast19,inv,15,0.01,uniform_nz,166,1333,1041,0,0,0.0,0.032143203929657284,0.026305140188472437,0.002311916578944441,0.01,159,4,68
cast19,inv,15,0.01,weighted,166,1301,1041,0,0,0.0,0.026305140188472437,0.026305140188472437,0.002311916578944441,0.01,159,4,68
cast19,inv,15,0.01,active_judge,166,1331,1041,0,0,0.0,0.06385508460833608,0.026305140188472437,0.002311916578944441,0.01,159,4,68
cast19,inv,15,0.01,strat_pilot,166,1303,1041,0,0,0.0,0.025818025719542677,0.026305140188472437,0.002311916578944441,0.01,159,4,68
cast19,inv,15,0.01,weighted_cv,166,1326,1041,1,0,0.0,0.032874319364135686,0.026305140188472437,0.002311916578944441,0.01,159,4,68
cast19,inv,15,0.01,active_cv,166,1311,1041,0,0,0.0,0.0796191785175736,0.026305140188472437,0.002311916578944441,0.01,159,4,68
cast19,inv,15,0.01,weighted_cvl,166,1318,1041,0,0,0.0,0.027930593174491546,0.026305140188472437,0.002311916578944441,0.01,159,4,68
cast19,inv,15,0.01,uniform,167,1340,989,0,0,0.0,0.6288547557951409,0.08088248063963278,0.03365352066097455,0.01,159,4,86
cast19,inv,15,0.01,uniform_nz,167,1326,989,0,0,0.0,0.3223641956662278,0.08088248063963278,0.03365352066097455,0.01,159,4,86
cast19,inv,15,0.01,weighted,167,1304,989,0,0,0.0,0.08088248063963278,0.08088248063963278,0.03365352066097455,0.01,159,4,86
cast19,inv,15,0.01,active_judge,167,1347,989,0,0,0.0,0.17434645790019937,0.08088248063963278,0.03365352066097455,0.01,159,4,86
cast19,inv,15,0.01,strat_pilot,167,1316,989,0,0,0.0,0.08088205587547032,0.08088248063963278,0.03365352066097455,0.01,159,4,86
cast19,inv,15,0.01,weighted_cv,167,1343,989,0,0,0.0,0.09500508869788175,0.08088248063963278,0.03365352066097455,0.01,159,4,86
cast19,inv,15,0.01,active_cv,167,1336,989,0,0,0.0,0.19760736645544968,0.08088248063963278,0.03365352066097455,0.01,159,4,86
cast19,inv,15,0.01,weighted_cvl,167,1282,989,0,0,0.0,0.08088248063963278,0.08088248063963278,0.03365352066097455,0.01,159,4,86
cast19,inv,15,0.01,uniform,168,1337,992,0,0,0.0,0.22904401257222098,0.07010391189557519,0.03739388107119297,0.01,159,4,86
cast19,inv,15,0.01,uniform_nz,168,1352,992,0,0,0.0,0.0918187598540265,0.07010391189557519,0.03739388107119297,0.01,159,4,86
cast19,inv,15,0.01,weighted,168,1327,992,0,0,0.0,0.07010391189557519,0.07010391189557519,0.03739388107119297,0.01,159,4,86
cast19,inv,15,0.01,active_judge,168,1328,992,1,0,0.0,0.15038570361924739,0.07010391189557519,0.03739388107119297,0.01,159,4,86
cast19,inv,15,0.01,strat_pilot,168,1328,992,0,0,0.0,0.07005313460290803,0.07010391189557519,0.03739388107119297,0.01,159,4,86
cast19,inv,15,0.01,weighted_cv,168,1319,992,0,0,0.0,0.08695270107101884,0.07010391189557519,0.03739388107119297,0.01,159,4,86
cast19,inv,15,0.01,active_cv,168,1360,992,0,0,0.0,0.18047589105556053,0.07010391189557519,0.03739388107119297,0.01,159,4,86
cast19,inv,15,0.01,weighted_cvl,168,1333,992,0,0,0.0,0.07010391189557519,0.07010391189557519,0.03739388107119297,0.01,159,4,86
cast19,inv,15,0.01,uniform,169,1342,1014,0,0,0.0,0.11986966428158692,0.050532356417458645,0.03783170235586443,0.01,159,4,86
cast19,inv,15,0.01,uniform_nz,169,1345,1014,0,0,0.0,0.05702302625941028,0.050532356417458645,0.03783170235586443,0.01,159,4,86
cast19,inv,15,0.01,weighted,169,1345,1014,0,0,0.0,0.050532356417458645,0.050532356417458645,0.03783170235586443,0.01,159,4,86
cast19,inv,15,0.01,active_judge,169,1387,1014,0,0,0.0,0.16664419958394586,0.050532356417458645,0.03783170235586443,0.01,159,4,86
cast19,inv,15,0.01,strat_pilot,169,1365,1014,0,0,0.0,0.05014450831560759,0.050532356417458645,0.03783170235586443,0.01,159,4,86
cast19,inv,15,0.01,weighted_cv,169,1359,1014,0,0,0.0,0.06919232539760539,0.050532356417458645,0.03783170235586443,0.01,159,4,86
cast19,inv,15,0.01,active_cv,169,1358,1014,0,0,0.0,0.20837795470669943,0.050532356417458645,0.03783170235586443,0.01,159,4,86
cast19,inv,15,0.01,weighted_cvl,169,1356,1014,0,0,0.0,0.050532356417458645,0.050532356417458645,0.03783170235586443,0.01,159,4,86
cast19,inv,15,0.01,uniform,170,1234,897,0,0,0.0,0.8191533784573999,0.10188759896134716,0.031679011476999114,0.01,159,4,86
cast19,inv,15,0.01,uniform_nz,170,1250,897,0,0,0.0,0.33037041103619946,0.10188759896134716,0.031679011476999114,0.01,159,4,86
cast19,inv,15,0.01,weighted,170,1242,897,0,0,0.0,0.10188759896134716,0.10188759896134716,0.031679011476999114,0.01,159,4,86
cast19,inv,15,0.01,active_judge,170,1260,897,0,0,0.0,0.24968268067292324,0.10188759896134716,0.031679011476999114,0.01,159,4,86
cast19,inv,15,0.01,strat_pilot,170,1256,897,0,0,0.0,0.10187349646321468,0.10188759896134716,0.031679011476999114,0.01,159,4,86
cast19,inv,15,0.01,weighted_cv,170,1219,897,0,0,0.0,0.11073636062430658,0.10188759896134716,0.031679011476999114,0.01,159,4,86
cast19,inv,15,0.01,active_cv,170,1240,897,0,0,0.0,0.26078763611062106,0.10188759896134716,0.031679011476999114,0.01,159,4,86
cast19,inv,15,0.01,weighted_cvl,170,1243,897,0,0,0.0,0.10188759896134716,0.10188759896134716,0.031679011476999114,0.01,159,4,86
cast19,inv,15,0.01,uniform,171,1387,1016,0,0,0.0,0.6296668287578204,0.051150642582296714,0.05126232241868601,0.01,159,4,86
cast19,inv,15,0.01,uniform_nz,171,1364,1016,0,0,0.0,0.2588066948579833,0.051150642582296714,0.05126232241868601,0.01,159,4,86
cast19,inv,15,0.01,weighted,171,1346,1016,0,0,0.0,0.051150642582296714,0.051150642582296714,0.05126232241868601,0.01,159,4,86
cast19,inv,15,0.01,active_judge,171,1348,1016,0,0,0.0,0.1433111342156267,0.051150642582296714,0.05126232241868601,0.01,159,4,86
cast19,inv,15,0.01,strat_pilot,171,1346,1016,0,0,0.0,0.050848862987981025,0.051150642582296714,0.05126232241868601,0.01,159,4,86
cast19,inv,15,0.01,weighted_cv,171,1351,1016,0,0,0.0,0.06642979355416098,0.051150642582296714,0.05126232241868601,0.01,159,4,86
cast19,inv,15,0.01,active_cv,171,1355,1016,0,0,0.0,0.16268103298669598,0.051150642582296714,0.05126232241868601,0.01,159,4,86
cast19,inv,15,0.01,weighted_cvl,171,1356,1016,0,0,0.0,0.051150642582296714,0.051150642582296714,0.05126232241868601,0.01,159,4,86
cast19,inv,15,0.01,uniform,172,1217,927,0,0,0.0,0.19273737544668004,0.05355929394443619,0.015249413898794698,0.01,159,4,74
cast19,inv,15,0.01,uniform_nz,172,1241,927,0,0,0.0,0.06024546453216151,0.05355929394443619,0.015249413898794698,0.01,159,4,74
cast19,inv,15,0.01,weighted,172,1222,927,0,0,0.0,0.05355929394443619,0.05355929394443619,0.015249413898794698,0.01,159,4,74
cast19,inv,15,0.01,active_judge,172,1219,927,0,0,0.0,0.09420351870083246,0.05355929394443619,0.015249413898794698,0.01,159,4,74
cast19,inv,15,0.01,strat_pilot,172,1238,927,0,0,0.0,0.05355082604485943,0.05355929394443619,0.015249413898794698,0.01,159,4,74
cast19,inv,15,0.01,weighted_cv,172,1204,927,0,0,0.0,0.05688472697722794,0.05355929394443619,0.015249413898794698,0.01,159,4,74
cast19,inv,15,0.01,active_cv,172,1200,927,0,0,0.0,0.09805658134021408,0.05355929394443619,0.015249413898794698,0.01,159,4,74
cast19,inv,15,0.01,weighted_cvl,172,1243,927,0,0,0.0,0.05355929394443619,0.05355929394443619,0.015249413898794698,0.01,159,4,74
cast19,inv,15,0.01,uniform,173,1509,1037,0,0,0.0,0.47395664223265077,0.10613434894135665,0.018859179238665393,0.01,159,4,119
cast19,inv,15,0.01,uniform_nz,173,1503,1037,0,0,0.0,0.27951318813581205,0.10613434894135665,0.018859179238665393,0.01,159,4,119
cast19,inv,15,0.01,weighted,173,1482,1037,1,0,0.0,0.10613434894135665,0.10613434894135665,0.018859179238665393,0.01,159,4,119
cast19,inv,15,0.01,active_judge,173,1505,1037,1,0,0.0,0.22402742366445202,0.10613434894135665,0.018859179238665393,0.01,159,4,119
cast19,inv,15,0.01,strat_pilot,173,1520,1037,0,0,0.0,0.10636060357362398,0.10613434894135665,0.018859179238665393,0.01,159,4,119
cast19,inv,15,0.01,weighted_cv,173,1526,1037,0,0,0.0,0.1425053938125253,0.10613434894135665,0.018859179238665393,0.01,159,4,119
cast19,inv,15,0.01,active_cv,173,1508,1037,0,0,0.0,0.3032568859220185,0.10613434894135665,0.018859179238665393,0.01,159,4,119
cast19,inv,15,0.01,weighted_cvl,173,1495,1037,0,0,0.0,0.10613434894135665,0.10613434894135665,0.018859179238665393,0.01,159,4,119
cast19,inv,15,0.01,uniform,174,1299,944,0,0,0.020700477570550657,0.23664423978191945,0.09078462025755231,0.024852183420294882,-0.010700477570550657,159,4,86
cast19,inv,15,0.01,uniform_nz,174,1282,944,0,0,0.020700477570550657,0.11933752453676645,0.09078462025755231,0.024852183420294882,-0.010700477570550657,159,4,86
cast19,inv,15,0.01,weighted,174,1282,944,0,0,0.020700477570550657,0.09078462025755231,0.09078462025755231,0.024852183420294882,-0.010700477570550657,159,4,86
cast19,inv,15,0.01,active_judge,174,1310,944,0,0,0.020700477570550657,0.17072583186086293,0.09078462025755231,0.024852183420294882,-0.010700477570550657,159,4,86
cast19,inv,15,0.01,strat_pilot,174,1288,944,0,0,0.020700477570550657,0.09087557532807261,0.09078462025755231,0.024852183420294882,-0.010700477570550657,159,4,86
cast19,inv,15,0.01,weighted_cv,174,1279,944,0,0,0.020700477570550657,0.10979433479295433,0.09078462025755231,0.024852183420294882,-0.010700477570550657,159,4,86
cast19,inv,15,0.01,active_cv,174,1286,944,0,0,0.020700477570550657,0.19353271231602526,0.09078462025755231,0.024852183420294882,-0.010700477570550657,159,4,86
cast19,inv,15,0.01,weighted_cvl,174,1291,944,0,0,0.020700477570550657,0.09078462025755231,0.09078462025755231,0.024852183420294882,-0.010700477570550657,159,4,86
cast19,inv,15,0.01,uniform,175,1266,938,0,0,0.0,0.2771729182006859,0.037884308888760716,-0.0008384732611580303,0.01,159,4,86
cast19,inv,15,0.01,uniform_nz,175,1279,938,0,0,0.0,0.15695029289504192,0.037884308888760716,-0.0008384732611580303,0.01,159,4,86
cast19,inv,15,0.01,weighted,175,1239,938,0,0,0.0,0.037884308888760716,0.037884308888760716,-0.0008384732611580303,0.01,159,4,86
cast19,inv,15,0.01,active_judge,175,1270,938,0,0,0.0,0.10090834074064606,0.037884308888760716,-0.0008384732611580303,0.01,159,4,86
cast19,inv,15,0.01,strat_pilot,175,1272,938,0,0,0.0,0.037741692497845064,0.037884308888760716,-0.0008384732611580303,0.01,159,4,86
cast19,inv,15,0.01,weighted_cv,175,1302,938,0,0,0.0,0.04651241277338058,0.037884308888760716,-0.0008384732611580303,0.01,159,4,86
cast19,inv,15,0.01,active_cv,175,1288,938,0,0,0.0,0.11568393014905498,0.037884308888760716,-0.0008384732611580303,0.01,159,4,86
cast19,inv,15,0.01,weighted_cvl,175,1260,938,0,0,0.0,0.037884308888760716,0.037884308888760716,-0.0008384732611580303,0.01,159,4,86
cast19,inv,15,0.01,uniform,176,1297,931,0,0,0.0,0.12436372636989272,0.04623726958762512,0.007992558052542585,0.01,159,4,86
cast19,inv,15,0.01,uniform_nz,176,1288,931,1,0,0.0,0.05188604384530819,0.04623726958762512,0.007992558052542585,0.01,159,4,86
cast19,inv,15,0.01,weighted,176,1252,931,0,0,0.0,0.04623726958762512,0.04623726958762512,0.007992558052542585,0.01,159,4,86
cast19,inv,15,0.01,active_judge,176,1273,931,0,0,0.0,0.11443468814250757,0.04623726958762512,0.007992558052542585,0.01,159,4,86
cast19,inv,15,0.01,strat_pilot,176,1284,931,0,0,0.0,0.046137133163230065,0.04623726958762512,0.007992558052542585,0.01,159,4,86
cast19,inv,15,0.01,weighted_cv,176,1277,931,0,0,0.0,0.058072721088729996,0.04623726958762512,0.007992558052542585,0.01,159,4,86
cast19,inv,15,0.01,active_cv,176,1273,931,0,0,0.0,0.1418094758043169,0.04623726958762512,0.007992558052542585,0.01,159,4,86
cast19,inv,15,0.01,weighted_cvl,176,1266,931,0,0,0.0,0.04623562488324976,0.04623726958762512,0.007992558052542585,0.01,159,4,86
cast19,inv,15,0.01,uniform,177,1274,1000,0,0,0.0,0.20718702293292507,0.036381325665208616,0.01625312230768887,0.01,159,4,69
cast19,inv,15,0.01,uniform_nz,177,1278,1000,0,0,0.0,0.07010841698414708,0.036381325665208616,0.01625312230768887,0.01,159,4,69
cast19,inv,15,0.01,weighted,177,1243,1000,0,0,0.0,0.036381325665208616,0.036381325665208616,0.01625312230768887,0.01,159,4,69
cast19,inv,15,0.01,active_judge,177,1287,1000,0,0,0.0,0.09585678460258314,0.036381325665208616,0.01625312230768887,0.01,159,4,69
cast19,inv,15,0.01,strat_pilot,177,1280,1000,0,0,0.0,0.03608892198782201,0.036381325665208616,0.01625312230768887,0.01,159,4,69
cast19,inv,15,0.01,weighted_cv,177,1266,1000,0,0,0.0,0.04413774493170296,0.036381325665208616,0.01625312230768887,0.01,159,4,69
cast19,inv,15,0.01,active_cv,177,1241,1000,0,0,0.0,0.10691922904542435,0.036381325665208616,0.01625312230768887,0.01,159,4,69
cast19,inv,15,0.01,weighted_cvl,177,1266,1000,0,0,0.0,0.036381325665208616,0.036381325665208616,0.01625312230768887,0.01,159,4,69
cast19,inv,15,0.01,uniform,178,1255,931,0,0,0.0,0.2454329523939156,0.09284142246930065,0.04214358654600125,0.01,159,4,86
cast19,inv,15,0.01,uniform_nz,178,1285,931,0,0,0.0,0.11554932180630587,0.09284142246930065,0.04214358654600125,0.01,159,4,86
cast19,inv,15,0.01,weighted,178,1262,931,0,0,0.0,0.09284142246930065,0.09284142246930065,0.04214358654600125,0.01,159,4,86
cast19,inv,15,0.01,active_judge,178,1262,931,0,0,0.0,0.22595316783953362,0.09284142246930065,0.04214358654600125,0.01,159,4,86
cast19,inv,15,0.01,strat_pilot,178,1285,931,0,0,0.0,0.09281070396346507,0.09284142246930065,0.04214358654600125,0.01,159,4,86
cast19,inv,15,0.01,weighted_cv,178,1270,931,0,0,0.0,0.1216890794824977,0.09284142246930065,0.04214358654600125,0.01,159,4,86
cast19,inv,15,0.01,active_cv,178,1290,931,0,0,0.0,0.26812594679248003,0.09284142246930065,0.04214358654600125,0.01,159,4,86
cast19,inv,15,0.01,weighted_cvl,178,1301,931,0,0,0.0,0.09284142246930065,0.09284142246930065,0.04214358654600125,0.01,159,4,86
cast19,inv,15,0.01,uniform,179,1337,1009,0,0,0.0,0.1460032237195717,0.05134889150416912,0.028141894474509897,0.01,159,4,86
cast19,inv,15,0.01,uniform_nz,179,1363,1009,0,0,0.0,0.06262052942259784,0.05134889150416912,0.028141894474509897,0.01,159,4,86
cast19,inv,15,0.01,weighted,179,1342,1009,0,0,0.0,0.05134889150416912,0.05134889150416912,0.028141894474509897,0.01,159,4,86
cast19,inv,15,0.01,active_judge,179,1368,1009,0,0,0.0,0.10050847463513872,0.05134889150416912,0.028141894474509897,0.01,159,4,86
cast19,inv,15,0.01,strat_pilot,179,1342,1009,0,0,0.0,0.051390004510548905,0.05134889150416912,0.028141894474509897,0.01,159,4,86
cast19,inv,15,0.01,weighted_cv,179,1364,1009,0,0,0.0,0.06107097860616908,0.05134889150416912,0.028141894474509897,0.01,159,4,86
cast19,inv,15,0.01,active_cv,179,1340,1009,0,0,0.0,0.11354294182330738,0.05134889150416912,0.028141894474509897,0.01,159,4,86
cast19,inv,15,0.01,weighted_cvl,179,1378,1009,0,0,0.0,0.05134889150416912,0.05134889150416912,0.028141894474509897,0.01,159,4,86
cast19,inv,15,0.01,uniform,180,1297,968,0,0,0.0,0.208706156912914,0.0653868590764582,0.01769691004692352,0.01,159,4,86
cast19,inv,15,0.01,uniform_nz,180,1297,968,0,0,0.0,0.08647590992490559,0.0653868590764582,0.01769691004692352,0.01,159,4,86
cast19,inv,15,0.01,weighted,180,1308,968,0,0,0.0,0.0653868590764582,0.0653868590764582,0.01769691004692352,0.01,159,4,86
cast19,inv,15,0.01,active_judge,180,1289,968,0,0,0.0,0.15012189966433315,0.0653868590764582,0.01769691004692352,0.01,159,4,86
cast19,inv,15,0.01,strat_pilot,180,1299,968,0,0,0.0,0.06518004584725154,0.0653868590764582,0.01769691004692352,0.01,159,4,86
cast19,inv,15,0.01,weighted_cv,180,1319,968,0,0,0.0,0.08241920117529733,0.0653868590764582,0.01769691004692352,0.01,159,4,86
cast19,inv,15,0.01,active_cv,180,1283,968,0,0,0.0,0.18148781585782564,0.0653868590764582,0.01769691004692352,0.01,159,4,86
cast19,inv,15,0.01,weighted_cvl,180,1294,968,0,0,0.0,0.0653868590764582,0.0653868590764582,0.01769691004692352,0.01,159,4,86
cast19,inv,15,0.01,uniform,181,1277,960,0,0,0.0,0.15110718918798108,0.049542025485226016,0.013754780195350924,0.01,159,4,86
cast19,inv,15,0.01,uniform_nz,181,1283,960,0,0,0.0,0.06110325523532474,0.049542025485226016,0.013754780195350924,0.01,159,4,86
cast19,inv,15,0.01,weighted,181,1305,960,0,0,0.0,0.049542025485226016,0.049542025485226016,0.013754780195350924,0.01,159,4,86
cast19,inv,15,0.01,active_judge,181,1308,960,0,0,0.0,0.12539448605045486,0.049542025485226016,0.013754780195350924,0.01,159,4,86
cast19,inv,15,0.01,strat_pilot,181,1291,960,0,0,0.0,0.04949078331219299,0.049542025485226016,0.013754780195350924,0.01,159,4,86
cast19,inv,15,0.01,weighted_cv,181,1291,960,0,0,0.0,0.06041987769503583,0.049542025485226016,0.013754780195350924,0.01,159,4,86
cast19,inv,15,0.01,active_cv,181,1331,960,0,0,0.0,0.1576517368893159,0.049542025485226016,0.013754780195350924,0.01,159,4,86
cast19,inv,15,0.01,weighted_cvl,181,1297,960,0,0,0.0,0.049542025485226016,0.049542025485226016,0.013754780195350924,0.01,159,4,86
cast19,inv,15,0.01,uniform,182,1308,975,0,0,0.024475198910550444,0.68125313877475,0.05399402802702319,0.035419757289120606,-0.014475198910550444,159,4,86
cast19,inv,15,0.01,uniform_nz,182,1282,975,0,0,0.024475198910550444,0.2587990159046208,0.05399402802702319,0.035419757289120606,-0.014475198910550444,159,4,86
cast19,inv,15,0.01,weighted,182,1306,975,0,0,0.024475198910550444,0.05399402802702319,0.05399402802702319,0.035419757289120606,-0.014475198910550444,159,4,86
cast19,inv,15,0.01,active_judge,182,1292,975,0,0,0.024475198910550444,0.1496043680437935,0.05399402802702319,0.035419757289120606,-0.014475198910550444,159,4,86
cast19,inv,15,0.01,strat_pilot,182,1308,975,0,0,0.024475198910550444,0.05393444203010691,0.05399402802702319,0.035419757289120606,-0.014475198910550444,159,4,86
cast19,inv,15,0.01,weighted_cv,182,1328,975,0,0,0.024475198910550444,0.07741014853338919,0.05399402802702319,0.035419757289120606,-0.014475198910550444,159,4,86
cast19,inv,15,0.01,active_cv,182,1332,975,0,0,0.024475198910550444,0.1812250196795007,0.05399402802702319,0.035419757289120606,-0.014475198910550444,159,4,86
cast19,inv,15,0.01,weighted_cvl,182,1318,975,0,0,0.024475198910550444,0.054048621671895634,0.05399402802702319,0.035419757289120606,-0.014475198910550444,159,4,86
cast19,inv,15,0.01,uniform,183,1357,1021,0,0,0.0,0.34053112195654234,0.04659763868506401,0.04399650300966091,0.01,159,4,86
cast19,inv,15,0.01,uniform_nz,183,1334,1021,0,0,0.0,0.14121757726702516,0.04659763868506401,0.04399650300966091,0.01,159,4,86
cast19,inv,15,0.01,weighted,183,1355,1021,0,0,0.0,0.04659763868506401,0.04659763868506401,0.04399650300966091,0.01,159,4,86
cast19,inv,15,0.01,active_judge,183,1364,1021,0,0,0.0,0.12086471360134392,0.04659763868506401,0.04399650300966091,0.01,159,4,86
cast19,inv,15,0.01,strat_pilot,183,1357,1021,0,0,0.0,0.04649565642462507,0.04659763868506401,0.04399650300966091,0.01,159,4,86
cast19,inv,15,0.01,weighted_cv,183,1373,1021,0,0,0.0,0.05824672089533811,0.04659763868506401,0.04399650300966091,0.01,159,4,86
cast19,inv,15,0.01,active_cv,183,1362,1021,0,0,0.0,0.1580564712950004,0.04659763868506401,0.04399650300966091,0.01,159,4,86
cast19,inv,15,0.01,weighted_cvl,183,1372,1021,0,0,0.0,0.04659763868506401,0.04659763868506401,0.04399650300966091,0.01,159,4,86
cast19,inv,15,0.01,uniform,184,1298,964,0,0,0.005348955001581834,0.10473950153483402,0.044391900048922885,0.03015077991058944,0.004651044998418166,159,4,86
cast19,inv,15,0.01,uniform_nz,184,1303,964,0,0,0.005348955001581834,0.04900252990904857,0.044391900048922885,0.03015077991058944,0.004651044998418166,159,4,86
cast19,inv,15,0.01,weighted,184,1317,964,0,0,0.005348955001581834,0.044391900048922885,0.044391900048922885,0.03015077991058944,0.004651044998418166,159,4,86
cast19,inv,15,0.01,active_judge,184,1304,964,0,0,0.005348955001581834,0.11443869021281813,0.044391900048922885,0.03015077991058944,0.004651044998418166,159,4,86
cast19,inv,15,0.01,strat_pilot,184,1338,964,0,0,0.005348955001581834,0.04429945167774999,0.044391900048922885,0.03015077991058944,0.004651044998418166,159,4,86
cast19,inv,15,0.01,weighted_cv,184,1301,964,0,0,0.005348955001581834,0.051480988827448136,0.044391900048922885,0.03015077991058944,0.004651044998418166,159,4,86
cast19,inv,15,0.01,active_cv,184,1298,964,0,0,0.005348955001581834,0.12103199176556534,0.044391900048922885,0.03015077991058944,0.004651044998418166,159,4,86
cast19,inv,15,0.01,weighted_cvl,184,1309,964,0,0,0.005348955001581834,0.044391900048922885,0.044391900048922885,0.03015077991058944,0.004651044998418166,159,4,86
cast19,inv,15,0.01,uniform,185,1393,1058,0,0,0.017356932257624913,0.09040185052947491,0.03333276219583838,0.010405398186941615,-0.007356932257624913,159,4,86
cast19,inv,15,0.01,uniform_nz,185,1373,1058,0,0,0.017356932257624913,0.041933072167516725,0.03333276219583838,0.010405398186941615,-0.007356932257624913,159,4,86
cast19,inv,15,0.01,weighted,185,1371,1058,0,0,0.017356932257624913,0.03333276219583838,0.03333276219583838,0.010405398186941615,-0.007356932257624913,159,4,86
cast19,inv,15,0.01,active_judge,185,1401,1058,0,0,0.017356932257624913,0.0784550867017259,0.03333276219583838,0.010405398186941615,-0.007356932257624913,159,4,86
cast19,inv,15,0.01,strat_pilot,185,1379,1058,0,0,0.017356932257624913,0.033310224896863375,0.03333276219583838,0.010405398186941615,-0.007356932257624913,159,4,86
cast19,inv,15,0.01,weighted_cv,185,1406,1058,0,0,0.017356932257624913,0.03809591962307426,0.03333276219583838,0.010405398186941615,-0.007356932257624913,159,4,86
cast19,inv,15,0.01,active_cv,185,1397,1058,0,0,0.017356932257624913,0.09244152259840825,0.03333276219583838,0.010405398186941615,-0.007356932257624913,159,4,86
cast19,inv,15,0.01,weighted_cvl,185,1403,1058,0,0,0.017356932257624913,0.03333276219583838,0.03333276219583838,0.010405398186941615,-0.007356932257624913,159,4,86
cast19,inv,15,0.01,uniform,186,1338,995,0,0,0.005348955001581834,0.13693905807241036,0.05144001164693114,0.012301656750848766,0.004651044998418166,159,4,86
cast19,inv,15,0.01,uniform_nz,186,1370,995,0,0,0.005348955001581834,0.05702726976424577,0.05144001164693114,0.012301656750848766,0.004651044998418166,159,4,86
cast19,inv,15,0.01,weighted,186,1336,995,0,0,0.005348955001581834,0.05144001164693114,0.05144001164693114,0.012301656750848766,0.004651044998418166,159,4,86
cast19,inv,15,0.01,active_judge,186,1347,995,0,0,0.005348955001581834,0.10432064018890472,0.05144001164693114,0.012301656750848766,0.004651044998418166,159,4,86
cast19,inv,15,0.01,strat_pilot,186,1319,995,0,0,0.005348955001581834,0.051343170459974066,0.05144001164693114,0.012301656750848766,0.004651044998418166,159,4,86
cast19,inv,15,0.01,weighted_cv,186,1343,995,0,0,0.005348955001581834,0.054981798071265554,0.05144001164693114,0.012301656750848766,0.004651044998418166,159,4,86
cast19,inv,15,0.01,active_cv,186,1336,995,0,0,0.005348955001581834,0.10805594334403201,0.05144001164693114,0.012301656750848766,0.004651044998418166,159,4,86
cast19,inv,15,0.01,weighted_cvl,186,1344,995,0,0,0.005348955001581834,0.05144001164693114,0.05144001164693114,0.012301656750848766,0.004651044998418166,159,4,86
cast19,inv,15,0.01,uniform,187,1288,939,0,0,0.0,0.16583019404520427,0.061252511368183125,0.0358070264788531,0.01,159,4,86
cast19,inv,15,0.01,uniform_nz,187,1282,939,0,0,0.0,0.08123517114336802,0.061252511368183125,0.0358070264788531,0.01,159,4,86
cast19,inv,15,0.01,weighted,187,1264,939,0,0,0.0,0.061252511368183125,0.061252511368183125,0.0358070264788531,0.01,159,4,86
cast19,inv,15,0.01,active_judge,187,1293,939,0,0,0.0,0.14106221915610712,0.061252511368183125,0.0358070264788531,0.01,159,4,86
cast19,inv,15,0.01,strat_pilot,187,1284,939,0,0,0.0,0.061206226492763804,0.061252511368183125,0.0358070264788531,0.01,159,4,86
cast19,inv,15,0.01,weighted_cv,187,1305,939,0,0,0.0,0.07190106113083283,0.061252511368183125,0.0358070264788531,0.01,159,4,86
cast19,inv,15,0.01,active_cv,187,1291,939,0,0,0.0,0.15457779902265945,0.061252511368183125,0.0358070264788531,0.01,159,4,86
cast19,inv,15,0.01,weighted_cvl,187,1291,939,0,0,0.0,0.061252511368183125,0.061252511368183125,0.0358070264788531,0.01,159,4,86
cast19,inv,15,0.01,uniform,188,1279,922,0,0,0.0,0.6039806199221796,0.07790921599119024,0.0378580781762842,0.01,159,4,86
cast19,inv,15,0.01,uniform_nz,188,1271,922,0,0,0.0,0.320359469578899,0.07790921599119024,0.0378580781762842,0.01,159,4,86
cast19,inv,15,0.01,weighted,188,1251,922,0,0,0.0,0.07790921599119024,0.07790921599119024,0.0378580781762842,0.01,159,4,86
cast19,inv,15,0.01,active_judge,188,1273,922,0,0,0.0,0.20418549863292731,0.07790921599119024,0.0378580781762842,0.01,159,4,86
cast19,inv,15,0.01,strat_pilot,188,1279,922,0,0,0.0,0.07795026237841843,0.07790921599119024,0.0378580781762842,0.01,159,4,86
cast19,inv,15,0.01,weighted_cv,188,1287,922,0,0,0.0,0.09190143788696631,0.07790921599119024,0.0378580781762842,0.01,159,4,86
cast19,inv,15,0.01,active_cv,188,1235,922,0,0,0.0,0.22914613830504277,0.07790921599119024,0.0378580781762842,0.01,159,4,86
cast19,inv,15,0.01,weighted_cvl,188,1251,922,0,0,0.0,0.07790921599119024,0.07790921599119024,0.0378580781762842,0.01,159,4,86
cast19,inv,15,0.01,uniform,189,1195,904,0,0,0.0,0.2669656468754938,0.024948542914370764,0.02071008905954725,0.01,159,4,73
cast19,inv,15,0.01,uniform_nz,189,1201,904,0,0,0.0,0.11925683211679616,0.024948542914370764,0.02071008905954725,0.01,159,4,73
cast19,inv,15,0.01,weighted,189,1189,904,0,0,0.0,0.024948542914370764,0.024948542914370764,0.02071008905954725,0.01,159,4,73
cast19,inv,15,0.01,active_judge,189,1192,904,0,0,0.0,0.06754817396009385,0.024948542914370764,0.02071008905954725,0.01,159,4,73
cast19,inv,15,0.01,strat_pilot,189,1220,904,0,0,0.0,0.024828894490336303,0.024948542914370764,0.02071008905954725,0.01,159,4,73
cast19,inv,15,0.01,weighted_cv,189,1202,904,0,0,0.0,0.03208237874375906,0.024948542914370764,0.02071008905954725,0.01,159,4,73
cast19,inv,15,0.01,active_cv,189,1162,904,0,0,0.0,0.08201305203398762,0.024948542914370764,0.02071008905954725,0.01,159,4,73
cast19,inv,15,0.01,weighted_cvl,189,1200,904,0,0,0.0,0.024948542914370764,0.024948542914370764,0.02071008905954725,0.01,159,4,73
cast19,inv,15,0.01,uniform,190,1323,993,0,0,0.0,0.7072702705183659,0.08582359236191923,0.01876750007058594,0.01,159,4,86
cast19,inv,15,0.01,uniform_nz,190,1339,993,0,0,0.0,0.2955299124761155,0.08582359236191923,0.01876750007058594,0.01,159,4,86
cast19,inv,15,0.01,weighted,190,1345,993,0,0,0.0,0.08582359236191923,0.08582359236191923,0.01876750007058594,0.01,159,4,86
cast19,inv,15,0.01,active_judge,190,1305,993,0,0,0.0,0.20225555225760408,0.08582359236191923,0.01876750007058594,0.01,159,4,86
cast19,inv,15,0.01,strat_pilot,190,1350,993,0,0,0.0,0.08577247706432216,0.08582359236191923,0.01876750007058594,0.01,159,4,86
cast19,inv,15,0.01,weighted_cv,190,1339,993,0,0,0.0,0.09217470667577302,0.08582359236191923,0.01876750007058594,0.01,159,4,86
cast19,inv,15,0.01,active_cv,190,1319,993,0,0,0.0,0.22072659218892507,0.08582359236191923,0.01876750007058594,0.01,159,4,86
cast19,inv,15,0.01,weighted_cvl,190,1325,993,0,0,0.0,0.08582359236191923,0.08582359236191923,0.01876750007058594,0.01,159,4,86
cast19,inv,15,0.01,uniform,191,1298,954,0,0,0.0,0.10899367942213603,0.04042957928643054,0.017990808889365217,0.01,159,4,86
cast19,inv,15,0.01,uniform_nz,191,1322,954,0,0,0.0,0.044747835379504816,0.04042957928643054,0.017990808889365217,0.01,159,4,86
cast19,inv,15,0.01,weighted,191,1271,954,0,0,0.0,0.04042957928643054,0.04042957928643054,0.017990808889365217,0.01,159,4,86
cast19,inv,15,0.01,active_judge,191,1287,954,0,0,0.0,0.07005146803684714,0.04042957928643054,0.017990808889365217,0.01,159,4,86
cast19,inv,15,0.01,strat_pilot,191,1302,954,0,0,0.0,0.04056320922843852,0.04042957928643054,0.017990808889365217,0.01,159,4,86
cast19,inv,15,0.01,weighted_cv,191,1278,954,0,0,0.0,0.04772428265086414,0.04042957928643054,0.017990808889365217,0.01,159,4,86
cast19,inv,15,0.01,active_cv,191,1281,954,0,0,0.0,0.08968749356656058,0.04042957928643054,0.017990808889365217,0.01,159,4,86
cast19,inv,15,0.01,weighted_cvl,191,1281,954,0,0,0.0,0.04042957928643054,0.04042957928643054,0.017990808889365217,0.01,159,4,86
cast19,inv,15,0.01,uniform,192,1459,988,0,0,0.018712356664819907,0.18705757514192703,0.09451289024876496,0.04183467304317097,-0.008712356664819907,159,4,119
cast19,inv,15,0.01,uniform_nz,192,1449,988,0,0,0.018712356664819907,0.12152232245593546,0.09451289024876496,0.04183467304317097,-0.008712356664819907,159,4,119
cast19,inv,15,0.01,weighted,192,1472,988,0,0,0.018712356664819907,0.09451289024876496,0.09451289024876496,0.04183467304317097,-0.008712356664819907,159,4,119
cast19,inv,15,0.01,active_judge,192,1480,988,0,0,0.018712356664819907,0.1862875630364727,0.09451289024876496,0.04183467304317097,-0.008712356664819907,159,4,119
cast19,inv,15,0.01,strat_pilot,192,1473,988,0,0,0.018712356664819907,0.09463908396385548,0.09451289024876496,0.04183467304317097,-0.008712356664819907,159,4,119
cast19,inv,15,0.01,weighted_cv,192,1488,988,0,0,0.018712356664819907,0.13385658534063305,0.09451289024876496,0.04183467304317097,-0.008712356664819907,159,4,119
cast19,inv,15,0.01,active_cv,192,1478,988,0,0,0.018712356664819907,0.31163617549520123,0.09451289024876496,0.04183467304317097,-0.008712356664819907,159,4,119
cast19,inv,15,0.01,weighted_cvl,192,1477,988,0,0,0.018712356664819907,0.09451289024876496,0.09451289024876496,0.04183467304317097,-0.008712356664819907,159,4,119
cast19,inv,15,0.01,uniform,193,1292,935,0,0,0.0015286951668417315,0.12175570047500632,0.04819922085490856,0.010549018162256807,0.008471304833158269,159,4,86
cast19,inv,15,0.01,uniform_nz,193,1303,935,0,0,0.0015286951668417315,0.057700785647003705,0.04819922085490856,0.010549018162256807,0.008471304833158269,159,4,86
cast19,inv,15,0.01,weighted,193,1283,935,0,0,0.0015286951668417315,0.04819922085490856,0.04819922085490856,0.010549018162256807,0.008471304833158269,159,4,86
cast19,inv,15,0.01,active_judge,193,1250,935,0,0,0.0015286951668417315,0.10960322374182314,0.04819922085490856,0.010549018162256807,0.008471304833158269,159,4,86
cast19,inv,15,0.01,strat_pilot,193,1254,935,0,0,0.0015286951668417315,0.048125006631437914,0.04819922085490856,0.010549018162256807,0.008471304833158269,159,4,86
cast19,inv,15,0.01,weighted_cv,193,1246,935,0,0,0.0015286951668417315,0.05725702100621799,0.04819922085490856,0.010549018162256807,0.008471304833158269,159,4,86
cast19,inv,15,0.01,active_cv,193,1289,935,0,0,0.0015286951668417315,0.14267779839536482,0.04819922085490856,0.010549018162256807,0.008471304833158269,159,4,86
cast19,inv,15,0.01,weighted_cvl,193,1272,935,0,0,0.0015286951668417315,0.04819922085490856,0.04819922085490856,0.010549018162256807,0.008471304833158269,159,4,86
cast19,inv,15,0.01,uniform,194,1347,1025,0,0,0.008589502286854733,0.2216407460214021,0.04882652558059195,0.021556884138405875,0.001410497713145267,159,4,86
cast19,inv,15,0.01,uniform_nz,194,1386,1025,0,0,0.008589502286854733,0.07488617093007095,0.04882652558059195,0.021556884138405875,0.001410497713145267,159,4,86
cast19,inv,15,0.01,weighted,194,1357,1025,0,0,0.008589502286854733,0.04882652558059195,0.04882652558059195,0.021556884138405875,0.001410497713145267,159,4,86
cast19,inv,15,0.01,active_judge,194,1371,1025,0,0,0.008589502286854733,0.13826350024650616,0.04882652558059195,0.021556884138405875,0.001410497713145267,159,4,86
cast19,inv,15,0.01,strat_pilot,194,1393,1025,0,0,0.008589502286854733,0.048730313821233016,0.04882652558059195,0.021556884138405875,0.001410497713145267,159,4,86
cast19,inv,15,0.01,weighted_cv,194,1375,1025,0,0,0.008589502286854733,0.06864328494283997,0.04882652558059195,0.021556884138405875,0.001410497713145267,159,4,86
cast19,inv,15,0.01,active_cv,194,1371,1025,0,0,0.008589502286854733,0.16412104463374666,0.04882652558059195,0.021556884138405875,0.001410497713145267,159,4,86
cast19,inv,15,0.01,weighted_cvl,194,1384,1025,0,0,0.008589502286854733,0.04882652558059195,0.04882652558059195,0.021556884138405875,0.001410497713145267,159,4,86
cast19,inv,15,0.01,uniform,195,1351,998,0,0,0.001147596622883329,0.14441486948894244,0.03494704900150973,0.018053671203910132,0.008852403377116671,159,4,86
cast19,inv,15,0.01,uniform_nz,195,1336,998,0,0,0.001147596622883329,0.059116896236805896,0.03494704900150973,0.018053671203910132,0.008852403377116671,159,4,86
cast19,inv,15,0.01,weighted,195,1339,998,0,0,0.001147596622883329,0.03494704900150973,0.03494704900150973,0.018053671203910132,0.008852403377116671,159,4,86
cast19,inv,15,0.01,active_judge,195,1347,998,0,0,0.001147596622883329,0.12760378683111967,0.03494704900150973,0.018053671203910132,0.008852403377116671,159,4,86
cast19,inv,15,0.01,strat_pilot,195,1347,998,0,0,0.001147596622883329,0.034867992231624165,0.03494704900150973,0.018053671203910132,0.008852403377116671,159,4,86
cast19,inv,15,0.01,weighted_cv,195,1337,998,0,0,0.001147596622883329,0.0452289770017605,0.03494704900150973,0.018053671203910132,0.008852403377116671,159,4,86
cast19,inv,15,0.01,active_cv,195,1327,998,0,0,0.001147596622883329,0.15351663638729024,0.03494704900150973,0.018053671203910132,0.008852403377116671,159,4,86
cast19,inv,15,0.01,weighted_cvl,195,1325,998,0,0,0.001147596622883329,0.03494704900150973,0.03494704900150973,0.018053671203910132,0.008852403377116671,159,4,86
cast19,inv,15,0.01,uniform,196,1410,941,0,0,0.010371825939922197,0.10109937025704774,0.05894875863888943,0.023690466833386475,-0.0003718259399221966,159,4,119
cast19,inv,15,0.01,uniform_nz,196,1392,941,0,0,0.010371825939922197,0.06788847784861382,0.05894875863888943,0.023690466833386475,-0.0003718259399221966,159,4,119
cast19,inv,15,0.01,weighted,196,1394,941,0,0,0.010371825939922197,0.05894875863888943,0.05894875863888943,0.023690466833386475,-0.0003718259399221966,159,4,119
cast19,inv,15,0.01,active_judge,196,1407,941,0,0,0.010371825939922197,0.14555531349820788,0.05894875863888943,0.023690466833386475,-0.0003718259399221966,159,4,119
cast19,inv,15,0.01,strat_pilot,196,1403,941,0,0,0.010371825939922197,0.05909409127804897,0.05894875863888943,0.023690466833386475,-0.0003718259399221966,159,4,119
cast19,inv,15,0.01,weighted_cv,196,1373,941,0,0,0.010371825939922197,0.08778721393197975,0.05894875863888943,0.023690466833386475,-0.0003718259399221966,159,4,119
cast19,inv,15,0.01,active_cv,196,1429,941,0,0,0.010371825939922197,0.228846394286729,0.05894875863888943,0.023690466833386475,-0.0003718259399221966,159,4,119
cast19,inv,15,0.01,weighted_cvl,196,1435,941,0,0,0.010371825939922197,0.05894875863888943,0.05894875863888943,0.023690466833386475,-0.0003718259399221966,159,4,119
cast19,inv,15,0.01,uniform,197,1232,938,0,0,0.0,0.18865091239506376,0.03372347159812187,0.03099062847060559,0.01,159,4,72
cast19,inv,15,0.01,uniform_nz,197,1233,938,0,0,0.0,0.06854941641512295,0.03372347159812187,0.03099062847060559,0.01,159,4,72
cast19,inv,15,0.01,weighted,197,1233,938,0,0,0.0,0.03372347159812187,0.03372347159812187,0.03099062847060559,0.01,159,4,72
cast19,inv,15,0.01,active_judge,197,1206,938,0,0,0.0,0.07262803769959739,0.03372347159812187,0.03099062847060559,0.01,159,4,72
cast19,inv,15,0.01,strat_pilot,197,1233,938,0,0,0.0,0.03336888192323584,0.03372347159812187,0.03099062847060559,0.01,159,4,72
cast19,inv,15,0.01,weighted_cv,197,1199,938,0,0,0.0,0.03817796203283862,0.03372347159812187,0.03099062847060559,0.01,159,4,72
cast19,inv,15,0.01,active_cv,197,1213,938,0,0,0.0,0.09426529979644638,0.03372347159812187,0.03099062847060559,0.01,159,4,72
cast19,inv,15,0.01,weighted_cvl,197,1229,938,0,0,0.0,0.03372347159812187,0.03372347159812187,0.03099062847060559,0.01,159,4,72
cast19,inv,15,0.01,uniform,198,1257,914,0,0,0.015195252827864325,0.12833170499032667,0.04551561504285475,0.04807552736971118,-0.005195252827864325,159,4,86
cast19,inv,15,0.01,uniform_nz,198,1241,914,0,0,0.015195252827864325,0.057504787422832514,0.04551561504285475,0.04807552736971118,-0.005195252827864325,159,4,86
cast19,inv,15,0.01,weighted,198,1267,914,0,0,0.015195252827864325,0.04551561504285475,0.04551561504285475,0.04807552736971118,-0.005195252827864325,159,4,86
cast19,inv,15,0.01,active_judge,198,1257,914,0,0,0.015195252827864325,0.12666634083572717,0.04551561504285475,0.04807552736971118,-0.005195252827864325,159,4,86
cast19,inv,15,0.01,strat_pilot,198,1262,914,0,0,0.015195252827864325,0.04542867873440591,0.04551561504285475,0.04807552736971118,-0.005195252827864325,159,4,86
cast19,inv,15,0.01,weighted_cv,198,1243,914,0,0,0.015195252827864325,0.05462438521341455,0.04551561504285475,0.04807552736971118,-0.005195252827864325,159,4,86
cast19,inv,15,0.01,active_cv,198,1238,914,0,0,0.015195252827864325,0.14637781361495714,0.04551561504285475,0.04807552736971118,-0.005195252827864325,159,4,86
cast19,inv,15,0.01,weighted_cvl,198,1246,914,0,0,0.015195252827864325,0.04551561504285475,0.04551561504285475,0.04807552736971118,-0.005195252827864325,159,4,86
cast19,inv,15,0.01,uniform,199,1475,995,0,0,0.0,0.4772104922133614,0.15026865704059972,0.040388399468272274,0.01,159,4,119
cast19,inv,15,0.01,uniform_nz,199,1481,995,0,0,0.0,0.2752539042953561,0.15026865704059972,0.040388399468272274,0.01,159,4,119
cast19,inv,15,0.01,weighted,199,1490,995,0,0,0.0,0.15026865704059972,0.15026865704059972,0.040388399468272274,0.01,159,4,119
cast19,inv,15,0.01,active_judge,199,1505,995,0,0,0.0,0.34921616663123134,0.15026865704059972,0.040388399468272274,0.01,159,4,119
cast19,inv,15,0.01,strat_pilot,199,1451,995,0,0,0.0,0.15029543222801842,0.15026865704059972,0.040388399468272274,0.01,159,4,119
cast19,inv,15,0.01,weighted_cv,199,1469,995,1,0,0.0,0.18422264598763863,0.15026865704059972,0.040388399468272274,0.01,159,4,119
cast19,inv,15,0.01,active_cv,199,1518,995,0,0,0.0,0.4077597568283943,0.15026865704059972,0.040388399468272274,0.01,159,4,119
cast19,inv,15,0.01,weighted_cvl,199,1466,995,1,0,0.0,0.15026865704059972,0.15026865704059972,0.040388399468272274,0.01,159,4,119
cast19,inv,15,0.01,uniform,200,1288,971,0,0,0.0,0.5336856357383948,0.0673154348194465,0.042627470221258075,0.01,159,4,86
cast19,inv,15,0.01,uniform_nz,200,1306,971,0,0,0.0,0.25797376945766015,0.0673154348194465,0.042627470221258075,0.01,159,4,86
cast19,inv,15,0.01,weighted,200,1316,971,0,0,0.0,0.0673154348194465,0.0673154348194465,0.042627470221258075,0.01,159,4,86
cast19,inv,15,0.01,active_judge,200,1322,971,0,0,0.0,0.1429929337093385,0.0673154348194465,0.042627470221258075,0.01,159,4,86
cast19,inv,15,0.01,strat_pilot,200,1322,971,1,0,0.0,0.06731534378766485,0.0673154348194465,0.042627470221258075,0.01,159,4,86
cast19,inv,15,0.01,weighted_cv,200,1294,971,0,0,0.0,0.0799211495432271,0.0673154348194465,0.042627470221258075,0.01,159,4,86
cast19,inv,15,0.01,active_cv,200,1308,971,0,0,0.0,0.1760251381236744,0.0673154348194465,0.042627470221258075,0.01,159,4,86
cast19,inv,15,0.01,weighted_cvl,200,1324,971,0,0,0.0,0.0673154348194465,0.0673154348194465,0.042627470221258075,0.01,159,4,86
cast19,inv,15,0.01,uniform,201,1349,972,0,0,0.007286237375076887,0.13253067994156986,0.04425096342574578,0.01979460393370408,0.002713762624923113,159,4,86
cast19,inv,15,0.01,uniform_nz,201,1343,972,0,0,0.007286237375076887,0.053825764977962806,0.04425096342574578,0.01979460393370408,0.002713762624923113,159,4,86
cast19,inv,15,0.01,weighted,201,1311,972,0,0,0.007286237375076887,0.04425096342574578,0.04425096342574578,0.01979460393370408,0.002713762624923113,159,4,86
cast19,inv,15,0.01,active_judge,201,1307,972,0,0,0.007286237375076887,0.14291785828225687,0.04425096342574578,0.01979460393370408,0.002713762624923113,159,4,86
cast19,inv,15,0.01,strat_pilot,201,1322,972,0,0,0.007286237375076887,0.04426883620871902,0.04425096342574578,0.01979460393370408,0.002713762624923113,159,4,86
cast19,inv,15,0.01,weighted_cv,201,1310,972,0,0,0.007286237375076887,0.05813226875032411,0.04425096342574578,0.01979460393370408,0.002713762624923113,159,4,86
cast19,inv,15,0.01,active_cv,201,1316,972,0,0,0.007286237375076887,0.17223691245291234,0.04425096342574578,0.01979460393370408,0.002713762624923113,159,4,86
cast19,inv,15,0.01,weighted_cvl,201,1316,972,0,0,0.007286237375076887,0.04425096342574578,0.04425096342574578,0.01979460393370408,0.002713762624923113,159,4,86
cast19,inv,15,0.01,uniform,202,1232,953,0,0,0.02640658730653972,0.15010086392784805,0.0410961464904563,0.01671607636803154,-0.016406587306539717,159,4,68
cast19,inv,15,0.01,uniform_nz,202,1236,953,0,0,0.02640658730653972,0.04966143634359212,0.0410961464904563,0.01671607636803154,-0.016406587306539717,159,4,68
cast19,inv,15,0.01,weighted,202,1255,953,0,0,0.02640658730653972,0.0410961464904563,0.0410961464904563,0.01671607636803154,-0.016406587306539717,159,4,68
cast19,inv,15,0.01,active_judge,202,1209,953,0,0,0.02640658730653972,0.1035526193673642,0.0410961464904563,0.01671607636803154,-0.016406587306539717,159,4,68
cast19,inv,15,0.01,strat_pilot,202,1206,953,0,0,0.02640658730653972,0.04101350321491184,0.0410961464904563,0.01671607636803154,-0.016406587306539717,159,4,68
cast19,inv,15,0.01,weighted_cv,202,1240,953,0,0,0.02640658730653972,0.04729384164240835,0.0410961464904563,0.01671607636803154,-0.016406587306539717,159,4,68
cast19,inv,15,0.01,active_cv,202,1213,953,0,0,0.02640658730653972,0.1179837509930762,0.0410961464904563,0.01671607636803154,-0.016406587306539717,159,4,68
cast19,inv,15,0.01,weighted_cvl,202,1216,953,0,0,0.02640658730653972,0.0410961464904563,0.0410961464904563,0.01671607636803154,-0.016406587306539717,159,4,68
cast19,inv,15,0.01,uniform,203,1416,905,0,0,0.022079661165189557,0.16325514311144787,0.09331351053850698,0.02736199312523921,-0.012079661165189557,159,4,119
cast19,inv,15,0.01,uniform_nz,203,1358,905,0,0,0.022079661165189557,0.11057632940321196,0.09331351053850698,0.02736199312523921,-0.012079661165189557,159,4,119
cast19,inv,15,0.01,weighted,203,1358,905,0,0,0.022079661165189557,0.09331351053850698,0.09331351053850698,0.02736199312523921,-0.012079661165189557,159,4,119
cast19,inv,15,0.01,active_judge,203,1402,905,0,0,0.022079661165189557,0.17985469589643074,0.09331351053850698,0.02736199312523921,-0.012079661165189557,159,4,119
cast19,inv,15,0.01,strat_pilot,203,1403,905,0,0,0.022079661165189557,0.09330456076470714,0.09331351053850698,0.02736199312523921,-0.012079661165189557,159,4,119
cast19,inv,15,0.01,weighted_cv,203,1384,905,0,0,0.022079661165189557,0.11840213386423262,0.09331351053850698,0.02736199312523921,-0.012079661165189557,159,4,119
cast19,inv,15,0.01,active_cv,203,1390,905,0,0,0.022079661165189557,0.2162151982752559,0.09331351053850698,0.02736199312523921,-0.012079661165189557,159,4,119
cast19,inv,15,0.01,weighted_cvl,203,1378,905,0,0,0.022079661165189557,0.09343626631514744,0.09331351053850698,0.02736199312523921,-0.012079661165189557,159,4,119
cast19,inv,15,0.01,uniform,204,1521,1041,0,0,0.0,0.510586249533579,0.15307648504486857,0.047154873806642246,0.01,159,4,119
cast19,inv,15,0.01,uniform_nz,204,1527,1041,0,0,0.0,0.3453330593574018,0.15307648504486857,0.047154873806642246,0.01,159,4,119
cast19,inv,15,0.01,weighted,204,1541,1041,0,0,0.0,0.15307648504486857,0.15307648504486857,0.047154873806642246,0.01,159,4,119
cast19,inv,15,0.01,active_judge,204,1541,1041,1,0,0.0,0.3705461699890923,0.15307648504486857,0.047154873806642246,0.01,159,4,119
cast19,inv,15,0.01,strat_pilot,204,1526,1041,1,0,0.0,0.1530462741059438,0.15307648504486857,0.047154873806642246,0.01,159,4,119
cast19,inv,15,0.01,weighted_cv,204,1494,1041,1,0,0.0,0.1828982280794636,0.15307648504486857,0.047154873806642246,0.01,159,4,119
cast19,inv,15,0.01,active_cv,204,1517,1041,0,0,0.0,0.5208997823750341,0.15307648504486857,0.047154873806642246,0.01,159,4,119
cast19,inv,15,0.01,weighted_cvl,204,1523,1041,1,0,0.0,0.15307648504486857,0.15307648504486857,0.047154873806642246,0.01,159,4,119
cast19,inv,15,0.01,uniform,205,1367,1019,0,0,0.0,0.13624315303404794,0.04766765865625284,0.036869707463831836,0.01,159,4,86
cast19,inv,15,0.01,uniform_nz,205,1361,1019,0,0,0.0,0.05429930617416383,0.04766765865625284,0.036869707463831836,0.01,159,4,86
cast19,inv,15,0.01,weighted,205,1346,1019,0,0,0.0,0.04766765865625284,0.04766765865625284,0.036869707463831836,0.01,159,4,86
cast19,inv,15,0.01,active_judge,205,1353,1019,0,0,0.0,0.1377971873347789,0.04766765865625284,0.036869707463831836,0.01,159,4,86
cast19,inv,15,0.01,strat_pilot,205,1344,1019,0,0,0.0,0.04720396601280703,0.04766765865625284,0.036869707463831836,0.01,159,4,86
cast19,inv,15,0.01,weighted_cv,205,1397,1019,0,0,0.0,0.05794154964510758,0.04766765865625284,0.036869707463831836,0.01,159,4,86
cast19,inv,15,0.01,active_cv,205,1359,1019,0,0,0.0,0.16209191144431925,0.04766765865625284,0.036869707463831836,0.01,159,4,86
cast19,inv,15,0.01,weighted_cvl,205,1394,1019,0,0,0.0,0.04766765865625284,0.04766765865625284,0.036869707463831836,0.01,159,4,86
cast19,inv,15,0.01,uniform,206,1330,1007,0,0,0.005882053198852377,1.238875129125418,0.05735515202543755,0.03856690621152528,0.004117946801147623,159,4,71
cast19,inv,15,0.01,uniform_nz,206,1253,1007,0,0,0.005882053198852377,0.4166048272372437,0.05735515202543755,0.03856690621152528,0.004117946801147623,159,4,71
cast19,inv,15,0.01,weighted,206,1286,1007,0,0,0.005882053198852377,0.05735515202543755,0.05735515202543755,0.03856690621152528,0.004117946801147623,159,4,71
cast19,inv,15,0.01,active_judge,206,1293,1007,0,0,0.005882053198852377,0.15053533406830796,0.05735515202543755,0.03856690621152528,0.004117946801147623,159,4,71
cast19,inv,15,0.01,strat_pilot,206,1266,1007,0,0,0.005882053198852377,0.05732451728154442,0.05735515202543755,0.03856690621152528,0.004117946801147623,159,4,71
cast19,inv,15,0.01,weighted_cv,206,1279,1007,0,0,0.005882053198852377,0.07349341067544134,0.05735515202543755,0.03856690621152528,0.004117946801147623,159,4,71
cast19,inv,15,0.01,active_cv,206,1290,1007,0,0,0.005882053198852377,0.1760767519570224,0.05735515202543755,0.03856690621152528,0.004117946801147623,159,4,71
cast19,inv,15,0.01,weighted_cvl,206,1280,1007,0,0,0.005882053198852377,0.05735515202543755,0.05735515202543755,0.03856690621152528,0.004117946801147623,159,4,71
cast19,inv,15,0.01,uniform,207,1354,1007,0,0,0.004552152703874379,0.2505751178791017,0.08547096640793851,0.03053504918713898,0.005447847296125621,159,4,86
cast19,inv,15,0.01,uniform_nz,207,1356,1007,0,0,0.004552152703874379,0.10745240381193526,0.08547096640793851,0.03053504918713898,0.005447847296125621,159,4,86
cast19,inv,15,0.01,weighted,207,1365,1007,0,0,0.004552152703874379,0.08547096640793851,0.08547096640793851,0.03053504918713898,0.005447847296125621,159,4,86
cast19,inv,15,0.01,active_judge,207,1351,1007,0,0,0.004552152703874379,0.1581203358650392,0.08547096640793851,0.03053504918713898,0.005447847296125621,159,4,86
cast19,inv,15,0.01,strat_pilot,207,1330,1007,0,0,0.004552152703874379,0.08546257182192725,0.08547096640793851,0.03053504918713898,0.005447847296125621,159,4,86
cast19,inv,15,0.01,weighted_cv,207,1362,1007,0,0,0.004552152703874379,0.10523195358037249,0.08547096640793851,0.03053504918713898,0.005447847296125621,159,4,86
cast19,inv,15,0.01,active_cv,207,1371,1007,0,0,0.004552152703874379,0.1781292411085011,0.08547096640793851,0.03053504918713898,0.005447847296125621,159,4,86
cast19,inv,15,0.01,weighted_cvl,207,1376,1007,0,0,0.004552152703874379,0.08547096640793851,0.08547096640793851,0.03053504918713898,0.005447847296125621,159,4,86
cast19,inv,15,0.01,uniform,208,1302,991,0,0,0.0,0.124837446491214,0.052010870371251225,0.040095395090767955,0.01,159,4,86
cast19,inv,15,0.01,uniform_nz,208,1337,991,0,0,0.0,0.057491372021343135,0.052010870371251225,0.040095395090767955,0.01,159,4,86
cast19,inv,15,0.01,weighted,208,1330,991,0,0,0.0,0.052010870371251225,0.052010870371251225,0.040095395090767955,0.01,159,4,86
cast19,inv,15,0.01,active_judge,208,1320,991,0,0,0.0,0.11256765973579444,0.052010870371251225,0.040095395090767955,0.01,159,4,86
cast19,inv,15,0.01,strat_pilot,208,1320,991,0,0,0.0,0.0519415028413576,0.052010870371251225,0.040095395090767955,0.01,159,4,86
cast19,inv,15,0.01,weighted_cv,208,1342,991,0,0,0.0,0.06823691820772562,0.052010870371251225,0.040095395090767955,0.01,159,4,86
cast19,inv,15,0.01,active_cv,208,1332,991,0,0,0.0,0.1365850338651287,0.052010870371251225,0.040095395090767955,0.01,159,4,86
cast19,inv,15,0.01,weighted_cvl,208,1345,991,0,0,0.0,0.052010870371251225,0.052010870371251225,0.040095395090767955,0.01,159,4,86
cast19,inv,15,0.01,uniform,209,1430,965,0,0,0.004181702570033585,0.14324202235500696,0.07845886498295962,0.0372239368949054,0.005818297429966415,159,4,119
cast19,inv,15,0.01,uniform_nz,209,1445,965,0,0,0.004181702570033585,0.09115531990323553,0.07845886498295962,0.0372239368949054,0.005818297429966415,159,4,119
cast19,inv,15,0.01,weighted,209,1455,965,0,0,0.004181702570033585,0.07845886498295962,0.07845886498295962,0.0372239368949054,0.005818297429966415,159,4,119
cast19,inv,15,0.01,active_judge,209,1448,965,0,0,0.004181702570033585,0.19530377518402978,0.07845886498295962,0.0372239368949054,0.005818297429966415,159,4,119
cast19,inv,15,0.01,strat_pilot,209,1414,965,1,0,0.004181702570033585,0.07849100525067099,0.07845886498295962,0.0372239368949054,0.005818297429966415,159,4,119
cast19,inv,15,0.01,weighted_cv,209,1432,965,0,0,0.004181702570033585,0.10366124931472549,0.07845886498295962,0.0372239368949054,0.005818297429966415,159,4,119
cast19,inv,15,0.01,active_cv,209,1433,965,0,0,0.004181702570033585,0.2588870650564562,0.07845886498295962,0.0372239368949054,0.005818297429966415,159,4,119
cast19,inv,15,0.01,weighted_cvl,209,1426,965,0,0,0.004181702570033585,0.07845886498295962,0.07845886498295962,0.0372239368949054,0.005818297429966415,159,4,119
cast19,inv,15,0.01,uniform,210,1328,989,0,0,0.008547692801322393,0.14976480740228149,0.055312229463163366,0.016588788032286483,0.0014523071986776073,159,4,86
cast19,inv,15,0.01,uniform_nz,210,1352,989,0,0,0.008547692801322393,0.06822397606352518,0.055312229463163366,0.016588788032286483,0.0014523071986776073,159,4,86
cast19,inv,15,0.01,weighted,210,1330,989,0,0,0.008547692801322393,0.055312229463163366,0.055312229463163366,0.016588788032286483,0.0014523071986776073,159,4,86
cast19,inv,15,0.01,active_judge,210,1318,989,0,0,0.008547692801322393,0.14413040681620803,0.055312229463163366,0.016588788032286483,0.0014523071986776073,159,4,86
cast19,inv,15,0.01,strat_pilot,210,1319,989,0,0,0.008547692801322393,0.05496422739632219,0.055312229463163366,0.016588788032286483,0.0014523071986776073,159,4,86
cast19,inv,15,0.01,weighted_cv,210,1349,989,0,0,0.008547692801322393,0.06614006370596923,0.055312229463163366,0.016588788032286483,0.0014523071986776073,159,4,86
cast19,inv,15,0.01,active_cv,210,1313,989,0,0,0.008547692801322393,0.15789683015877223,0.055312229463163366,0.016588788032286483,0.0014523071986776073,159,4,86
cast19,inv,15,0.01,weighted_cvl,210,1366,989,0,0,0.008547692801322393,0.055312229463163366,0.055312229463163366,0.016588788032286483,0.0014523071986776073,159,4,86
cast19,inv,15,0.01,uniform,211,1382,1016,0,0,0.0020239894414924575,0.10916621661762049,0.04273842323208985,0.028042281126764226,0.007976010558507543,159,4,86
cast19,inv,15,0.01,uniform_nz,211,1373,1016,0,0,0.0020239894414924575,0.04939387479337423,0.04273842323208985,0.028042281126764226,0.007976010558507543,159,4,86
cast19,inv,15,0.01,weighted,211,1339,1016,0,0,0.0020239894414924575,0.04273842323208985,0.04273842323208985,0.028042281126764226,0.007976010558507543,159,4,86
cast19,inv,15,0.01,active_judge,211,1350,1016,0,0,0.0020239894414924575,0.0955477362716473,0.04273842323208985,0.028042281126764226,0.007976010558507543,159,4,86
cast19,inv,15,0.01,strat_pilot,211,1376,1016,0,0,0.0020239894414924575,0.04261444112459305,0.04273842323208985,0.028042281126764226,0.007976010558507543,159,4,86
cast19,inv,15,0.01,weighted_cv,211,1385,1016,0,0,0.0020239894414924575,0.05410548142359961,0.04273842323208985,0.028042281126764226,0.007976010558507543,159,4,86
cast19,inv,15,0.01,active_cv,211,1381,1016,0,0,0.0020239894414924575,0.11024702050435393,0.04273842323208985,0.028042281126764226,0.007976010558507543,159,4,86
cast19,inv,15,0.01,weighted_cvl,211,1371,1016,0,0,0.0020239894414924575,0.04273842323208985,0.04273842323208985,0.028042281126764226,0.007976010558507543,159,4,86
cast19,inv,15,0.01,uniform,212,1259,928,0,0,0.0004169627702986789,0.3249860730127172,0.04140223080980181,0.011009510258366079,0.009583037229701321,159,4,86
cast19,inv,15,0.01,uniform_nz,212,1277,928,0,0,0.0004169627702986789,0.139769733794234,0.04140223080980181,0.011009510258366079,0.009583037229701321,159,4,86
cast19,inv,15,0.01,weighted,212,1263,928,0,0,0.0004169627702986789,0.04140223080980181,0.04140223080980181,0.011009510258366079,0.009583037229701321,159,4,86
cast19,inv,15,0.01,active_judge,212,1269,928,0,0,0.0004169627702986789,0.14268454968063266,0.04140223080980181,0.011009510258366079,0.009583037229701321,159,4,86
cast19,inv,15,0.01,strat_pilot,212,1276,928,0,0,0.0004169627702986789,0.04117432915253385,0.04140223080980181,0.011009510258366079,0.009583037229701321,159,4,86
cast19,inv,15,0.01,weighted_cv,212,1280,928,0,0,0.0004169627702986789,0.049438390126533574,0.04140223080980181,0.011009510258366079,0.009583037229701321,159,4,86
cast19,inv,15,0.01,active_cv,212,1269,928,0,0,0.0004169627702986789,0.15502841501442893,0.04140223080980181,0.011009510258366079,0.009583037229701321,159,4,86
cast19,inv,15,0.01,weighted_cvl,212,1284,928,0,0,0.0004169627702986789,0.04140223080980181,0.04140223080980181,0.011009510258366079,0.009583037229701321,159,4,86
cast19,inv,15,0.01,uniform,213,1406,1066,0,0,0.0015825561723025183,0.1666193417204503,0.05012794216476883,0.03212591907352306,0.008417443827697482,159,4,86
cast19,inv,15,0.01,uniform_nz,213,1425,1066,0,0,0.0015825561723025183,0.05866802532787567,0.05012794216476883,0.03212591907352306,0.008417443827697482,159,4,86
cast19,inv,15,0.01,weighted,213,1398,1066,1,0,0.0015825561723025183,0.05012794216476883,0.05012794216476883,0.03212591907352306,0.008417443827697482,159,4,86
cast19,inv,15,0.01,active_judge,213,1396,1066,0,0,0.0015825561723025183,0.1299333904927231,0.05012794216476883,0.03212591907352306,0.008417443827697482,159,4,86
cast19,inv,15,0.01,strat_pilot,213,1419,1066,0,0,0.0015825561723025183,0.04997238577140678,0.05012794216476883,0.03212591907352306,0.008417443827697482,159,4,86
cast19,inv,15,0.01,weighted_cv,213,1399,1066,0,0,0.0015825561723025183,0.0616873462641266,0.05012794216476883,0.03212591907352306,0.008417443827697482,159,4,86
cast19,inv,15,0.01,active_cv,213,1388,1066,0,0,0.0015825561723025183,0.1478569312092352,0.05012794216476883,0.03212591907352306,0.008417443827697482,159,4,86
cast19,inv,15,0.01,weighted_cvl,213,1422,1066,0,0,0.0015825561723025183,0.05012794216476883,0.05012794216476883,0.03212591907352306,0.008417443827697482,159,4,86
cast19,inv,15,0.01,uniform,214,1420,960,0,0,0.0,0.3567829739028771,0.09728803978193636,0.04376653793701849,0.01,159,4,119
cast19,inv,15,0.01,uniform_nz,214,1426,960,0,0,0.0,0.22461445301749547,0.09728803978193636,0.04376653793701849,0.01,159,4,119
cast19,inv,15,0.01,weighted,214,1473,960,0,0,0.0,0.09728803978193636,0.09728803978193636,0.04376653793701849,0.01,159,4,119
cast19,inv,15,0.01,active_judge,214,1448,960,0,0,0.0,0.32265648051718926,0.09728803978193636,0.04376653793701849,0.01,159,4,119
cast19,inv,15,0.01,strat_pilot,214,1431,960,0,0,0.0,0.09721869537215555,0.09728803978193636,0.04376653793701849,0.01,159,4,119
cast19,inv,15,0.01,weighted_cv,214,1456,960,0,0,0.0,0.12631458108989319,0.09728803978193636,0.04376653793701849,0.01,159,4,119
cast19,inv,15,0.01,active_cv,214,1435,960,0,0,0.0,0.40089181813107244,0.09728803978193636,0.04376653793701849,0.01,159,4,119
cast19,inv,15,0.01,weighted_cvl,214,1418,960,0,0,0.0,0.09728803978193636,0.09728803978193636,0.04376653793701849,0.01,159,4,119
cast19,inv,15,0.01,uniform,215,1251,981,0,0,0.0,0.11918544622535199,0.031579360867245346,0.024642083707486183,0.01,159,4,68
cast19,inv,15,0.01,uniform_nz,215,1256,981,0,0,0.0,0.035069397893388525,0.031579360867245346,0.024642083707486183,0.01,159,4,68
cast19,inv,15,0.01,weighted,215,1263,981,0,0,0.0,0.031579360867245346,0.031579360867245346,0.024642083707486183,0.01,159,4,68
cast19,inv,15,0.01,active_judge,215,1231,981,0,0,0.0,0.08031374515876263,0.031579360867245346,0.024642083707486183,0.01,159,4,68
cast19,inv,15,0.01,strat_pilot,215,1246,981,0,0,0.0,0.03119943760464148,0.031579360867245346,0.024642083707486183,0.01,159,4,68
cast19,inv,15,0.01,weighted_cv,215,1261,981,0,0,0.0,0.04398091462440878,0.031579360867245346,0.024642083707486183,0.01,159,4,68
cast19,inv,15,0.01,active_cv,215,1250,981,0,0,0.0,0.10120529973070913,0.031579360867245346,0.024642083707486183,0.01,159,4,68
cast19,inv,15,0.01,weighted_cvl,215,1271,981,0,0,0.0,0.03202769755949775,0.031579360867245346,0.024642083707486183,0.01,159,4,68
cast19,inv,15,0.01,uniform,216,1241,982,0,0,0.014950075344010716,0.7198511681822037,0.059442746530814314,0.03926533412408025,-0.004950075344010716,159,4,69
cast19,inv,15,0.01,uniform_nz,216,1227,982,0,0,0.014950075344010716,0.17442746623570765,0.059442746530814314,0.03926533412408025,-0.004950075344010716,159,4,69
cast19,inv,15,0.01,weighted,216,1245,982,0,0,0.014950075344010716,0.059442746530814314,0.059442746530814314,0.03926533412408025,-0.004950075344010716,159,4,69
cast19,inv,15,0.01,active_judge,216,1261,982,0,0,0.014950075344010716,0.1133236617996219,0.059442746530814314,0.03926533412408025,-0.004950075344010716,159,4,69
cast19,inv,15,0.01,strat_pilot,216,1253,982,0,0,0.014950075344010716,0.0594315794373113,0.059442746530814314,0.03926533412408025,-0.004950075344010716,159,4,69
cast19,inv,15,0.01,weighted_cv,216,1258,982,0,0,0.014950075344010716,0.062327013291311094,0.059442746530814314,0.03926533412408025,-0.004950075344010716,159,4,69
cast19,inv,15,0.01,active_cv,216,1258,982,0,0,0.014950075344010716,0.11862919392955837,0.059442746530814314,0.03926533412408025,-0.004950075344010716,159,4,69
cast19,inv,15,0.01,weighted_cvl,216,1247,982,0,0,0.014950075344010716,0.059442746530814314,0.059442746530814314,0.03926533412408025,-0.004950075344010716,159,4,69
cast19,inv,15,0.01,uniform,217,1397,1033,0,0,0.0,0.5134532034926407,0.07592532600872637,0.04728834443476387,0.01,159,4,86
cast19,inv,15,0.01,uniform_nz,217,1383,1033,0,0,0.0,0.22349859746596215,0.07592532600872637,0.04728834443476387,0.01,159,4,86
cast19,inv,15,0.01,weighted,217,1383,1033,0,0,0.0,0.07592532600872637,0.07592532600872637,0.04728834443476387,0.01,159,4,86
cast19,inv,15,0.01,active_judge,217,1379,1033,0,0,0.0,0.25396053991917034,0.07592532600872637,0.04728834443476387,0.01,159,4,86
cast19,inv,15,0.01,strat_pilot,217,1382,1033,0,0,0.0,0.0759276315753645,0.07592532600872637,0.04728834443476387,0.01,159,4,86
cast19,inv,15,0.01,weighted_cv,217,1374,1033,0,0,0.0,0.09021816134391607,0.07592532600872637,0.04728834443476387,0.01,159,4,86
cast19,inv,15,0.01,active_cv,217,1400,1033,0,0,0.0,0.3050308627435637,0.07592532600872637,0.04728834443476387,0.01,159,4,86
cast19,inv,15,0.01,weighted_cvl,217,1398,1033,0,0,0.0,0.07592532600872637,0.07592532600872637,0.04728834443476387,0.01,159,4,86
cast19,inv,15,0.01,uniform,218,1272,941,0,0,0.0,0.6808534939528501,0.07702722230484824,0.03515092930493725,0.01,159,4,86
cast19,inv,15,0.01,uniform_nz,218,1291,941,0,0,0.0,0.29297257310665686,0.07702722230484824,0.03515092930493725,0.01,159,4,86
cast19,inv,15,0.01,weighted,218,1275,941,0,0,0.0,0.07702722230484824,0.07702722230484824,0.03515092930493725,0.01,159,4,86
cast19,inv,15,0.01,active_judge,218,1268,941,0,0,0.0,0.21061262625623237,0.07702722230484824,0.03515092930493725,0.01,159,4,86
cast19,inv,15,0.01,strat_pilot,218,1279,941,0,0,0.0,0.07693075656733368,0.07702722230484824,0.03515092930493725,0.01,159,4,86
cast19,inv,15,0.01,weighted_cv,218,1269,941,1,0,0.0,0.09339315941220301,0.07702722230484824,0.03515092930493725,0.01,159,4,86
cast19,inv,15,0.01,active_cv,218,1289,941,0,0,0.0,0.24278250824072697,0.07702722230484824,0.03515092930493725,0.01,159,4,86
cast19,inv,15,0.01,weighted_cvl,218,1276,941,0,0,0.0,0.07702722230484824,0.07702722230484824,0.03515092930493725,0.01,159,4,86
cast19,inv,15,0.01,uniform,219,1377,934,0,0,0.0,0.33969007880694035,0.1469943661336519,0.06475719467094321,0.01,159,4,119
cast19,inv,15,0.01,uniform_nz,219,1409,934,0,0,0.0,0.2349472346030379,0.1469943661336519,0.06475719467094321,0.01,159,4,119
cast19,inv,15,0.01,weighted,219,1420,934,0,0,0.0,0.1469943661336519,0.1469943661336519,0.06475719467094321,0.01,159,4,119
cast19,inv,15,0.01,active_judge,219,1388,934,0,0,0.0,0.33351287931443246,0.1469943661336519,0.06475719467094321,0.01,159,4,119
cast19,inv,15,0.01,strat_pilot,219,1421,934,0,0,0.0,0.14720392116290154,0.1469943661336519,0.06475719467094321,0.01,159,4,119
cast19,inv,15,0.01,weighted_cv,219,1384,934,1,0,0.0,0.16874479137351453,0.1469943661336519,0.06475719467094321,0.01,159,4,119
cast19,inv,15,0.01,active_cv,219,1384,934,0,0,0.0,0.3657635055961067,0.1469943661336519,0.06475719467094321,0.01,159,4,119
cast19,inv,15,0.01,weighted_cvl,219,1415,934,0,0,0.0,0.1469943661336519,0.1469943661336519,0.06475719467094321,0.01,159,4,119
cast19,inv,15,0.01,uniform,220,1461,980,0,0,0.0,0.48383609561545204,0.13153831663619472,0.04082617273731489,0.01,159,4,119
cast19,inv,15,0.01,uniform_nz,220,1429,980,0,0,0.0,0.30950919105622654,0.13153831663619472,0.04082617273731489,0.01,159,4,119
cast19,inv,15,0.01,weighted,220,1440,980,0,0,0.0,0.13153831663619472,0.13153831663619472,0.04082617273731489,0.01,159,4,119
cast19,inv,15,0.01,active_judge,220,1482,980,0,0,0.0,0.3893696457786344,0.13153831663619472,0.04082617273731489,0.01,159,4,119
cast19,inv,15,0.01,strat_pilot,220,1448,980,1,0,0.0,0.13153808368965406,0.13153831663619472,0.04082617273731489,0.01,159,4,119
cast19,inv,15,0.01,weighted_cv,220,1493,980,0,0,0.0,0.16295575259644135,0.13153831663619472,0.04082617273731489,0.01,159,4,119
cast19,inv,15,0.01,active_cv,220,1493,980,0,0,0.0,0.4686353456946891,0.13153831663619472,0.04082617273731489,0.01,159,4,119
cast19,inv,15,0.01,weighted_cvl,220,1424,980,0,0,0.0,0.13107802507930194,0.13153831663619472,0.04082617273731489,0.01,159,4,119
cast19,inv,15,0.01,uniform,221,1464,976,0,0,0.003695932562581994,0.20872573394809613,0.08750529401093243,0.01968269753720353,0.006304067437418006,159,4,119
cast19,inv,15,0.01,uniform_nz,221,1454,976,0,0,0.003695932562581994,0.1373274504880686,0.08750529401093243,0.01968269753720353,0.006304067437418006,159,4,119
cast19,inv,15,0.01,weighted,221,1434,976,0,0,0.003695932562581994,0.08750529401093243,0.08750529401093243,0.01968269753720353,0.006304067437418006,159,4,119
cast19,inv,15,0.01,active_judge,221,1445,976,0,0,0.003695932562581994,0.27546409326482957,0.08750529401093243,0.01968269753720353,0.006304067437418006,159,4,119
cast19,inv,15,0.01,strat_pilot,221,1416,976,0,0,0.003695932562581994,0.0874376117266886,0.08750529401093243,0.01968269753720353,0.006304067437418006,159,4,119
cast19,inv,15,0.01,weighted_cv,221,1474,976,0,0,0.003695932562581994,0.10273403085363846,0.08750529401093243,0.01968269753720353,0.006304067437418006,159,4,119
cast19,inv,15,0.01,active_cv,221,1478,976,0,0,0.003695932562581994,0.29594987653982396,0.08750529401093243,0.01968269753720353,0.006304067437418006,159,4,119
cast19,inv,15,0.01,weighted_cvl,221,1430,976,0,0,0.003695932562581994,0.08750529401093243,0.08750529401093243,0.01968269753720353,0.006304067437418006,159,4,119
cast19,inv,15,0.01,uniform,222,1191,938,0,0,0.0,0.33147447766759547,0.03345547425039279,0.04619264249682206,0.01,159,4,64
cast19,inv,15,0.01,uniform_nz,222,1185,938,0,0,0.0,0.06797694819292074,0.03345547425039279,0.04619264249682206,0.01,159,4,64
cast19,inv,15,0.01,weighted,222,1186,938,0,0,0.0,0.03345547425039279,0.03345547425039279,0.04619264249682206,0.01,159,4,64
cast19,inv,15,0.01,active_judge,222,1175,938,0,0,0.0,0.0765836961296647,0.03345547425039279,0.04619264249682206,0.01,159,4,64
cast19,inv,15,0.01,strat_pilot,222,1193,938,1,0,0.0,0.032682565373270064,0.03345547425039279,0.04619264249682206,0.01,159,4,64
cast19,inv,15,0.01,weighted_cv,222,1188,938,0,0,0.0,0.05003679048418765,0.03345547425039279,0.04619264249682206,0.01,159,4,64
cast19,inv,15,0.01,active_cv,222,1179,938,0,0,0.0,0.0939806307102545,0.03345547425039279,0.04619264249682206,0.01,159,4,64
cast19,inv,15,0.01,weighted_cvl,222,1187,938,0,0,0.0,0.03345547425039279,0.03345547425039279,0.04619264249682206,0.01,159,4,64
cast19,inv,15,0.01,uniform,223,1342,1017,0,0,0.017264983307681947,0.10450728109307969,0.037250466871912004,0.020692701419824502,-0.007264983307681947,159,4,86
cast19,inv,15,0.01,uniform_nz,223,1358,1017,0,0,0.017264983307681947,0.0485837194313973,0.037250466871912004,0.020692701419824502,-0.007264983307681947,159,4,86
cast19,inv,15,0.01,weighted,223,1374,1017,0,0,0.017264983307681947,0.037250466871912004,0.037250466871912004,0.020692701419824502,-0.007264983307681947,159,4,86
cast19,inv,15,0.01,active_judge,223,1364,1017,0,0,0.017264983307681947,0.09965077893937964,0.037250466871912004,0.020692701419824502,-0.007264983307681947,159,4,86
cast19,inv,15,0.01,strat_pilot,223,1381,1017,0,0,0.017264983307681947,0.03718995163002721,0.037250466871912004,0.020692701419824502,-0.007264983307681947,159,4,86
cast19,inv,15,0.01,weighted_cv,223,1366,1017,0,0,0.017264983307681947,0.043094711907281584,0.037250466871912004,0.020692701419824502,-0.007264983307681947,159,4,86
cast19,inv,15,0.01,active_cv,223,1359,1017,0,0,0.017264983307681947,0.10701142958929441,0.037250466871912004,0.020692701419824502,-0.007264983307681947,159,4,86
cast19,inv,15,0.01,weighted_cvl,223,1398,1017,0,0,0.017264983307681947,0.037250466871912004,0.037250466871912004,0.020692701419824502,-0.007264983307681947,159,4,86
cast19,inv,15,0.01,uniform,224,1216,903,0,0,0.0,0.16355095123649643,0.05197456552058396,0.038161898964244496,0.01,159,4,77
cast19,inv,15,0.01,uniform_nz,224,1198,903,0,0,0.0,0.05933266871025944,0.05197456552058396,0.038161898964244496,0.01,159,4,77
cast19,inv,15,0.01,weighted,224,1215,903,1,0,0.0,0.05197456552058396,0.05197456552058396,0.038161898964244496,0.01,159,4,77
cast19,inv,15,0.01,active_judge,224,1201,903,0,0,0.0,0.13220663004159638,0.05197456552058396,0.038161898964244496,0.01,159,4,77
cast19,inv,15,0.01,strat_pilot,224,1200,903,0,0,0.0,0.0520103972561677,0.05197456552058396,0.038161898964244496,0.01,159,4,77
cast19,inv,15,0.01,weighted_cv,224,1210,903,0,0,0.0,0.0645883384789633,0.05197456552058396,0.038161898964244496,0.01,159,4,77
cast19,inv,15,0.01,active_cv,224,1214,903,0,0,0.0,0.15171599259685406,0.05197456552058396,0.038161898964244496,0.01,159,4,77
cast19,inv,15,0.01,weighted_cvl,224,1245,903,0,0,0.0,0.05197456552058396,0.05197456552058396,0.038161898964244496,0.01,159,4,77
cast19,inv,15,0.01,uniform,225,1385,1034,0,0,0.0,0.13217775379764168,0.048406446139187126,0.012875871987484903,0.01,159,4,86
cast19,inv,15,0.01,uniform_nz,225,1347,1034,0,0,0.0,0.060585614824966195,0.048406446139187126,0.012875871987484903,0.01,159,4,86
cast19,inv,15,0.01,weighted,225,1387,1034,0,0,0.0,0.048406446139187126,0.048406446139187126,0.012875871987484903,0.01,159,4,86
cast19,inv,15,0.01,active_judge,225,1381,1034,0,0,0.0,0.12698643568330312,0.048406446139187126,0.012875871987484903,0.01,159,4,86
cast19,inv,15,0.01,strat_pilot,225,1390,1034,0,0,0.0,0.04818632544848542,0.048406446139187126,0.012875871987484903,0.01,159,4,86
cast19,inv,15,0.01,weighted_cv,225,1364,1034,0,0,0.0,0.06646464103917074,0.048406446139187126,0.012875871987484903,0.01,159,4,86
cast19,inv,15,0.01,active_cv,225,1380,1034,0,0,0.0,0.15836161598005022,0.048406446139187126,0.012875871987484903,0.01,159,4,86
cast19,inv,15,0.01,weighted_cvl,225,1373,1034,0,0,0.0,0.048406446139187126,0.048406446139187126,0.012875871987484903,0.01,159,4,86
cast19,inv,15,0.01,uniform,226,1403,946,0,0,0.0,0.3426412682133889,0.12571042322660167,0.028352765827224027,0.01,159,4,119
cast19,inv,15,0.01,uniform_nz,226,1425,946,0,0,0.0,0.2146829760029497,0.12571042322660167,0.028352765827224027,0.01,159,4,119
cast19,inv,15,0.01,weighted,226,1395,946,1,0,0.0,0.12571042322660167,0.12571042322660167,0.028352765827224027,0.01,159,4,119
cast19,inv,15,0.01,active_judge,226,1423,946,0,0,0.0,0.25083367331391937,0.12571042322660167,0.028352765827224027,0.01,159,4,119
cast19,inv,15,0.01,strat_pilot,226,1479,946,0,0,0.0,0.12571034671664405,0.12571042322660167,0.028352765827224027,0.01,159,4,119
cast19,inv,15,0.01,weighted_cv,226,1417,946,0,0,0.0,0.16039381319700757,0.12571042322660167,0.028352765827224027,0.01,159,4,119
cast19,inv,15,0.01,active_cv,226,1405,946,0,0,0.0,0.3150422296709837,0.12571042322660167,0.028352765827224027,0.01,159,4,119
cast19,inv,15,0.01,weighted_cvl,226,1466,946,0,0,0.0,0.12571042322660167,0.12571042322660167,0.028352765827224027,0.01,159,4,119
cast19,inv,15,0.01,uniform,227,1312,944,0,0,0.0,0.7211092068919663,0.09563170511393286,0.03894133279001699,0.01,159,4,86
cast19,inv,15,0.01,uniform_nz,227,1308,944,0,0,0.0,0.3057001584287061,0.09563170511393286,0.03894133279001699,0.01,159,4,86
cast19,inv,15,0.01,weighted,227,1301,944,0,0,0.0,0.09563170511393286,0.09563170511393286,0.03894133279001699,0.01,159,4,86
cast19,inv,15,0.01,active_judge,227,1287,944,0,0,0.0,0.21506469633392644,0.09563170511393286,0.03894133279001699,0.01,159,4,86
cast19,inv,15,0.01,strat_pilot,227,1287,944,0,0,0.0,0.09571675628006476,0.09563170511393286,0.03894133279001699,0.01,159,4,86
cast19,inv,15,0.01,weighted_cv,227,1287,944,0,0,0.0,0.10082275158933585,0.09563170511393286,0.03894133279001699,0.01,159,4,86
cast19,inv,15,0.01,active_cv,227,1300,944,0,0,0.0,0.22351401367733387,0.09563170511393286,0.03894133279001699,0.01,159,4,86
cast19,inv,15,0.01,weighted_cvl,227,1286,944,0,0,0.0,0.09563170511393286,0.09563170511393286,0.03894133279001699,0.01,159,4,86
cast19,inv,15,0.01,uniform,228,1301,997,0,0,0.0,0.9880476910163226,0.0812610411604602,0.04446550392145359,0.01,159,4,86
cast19,inv,15,0.01,uniform_nz,228,1353,997,0,0,0.0,0.39198030059785566,0.0812610411604602,0.04446550392145359,0.01,159,4,86
cast19,inv,15,0.01,weighted,228,1343,997,0,0,0.0,0.0812610411604602,0.0812610411604602,0.04446550392145359,0.01,159,4,86
cast19,inv,15,0.01,active_judge,228,1350,997,0,0,0.0,0.2152798754213156,0.0812610411604602,0.04446550392145359,0.01,159,4,86
cast19,inv,15,0.01,strat_pilot,228,1345,997,0,0,0.0,0.08127384010216895,0.0812610411604602,0.04446550392145359,0.01,159,4,86
cast19,inv,15,0.01,weighted_cv,228,1340,997,0,0,0.0,0.10225932145222232,0.0812610411604602,0.04446550392145359,0.01,159,4,86
cast19,inv,15,0.01,active_cv,228,1357,997,0,0,0.0,0.2524128147146348,0.0812610411604602,0.04446550392145359,0.01,159,4,86
cast19,inv,15,0.01,weighted_cvl,228,1359,997,0,0,0.0,0.0812610411604602,0.0812610411604602,0.04446550392145359,0.01,159,4,86
cast19,inv,15,0.01,uniform,229,1253,929,0,0,0.006541997903119157,0.09232879203980236,0.03974097333661739,0.016801380554213693,0.0034580020968808436,159,4,86
cast19,inv,15,0.01,uniform_nz,229,1286,929,0,0,0.006541997903119157,0.04644656710165572,0.03974097333661739,0.016801380554213693,0.0034580020968808436,159,4,86
cast19,inv,15,0.01,weighted,229,1251,929,0,0,0.006541997903119157,0.03974097333661739,0.03974097333661739,0.016801380554213693,0.0034580020968808436,159,4,86
cast19,inv,15,0.01,active_judge,229,1275,929,0,0,0.006541997903119157,0.11592598642845449,0.03974097333661739,0.016801380554213693,0.0034580020968808436,159,4,86
cast19,inv,15,0.01,strat_pilot,229,1276,929,0,0,0.006541997903119157,0.039567002987336466,0.03974097333661739,0.016801380554213693,0.0034580020968808436,159,4,86
cast19,inv,15,0.01,weighted_cv,229,1269,929,0,0,0.006541997903119157,0.051506161848628926,0.03974097333661739,0.016801380554213693,0.0034580020968808436,159,4,86
cast19,inv,15,0.01,active_cv,229,1291,929,0,0,0.006541997903119157,0.1375540958221157,0.03974097333661739,0.016801380554213693,0.0034580020968808436,159,4,86
cast19,inv,15,0.01,weighted_cvl,229,1280,929,0,0,0.006541997903119157,0.03974097333661739,0.03974097333661739,0.016801380554213693,0.0034580020968808436,159,4,86
cast19,inv,15,0.01,uniform,230,1289,941,0,0,0.011417597520054168,0.12016307865912294,0.04728312604966749,0.02329809323541655,-0.0014175975200541677,159,4,86
cast19,inv,15,0.01,uniform_nz,230,1290,941,0,0,0.011417597520054168,0.06248405878840615,0.04728312604966749,0.02329809323541655,-0.0014175975200541677,159,4,86
cast19,inv,15,0.01,weighted,230,1274,941,0,0,0.011417597520054168,0.04728312604966749,0.04728312604966749,0.02329809323541655,-0.0014175975200541677,159,4,86
cast19,inv,15,0.01,active_judge,230,1274,941,0,0,0.011417597520054168,0.11990766980756296,0.04728312604966749,0.02329809323541655,-0.0014175975200541677,159,4,86
cast19,inv,15,0.01,strat_pilot,230,1299,941,0,0,0.011417597520054168,0.047246609654296105,0.04728312604966749,0.02329809323541655,-0.0014175975200541677,159,4,86
cast19,inv,15,0.01,weighted_cv,230,1275,941,1,1,0.011417597520054168,0.05518333772769753,0.04728312604966749,0.02329809323541655,-0.0014175975200541677,159,4,86
cast19,inv,15,0.01,active_cv,230,1300,941,0,0,0.011417597520054168,0.13270306184103706,0.04728312604966749,0.02329809323541655,-0.0014175975200541677,159,4,86
cast19,inv,15,0.01,weighted_cvl,230,1284,941,0,0,0.011417597520054168,0.04728312604966749,0.04728312604966749,0.02329809323541655,-0.0014175975200541677,159,4,86
cast19,inv,15,0.01,uniform,231,1449,973,0,0,0.0,0.2438368054269052,0.093139610925512,0.008852180555892349,0.01,159,4,119
cast19,inv,15,0.01,uniform_nz,231,1444,973,0,0,0.0,0.1512406039748529,0.093139610925512,0.008852180555892349,0.01,159,4,119
cast19,inv,15,0.01,weighted,231,1443,973,0,0,0.0,0.093139610925512,0.093139610925512,0.008852180555892349,0.01,159,4,119
cast19,inv,15,0.01,active_judge,231,1422,973,0,0,0.0,0.22295767656348406,0.093139610925512,0.008852180555892349,0.01,159,4,119
cast19,inv,15,0.01,strat_pilot,231,1444,973,0,0,0.0,0.09317656816366075,0.093139610925512,0.008852180555892349,0.01,159,4,119
cast19,inv,15,0.01,weighted_cv,231,1429,973,0,0,0.0,0.12382091546439473,0.093139610925512,0.008852180555892349,0.01,159,4,119
cast19,inv,15,0.01,active_cv,231,1438,973,0,0,0.0,0.2723730754896508,0.093139610925512,0.008852180555892349,0.01,159,4,119
cast19,inv,15,0.01,weighted_cvl,231,1462,973,0,0,0.0,0.093139610925512,0.093139610925512,0.008852180555892349,0.01,159,4,119
cast19,inv,15,0.01,uniform,232,1442,1013,0,0,0.0,0.5814544244636093,0.12456322197193917,0.06401835037167855,0.01,159,4,119
cast19,inv,15,0.01,uniform_nz,232,1483,1013,0,0,0.0,0.340310378197229,0.12456322197193917,0.06401835037167855,0.01,159,4,119
cast19,inv,15,0.01,weighted,232,1517,1013,0,0,0.0,0.12456322197193917,0.12456322197193917,0.06401835037167855,0.01,159,4,119
cast19,inv,15,0.01,active_judge,232,1472,1013,0,0,0.0,0.291451094462162,0.12456322197193917,0.06401835037167855,0.01,159,4,119
cast19,inv,15,0.01,strat_pilot,232,1531,1013,0,0,0.0,0.12461544940590344,0.12456322197193917,0.06401835037167855,0.01,159,4,119
cast19,inv,15,0.01,weighted_cv,232,1466,1013,0,0,0.0,0.14862067449847868,0.12456322197193917,0.06401835037167855,0.01,159,4,119
cast19,inv,15,0.01,active_cv,232,1481,1013,0,0,0.0,0.33037860945890324,0.12456322197193917,0.06401835037167855,0.01,159,4,119
cast19,inv,15,0.01,weighted_cvl,232,1436,1013,0,0,0.0,0.12456322197193917,0.12456322197193917,0.06401835037167855,0.01,159,4,119
cast19,inv,15,0.01,uniform,233,1335,992,0,0,0.005539540097827311,0.21765633475369722,0.058524236563991715,0.007201324600453019,0.004460459902172689,159,4,86
cast19,inv,15,0.01,uniform_nz,233,1330,992,0,0,0.005539540097827311,0.10594555730620281,0.058524236563991715,0.007201324600453019,0.004460459902172689,159,4,86
cast19,inv,15,0.01,weighted,233,1317,992,0,0,0.005539540097827311,0.058524236563991715,0.058524236563991715,0.007201324600453019,0.004460459902172689,159,4,86
cast19,inv,15,0.01,active_judge,233,1339,992,1,0,0.005539540097827311,0.14644144863086206,0.058524236563991715,0.007201324600453019,0.004460459902172689,159,4,86
cast19,inv,15,0.01,strat_pilot,233,1348,992,0,0,0.005539540097827311,0.058398917548452854,0.058524236563991715,0.007201324600453019,0.004460459902172689,159,4,86
cast19,inv,15,0.01,weighted_cv,233,1330,992,0,0,0.005539540097827311,0.07063005881853276,0.058524236563991715,0.007201324600453019,0.004460459902172689,159,4,86
cast19,inv,15,0.01,active_cv,233,1340,992,0,0,0.005539540097827311,0.18457176103400968,0.058524236563991715,0.007201324600453019,0.004460459902172689,159,4,86
cast19,inv,15,0.01,weighted_cvl,233,1328,992,1,0,0.005539540097827311,0.058524236563991715,0.058524236563991715,0.007201324600453019,0.004460459902172689,159,4,86
cast19,inv,15,0.01,uniform,234,1266,944,0,0,0.0,0.09561009789955871,0.03370076296132754,0.026441500401454633,0.01,159,4,86
cast19,inv,15,0.01,uniform_nz,234,1294,944,0,0,0.0,0.03686998018135394,0.03370076296132754,0.026441500401454633,0.01,159,4,86
cast19,inv,15,0.01,weighted,234,1273,944,0,0,0.0,0.03370076296132754,0.03370076296132754,0.026441500401454633,0.01,159,4,86
cast19,inv,15,0.01,active_judge,234,1303,944,0,0,0.0,0.09517936187779812,0.03370076296132754,0.026441500401454633,0.01,159,4,86
cast19,inv,15,0.01,strat_pilot,234,1278,944,0,0,0.0,0.033408626007214726,0.03370076296132754,0.026441500401454633,0.01,159,4,86
cast19,inv,15,0.01,weighted_cv,234,1279,944,0,0,0.0,0.0451540855654043,0.03370076296132754,0.026441500401454633,0.01,159,4,86
cast19,inv,15,0.01,active_cv,234,1271,944,0,0,0.0,0.12391573089718075,0.03370076296132754,0.026441500401454633,0.01,159,4,86
cast19,inv,15,0.01,weighted_cvl,234,1247,944,0,0,0.0,0.03370076296132754,0.03370076296132754,0.026441500401454633,0.01,159,4,86
cast19,inv,15,0.01,uniform,235,1491,1023,0,0,0.012944382876299843,0.14399583368008964,0.06967730441970563,0.022790579205709094,-0.0029443828762998423,159,4,119
cast19,inv,15,0.01,uniform_nz,235,1511,1023,0,0,0.012944382876299843,0.08061292166741205,0.06967730441970563,0.022790579205709094,-0.0029443828762998423,159,4,119
cast19,inv,15,0.01,weighted,235,1509,1023,0,0,0.012944382876299843,0.06967730441970563,0.06967730441970563,0.022790579205709094,-0.0029443828762998423,159,4,119
cast19,inv,15,0.01,active_judge,235,1540,1023,0,0,0.012944382876299843,0.18827290288984758,0.06967730441970563,0.022790579205709094,-0.0029443828762998423,159,4,119
cast19,inv,15,0.01,strat_pilot,235,1488,1023,0,0,0.012944382876299843,0.06944911468358786,0.06967730441970563,0.022790579205709094,-0.0029443828762998423,159,4,119
cast19,inv,15,0.01,weighted_cv,235,1474,1023,0,0,0.012944382876299843,0.09865214552990981,0.06967730441970563,0.022790579205709094,-0.0029443828762998423,159,4,119
cast19,inv,15,0.01,active_cv,235,1485,1023,0,0,0.012944382876299843,0.24658724663886025,0.06967730441970563,0.022790579205709094,-0.0029443828762998423,159,4,119
cast19,inv,15,0.01,weighted_cvl,235,1448,1023,0,0,0.012944382876299843,0.06967730441970563,0.06967730441970563,0.022790579205709094,-0.0029443828762998423,159,4,119
cast19,inv,15,0.01,uniform,236,1314,987,0,0,0.015210227371140805,0.10635921731476958,0.0377838389880986,0.018320892127259056,-0.005210227371140805,159,4,86
cast19,inv,15,0.01,uniform_nz,236,1344,987,0,0,0.015210227371140805,0.04390948382034728,0.0377838389880986,0.018320892127259056,-0.005210227371140805,159,4,86
cast19,inv,15,0.01,weighted,236,1330,987,0,0,0.015210227371140805,0.0377838389880986,0.0377838389880986,0.018320892127259056,-0.005210227371140805,159,4,86
cast19,inv,15,0.01,active_judge,236,1342,987,0,0,0.015210227371140805,0.09954392143457054,0.0377838389880986,0.018320892127259056,-0.005210227371140805,159,4,86
cast19,inv,15,0.01,strat_pilot,236,1321,987,0,0,0.015210227371140805,0.037775802009311986,0.0377838389880986,0.018320892127259056,-0.005210227371140805,159,4,86
cast19,inv,15,0.01,weighted_cv,236,1324,987,0,0,0.015210227371140805,0.0431221429283976,0.0377838389880986,0.018320892127259056,-0.005210227371140805,159,4,86
cast19,inv,15,0.01,active_cv,236,1310,987,0,0,0.015210227371140805,0.10506176736208225,0.0377838389880986,0.018320892127259056,-0.005210227371140805,159,4,86
cast19,inv,15,0.01,weighted_cvl,236,1362,987,0,0,0.015210227371140805,0.0377838389880986,0.0377838389880986,0.018320892127259056,-0.005210227371140805,159,4,86
cast19,inv,15,0.01,uniform,237,1307,985,0,0,0.019718320266304157,0.08665754434845471,0.02637507356139528,0.016410070578480363,-0.009718320266304157,159,4,86
cast19,inv,15,0.01,uniform_nz,237,1337,985,0,0,0.019718320266304157,0.03676856260274736,0.02637507356139528,0.016410070578480363,-0.009718320266304157,159,4,86
cast19,inv,15,0.01,weighted,237,1338,985,0,0,0.019718320266304157,0.02637507356139528,0.02637507356139528,0.016410070578480363,-0.009718320266304157,159,4,86
cast19,inv,15,0.01,active_judge,237,1313,985,0,0,0.019718320266304157,0.05574521130998792,0.02637507356139528,0.016410070578480363,-0.009718320266304157,159,4,86
cast19,inv,15,0.01,strat_pilot,237,1300,985,0,0,0.019718320266304157,0.026374476527099844,0.02637507356139528,0.016410070578480363,-0.009718320266304157,159,4,86
cast19,inv,15,0.01,weighted_cv,237,1292,985,0,0,0.019718320266304157,0.03009877590440177,0.02637507356139528,0.016410070578480363,-0.009718320266304157,159,4,86
cast19,inv,15,0.01,active_cv,237,1336,985,0,0,0.019718320266304157,0.06512497035630037,0.02637507356139528,0.016410070578480363,-0.009718320266304157,159,4,86
cast19,inv,15,0.01,weighted_cvl,237,1288,985,0,0,0.019718320266304157,0.02637507356139528,0.02637507356139528,0.016410070578480363,-0.009718320266304157,159,4,86
cast19,inv,15,0.01,uniform,238,1341,997,0,0,0.0,0.29922521245183564,0.0678008830965564,0.0207316768647365,0.01,159,4,86
cast19,inv,15,0.01,uniform_nz,238,1353,997,0,0,0.0,0.09283552701946289,0.0678008830965564,0.0207316768647365,0.01,159,4,86
cast19,inv,15,0.01,weighted,238,1348,997,0,0,0.0,0.0678008830965564,0.0678008830965564,0.0207316768647365,0.01,159,4,86
cast19,inv,15,0.01,active_judge,238,1320,997,0,0,0.0,0.13846727108160545,0.0678008830965564,0.0207316768647365,0.01,159,4,86
cast19,inv,15,0.01,strat_pilot,238,1347,997,0,0,0.0,0.06767490122173599,0.0678008830965564,0.0207316768647365,0.01,159,4,86
cast19,inv,15,0.01,weighted_cv,238,1327,997,1,0,0.0,0.08015327426869577,0.0678008830965564,0.0207316768647365,0.01,159,4,86
cast19,inv,15,0.01,active_cv,238,1375,997,0,0,0.0,0.15960453347384634,0.0678008830965564,0.0207316768647365,0.01,159,4,86
cast19,inv,15,0.01,weighted_cvl,238,1324,997,0,0,0.0,0.0678008830965564,0.0678008830965564,0.0207316768647365,0.01,159,4,86
cast19,inv,15,0.01,uniform,239,1468,977,0,0,0.0,1.1001662449547571,0.11067408011884235,0.03282051386641507,0.01,159,4,119
cast19,inv,15,0.01,uniform_nz,239,1455,977,0,0,0.0,0.7876141861100944,0.11067408011884235,0.03282051386641507,0.01,159,4,119
cast19,inv,15,0.01,weighted,239,1442,977,0,0,0.0,0.11067408011884235,0.11067408011884235,0.03282051386641507,0.01,159,4,119
cast19,inv,15,0.01,active_judge,239,1479,977,0,0,0.0,0.25824834132691166,0.11067408011884235,0.03282051386641507,0.01,159,4,119
cast19,inv,15,0.01,strat_pilot,239,1459,977,0,0,0.0,0.11072610086476589,0.11067408011884235,0.03282051386641507,0.01,159,4,119
cast19,inv,15,0.01,weighted_cv,239,1472,977,0,0,0.0,0.13442077700811117,0.11067408011884235,0.03282051386641507,0.01,159,4,119
cast19,inv,15,0.01,active_cv,239,1456,977,0,0,0.0,0.3159851668972885,0.11067408011884235,0.03282051386641507,0.01,159,4,119
cast19,inv,15,0.01,weighted_cvl,239,1416,977,1,0,0.0,0.11067408011884235,0.11067408011884235,0.03282051386641507,0.01,159,4,119
cast19,inv,15,0.01,uniform,240,1214,957,1,0,0.0,0.12171901249628266,0.03225704169365073,0.026429211483391064,0.01,159,4,71
cast19,inv,15,0.01,uniform_nz,240,1252,957,0,0,0.0,0.03498259573574808,0.03225704169365073,0.026429211483391064,0.01,159,4,71
cast19,inv,15,0.01,weighted,240,1218,957,1,0,0.0,0.03225704169365073,0.03225704169365073,0.026429211483391064,0.01,159,4,71
cast19,inv,15,0.01,active_judge,240,1231,957,0,0,0.0,0.0955369224705909,0.03225704169365073,0.026429211483391064,0.01,159,4,71
cast19,inv,15,0.01,strat_pilot,240,1216,957,0,0,0.0,0.031449444415539464,0.03225704169365073,0.026429211483391064,0.01,159,4,71
cast19,inv,15,0.01,weighted_cv,240,1243,957,0,0,0.0,0.0424353984334848,0.03225704169365073,0.026429211483391064,0.01,159,4,71
cast19,inv,15,0.01,active_cv,240,1232,957,0,0,0.0,0.11346026637557893,0.03225704169365073,0.026429211483391064,0.01,159,4,71
cast19,inv,15,0.01,weighted_cvl,240,1258,957,0,0,0.0,0.03225704169365073,0.03225704169365073,0.026429211483391064,0.01,159,4,71
cast19,inv,15,0.01,uniform,241,1330,992,0,0,0.0,0.9275817762195475,0.0978581284852203,0.03167475412444453,0.01,159,4,86
cast19,inv,15,0.01,uniform_nz,241,1341,992,0,0,0.0,0.47258078712903934,0.0978581284852203,0.03167475412444453,0.01,159,4,86
cast19,inv,15,0.01,weighted,241,1343,992,0,0,0.0,0.0978581284852203,0.0978581284852203,0.03167475412444453,0.01,159,4,86
cast19,inv,15,0.01,active_judge,241,1349,992,0,0,0.0,0.3020789675083433,0.0978581284852203,0.03167475412444453,0.01,159,4,86
cast19,inv,15,0.01,strat_pilot,241,1339,992,0,0,0.0,0.09782437822107956,0.0978581284852203,0.03167475412444453,0.01,159,4,86
cast19,inv,15,0.01,weighted_cv,241,1339,992,0,0,0.0,0.10919519663855251,0.0978581284852203,0.03167475412444453,0.01,159,4,86
cast19,inv,15,0.01,active_cv,241,1336,992,1,0,0.0,0.3351977634932427,0.0978581284852203,0.03167475412444453,0.01,159,4,86
cast19,inv,15,0.01,weighted_cvl,241,1351,992,0,0,0.0,0.0978581284852203,0.0978581284852203,0.03167475412444453,0.01,159,4,86
cast19,inv,15,0.01,uniform,242,1289,983,0,0,0.0,0.1703053580310677,0.051029418891852495,0.04633911920104544,0.01,159,4,86
cast19,inv,15,0.01,uniform_nz,242,1290,983,0,0,0.0,0.06991366506998956,0.051029418891852495,0.04633911920104544,0.01,159,4,86
cast19,inv,15,0.01,weighted,242,1304,983,0,0,0.0,0.051029418891852495,0.051029418891852495,0.04633911920104544,0.01,159,4,86
cast19,inv,15,0.01,active_judge,242,1306,983,0,0,0.0,0.13052327137074304,0.051029418891852495,0.04633911920104544,0.01,159,4,86
cast19,inv,15,0.01,strat_pilot,242,1337,983,0,0,0.0,0.050844124717693326,0.051029418891852495,0.04633911920104544,0.01,159,4,86
cast19,inv,15,0.01,weighted_cv,242,1311,983,0,0,0.0,0.06711972838645038,0.051029418891852495,0.04633911920104544,0.01,159,4,86
cast19,inv,15,0.01,active_cv,242,1336,983,0,0,0.0,0.1492606924778665,0.051029418891852495,0.04633911920104544,0.01,159,4,86
cast19,inv,15,0.01,weighted_cvl,242,1316,983,0,0,0.0,0.051029418891852495,0.051029418891852495,0.04633911920104544,0.01,159,4,86
cast19,inv,15,0.01,uniform,243,1301,971,0,0,0.011921992165461692,0.09873030134242879,0.04003844138363667,0.026200974932012087,-0.001921992165461692,159,4,86
cast19,inv,15,0.01,uniform_nz,243,1328,971,0,0,0.011921992165461692,0.04539563510882393,0.04003844138363667,0.026200974932012087,-0.001921992165461692,159,4,86
cast19,inv,15,0.01,weighted,243,1320,971,0,0,0.011921992165461692,0.04003844138363667,0.04003844138363667,0.026200974932012087,-0.001921992165461692,159,4,86
cast19,inv,15,0.01,active_judge,243,1328,971,0,0,0.011921992165461692,0.0964682434399656,0.04003844138363667,0.026200974932012087,-0.001921992165461692,159,4,86
cast19,inv,15,0.01,strat_pilot,243,1317,971,0,0,0.011921992165461692,0.03998057633091228,0.04003844138363667,0.026200974932012087,-0.001921992165461692,159,4,86
cast19,inv,15,0.01,weighted_cv,243,1315,971,0,0,0.011921992165461692,0.048478731864849064,0.04003844138363667,0.026200974932012087,-0.001921992165461692,159,4,86
cast19,inv,15,0.01,active_cv,243,1322,971,0,0,0.011921992165461692,0.10735950709105233,0.04003844138363667,0.026200974932012087,-0.001921992165461692,159,4,86
cast19,inv,15,0.01,weighted_cvl,243,1297,971,0,0,0.011921992165461692,0.04003844138363667,0.04003844138363667,0.026200974932012087,-0.001921992165461692,159,4,86
cast19,inv,15,0.01,uniform,244,1317,992,0,0,0.0,0.1745403020760987,0.06642789360338146,0.02105739842036786,0.01,159,4,86
cast19,inv,15,0.01,uniform_nz,244,1306,992,0,0,0.0,0.07868652797045236,0.06642789360338146,0.02105739842036786,0.01,159,4,86
cast19,inv,15,0.01,weighted,244,1323,992,0,0,0.0,0.06642789360338146,0.06642789360338146,0.02105739842036786,0.01,159,4,86
cast19,inv,15,0.01,active_judge,244,1330,992,0,0,0.0,0.13993444881474035,0.06642789360338146,0.02105739842036786,0.01,159,4,86
cast19,inv,15,0.01,strat_pilot,244,1314,992,0,0,0.0,0.06612086875414347,0.06642789360338146,0.02105739842036786,0.01,159,4,86
cast19,inv,15,0.01,weighted_cv,244,1325,992,1,0,0.0,0.0828578210978583,0.06642789360338146,0.02105739842036786,0.01,159,4,86
cast19,inv,15,0.01,active_cv,244,1355,992,0,0,0.0,0.17329170089464568,0.06642789360338146,0.02105739842036786,0.01,159,4,86
cast19,inv,15,0.01,weighted_cvl,244,1335,992,0,0,0.0,0.06642789360338146,0.06642789360338146,0.02105739842036786,0.01,159,4,86
cast19,inv,15,0.01,uniform,245,1511,1037,0,0,0.012103947571627693,0.17200922653284495,0.07570047939870542,0.05039109720857566,-0.002103947571627693,159,4,119
cast19,inv,15,0.01,uniform_nz,245,1511,1037,0,0,0.012103947571627693,0.11833862475729469,0.07570047939870542,0.05039109720857566,-0.002103947571627693,159,4,119
cast19,inv,15,0.01,weighted,245,1514,1037,0,0,0.012103947571627693,0.07570047939870542,0.07570047939870542,0.05039109720857566,-0.002103947571627693,159,4,119
cast19,inv,15,0.01,active_judge,245,1522,1037,0,0,0.012103947571627693,0.22214026809686707,0.07570047939870542,0.05039109720857566,-0.002103947571627693,159,4,119
cast19,inv,15,0.01,strat_pilot,245,1477,1037,0,0,0.012103947571627693,0.07560280963956031,0.07570047939870542,0.05039109720857566,-0.002103947571627693,159,4,119
cast19,inv,15,0.01,weighted_cv,245,1528,1037,0,0,0.012103947571627693,0.09441609114833936,0.07570047939870542,0.05039109720857566,-0.002103947571627693,159,4,119
cast19,inv,15,0.01,active_cv,245,1505,1037,0,0,0.012103947571627693,0.25608448605360634,0.07570047939870542,0.05039109720857566,-0.002103947571627693,159,4,119
cast19,inv,15,0.01,weighted_cvl,245,1500,1037,0,0,0.012103947571627693,0.07570047939870542,0.07570047939870542,0.05039109720857566,-0.002103947571627693,159,4,119
cast19,inv,15,0.01,uniform,246,1392,922,0,0,0.0,0.6558296143339878,0.1182468714574481,0.0435415940530357,0.01,159,4,119
cast19,inv,15,0.01,uniform_nz,246,1387,922,0,0,0.0,0.5010254436980347,0.1182468714574481,0.0435415940530357,0.01,159,4,119
cast19,inv,15,0.01,weighted,246,1410,922,0,0,0.0,0.1182468714574481,0.1182468714574481,0.0435415940530357,0.01,159,4,119
cast19,inv,15,0.01,active_judge,246,1411,922,0,0,0.0,0.25582652419791546,0.1182468714574481,0.0435415940530357,0.01,159,4,119
cast19,inv,15,0.01,strat_pilot,246,1423,922,0,0,0.0,0.11829051313364296,0.1182468714574481,0.0435415940530357,0.01,159,4,119
cast19,inv,15,0.01,weighted_cv,246,1419,922,0,0,0.0,0.14711522307694594,0.1182468714574481,0.0435415940530357,0.01,159,4,119
cast19,inv,15,0.01,active_cv,246,1370,922,0,0,0.0,0.36177640016466206,0.1182468714574481,0.0435415940530357,0.01,159,4,119
cast19,inv,15,0.01,weighted_cvl,246,1374,922,0,0,0.0,0.1182468714574481,0.1182468714574481,0.0435415940530357,0.01,159,4,119
cast19,inv,15,0.01,uniform,247,1432,954,0,0,0.0,0.4588901351061005,0.10412469830568849,0.04714875120511976,0.01,159,4,119
cast19,inv,15,0.01,uniform_nz,247,1392,954,0,0,0.0,0.27286743782934264,0.10412469830568849,0.04714875120511976,0.01,159,4,119
cast19,inv,15,0.01,weighted,247,1444,954,1,0,0.0,0.10412469830568849,0.10412469830568849,0.04714875120511976,0.01,159,4,119
cast19,inv,15,0.01,active_judge,247,1461,954,0,0,0.0,0.22939441077843892,0.10412469830568849,0.04714875120511976,0.01,159,4,119
cast19,inv,15,0.01,strat_pilot,247,1421,954,0,0,0.0,0.10411353035957678,0.10412469830568849,0.04714875120511976,0.01,159,4,119
cast19,inv,15,0.01,weighted_cv,247,1448,954,0,0,0.0,0.13776223795810233,0.10412469830568849,0.04714875120511976,0.01,159,4,119
cast19,inv,15,0.01,active_cv,247,1464,954,0,0,0.0,0.29004417545622757,0.10412469830568849,0.04714875120511976,0.01,159,4,119
cast19,inv,15,0.01,weighted_cvl,247,1418,954,1,0,0.0,0.10412469830568849,0.10412469830568849,0.04714875120511976,0.01,159,4,119
cast19,inv,15,0.01,uniform,248,1343,994,0,0,0.0,0.6010435248643617,0.0467298212839445,0.038043464619316014,0.01,159,4,86
cast19,inv,15,0.01,uniform_nz,248,1352,994,0,0,0.0,0.2442649010410976,0.0467298212839445,0.038043464619316014,0.01,159,4,86
cast19,inv,15,0.01,weighted,248,1336,994,1,0,0.0,0.0467298212839445,0.0467298212839445,0.038043464619316014,0.01,159,4,86
cast19,inv,15,0.01,active_judge,248,1345,994,0,0,0.0,0.15095273463616482,0.0467298212839445,0.038043464619316014,0.01,159,4,86
cast19,inv,15,0.01,strat_pilot,248,1330,994,0,0,0.0,0.04678688391410838,0.0467298212839445,0.038043464619316014,0.01,159,4,86
cast19,inv,15,0.01,weighted_cv,248,1338,994,0,0,0.0,0.05898393975790669,0.0467298212839445,0.038043464619316014,0.01,159,4,86
cast19,inv,15,0.01,active_cv,248,1334,994,0,0,0.0,0.16698400090835833,0.0467298212839445,0.038043464619316014,0.01,159,4,86
cast19,inv,15,0.01,weighted_cvl,248,1346,994,0,0,0.0,0.0467298212839445,0.0467298212839445,0.038043464619316014,0.01,159,4,86
cast19,inv,15,0.01,uniform,249,1233,904,0,0,0.0,0.84678062890132,0.12705185321859294,0.0450402732549724,0.01,159,4,86
cast19,inv,15,0.01,uniform_nz,249,1232,904,0,0,0.0,0.35675461089552074,0.12705185321859294,0.0450402732549724,0.01,159,4,86
cast19,inv,15,0.01,weighted,249,1236,904,0,0,0.0,0.12705185321859294,0.12705185321859294,0.0450402732549724,0.01,159,4,86
cast19,inv,15,0.01,active_judge,249,1230,904,0,0,0.0,0.27998486251983756,0.12705185321859294,0.0450402732549724,0.01,159,4,86
cast19,inv,15,0.01,strat_pilot,249,1232,904,0,0,0.0,0.12712184436441482,0.12705185321859294,0.0450402732549724,0.01,159,4,86
cast19,inv,15,0.01,weighted_cv,249,1261,904,0,0,0.0,0.13614992482106172,0.12705185321859294,0.0450402732549724,0.01,159,4,86
cast19,inv,15,0.01,active_cv,249,1232,904,0,0,0.0,0.2940403040529985,0.12705185321859294,0.0450402732549724,0.01,159,4,86
cast19,inv,15,0.01,weighted_cvl,249,1221,904,0,0,0.0,0.12705185321859294,0.12705185321859294,0.0450402732549724,0.01,159,4,86
cast19,inv,15,0.01,uniform,250,1244,942,0,0,0.006570187599793165,0.10821756722168355,0.04783840543082145,0.028412959832851477,0.0034298124002068355,159,4,86
cast19,inv,15,0.01,uniform_nz,250,1302,942,0,0,0.006570187599793165,0.05349102147454534,0.04783840543082145,0.028412959832851477,0.0034298124002068355,159,4,86
cast19,inv,15,0.01,weighted,250,1294,942,0,0,0.006570187599793165,0.04783840543082145,0.04783840543082145,0.028412959832851477,0.0034298124002068355,159,4,86
cast19,inv,15,0.01,active_judge,250,1292,942,0,0,0.006570187599793165,0.10407795617949271,0.04783840543082145,0.028412959832851477,0.0034298124002068355,159,4,86
cast19,inv,15,0.01,strat_pilot,250,1279,942,0,0,0.006570187599793165,0.04780978618054886,0.04783840543082145,0.028412959832851477,0.0034298124002068355,159,4,86
cast19,inv,15,0.01,weighted_cv,250,1283,942,0,0,0.006570187599793165,0.06118541703500735,0.04783840543082145,0.028412959832851477,0.0034298124002068355,159,4,86
cast19,inv,15,0.01,active_cv,250,1316,942,0,0,0.006570187599793165,0.12402049156864633,0.04783840543082145,0.028412959832851477,0.0034298124002068355,159,4,86
cast19,inv,15,0.01,weighted_cvl,250,1302,942,0,0,0.006570187599793165,0.04783840543082145,0.04783840543082145,0.028412959832851477,0.0034298124002068355,159,4,86
cast19,inv,15,0.01,uniform,251,1406,944,0,0,0.0,0.5958917260051012,0.09652311281406271,0.05459466098256652,0.01,159,4,119
cast19,inv,15,0.01,uniform_nz,251,1422,944,0,0,0.0,0.4600837340656403,0.09652311281406271,0.05459466098256652,0.01,159,4,119
cast19,inv,15,0.01,weighted,251,1414,944,0,0,0.0,0.09652311281406271,0.09652311281406271,0.05459466098256652,0.01,159,4,119
cast19,inv,15,0.01,active_judge,251,1423,944,0,0,0.0,0.26908365205086876,0.09652311281406271,0.05459466098256652,0.01,159,4,119
cast19,inv,15,0.01,strat_pilot,251,1418,944,1,0,0.0,0.09664199302945797,0.09652311281406271,0.05459466098256652,0.01,159,4,119
cast19,inv,15,0.01,weighted_cv,251,1412,944,1,0,0.0,0.13639198303743547,0.09652311281406271,0.05459466098256652,0.01,159,4,119
cast19,inv,15,0.01,active_cv,251,1435,944,0,0,0.0,0.3348764220614074,0.09652311281406271,0.05459466098256652,0.01,159,4,119
cast19,inv,15,0.01,weighted_cvl,251,1404,944,1,0,0.0,0.09652311281406271,0.09652311281406271,0.05459466098256652,0.01,159,4,119
cast19,inv,15,0.01,uniform,252,1250,900,0,0,0.010562583077331433,0.5740403151820965,0.07113675878086152,0.0413099868827423,-0.0005625830773314331,159,4,86
cast19,inv,15,0.01,uniform_nz,252,1255,900,0,0,0.010562583077331433,0.31466496215975204,0.07113675878086152,0.0413099868827423,-0.0005625830773314331,159,4,86
cast19,inv,15,0.01,weighted,252,1244,900,0,0,0.010562583077331433,0.07113675878086152,0.07113675878086152,0.0413099868827423,-0.0005625830773314331,159,4,86
cast19,inv,15,0.01,active_judge,252,1248,900,0,0,0.010562583077331433,0.22076675753155853,0.07113675878086152,0.0413099868827423,-0.0005625830773314331,159,4,86
cast19,inv,15,0.01,strat_pilot,252,1250,900,0,0,0.010562583077331433,0.07112248939746488,0.07113675878086152,0.0413099868827423,-0.0005625830773314331,159,4,86
cast19,inv,15,0.01,weighted_cv,252,1251,900,0,0,0.010562583077331433,0.09522535935832507,0.07113675878086152,0.0413099868827423,-0.0005625830773314331,159,4,86
cast19,inv,15,0.01,active_cv,252,1238,900,0,0,0.010562583077331433,0.2560689628765175,0.07113675878086152,0.0413099868827423,-0.0005625830773314331,159,4,86
cast19,inv,15,0.01,weighted_cvl,252,1245,900,0,0,0.010562583077331433,0.07113675878086152,0.07113675878086152,0.0413099868827423,-0.0005625830773314331,159,4,86
cast19,inv,15,0.01,uniform,253,1323,930,0,0,0.021032782870492872,0.15515554078564914,0.060199886528145174,0.027942631413993647,-0.011032782870492872,159,4,86
cast19,inv,15,0.01,uniform_nz,253,1283,930,0,0,0.021032782870492872,0.07278420987726758,0.060199886528145174,0.027942631413993647,-0.011032782870492872,159,4,86
cast19,inv,15,0.01,weighted,253,1262,930,0,0,0.021032782870492872,0.060199886528145174,0.060199886528145174,0.027942631413993647,-0.011032782870492872,159,4,86
cast19,inv,15,0.01,active_judge,253,1296,930,0,0,0.021032782870492872,0.1292089692258288,0.060199886528145174,0.027942631413993647,-0.011032782870492872,159,4,86
cast19,inv,15,0.01,strat_pilot,253,1282,930,0,0,0.021032782870492872,0.0602028782761395,0.060199886528145174,0.027942631413993647,-0.011032782870492872,159,4,86
cast19,inv,15,0.01,weighted_cv,253,1275,930,0,0,0.021032782870492872,0.06770203751641417,0.060199886528145174,0.027942631413993647,-0.011032782870492872,159,4,86
cast19,inv,15,0.01,active_cv,253,1251,930,0,0,0.021032782870492872,0.14214827709060965,0.060199886528145174,0.027942631413993647,-0.011032782870492872,159,4,86
cast19,inv,15,0.01,weighted_cvl,253,1277,930,0,0,0.021032782870492872,0.060199886528145174,0.060199886528145174,0.027942631413993647,-0.011032782870492872,159,4,86
cast19,inv,15,0.01,uniform,254,1305,1010,0,0,0.0,0.1414588565341926,0.03782151687163978,0.04014359495244052,0.01,159,4,76
cast19,inv,15,0.01,uniform_nz,254,1312,1010,0,0,0.0,0.043255592161829115,0.03782151687163978,0.04014359495244052,0.01,159,4,76
cast19,inv,15,0.01,weighted,254,1323,1010,0,0,0.0,0.03782151687163978,0.03782151687163978,0.04014359495244052,0.01,159,4,76
cast19,inv,15,0.01,active_judge,254,1307,1010,0,0,0.0,0.08169679267945583,0.03782151687163978,0.04014359495244052,0.01,159,4,76
cast19,inv,15,0.01,strat_pilot,254,1299,1010,0,0,0.0,0.03774994236183262,0.03782151687163978,0.04014359495244052,0.01,159,4,76
cast19,inv,15,0.01,weighted_cv,254,1294,1010,0,0,0.0,0.047109622409567765,0.03782151687163978,0.04014359495244052,0.01,159,4,76
cast19,inv,15,0.01,active_cv,254,1313,1010,0,0,0.0,0.11837266524167012,0.03782151687163978,0.04014359495244052,0.01,159,4,76
cast19,inv,15,0.01,weighted_cvl,254,1320,1010,0,0,0.0,0.03782151687163978,0.03782151687163978,0.04014359495244052,0.01,159,4,76
cast19,inv,15,0.01,uniform,255,1351,981,0,0,0.0,0.11948346215453634,0.044236582033320565,0.017434427317571083,0.01,159,4,86
cast19,inv,15,0.01,uniform_nz,255,1320,981,1,0,0.0,0.04854916904827021,0.044236582033320565,0.017434427317571083,0.01,159,4,86
cast19,inv,15,0.01,weighted,255,1305,981,0,0,0.0,0.044236582033320565,0.044236582033320565,0.017434427317571083,0.01,159,4,86
cast19,inv,15,0.01,active_judge,255,1345,981,0,0,0.0,0.11866726780983014,0.044236582033320565,0.017434427317571083,0.01,159,4,86
cast19,inv,15,0.01,strat_pilot,255,1335,981,0,0,0.0,0.04413964005487706,0.044236582033320565,0.017434427317571083,0.01,159,4,86
cast19,inv,15,0.01,weighted_cv,255,1356,981,0,0,0.0,0.05960798934235578,0.044236582033320565,0.017434427317571083,0.01,159,4,86
cast19,inv,15,0.01,active_cv,255,1337,981,0,0,0.0,0.142691284554824,0.044236582033320565,0.017434427317571083,0.01,159,4,86
cast19,inv,15,0.01,weighted_cvl,255,1342,981,0,0,0.0,0.044236582033320565,0.044236582033320565,0.017434427317571083,0.01,159,4,86
cast19,inv,15,0.01,uniform,256,1317,969,0,0,0.011203165839726525,0.046550834088367174,0.019932511951548295,0.01546030420299129,-0.0012031658397265253,159,4,86
cast19,inv,15,0.01,uniform_nz,256,1303,969,0,0,0.011203165839726525,0.023190087888278966,0.019932511951548295,0.01546030420299129,-0.0012031658397265253,159,4,86
cast19,inv,15,0.01,weighted,256,1317,969,0,0,0.011203165839726525,0.019932511951548295,0.019932511951548295,0.01546030420299129,-0.0012031658397265253,159,4,86
cast19,inv,15,0.01,active_judge,256,1294,969,0,0,0.011203165839726525,0.042236394813221445,0.019932511951548295,0.01546030420299129,-0.0012031658397265253,159,4,86
cast19,inv,15,0.01,strat_pilot,256,1310,969,0,0,0.011203165839726525,0.019912495634114912,0.019932511951548295,0.01546030420299129,-0.0012031658397265253,159,4,86
cast19,inv,15,0.01,weighted_cv,256,1311,969,0,0,0.011203165839726525,0.026184673714528282,0.019932511951548295,0.01546030420299129,-0.0012031658397265253,159,4,86
cast19,inv,15,0.01,active_cv,256,1315,969,0,0,0.011203165839726525,0.052071325782753176,0.019932511951548295,0.01546030420299129,-0.0012031658397265253,159,4,86
cast19,inv,15,0.01,weighted_cvl,256,1309,969,0,0,0.011203165839726525,0.020114504067922805,0.019932511951548295,0.01546030420299129,-0.0012031658397265253,159,4,86
cast19,inv,15,0.01,uniform,257,1376,1028,0,0,0.0,0.17386344076684151,0.056282630693218774,0.047195775930296065,0.01,159,4,86
cast19,inv,15,0.01,uniform_nz,257,1363,1028,0,0,0.0,0.06649281605658405,0.056282630693218774,0.047195775930296065,0.01,159,4,86
cast19,inv,15,0.01,weighted,257,1381,1028,1,0,0.0,0.056282630693218774,0.056282630693218774,0.047195775930296065,0.01,159,4,86
cast19,inv,15,0.01,active_judge,257,1357,1028,0,0,0.0,0.15241117060835402,0.056282630693218774,0.047195775930296065,0.01,159,4,86
cast19,inv,15,0.01,strat_pilot,257,1360,1028,1,0,0.0,0.05626133813223635,0.056282630693218774,0.047195775930296065,0.01,159,4,86
cast19,inv,15,0.01,weighted_cv,257,1388,1028,0,0,0.0,0.07554783400448634,0.056282630693218774,0.047195775930296065,0.01,159,4,86
cast19,inv,15,0.01,active_cv,257,1373,1028,0,0,0.0,0.19733472213284764,0.056282630693218774,0.047195775930296065,0.01,159,4,86
cast19,inv,15,0.01,weighted_cvl,257,1394,1028,0,0,0.0,0.056282630693218774,0.056282630693218774,0.047195775930296065,0.01,159,4,86
cast19,inv,15,0.01,uniform,258,1327,995,0,0,0.001460747514514471,0.7386371472479751,0.06050761058793228,0.026586520202114508,0.00853925248548553,159,4,86
cast19,inv,15,0.01,uniform_nz,258,1362,995,0,0,0.001460747514514471,0.3836957988110449,0.06050761058793228,0.026586520202114508,0.00853925248548553,159,4,86
cast19,inv,15,0.01,weighted,258,1339,995,0,0,0.001460747514514471,0.06050761058793228,0.06050761058793228,0.026586520202114508,0.00853925248548553,159,4,86
cast19,inv,15,0.01,active_judge,258,1341,995,0,0,0.001460747514514471,0.13395951877266507,0.06050761058793228,0.026586520202114508,0.00853925248548553,159,4,86
cast19,inv,15,0.01,strat_pilot,258,1337,995,0,0,0.001460747514514471,0.06054516547558283,0.06050761058793228,0.026586520202114508,0.00853925248548553,159,4,86
cast19,inv,15,0.01,weighted_cv,258,1301,995,0,0,0.001460747514514471,0.07679289713906332,0.06050761058793228,0.026586520202114508,0.00853925248548553,159,4,86
cast19,inv,15,0.01,active_cv,258,1357,995,0,0,0.001460747514514471,0.1748314125351075,0.06050761058793228,0.026586520202114508,0.00853925248548553,159,4,86
cast19,inv,15,0.01,weighted_cvl,258,1362,995,0,0,0.001460747514514471,0.06050761058793228,0.06050761058793228,0.026586520202114508,0.00853925248548553,159,4,86
cast19,inv,15,0.01,uniform,259,1272,900,0,0,0.0,0.5561359857586684,0.0638208045931344,0.04680248221539108,0.01,159,4,86
cast19,inv,15,0.01,uniform_nz,259,1231,900,0,0,0.0,0.3152903738762002,0.0638208045931344,0.04680248221539108,0.01,159,4,86
cast19,inv,15,0.01,weighted,259,1248,900,1,0,0.0,0.0638208045931344,0.0638208045931344,0.04680248221539108,0.01,159,4,86
cast19,inv,15,0.01,active_judge,259,1260,900,0,0,0.0,0.13196833053659385,0.0638208045931344,0.04680248221539108,0.01,159,4,86
cast19,inv,15,0.01,strat_pilot,259,1263,900,0,0,0.0,0.06378324841515891,0.0638208045931344,0.04680248221539108,0.01,159,4,86
cast19,inv,15,0.01,weighted_cv,259,1240,900,0,0,0.0,0.07043047333425301,0.0638208045931344,0.04680248221539108,0.01,159,4,86
cast19,inv,15,0.01,active_cv,259,1233,900,0,0,0.0,0.13856530989852994,0.0638208045931344,0.04680248221539108,0.01,159,4,86
cast19,inv,15,0.01,weighted_cvl,259,1235,900,1,0,0.0,0.0638208045931344,0.0638208045931344,0.04680248221539108,0.01,159,4,86
cast19,inv,15,0.01,uniform,260,1507,1008,1,0,0.0,0.4482877770626863,0.10905529858939858,0.0348655701024122,0.01,159,4,119
cast19,inv,15,0.01,uniform_nz,260,1513,1008,0,0,0.0,0.2839576647063984,0.10905529858939858,0.0348655701024122,0.01,159,4,119
cast19,inv,15,0.01,weighted,260,1510,1008,0,0,0.0,0.10905529858939858,0.10905529858939858,0.0348655701024122,0.01,159,4,119
cast19,inv,15,0.01,active_judge,260,1484,1008,0,0,0.0,0.30544098548894144,0.10905529858939858,0.0348655701024122,0.01,159,4,119
cast19,inv,15,0.01,strat_pilot,260,1448,1008,1,0,0.0,0.1090525484108262,0.10905529858939858,0.0348655701024122,0.01,159,4,119
cast19,inv,15,0.01,weighted_cv,260,1459,1008,1,0,0.0,0.13612281215811622,0.10905529858939858,0.0348655701024122,0.01,159,4,119
cast19,inv,15,0.01,active_cv,260,1499,1008,0,0,0.0,0.40442062845940274,0.10905529858939858,0.0348655701024122,0.01,159,4,119
cast19,inv,15,0.01,weighted_cvl,260,1536,1008,0,0,0.0,0.10905529858939858,0.10905529858939858,0.0348655701024122,0.01,159,4,119
cast19,inv,15,0.01,uniform,261,1367,1045,0,0,0.0,0.18532673434728092,0.060821264145705156,0.0207130721875304,0.01,159,4,86
cast19,inv,15,0.01,uniform_nz,261,1353,1045,0,0,0.0,0.07138776809299519,0.060821264145705156,0.0207130721875304,0.01,159,4,86
cast19,inv,15,0.01,weighted,261,1373,1045,1,0,0.0,0.060821264145705156,0.060821264145705156,0.0207130721875304,0.01,159,4,86
cast19,inv,15,0.01,active_judge,261,1401,1045,0,0,0.0,0.1198183832863072,0.060821264145705156,0.0207130721875304,0.01,159,4,86
cast19,inv,15,0.01,strat_pilot,261,1380,1045,0,0,0.0,0.06080711906074608,0.060821264145705156,0.0207130721875304,0.01,159,4,86
cast19,inv,15,0.01,weighted_cv,261,1383,1045,0,0,0.0,0.0720867781907459,0.060821264145705156,0.0207130721875304,0.01,159,4,86
cast19,inv,15,0.01,active_cv,261,1373,1045,0,0,0.0,0.1473337413072143,0.060821264145705156,0.0207130721875304,0.01,159,4,86
cast19,inv,15,0.01,weighted_cvl,261,1388,1045,0,0,0.0,0.060821264145705156,0.060821264145705156,0.0207130721875304,0.01,159,4,86
cast19,inv,15,0.01,uniform,262,1299,923,0,0,0.0,0.3695099036023802,0.07847687872711094,0.04303244623579831,0.01,159,4,86
cast19,inv,15,0.01,uniform_nz,262,1271,923,0,0,0.0,0.1919837967143697,0.07847687872711094,0.04303244623579831,0.01,159,4,86
cast19,inv,15,0.01,weighted,262,1263,923,0,0,0.0,0.07847687872711094,0.07847687872711094,0.04303244623579831,0.01,159,4,86
cast19,inv,15,0.01,active_judge,262,1254,923,0,0,0.0,0.16984170109719968,0.07847687872711094,0.04303244623579831,0.01,159,4,86
cast19,inv,15,0.01,strat_pilot,262,1269,923,0,0,0.0,0.07845698919389024,0.07847687872711094,0.04303244623579831,0.01,159,4,86
cast19,inv,15,0.01,weighted_cv,262,1268,923,0,0,0.0,0.09045291658328361,0.07847687872711094,0.04303244623579831,0.01,159,4,86
cast19,inv,15,0.01,active_cv,262,1252,923,0,0,0.0,0.18566592471087867,0.07847687872711094,0.04303244623579831,0.01,159,4,86
cast19,inv,15,0.01,weighted_cvl,262,1240,923,0,0,0.0,0.07847687872711094,0.07847687872711094,0.04303244623579831,0.01,159,4,86
cast19,inv,15,0.01,uniform,263,1326,994,0,0,0.0,0.29492500095646007,0.08444233565520795,0.05485230424254855,0.01,159,4,86
cast19,inv,15,0.01,uniform_nz,263,1351,994,0,0,0.0,0.11701426941357011,0.08444233565520795,0.05485230424254855,0.01,159,4,86
cast19,inv,15,0.01,weighted,263,1336,994,0,0,0.0,0.08444233565520795,0.08444233565520795,0.05485230424254855,0.01,159,4,86
cast19,inv,15,0.01,active_judge,263,1355,994,0,0,0.0,0.15855183764020916,0.08444233565520795,0.05485230424254855,0.01,159,4,86
cast19,inv,15,0.01,strat_pilot,263,1348,994,0,0,0.0,0.08451524904867594,0.08444233565520795,0.05485230424254855,0.01,159,4,86
cast19,inv,15,0.01,weighted_cv,263,1343,994,0,0,0.0,0.09431539806655,0.08444233565520795,0.05485230424254855,0.01,159,4,86
cast19,inv,15,0.01,active_cv,263,1355,994,0,0,0.0,0.17515721865373468,0.08444233565520795,0.05485230424254855,0.01,159,4,86
cast19,inv,15,0.01,weighted_cvl,263,1332,994,0,0,0.0,0.08444233565520795,0.08444233565520795,0.05485230424254855,0.01,159,4,86
cast19,inv,15,0.01,uniform,264,1281,962,0,0,0.0,0.15767933164939613,0.042221000212155316,0.028039054400054504,0.01,159,4,86
cast19,inv,15,0.01,uniform_nz,264,1274,962,0,0,0.0,0.06524323906850729,0.042221000212155316,0.028039054400054504,0.01,159,4,86
cast19,inv,15,0.01,weighted,264,1319,962,1,0,0.0,0.042221000212155316,0.042221000212155316,0.028039054400054504,0.01,159,4,86
cast19,inv,15,0.01,active_judge,264,1283,962,0,0,0.0,0.13695051702194644,0.042221000212155316,0.028039054400054504,0.01,159,4,86
cast19,inv,15,0.01,strat_pilot,264,1311,962,0,0,0.0,0.042245957633673184,0.042221000212155316,0.028039054400054504,0.01,159,4,86
cast19,inv,15,0.01,weighted_cv,264,1291,962,0,0,0.0,0.04564945120796747,0.042221000212155316,0.028039054400054504,0.01,159,4,86
cast19,inv,15,0.01,active_cv,264,1320,962,0,0,0.0,0.14840230256593523,0.042221000212155316,0.028039054400054504,0.01,159,4,86
cast19,inv,15,0.01,weighted_cvl,264,1291,962,0,0,0.0,0.042221000212155316,0.042221000212155316,0.028039054400054504,0.01,159,4,86
cast19,inv,15,0.01,uniform,265,1496,1010,0,0,0.0,0.6767406440962708,0.1487916217549478,0.02487921657170547,0.01,159,4,119
cast19,inv,15,0.01,uniform_nz,265,1478,1010,0,0,0.0,0.4213874550846611,0.1487916217549478,0.02487921657170547,0.01,159,4,119
cast19,inv,15,0.01,weighted,265,1481,1010,0,0,0.0,0.1487916217549478,0.1487916217549478,0.02487921657170547,0.01,159,4,119
cast19,inv,15,0.01,active_judge,265,1462,1010,0,0,0.0,0.3876104216919785,0.1487916217549478,0.02487921657170547,0.01,159,4,119
cast19,inv,15,0.01,strat_pilot,265,1507,1010,0,0,0.0,0.14880630125103575,0.1487916217549478,0.02487921657170547,0.01,159,4,119
cast19,inv,15,0.01,weighted_cv,265,1500,1010,0,0,0.0,0.18163361225138183,0.1487916217549478,0.02487921657170547,0.01,159,4,119
cast19,inv,15,0.01,active_cv,265,1508,1010,0,0,0.0,0.47511223614994275,0.1487916217549478,0.02487921657170547,0.01,159,4,119
cast19,inv,15,0.01,weighted_cvl,265,1478,1010,0,0,0.0,0.1487916217549478,0.1487916217549478,0.02487921657170547,0.01,159,4,119
cast19,inv,15,0.01,uniform,266,1301,970,0,0,0.022038451910014578,0.303693242214577,0.06757632139232995,0.01625838615002701,-0.012038451910014578,159,4,86
cast19,inv,15,0.01,uniform_nz,266,1320,970,0,0,0.022038451910014578,0.11844052986168987,0.06757632139232995,0.01625838615002701,-0.012038451910014578,159,4,86
cast19,inv,15,0.01,weighted,266,1330,970,0,0,0.022038451910014578,0.06757632139232995,0.06757632139232995,0.01625838615002701,-0.012038451910014578,159,4,86
cast19,inv,15,0.01,active_judge,266,1320,970,0,0,0.022038451910014578,0.19121110860560536,0.06757632139232995,0.01625838615002701,-0.012038451910014578,159,4,86
cast19,inv,15,0.01,strat_pilot,266,1335,970,0,0,0.022038451910014578,0.0676231051005379,0.06757632139232995,0.01625838615002701,-0.012038451910014578,159,4,86
cast19,inv,15,0.01,weighted_cv,266,1311,970,0,0,0.022038451910014578,0.07466349722380232,0.06757632139232995,0.01625838615002701,-0.012038451910014578,159,4,86
cast19,inv,15,0.01,active_cv,266,1309,970,0,0,0.022038451910014578,0.20725894025888505,0.06757632139232995,0.01625838615002701,-0.012038451910014578,159,4,86
cast19,inv,15,0.01,weighted_cvl,266,1341,970,0,0,0.022038451910014578,0.06757632139232995,0.06757632139232995,0.01625838615002701,-0.012038451910014578,159,4,86
cast19,inv,15,0.01,uniform,267,1369,998,0,0,0.007338503537219432,0.04680972406993674,0.0176355339503381,0.01624608122540852,0.0026614964627805684,159,4,86
cast19,inv,15,0.01,uniform_nz,267,1321,998,0,0,0.007338503537219432,0.021184045440091476,0.0176355339503381,0.01624608122540852,0.0026614964627805684,159,4,86
cast19,inv,15,0.01,weighted,267,1350,998,0,0,0.007338503537219432,0.0176355339503381,0.0176355339503381,0.01624608122540852,0.0026614964627805684,159,4,86
cast19,inv,15,0.01,active_judge,267,1345,998,0,0,0.007338503537219432,0.045110040295165084,0.0176355339503381,0.01624608122540852,0.0026614964627805684,159,4,86
cast19,inv,15,0.01,strat_pilot,267,1353,998,0,0,0.007338503537219432,0.017631749077511763,0.0176355339503381,0.01624608122540852,0.0026614964627805684,159,4,86
cast19,inv,15,0.01,weighted_cv,267,1326,998,0,0,0.007338503537219432,0.021596348036201585,0.0176355339503381,0.01624608122540852,0.0026614964627805684,159,4,86
cast19,inv,15,0.01,active_cv,267,1327,998,0,0,0.007338503537219432,0.05357989022898335,0.0176355339503381,0.01624608122540852,0.0026614964627805684,159,4,86
cast19,inv,15,0.01,weighted_cvl,267,1308,998,0,0,0.007338503537219432,0.017629141698800983,0.0176355339503381,0.01624608122540852,0.0026614964627805684,159,4,86
cast19,inv,15,0.01,uniform,268,1510,1025,0,0,0.0,0.2780177452346491,0.13205154088466828,0.010476180824006915,0.01,159,4,119
cast19,inv,15,0.01,uniform_nz,268,1519,1025,0,0,0.0,0.1827195262567376,0.13205154088466828,0.010476180824006915,0.01,159,4,119
cast19,inv,15,0.01,weighted,268,1510,1025,0,0,0.0,0.13205154088466828,0.13205154088466828,0.010476180824006915,0.01,159,4,119
cast19,inv,15,0.01,active_judge,268,1483,1025,0,0,0.0,0.271628517723014,0.13205154088466828,0.010476180824006915,0.01,159,4,119
cast19,inv,15,0.01,strat_pilot,268,1515,1025,0,0,0.0,0.13204389486869805,0.13205154088466828,0.010476180824006915,0.01,159,4,119
cast19,inv,15,0.01,weighted_cv,268,1491,1025,0,0,0.0,0.16499027807917346,0.13205154088466828,0.010476180824006915,0.01,159,4,119
cast19,inv,15,0.01,active_cv,268,1518,1025,0,0,0.0,0.3214236901380541,0.13205154088466828,0.010476180824006915,0.01,159,4,119
cast19,inv,15,0.01,weighted_cvl,268,1483,1025,0,0,0.0,0.13205154088466828,0.13205154088466828,0.010476180824006915,0.01,159,4,119
cast19,inv,15,0.01,uniform,269,1477,1026,0,0,0.0,0.22030262351199908,0.07984369393858153,0.017739223455958558,0.01,159,4,119
cast19,inv,15,0.01,uniform_nz,269,1492,1026,0,0,0.0,0.13447890145544283,0.07984369393858153,0.017739223455958558,0.01,159,4,119
cast19,inv,15,0.01,weighted,269,1490,1026,1,0,0.0,0.07984369393858153,0.07984369393858153,0.017739223455958558,0.01,159,4,119
cast19,inv,15,0.01,active_judge,269,1528,1026,0,0,0.0,0.15924055852293822,0.07984369393858153,0.017739223455958558,0.01,159,4,119
cast19,inv,15,0.01,strat_pilot,269,1508,1026,0,0,0.0,0.079871924657575,0.07984369393858153,0.017739223455958558,0.01,159,4,119
cast19,inv,15,0.01,weighted_cv,269,1494,1026,0,0,0.0,0.10853582295800708,0.07984369393858153,0.017739223455958558,0.01,159,4,119
cast19,inv,15,0.01,active_cv,269,1459,1026,0,0,0.0,0.21430249109301505,0.07984369393858153,0.017739223455958558,0.01,159,4,119
cast19,inv,15,0.01,weighted_cvl,269,1506,1026,0,0,0.0,0.07984369393858153,0.07984369393858153,0.017739223455958558,0.01,159,4,119
cast19,inv,15,0.01,uniform,270,1213,924,0,0,0.007029649821735706,0.29255577075284933,0.0595414520196018,0.011816363461100307,0.002970350178264294,159,4,71
cast19,inv,15,0.01,uniform_nz,270,1184,924,0,0,0.007029649821735706,0.11047885657583231,0.0595414520196018,0.011816363461100307,0.002970350178264294,159,4,71
cast19,inv,15,0.01,weighted,270,1211,924,0,0,0.007029649821735706,0.0595414520196018,0.0595414520196018,0.011816363461100307,0.002970350178264294,159,4,71
cast19,inv,15,0.01,active_judge,270,1182,924,0,0,0.007029649821735706,0.16815860400449822,0.0595414520196018,0.011816363461100307,0.002970350178264294,159,4,71
cast19,inv,15,0.01,strat_pilot,270,1224,924,0,0,0.007029649821735706,0.05956541739278316,0.0595414520196018,0.011816363461100307,0.002970350178264294,159,4,71
cast19,inv,15,0.01,weighted_cv,270,1197,924,0,0,0.007029649821735706,0.06236154343993289,0.0595414520196018,0.011816363461100307,0.002970350178264294,159,4,71
cast19,inv,15,0.01,active_cv,270,1183,924,0,0,0.007029649821735706,0.17281610355103041,0.0595414520196018,0.011816363461100307,0.002970350178264294,159,4,71
cast19,inv,15,0.01,weighted_cvl,270,1204,924,0,0,0.007029649821735706,0.0595414520196018,0.0595414520196018,0.011816363461100307,0.002970350178264294,159,4,71
cast19,inv,15,0.01,uniform,271,1258,942,0,0,0.0028862044812550947,0.07811206660699928,0.03455267186923489,0.022749339413745795,0.0071137955187449056,159,4,86
cast19,inv,15,0.01,uniform_nz,271,1280,942,0,0,0.0028862044812550947,0.03695160120298645,0.03455267186923489,0.022749339413745795,0.0071137955187449056,159,4,86
cast19,inv,15,0.01,weighted,271,1298,942,0,0,0.0028862044812550947,0.03455267186923489,0.03455267186923489,0.022749339413745795,0.0071137955187449056,159,4,86
cast19,inv,15,0.01,active_judge,271,1297,942,0,0,0.0028862044812550947,0.08651797292847518,0.03455267186923489,0.022749339413745795,0.0071137955187449056,159,4,86
cast19,inv,15,0.01,strat_pilot,271,1262,942,0,0,0.0028862044812550947,0.03449366608104823,0.03455267186923489,0.022749339413745795,0.0071137955187449056,159,4,86
cast19,inv,15,0.01,weighted_cv,271,1288,942,0,0,0.0028862044812550947,0.04786204531163979,0.03455267186923489,0.022749339413745795,0.0071137955187449056,159,4,86
cast19,inv,15,0.01,active_cv,271,1296,942,0,0,0.0028862044812550947,0.10738071384205314,0.03455267186923489,0.022749339413745795,0.0071137955187449056,159,4,86
cast19,inv,15,0.01,weighted_cvl,271,1287,942,0,0,0.0028862044812550947,0.03455267186923489,0.03455267186923489,0.022749339413745795,0.0071137955187449056,159,4,86
cast19,inv,15,0.01,uniform,272,1279,924,0,0,0.006229960069366325,0.19124821103724013,0.048647628712827504,0.026031165985567664,0.0037700399306336754,159,4,86
cast19,inv,15,0.01,uniform_nz,272,1268,924,0,0,0.006229960069366325,0.09621498791900376,0.048647628712827504,0.026031165985567664,0.0037700399306336754,159,4,86
cast19,inv,15,0.01,weighted,272,1285,924,0,0,0.006229960069366325,0.048647628712827504,0.048647628712827504,0.026031165985567664,0.0037700399306336754,159,4,86
cast19,inv,15,0.01,active_judge,272,1269,924,0,0,0.006229960069366325,0.10340862580825001,0.048647628712827504,0.026031165985567664,0.0037700399306336754,159,4,86
cast19,inv,15,0.01,strat_pilot,272,1262,924,0,0,0.006229960069366325,0.0485194327139024,0.048647628712827504,0.026031165985567664,0.0037700399306336754,159,4,86
cast19,inv,15,0.01,weighted_cv,272,1279,924,0,0,0.006229960069366325,0.05650866931587426,0.048647628712827504,0.026031165985567664,0.0037700399306336754,159,4,86
cast19,inv,15,0.01,active_cv,272,1253,924,0,0,0.006229960069366325,0.11620559887794393,0.048647628712827504,0.026031165985567664,0.0037700399306336754,159,4,86
cast19,inv,15,0.01,weighted_cvl,272,1269,924,0,0,0.006229960069366325,0.04870712100958864,0.048647628712827504,0.026031165985567664,0.0037700399306336754,159,4,86
cast19,inv,15,0.01,uniform,273,1414,1040,0,0,0.0,0.739032047059352,0.08492432866817902,0.057646347659471915,0.01,159,4,86
cast19,inv,15,0.01,uniform_nz,273,1407,1040,0,0,0.0,0.30002169561445136,0.08492432866817902,0.057646347659471915,0.01,159,4,86
cast19,inv,15,0.01,weighted,273,1356,1040,0,0,0.0,0.08492432866817902,0.08492432866817902,0.057646347659471915,0.01,159,4,86
cast19,inv,15,0.01,active_judge,273,1394,1040,0,0,0.0,0.18925340609671468,0.08492432866817902,0.057646347659471915,0.01,159,4,86
cast19,inv,15,0.01,strat_pilot,273,1366,1040,0,0,0.0,0.08487259934728511,0.08492432866817902,0.057646347659471915,0.01,159,4,86
cast19,inv,15,0.01,weighted_cv,273,1389,1040,0,0,0.0,0.09320424756703471,0.08492432866817902,0.057646347659471915,0.01,159,4,86
cast19,inv,15,0.01,active_cv,273,1404,1040,0,0,0.0,0.19631837351301193,0.08492432866817902,0.057646347659471915,0.01,159,4,86
cast19,inv,15,0.01,weighted_cvl,273,1393,1040,0,0,0.0,0.08492432866817902,0.08492432866817902,0.057646347659471915,0.01,159,4,86
cast19,inv,15,0.01,uniform,274,1308,973,0,0,0.0,0.7160925998274339,0.08948132235521741,0.03868221895874189,0.01,159,4,86
cast19,inv,15,0.01,uniform_nz,274,1310,973,0,0,0.0,0.30743660684196095,0.08948132235521741,0.03868221895874189,0.01,159,4,86
cast19,inv,15,0.01,weighted,274,1315,973,0,0,0.0,0.08948132235521741,0.08948132235521741,0.03868221895874189,0.01,159,4,86
cast19,inv,15,0.01,active_judge,274,1317,973,0,0,0.0,0.172867818622096,0.08948132235521741,0.03868221895874189,0.01,159,4,86
cast19,inv,15,0.01,strat_pilot,274,1323,973,0,0,0.0,0.08947986986227914,0.08948132235521741,0.03868221895874189,0.01,159,4,86
cast19,inv,15,0.01,weighted_cv,274,1330,973,0,0,0.0,0.092805167347633,0.08948132235521741,0.03868221895874189,0.01,159,4,86
cast19,inv,15,0.01,active_cv,274,1321,973,0,0,0.0,0.17538286797605213,0.08948132235521741,0.03868221895874189,0.01,159,4,86
cast19,inv,15,0.01,weighted_cvl,274,1300,973,1,0,0.0,0.08948132235521741,0.08948132235521741,0.03868221895874189,0.01,159,4,86
cast19,inv,15,0.01,uniform,275,1246,946,0,0,0.0,0.29923821450478494,0.019253342136680483,0.003917330508291599,0.01,159,4,73
cast19,inv,15,0.01,uniform_nz,275,1221,946,0,0,0.0,0.09116629810793678,0.019253342136680483,0.003917330508291599,0.01,159,4,73
cast19,inv,15,0.01,weighted,275,1256,946,0,0,0.0,0.019253342136680483,0.019253342136680483,0.003917330508291599,0.01,159,4,73
cast19,inv,15,0.01,active_judge,275,1218,946,0,0,0.0,0.06471449951896908,0.019253342136680483,0.003917330508291599,0.01,159,4,73
cast19,inv,15,0.01,strat_pilot,275,1205,946,0,0,0.0,0.01864313497681406,0.019253342136680483,0.003917330508291599,0.01,159,4,73
cast19,inv,15,0.01,weighted_cv,275,1242,946,0,0,0.0,0.022079919711850925,0.019253342136680483,0.003917330508291599,0.01,159,4,73
cast19,inv,15,0.01,active_cv,275,1238,946,0,0,0.0,0.06860510710573414,0.019253342136680483,0.003917330508291599,0.01,159,4,73
cast19,inv,15,0.01,weighted_cvl,275,1234,946,0,0,0.0,0.019256194749270795,0.019253342136680483,0.003917330508291599,0.01,159,4,73
cast19,inv,15,0.01,uniform,276,1263,974,0,0,0.005882053198852377,0.6617770003267804,0.052325918019682435,0.02109161441002874,0.004117946801147623,159,4,71
cast19,inv,15,0.01,uniform_nz,276,1274,974,0,0,0.005882053198852377,0.1762748779204913,0.052325918019682435,0.02109161441002874,0.004117946801147623,159,4,71
cast19,inv,15,0.01,weighted,276,1254,974,0,0,0.005882053198852377,0.052325918019682435,0.052325918019682435,0.02109161441002874,0.004117946801147623,159,4,71
cast19,inv,15,0.01,active_judge,276,1243,974,0,0,0.005882053198852377,0.11392937128730554,0.052325918019682435,0.02109161441002874,0.004117946801147623,159,4,71
cast19,inv,15,0.01,strat_pilot,276,1227,974,0,0,0.005882053198852377,0.05233199380017446,0.052325918019682435,0.02109161441002874,0.004117946801147623,159,4,71
cast19,inv,15,0.01,weighted_cv,276,1254,974,0,0,0.005882053198852377,0.05598663527912663,0.052325918019682435,0.02109161441002874,0.004117946801147623,159,4,71
cast19,inv,15,0.01,active_cv,276,1255,974,0,0,0.005882053198852377,0.11638944149482786,0.052325918019682435,0.02109161441002874,0.004117946801147623,159,4,71
cast19,inv,15,0.01,weighted_cvl,276,1236,974,0,0,0.005882053198852377,0.052325918019682435,0.052325918019682435,0.02109161441002874,0.004117946801147623,159,4,71
cast19,inv,15,0.01,uniform,277,1301,961,0,0,0.0,0.3800632336059375,0.0839161903180864,0.04860595204265282,0.01,159,4,86
cast19,inv,15,0.01,uniform_nz,277,1317,961,0,0,0.0,0.19188877781520794,0.0839161903180864,0.04860595204265282,0.01,159,4,86
cast19,inv,15,0.01,weighted,277,1276,961,0,0,0.0,0.0839161903180864,0.0839161903180864,0.04860595204265282,0.01,159,4,86
cast19,inv,15,0.01,active_judge,277,1300,961,0,0,0.0,0.1823762866783482,0.0839161903180864,0.04860595204265282,0.01,159,4,86
cast19,inv,15,0.01,strat_pilot,277,1293,961,0,0,0.0,0.08405453748790895,0.0839161903180864,0.04860595204265282,0.01,159,4,86
cast19,inv,15,0.01,weighted_cv,277,1290,961,0,0,0.0,0.09609676028228756,0.0839161903180864,0.04860595204265282,0.01,159,4,86
cast19,inv,15,0.01,active_cv,277,1304,961,1,0,0.0,0.2067466224376165,0.0839161903180864,0.04860595204265282,0.01,159,4,86
cast19,inv,15,0.01,weighted_cvl,277,1323,961,0,0,0.0,0.0839161903180864,0.0839161903180864,0.04860595204265282,0.01,159,4,86
cast19,inv,15,0.01,uniform,278,1347,1002,1,0,0.00898338745149685,0.06342063103636339,0.02498597128192833,0.021368537104823955,0.001016612548503151,159,4,86
cast19,inv,15,0.01,uniform_nz,278,1335,1002,0,0,0.00898338745149685,0.02749170523000353,0.02498597128192833,0.021368537104823955,0.001016612548503151,159,4,86
cast19,inv,15,0.01,weighted,278,1336,1002,0,0,0.00898338745149685,0.02498597128192833,0.02498597128192833,0.021368537104823955,0.001016612548503151,159,4,86
cast19,inv,15,0.01,active_judge,278,1358,1002,0,0,0.00898338745149685,0.05620194562298839,0.02498597128192833,0.021368537104823955,0.001016612548503151,159,4,86
cast19,inv,15,0.01,strat_pilot,278,1342,1002,0,0,0.00898338745149685,0.0250018336317731,0.02498597128192833,0.021368537104823955,0.001016612548503151,159,4,86
cast19,inv,15,0.01,weighted_cv,278,1357,1002,0,0,0.00898338745149685,0.031887443723177804,0.02498597128192833,0.021368537104823955,0.001016612548503151,159,4,86
cast19,inv,15,0.01,active_cv,278,1347,1002,0,0,0.00898338745149685,0.06739289816789887,0.02498597128192833,0.021368537104823955,0.001016612548503151,159,4,86
cast19,inv,15,0.01,weighted_cvl,278,1344,1002,0,0,0.00898338745149685,0.02498597128192833,0.02498597128192833,0.021368537104823955,0.001016612548503151,159,4,86
cast19,inv,15,0.01,uniform,279,1481,1006,0,0,0.0,0.21561408232101406,0.10633026063533442,0.027260853523691717,0.01,159,4,119
cast19,inv,15,0.01,uniform_nz,279,1496,1006,0,0,0.0,0.1522194245818127,0.10633026063533442,0.027260853523691717,0.01,159,4,119
cast19,inv,15,0.01,weighted,279,1500,1006,0,0,0.0,0.10633026063533442,0.10633026063533442,0.027260853523691717,0.01,159,4,119
cast19,inv,15,0.01,active_judge,279,1472,1006,0,0,0.0,0.22173213836806624,0.10633026063533442,0.027260853523691717,0.01,159,4,119
cast19,inv,15,0.01,strat_pilot,279,1458,1006,0,0,0.0,0.10636000073832971,0.10633026063533442,0.027260853523691717,0.01,159,4,119
cast19,inv,15,0.01,weighted_cv,279,1453,1006,0,0,0.0,0.13785187116303352,0.10633026063533442,0.027260853523691717,0.01,159,4,119
cast19,inv,15,0.01,active_cv,279,1493,1006,0,0,0.0,0.30150665040672625,0.10633026063533442,0.027260853523691717,0.01,159,4,119
cast19,inv,15,0.01,weighted_cvl,279,1490,1006,0,0,0.0,0.10633026063533442,0.10633026063533442,0.027260853523691717,0.01,159,4,119
cast19,inv,15,0.01,uniform,280,1237,912,0,0,0.0,1.1122257325002023,0.09161863045938498,0.046198854966269826,0.01,159,4,86
cast19,inv,15,0.01,uniform_nz,280,1267,912,0,0,0.0,0.5316884600299434,0.09161863045938498,0.046198854966269826,0.01,159,4,86
cast19,inv,15,0.01,weighted,280,1271,912,0,0,0.0,0.09161863045938498,0.09161863045938498,0.046198854966269826,0.01,159,4,86
cast19,inv,15,0.01,active_judge,280,1261,912,0,0,0.0,0.24779197180731813,0.09161863045938498,0.046198854966269826,0.01,159,4,86
cast19,inv,15,0.01,strat_pilot,280,1231,912,0,0,0.0,0.09156305705815486,0.09161863045938498,0.046198854966269826,0.01,159,4,86
cast19,inv,15,0.01,weighted_cv,280,1256,912,0,0,0.0,0.10028994410649146,0.09161863045938498,0.046198854966269826,0.01,159,4,86
cast19,inv,15,0.01,active_cv,280,1242,912,0,0,0.0,0.26517040714692885,0.09161863045938498,0.046198854966269826,0.01,159,4,86
cast19,inv,15,0.01,weighted_cvl,280,1260,912,0,0,0.0,0.09161863045938498,0.09161863045938498,0.046198854966269826,0.01,159,4,86
cast19,inv,15,0.01,uniform,281,1255,922,0,0,0.0,0.9753409511585467,0.11508345703938287,0.023563443708567534,0.01,159,4,86
cast19,inv,15,0.01,uniform_nz,281,1264,922,0,0,0.0,0.5056171066315193,0.11508345703938287,0.023563443708567534,0.01,159,4,86
cast19,inv,15,0.01,weighted,281,1250,922,0,0,0.0,0.11508345703938287,0.11508345703938287,0.023563443708567534,0.01,159,4,86
cast19,inv,15,0.01,active_judge,281,1256,922,0,0,0.0,0.30811470315578465,0.11508345703938287,0.023563443708567534,0.01,159,4,86
cast19,inv,15,0.01,strat_pilot,281,1231,922,0,0,0.0,0.11509462283117056,0.11508345703938287,0.023563443708567534,0.01,159,4,86
cast19,inv,15,0.01,weighted_cv,281,1286,922,0,0,0.0,0.12229836587423618,0.11508345703938287,0.023563443708567534,0.01,159,4,86
cast19,inv,15,0.01,active_cv,281,1259,922,0,0,0.0,0.33188721407549815,0.11508345703938287,0.023563443708567534,0.01,159,4,86
cast19,inv,15,0.01,weighted_cvl,281,1255,922,0,0,0.0,0.11508345703938287,0.11508345703938287,0.023563443708567534,0.01,159,4,86
cast19,inv,15,0.01,uniform,282,1253,944,0,0,0.001460747514514471,0.8212839853601992,0.10741489080342617,0.06822796900494102,0.00853925248548553,159,4,86
cast19,inv,15,0.01,uniform_nz,282,1287,944,0,0,0.001460747514514471,0.4214176137919566,0.10741489080342617,0.06822796900494102,0.00853925248548553,159,4,86
cast19,inv,15,0.01,weighted,282,1271,944,0,0,0.001460747514514471,0.10741489080342617,0.10741489080342617,0.06822796900494102,0.00853925248548553,159,4,86
cast19,inv,15,0.01,active_judge,282,1303,944,0,0,0.001460747514514471,0.30764270780484115,0.10741489080342617,0.06822796900494102,0.00853925248548553,159,4,86
cast19,inv,15,0.01,strat_pilot,282,1270,944,0,0,0.001460747514514471,0.10743210328051338,0.10741489080342617,0.06822796900494102,0.00853925248548553,159,4,86
cast19,inv,15,0.01,weighted_cv,282,1286,944,0,0,0.001460747514514471,0.12008888608193627,0.10741489080342617,0.06822796900494102,0.00853925248548553,159,4,86
cast19,inv,15,0.01,active_cv,282,1284,944,0,0,0.001460747514514471,0.33655039593800623,0.10741489080342617,0.06822796900494102,0.00853925248548553,159,4,86
cast19,inv,15,0.01,weighted_cvl,282,1316,944,0,0,0.001460747514514471,0.10741489080342617,0.10741489080342617,0.06822796900494102,0.00853925248548553,159,4,86
cast19,inv,15,0.01,uniform,283,1194,932,0,0,0.009221058529358062,0.33236518355525263,0.03853441877376153,0.01992589992155884,0.0007789414706419386,159,4,69
cast19,inv,15,0.01,uniform_nz,283,1203,932,0,0,0.009221058529358062,0.09710336264325006,0.03853441877376153,0.01992589992155884,0.0007789414706419386,159,4,69
cast19,inv,15,0.01,weighted,283,1191,932,0,0,0.009221058529358062,0.03853441877376153,0.03853441877376153,0.01992589992155884,0.0007789414706419386,159,4,69
cast19,inv,15,0.01,active_judge,283,1193,932,0,0,0.009221058529358062,0.1090564391295155,0.03853441877376153,0.01992589992155884,0.0007789414706419386,159,4,69
cast19,inv,15,0.01,strat_pilot,283,1180,932,0,0,0.009221058529358062,0.03833274834127128,0.03853441877376153,0.01992589992155884,0.0007789414706419386,159,4,69
cast19,inv,15,0.01,weighted_cv,283,1191,932,0,0,0.009221058529358062,0.049156645627905025,0.03853441877376153,0.01992589992155884,0.0007789414706419386,159,4,69
cast19,inv,15,0.01,active_cv,283,1163,932,0,0,0.009221058529358062,0.13376349759882405,0.03853441877376153,0.01992589992155884,0.0007789414706419386,159,4,69
cast19,inv,15,0.01,weighted_cvl,283,1230,932,0,0,0.009221058529358062,0.03853441877376153,0.03853441877376153,0.01992589992155884,0.0007789414706419386,159,4,69
cast19,inv,15,0.01,uniform,284,1440,949,0,0,0.00898338745149685,0.11708784112501407,0.059661844339509676,0.04755805985777011,0.001016612548503151,159,4,119
cast19,inv,15,0.01,uniform_nz,284,1398,949,0,0,0.00898338745149685,0.07173638500643316,0.059661844339509676,0.04755805985777011,0.001016612548503151,159,4,119
cast19,inv,15,0.01,weighted,284,1430,949,0,0,0.00898338745149685,0.059661844339509676,0.059661844339509676,0.04755805985777011,0.001016612548503151,159,4,119
cast19,inv,15,0.01,active_judge,284,1433,949,0,0,0.00898338745149685,0.2011253106821052,0.059661844339509676,0.04755805985777011,0.001016612548503151,159,4,119
cast19,inv,15,0.01,strat_pilot,284,1420,949,0,0,0.00898338745149685,0.05921731455649144,0.059661844339509676,0.04755805985777011,0.001016612548503151,159,4,119
cast19,inv,15,0.01,weighted_cv,284,1397,949,0,0,0.00898338745149685,0.1011455467402473,0.059661844339509676,0.04755805985777011,0.001016612548503151,159,4,119
cast19,inv,15,0.01,active_cv,284,1454,949,0,0,0.00898338745149685,0.27522374516322856,0.059661844339509676,0.04755805985777011,0.001016612548503151,159,4,119
cast19,inv,15,0.01,weighted_cvl,284,1428,949,0,0,0.00898338745149685,0.059661844339509676,0.059661844339509676,0.04755805985777011,0.001016612548503151,159,4,119
cast19,inv,15,0.01,uniform,285,1458,957,0,0,0.016252970406085032,0.16824976179314338,0.08003374356038337,0.022992635819732335,-0.006252970406085032,159,4,119
cast19,inv,15,0.01,uniform_nz,285,1432,957,0,0,0.016252970406085032,0.10208197577528885,0.08003374356038337,0.022992635819732335,-0.006252970406085032,159,4,119
cast19,inv,15,0.01,weighted,285,1414,957,0,0,0.016252970406085032,0.08003374356038337,0.08003374356038337,0.022992635819732335,-0.006252970406085032,159,4,119
cast19,inv,15,0.01,active_judge,285,1445,957,0,0,0.016252970406085032,0.18685436179135195,0.08003374356038337,0.022992635819732335,-0.006252970406085032,159,4,119
cast19,inv,15,0.01,strat_pilot,285,1420,957,0,0,0.016252970406085032,0.07984036665346708,0.08003374356038337,0.022992635819732335,-0.006252970406085032,159,4,119
cast19,inv,15,0.01,weighted_cv,285,1422,957,0,0,0.016252970406085032,0.11057396671678424,0.08003374356038337,0.022992635819732335,-0.006252970406085032,159,4,119
cast19,inv,15,0.01,active_cv,285,1475,957,0,0,0.016252970406085032,0.2591578193708173,0.08003374356038337,0.022992635819732335,-0.006252970406085032,159,4,119
cast19,inv,15,0.01,weighted_cvl,285,1435,957,0,0,0.016252970406085032,0.08087607897944885,0.08003374356038337,0.022992635819732335,-0.006252970406085032,159,4,119
cast19,inv,15,0.01,uniform,286,1348,1001,0,0,0.0,0.09700474008869191,0.042864667687285134,0.03813737961957777,0.01,159,4,86
cast19,inv,15,0.01,uniform_nz,286,1366,1001,0,0,0.0,0.046876414537566934,0.042864667687285134,0.03813737961957777,0.01,159,4,86
cast19,inv,15,0.01,weighted,286,1329,1001,0,0,0.0,0.042864667687285134,0.042864667687285134,0.03813737961957777,0.01,159,4,86
cast19,inv,15,0.01,active_judge,286,1336,1001,0,0,0.0,0.08585431174686946,0.042864667687285134,0.03813737961957777,0.01,159,4,86
cast19,inv,15,0.01,strat_pilot,286,1334,1001,0,0,0.0,0.04286223605541421,0.042864667687285134,0.03813737961957777,0.01,159,4,86
cast19,inv,15,0.01,weighted_cv,286,1340,1001,0,0,0.0,0.052318557482420314,0.042864667687285134,0.03813737961957777,0.01,159,4,86
cast19,inv,15,0.01,active_cv,286,1326,1001,0,0,0.0,0.11292130549710584,0.042864667687285134,0.03813737961957777,0.01,159,4,86
cast19,inv,15,0.01,weighted_cvl,286,1327,1001,0,0,0.0,0.042864667687285134,0.042864667687285134,0.03813737961957777,0.01,159,4,86
cast19,inv,15,0.01,uniform,287,1171,910,0,0,0.0,0.1694169439030738,0.0313890199426206,0.02233402412001483,0.01,159,4,69
cast19,inv,15,0.01,uniform_nz,287,1185,910,0,0,0.0,0.06374976440349953,0.0313890199426206,0.02233402412001483,0.01,159,4,69
cast19,inv,15,0.01,weighted,287,1172,910,0,0,0.0,0.0313890199426206,0.0313890199426206,0.02233402412001483,0.01,159,4,69
cast19,inv,15,0.01,active_judge,287,1185,910,0,0,0.0,0.07770115032760679,0.0313890199426206,0.02233402412001483,0.01,159,4,69
cast19,inv,15,0.01,strat_pilot,287,1198,910,0,0,0.0,0.03134149817808901,0.0313890199426206,0.02233402412001483,0.01,159,4,69
cast19,inv,15,0.01,weighted_cv,287,1188,910,0,0,0.0,0.03590926752767507,0.0313890199426206,0.02233402412001483,0.01,159,4,69
cast19,inv,15,0.01,active_cv,287,1171,910,0,0,0.0,0.08407998745014175,0.0313890199426206,0.02233402412001483,0.01,159,4,69
cast19,inv,15,0.01,weighted_cvl,287,1180,910,0,0,0.0,0.0313609054321767,0.0313890199426206,0.02233402412001483,0.01,159,4,69
cast19,inv,15,0.01,uniform,288,1295,938,0,0,0.0,0.23065394902974123,0.06567438600182463,0.010173554823827409,0.01,159,4,86
cast19,inv,15,0.01,uniform_nz,288,1297,938,0,0,0.0,0.0932026776010054,0.06567438600182463,0.010173554823827409,0.01,159,4,86
cast19,inv,15,0.01,weighted,288,1298,938,0,0,0.0,0.06567438600182463,0.06567438600182463,0.010173554823827409,0.01,159,4,86
cast19,inv,15,0.01,active_judge,288,1268,938,0,0,0.0,0.18786882124366913,0.06567438600182463,0.010173554823827409,0.01,159,4,86
cast19,inv,15,0.01,strat_pilot,288,1280,938,0,0,0.0,0.06535559834048031,0.06567438600182463,0.010173554823827409,0.01,159,4,86
cast19,inv,15,0.01,weighted_cv,288,1273,938,0,0,0.0,0.07788439806140733,0.06567438600182463,0.010173554823827409,0.01,159,4,86
cast19,inv,15,0.01,active_cv,288,1280,938,0,0,0.0,0.20879364910700965,0.06567438600182463,0.010173554823827409,0.01,159,4,86
cast19,inv,15,0.01,weighted_cvl,288,1283,938,1,0,0.0,0.06567438600182463,0.06567438600182463,0.010173554823827409,0.01,159,4,86
cast19,inv,15,0.01,uniform,289,1306,981,0,0,0.0,0.4077480359353203,0.07706588573349286,0.03527380708835144,0.01,159,4,86
cast19,inv,15,0.01,uniform_nz,289,1340,981,0,0,0.0,0.18192067549194915,0.07706588573349286,0.03527380708835144,0.01,159,4,86
cast19,inv,15,0.01,weighted,289,1312,981,0,0,0.0,0.07706588573349286,0.07706588573349286,0.03527380708835144,0.01,159,4,86
cast19,inv,15,0.01,active_judge,289,1335,981,0,0,0.0,0.16623043256099998,0.07706588573349286,0.03527380708835144,0.01,159,4,86
cast19,inv,15,0.01,strat_pilot,289,1327,981,0,0,0.0,0.07692875933260865,0.07706588573349286,0.03527380708835144,0.01,159,4,86
cast19,inv,15,0.01,weighted_cv,289,1337,981,0,0,0.0,0.09243345108097648,0.07706588573349286,0.03527380708835144,0.01,159,4,86
cast19,inv,15,0.01,active_cv,289,1323,981,0,0,0.0,0.21794200279048734,0.07706588573349286,0.03527380708835144,0.01,159,4,86
cast19,inv,15,0.01,weighted_cvl,289,1331,981,0,0,0.0,0.07706588573349286,0.07706588573349286,0.03527380708835144,0.01,159,4,86
cast19,inv,15,0.01,uniform,290,1357,999,0,0,0.0,1.2501324773498548,0.11777884821500306,0.06596638111032714,0.01,159,4,86
cast19,inv,15,0.01,uniform_nz,290,1327,999,0,0,0.0,0.5682280396418256,0.11777884821500306,0.06596638111032714,0.01,159,4,86
cast19,inv,15,0.01,weighted,290,1326,999,0,0,0.0,0.11777884821500306,0.11777884821500306,0.06596638111032714,0.01,159,4,86
cast19,inv,15,0.01,active_judge,290,1347,999,0,0,0.0,0.2664035676268366,0.11777884821500306,0.06596638111032714,0.01,159,4,86
cast19,inv,15,0.01,strat_pilot,290,1328,999,0,0,0.0,0.1177783664617595,0.11777884821500306,0.06596638111032714,0.01,159,4,86
cast19,inv,15,0.01,weighted_cv,290,1356,999,0,0,0.0,0.13195635368185193,0.11777884821500306,0.06596638111032714,0.01,159,4,86
cast19,inv,15,0.01,active_cv,290,1359,999,0,0,0.0,0.294295422533723,0.11777884821500306,0.06596638111032714,0.01,159,4,86
cast19,inv,15,0.01,weighted_cvl,290,1341,999,0,0,0.0,0.11777884821500306,0.11777884821500306,0.06596638111032714,0.01,159,4,86
cast19,inv,15,0.01,uniform,291,1483,1007,0,0,0.012102371303914339,0.15207400901341725,0.0760155381401159,0.04106023611751165,-0.0021023713039143386,159,4,119
cast19,inv,15,0.01,uniform_nz,291,1486,1007,0,0,0.012102371303914339,0.08971211548038553,0.0760155381401159,0.04106023611751165,-0.0021023713039143386,159,4,119
cast19,inv,15,0.01,weighted,291,1494,1007,0,0,0.012102371303914339,0.0760155381401159,0.0760155381401159,0.04106023611751165,-0.0021023713039143386,159,4,119
cast19,inv,15,0.01,active_judge,291,1476,1007,0,0,0.012102371303914339,0.18404116989444014,0.0760155381401159,0.04106023611751165,-0.0021023713039143386,159,4,119
cast19,inv,15,0.01,strat_pilot,291,1472,1007,0,0,0.012102371303914339,0.07588360289469073,0.0760155381401159,0.04106023611751165,-0.0021023713039143386,159,4,119
cast19,inv,15,0.01,weighted_cv,291,1488,1007,0,0,0.012102371303914339,0.10276478043694384,0.0760155381401159,0.04106023611751165,-0.0021023713039143386,159,4,119
cast19,inv,15,0.01,active_cv,291,1486,1007,0,0,0.012102371303914339,0.23552951300190514,0.0760155381401159,0.04106023611751165,-0.0021023713039143386,159,4,119
cast19,inv,15,0.01,weighted_cvl,291,1478,1007,0,0,0.012102371303914339,0.0760155381401159,0.0760155381401159,0.04106023611751165,-0.0021023713039143386,159,4,119
cast19,inv,15,0.01,uniform,292,1332,1038,0,0,0.0,0.17718698891816495,0.028780285618958568,0.032585299976940846,0.01,159,4,72
cast19,inv,15,0.01,uniform_nz,292,1308,1038,0,0,0.0,0.061055316826653064,0.028780285618958568,0.032585299976940846,0.01,159,4,72
cast19,inv,15,0.01,weighted,292,1295,1038,1,0,0.0,0.028780285618958568,0.028780285618958568,0.032585299976940846,0.01,159,4,72
cast19,inv,15,0.01,active_judge,292,1300,1038,0,0,0.0,0.08323606117169587,0.028780285618958568,0.032585299976940846,0.01,159,4,72
cast19,inv,15,0.01,strat_pilot,292,1321,1038,0,0,0.0,0.02838024949243978,0.028780285618958568,0.032585299976940846,0.01,159,4,72
cast19,inv,15,0.01,weighted_cv,292,1314,1038,1,0,0.0,0.035460800658393965,0.028780285618958568,0.032585299976940846,0.01,159,4,72
cast19,inv,15,0.01,active_cv,292,1324,1038,0,0,0.0,0.10810721843535812,0.028780285618958568,0.032585299976940846,0.01,159,4,72
cast19,inv,15,0.01,weighted_cvl,292,1316,1038,0,0,0.0,0.028780285618958568,0.028780285618958568,0.032585299976940846,0.01,159,4,72
cast19,inv,15,0.01,uniform,293,1276,910,0,0,0.0,0.24970394602682155,0.06082631996649551,0.01541526125046788,0.01,159,4,86
cast19,inv,15,0.01,uniform_nz,293,1239,910,0,0,0.0,0.11463980944652294,0.06082631996649551,0.01541526125046788,0.01,159,4,86
cast19,inv,15,0.01,weighted,293,1270,910,0,0,0.0,0.06082631996649551,0.06082631996649551,0.01541526125046788,0.01,159,4,86
cast19,inv,15,0.01,active_judge,293,1266,910,0,0,0.0,0.19656378273135308,0.06082631996649551,0.01541526125046788,0.01,159,4,86
cast19,inv,15,0.01,strat_pilot,293,1240,910,1,0,0.0,0.06085587150901024,0.06082631996649551,0.01541526125046788,0.01,159,4,86
cast19,inv,15,0.01,weighted_cv,293,1267,910,0,0,0.0,0.0731337066734774,0.06082631996649551,0.01541526125046788,0.01,159,4,86
cast19,inv,15,0.01,active_cv,293,1250,910,0,0,0.0,0.21466304545704823,0.06082631996649551,0.01541526125046788,0.01,159,4,86
cast19,inv,15,0.01,weighted_cvl,293,1230,910,0,0,0.0,0.06082631996649551,0.06082631996649551,0.01541526125046788,0.01,159,4,86
cast19,inv,15,0.01,uniform,294,1317,955,0,0,0.0,0.5602919497307546,0.05904932862897845,0.0350937469262614,0.01,159,4,86
cast19,inv,15,0.01,uniform_nz,294,1307,955,0,0,0.0,0.3064528027841458,0.05904932862897845,0.0350937469262614,0.01,159,4,86
cast19,inv,15,0.01,weighted,294,1297,955,0,0,0.0,0.05904932862897845,0.05904932862897845,0.0350937469262614,0.01,159,4,86
cast19,inv,15,0.01,active_judge,294,1302,955,0,0,0.0,0.142514430738351,0.05904932862897845,0.0350937469262614,0.01,159,4,86
cast19,inv,15,0.01,strat_pilot,294,1292,955,0,0,0.0,0.059035257533178995,0.05904932862897845,0.0350937469262614,0.01,159,4,86
cast19,inv,15,0.01,weighted_cv,294,1281,955,0,0,0.0,0.07212789994249436,0.05904932862897845,0.0350937469262614,0.01,159,4,86
cast19,inv,15,0.01,active_cv,294,1305,955,0,0,0.0,0.17953015087041116,0.05904932862897845,0.0350937469262614,0.01,159,4,86
cast19,inv,15,0.01,weighted_cvl,294,1272,955,0,0,0.0,0.05904932862897845,0.05904932862897845,0.0350937469262614,0.01,159,4,86
cast19,inv,15,0.01,uniform,295,1372,1023,1,0,0.0011446263300495252,0.09909133102102219,0.036327422511807615,0.019913162036883265,0.008855373669950475,159,4,86
cast19,inv,15,0.01,uniform_nz,295,1350,1023,0,0,0.0011446263300495252,0.040459139243637435,0.036327422511807615,0.019913162036883265,0.008855373669950475,159,4,86
cast19,inv,15,0.01,weighted,295,1350,1023,0,0,0.0011446263300495252,0.036327422511807615,0.036327422511807615,0.019913162036883265,0.008855373669950475,159,4,86
cast19,inv,15,0.01,active_judge,295,1335,1023,0,0,0.0011446263300495252,0.08078197373567203,0.036327422511807615,0.019913162036883265,0.008855373669950475,159,4,86
cast19,inv,15,0.01,strat_pilot,295,1366,1023,0,0,0.0011446263300495252,0.03631783035346806,0.036327422511807615,0.019913162036883265,0.008855373669950475,159,4,86
cast19,inv,15,0.01,weighted_cv,295,1350,1023,0,0,0.0011446263300495252,0.04452404411100318,0.036327422511807615,0.019913162036883265,0.008855373669950475,159,4,86
cast19,inv,15,0.01,active_cv,295,1358,1023,0,0,0.0011446263300495252,0.09931115052674067,0.036327422511807615,0.019913162036883265,0.008855373669950475,159,4,86
cast19,inv,15,0.01,weighted_cvl,295,1361,1023,0,0,0.0011446263300495252,0.036327422511807615,0.036327422511807615,0.019913162036883265,0.008855373669950475,159,4,86
cast19,inv,15,0.01,uniform,296,1314,942,0,0,0.0,0.9270930904164466,0.0954016800859848,0.05248295993158275,0.01,159,4,86
cast19,inv,15,0.01,uniform_nz,296,1286,942,0,0,0.0,0.3929300349847765,0.0954016800859848,0.05248295993158275,0.01,159,4,86
cast19,inv,15,0.01,weighted,296,1315,942,0,0,0.0,0.0954016800859848,0.0954016800859848,0.05248295993158275,0.01,159,4,86
cast19,inv,15,0.01,active_judge,296,1305,942,0,0,0.0,0.19639409986508105,0.0954016800859848,0.05248295993158275,0.01,159,4,86
cast19,inv,15,0.01,strat_pilot,296,1292,942,1,0,0.0,0.09537731033718219,0.0954016800859848,0.05248295993158275,0.01,159,4,86
cast19,inv,15,0.01,weighted_cv,296,1288,942,0,0,0.0,0.10398107684749265,0.0954016800859848,0.05248295993158275,0.01,159,4,86
cast19,inv,15,0.01,active_cv,296,1272,942,0,0,0.0,0.2220796545077271,0.0954016800859848,0.05248295993158275,0.01,159,4,86
cast19,inv,15,0.01,weighted_cvl,296,1265,942,0,0,0.0,0.0954016800859848,0.0954016800859848,0.05248295993158275,0.01,159,4,86
cast19,inv,15,0.01,uniform,297,1468,989,0,0,0.0,0.5162186773271563,0.12775000284874874,0.05292351759428014,0.01,159,4,119
cast19,inv,15,0.01,uniform_nz,297,1479,989,0,0,0.0,0.3037391409763391,0.12775000284874874,0.05292351759428014,0.01,159,4,119
cast19,inv,15,0.01,weighted,297,1463,989,0,0,0.0,0.12775000284874874,0.12775000284874874,0.05292351759428014,0.01,159,4,119
cast19,inv,15,0.01,active_judge,297,1470,989,0,0,0.0,0.2562344187982221,0.12775000284874874,0.05292351759428014,0.01,159,4,119
cast19,inv,15,0.01,strat_pilot,297,1493,989,0,0,0.0,0.1277602628459788,0.12775000284874874,0.05292351759428014,0.01,159,4,119
cast19,inv,15,0.01,weighted_cv,297,1478,989,0,0,0.0,0.16721198089506933,0.12775000284874874,0.05292351759428014,0.01,159,4,119
cast19,inv,15,0.01,active_cv,297,1483,989,0,0,0.0,0.35870311458454474,0.12775000284874874,0.05292351759428014,0.01,159,4,119
cast19,inv,15,0.01,weighted_cvl,297,1476,989,0,0,0.0,0.12775000284874874,0.12775000284874874,0.05292351759428014,0.01,159,4,119
cast19,inv,15,0.01,uniform,298,1275,928,0,0,0.0,0.4788346869558908,0.09093654970170031,0.04268663766013679,0.01,159,4,86
cast19,inv,15,0.01,uniform_nz,298,1274,928,0,0,0.0,0.20528206986516828,0.09093654970170031,0.04268663766013679,0.01,159,4,86
cast19,inv,15,0.01,weighted,298,1265,928,0,0,0.0,0.09093654970170031,0.09093654970170031,0.04268663766013679,0.01,159,4,86
cast19,inv,15,0.01,active_judge,298,1252,928,0,0,0.0,0.22417541008344752,0.09093654970170031,0.04268663766013679,0.01,159,4,86
cast19,inv,15,0.01,strat_pilot,298,1274,928,0,0,0.0,0.09093352501891838,0.09093654970170031,0.04268663766013679,0.01,159,4,86
cast19,inv,15,0.01,weighted_cv,298,1277,928,0,0,0.0,0.11439921339284273,0.09093654970170031,0.04268663766013679,0.01,159,4,86
cast19,inv,15,0.01,active_cv,298,1282,928,0,0,0.0,0.2758337484252219,0.09093654970170031,0.04268663766013679,0.01,159,4,86
cast19,inv,15,0.01,weighted_cvl,298,1256,928,0,0,0.0,0.09093654970170031,0.09093654970170031,0.04268663766013679,0.01,159,4,86
cast19,inv,15,0.01,uniform,299,1436,951,0,0,0.0,0.30092748545299164,0.09999734087629347,0.021322610623997092,0.01,159,4,119
cast19,inv,15,0.01,uniform_nz,299,1436,951,0,0,0.0,0.1657193569199229,0.09999734087629347,0.021322610623997092,0.01,159,4,119
cast19,inv,15,0.01,weighted,299,1410,951,0,0,0.0,0.09999734087629347,0.09999734087629347,0.021322610623997092,0.01,159,4,119
cast19,inv,15,0.01,active_judge,299,1441,951,0,0,0.0,0.253775069885487,0.09999734087629347,0.021322610623997092,0.01,159,4,119
cast19,inv,15,0.01,strat_pilot,299,1416,951,0,0,0.0,0.09993285566765504,0.09999734087629347,0.021322610623997092,0.01,159,4,119
cast19,inv,15,0.01,weighted_cv,299,1452,951,0,0,0.0,0.12560274343597055,0.09999734087629347,0.021322610623997092,0.01,159,4,119
cast19,inv,15,0.01,active_cv,299,1412,951,0,0,0.0,0.29654770416453236,0.09999734087629347,0.021322610623997092,0.01,159,4,119
cast19,inv,15,0.01,weighted_cvl,299,1433,951,0,0,0.0,0.09999734087629347,0.09999734087629347,0.021322610623997092,0.01,159,4,119
cast19,inv,15,0.02,uniform,0,1495,997,0,0,0.0,0.6927986999295002,0.10827422880710444,0.06897883358384435,0.02,159,4,119
cast19,inv,15,0.02,uniform_nz,0,1466,997,0,0,0.0,0.4978604886906261,0.10827422880710444,0.06897883358384435,0.02,159,4,119
cast19,inv,15,0.02,weighted,0,1514,997,1,0,0.0,0.10827422880710444,0.10827422880710444,0.06897883358384435,0.02,159,4,119
cast19,inv,15,0.02,active_judge,0,1457,997,0,0,0.0,0.3039804706471477,0.10827422880710444,0.06897883358384435,0.02,159,4,119
cast19,inv,15,0.02,strat_pilot,0,1462,997,0,0,0.0,0.10819641822018444,0.10827422880710444,0.06897883358384435,0.02,159,4,119
cast19,inv,15,0.02,weighted_cv,0,1466,997,1,0,0.0,0.15428022614755535,0.10827422880710444,0.06897883358384435,0.02,159,4,119
cast19,inv,15,0.02,active_cv,0,1482,997,0,0,0.0,0.37062053648000826,0.10827422880710444,0.06897883358384435,0.02,159,4,119
cast19,inv,15,0.02,weighted_cvl,0,1498,997,0,0,0.0,0.10827422880710444,0.10827422880710444,0.06897883358384435,0.02,159,4,119
cast19,inv,15,0.02,uniform,1,1325,967,0,0,0.0,0.15648599201470423,0.05553376307333356,0.027396909849696227,0.02,159,4,86
cast19,inv,15,0.02,uniform_nz,1,1320,967,1,0,0.0,0.06373653035624785,0.05553376307333356,0.027396909849696227,0.02,159,4,86
cast19,inv,15,0.02,weighted,1,1317,967,0,0,0.0,0.05553376307333356,0.05553376307333356,0.027396909849696227,0.02,159,4,86
cast19,inv,15,0.02,active_judge,1,1317,967,0,0,0.0,0.12360052536969116,0.05553376307333356,0.027396909849696227,0.02,159,4,86
cast19,inv,15,0.02,strat_pilot,1,1328,967,0,0,0.0,0.05546453668034983,0.05553376307333356,0.027396909849696227,0.02,159,4,86
cast19,inv,15,0.02,weighted_cv,1,1324,967,0,0,0.0,0.06946006646191974,0.05553376307333356,0.027396909849696227,0.02,159,4,86
cast19,inv,15,0.02,active_cv,1,1323,967,0,0,0.0,0.1662195267936967,0.05553376307333356,0.027396909849696227,0.02,159,4,86
cast19,inv,15,0.02,weighted_cvl,1,1324,967,0,0,0.0,0.05553376307333356,0.05553376307333356,0.027396909849696227,0.02,159,4,86
cast19,inv,15,0.02,uniform,2,1310,958,0,0,0.0,0.1758310051967095,0.061166613415019014,0.06307997322057725,0.02,159,4,86
cast19,inv,15,0.02,uniform_nz,2,1297,958,0,0,0.0,0.07058064225889368,0.061166613415019014,0.06307997322057725,0.02,159,4,86
cast19,inv,15,0.02,weighted,2,1316,958,0,0,0.0,0.061166613415019014,0.061166613415019014,0.06307997322057725,0.02,159,4,86
cast19,inv,15,0.02,active_judge,2,1316,958,0,0,0.0,0.1417509167897483,0.061166613415019014,0.06307997322057725,0.02,159,4,86
cast19,inv,15,0.02,strat_pilot,2,1324,958,1,0,0.0,0.060838078113821394,0.061166613415019014,0.06307997322057725,0.02,159,4,86
cast19,inv,15,0.02,weighted_cv,2,1305,958,0,0,0.0,0.08654322796293593,0.061166613415019014,0.06307997322057725,0.02,159,4,86
cast19,inv,15,0.02,active_cv,2,1299,958,0,0,0.0,0.1803356607667771,0.061166613415019014,0.06307997322057725,0.02,159,4,86
cast19,inv,15,0.02,weighted_cvl,2,1291,958,0,0,0.0,0.061166613415019014,0.061166613415019014,0.06307997322057725,0.02,159,4,86
cast19,inv,15,0.02,uniform,3,1469,986,1,0,0.018814495781358354,0.0986861131706376,0.05696901846448614,0.0328876925286267,0.0011855042186416469,159,4,119
cast19,inv,15,0.02,uniform_nz,3,1482,986,0,0,0.018814495781358354,0.06318209108169975,0.05696901846448614,0.0328876925286267,0.0011855042186416469,159,4,119
cast19,inv,15,0.02,weighted,3,1448,986,0,0,0.018814495781358354,0.05696901846448614,0.05696901846448614,0.0328876925286267,0.0011855042186416469,159,4,119
cast19,inv,15,0.02,active_judge,3,1458,986,0,0,0.018814495781358354,0.1145495297783929,0.05696901846448614,0.0328876925286267,0.0011855042186416469,159,4,119
cast19,inv,15,0.02,strat_pilot,3,1445,986,0,0,0.018814495781358354,0.05698590120906146,0.05696901846448614,0.0328876925286267,0.0011855042186416469,159,4,119
cast19,inv,15,0.02,weighted_cv,3,1461,986,0,0,0.018814495781358354,0.06841292372735129,0.05696901846448614,0.0328876925286267,0.0011855042186416469,159,4,119
cast19,inv,15,0.02,active_cv,3,1443,986,0,0,0.018814495781358354,0.13304535037366683,0.05696901846448614,0.0328876925286267,0.0011855042186416469,159,4,119
cast19,inv,15,0.02,weighted_cvl,3,1470,986,0,0,0.018814495781358354,0.05746615631257511,0.05696901846448614,0.0328876925286267,0.0011855042186416469,159,4,119
cast19,inv,15,0.02,uniform,4,1300,954,0,0,0.008630292728056765,0.2938082838795016,0.04817467726676826,0.02430012744057368,0.011369707271943235,159,4,86
cast19,inv,15,0.02,uniform_nz,4,1283,954,0,0,0.008630292728056765,0.16734931409573833,0.04817467726676826,0.02430012744057368,0.011369707271943235,159,4,86
cast19,inv,15,0.02,weighted,4,1303,954,0,0,0.008630292728056765,0.04817467726676826,0.04817467726676826,0.02430012744057368,0.011369707271943235,159,4,86
cast19,inv,15,0.02,active_judge,4,1333,954,1,0,0.008630292728056765,0.128546735690601,0.04817467726676826,0.02430012744057368,0.011369707271943235,159,4,86
cast19,inv,15,0.02,strat_pilot,4,1313,954,0,0,0.008630292728056765,0.04789363642930665,0.04817467726676826,0.02430012744057368,0.011369707271943235,159,4,86
cast19,inv,15,0.02,weighted_cv,4,1290,954,0,0,0.008630292728056765,0.060799114260923395,0.04817467726676826,0.02430012744057368,0.011369707271943235,159,4,86
cast19,inv,15,0.02,active_cv,4,1272,954,0,0,0.008630292728056765,0.15025468172007383,0.04817467726676826,0.02430012744057368,0.011369707271943235,159,4,86
cast19,inv,15,0.02,weighted_cvl,4,1300,954,0,0,0.008630292728056765,0.04817467726676826,0.04817467726676826,0.02430012744057368,0.011369707271943235,159,4,86
cast19,inv,15,0.02,uniform,5,1255,926,0,0,0.007490056673907619,0.4075924962765458,0.07162623796500814,0.05404857875631197,0.012509943326092381,159,4,86
cast19,inv,15,0.02,uniform_nz,5,1253,926,0,0,0.007490056673907619,0.18254727511319896,0.07162623796500814,0.05404857875631197,0.012509943326092381,159,4,86
cast19,inv,15,0.02,weighted,5,1273,926,0,0,0.007490056673907619,0.07162623796500814,0.07162623796500814,0.05404857875631197,0.012509943326092381,159,4,86
cast19,inv,15,0.02,active_judge,5,1246,926,0,0,0.007490056673907619,0.15045469940896658,0.07162623796500814,0.05404857875631197,0.012509943326092381,159,4,86
cast19,inv,15,0.02,strat_pilot,5,1268,926,0,0,0.007490056673907619,0.0714627530342864,0.07162623796500814,0.05404857875631197,0.012509943326092381,159,4,86
cast19,inv,15,0.02,weighted_cv,5,1302,926,0,0,0.007490056673907619,0.08972826521344472,0.07162623796500814,0.05404857875631197,0.012509943326092381,159,4,86
cast19,inv,15,0.02,active_cv,5,1256,926,0,0,0.007490056673907619,0.18735842101779981,0.07162623796500814,0.05404857875631197,0.012509943326092381,159,4,86
cast19,inv,15,0.02,weighted_cvl,5,1276,926,0,0,0.007490056673907619,0.07162623796500814,0.07162623796500814,0.05404857875631197,0.012509943326092381,159,4,86
cast19,inv,15,0.02,uniform,6,1299,957,0,0,0.0,0.4469385621774261,0.08123617826298031,0.023242970703934503,0.02,159,4,86
cast19,inv,15,0.02,uniform_nz,6,1312,957,0,0,0.0,0.19342919525859664,0.08123617826298031,0.023242970703934503,0.02,159,4,86
cast19,inv,15,0.02,weighted,6,1304,957,0,0,0.0,0.08123617826298031,0.08123617826298031,0.023242970703934503,0.02,159,4,86
cast19,inv,15,0.02,active_judge,6,1282,957,0,0,0.0,0.19133703987094802,0.08123617826298031,0.023242970703934503,0.02,159,4,86
cast19,inv,15,0.02,strat_pilot,6,1271,957,0,0,0.0,0.08123286725395036,0.08123617826298031,0.023242970703934503,0.02,159,4,86
cast19,inv,15,0.02,weighted_cv,6,1261,957,0,0,0.0,0.09903245131397924,0.08123617826298031,0.023242970703934503,0.02,159,4,86
cast19,inv,15,0.02,active_cv,6,1307,957,0,0,0.0,0.22747048254827168,0.08123617826298031,0.023242970703934503,0.02,159,4,86
cast19,inv,15,0.02,weighted_cvl,6,1307,957,0,0,0.0,0.08123617826298031,0.08123617826298031,0.023242970703934503,0.02,159,4,86
cast19,inv,15,0.02,uniform,7,1374,1002,0,0,0.0,0.23750139114968238,0.09019670680118605,0.030854193418053115,0.02,159,4,86
cast19,inv,15,0.02,uniform_nz,7,1312,1002,0,0,0.0,0.10675298685247699,0.09019670680118605,0.030854193418053115,0.02,159,4,86
cast19,inv,15,0.02,weighted,7,1357,1002,0,0,0.0,0.09019670680118605,0.09019670680118605,0.030854193418053115,0.02,159,4,86
cast19,inv,15,0.02,active_judge,7,1338,1002,0,0,0.0,0.21492528717379855,0.09019670680118605,0.030854193418053115,0.02,159,4,86
cast19,inv,15,0.02,strat_pilot,7,1356,1002,0,0,0.0,0.0903770101772062,0.09019670680118605,0.030854193418053115,0.02,159,4,86
cast19,inv,15,0.02,weighted_cv,7,1326,1002,0,0,0.0,0.10568661170873428,0.09019670680118605,0.030854193418053115,0.02,159,4,86
cast19,inv,15,0.02,active_cv,7,1356,1002,0,0,0.0,0.24609329439016042,0.09019670680118605,0.030854193418053115,0.02,159,4,86
cast19,inv,15,0.02,weighted_cvl,7,1338,1002,1,0,0.0,0.09019670680118605,0.09019670680118605,0.030854193418053115,0.02,159,4,86
cast19,inv,15,0.02,uniform,8,1368,1037,0,0,0.0,0.1347188324607432,0.05559787214806857,0.05117110955135924,0.02,159,4,86
cast19,inv,15,0.02,uniform_nz,8,1388,1037,0,0,0.0,0.0583857263440388,0.05559787214806857,0.05117110955135924,0.02,159,4,86
cast19,inv,15,0.02,weighted,8,1377,1037,0,0,0.0,0.05559787214806857,0.05559787214806857,0.05117110955135924,0.02,159,4,86
cast19,inv,15,0.02,active_judge,8,1391,1037,0,0,0.0,0.10195453117635103,0.05559787214806857,0.05117110955135924,0.02,159,4,86
cast19,inv,15,0.02,strat_pilot,8,1412,1037,0,0,0.0,0.055458306849450925,0.05559787214806857,0.05117110955135924,0.02,159,4,86
cast19,inv,15,0.02,weighted_cv,8,1356,1037,0,0,0.0,0.06893396158541518,0.05559787214806857,0.05117110955135924,0.02,159,4,86
cast19,inv,15,0.02,active_cv,8,1383,1037,0,0,0.0,0.12482826191078873,0.05559787214806857,0.05117110955135924,0.02,159,4,86
cast19,inv,15,0.02,weighted_cvl,8,1389,1037,0,0,0.0,0.05559787214806857,0.05559787214806857,0.05117110955135924,0.02,159,4,86
cast19,inv,15,0.02,uniform,9,1327,978,0,0,0.0,0.2029488337979611,0.06036364242206334,0.06134194274211435,0.02,159,4,86
cast19,inv,15,0.02,uniform_nz,9,1330,978,0,0,0.0,0.07534272453367848,0.06036364242206334,0.06134194274211435,0.02,159,4,86
cast19,inv,15,0.02,weighted,9,1329,978,1,0,0.0,0.06036364242206334,0.06036364242206334,0.06134194274211435,0.02,159,4,86
cast19,inv,15,0.02,active_judge,9,1347,978,0,0,0.0,0.18006672554835929,0.06036364242206334,0.06134194274211435,0.02,159,4,86
cast19,inv,15,0.02,strat_pilot,9,1309,978,0,0,0.0,0.0601018055051122,0.06036364242206334,0.06134194274211435,0.02,159,4,86
cast19,inv,15,0.02,weighted_cv,9,1315,978,0,0,0.0,0.08876490445817894,0.06036364242206334,0.06134194274211435,0.02,159,4,86
cast19,inv,15,0.02,active_cv,9,1335,978,0,0,0.0,0.22867675210039437,0.06036364242206334,0.06134194274211435,0.02,159,4,86
cast19,inv,15,0.02,weighted_cvl,9,1324,978,0,0,0.0,0.06034881900910004,0.06036364242206334,0.06134194274211435,0.02,159,4,86
cast19,inv,15,0.02,uniform,10,1464,994,0,0,0.0,0.3330826321962503,0.0926038311851913,0.037092726779875476,0.02,159,4,119
cast19,inv,15,0.02,uniform_nz,10,1470,994,0,0,0.0,0.21573216976790835,0.0926038311851913,0.037092726779875476,0.02,159,4,119
cast19,inv,15,0.02,weighted,10,1473,994,0,0,0.0,0.0926038311851913,0.0926038311851913,0.037092726779875476,0.02,159,4,119
cast19,inv,15,0.02,active_judge,10,1488,994,0,0,0.0,0.23566722053744157,0.0926038311851913,0.037092726779875476,0.02,159,4,119
cast19,inv,15,0.02,strat_pilot,10,1443,994,0,0,0.0,0.09263170358592646,0.0926038311851913,0.037092726779875476,0.02,159,4,119
cast19,inv,15,0.02,weighted_cv,10,1461,994,0,0,0.0,0.12300196025911876,0.0926038311851913,0.037092726779875476,0.02,159,4,119
cast19,inv,15,0.02,active_cv,10,1453,994,0,0,0.0,0.32724747886632854,0.0926038311851913,0.037092726779875476,0.02,159,4,119
cast19,inv,15,0.02,weighted_cvl,10,1461,994,0,0,0.0,0.0926038311851913,0.0926038311851913,0.037092726779875476,0.02,159,4,119
cast19,inv,15,0.02,uniform,11,1287,963,0,0,0.011394904363873526,0.22529330438842088,0.06040240292896408,0.05058347248502383,0.008605095636126475,159,4,86
cast19,inv,15,0.02,uniform_nz,11,1323,963,0,0,0.011394904363873526,0.11350235852227294,0.06040240292896408,0.05058347248502383,0.008605095636126475,159,4,86
cast19,inv,15,0.02,weighted,11,1319,963,0,0,0.011394904363873526,0.06040240292896408,0.06040240292896408,0.05058347248502383,0.008605095636126475,159,4,86
cast19,inv,15,0.02,active_judge,11,1319,963,0,0,0.011394904363873526,0.1296827948584269,0.06040240292896408,0.05058347248502383,0.008605095636126475,159,4,86
cast19,inv,15,0.02,strat_pilot,11,1314,963,0,0,0.011394904363873526,0.060338647689754624,0.06040240292896408,0.05058347248502383,0.008605095636126475,159,4,86
cast19,inv,15,0.02,weighted_cv,11,1304,963,0,0,0.011394904363873526,0.06596308598698573,0.06040240292896408,0.05058347248502383,0.008605095636126475,159,4,86
cast19,inv,15,0.02,active_cv,11,1304,963,0,0,0.011394904363873526,0.14052870795209,0.06040240292896408,0.05058347248502383,0.008605095636126475,159,4,86
cast19,inv,15,0.02,weighted_cvl,11,1304,963,0,0,0.011394904363873526,0.06040240292896408,0.06040240292896408,0.05058347248502383,0.008605095636126475,159,4,86
cast19,inv,15,0.02,uniform,12,1294,957,0,0,0.0,0.06753649145632212,0.03214145508419003,0.06601966520044206,0.02,159,4,86
cast19,inv,15,0.02,uniform_nz,12,1294,957,0,0,0.0,0.037090014211072046,0.03214145508419003,0.06601966520044206,0.02,159,4,86
cast19,inv,15,0.02,weighted,12,1324,957,0,0,0.0,0.03214145508419003,0.03214145508419003,0.06601966520044206,0.02,159,4,86
cast19,inv,15,0.02,active_judge,12,1331,957,0,0,0.0,0.10490251752816888,0.03214145508419003,0.06601966520044206,0.02,159,4,86
cast19,inv,15,0.02,strat_pilot,12,1291,957,0,0,0.0,0.03192845466783885,0.03214145508419003,0.06601966520044206,0.02,159,4,86
cast19,inv,15,0.02,weighted_cv,12,1303,957,0,0,0.0,0.047961137304737764,0.03214145508419003,0.06601966520044206,0.02,159,4,86
cast19,inv,15,0.02,active_cv,12,1295,957,0,0,0.0,0.13793742859028155,0.03214145508419003,0.06601966520044206,0.02,159,4,86
cast19,inv,15,0.02,weighted_cvl,12,1316,957,0,0,0.0,0.03214145508419003,0.03214145508419003,0.06601966520044206,0.02,159,4,86
cast19,inv,15,0.02,uniform,13,1326,1002,0,0,0.0,0.29997727128898566,0.09188640285380639,0.03965254849410896,0.02,159,4,86
cast19,inv,15,0.02,uniform_nz,13,1347,1002,0,0,0.0,0.10832380072316525,0.09188640285380639,0.03965254849410896,0.02,159,4,86
cast19,inv,15,0.02,weighted,13,1319,1002,0,0,0.0,0.09188640285380639,0.09188640285380639,0.03965254849410896,0.02,159,4,86
cast19,inv,15,0.02,active_judge,13,1323,1002,1,0,0.0,0.18331677161587023,0.09188640285380639,0.03965254849410896,0.02,159,4,86
cast19,inv,15,0.02,strat_pilot,13,1338,1002,0,0,0.0,0.09198315439796993,0.09188640285380639,0.03965254849410896,0.02,159,4,86
cast19,inv,15,0.02,weighted_cv,13,1373,1002,0,0,0.0,0.10436435113719802,0.09188640285380639,0.03965254849410896,0.02,159,4,86
cast19,inv,15,0.02,active_cv,13,1346,1002,0,0,0.0,0.21694775056433255,0.09188640285380639,0.03965254849410896,0.02,159,4,86
cast19,inv,15,0.02,weighted_cvl,13,1342,1002,0,0,0.0,0.09188640285380639,0.09188640285380639,0.03965254849410896,0.02,159,4,86
cast19,inv,15,0.02,uniform,14,1472,1001,0,0,0.0,0.840724808838839,0.10902876084728423,0.100463632670249,0.02,159,4,119
cast19,inv,15,0.02,uniform_nz,14,1455,1001,0,0,0.0,0.5994634364190363,0.10902876084728423,0.100463632670249,0.02,159,4,119
cast19,inv,15,0.02,weighted,14,1485,1001,0,0,0.0,0.10902876084728423,0.10902876084728423,0.100463632670249,0.02,159,4,119
cast19,inv,15,0.02,active_judge,14,1485,1001,0,0,0.0,0.26412748340496595,0.10902876084728423,0.100463632670249,0.02,159,4,119
cast19,inv,15,0.02,strat_pilot,14,1490,1001,0,0,0.0,0.10928493533761119,0.10902876084728423,0.100463632670249,0.02,159,4,119
cast19,inv,15,0.02,weighted_cv,14,1480,1001,0,0,0.0,0.14908666116078076,0.10902876084728423,0.100463632670249,0.02,159,4,119
cast19,inv,15,0.02,active_cv,14,1492,1001,0,0,0.0,0.3447103587066277,0.10902876084728423,0.100463632670249,0.02,159,4,119
cast19,inv,15,0.02,weighted_cvl,14,1499,1001,0,0,0.0,0.10902876084728423,0.10902876084728423,0.100463632670249,0.02,159,4,119
cast19,inv,15,0.02,uniform,15,1540,1041,0,0,0.014629507439860245,0.18642857444555877,0.06097793526316273,0.04277252127616206,0.005370492560139755,159,4,119
cast19,inv,15,0.02,uniform_nz,15,1516,1041,0,0,0.014629507439860245,0.13227943767415934,0.06097793526316273,0.04277252127616206,0.005370492560139755,159,4,119
cast19,inv,15,0.02,weighted,15,1494,1041,0,0,0.014629507439860245,0.06097793526316273,0.06097793526316273,0.04277252127616206,0.005370492560139755,159,4,119
cast19,inv,15,0.02,active_judge,15,1522,1041,0,0,0.014629507439860245,0.13147987358367952,0.06097793526316273,0.04277252127616206,0.005370492560139755,159,4,119
cast19,inv,15,0.02,strat_pilot,15,1550,1041,1,0,0.014629507439860245,0.06085969689913171,0.06097793526316273,0.04277252127616206,0.005370492560139755,159,4,119
cast19,inv,15,0.02,weighted_cv,15,1500,1041,0,0,0.014629507439860245,0.08126869046359259,0.06097793526316273,0.04277252127616206,0.005370492560139755,159,4,119
cast19,inv,15,0.02,active_cv,15,1529,1041,0,0,0.014629507439860245,0.23564139054051259,0.06097793526316273,0.04277252127616206,0.005370492560139755,159,4,119
cast19,inv,15,0.02,weighted_cvl,15,1537,1041,0,0,0.014629507439860245,0.0609507677447784,0.06097793526316273,0.04277252127616206,0.005370492560139755,159,4,119
cast19,inv,15,0.02,uniform,16,1477,972,0,0,0.0,0.29199212582108836,0.10685397211470879,0.057352309076733624,0.02,159,4,119
cast19,inv,15,0.02,uniform_nz,16,1443,972,0,0,0.0,0.18559342113574767,0.10685397211470879,0.057352309076733624,0.02,159,4,119
cast19,inv,15,0.02,weighted,16,1445,972,0,0,0.0,0.10685397211470879,0.10685397211470879,0.057352309076733624,0.02,159,4,119
cast19,inv,15,0.02,active_judge,16,1436,972,0,0,0.0,0.22238313739324234,0.10685397211470879,0.057352309076733624,0.02,159,4,119
cast19,inv,15,0.02,strat_pilot,16,1452,972,0,0,0.0,0.10687571549004912,0.10685397211470879,0.057352309076733624,0.02,159,4,119
cast19,inv,15,0.02,weighted_cv,16,1429,972,0,0,0.0,0.14458376570263468,0.10685397211470879,0.057352309076733624,0.02,159,4,119
cast19,inv,15,0.02,active_cv,16,1439,972,0,0,0.0,0.30537123259668875,0.10685397211470879,0.057352309076733624,0.02,159,4,119
cast19,inv,15,0.02,weighted_cvl,16,1425,972,1,0,0.0,0.10685397211470879,0.10685397211470879,0.057352309076733624,0.02,159,4,119
cast19,inv,15,0.02,uniform,17,1259,989,0,0,0.0,0.08970243248410563,0.02654870358971271,0.037381299471082756,0.02,159,4,68
cast19,inv,15,0.02,uniform_nz,17,1248,989,1,0,0.0,0.031026654561745977,0.02654870358971271,0.037381299471082756,0.02,159,4,68
cast19,inv,15,0.02,weighted,17,1237,989,0,0,0.0,0.02654870358971271,0.02654870358971271,0.037381299471082756,0.02,159,4,68
cast19,inv,15,0.02,active_judge,17,1238,989,0,0,0.0,0.07920187135394867,0.02654870358971271,0.037381299471082756,0.02,159,4,68
cast19,inv,15,0.02,strat_pilot,17,1241,989,0,0,0.0,0.026525045867718665,0.02654870358971271,0.037381299471082756,0.02,159,4,68
cast19,inv,15,0.02,weighted_cv,17,1254,989,0,0,0.0,0.035813666517910556,0.02654870358971271,0.037381299471082756,0.02,159,4,68
cast19,inv,15,0.02,active_cv,17,1247,989,0,0,0.0,0.09464376782361142,0.02654870358971271,0.037381299471082756,0.02,159,4,68
cast19,inv,15,0.02,weighted_cvl,17,1258,989,0,0,0.0,0.02654870358971271,0.02654870358971271,0.037381299471082756,0.02,159,4,68
cast19,inv,15,0.02,uniform,18,1460,987,0,0,0.012865766524098599,0.18485086056035333,0.09523792108080963,0.03429116281322164,0.007134233475901402,159,4,119
cast19,inv,15,0.02,uniform_nz,18,1468,987,0,0,0.012865766524098599,0.12137283230836489,0.09523792108080963,0.03429116281322164,0.007134233475901402,159,4,119
cast19,inv,15,0.02,weighted,18,1480,987,1,0,0.012865766524098599,0.09523792108080963,0.09523792108080963,0.03429116281322164,0.007134233475901402,159,4,119
cast19,inv,15,0.02,active_judge,18,1489,987,1,0,0.012865766524098599,0.21726395353729028,0.09523792108080963,0.03429116281322164,0.007134233475901402,159,4,119
cast19,inv,15,0.02,strat_pilot,18,1486,987,0,0,0.012865766524098599,0.09517093427054346,0.09523792108080963,0.03429116281322164,0.007134233475901402,159,4,119
cast19,inv,15,0.02,weighted_cv,18,1492,987,0,0,0.012865766524098599,0.13178897626961023,0.09523792108080963,0.03429116281322164,0.007134233475901402,159,4,119
cast19,inv,15,0.02,active_cv,18,1460,987,0,0,0.012865766524098599,0.2842927301254198,0.09523792108080963,0.03429116281322164,0.007134233475901402,159,4,119
cast19,inv,15,0.02,weighted_cvl,18,1476,987,0,0,0.012865766524098599,0.09523792108080963,0.09523792108080963,0.03429116281322164,0.007134233475901402,159,4,119
cast19,inv,15,0.02,uniform,19,1339,1022,0,0,0.016748859781541614,0.17159937489008087,0.05739229708638628,0.018316326722195395,0.0032511402184583864,159,4,86
cast19,inv,15,0.02,uniform_nz,19,1352,1022,0,0,0.016748859781541614,0.07346760265597008,0.05739229708638628,0.018316326722195395,0.0032511402184583864,159,4,86
cast19,inv,15,0.02,weighted,19,1345,1022,0,0,0.016748859781541614,0.05739229708638628,0.05739229708638628,0.018316326722195395,0.0032511402184583864,159,4,86
cast19,inv,15,0.02,active_judge,19,1367,1022,0,0,0.016748859781541614,0.11173354217034903,0.05739229708638628,0.018316326722195395,0.0032511402184583864,159,4,86
cast19,inv,15,0.02,strat_pilot,19,1341,1022,0,0,0.016748859781541614,0.057388397966358064,0.05739229708638628,0.018316326722195395,0.0032511402184583864,159,4,86
cast19,inv,15,0.02,weighted_cv,19,1341,1022,0,0,0.016748859781541614,0.06122202147072562,0.05739229708638628,0.018316326722195395,0.0032511402184583864,159,4,86
cast19,inv,15,0.02,active_cv,19,1360,1022,0,0,0.016748859781541614,0.11531625413415947,0.05739229708638628,0.018316326722195395,0.0032511402184583864,159,4,86
cast19,inv,15,0.02,weighted_cvl,19,1355,1022,0,0,0.016748859781541614,0.05739229708638628,0.05739229708638628,0.018316326722195395,0.0032511402184583864,159,4,86
cast19,inv,15,0.02,uniform,20,1492,978,0,0,0.0,0.18998969366379165,0.08718956220976429,0.03871682431078045,0.02,159,4,119
cast19,inv,15,0.02,uniform_nz,20,1479,978,0,0,0.0,0.1265341657187974,0.08718956220976429,0.03871682431078045,0.02,159,4,119
cast19,inv,15,0.02,weighted,20,1452,978,0,0,0.0,0.08718956220976429,0.08718956220976429,0.03871682431078045,0.02,159,4,119
cast19,inv,15,0.02,active_judge,20,1474,978,0,0,0.0,0.19473042738024274,0.08718956220976429,0.03871682431078045,0.02,159,4,119
cast19,inv,15,0.02,strat_pilot,20,1432,978,1,0,0.0,0.08732997858755778,0.08718956220976429,0.03871682431078045,0.02,159,4,119
cast19,inv,15,0.02,weighted_cv,20,1443,978,0,0,0.0,0.11614966176847759,0.08718956220976429,0.03871682431078045,0.02,159,4,119
cast19,inv,15,0.02,active_cv,20,1458,978,0,0,0.0,0.23386530521608723,0.08718956220976429,0.03871682431078045,0.02,159,4,119
cast19,inv,15,0.02,weighted_cvl,20,1476,978,0,0,0.0,0.08718956220976429,0.08718956220976429,0.03871682431078045,0.02,159,4,119
cast19,inv,15,0.02,uniform,21,1421,942,0,0,0.0,0.3092989099776427,0.07796036690109504,0.030922506973590565,0.02,159,4,119
cast19,inv,15,0.02,uniform_nz,21,1416,942,0,0,0.0,0.23228344930577646,0.07796036690109504,0.030922506973590565,0.02,159,4,119
cast19,inv,15,0.02,weighted,21,1425,942,0,0,0.0,0.07796036690109504,0.07796036690109504,0.030922506973590565,0.02,159,4,119
cast19,inv,15,0.02,active_judge,21,1415,942,0,0,0.0,0.14123249162105733,0.07796036690109504,0.030922506973590565,0.02,159,4,119
cast19,inv,15,0.02,strat_pilot,21,1426,942,0,0,0.0,0.07794334342430309,0.07796036690109504,0.030922506973590565,0.02,159,4,119
cast19,inv,15,0.02,weighted_cv,21,1436,942,1,0,0.0,0.09400506794702727,0.07796036690109504,0.030922506973590565,0.02,159,4,119
cast19,inv,15,0.02,active_cv,21,1431,942,0,0,0.0,0.16416089398040043,0.07796036690109504,0.030922506973590565,0.02,159,4,119
cast19,inv,15,0.02,weighted_cvl,21,1387,942,0,0,0.0,0.07749237610205374,0.07796036690109504,0.030922506973590565,0.02,159,4,119
cast19,inv,15,0.02,uniform,22,1387,918,0,0,0.015726393584047482,0.3214244551272067,0.09641098104994135,0.03761854933129666,0.004273606415952518,159,4,119
cast19,inv,15,0.02,uniform_nz,22,1414,918,0,0,0.015726393584047482,0.20683660367904033,0.09641098104994135,0.03761854933129666,0.004273606415952518,159,4,119
cast19,inv,15,0.02,weighted,22,1383,918,0,0,0.015726393584047482,0.09641098104994135,0.09641098104994135,0.03761854933129666,0.004273606415952518,159,4,119
cast19,inv,15,0.02,active_judge,22,1406,918,0,0,0.015726393584047482,0.27831733248645796,0.09641098104994135,0.03761854933129666,0.004273606415952518,159,4,119
cast19,inv,15,0.02,strat_pilot,22,1389,918,0,0,0.015726393584047482,0.09641366358250432,0.09641098104994135,0.03761854933129666,0.004273606415952518,159,4,119
cast19,inv,15,0.02,weighted_cv,22,1403,918,0,0,0.015726393584047482,0.12047813081328891,0.09641098104994135,0.03761854933129666,0.004273606415952518,159,4,119
cast19,inv,15,0.02,active_cv,22,1363,918,0,0,0.015726393584047482,0.36218487514193176,0.09641098104994135,0.03761854933129666,0.004273606415952518,159,4,119
cast19,inv,15,0.02,weighted_cvl,22,1400,918,0,0,0.015726393584047482,0.09641098104994135,0.09641098104994135,0.03761854933129666,0.004273606415952518,159,4,119
cast19,inv,15,0.02,uniform,23,1506,1019,0,0,0.0,0.31578941165158775,0.11089649405196658,0.05220167304029533,0.02,159,4,119
cast19,inv,15,0.02,uniform_nz,23,1500,1019,0,0,0.0,0.18885629757487038,0.11089649405196658,0.05220167304029533,0.02,159,4,119
cast19,inv,15,0.02,weighted,23,1501,1019,0,0,0.0,0.11089649405196658,0.11089649405196658,0.05220167304029533,0.02,159,4,119
cast19,inv,15,0.02,active_judge,23,1525,1019,0,0,0.0,0.24934528817016305,0.11089649405196658,0.05220167304029533,0.02,159,4,119
cast19,inv,15,0.02,strat_pilot,23,1519,1019,1,0,0.0,0.11086434723215424,0.11089649405196658,0.05220167304029533,0.02,159,4,119
cast19,inv,15,0.02,weighted_cv,23,1495,1019,0,0,0.0,0.15026126254812214,0.11089649405196658,0.05220167304029533,0.02,159,4,119
cast19,inv,15,0.02,active_cv,23,1514,1019,0,0,0.0,0.3549751147150412,0.11089649405196658,0.05220167304029533,0.02,159,4,119
cast19,inv,15,0.02,weighted_cvl,23,1533,1019,0,0,0.0,0.11089649405196658,0.11089649405196658,0.05220167304029533,0.02,159,4,119
cast19,inv,15,0.02,uniform,24,1331,987,0,0,0.0,0.46874428873192553,0.09812974293901756,0.04104721575383208,0.02,159,4,86
cast19,inv,15,0.02,uniform_nz,24,1325,987,0,0,0.0,0.21539542837000097,0.09812974293901756,0.04104721575383208,0.02,159,4,86
cast19,inv,15,0.02,weighted,24,1319,987,0,0,0.0,0.09812974293901756,0.09812974293901756,0.04104721575383208,0.02,159,4,86
cast19,inv,15,0.02,active_judge,24,1320,987,1,0,0.0,0.21452583398791097,0.09812974293901756,0.04104721575383208,0.02,159,4,86
cast19,inv,15,0.02,strat_pilot,24,1315,987,0,0,0.0,0.09804195405625243,0.09812974293901756,0.04104721575383208,0.02,159,4,86
cast19,inv,15,0.02,weighted_cv,24,1310,987,0,0,0.0,0.11301396130183713,0.09812974293901756,0.04104721575383208,0.02,159,4,86
cast19,inv,15,0.02,active_cv,24,1343,987,0,0,0.0,0.23596803358052149,0.09812974293901756,0.04104721575383208,0.02,159,4,86
cast19,inv,15,0.02,weighted_cvl,24,1336,987,1,0,0.0,0.09812974293901756,0.09812974293901756,0.04104721575383208,0.02,159,4,86
cast19,inv,15,0.02,uniform,25,1381,1021,0,0,0.0,0.19836759969234163,0.06251835333180857,0.045740433289060294,0.02,159,4,86
cast19,inv,15,0.02,uniform_nz,25,1353,1021,0,0,0.0,0.08294956989665017,0.06251835333180857,0.045740433289060294,0.02,159,4,86
cast19,inv,15,0.02,weighted,25,1368,1021,1,0,0.0,0.06251835333180857,0.06251835333180857,0.045740433289060294,0.02,159,4,86
cast19,inv,15,0.02,active_judge,25,1355,1021,0,0,0.0,0.12108308818960137,0.06251835333180857,0.045740433289060294,0.02,159,4,86
cast19,inv,15,0.02,strat_pilot,25,1372,1021,0,0,0.0,0.062405290612990785,0.06251835333180857,0.045740433289060294,0.02,159,4,86
cast19,inv,15,0.02,weighted_cv,25,1357,1021,1,0,0.0,0.07948079286025582,0.06251835333180857,0.045740433289060294,0.02,159,4,86
cast19,inv,15,0.02,active_cv,25,1363,1021,0,0,0.0,0.1543176095358537,0.06251835333180857,0.045740433289060294,0.02,159,4,86
cast19,inv,15,0.02,weighted_cvl,25,1354,1021,0,0,0.0,0.06251835333180857,0.06251835333180857,0.045740433289060294,0.02,159,4,86
cast19,inv,15,0.02,uniform,26,1264,931,0,0,0.0,0.19357777091663458,0.05934685032403173,0.03842207174191627,0.02,159,4,86
cast19,inv,15,0.02,uniform_nz,26,1292,931,0,0,0.0,0.07039612949458142,0.05934685032403173,0.03842207174191627,0.02,159,4,86
cast19,inv,15,0.02,weighted,26,1278,931,1,0,0.0,0.05934685032403173,0.05934685032403173,0.03842207174191627,0.02,159,4,86
cast19,inv,15,0.02,active_judge,26,1287,931,0,0,0.0,0.11326350578820503,0.05934685032403173,0.03842207174191627,0.02,159,4,86
cast19,inv,15,0.02,strat_pilot,26,1305,931,1,0,0.0,0.05933762727061083,0.05934685032403173,0.03842207174191627,0.02,159,4,86
cast19,inv,15,0.02,weighted_cv,26,1318,931,0,0,0.0,0.06736711510677672,0.05934685032403173,0.03842207174191627,0.02,159,4,86
cast19,inv,15,0.02,active_cv,26,1283,931,0,0,0.0,0.12686685004677495,0.05934685032403173,0.03842207174191627,0.02,159,4,86
cast19,inv,15,0.02,weighted_cvl,26,1265,931,1,0,0.0,0.05934685032403173,0.05934685032403173,0.03842207174191627,0.02,159,4,86
cast19,inv,15,0.02,uniform,27,1459,1002,1,0,0.0,0.28182005450909564,0.09121071373592846,0.03699026460619543,0.02,159,4,119
cast19,inv,15,0.02,uniform_nz,27,1478,1002,0,0,0.0,0.16563447518191404,0.09121071373592846,0.03699026460619543,0.02,159,4,119
cast19,inv,15,0.02,weighted,27,1481,1002,0,0,0.0,0.09121071373592846,0.09121071373592846,0.03699026460619543,0.02,159,4,119
cast19,inv,15,0.02,active_judge,27,1489,1002,0,0,0.0,0.19615235824194102,0.09121071373592846,0.03699026460619543,0.02,159,4,119
cast19,inv,15,0.02,strat_pilot,27,1490,1002,1,0,0.0,0.09155117388702752,0.09121071373592846,0.03699026460619543,0.02,159,4,119
cast19,inv,15,0.02,weighted_cv,27,1487,1002,0,0,0.0,0.1322605517970437,0.09121071373592846,0.03699026460619543,0.02,159,4,119
cast19,inv,15,0.02,active_cv,27,1494,1002,0,0,0.0,0.3260704977832988,0.09121071373592846,0.03699026460619543,0.02,159,4,119
cast19,inv,15,0.02,weighted_cvl,27,1477,1002,0,0,0.0,0.09117140124254135,0.09121071373592846,0.03699026460619543,0.02,159,4,119
cast19,inv,15,0.02,uniform,28,1443,967,0,0,0.0,0.42442384211687634,0.10318532563076714,0.07475614803785512,0.02,159,4,119
cast19,inv,15,0.02,uniform_nz,28,1465,967,0,0,0.0,0.25036809420001466,0.10318532563076714,0.07475614803785512,0.02,159,4,119
cast19,inv,15,0.02,weighted,28,1440,967,1,0,0.0,0.10318532563076714,0.10318532563076714,0.07475614803785512,0.02,159,4,119
cast19,inv,15,0.02,active_judge,28,1456,967,0,0,0.0,0.2601111876201583,0.10318532563076714,0.07475614803785512,0.02,159,4,119
cast19,inv,15,0.02,strat_pilot,28,1415,967,0,0,0.0,0.10330352930364284,0.10318532563076714,0.07475614803785512,0.02,159,4,119
cast19,inv,15,0.02,weighted_cv,28,1427,967,0,0,0.0,0.14272141553895584,0.10318532563076714,0.07475614803785512,0.02,159,4,119
cast19,inv,15,0.02,active_cv,28,1447,967,0,0,0.0,0.3505907076424267,0.10318532563076714,0.07475614803785512,0.02,159,4,119
cast19,inv,15,0.02,weighted_cvl,28,1431,967,0,0,0.0,0.10318532563076714,0.10318532563076714,0.07475614803785512,0.02,159,4,119
cast19,inv,15,0.02,uniform,29,1530,1019,0,0,0.008267039112346442,0.13729779621349109,0.07131336166889872,0.02608920198369281,0.011732960887653559,159,4,119
cast19,inv,15,0.02,uniform_nz,29,1500,1019,0,0,0.008267039112346442,0.08359808667069109,0.07131336166889872,0.02608920198369281,0.011732960887653559,159,4,119
cast19,inv,15,0.02,weighted,29,1511,1019,0,0,0.008267039112346442,0.07131336166889872,0.07131336166889872,0.02608920198369281,0.011732960887653559,159,4,119
cast19,inv,15,0.02,active_judge,29,1525,1019,0,0,0.008267039112346442,0.16435997712774908,0.07131336166889872,0.02608920198369281,0.011732960887653559,159,4,119
cast19,inv,15,0.02,strat_pilot,29,1471,1019,0,0,0.008267039112346442,0.07128615381756606,0.07131336166889872,0.02608920198369281,0.011732960887653559,159,4,119
cast19,inv,15,0.02,weighted_cv,29,1492,1019,0,0,0.008267039112346442,0.09942719339643215,0.07131336166889872,0.02608920198369281,0.011732960887653559,159,4,119
cast19,inv,15,0.02,active_cv,29,1470,1019,0,0,0.008267039112346442,0.21641183480806245,0.07131336166889872,0.02608920198369281,0.011732960887653559,159,4,119
cast19,inv,15,0.02,weighted_cvl,29,1506,1019,0,0,0.008267039112346442,0.07128938381824253,0.07131336166889872,0.02608920198369281,0.011732960887653559,159,4,119
cast19,inv,15,0.02,uniform,30,1370,1039,0,0,0.0,0.13189254695121316,0.04932871564990406,0.030357430708117212,0.02,159,4,86
cast19,inv,15,0.02,uniform_nz,30,1380,1039,0,0,0.0,0.06556563690873687,0.04932871564990406,0.030357430708117212,0.02,159,4,86
cast19,inv,15,0.02,weighted,30,1357,1039,1,0,0.0,0.04932871564990406,0.04932871564990406,0.030357430708117212,0.02,159,4,86
cast19,inv,15,0.02,active_judge,30,1386,1039,0,0,0.0,0.10800438971896928,0.04932871564990406,0.030357430708117212,0.02,159,4,86
cast19,inv,15,0.02,strat_pilot,30,1402,1039,0,0,0.0,0.049228295692832824,0.04932871564990406,0.030357430708117212,0.02,159,4,86
cast19,inv,15,0.02,weighted_cv,30,1399,1039,0,0,0.0,0.0615181961908708,0.04932871564990406,0.030357430708117212,0.02,159,4,86
cast19,inv,15,0.02,active_cv,30,1360,1039,0,0,0.0,0.13855188168515822,0.04932871564990406,0.030357430708117212,0.02,159,4,86
cast19,inv,15,0.02,weighted_cvl,30,1364,1039,0,0,0.0,0.04932871564990406,0.04932871564990406,0.030357430708117212,0.02,159,4,86
cast19,inv,15,0.02,uniform,31,1313,979,0,0,0.0,0.3728846172805989,0.04941298786286709,0.05753354075330454,0.02,159,4,86
cast19,inv,15,0.02,uniform_nz,31,1323,979,0,0,0.0,0.15516731268151035,0.04941298786286709,0.05753354075330454,0.02,159,4,86
cast19,inv,15,0.02,weighted,31,1312,979,0,0,0.0,0.04941298786286709,0.04941298786286709,0.05753354075330454,0.02,159,4,86
cast19,inv,15,0.02,active_judge,31,1301,979,0,0,0.0,0.1159689489703553,0.04941298786286709,0.05753354075330454,0.02,159,4,86
cast19,inv,15,0.02,strat_pilot,31,1318,979,0,0,0.0,0.04932018626646764,0.04941298786286709,0.05753354075330454,0.02,159,4,86
cast19,inv,15,0.02,weighted_cv,31,1353,979,0,0,0.0,0.06320554727049964,0.04941298786286709,0.05753354075330454,0.02,159,4,86
cast19,inv,15,0.02,active_cv,31,1320,979,0,0,0.0,0.13791984160502802,0.04941298786286709,0.05753354075330454,0.02,159,4,86
cast19,inv,15,0.02,weighted_cvl,31,1350,979,0,0,0.0,0.04941298786286709,0.04941298786286709,0.05753354075330454,0.02,159,4,86
cast19,inv,15,0.02,uniform,32,1343,992,0,0,0.007293712170797106,0.10737430484820536,0.04289898963839053,0.023468064784173952,0.012706287829202894,159,4,86
cast19,inv,15,0.02,uniform_nz,32,1294,992,0,0,0.007293712170797106,0.04943414191942175,0.04289898963839053,0.023468064784173952,0.012706287829202894,159,4,86
cast19,inv,15,0.02,weighted,32,1310,992,0,0,0.007293712170797106,0.04289898963839053,0.04289898963839053,0.023468064784173952,0.012706287829202894,159,4,86
cast19,inv,15,0.02,active_judge,32,1338,992,0,0,0.007293712170797106,0.08834398674505772,0.04289898963839053,0.023468064784173952,0.012706287829202894,159,4,86
cast19,inv,15,0.02,strat_pilot,32,1328,992,0,0,0.007293712170797106,0.042884000461108684,0.04289898963839053,0.023468064784173952,0.012706287829202894,159,4,86
cast19,inv,15,0.02,weighted_cv,32,1346,992,0,0,0.007293712170797106,0.049550721178078364,0.04289898963839053,0.023468064784173952,0.012706287829202894,159,4,86
cast19,inv,15,0.02,active_cv,32,1316,992,0,0,0.007293712170797106,0.09735214650710451,0.04289898963839053,0.023468064784173952,0.012706287829202894,159,4,86
cast19,inv,15,0.02,weighted_cvl,32,1336,992,0,0,0.007293712170797106,0.04289898963839053,0.04289898963839053,0.023468064784173952,0.012706287829202894,159,4,86
cast19,inv,15,0.02,uniform,33,1306,977,0,0,0.0,0.160766787385736,0.045942666716294114,0.02264650018597386,0.02,159,4,86
cast19,inv,15,0.02,uniform_nz,33,1320,977,0,0,0.0,0.06775171270000521,0.045942666716294114,0.02264650018597386,0.02,159,4,86
cast19,inv,15,0.02,weighted,33,1305,977,0,0,0.0,0.045942666716294114,0.045942666716294114,0.02264650018597386,0.02,159,4,86
cast19,inv,15,0.02,active_judge,33,1304,977,0,0,0.0,0.12669157893057698,0.045942666716294114,0.02264650018597386,0.02,159,4,86
cast19,inv,15,0.02,strat_pilot,33,1318,977,0,0,0.0,0.04604476141099566,0.045942666716294114,0.02264650018597386,0.02,159,4,86
cast19,inv,15,0.02,weighted_cv,33,1304,977,0,0,0.0,0.05597585658253216,0.045942666716294114,0.02264650018597386,0.02,159,4,86
cast19,inv,15,0.02,active_cv,33,1323,977,0,0,0.0,0.15328076527223383,0.045942666716294114,0.02264650018597386,0.02,159,4,86
cast19,inv,15,0.02,weighted_cvl,33,1286,977,0,0,0.0,0.045680480651248245,0.045942666716294114,0.02264650018597386,0.02,159,4,86
cast19,inv,15,0.02,uniform,34,1469,996,0,0,0.004548608474265192,0.14573188700291445,0.06407550070894197,0.02069967840419786,0.015451391525734808,159,4,119
cast19,inv,15,0.02,uniform_nz,34,1490,996,0,0,0.004548608474265192,0.0874177971166703,0.06407550070894197,0.02069967840419786,0.015451391525734808,159,4,119
cast19,inv,15,0.02,weighted,34,1447,996,0,0,0.004548608474265192,0.06407550070894197,0.06407550070894197,0.02069967840419786,0.015451391525734808,159,4,119
cast19,inv,15,0.02,active_judge,34,1495,996,0,0,0.004548608474265192,0.1773314714075422,0.06407550070894197,0.02069967840419786,0.015451391525734808,159,4,119
cast19,inv,15,0.02,strat_pilot,34,1491,996,0,0,0.004548608474265192,0.06400380276868341,0.06407550070894197,0.02069967840419786,0.015451391525734808,159,4,119
cast19,inv,15,0.02,weighted_cv,34,1475,996,0,0,0.004548608474265192,0.09392288345176313,0.06407550070894197,0.02069967840419786,0.015451391525734808,159,4,119
cast19,inv,15,0.02,active_cv,34,1480,996,0,0,0.004548608474265192,0.23883832001271132,0.06407550070894197,0.02069967840419786,0.015451391525734808,159,4,119
cast19,inv,15,0.02,weighted_cvl,34,1464,996,0,0,0.004548608474265192,0.06407550070894197,0.06407550070894197,0.02069967840419786,0.015451391525734808,159,4,119
cast19,inv,15,0.02,uniform,35,1425,976,0,0,0.0,0.3438134319458376,0.08728869425624215,0.028279364334906812,0.02,159,4,119
cast19,inv,15,0.02,uniform_nz,35,1450,976,0,0,0.0,0.2455786865019048,0.08728869425624215,0.028279364334906812,0.02,159,4,119
cast19,inv,15,0.02,weighted,35,1410,976,0,0,0.0,0.08728869425624215,0.08728869425624215,0.028279364334906812,0.02,159,4,119
cast19,inv,15,0.02,active_judge,35,1459,976,0,0,0.0,0.23157169646068337,0.08728869425624215,0.028279364334906812,0.02,159,4,119
cast19,inv,15,0.02,strat_pilot,35,1449,976,1,0,0.0,0.0872968488790972,0.08728869425624215,0.028279364334906812,0.02,159,4,119
cast19,inv,15,0.02,weighted_cv,35,1454,976,1,0,0.0,0.12168319458144376,0.08728869425624215,0.028279364334906812,0.02,159,4,119
cast19,inv,15,0.02,active_cv,35,1431,976,0,0,0.0,0.29308989236707583,0.08728869425624215,0.028279364334906812,0.02,159,4,119
cast19,inv,15,0.02,weighted_cvl,35,1442,976,0,0,0.0,0.08728869425624215,0.08728869425624215,0.028279364334906812,0.02,159,4,119
cast19,inv,15,0.02,uniform,36,1388,1036,0,0,0.0007070153465537632,0.06901071639535304,0.025487418297119202,0.04199921647727543,0.019292984653446237,159,4,86
cast19,inv,15,0.02,uniform_nz,36,1381,1036,0,0,0.0007070153465537632,0.026941587647900805,0.025487418297119202,0.04199921647727543,0.019292984653446237,159,4,86
cast19,inv,15,0.02,weighted,36,1360,1036,0,0,0.0007070153465537632,0.025487418297119202,0.025487418297119202,0.04199921647727543,0.019292984653446237,159,4,86
cast19,inv,15,0.02,active_judge,36,1387,1036,0,0,0.0007070153465537632,0.0778110526005275,0.025487418297119202,0.04199921647727543,0.019292984653446237,159,4,86
cast19,inv,15,0.02,strat_pilot,36,1373,1036,0,0,0.0007070153465537632,0.025205763863544985,0.025487418297119202,0.04199921647727543,0.019292984653446237,159,4,86
cast19,inv,15,0.02,weighted_cv,36,1385,1036,0,0,0.0007070153465537632,0.035803452634284284,0.025487418297119202,0.04199921647727543,0.019292984653446237,159,4,86
cast19,inv,15,0.02,active_cv,36,1394,1036,0,0,0.0007070153465537632,0.09392955053479841,0.025487418297119202,0.04199921647727543,0.019292984653446237,159,4,86
cast19,inv,15,0.02,weighted_cvl,36,1375,1036,1,0,0.0007070153465537632,0.025487418297119202,0.025487418297119202,0.04199921647727543,0.019292984653446237,159,4,86
cast19,inv,15,0.02,uniform,37,1285,948,0,0,0.0,0.35241690547223437,0.08045898123581824,0.03932131064408288,0.02,159,4,86
cast19,inv,15,0.02,uniform_nz,37,1313,948,0,0,0.0,0.16710909223683426,0.08045898123581824,0.03932131064408288,0.02,159,4,86
cast19,inv,15,0.02,weighted,37,1276,948,0,0,0.0,0.08045898123581824,0.08045898123581824,0.03932131064408288,0.02,159,4,86
cast19,inv,15,0.02,active_judge,37,1278,948,0,0,0.0,0.19754608598614187,0.08045898123581824,0.03932131064408288,0.02,159,4,86
cast19,inv,15,0.02,strat_pilot,37,1279,948,0,0,0.0,0.08048725847549516,0.08045898123581824,0.03932131064408288,0.02,159,4,86
cast19,inv,15,0.02,weighted_cv,37,1302,948,0,0,0.0,0.10197547298491502,0.08045898123581824,0.03932131064408288,0.02,159,4,86
cast19,inv,15,0.02,active_cv,37,1315,948,0,0,0.0,0.24241365502320272,0.08045898123581824,0.03932131064408288,0.02,159,4,86
cast19,inv,15,0.02,weighted_cvl,37,1302,948,0,0,0.0,0.08045898123581824,0.08045898123581824,0.03932131064408288,0.02,159,4,86
cast19,inv,15,0.02,uniform,38,1350,993,0,0,0.0,0.37247831235791384,0.06276065590695153,0.022627267785011087,0.02,159,4,86
cast19,inv,15,0.02,uniform_nz,38,1336,993,0,0,0.0,0.17292125110928105,0.06276065590695153,0.022627267785011087,0.02,159,4,86
cast19,inv,15,0.02,weighted,38,1314,993,0,0,0.0,0.06276065590695153,0.06276065590695153,0.022627267785011087,0.02,159,4,86
cast19,inv,15,0.02,active_judge,38,1329,993,0,0,0.0,0.16161206469058614,0.06276065590695153,0.022627267785011087,0.02,159,4,86
cast19,inv,15,0.02,strat_pilot,38,1355,993,0,0,0.0,0.06292229406271581,0.06276065590695153,0.022627267785011087,0.02,159,4,86
cast19,inv,15,0.02,weighted_cv,38,1315,993,0,0,0.0,0.07937365095396139,0.06276065590695153,0.022627267785011087,0.02,159,4,86
cast19,inv,15,0.02,active_cv,38,1339,993,0,0,0.0,0.21191517047774927,0.06276065590695153,0.022627267785011087,0.02,159,4,86
cast19,inv,15,0.02,weighted_cvl,38,1362,993,0,0,0.0,0.06276065590695153,0.06276065590695153,0.022627267785011087,0.02,159,4,86
cast19,inv,15,0.02,uniform,39,1304,1022,0,0,0.005882053198852377,0.4088562101811826,0.05571528189896073,0.046908619588186165,0.014117946801147623,159,4,71
cast19,inv,15,0.02,uniform_nz,39,1314,1022,0,0,0.005882053198852377,0.13296768957203248,0.05571528189896073,0.046908619588186165,0.014117946801147623,159,4,71
cast19,inv,15,0.02,weighted,39,1299,1022,0,0,0.005882053198852377,0.05571528189896073,0.05571528189896073,0.046908619588186165,0.014117946801147623,159,4,71
cast19,inv,15,0.02,active_judge,39,1299,1022,1,0,0.005882053198852377,0.1305176455622709,0.05571528189896073,0.046908619588186165,0.014117946801147623,159,4,71
cast19,inv,15,0.02,strat_pilot,39,1322,1022,0,0,0.005882053198852377,0.05564076477540423,0.05571528189896073,0.046908619588186165,0.014117946801147623,159,4,71
cast19,inv,15,0.02,weighted_cv,39,1306,1022,0,0,0.005882053198852377,0.06393254079902409,0.05571528189896073,0.046908619588186165,0.014117946801147623,159,4,71
cast19,inv,15,0.02,active_cv,39,1289,1022,0,0,0.005882053198852377,0.14895737276949547,0.05571528189896073,0.046908619588186165,0.014117946801147623,159,4,71
cast19,inv,15,0.02,weighted_cvl,39,1304,1022,0,0,0.005882053198852377,0.05571528189896073,0.05571528189896073,0.046908619588186165,0.014117946801147623,159,4,71
cast19,inv,15,0.02,uniform,40,1219,936,0,0,0.0,0.30683286886673594,0.029098353971931345,0.0434831952962758,0.02,159,4,68
cast19,inv,15,0.02,uniform_nz,40,1211,936,1,0,0.0,0.08267082750966268,0.029098353971931345,0.0434831952962758,0.02,159,4,68
cast19,inv,15,0.02,weighted,40,1225,936,1,0,0.0,0.029098353971931345,0.029098353971931345,0.0434831952962758,0.02,159,4,68
cast19,inv,15,0.02,active_judge,40,1188,936,0,0,0.0,0.09153753722095623,0.029098353971931345,0.0434831952962758,0.02,159,4,68
cast19,inv,15,0.02,strat_pilot,40,1236,936,1,0,0.0,0.028979990512115028,0.029098353971931345,0.0434831952962758,0.02,159,4,68
cast19,inv,15,0.02,weighted_cv,40,1207,936,1,0,0.0,0.038653488617232695,0.029098353971931345,0.0434831952962758,0.02,159,4,68
cast19,inv,15,0.02,active_cv,40,1221,936,0,0,0.0,0.10909524486292344,0.029098353971931345,0.0434831952962758,0.02,159,4,68
cast19,inv,15,0.02,weighted_cvl,40,1216,936,0,0,0.0,0.02909549708688467,0.029098353971931345,0.0434831952962758,0.02,159,4,68
cast19,inv,15,0.02,uniform,41,1369,1002,0,0,0.0,0.5511928814863816,0.03939107648387234,0.058670546541895324,0.02,159,4,86
cast19,inv,15,0.02,uniform_nz,41,1364,1002,0,0,0.0,0.28648884003201636,0.03939107648387234,0.058670546541895324,0.02,159,4,86
cast19,inv,15,0.02,weighted,41,1318,1002,0,0,0.0,0.03939107648387234,0.03939107648387234,0.058670546541895324,0.02,159,4,86
cast19,inv,15,0.02,active_judge,41,1355,1002,0,0,0.0,0.1080943342901544,0.03939107648387234,0.058670546541895324,0.02,159,4,86
cast19,inv,15,0.02,strat_pilot,41,1328,1002,0,0,0.0,0.03908129666416936,0.03939107648387234,0.058670546541895324,0.02,159,4,86
cast19,inv,15,0.02,weighted_cv,41,1340,1002,1,0,0.0,0.04796295076662273,0.03939107648387234,0.058670546541895324,0.02,159,4,86
cast19,inv,15,0.02,active_cv,41,1370,1002,0,0,0.0,0.1260450841572827,0.03939107648387234,0.058670546541895324,0.02,159,4,86
cast19,inv,15,0.02,weighted_cvl,41,1352,1002,0,0,0.0,0.03939107648387234,0.03939107648387234,0.058670546541895324,0.02,159,4,86
cast19,inv,15,0.02,uniform,42,1499,1020,0,0,0.0235690146987953,0.11434571581067869,0.06832804860086726,0.02249804470069647,-0.0035690146987952982,159,4,119
cast19,inv,15,0.02,uniform_nz,42,1493,1020,0,0,0.0235690146987953,0.07311257222961018,0.06832804860086726,0.02249804470069647,-0.0035690146987952982,159,4,119
cast19,inv,15,0.02,weighted,42,1477,1020,0,0,0.0235690146987953,0.06832804860086726,0.06832804860086726,0.02249804470069647,-0.0035690146987952982,159,4,119
cast19,inv,15,0.02,active_judge,42,1536,1020,0,0,0.0235690146987953,0.14588107408391124,0.06832804860086726,0.02249804470069647,-0.0035690146987952982,159,4,119
cast19,inv,15,0.02,strat_pilot,42,1484,1020,0,0,0.0235690146987953,0.06838886442869543,0.06832804860086726,0.02249804470069647,-0.0035690146987952982,159,4,119
cast19,inv,15,0.02,weighted_cv,42,1496,1020,0,0,0.0235690146987953,0.0985093926371499,0.06832804860086726,0.02249804470069647,-0.0035690146987952982,159,4,119
cast19,inv,15,0.02,active_cv,42,1512,1020,0,0,0.0235690146987953,0.1939123601842188,0.06832804860086726,0.02249804470069647,-0.0035690146987952982,159,4,119
cast19,inv,15,0.02,weighted_cvl,42,1497,1020,0,0,0.0235690146987953,0.06832804860086726,0.06832804860086726,0.02249804470069647,-0.0035690146987952982,159,4,119
cast19,inv,15,0.02,uniform,43,1294,950,0,0,0.00898338745149685,0.21990671739237358,0.06588616988228231,0.037544986618129036,0.011016612548503151,159,4,86
cast19,inv,15,0.02,uniform_nz,43,1299,950,0,0,0.00898338745149685,0.12179665672721977,0.06588616988228231,0.037544986618129036,0.011016612548503151,159,4,86
cast19,inv,15,0.02,weighted,43,1284,950,0,0,0.00898338745149685,0.06588616988228231,0.06588616988228231,0.037544986618129036,0.011016612548503151,159,4,86
cast19,inv,15,0.02,active_judge,43,1307,950,0,0,0.00898338745149685,0.17336123672383003,0.06588616988228231,0.037544986618129036,0.011016612548503151,159,4,86
cast19,inv,15,0.02,strat_pilot,43,1288,950,0,0,0.00898338745149685,0.06559498925669383,0.06588616988228231,0.037544986618129036,0.011016612548503151,159,4,86
cast19,inv,15,0.02,weighted_cv,43,1316,950,0,0,0.00898338745149685,0.07693231413498627,0.06588616988228231,0.037544986618129036,0.011016612548503151,159,4,86
cast19,inv,15,0.02,active_cv,43,1287,950,0,0,0.00898338745149685,0.18893257385926415,0.06588616988228231,0.037544986618129036,0.011016612548503151,159,4,86
cast19,inv,15,0.02,weighted_cvl,43,1325,950,0,0,0.00898338745149685,0.06588616988228231,0.06588616988228231,0.037544986618129036,0.011016612548503151,159,4,86
cast19,inv,15,0.02,uniform,44,1354,1001,0,0,0.0,0.2973997368511244,0.09413928076927479,0.027657969467179987,0.02,159,4,86
cast19,inv,15,0.02,uniform_nz,44,1324,1001,0,0,0.0,0.12327422862983235,0.09413928076927479,0.027657969467179987,0.02,159,4,86
cast19,inv,15,0.02,weighted,44,1346,1001,0,0,0.0,0.09413928076927479,0.09413928076927479,0.027657969467179987,0.02,159,4,86
cast19,inv,15,0.02,active_judge,44,1358,1001,0,0,0.0,0.19131838855785727,0.09413928076927479,0.027657969467179987,0.02,159,4,86
cast19,inv,15,0.02,strat_pilot,44,1358,1001,0,0,0.0,0.09413018367268364,0.09413928076927479,0.027657969467179987,0.02,159,4,86
cast19,inv,15,0.02,weighted_cv,44,1347,1001,0,0,0.0,0.10467993451505367,0.09413928076927479,0.027657969467179987,0.02,159,4,86
cast19,inv,15,0.02,active_cv,44,1322,1001,0,0,0.0,0.20092121275489516,0.09413928076927479,0.027657969467179987,0.02,159,4,86
cast19,inv,15,0.02,weighted_cvl,44,1341,1001,1,0,0.0,0.09413928076927479,0.09413928076927479,0.027657969467179987,0.02,159,4,86
cast19,inv,15,0.02,uniform,45,1460,993,0,0,0.0,0.673210526362176,0.09615902908769713,0.059639101690774216,0.02,159,4,119
cast19,inv,15,0.02,uniform_nz,45,1470,993,0,0,0.0,0.44984059350995376,0.09615902908769713,0.059639101690774216,0.02,159,4,119
cast19,inv,15,0.02,weighted,45,1462,993,0,0,0.0,0.09615902908769713,0.09615902908769713,0.059639101690774216,0.02,159,4,119
cast19,inv,15,0.02,active_judge,45,1491,993,0,0,0.0,0.2856600753212631,0.09615902908769713,0.059639101690774216,0.02,159,4,119
cast19,inv,15,0.02,strat_pilot,45,1494,993,0,0,0.0,0.09627693627539449,0.09615902908769713,0.059639101690774216,0.02,159,4,119
cast19,inv,15,0.02,weighted_cv,45,1506,993,0,0,0.0,0.13125646583521217,0.09615902908769713,0.059639101690774216,0.02,159,4,119
cast19,inv,15,0.02,active_cv,45,1481,993,0,0,0.0,0.38735121808002837,0.09615902908769713,0.059639101690774216,0.02,159,4,119
cast19,inv,15,0.02,weighted_cvl,45,1497,993,0,0,0.0,0.09615902908769713,0.09615902908769713,0.059639101690774216,0.02,159,4,119
cast19,inv,15,0.02,uniform,46,1483,1010,0,0,0.0,0.2411540582929824,0.12502643576509784,0.025136187083706935,0.02,159,4,119
cast19,inv,15,0.02,uniform_nz,46,1512,1010,0,0,0.0,0.17033339510934514,0.12502643576509784,0.025136187083706935,0.02,159,4,119
cast19,inv,15,0.02,weighted,46,1488,1010,1,0,0.0,0.12502643576509784,0.12502643576509784,0.025136187083706935,0.02,159,4,119
cast19,inv,15,0.02,active_judge,46,1466,1010,0,0,0.0,0.2807948159290521,0.12502643576509784,0.025136187083706935,0.02,159,4,119
cast19,inv,15,0.02,strat_pilot,46,1473,1010,1,0,0.0,0.1250514023005463,0.12502643576509784,0.025136187083706935,0.02,159,4,119
cast19,inv,15,0.02,weighted_cv,46,1493,1010,1,0,0.0,0.15172762244419147,0.12502643576509784,0.025136187083706935,0.02,159,4,119
cast19,inv,15,0.02,active_cv,46,1460,1010,0,0,0.0,0.33583760715336,0.12502643576509784,0.025136187083706935,0.02,159,4,119
cast19,inv,15,0.02,weighted_cvl,46,1475,1010,1,0,0.0,0.12502643576509784,0.12502643576509784,0.025136187083706935,0.02,159,4,119
cast19,inv,15,0.02,uniform,47,1431,982,0,0,0.0,0.969902265552806,0.1326203946733539,0.06506412082069976,0.02,159,4,119
cast19,inv,15,0.02,uniform_nz,47,1450,982,0,0,0.0,0.6321134659955252,0.1326203946733539,0.06506412082069976,0.02,159,4,119
cast19,inv,15,0.02,weighted,47,1459,982,0,0,0.0,0.1326203946733539,0.1326203946733539,0.06506412082069976,0.02,159,4,119
cast19,inv,15,0.02,active_judge,47,1476,982,0,0,0.0,0.4038556555448892,0.1326203946733539,0.06506412082069976,0.02,159,4,119
cast19,inv,15,0.02,strat_pilot,47,1462,982,0,0,0.0,0.13268289316617013,0.1326203946733539,0.06506412082069976,0.02,159,4,119
cast19,inv,15,0.02,weighted_cv,47,1446,982,0,0,0.0,0.17987261188448672,0.1326203946733539,0.06506412082069976,0.02,159,4,119
cast19,inv,15,0.02,active_cv,47,1495,982,0,0,0.0,0.4918267932932661,0.1326203946733539,0.06506412082069976,0.02,159,4,119
cast19,inv,15,0.02,weighted_cvl,47,1439,982,0,0,0.0,0.1326203946733539,0.1326203946733539,0.06506412082069976,0.02,159,4,119
cast19,inv,15,0.02,uniform,48,1346,1002,0,0,0.0,0.11869954793530264,0.04036943069364653,0.026349058581896116,0.02,159,4,86
cast19,inv,15,0.02,uniform_nz,48,1349,1002,1,0,0.0,0.05698504570902828,0.04036943069364653,0.026349058581896116,0.02,159,4,86
cast19,inv,15,0.02,weighted,48,1318,1002,0,0,0.0,0.04036943069364653,0.04036943069364653,0.026349058581896116,0.02,159,4,86
cast19,inv,15,0.02,active_judge,48,1322,1002,0,0,0.0,0.10079404243530214,0.04036943069364653,0.026349058581896116,0.02,159,4,86
cast19,inv,15,0.02,strat_pilot,48,1348,1002,0,0,0.0,0.0399810235331388,0.04036943069364653,0.026349058581896116,0.02,159,4,86
cast19,inv,15,0.02,weighted_cv,48,1356,1002,1,0,0.0,0.054625406093226136,0.04036943069364653,0.026349058581896116,0.02,159,4,86
cast19,inv,15,0.02,active_cv,48,1350,1002,0,0,0.0,0.11749266979587289,0.04036943069364653,0.026349058581896116,0.02,159,4,86
cast19,inv,15,0.02,weighted_cvl,48,1330,1002,0,0,0.0,0.04036943069364653,0.04036943069364653,0.026349058581896116,0.02,159,4,86
cast19,inv,15,0.02,uniform,49,1291,966,0,0,0.005809007039819125,0.1768410900499061,0.04737541466288668,0.028521345892694644,0.014190992960180875,159,4,86
cast19,inv,15,0.02,uniform_nz,49,1324,966,0,0,0.005809007039819125,0.09678722039697327,0.04737541466288668,0.028521345892694644,0.014190992960180875,159,4,86
cast19,inv,15,0.02,weighted,49,1330,966,0,0,0.005809007039819125,0.04737541466288668,0.04737541466288668,0.028521345892694644,0.014190992960180875,159,4,86
cast19,inv,15,0.02,active_judge,49,1332,966,0,0,0.005809007039819125,0.08377706793225895,0.04737541466288668,0.028521345892694644,0.014190992960180875,159,4,86
cast19,inv,15,0.02,strat_pilot,49,1310,966,0,0,0.005809007039819125,0.0473652831026987,0.04737541466288668,0.028521345892694644,0.014190992960180875,159,4,86
cast19,inv,15,0.02,weighted_cv,49,1302,966,0,0,0.005809007039819125,0.05414584453673954,0.04737541466288668,0.028521345892694644,0.014190992960180875,159,4,86
cast19,inv,15,0.02,active_cv,49,1297,966,1,0,0.005809007039819125,0.10072051587364497,0.04737541466288668,0.028521345892694644,0.014190992960180875,159,4,86
cast19,inv,15,0.02,weighted_cvl,49,1290,966,0,0,0.005809007039819125,0.04737541466288668,0.04737541466288668,0.028521345892694644,0.014190992960180875,159,4,86
cast19,inv,15,0.02,uniform,50,1322,959,0,0,0.022010478741451123,0.24394517870861554,0.05435558234260458,0.011028590548411526,-0.0020104787414511223,159,4,86
cast19,inv,15,0.02,uniform_nz,50,1294,959,0,0,0.022010478741451123,0.1141682811693471,0.05435558234260458,0.011028590548411526,-0.0020104787414511223,159,4,86
cast19,inv,15,0.02,weighted,50,1283,959,0,0,0.022010478741451123,0.05435558234260458,0.05435558234260458,0.011028590548411526,-0.0020104787414511223,159,4,86
cast19,inv,15,0.02,active_judge,50,1331,959,0,0,0.022010478741451123,0.10945664825752463,0.05435558234260458,0.011028590548411526,-0.0020104787414511223,159,4,86
cast19,inv,15,0.02,strat_pilot,50,1282,959,0,0,0.022010478741451123,0.054338073757452254,0.05435558234260458,0.011028590548411526,-0.0020104787414511223,159,4,86
cast19,inv,15,0.02,weighted_cv,50,1317,959,0,0,0.022010478741451123,0.05843627346741771,0.05435558234260458,0.011028590548411526,-0.0020104787414511223,159,4,86
cast19,inv,15,0.02,active_cv,50,1303,959,0,0,0.022010478741451123,0.12399914124741303,0.05435558234260458,0.011028590548411526,-0.0020104787414511223,159,4,86
cast19,inv,15,0.02,weighted_cvl,50,1319,959,0,0,0.022010478741451123,0.05435566217958678,0.05435558234260458,0.011028590548411526,-0.0020104787414511223,159,4,86
cast19,inv,15,0.02,uniform,51,1289,951,0,0,0.0,0.30138546760220647,0.08045397388947198,0.04293696302538341,0.02,159,4,86
cast19,inv,15,0.02,uniform_nz,51,1328,951,0,0,0.0,0.11947582742082692,0.08045397388947198,0.04293696302538341,0.02,159,4,86
cast19,inv,15,0.02,weighted,51,1304,951,0,0,0.0,0.08045397388947198,0.08045397388947198,0.04293696302538341,0.02,159,4,86
cast19,inv,15,0.02,active_judge,51,1313,951,0,0,0.0,0.19114525507381946,0.08045397388947198,0.04293696302538341,0.02,159,4,86
cast19,inv,15,0.02,strat_pilot,51,1273,951,0,0,0.0,0.08043671139676907,0.08045397388947198,0.04293696302538341,0.02,159,4,86
cast19,inv,15,0.02,weighted_cv,51,1283,951,0,0,0.0,0.09048232518436024,0.08045397388947198,0.04293696302538341,0.02,159,4,86
cast19,inv,15,0.02,active_cv,51,1317,951,0,0,0.0,0.21079976504219,0.08045397388947198,0.04293696302538341,0.02,159,4,86
cast19,inv,15,0.02,weighted_cvl,51,1295,951,0,0,0.0,0.08045397388947198,0.08045397388947198,0.04293696302538341,0.02,159,4,86
cast19,inv,15,0.02,uniform,52,1350,992,0,0,0.0,0.11245428918067861,0.037299497185800765,0.019686272963362752,0.02,159,4,86
cast19,inv,15,0.02,uniform_nz,52,1317,992,0,0,0.0,0.04377094986101189,0.037299497185800765,0.019686272963362752,0.02,159,4,86
cast19,inv,15,0.02,weighted,52,1331,992,1,0,0.0,0.037299497185800765,0.037299497185800765,0.019686272963362752,0.02,159,4,86
cast19,inv,15,0.02,active_judge,52,1347,992,0,0,0.0,0.07277050703394587,0.037299497185800765,0.019686272963362752,0.02,159,4,86
cast19,inv,15,0.02,strat_pilot,52,1315,992,1,0,0.0,0.0373127682782231,0.037299497185800765,0.019686272963362752,0.02,159,4,86
cast19,inv,15,0.02,weighted_cv,52,1345,992,0,0,0.0,0.050855648184212364,0.037299497185800765,0.019686272963362752,0.02,159,4,86
cast19,inv,15,0.02,active_cv,52,1312,992,0,0,0.0,0.10489317910994451,0.037299497185800765,0.019686272963362752,0.02,159,4,86
cast19,inv,15,0.02,weighted_cvl,52,1347,992,0,0,0.0,0.037299497185800765,0.037299497185800765,0.019686272963362752,0.02,159,4,86
cast19,inv,15,0.02,uniform,53,1331,972,0,0,0.0038066316885078666,0.1065658613589497,0.0435758150662944,0.035432067631371036,0.016193368311492134,159,4,86
cast19,inv,15,0.02,uniform_nz,53,1376,972,0,0,0.0038066316885078666,0.05341309253622399,0.0435758150662944,0.035432067631371036,0.016193368311492134,159,4,86
cast19,inv,15,0.02,weighted,53,1326,972,0,0,0.0038066316885078666,0.0435758150662944,0.0435758150662944,0.035432067631371036,0.016193368311492134,159,4,86
cast19,inv,15,0.02,active_judge,53,1319,972,0,0,0.0038066316885078666,0.09961970610090184,0.0435758150662944,0.035432067631371036,0.016193368311492134,159,4,86
cast19,inv,15,0.02,strat_pilot,53,1313,972,0,0,0.0038066316885078666,0.043448651715437124,0.0435758150662944,0.035432067631371036,0.016193368311492134,159,4,86
cast19,inv,15,0.02,weighted_cv,53,1329,972,0,0,0.0038066316885078666,0.052111362186180364,0.0435758150662944,0.035432067631371036,0.016193368311492134,159,4,86
cast19,inv,15,0.02,active_cv,53,1317,972,0,0,0.0038066316885078666,0.11023668830050488,0.0435758150662944,0.035432067631371036,0.016193368311492134,159,4,86
cast19,inv,15,0.02,weighted_cvl,53,1307,972,0,0,0.0038066316885078666,0.0435758150662944,0.0435758150662944,0.035432067631371036,0.016193368311492134,159,4,86
cast19,inv,15,0.02,uniform,54,1393,1062,0,0,0.0,0.14413211878162296,0.03820757624774616,0.04707745480563792,0.02,159,4,86
cast19,inv,15,0.02,uniform_nz,54,1403,1062,0,0,0.0,0.0453806331798171,0.03820757624774616,0.04707745480563792,0.02,159,4,86
cast19,inv,15,0.02,weighted,54,1388,1062,0,0,0.0,0.03820757624774616,0.03820757624774616,0.04707745480563792,0.02,159,4,86
cast19,inv,15,0.02,active_judge,54,1395,1062,0,0,0.0,0.08340320876181667,0.03820757624774616,0.04707745480563792,0.02,159,4,86
cast19,inv,15,0.02,strat_pilot,54,1414,1062,0,0,0.0,0.03827508439218621,0.03820757624774616,0.04707745480563792,0.02,159,4,86
cast19,inv,15,0.02,weighted_cv,54,1415,1062,0,0,0.0,0.045933243216257545,0.03820757624774616,0.04707745480563792,0.02,159,4,86
cast19,inv,15,0.02,active_cv,54,1404,1062,0,0,0.0,0.0949195622688229,0.03820757624774616,0.04707745480563792,0.02,159,4,86
cast19,inv,15,0.02,weighted_cvl,54,1402,1062,0,0,0.0,0.03847965673444884,0.03820757624774616,0.04707745480563792,0.02,159,4,86
cast19,inv,15,0.02,uniform,55,1451,964,0,0,0.0,0.9092617535468662,0.10316446679773458,0.06577664489195316,0.02,159,4,119
cast19,inv,15,0.02,uniform_nz,55,1429,964,0,0,0.0,0.6126132743618912,0.10316446679773458,0.06577664489195316,0.02,159,4,119
cast19,inv,15,0.02,weighted,55,1455,964,0,0,0.0,0.10316446679773458,0.10316446679773458,0.06577664489195316,0.02,159,4,119
cast19,inv,15,0.02,active_judge,55,1465,964,0,0,0.0,0.2513569616824714,0.10316446679773458,0.06577664489195316,0.02,159,4,119
cast19,inv,15,0.02,strat_pilot,55,1464,964,0,0,0.0,0.10332503158288064,0.10316446679773458,0.06577664489195316,0.02,159,4,119
cast19,inv,15,0.02,weighted_cv,55,1455,964,0,0,0.0,0.15305609748839805,0.10316446679773458,0.06577664489195316,0.02,159,4,119
cast19,inv,15,0.02,active_cv,55,1450,964,0,0,0.0,0.35821155570351615,0.10316446679773458,0.06577664489195316,0.02,159,4,119
cast19,inv,15,0.02,weighted_cvl,55,1422,964,0,0,0.0,0.10316446679773458,0.10316446679773458,0.06577664489195316,0.02,159,4,119
cast19,inv,15,0.02,uniform,56,1246,891,0,0,0.007591967633637398,0.3557881186446535,0.058434258887624914,0.03186772659968917,0.012408032366362603,159,4,86
cast19,inv,15,0.02,uniform_nz,56,1254,891,0,0,0.007591967633637398,0.15757487867635098,0.058434258887624914,0.03186772659968917,0.012408032366362603,159,4,86
cast19,inv,15,0.02,weighted,56,1220,891,0,0,0.007591967633637398,0.058434258887624914,0.058434258887624914,0.03186772659968917,0.012408032366362603,159,4,86
cast19,inv,15,0.02,active_judge,56,1245,891,0,0,0.007591967633637398,0.1493990811018159,0.058434258887624914,0.03186772659968917,0.012408032366362603,159,4,86
cast19,inv,15,0.02,strat_pilot,56,1247,891,0,0,0.007591967633637398,0.05847166608109389,0.058434258887624914,0.03186772659968917,0.012408032366362603,159,4,86
cast19,inv,15,0.02,weighted_cv,56,1248,891,0,0,0.007591967633637398,0.07585982308694773,0.058434258887624914,0.03186772659968917,0.012408032366362603,159,4,86
cast19,inv,15,0.02,active_cv,56,1232,891,0,0,0.007591967633637398,0.1816118556467518,0.058434258887624914,0.03186772659968917,0.012408032366362603,159,4,86
cast19,inv,15,0.02,weighted_cvl,56,1240,891,0,0,0.007591967633637398,0.058434258887624914,0.058434258887624914,0.03186772659968917,0.012408032366362603,159,4,86
cast19,inv,15,0.02,uniform,57,1452,989,0,0,0.0,0.2948996658905167,0.13700352352677087,0.018813244126762094,0.02,159,4,119
cast19,inv,15,0.02,uniform_nz,57,1466,989,0,0,0.0,0.20956322211857303,0.13700352352677087,0.018813244126762094,0.02,159,4,119
cast19,inv,15,0.02,weighted,57,1504,989,0,0,0.0,0.13700352352677087,0.13700352352677087,0.018813244126762094,0.02,159,4,119
cast19,inv,15,0.02,active_judge,57,1442,989,0,0,0.0,0.3378701103190753,0.13700352352677087,0.018813244126762094,0.02,159,4,119
cast19,inv,15,0.02,strat_pilot,57,1463,989,1,0,0.0,0.1370325519170011,0.13700352352677087,0.018813244126762094,0.02,159,4,119
cast19,inv,15,0.02,weighted_cv,57,1440,989,1,0,0.0,0.1676085274258809,0.13700352352677087,0.018813244126762094,0.02,159,4,119
cast19,inv,15,0.02,active_cv,57,1492,989,0,0,0.0,0.4343397884104151,0.13700352352677087,0.018813244126762094,0.02,159,4,119
cast19,inv,15,0.02,weighted_cvl,57,1462,989,0,0,0.0,0.13700352352677087,0.13700352352677087,0.018813244126762094,0.02,159,4,119
cast19,inv,15,0.02,uniform,58,1404,1023,0,0,0.0,0.1529151175961353,0.05332476449403471,0.05789094125821814,0.02,159,4,86
cast19,inv,15,0.02,uniform_nz,58,1350,1023,1,0,0.0,0.058644814761981245,0.05332476449403471,0.05789094125821814,0.02,159,4,86
cast19,inv,15,0.02,weighted,58,1354,1023,0,0,0.0,0.05332476449403471,0.05332476449403471,0.05789094125821814,0.02,159,4,86
cast19,inv,15,0.02,active_judge,58,1351,1023,0,0,0.0,0.13540811280229245,0.05332476449403471,0.05789094125821814,0.02,159,4,86
cast19,inv,15,0.02,strat_pilot,58,1381,1023,0,0,0.0,0.05273836834475221,0.05332476449403471,0.05789094125821814,0.02,159,4,86
cast19,inv,15,0.02,weighted_cv,58,1330,1023,1,0,0.0,0.07409345142223274,0.05332476449403471,0.05789094125821814,0.02,159,4,86
cast19,inv,15,0.02,active_cv,58,1407,1023,0,0,0.0,0.1897165527188342,0.05332476449403471,0.05789094125821814,0.02,159,4,86
cast19,inv,15,0.02,weighted_cvl,58,1358,1023,0,0,0.0,0.05332476449403471,0.05332476449403471,0.05789094125821814,0.02,159,4,86
cast19,inv,15,0.02,uniform,59,1325,982,0,0,0.0,0.12600493712174074,0.050207479594378344,0.03376712263372649,0.02,159,4,86
cast19,inv,15,0.02,uniform_nz,59,1372,982,0,0,0.0,0.056627759910429544,0.050207479594378344,0.03376712263372649,0.02,159,4,86
cast19,inv,15,0.02,weighted,59,1327,982,0,0,0.0,0.050207479594378344,0.050207479594378344,0.03376712263372649,0.02,159,4,86
cast19,inv,15,0.02,active_judge,59,1357,982,0,0,0.0,0.1080892628896402,0.050207479594378344,0.03376712263372649,0.02,159,4,86
cast19,inv,15,0.02,strat_pilot,59,1361,982,0,0,0.0,0.050203831458779956,0.050207479594378344,0.03376712263372649,0.02,159,4,86
cast19,inv,15,0.02,weighted_cv,59,1328,982,0,0,0.0,0.060036370967265176,0.050207479594378344,0.03376712263372649,0.02,159,4,86
cast19,inv,15,0.02,active_cv,59,1324,982,0,0,0.0,0.1261539950352263,0.050207479594378344,0.03376712263372649,0.02,159,4,86
cast19,inv,15,0.02,weighted_cvl,59,1332,982,0,0,0.0,0.050207479594378344,0.050207479594378344,0.03376712263372649,0.02,159,4,86
cast19,inv,15,0.02,uniform,60,1213,950,0,0,0.005882053198852377,0.7187671022860914,0.048218706818641585,0.04758922286863464,0.014117946801147623,159,4,73
cast19,inv,15,0.02,uniform_nz,60,1234,950,0,0,0.005882053198852377,0.31800752855630227,0.048218706818641585,0.04758922286863464,0.014117946801147623,159,4,73
cast19,inv,15,0.02,weighted,60,1219,950,0,0,0.005882053198852377,0.048218706818641585,0.048218706818641585,0.04758922286863464,0.014117946801147623,159,4,73
cast19,inv,15,0.02,active_judge,60,1225,950,0,0,0.005882053198852377,0.12950252914916596,0.048218706818641585,0.04758922286863464,0.014117946801147623,159,4,73
cast19,inv,15,0.02,strat_pilot,60,1224,950,1,0,0.005882053198852377,0.04819760232000796,0.048218706818641585,0.04758922286863464,0.014117946801147623,159,4,73
cast19,inv,15,0.02,weighted_cv,60,1242,950,0,0,0.005882053198852377,0.06230239067252542,0.048218706818641585,0.04758922286863464,0.014117946801147623,159,4,73
cast19,inv,15,0.02,active_cv,60,1238,950,0,0,0.005882053198852377,0.1660616413467382,0.048218706818641585,0.04758922286863464,0.014117946801147623,159,4,73
cast19,inv,15,0.02,weighted_cvl,60,1225,950,0,0,0.005882053198852377,0.048218706818641585,0.048218706818641585,0.04758922286863464,0.014117946801147623,159,4,73
cast19,inv,15,0.02,uniform,61,1310,959,0,0,0.0,0.18560118758414093,0.06544233706003308,0.05330275246283457,0.02,159,4,86
cast19,inv,15,0.02,uniform_nz,61,1298,959,0,0,0.0,0.08860776214277957,0.06544233706003308,0.05330275246283457,0.02,159,4,86
cast19,inv,15,0.02,weighted,61,1297,959,0,0,0.0,0.06544233706003308,0.06544233706003308,0.05330275246283457,0.02,159,4,86
cast19,inv,15,0.02,active_judge,61,1304,959,0,0,0.0,0.14056321397291274,0.06544233706003308,0.05330275246283457,0.02,159,4,86
cast19,inv,15,0.02,strat_pilot,61,1331,959,0,0,0.0,0.06537627765166518,0.06544233706003308,0.05330275246283457,0.02,159,4,86
cast19,inv,15,0.02,weighted_cv,61,1307,959,1,0,0.0,0.08565187125716792,0.06544233706003308,0.05330275246283457,0.02,159,4,86
cast19,inv,15,0.02,active_cv,61,1290,959,0,0,0.0,0.1659142613640266,0.06544233706003308,0.05330275246283457,0.02,159,4,86
cast19,inv,15,0.02,weighted_cvl,61,1344,959,0,0,0.0,0.06543593212985208,0.06544233706003308,0.05330275246283457,0.02,159,4,86
cast19,inv,15,0.02,uniform,62,1313,961,0,0,0.0,0.17270978635164988,0.07011820539635388,0.0269904047919595,0.02,159,4,86
cast19,inv,15,0.02,uniform_nz,62,1296,961,0,0,0.0,0.08283243568942293,0.07011820539635388,0.0269904047919595,0.02,159,4,86
cast19,inv,15,0.02,weighted,62,1305,961,0,0,0.0,0.07011820539635388,0.07011820539635388,0.0269904047919595,0.02,159,4,86
cast19,inv,15,0.02,active_judge,62,1298,961,0,0,0.0,0.14243280001276598,0.07011820539635388,0.0269904047919595,0.02,159,4,86
cast19,inv,15,0.02,strat_pilot,62,1311,961,0,0,0.0,0.07011063977347083,0.07011820539635388,0.0269904047919595,0.02,159,4,86
cast19,inv,15,0.02,weighted_cv,62,1298,961,0,0,0.0,0.07988675152954047,0.07011820539635388,0.0269904047919595,0.02,159,4,86
cast19,inv,15,0.02,active_cv,62,1304,961,0,0,0.0,0.16255660333130537,0.07011820539635388,0.0269904047919595,0.02,159,4,86
cast19,inv,15,0.02,weighted_cvl,62,1311,961,1,0,0.0,0.07011820539635388,0.07011820539635388,0.0269904047919595,0.02,159,4,86
cast19,inv,15,0.02,uniform,63,1330,968,0,0,0.0,0.766085499561888,0.11898468682808958,0.05591033967206098,0.02,159,4,86
cast19,inv,15,0.02,uniform_nz,63,1329,968,0,0,0.0,0.36872972589331976,0.11898468682808958,0.05591033967206098,0.02,159,4,86
cast19,inv,15,0.02,weighted,63,1301,968,1,0,0.0,0.11898468682808958,0.11898468682808958,0.05591033967206098,0.02,159,4,86
cast19,inv,15,0.02,active_judge,63,1297,968,0,0,0.0,0.30657451683200615,0.11898468682808958,0.05591033967206098,0.02,159,4,86
cast19,inv,15,0.02,strat_pilot,63,1347,968,1,0,0.0,0.11891404967740893,0.11898468682808958,0.05591033967206098,0.02,159,4,86
cast19,inv,15,0.02,weighted_cv,63,1305,968,0,0,0.0,0.1248223696051544,0.11898468682808958,0.05591033967206098,0.02,159,4,86
cast19,inv,15,0.02,active_cv,63,1289,968,0,0,0.0,0.33381654608920036,0.11898468682808958,0.05591033967206098,0.02,159,4,86
cast19,inv,15,0.02,weighted_cvl,63,1305,968,0,0,0.0,0.11898468682808958,0.11898468682808958,0.05591033967206098,0.02,159,4,86
cast19,inv,15,0.02,uniform,64,1433,978,0,0,0.0,0.5308504786046276,0.1032077432906181,0.06356790498891758,0.02,159,4,119
cast19,inv,15,0.02,uniform_nz,64,1450,978,0,0,0.0,0.32548777448918326,0.1032077432906181,0.06356790498891758,0.02,159,4,119
cast19,inv,15,0.02,weighted,64,1462,978,1,0,0.0,0.1032077432906181,0.1032077432906181,0.06356790498891758,0.02,159,4,119
cast19,inv,15,0.02,active_judge,64,1466,978,1,0,0.0,0.29583753077242897,0.1032077432906181,0.06356790498891758,0.02,159,4,119
cast19,inv,15,0.02,strat_pilot,64,1428,978,1,0,0.0,0.10332448898890127,0.1032077432906181,0.06356790498891758,0.02,159,4,119
cast19,inv,15,0.02,weighted_cv,64,1485,978,1,0,0.0,0.1544407408250076,0.1032077432906181,0.06356790498891758,0.02,159,4,119
cast19,inv,15,0.02,active_cv,64,1451,978,0,0,0.0,0.4140998140301164,0.1032077432906181,0.06356790498891758,0.02,159,4,119
cast19,inv,15,0.02,weighted_cvl,64,1431,978,0,0,0.0,0.1032077432906181,0.1032077432906181,0.06356790498891758,0.02,159,4,119
cast19,inv,15,0.02,uniform,65,1475,981,0,0,0.0,0.16892957986374385,0.07558824727240476,0.056416622782974254,0.02,159,4,119
cast19,inv,15,0.02,uniform_nz,65,1471,981,0,0,0.0,0.10752136348316141,0.07558824727240476,0.056416622782974254,0.02,159,4,119
cast19,inv,15,0.02,weighted,65,1425,981,0,0,0.0,0.07558824727240476,0.07558824727240476,0.056416622782974254,0.02,159,4,119
cast19,inv,15,0.02,active_judge,65,1436,981,0,0,0.0,0.20767553892750792,0.07558824727240476,0.056416622782974254,0.02,159,4,119
cast19,inv,15,0.02,strat_pilot,65,1457,981,0,0,0.0,0.07519388747716718,0.07558824727240476,0.056416622782974254,0.02,159,4,119
cast19,inv,15,0.02,weighted_cv,65,1440,981,0,0,0.0,0.11134318868353807,0.07558824727240476,0.056416622782974254,0.02,159,4,119
cast19,inv,15,0.02,active_cv,65,1454,981,0,0,0.0,0.28354236128717614,0.07558824727240476,0.056416622782974254,0.02,159,4,119
cast19,inv,15,0.02,weighted_cvl,65,1457,981,0,0,0.0,0.07558824727240476,0.07558824727240476,0.056416622782974254,0.02,159,4,119
cast19,inv,15,0.02,uniform,66,1496,1042,0,0,0.021897298669935894,0.3469079554300278,0.06092633695771499,0.016163042978752398,-0.0018972986699358936,159,4,119
cast19,inv,15,0.02,uniform_nz,66,1520,1042,0,0,0.021897298669935894,0.22361722779077575,0.06092633695771499,0.016163042978752398,-0.0018972986699358936,159,4,119
cast19,inv,15,0.02,weighted,66,1509,1042,0,0,0.021897298669935894,0.06092633695771499,0.06092633695771499,0.016163042978752398,-0.0018972986699358936,159,4,119
cast19,inv,15,0.02,active_judge,66,1515,1042,0,0,0.021897298669935894,0.19138897379861639,0.06092633695771499,0.016163042978752398,-0.0018972986699358936,159,4,119
cast19,inv,15,0.02,strat_pilot,66,1516,1042,0,0,0.021897298669935894,0.06094052726496694,0.06092633695771499,0.016163042978752398,-0.0018972986699358936,159,4,119
cast19,inv,15,0.02,weighted_cv,66,1538,1042,0,0,0.021897298669935894,0.0845247526579247,0.06092633695771499,0.016163042978752398,-0.0018972986699358936,159,4,119
cast19,inv,15,0.02,active_cv,66,1547,1042,0,0,0.021897298669935894,0.2686487040038613,0.06092633695771499,0.016163042978752398,-0.0018972986699358936,159,4,119
cast19,inv,15,0.02,weighted_cvl,66,1500,1042,0,0,0.021897298669935894,0.06092633695771499,0.06092633695771499,0.016163042978752398,-0.0018972986699358936,159,4,119
cast19,inv,15,0.02,uniform,67,1386,926,0,0,0.0,0.2703460836767967,0.10683682837154733,0.035274873954709726,0.02,159,4,119
cast19,inv,15,0.02,uniform_nz,67,1375,926,0,0,0.0,0.17268173558785202,0.10683682837154733,0.035274873954709726,0.02,159,4,119
cast19,inv,15,0.02,weighted,67,1411,926,0,0,0.0,0.10683682837154733,0.10683682837154733,0.035274873954709726,0.02,159,4,119
cast19,inv,15,0.02,active_judge,67,1426,926,0,0,0.0,0.24045825870543402,0.10683682837154733,0.035274873954709726,0.02,159,4,119
cast19,inv,15,0.02,strat_pilot,67,1390,926,0,0,0.0,0.10690491905495603,0.10683682837154733,0.035274873954709726,0.02,159,4,119
cast19,inv,15,0.02,weighted_cv,67,1400,926,0,0,0.0,0.1324439267502376,0.10683682837154733,0.035274873954709726,0.02,159,4,119
cast19,inv,15,0.02,active_cv,67,1395,926,0,0,0.0,0.28317601059729125,0.10683682837154733,0.035274873954709726,0.02,159,4,119
cast19,inv,15,0.02,weighted_cvl,67,1377,926,0,0,0.0,0.10683682837154733,0.10683682837154733,0.035274873954709726,0.02,159,4,119
cast19,inv,15,0.02,uniform,68,1306,952,0,0,0.005803678019881464,0.1818669780592264,0.04041642931536746,0.02390094930906278,0.014196321980118536,159,4,86
cast19,inv,15,0.02,uniform_nz,68,1272,952,0,0,0.005803678019881464,0.0718921943894617,0.04041642931536746,0.02390094930906278,0.014196321980118536,159,4,86
cast19,inv,15,0.02,weighted,68,1315,952,0,0,0.005803678019881464,0.04041642931536746,0.04041642931536746,0.02390094930906278,0.014196321980118536,159,4,86
cast19,inv,15,0.02,active_judge,68,1323,952,0,0,0.005803678019881464,0.13782514794000775,0.04041642931536746,0.02390094930906278,0.014196321980118536,159,4,86
cast19,inv,15,0.02,strat_pilot,68,1271,952,0,0,0.005803678019881464,0.04028957290863097,0.04041642931536746,0.02390094930906278,0.014196321980118536,159,4,86
cast19,inv,15,0.02,weighted_cv,68,1325,952,0,0,0.005803678019881464,0.045602977244666776,0.04041642931536746,0.02390094930906278,0.014196321980118536,159,4,86
cast19,inv,15,0.02,active_cv,68,1312,952,0,0,0.005803678019881464,0.1529695512551886,0.04041642931536746,0.02390094930906278,0.014196321980118536,159,4,86
cast19,inv,15,0.02,weighted_cvl,68,1304,952,0,0,0.005803678019881464,0.04041642931536746,0.04041642931536746,0.02390094930906278,0.014196321980118536,159,4,86
cast19,inv,15,0.02,uniform,69,1308,964,0,0,0.00823513682449678,0.07389328571887017,0.027269722921475635,0.03551323268702957,0.01176486317550322,159,4,86
cast19,inv,15,0.02,uniform_nz,69,1315,964,0,0,0.00823513682449678,0.033937266657769014,0.027269722921475635,0.03551323268702957,0.01176486317550322,159,4,86
cast19,inv,15,0.02,weighted,69,1276,964,0,0,0.00823513682449678,0.027269722921475635,0.027269722921475635,0.03551323268702957,0.01176486317550322,159,4,86
cast19,inv,15,0.02,active_judge,69,1279,964,0,0,0.00823513682449678,0.05829671748630364,0.027269722921475635,0.03551323268702957,0.01176486317550322,159,4,86
cast19,inv,15,0.02,strat_pilot,69,1291,964,0,0,0.00823513682449678,0.02723032769300786,0.027269722921475635,0.03551323268702957,0.01176486317550322,159,4,86
cast19,inv,15,0.02,weighted_cv,69,1299,964,0,0,0.00823513682449678,0.03303010802209111,0.027269722921475635,0.03551323268702957,0.01176486317550322,159,4,86
cast19,inv,15,0.02,active_cv,69,1304,964,0,0,0.00823513682449678,0.06878990589750907,0.027269722921475635,0.03551323268702957,0.01176486317550322,159,4,86
cast19,inv,15,0.02,weighted_cvl,69,1303,964,0,0,0.00823513682449678,0.027269722921475635,0.027269722921475635,0.03551323268702957,0.01176486317550322,159,4,86
cast19,inv,15,0.02,uniform,70,1362,995,0,0,0.0073493809731801085,0.09130535094192456,0.02976043746019329,0.03198219318184992,0.012650619026819892,159,4,86
cast19,inv,15,0.02,uniform_nz,70,1346,995,0,0,0.0073493809731801085,0.03456110006996302,0.02976043746019329,0.03198219318184992,0.012650619026819892,159,4,86
cast19,inv,15,0.02,weighted,70,1341,995,0,0,0.0073493809731801085,0.02976043746019329,0.02976043746019329,0.03198219318184992,0.012650619026819892,159,4,86
cast19,inv,15,0.02,active_judge,70,1349,995,0,0,0.0073493809731801085,0.07032009524904345,0.02976043746019329,0.03198219318184992,0.012650619026819892,159,4,86
cast19,inv,15,0.02,strat_pilot,70,1347,995,0,0,0.0073493809731801085,0.029771237485697478,0.02976043746019329,0.03198219318184992,0.012650619026819892,159,4,86
cast19,inv,15,0.02,weighted_cv,70,1337,995,0,0,0.0073493809731801085,0.03419523379405874,0.02976043746019329,0.03198219318184992,0.012650619026819892,159,4,86
cast19,inv,15,0.02,active_cv,70,1330,995,1,0,0.0073493809731801085,0.08813647203410958,0.02976043746019329,0.03198219318184992,0.012650619026819892,159,4,86
cast19,inv,15,0.02,weighted_cvl,70,1330,995,0,0,0.0073493809731801085,0.02976043746019329,0.02976043746019329,0.03198219318184992,0.012650619026819892,159,4,86
cast19,inv,15,0.02,uniform,71,1516,1036,0,0,0.008630292728056765,0.2312341488291863,0.07573634816234517,0.022923494490831944,0.011369707271943235,159,4,119
cast19,inv,15,0.02,uniform_nz,71,1515,1036,0,0,0.008630292728056765,0.13943777205314176,0.07573634816234517,0.022923494490831944,0.011369707271943235,159,4,119
cast19,inv,15,0.02,weighted,71,1529,1036,1,0,0.008630292728056765,0.07573634816234517,0.07573634816234517,0.022923494490831944,0.011369707271943235,159,4,119
cast19,inv,15,0.02,active_judge,71,1487,1036,0,0,0.008630292728056765,0.18776636664002005,0.07573634816234517,0.022923494490831944,0.011369707271943235,159,4,119
cast19,inv,15,0.02,strat_pilot,71,1505,1036,0,0,0.008630292728056765,0.07578239699696884,0.07573634816234517,0.022923494490831944,0.011369707271943235,159,4,119
cast19,inv,15,0.02,weighted_cv,71,1526,1036,0,0,0.008630292728056765,0.11907215289167654,0.07573634816234517,0.022923494490831944,0.011369707271943235,159,4,119
cast19,inv,15,0.02,active_cv,71,1511,1036,0,0,0.008630292728056765,0.2901290665788592,0.07573634816234517,0.022923494490831944,0.011369707271943235,159,4,119
cast19,inv,15,0.02,weighted_cvl,71,1531,1036,0,0,0.008630292728056765,0.07733066194479787,0.07573634816234517,0.022923494490831944,0.011369707271943235,159,4,119
cast19,inv,15,0.02,uniform,72,1299,937,0,0,0.0,0.5832559562574867,0.09817909543988121,0.06325845916209695,0.02,159,4,86
cast19,inv,15,0.02,uniform_nz,72,1278,937,0,0,0.0,0.23190520944811607,0.09817909543988121,0.06325845916209695,0.02,159,4,86
cast19,inv,15,0.02,weighted,72,1275,937,1,0,0.0,0.09817909543988121,0.09817909543988121,0.06325845916209695,0.02,159,4,86
cast19,inv,15,0.02,active_judge,72,1282,937,0,0,0.0,0.22865584833342906,0.09817909543988121,0.06325845916209695,0.02,159,4,86
cast19,inv,15,0.02,strat_pilot,72,1277,937,0,0,0.0,0.09833450645535388,0.09817909543988121,0.06325845916209695,0.02,159,4,86
cast19,inv,15,0.02,weighted_cv,72,1276,937,0,0,0.0,0.1236975549897148,0.09817909543988121,0.06325845916209695,0.02,159,4,86
cast19,inv,15,0.02,active_cv,72,1303,937,0,0,0.0,0.269426049483984,0.09817909543988121,0.06325845916209695,0.02,159,4,86
cast19,inv,15,0.02,weighted_cvl,72,1284,937,0,0,0.0,0.09817909543988121,0.09817909543988121,0.06325845916209695,0.02,159,4,86
cast19,inv,15,0.02,uniform,73,1325,966,0,0,0.0,0.6711477135449924,0.09954647921653641,0.06514197745689197,0.02,159,4,86
cast19,inv,15,0.02,uniform_nz,73,1324,966,0,0,0.0,0.3648542989873948,0.09954647921653641,0.06514197745689197,0.02,159,4,86
cast19,inv,15,0.02,weighted,73,1318,966,1,0,0.0,0.09954647921653641,0.09954647921653641,0.06514197745689197,0.02,159,4,86
cast19,inv,15,0.02,active_judge,73,1340,966,0,0,0.0,0.22782676894286863,0.09954647921653641,0.06514197745689197,0.02,159,4,86
cast19,inv,15,0.02,strat_pilot,73,1298,966,1,0,0.0,0.09953341979515185,0.09954647921653641,0.06514197745689197,0.02,159,4,86
cast19,inv,15,0.02,weighted_cv,73,1280,966,0,0,0.0,0.10906674454345933,0.09954647921653641,0.06514197745689197,0.02,159,4,86
cast19,inv,15,0.02,active_cv,73,1289,966,0,0,0.0,0.24472217599763563,0.09954647921653641,0.06514197745689197,0.02,159,4,86
cast19,inv,15,0.02,weighted_cvl,73,1303,966,0,0,0.0,0.09954647921653641,0.09954647921653641,0.06514197745689197,0.02,159,4,86
cast19,inv,15,0.02,uniform,74,1460,944,0,0,0.02221002580933712,0.14852574521266576,0.08655635685364493,0.015197189301878748,-0.002210025809337119,159,4,119
cast19,inv,15,0.02,uniform_nz,74,1412,944,0,0,0.02221002580933712,0.1028540348181233,0.08655635685364493,0.015197189301878748,-0.002210025809337119,159,4,119
cast19,inv,15,0.02,weighted,74,1415,944,0,0,0.02221002580933712,0.08655635685364493,0.08655635685364493,0.015197189301878748,-0.002210025809337119,159,4,119
cast19,inv,15,0.02,active_judge,74,1422,944,0,0,0.02221002580933712,0.19993850823087994,0.08655635685364493,0.015197189301878748,-0.002210025809337119,159,4,119
cast19,inv,15,0.02,strat_pilot,74,1411,944,0,0,0.02221002580933712,0.08659700199446571,0.08655635685364493,0.015197189301878748,-0.002210025809337119,159,4,119
cast19,inv,15,0.02,weighted_cv,74,1413,944,0,0,0.02221002580933712,0.1058310833053631,0.08655635685364493,0.015197189301878748,-0.002210025809337119,159,4,119
cast19,inv,15,0.02,active_cv,74,1414,944,0,0,0.02221002580933712,0.24112211221677188,0.08655635685364493,0.015197189301878748,-0.002210025809337119,159,4,119
cast19,inv,15,0.02,weighted_cvl,74,1383,944,0,0,0.02221002580933712,0.08655635685364493,0.08655635685364493,0.015197189301878748,-0.002210025809337119,159,4,119
cast19,inv,15,0.02,uniform,75,1354,1008,0,0,0.0,0.441527213162928,0.05938741109736503,0.0788588612969418,0.02,159,4,86
cast19,inv,15,0.02,uniform_nz,75,1347,1008,0,0,0.0,0.17552432545163132,0.05938741109736503,0.0788588612969418,0.02,159,4,86
cast19,inv,15,0.02,weighted,75,1340,1008,0,0,0.0,0.05938741109736503,0.05938741109736503,0.0788588612969418,0.02,159,4,86
cast19,inv,15,0.02,active_judge,75,1351,1008,0,0,0.0,0.16880119741675992,0.05938741109736503,0.0788588612969418,0.02,159,4,86
cast19,inv,15,0.02,strat_pilot,75,1353,1008,1,0,0.0,0.059151268877408944,0.05938741109736503,0.0788588612969418,0.02,159,4,86
cast19,inv,15,0.02,weighted_cv,75,1354,1008,0,0,0.0,0.08825860030615043,0.05938741109736503,0.0788588612969418,0.02,159,4,86
cast19,inv,15,0.02,active_cv,75,1335,1008,0,0,0.0,0.22713175652844467,0.05938741109736503,0.0788588612969418,0.02,159,4,86
cast19,inv,15,0.02,weighted_cvl,75,1324,1008,0,0,0.0,0.05938741109736503,0.05938741109736503,0.0788588612969418,0.02,159,4,86
cast19,inv,15,0.02,uniform,76,1269,933,0,0,0.03785591284084977,0.08903364949949259,0.03312962214733878,0.019623801594625387,-0.01785591284084977,159,4,86
cast19,inv,15,0.02,uniform_nz,76,1241,933,0,0,0.03785591284084977,0.041915197462962274,0.03312962214733878,0.019623801594625387,-0.01785591284084977,159,4,86
cast19,inv,15,0.02,weighted,76,1287,933,0,0,0.03785591284084977,0.03312962214733878,0.03312962214733878,0.019623801594625387,-0.01785591284084977,159,4,86
cast19,inv,15,0.02,active_judge,76,1275,933,0,0,0.03785591284084977,0.060076042173681045,0.03312962214733878,0.019623801594625387,-0.01785591284084977,159,4,86
cast19,inv,15,0.02,strat_pilot,76,1270,933,0,0,0.03785591284084977,0.033173593610341875,0.03312962214733878,0.019623801594625387,-0.01785591284084977,159,4,86
cast19,inv,15,0.02,weighted_cv,76,1281,933,0,0,0.03785591284084977,0.03774479783264447,0.03312962214733878,0.019623801594625387,-0.01785591284084977,159,4,86
cast19,inv,15,0.02,active_cv,76,1296,933,0,0,0.03785591284084977,0.0635337700822724,0.03312962214733878,0.019623801594625387,-0.01785591284084977,159,4,86
cast19,inv,15,0.02,weighted_cvl,76,1293,933,0,0,0.03785591284084977,0.03312962214733878,0.03312962214733878,0.019623801594625387,-0.01785591284084977,159,4,86
cast19,inv,15,0.02,uniform,77,1372,1022,0,0,0.0023825510098210434,0.12836793631530702,0.05314823533712848,0.02359651554156198,0.017617448990178957,159,4,86
cast19,inv,15,0.02,uniform_nz,77,1357,1022,0,0,0.0023825510098210434,0.06112790563700206,0.05314823533712848,0.02359651554156198,0.017617448990178957,159,4,86
cast19,inv,15,0.02,weighted,77,1365,1022,0,0,0.0023825510098210434,0.05314823533712848,0.05314823533712848,0.02359651554156198,0.017617448990178957,159,4,86
cast19,inv,15,0.02,active_judge,77,1378,1022,0,0,0.0023825510098210434,0.13027146809243423,0.05314823533712848,0.02359651554156198,0.017617448990178957,159,4,86
cast19,inv,15,0.02,strat_pilot,77,1349,1022,0,0,0.0023825510098210434,0.05309628918165793,0.05314823533712848,0.02359651554156198,0.017617448990178957,159,4,86
cast19,inv,15,0.02,weighted_cv,77,1350,1022,0,0,0.0023825510098210434,0.06292457048771724,0.05314823533712848,0.02359651554156198,0.017617448990178957,159,4,86
cast19,inv,15,0.02,active_cv,77,1362,1022,0,0,0.0023825510098210434,0.15640503542388653,0.05314823533712848,0.02359651554156198,0.017617448990178957,159,4,86
cast19,inv,15,0.02,weighted_cvl,77,1370,1022,0,0,0.0023825510098210434,0.053123429562286925,0.05314823533712848,0.02359651554156198,0.017617448990178957,159,4,86
cast19,inv,15,0.02,uniform,78,1282,988,0,0,0.0,0.5549629856639318,0.0714406897116148,0.04147664409893513,0.02,159,4,86
cast19,inv,15,0.02,uniform_nz,78,1341,988,1,0,0.0,0.30520112693757745,0.0714406897116148,0.04147664409893513,0.02,159,4,86
cast19,inv,15,0.02,weighted,78,1307,988,0,0,0.0,0.0714406897116148,0.0714406897116148,0.04147664409893513,0.02,159,4,86
cast19,inv,15,0.02,active_judge,78,1336,988,0,0,0.0,0.14984668405104537,0.0714406897116148,0.04147664409893513,0.02,159,4,86
cast19,inv,15,0.02,strat_pilot,78,1343,988,0,0,0.0,0.07141931514638573,0.0714406897116148,0.04147664409893513,0.02,159,4,86
cast19,inv,15,0.02,weighted_cv,78,1323,988,0,0,0.0,0.08504351623362794,0.0714406897116148,0.04147664409893513,0.02,159,4,86
cast19,inv,15,0.02,active_cv,78,1339,988,0,0,0.0,0.17788844576334983,0.0714406897116148,0.04147664409893513,0.02,159,4,86
cast19,inv,15,0.02,weighted_cvl,78,1333,988,0,0,0.0,0.0714406897116148,0.0714406897116148,0.04147664409893513,0.02,159,4,86
cast19,inv,15,0.02,uniform,79,1272,952,0,0,0.0,0.10000424951550843,0.04216770743920034,0.04157024584462664,0.02,159,4,86
cast19,inv,15,0.02,uniform_nz,79,1312,952,0,0,0.0,0.04470236193148265,0.04216770743920034,0.04157024584462664,0.02,159,4,86
cast19,inv,15,0.02,weighted,79,1262,952,0,0,0.0,0.04216770743920034,0.04216770743920034,0.04157024584462664,0.02,159,4,86
cast19,inv,15,0.02,active_judge,79,1305,952,0,0,0.0,0.09133127453949237,0.04216770743920034,0.04157024584462664,0.02,159,4,86
cast19,inv,15,0.02,strat_pilot,79,1308,952,0,0,0.0,0.04208275498907514,0.04216770743920034,0.04157024584462664,0.02,159,4,86
cast19,inv,15,0.02,weighted_cv,79,1291,952,0,0,0.0,0.05250871248282045,0.04216770743920034,0.04157024584462664,0.02,159,4,86
cast19,inv,15,0.02,active_cv,79,1287,952,0,0,0.0,0.11459578121874318,0.04216770743920034,0.04157024584462664,0.02,159,4,86
cast19,inv,15,0.02,weighted_cvl,79,1289,952,0,0,0.0,0.04216770743920034,0.04216770743920034,0.04157024584462664,0.02,159,4,86
cast19,inv,15,0.02,uniform,80,1196,895,0,0,0.008547692801322393,0.05159746821315159,0.025040058892651335,0.049091447999510984,0.011452307198677607,159,4,86
cast19,inv,15,0.02,uniform_nz,80,1224,895,0,0,0.008547692801322393,0.02933927155490697,0.025040058892651335,0.049091447999510984,0.011452307198677607,159,4,86
cast19,inv,15,0.02,weighted,80,1230,895,0,0,0.008547692801322393,0.025040058892651335,0.025040058892651335,0.049091447999510984,0.011452307198677607,159,4,86
cast19,inv,15,0.02,active_judge,80,1249,895,0,0,0.008547692801322393,0.07559954310207023,0.025040058892651335,0.049091447999510984,0.011452307198677607,159,4,86
cast19,inv,15,0.02,strat_pilot,80,1221,895,0,0,0.008547692801322393,0.024740108228900357,0.025040058892651335,0.049091447999510984,0.011452307198677607,159,4,86
cast19,inv,15,0.02,weighted_cv,80,1231,895,0,0,0.008547692801322393,0.031633695746771336,0.025040058892651335,0.049091447999510984,0.011452307198677607,159,4,86
cast19,inv,15,0.02,active_cv,80,1222,895,0,0,0.008547692801322393,0.09036073437739764,0.025040058892651335,0.049091447999510984,0.011452307198677607,159,4,86
cast19,inv,15,0.02,weighted_cvl,80,1261,895,0,0,0.008547692801322393,0.025040058892651335,0.025040058892651335,0.049091447999510984,0.011452307198677607,159,4,86
cast19,inv,15,0.02,uniform,81,1139,856,0,0,0.0017593251755327888,0.18218000568790452,0.038225866404662474,0.02894534193876298,0.01824067482446721,159,4,69
cast19,inv,15,0.02,uniform_nz,81,1129,856,0,0,0.0017593251755327888,0.0705879417578436,0.038225866404662474,0.02894534193876298,0.01824067482446721,159,4,69
cast19,inv,15,0.02,weighted,81,1120,856,0,0,0.0017593251755327888,0.038225866404662474,0.038225866404662474,0.02894534193876298,0.01824067482446721,159,4,69
cast19,inv,15,0.02,active_judge,81,1136,856,0,0,0.0017593251755327888,0.08127162772050127,0.038225866404662474,0.02894534193876298,0.01824067482446721,159,4,69
cast19,inv,15,0.02,strat_pilot,81,1117,856,0,0,0.0017593251755327888,0.038093683516370214,0.038225866404662474,0.02894534193876298,0.01824067482446721,159,4,69
cast19,inv,15,0.02,weighted_cv,81,1127,856,0,0,0.0017593251755327888,0.047099127836288966,0.038225866404662474,0.02894534193876298,0.01824067482446721,159,4,69
cast19,inv,15,0.02,active_cv,81,1095,856,0,0,0.0017593251755327888,0.119666706988973,0.038225866404662474,0.02894534193876298,0.01824067482446721,159,4,69
cast19,inv,15,0.02,weighted_cvl,81,1122,856,0,0,0.0017593251755327888,0.038225866404662474,0.038225866404662474,0.02894534193876298,0.01824067482446721,159,4,69
cast19,inv,15,0.02,uniform,82,1287,960,0,0,0.0,0.15393165724357458,0.06581045187453781,0.019901612164036093,0.02,159,4,86
cast19,inv,15,0.02,uniform_nz,82,1310,960,1,0,0.0,0.07132493328156644,0.06581045187453781,0.019901612164036093,0.02,159,4,86
cast19,inv,15,0.02,weighted,82,1303,960,0,0,0.0,0.06581045187453781,0.06581045187453781,0.019901612164036093,0.02,159,4,86
cast19,inv,15,0.02,active_judge,82,1290,960,0,0,0.0,0.13042253610462326,0.06581045187453781,0.019901612164036093,0.02,159,4,86
cast19,inv,15,0.02,strat_pilot,82,1331,960,0,0,0.0,0.06585842338997026,0.06581045187453781,0.019901612164036093,0.02,159,4,86
cast19,inv,15,0.02,weighted_cv,82,1301,960,1,0,0.0,0.08814625414488649,0.06581045187453781,0.019901612164036093,0.02,159,4,86
cast19,inv,15,0.02,active_cv,82,1310,960,0,0,0.0,0.19154535024035113,0.06581045187453781,0.019901612164036093,0.02,159,4,86
cast19,inv,15,0.02,weighted_cvl,82,1307,960,0,0,0.0,0.06592223580596265,0.06581045187453781,0.019901612164036093,0.02,159,4,86
cast19,inv,15,0.02,uniform,83,1300,967,0,0,0.0,1.1923330552976346,0.09265966052146568,0.08273621100004191,0.02,159,4,86
cast19,inv,15,0.02,uniform_nz,83,1316,967,0,0,0.0,0.5630271978036048,0.09265966052146568,0.08273621100004191,0.02,159,4,86
cast19,inv,15,0.02,weighted,83,1308,967,0,0,0.0,0.09265966052146568,0.09265966052146568,0.08273621100004191,0.02,159,4,86
cast19,inv,15,0.02,active_judge,83,1323,967,0,0,0.0,0.2525759957527234,0.09265966052146568,0.08273621100004191,0.02,159,4,86
cast19,inv,15,0.02,strat_pilot,83,1292,967,0,0,0.0,0.09265975555090576,0.09265966052146568,0.08273621100004191,0.02,159,4,86
cast19,inv,15,0.02,weighted_cv,83,1301,967,0,0,0.0,0.10292914301384397,0.09265966052146568,0.08273621100004191,0.02,159,4,86
cast19,inv,15,0.02,active_cv,83,1311,967,1,0,0.0,0.27302327614804994,0.09265966052146568,0.08273621100004191,0.02,159,4,86
cast19,inv,15,0.02,weighted_cvl,83,1305,967,0,0,0.0,0.09265966052146568,0.09265966052146568,0.08273621100004191,0.02,159,4,86
cast19,inv,15,0.02,uniform,84,1380,1040,0,0,0.01053392987822438,0.7149916313422715,0.07240710961230702,0.03336988498830606,0.009466070121775621,159,4,86
cast19,inv,15,0.02,uniform_nz,84,1360,1040,0,0,0.01053392987822438,0.27867888657223555,0.07240710961230702,0.03336988498830606,0.009466070121775621,159,4,86
cast19,inv,15,0.02,weighted,84,1407,1040,0,0,0.01053392987822438,0.07240710961230702,0.07240710961230702,0.03336988498830606,0.009466070121775621,159,4,86
cast19,inv,15,0.02,active_judge,84,1391,1040,0,0,0.01053392987822438,0.1833522780366877,0.07240710961230702,0.03336988498830606,0.009466070121775621,159,4,86
cast19,inv,15,0.02,strat_pilot,84,1366,1040,0,0,0.01053392987822438,0.0724082249311647,0.07240710961230702,0.03336988498830606,0.009466070121775621,159,4,86
cast19,inv,15,0.02,weighted_cv,84,1380,1040,0,0,0.01053392987822438,0.08143046334557974,0.07240710961230702,0.03336988498830606,0.009466070121775621,159,4,86
cast19,inv,15,0.02,active_cv,84,1393,1040,0,0,0.01053392987822438,0.21225115849999102,0.07240710961230702,0.03336988498830606,0.009466070121775621,159,4,86
cast19,inv,15,0.02,weighted_cvl,84,1366,1040,0,0,0.01053392987822438,0.07240710961230702,0.07240710961230702,0.03336988498830606,0.009466070121775621,159,4,86
cast19,inv,15,0.02,uniform,85,1558,1037,0,0,0.0,0.2012261892101633,0.08482433038652515,0.03151002719928551,0.02,159,4,119
cast19,inv,15,0.02,uniform_nz,85,1507,1037,1,0,0.0,0.11389072329960144,0.08482433038652515,0.03151002719928551,0.02,159,4,119
cast19,inv,15,0.02,weighted,85,1528,1037,0,0,0.0,0.08482433038652515,0.08482433038652515,0.03151002719928551,0.02,159,4,119
cast19,inv,15,0.02,active_judge,85,1490,1037,0,0,0.0,0.20257672538621047,0.08482433038652515,0.03151002719928551,0.02,159,4,119
cast19,inv,15,0.02,strat_pilot,85,1506,1037,0,0,0.0,0.0851469054167536,0.08482433038652515,0.03151002719928551,0.02,159,4,119
cast19,inv,15,0.02,weighted_cv,85,1490,1037,0,0,0.0,0.12790028596336733,0.08482433038652515,0.03151002719928551,0.02,159,4,119
cast19,inv,15,0.02,active_cv,85,1506,1037,0,0,0.0,0.31194738447450854,0.08482433038652515,0.03151002719928551,0.02,159,4,119
cast19,inv,15,0.02,weighted_cvl,85,1497,1037,0,0,0.0,0.0848532747515646,0.08482433038652515,0.03151002719928551,0.02,159,4,119
cast19,inv,15,0.02,uniform,86,1252,900,0,0,0.005617233403742927,0.8907817185680909,0.07679249709754155,0.042434521646747395,0.014382766596257073,159,4,86
cast19,inv,15,0.02,uniform_nz,86,1218,900,0,0,0.005617233403742927,0.37067874768526027,0.07679249709754155,0.042434521646747395,0.014382766596257073,159,4,86
cast19,inv,15,0.02,weighted,86,1238,900,0,0,0.005617233403742927,0.07679249709754155,0.07679249709754155,0.042434521646747395,0.014382766596257073,159,4,86
cast19,inv,15,0.02,active_judge,86,1253,900,0,0,0.005617233403742927,0.21589490820592788,0.07679249709754155,0.042434521646747395,0.014382766596257073,159,4,86
cast19,inv,15,0.02,strat_pilot,86,1249,900,0,0,0.005617233403742927,0.07678069348526291,0.07679249709754155,0.042434521646747395,0.014382766596257073,159,4,86
cast19,inv,15,0.02,weighted_cv,86,1245,900,0,0,0.005617233403742927,0.09868447738338311,0.07679249709754155,0.042434521646747395,0.014382766596257073,159,4,86
cast19,inv,15,0.02,active_cv,86,1250,900,0,0,0.005617233403742927,0.2500130395053458,0.07679249709754155,0.042434521646747395,0.014382766596257073,159,4,86
cast19,inv,15,0.02,weighted_cvl,86,1261,900,0,0,0.005617233403742927,0.07679249709754155,0.07679249709754155,0.042434521646747395,0.014382766596257073,159,4,86
cast19,inv,15,0.02,uniform,87,1475,978,0,0,0.0,0.3660845376853719,0.11389279020625417,0.025657612996925146,0.02,159,4,119
cast19,inv,15,0.02,uniform_nz,87,1472,978,0,0,0.0,0.246652560575289,0.11389279020625417,0.025657612996925146,0.02,159,4,119
cast19,inv,15,0.02,weighted,87,1467,978,0,0,0.0,0.11389279020625417,0.11389279020625417,0.025657612996925146,0.02,159,4,119
cast19,inv,15,0.02,active_judge,87,1446,978,0,0,0.0,0.3236535911517378,0.11389279020625417,0.025657612996925146,0.02,159,4,119
cast19,inv,15,0.02,strat_pilot,87,1451,978,0,0,0.0,0.11383906749628862,0.11389279020625417,0.025657612996925146,0.02,159,4,119
cast19,inv,15,0.02,weighted_cv,87,1444,978,1,0,0.0,0.14987641235177845,0.11389279020625417,0.025657612996925146,0.02,159,4,119
cast19,inv,15,0.02,active_cv,87,1463,978,0,0,0.0,0.4005724307434166,0.11389279020625417,0.025657612996925146,0.02,159,4,119
cast19,inv,15,0.02,weighted_cvl,87,1487,978,0,0,0.0,0.11389279020625417,0.11389279020625417,0.025657612996925146,0.02,159,4,119
cast19,inv,15,0.02,uniform,88,1334,1005,0,0,0.0,0.1956466458291938,0.04082049746837757,0.023067399028833938,0.02,159,4,86
cast19,inv,15,0.02,uniform_nz,88,1332,1005,0,0,0.0,0.08525382154419,0.04082049746837757,0.023067399028833938,0.02,159,4,86
cast19,inv,15,0.02,weighted,88,1343,1005,0,0,0.0,0.04082049746837757,0.04082049746837757,0.023067399028833938,0.02,159,4,86
cast19,inv,15,0.02,active_judge,88,1331,1005,1,0,0.0,0.09458070293352058,0.04082049746837757,0.023067399028833938,0.02,159,4,86
cast19,inv,15,0.02,strat_pilot,88,1345,1005,0,0,0.0,0.04075935734302087,0.04082049746837757,0.023067399028833938,0.02,159,4,86
cast19,inv,15,0.02,weighted_cv,88,1360,1005,0,0,0.0,0.050844303174782376,0.04082049746837757,0.023067399028833938,0.02,159,4,86
cast19,inv,15,0.02,active_cv,88,1354,1005,0,0,0.0,0.1286241049225671,0.04082049746837757,0.023067399028833938,0.02,159,4,86
cast19,inv,15,0.02,weighted_cvl,88,1334,1005,0,0,0.0,0.04082049746837757,0.04082049746837757,0.023067399028833938,0.02,159,4,86
cast19,inv,15,0.02,uniform,89,1226,901,0,0,0.003865708351480479,0.8699493058847361,0.08977329148145496,0.0804745412999152,0.01613429164851952,159,4,86
cast19,inv,15,0.02,uniform_nz,89,1246,901,0,0,0.003865708351480479,0.40251449234561915,0.08977329148145496,0.0804745412999152,0.01613429164851952,159,4,86
cast19,inv,15,0.02,weighted,89,1232,901,0,0,0.003865708351480479,0.08977329148145496,0.08977329148145496,0.0804745412999152,0.01613429164851952,159,4,86
cast19,inv,15,0.02,active_judge,89,1236,901,0,0,0.003865708351480479,0.2572967074876795,0.08977329148145496,0.0804745412999152,0.01613429164851952,159,4,86
cast19,inv,15,0.02,strat_pilot,89,1228,901,0,0,0.003865708351480479,0.08975123537986958,0.08977329148145496,0.0804745412999152,0.01613429164851952,159,4,86
cast19,inv,15,0.02,weighted_cv,89,1278,901,0,0,0.003865708351480479,0.10595805205367644,0.08977329148145496,0.0804745412999152,0.01613429164851952,159,4,86
cast19,inv,15,0.02,active_cv,89,1249,901,0,0,0.003865708351480479,0.2876006999189163,0.08977329148145496,0.0804745412999152,0.01613429164851952,159,4,86
cast19,inv,15,0.02,weighted_cvl,89,1228,901,0,0,0.003865708351480479,0.08977329148145496,0.08977329148145496,0.0804745412999152,0.01613429164851952,159,4,86
cast19,inv,15,0.02,uniform,90,1516,1037,0,0,0.0,0.2837586808964995,0.1300921692401924,0.07376829668325995,0.02,159,4,119
cast19,inv,15,0.02,uniform_nz,90,1461,1037,1,0,0.0,0.19421211778050834,0.1300921692401924,0.07376829668325995,0.02,159,4,119
cast19,inv,15,0.02,weighted,90,1513,1037,1,0,0.0,0.1300921692401924,0.1300921692401924,0.07376829668325995,0.02,159,4,119
cast19,inv,15,0.02,active_judge,90,1497,1037,0,0,0.0,0.23026559152397374,0.1300921692401924,0.07376829668325995,0.02,159,4,119
cast19,inv,15,0.02,strat_pilot,90,1521,1037,0,0,0.0,0.13011636305762492,0.1300921692401924,0.07376829668325995,0.02,159,4,119
cast19,inv,15,0.02,weighted_cv,90,1519,1037,0,0,0.0,0.15855762718103703,0.1300921692401924,0.07376829668325995,0.02,159,4,119
cast19,inv,15,0.02,active_cv,90,1498,1037,0,0,0.0,0.2841044717179515,0.1300921692401924,0.07376829668325995,0.02,159,4,119
cast19,inv,15,0.02,weighted_cvl,90,1519,1037,0,0,0.0,0.1300921692401924,0.1300921692401924,0.07376829668325995,0.02,159,4,119
cast19,inv,15,0.02,uniform,91,1291,954,0,0,0.005539540097827311,0.14302552715145042,0.047464023906741475,0.038930057991842876,0.01446045990217269,159,4,86
cast19,inv,15,0.02,uniform_nz,91,1292,954,0,0,0.005539540097827311,0.0519480092691337,0.047464023906741475,0.038930057991842876,0.01446045990217269,159,4,86
cast19,inv,15,0.02,weighted,91,1292,954,0,0,0.005539540097827311,0.047464023906741475,0.047464023906741475,0.038930057991842876,0.01446045990217269,159,4,86
cast19,inv,15,0.02,active_judge,91,1286,954,0,0,0.005539540097827311,0.09326148913743379,0.047464023906741475,0.038930057991842876,0.01446045990217269,159,4,86
cast19,inv,15,0.02,strat_pilot,91,1319,954,0,0,0.005539540097827311,0.047454207654921025,0.047464023906741475,0.038930057991842876,0.01446045990217269,159,4,86
cast19,inv,15,0.02,weighted_cv,91,1292,954,0,0,0.005539540097827311,0.062017452235270235,0.047464023906741475,0.038930057991842876,0.01446045990217269,159,4,86
cast19,inv,15,0.02,active_cv,91,1291,954,0,0,0.005539540097827311,0.12636297747937433,0.047464023906741475,0.038930057991842876,0.01446045990217269,159,4,86
cast19,inv,15,0.02,weighted_cvl,91,1301,954,0,0,0.005539540097827311,0.047464023906741475,0.047464023906741475,0.038930057991842876,0.01446045990217269,159,4,86
cast19,inv,15,0.02,uniform,92,1339,941,0,0,0.0,0.10833650705487985,0.04007169742973837,0.03583995905556682,0.02,159,4,86
cast19,inv,15,0.02,uniform_nz,92,1291,941,0,0,0.0,0.04531384492987826,0.04007169742973837,0.03583995905556682,0.02,159,4,86
cast19,inv,15,0.02,weighted,92,1298,941,0,0,0.0,0.04007169742973837,0.04007169742973837,0.03583995905556682,0.02,159,4,86
cast19,inv,15,0.02,active_judge,92,1289,941,0,0,0.0,0.10232050079573266,0.04007169742973837,0.03583995905556682,0.02,159,4,86
cast19,inv,15,0.02,strat_pilot,92,1276,941,0,0,0.0,0.040094242633885314,0.04007169742973837,0.03583995905556682,0.02,159,4,86
cast19,inv,15,0.02,weighted_cv,92,1265,941,0,0,0.0,0.05678259105898775,0.04007169742973837,0.03583995905556682,0.02,159,4,86
cast19,inv,15,0.02,active_cv,92,1278,941,0,0,0.0,0.1347306243919986,0.04007169742973837,0.03583995905556682,0.02,159,4,86
cast19,inv,15,0.02,weighted_cvl,92,1268,941,0,0,0.0,0.04007169742973837,0.04007169742973837,0.03583995905556682,0.02,159,4,86
cast19,inv,15,0.02,uniform,93,1470,1087,0,0,0.0,0.22425399751311198,0.05065552216750637,0.033796981480552615,0.02,159,4,86
cast19,inv,15,0.02,uniform_nz,93,1407,1087,0,0,0.0,0.10103049002757225,0.05065552216750637,0.033796981480552615,0.02,159,4,86
cast19,inv,15,0.02,weighted,93,1426,1087,0,0,0.0,0.05065552216750637,0.05065552216750637,0.033796981480552615,0.02,159,4,86
cast19,inv,15,0.02,active_judge,93,1438,1087,0,0,0.0,0.09399363673225757,0.05065552216750637,0.033796981480552615,0.02,159,4,86
cast19,inv,15,0.02,strat_pilot,93,1423,1087,0,0,0.0,0.050653819518344155,0.05065552216750637,0.033796981480552615,0.02,159,4,86
cast19,inv,15,0.02,weighted_cv,93,1434,1087,0,0,0.0,0.060182017420633505,0.05065552216750637,0.033796981480552615,0.02,159,4,86
cast19,inv,15,0.02,active_cv,93,1431,1087,0,0,0.0,0.12066976714301351,0.05065552216750637,0.033796981480552615,0.02,159,4,86
cast19,inv,15,0.02,weighted_cvl,93,1434,1087,0,0,0.0,0.05074233668222363,0.05065552216750637,0.033796981480552615,0.02,159,4,86
cast19,inv,15,0.02,uniform,94,1231,957,0,0,0.0,0.24522028833411139,0.0531801371759578,0.03639869103802673,0.02,159,4,75
cast19,inv,15,0.02,uniform_nz,94,1278,957,0,0,0.0,0.09383468669658752,0.0531801371759578,0.03639869103802673,0.02,159,4,75
cast19,inv,15,0.02,weighted,94,1250,957,0,0,0.0,0.0531801371759578,0.0531801371759578,0.03639869103802673,0.02,159,4,75
cast19,inv,15,0.02,active_judge,94,1265,957,0,0,0.0,0.10286676506530432,0.0531801371759578,0.03639869103802673,0.02,159,4,75
cast19,inv,15,0.02,strat_pilot,94,1264,957,0,0,0.0,0.05312199894575205,0.0531801371759578,0.03639869103802673,0.02,159,4,75
cast19,inv,15,0.02,weighted_cv,94,1246,957,0,0,0.0,0.060447199480578806,0.0531801371759578,0.03639869103802673,0.02,159,4,75
cast19,inv,15,0.02,active_cv,94,1261,957,0,0,0.0,0.10939897767946416,0.0531801371759578,0.03639869103802673,0.02,159,4,75
cast19,inv,15,0.02,weighted_cvl,94,1277,957,1,0,0.0,0.0531801371759578,0.0531801371759578,0.03639869103802673,0.02,159,4,75
cast19,inv,15,0.02,uniform,95,1204,974,0,0,0.020797611907418634,0.6874434852426885,0.05108573874366512,0.02212700697994817,-0.0007976119074186334,159,4,68
cast19,inv,15,0.02,uniform_nz,95,1255,974,0,0,0.020797611907418634,0.2310939656546748,0.05108573874366512,0.02212700697994817,-0.0007976119074186334,159,4,68
cast19,inv,15,0.02,weighted,95,1236,974,0,0,0.020797611907418634,0.05108573874366512,0.05108573874366512,0.02212700697994817,-0.0007976119074186334,159,4,68
cast19,inv,15,0.02,active_judge,95,1230,974,0,0,0.020797611907418634,0.13807447509857423,0.05108573874366512,0.02212700697994817,-0.0007976119074186334,159,4,68
cast19,inv,15,0.02,strat_pilot,95,1238,974,0,0,0.020797611907418634,0.050990398405990435,0.05108573874366512,0.02212700697994817,-0.0007976119074186334,159,4,68
cast19,inv,15,0.02,weighted_cv,95,1232,974,0,0,0.020797611907418634,0.06250250127486498,0.05108573874366512,0.02212700697994817,-0.0007976119074186334,159,4,68
cast19,inv,15,0.02,active_cv,95,1243,974,0,0,0.020797611907418634,0.17327904084011694,0.05108573874366512,0.02212700697994817,-0.0007976119074186334,159,4,68
cast19,inv,15,0.02,weighted_cvl,95,1244,974,0,0,0.020797611907418634,0.05108573874366512,0.05108573874366512,0.02212700697994817,-0.0007976119074186334,159,4,68
cast19,inv,15,0.02,uniform,96,1457,969,0,0,0.018671584434546862,0.3487202349083128,0.08908571377809162,0.021119463555306788,0.0013284155654531386,159,4,119
cast19,inv,15,0.02,uniform_nz,96,1480,969,0,0,0.018671584434546862,0.224057635093705,0.08908571377809162,0.021119463555306788,0.0013284155654531386,159,4,119
cast19,inv,15,0.02,weighted,96,1452,969,0,0,0.018671584434546862,0.08908571377809162,0.08908571377809162,0.021119463555306788,0.0013284155654531386,159,4,119
cast19,inv,15,0.02,active_judge,96,1454,969,0,0,0.018671584434546862,0.17933316130407265,0.08908571377809162,0.021119463555306788,0.0013284155654531386,159,4,119
cast19,inv,15,0.02,strat_pilot,96,1470,969,0,0,0.018671584434546862,0.08886814206280545,0.08908571377809162,0.021119463555306788,0.0013284155654531386,159,4,119
cast19,inv,15,0.02,weighted_cv,96,1447,969,0,0,0.018671584434546862,0.11305447874839678,0.08908571377809162,0.021119463555306788,0.0013284155654531386,159,4,119
cast19,inv,15,0.02,active_cv,96,1465,969,0,0,0.018671584434546862,0.3008101858982119,0.08908571377809162,0.021119463555306788,0.0013284155654531386,159,4,119
cast19,inv,15,0.02,weighted_cvl,96,1423,969,0,0,0.018671584434546862,0.08908571377809162,0.08908571377809162,0.021119463555306788,0.0013284155654531386,159,4,119
cast19,inv,15,0.02,uniform,97,1257,922,0,0,0.0,0.23385793702566615,0.07973372914603678,0.040060236246381775,0.02,159,4,86
cast19,inv,15,0.02,uniform_nz,97,1248,922,0,0,0.0,0.10050100841234084,0.07973372914603678,0.040060236246381775,0.02,159,4,86
cast19,inv,15,0.02,weighted,97,1257,922,1,0,0.0,0.07973372914603678,0.07973372914603678,0.040060236246381775,0.02,159,4,86
cast19,inv,15,0.02,active_judge,97,1265,922,0,0,0.0,0.20008036210623903,0.07973372914603678,0.040060236246381775,0.02,159,4,86
cast19,inv,15,0.02,strat_pilot,97,1265,922,0,0,0.0,0.07970600822594295,0.07973372914603678,0.040060236246381775,0.02,159,4,86
cast19,inv,15,0.02,weighted_cv,97,1265,922,0,0,0.0,0.10682828123073147,0.07973372914603678,0.040060236246381775,0.02,159,4,86
cast19,inv,15,0.02,active_cv,97,1270,922,0,0,0.0,0.25473017483009425,0.07973372914603678,0.040060236246381775,0.02,159,4,86
cast19,inv,15,0.02,weighted_cvl,97,1249,922,0,0,0.0,0.07973372914603678,0.07973372914603678,0.040060236246381775,0.02,159,4,86
cast19,inv,15,0.02,uniform,98,1370,899,0,0,0.0,0.20758396068882418,0.08766783680387577,0.03555250147742408,0.02,159,4,119
cast19,inv,15,0.02,uniform_nz,98,1424,899,0,0,0.0,0.12030177476726403,0.08766783680387577,0.03555250147742408,0.02,159,4,119
cast19,inv,15,0.02,weighted,98,1374,899,0,0,0.0,0.08766783680387577,0.08766783680387577,0.03555250147742408,0.02,159,4,119
cast19,inv,15,0.02,active_judge,98,1413,899,0,0,0.0,0.1934948049427083,0.08766783680387577,0.03555250147742408,0.02,159,4,119
cast19,inv,15,0.02,strat_pilot,98,1394,899,0,0,0.0,0.08762422972273817,0.08766783680387577,0.03555250147742408,0.02,159,4,119
cast19,inv,15,0.02,weighted_cv,98,1358,899,0,0,0.0,0.13044924666372376,0.08766783680387577,0.03555250147742408,0.02,159,4,119
cast19,inv,15,0.02,active_cv,98,1355,899,0,0,0.0,0.318903020082902,0.08766783680387577,0.03555250147742408,0.02,159,4,119
cast19,inv,15,0.02,weighted_cvl,98,1375,899,0,0,0.0,0.08766783680387577,0.08766783680387577,0.03555250147742408,0.02,159,4,119
cast19,inv,15,0.02,uniform,99,1449,947,0,0,0.0,0.2077902820969446,0.094167261644602,0.04194054039019714,0.02,159,4,119
cast19,inv,15,0.02,uniform_nz,99,1431,947,0,0,0.0,0.1333429336583355,0.094167261644602,0.04194054039019714,0.02,159,4,119
cast19,inv,15,0.02,weighted,99,1451,947,0,0,0.0,0.094167261644602,0.094167261644602,0.04194054039019714,0.02,159,4,119
cast19,inv,15,0.02,active_judge,99,1445,947,0,0,0.0,0.23078458027618148,0.094167261644602,0.04194054039019714,0.02,159,4,119
cast19,inv,15,0.02,strat_pilot,99,1393,947,0,0,0.0,0.09419235586663881,0.094167261644602,0.04194054039019714,0.02,159,4,119
cast19,inv,15,0.02,weighted_cv,99,1433,947,0,0,0.0,0.13485776568993454,0.094167261644602,0.04194054039019714,0.02,159,4,119
cast19,inv,15,0.02,active_cv,99,1433,947,0,0,0.0,0.3028520939898143,0.094167261644602,0.04194054039019714,0.02,159,4,119
cast19,inv,15,0.02,weighted_cvl,99,1407,947,0,0,0.0,0.094167261644602,0.094167261644602,0.04194054039019714,0.02,159,4,119
cast19,inv,15,0.02,uniform,100,1345,990,0,0,0.0,0.2856195850729426,0.07521419757660552,0.02224263165791298,0.02,159,4,86
cast19,inv,15,0.02,uniform_nz,100,1310,990,0,0,0.0,0.11222461822804311,0.07521419757660552,0.02224263165791298,0.02,159,4,86
cast19,inv,15,0.02,weighted,100,1338,990,1,0,0.0,0.07521419757660552,0.07521419757660552,0.02224263165791298,0.02,159,4,86
cast19,inv,15,0.02,active_judge,100,1325,990,0,0,0.0,0.16685280176844705,0.07521419757660552,0.02224263165791298,0.02,159,4,86
cast19,inv,15,0.02,strat_pilot,100,1336,990,1,0,0.0,0.07520867114586768,0.07521419757660552,0.02224263165791298,0.02,159,4,86
cast19,inv,15,0.02,weighted_cv,100,1316,990,0,0,0.0,0.08316469111053468,0.07521419757660552,0.02224263165791298,0.02,159,4,86
cast19,inv,15,0.02,active_cv,100,1312,990,1,0,0.0,0.18659407628235164,0.07521419757660552,0.02224263165791298,0.02,159,4,86
cast19,inv,15,0.02,weighted_cvl,100,1312,990,0,0,0.0,0.07521419757660552,0.07521419757660552,0.02224263165791298,0.02,159,4,86
cast19,inv,15,0.02,uniform,101,1223,947,0,0,0.005882053198852377,0.24921596783710606,0.08132351137783847,0.023668248563927675,0.014117946801147623,159,4,75
cast19,inv,15,0.02,uniform_nz,101,1242,947,0,0,0.005882053198852377,0.088765003001245,0.08132351137783847,0.023668248563927675,0.014117946801147623,159,4,75
cast19,inv,15,0.02,weighted,101,1241,947,0,0,0.005882053198852377,0.08132351137783847,0.08132351137783847,0.023668248563927675,0.014117946801147623,159,4,75
cast19,inv,15,0.02,active_judge,101,1240,947,0,0,0.005882053198852377,0.15844013133466867,0.08132351137783847,0.023668248563927675,0.014117946801147623,159,4,75
cast19,inv,15,0.02,strat_pilot,101,1258,947,0,0,0.005882053198852377,0.08132860919572785,0.08132351137783847,0.023668248563927675,0.014117946801147623,159,4,75
cast19,inv,15,0.02,weighted_cv,101,1226,947,0,0,0.005882053198852377,0.08866793577554032,0.08132351137783847,0.023668248563927675,0.014117946801147623,159,4,75
cast19,inv,15,0.02,active_cv,101,1247,947,0,0,0.005882053198852377,0.16741505790622221,0.08132351137783847,0.023668248563927675,0.014117946801147623,159,4,75
cast19,inv,15,0.02,weighted_cvl,101,1258,947,0,0,0.005882053198852377,0.08132351137783847,0.08132351137783847,0.023668248563927675,0.014117946801147623,159,4,75
cast19,inv,15,0.02,uniform,102,1311,959,0,0,0.012531454939320397,0.17683162991230753,0.046014857160692,0.01651803194860807,0.007468545060679604,159,4,86
cast19,inv,15,0.02,uniform_nz,102,1283,959,0,0,0.012531454939320397,0.07555408146838002,0.046014857160692,0.01651803194860807,0.007468545060679604,159,4,86
cast19,inv,15,0.02,weighted,102,1297,959,0,0,0.012531454939320397,0.046014857160692,0.046014857160692,0.01651803194860807,0.007468545060679604,159,4,86
cast19,inv,15,0.02,active_judge,102,1306,959,0,0,0.012531454939320397,0.156315161685586,0.046014857160692,0.01651803194860807,0.007468545060679604,159,4,86
cast19,inv,15,0.02,strat_pilot,102,1297,959,0,0,0.012531454939320397,0.045925182394125054,0.046014857160692,0.01651803194860807,0.007468545060679604,159,4,86
cast19,inv,15,0.02,weighted_cv,102,1322,959,0,0,0.012531454939320397,0.057004031530830356,0.046014857160692,0.01651803194860807,0.007468545060679604,159,4,86
cast19,inv,15,0.02,active_cv,102,1297,959,0,0,0.012531454939320397,0.17531712539383926,0.046014857160692,0.01651803194860807,0.007468545060679604,159,4,86
cast19,inv,15,0.02,weighted_cvl,102,1323,959,0,0,0.012531454939320397,0.046014857160692,0.046014857160692,0.01651803194860807,0.007468545060679604,159,4,86
cast19,inv,15,0.02,uniform,103,1249,888,0,0,0.0,0.17874754255788586,0.0558488528136194,0.01909104074950003,0.02,159,4,86
cast19,inv,15,0.02,uniform_nz,103,1246,888,0,0,0.0,0.06761792145023375,0.0558488528136194,0.01909104074950003,0.02,159,4,86
cast19,inv,15,0.02,weighted,103,1224,888,1,0,0.0,0.0558488528136194,0.0558488528136194,0.01909104074950003,0.02,159,4,86
cast19,inv,15,0.02,active_judge,103,1237,888,0,0,0.0,0.15730589050667745,0.0558488528136194,0.01909104074950003,0.02,159,4,86
cast19,inv,15,0.02,strat_pilot,103,1262,888,0,0,0.0,0.05585178044755745,0.0558488528136194,0.01909104074950003,0.02,159,4,86
cast19,inv,15,0.02,weighted_cv,103,1261,888,0,0,0.0,0.06701569923743217,0.0558488528136194,0.01909104074950003,0.02,159,4,86
cast19,inv,15,0.02,active_cv,103,1223,888,0,0,0.0,0.17887818328172708,0.0558488528136194,0.01909104074950003,0.02,159,4,86
cast19,inv,15,0.02,weighted_cvl,103,1210,888,0,0,0.0,0.0558488528136194,0.0558488528136194,0.01909104074950003,0.02,159,4,86
cast19,inv,15,0.02,uniform,104,1489,1011,0,0,0.0,0.8665312514487192,0.0846321513304601,0.0643075238813225,0.02,159,4,119
cast19,inv,15,0.02,uniform_nz,104,1473,1011,0,0,0.0,0.5421959796191163,0.0846321513304601,0.0643075238813225,0.02,159,4,119
cast19,inv,15,0.02,weighted,104,1502,1011,0,0,0.0,0.0846321513304601,0.0846321513304601,0.0643075238813225,0.02,159,4,119
cast19,inv,15,0.02,active_judge,104,1480,1011,0,0,0.0,0.22207060918242014,0.0846321513304601,0.0643075238813225,0.02,159,4,119
cast19,inv,15,0.02,strat_pilot,104,1466,1011,0,0,0.0,0.08475829054168751,0.0846321513304601,0.0643075238813225,0.02,159,4,119
cast19,inv,15,0.02,weighted_cv,104,1508,1011,0,0,0.0,0.11557718824700487,0.0846321513304601,0.0643075238813225,0.02,159,4,119
cast19,inv,15,0.02,active_cv,104,1494,1011,0,0,0.0,0.31844869585477453,0.0846321513304601,0.0643075238813225,0.02,159,4,119
cast19,inv,15,0.02,weighted_cvl,104,1495,1011,0,0,0.0,0.0846321513304601,0.0846321513304601,0.0643075238813225,0.02,159,4,119
cast19,inv,15,0.02,uniform,105,1517,1033,0,0,0.0,0.39312009995808184,0.10762565800713145,0.0538539316480493,0.02,159,4,119
cast19,inv,15,0.02,uniform_nz,105,1518,1033,0,0,0.0,0.23663258049186112,0.10762565800713145,0.0538539316480493,0.02,159,4,119
cast19,inv,15,0.02,weighted,105,1530,1033,0,0,0.0,0.10762565800713145,0.10762565800713145,0.0538539316480493,0.02,159,4,119
cast19,inv,15,0.02,active_judge,105,1500,1033,0,0,0.0,0.30469532635916047,0.10762565800713145,0.0538539316480493,0.02,159,4,119
cast19,inv,15,0.02,strat_pilot,105,1553,1033,0,0,0.0,0.10757965879712313,0.10762565800713145,0.0538539316480493,0.02,159,4,119
cast19,inv,15,0.02,weighted_cv,105,1511,1033,0,0,0.0,0.14860482160247307,0.10762565800713145,0.0538539316480493,0.02,159,4,119
cast19,inv,15,0.02,active_cv,105,1495,1033,0,0,0.0,0.4253876358057074,0.10762565800713145,0.0538539316480493,0.02,159,4,119
cast19,inv,15,0.02,weighted_cvl,105,1504,1033,0,0,0.0,0.10762565800713145,0.10762565800713145,0.0538539316480493,0.02,159,4,119
cast19,inv,15,0.02,uniform,106,1534,1025,0,0,0.0,0.29117817133894236,0.11700113756428385,0.0302862095870408,0.02,159,4,119
cast19,inv,15,0.02,uniform_nz,106,1498,1025,0,0,0.0,0.18996705487875104,0.11700113756428385,0.0302862095870408,0.02,159,4,119
cast19,inv,15,0.02,weighted,106,1538,1025,0,0,0.0,0.11700113756428385,0.11700113756428385,0.0302862095870408,0.02,159,4,119
cast19,inv,15,0.02,active_judge,106,1496,1025,0,0,0.0,0.27376401521153804,0.11700113756428385,0.0302862095870408,0.02,159,4,119
cast19,inv,15,0.02,strat_pilot,106,1545,1025,0,0,0.0,0.11695542885375632,0.11700113756428385,0.0302862095870408,0.02,159,4,119
cast19,inv,15,0.02,weighted_cv,106,1510,1025,0,0,0.0,0.15949994268012666,0.11700113756428385,0.0302862095870408,0.02,159,4,119
cast19,inv,15,0.02,active_cv,106,1480,1025,0,0,0.0,0.3992256914286429,0.11700113756428385,0.0302862095870408,0.02,159,4,119
cast19,inv,15,0.02,weighted_cvl,106,1525,1025,0,0,0.0,0.11700113756428385,0.11700113756428385,0.0302862095870408,0.02,159,4,119
cast19,inv,15,0.02,uniform,107,1347,1017,0,0,0.006571946989672062,0.04961983156871553,0.02113069183968575,0.03338084672461776,0.013428053010327939,159,4,86
cast19,inv,15,0.02,uniform_nz,107,1378,1017,0,0,0.006571946989672062,0.024304225413136017,0.02113069183968575,0.03338084672461776,0.013428053010327939,159,4,86
cast19,inv,15,0.02,weighted,107,1350,1017,0,0,0.006571946989672062,0.02113069183968575,0.02113069183968575,0.03338084672461776,0.013428053010327939,159,4,86
cast19,inv,15,0.02,active_judge,107,1371,1017,0,0,0.006571946989672062,0.04995299474908826,0.02113069183968575,0.03338084672461776,0.013428053010327939,159,4,86
cast19,inv,15,0.02,strat_pilot,107,1387,1017,0,0,0.006571946989672062,0.02083902012576979,0.02113069183968575,0.03338084672461776,0.013428053010327939,159,4,86
cast19,inv,15,0.02,weighted_cv,107,1349,1017,0,0,0.006571946989672062,0.02623265913947147,0.02113069183968575,0.03338084672461776,0.013428053010327939,159,4,86
cast19,inv,15,0.02,active_cv,107,1358,1017,0,0,0.006571946989672062,0.05490564934854734,0.02113069183968575,0.03338084672461776,0.013428053010327939,159,4,86
cast19,inv,15,0.02,weighted_cvl,107,1378,1017,0,0,0.006571946989672062,0.02113069183968575,0.02113069183968575,0.03338084672461776,0.013428053010327939,159,4,86
cast19,inv,15,0.02,uniform,108,1307,952,0,0,0.01668310125261141,0.10257453040535369,0.04319747771317363,0.05190354799648411,0.0033168987473885907,159,4,86
cast19,inv,15,0.02,uniform_nz,108,1291,952,0,0,0.01668310125261141,0.05009025582173906,0.04319747771317363,0.05190354799648411,0.0033168987473885907,159,4,86
cast19,inv,15,0.02,weighted,108,1268,952,0,0,0.01668310125261141,0.04319747771317363,0.04319747771317363,0.05190354799648411,0.0033168987473885907,159,4,86
cast19,inv,15,0.02,active_judge,108,1274,952,0,0,0.01668310125261141,0.11237282262635247,0.04319747771317363,0.05190354799648411,0.0033168987473885907,159,4,86
cast19,inv,15,0.02,strat_pilot,108,1285,952,0,0,0.01668310125261141,0.04325620893861187,0.04319747771317363,0.05190354799648411,0.0033168987473885907,159,4,86
cast19,inv,15,0.02,weighted_cv,108,1302,952,0,0,0.01668310125261141,0.04925733211276264,0.04319747771317363,0.05190354799648411,0.0033168987473885907,159,4,86
cast19,inv,15,0.02,active_cv,108,1275,952,0,0,0.01668310125261141,0.12618298780260506,0.04319747771317363,0.05190354799648411,0.0033168987473885907,159,4,86
cast19,inv,15,0.02,weighted_cvl,108,1289,952,0,0,0.01668310125261141,0.04319747771317363,0.04319747771317363,0.05190354799648411,0.0033168987473885907,159,4,86
cast19,inv,15,0.02,uniform,109,1308,957,0,0,0.0,0.16086934475159093,0.0569019825840301,0.057670009588757065,0.02,159,4,86
cast19,inv,15,0.02,uniform_nz,109,1305,957,0,0,0.0,0.0665204330724278,0.0569019825840301,0.057670009588757065,0.02,159,4,86
cast19,inv,15,0.02,weighted,109,1307,957,1,0,0.0,0.0569019825840301,0.0569019825840301,0.057670009588757065,0.02,159,4,86
cast19,inv,15,0.02,active_judge,109,1297,957,1,0,0.0,0.14388588440373373,0.0569019825840301,0.057670009588757065,0.02,159,4,86
cast19,inv,15,0.02,strat_pilot,109,1310,957,0,0,0.0,0.056810046901924136,0.0569019825840301,0.057670009588757065,0.02,159,4,86
cast19,inv,15,0.02,weighted_cv,109,1290,957,0,0,0.0,0.07270316292960484,0.0569019825840301,0.057670009588757065,0.02,159,4,86
cast19,inv,15,0.02,active_cv,109,1272,957,0,0,0.0,0.17536334130478348,0.0569019825840301,0.057670009588757065,0.02,159,4,86
cast19,inv,15,0.02,weighted_cvl,109,1321,957,1,0,0.0,0.0569019825840301,0.0569019825840301,0.057670009588757065,0.02,159,4,86
cast19,inv,15,0.02,uniform,110,1494,1002,0,0,0.0,0.4472232560173234,0.10198698701967268,0.04777689688528966,0.02,159,4,119
cast19,inv,15,0.02,uniform_nz,110,1464,1002,0,0,0.0,0.2583471982176337,0.10198698701967268,0.04777689688528966,0.02,159,4,119
cast19,inv,15,0.02,weighted,110,1462,1002,0,0,0.0,0.10198698701967268,0.10198698701967268,0.04777689688528966,0.02,159,4,119
cast19,inv,15,0.02,active_judge,110,1481,1002,0,0,0.0,0.26575795209040026,0.10198698701967268,0.04777689688528966,0.02,159,4,119
cast19,inv,15,0.02,strat_pilot,110,1444,1002,1,0,0.0,0.10223114604755756,0.10198698701967268,0.04777689688528966,0.02,159,4,119
cast19,inv,15,0.02,weighted_cv,110,1430,1002,0,0,0.0,0.15159091588109863,0.10198698701967268,0.04777689688528966,0.02,159,4,119
cast19,inv,15,0.02,active_cv,110,1459,1002,0,0,0.0,0.34837318736427336,0.10198698701967268,0.04777689688528966,0.02,159,4,119
cast19,inv,15,0.02,weighted_cvl,110,1489,1002,1,0,0.0,0.10198698701967268,0.10198698701967268,0.04777689688528966,0.02,159,4,119
cast19,inv,15,0.02,uniform,111,1293,946,0,0,0.0015825561723025183,0.22255993000199198,0.0527456922073201,0.037359847399724914,0.018417443827697482,159,4,86
cast19,inv,15,0.02,uniform_nz,111,1278,946,0,0,0.0015825561723025183,0.0995434622011903,0.0527456922073201,0.037359847399724914,0.018417443827697482,159,4,86
cast19,inv,15,0.02,weighted,111,1305,946,0,0,0.0015825561723025183,0.0527456922073201,0.0527456922073201,0.037359847399724914,0.018417443827697482,159,4,86
cast19,inv,15,0.02,active_judge,111,1280,946,0,0,0.0015825561723025183,0.14390717162543862,0.0527456922073201,0.037359847399724914,0.018417443827697482,159,4,86
cast19,inv,15,0.02,strat_pilot,111,1313,946,1,0,0.0015825561723025183,0.052625356561820616,0.0527456922073201,0.037359847399724914,0.018417443827697482,159,4,86
cast19,inv,15,0.02,weighted_cv,111,1265,946,0,0,0.0015825561723025183,0.07135781037635307,0.0527456922073201,0.037359847399724914,0.018417443827697482,159,4,86
cast19,inv,15,0.02,active_cv,111,1315,946,0,0,0.0015825561723025183,0.17832687985729267,0.0527456922073201,0.037359847399724914,0.018417443827697482,159,4,86
cast19,inv,15,0.02,weighted_cvl,111,1317,946,0,0,0.0015825561723025183,0.0527456922073201,0.0527456922073201,0.037359847399724914,0.018417443827697482,159,4,86
cast19,inv,15,0.02,uniform,112,1431,1069,0,0,0.0,0.5135251083786763,0.04708898042731869,0.04506667625961944,0.02,159,4,86
cast19,inv,15,0.02,uniform_nz,112,1408,1069,0,0,0.0,0.28080381927838755,0.04708898042731869,0.04506667625961944,0.02,159,4,86
cast19,inv,15,0.02,weighted,112,1418,1069,0,0,0.0,0.04708898042731869,0.04708898042731869,0.04506667625961944,0.02,159,4,86
cast19,inv,15,0.02,active_judge,112,1424,1069,0,0,0.0,0.11781609998111205,0.04708898042731869,0.04506667625961944,0.02,159,4,86
cast19,inv,15,0.02,strat_pilot,112,1419,1069,0,0,0.0,0.047032668982946904,0.04708898042731869,0.04506667625961944,0.02,159,4,86
cast19,inv,15,0.02,weighted_cv,112,1428,1069,0,0,0.0,0.05594141961562481,0.04708898042731869,0.04506667625961944,0.02,159,4,86
cast19,inv,15,0.02,active_cv,112,1416,1069,0,0,0.0,0.12426481391731181,0.04708898042731869,0.04506667625961944,0.02,159,4,86
cast19,inv,15,0.02,weighted_cvl,112,1436,1069,0,0,0.0,0.04708898042731869,0.04708898042731869,0.04506667625961944,0.02,159,4,86
cast19,inv,15,0.02,uniform,113,1253,940,0,0,0.0,0.27352774426863846,0.07036677598651477,0.02845382494182804,0.02,159,4,86
cast19,inv,15,0.02,uniform_nz,113,1293,940,0,0,0.0,0.12467192499759354,0.07036677598651477,0.02845382494182804,0.02,159,4,86
cast19,inv,15,0.02,weighted,113,1269,940,0,0,0.0,0.07036677598651477,0.07036677598651477,0.02845382494182804,0.02,159,4,86
cast19,inv,15,0.02,active_judge,113,1271,940,0,0,0.0,0.2106617112733879,0.07036677598651477,0.02845382494182804,0.02,159,4,86
cast19,inv,15,0.02,strat_pilot,113,1272,940,0,0,0.0,0.07038414135636861,0.07036677598651477,0.02845382494182804,0.02,159,4,86
cast19,inv,15,0.02,weighted_cv,113,1288,940,0,0,0.0,0.08094499732008267,0.07036677598651477,0.02845382494182804,0.02,159,4,86
cast19,inv,15,0.02,active_cv,113,1286,940,0,0,0.0,0.2305827578277945,0.07036677598651477,0.02845382494182804,0.02,159,4,86
cast19,inv,15,0.02,weighted_cvl,113,1299,940,0,0,0.0,0.07036677598651477,0.07036677598651477,0.02845382494182804,0.02,159,4,86
cast19,inv,15,0.02,uniform,114,1304,972,1,0,0.013654477637036422,0.09274556096407349,0.03794575630181229,0.03452864765789418,0.006345522362963579,159,4,86
cast19,inv,15,0.02,uniform_nz,114,1312,972,0,0,0.013654477637036422,0.04316207547321083,0.03794575630181229,0.03452864765789418,0.006345522362963579,159,4,86
cast19,inv,15,0.02,weighted,114,1320,972,0,0,0.013654477637036422,0.03794575630181229,0.03794575630181229,0.03452864765789418,0.006345522362963579,159,4,86
cast19,inv,15,0.02,active_judge,114,1332,972,0,0,0.013654477637036422,0.07616923755536735,0.03794575630181229,0.03452864765789418,0.006345522362963579,159,4,86
cast19,inv,15,0.02,strat_pilot,114,1295,972,0,0,0.013654477637036422,0.037935919961978364,0.03794575630181229,0.03452864765789418,0.006345522362963579,159,4,86
cast19,inv,15,0.02,weighted_cv,114,1307,972,0,0,0.013654477637036422,0.042445537707443574,0.03794575630181229,0.03452864765789418,0.006345522362963579,159,4,86
cast19,inv,15,0.02,active_cv,114,1331,972,0,0,0.013654477637036422,0.07902247402786204,0.03794575630181229,0.03452864765789418,0.006345522362963579,159,4,86
cast19,inv,15,0.02,weighted_cvl,114,1299,972,0,0,0.013654477637036422,0.03794575630181229,0.03794575630181229,0.03452864765789418,0.006345522362963579,159,4,86
cast19,inv,15,0.02,uniform,115,1226,927,0,0,0.0,0.12313765598746648,0.032112517531136996,0.02549241363211951,0.02,159,4,73
cast19,inv,15,0.02,uniform_nz,115,1214,927,0,0,0.0,0.038178742205056536,0.032112517531136996,0.02549241363211951,0.02,159,4,73
cast19,inv,15,0.02,weighted,115,1238,927,1,0,0.0,0.032112517531136996,0.032112517531136996,0.02549241363211951,0.02,159,4,73
cast19,inv,15,0.02,active_judge,115,1220,927,0,0,0.0,0.0938092278517492,0.032112517531136996,0.02549241363211951,0.02,159,4,73
cast19,inv,15,0.02,strat_pilot,115,1198,927,0,0,0.0,0.03165298898109897,0.032112517531136996,0.02549241363211951,0.02,159,4,73
cast19,inv,15,0.02,weighted_cv,115,1208,927,0,0,0.0,0.03875631211451791,0.032112517531136996,0.02549241363211951,0.02,159,4,73
cast19,inv,15,0.02,active_cv,115,1207,927,0,0,0.0,0.10550023342585786,0.032112517531136996,0.02549241363211951,0.02,159,4,73
cast19,inv,15,0.02,weighted_cvl,115,1226,927,0,0,0.0,0.032112517531136996,0.032112517531136996,0.02549241363211951,0.02,159,4,73
cast19,inv,15,0.02,uniform,116,1397,1050,0,0,0.0,0.5109602205220304,0.07806965705484797,0.07685341454713174,0.02,159,4,86
cast19,inv,15,0.02,uniform_nz,116,1387,1050,0,0,0.0,0.20188809558120369,0.07806965705484797,0.07685341454713174,0.02,159,4,86
cast19,inv,15,0.02,weighted,116,1404,1050,0,0,0.0,0.07806965705484797,0.07806965705484797,0.07685341454713174,0.02,159,4,86
cast19,inv,15,0.02,active_judge,116,1405,1050,0,0,0.0,0.19692448482464228,0.07806965705484797,0.07685341454713174,0.02,159,4,86
cast19,inv,15,0.02,strat_pilot,116,1400,1050,0,0,0.0,0.07787420354310146,0.07806965705484797,0.07685341454713174,0.02,159,4,86
cast19,inv,15,0.02,weighted_cv,116,1362,1050,0,0,0.0,0.10299101135734223,0.07806965705484797,0.07685341454713174,0.02,159,4,86
cast19,inv,15,0.02,active_cv,116,1389,1050,0,0,0.0,0.23328196901208448,0.07806965705484797,0.07685341454713174,0.02,159,4,86
cast19,inv,15,0.02,weighted_cvl,116,1436,1050,0,0,0.0,0.07806965705484797,0.07806965705484797,0.07685341454713174,0.02,159,4,86
cast19,inv,15,0.02,uniform,117,1372,1017,0,0,0.007560759046290777,0.37468742649569503,0.05815359139606804,0.019183040796430895,0.012439240953709223,159,4,86
cast19,inv,15,0.02,uniform_nz,117,1366,1017,0,0,0.007560759046290777,0.1569123215116735,0.05815359139606804,0.019183040796430895,0.012439240953709223,159,4,86
cast19,inv,15,0.02,weighted,117,1362,1017,0,0,0.007560759046290777,0.05815359139606804,0.05815359139606804,0.019183040796430895,0.012439240953709223,159,4,86
cast19,inv,15,0.02,active_judge,117,1333,1017,0,0,0.007560759046290777,0.1725834348195123,0.05815359139606804,0.019183040796430895,0.012439240953709223,159,4,86
cast19,inv,15,0.02,strat_pilot,117,1346,1017,0,0,0.007560759046290777,0.0581134245919413,0.05815359139606804,0.019183040796430895,0.012439240953709223,159,4,86
cast19,inv,15,0.02,weighted_cv,117,1357,1017,0,0,0.007560759046290777,0.07389503928833822,0.05815359139606804,0.019183040796430895,0.012439240953709223,159,4,86
cast19,inv,15,0.02,active_cv,117,1353,1017,0,0,0.007560759046290777,0.2045803666767762,0.05815359139606804,0.019183040796430895,0.012439240953709223,159,4,86
cast19,inv,15,0.02,weighted_cvl,117,1340,1017,0,0,0.007560759046290777,0.05815359139606804,0.05815359139606804,0.019183040796430895,0.012439240953709223,159,4,86
cast19,inv,15,0.02,uniform,118,1244,958,0,0,0.0,0.2129540077018545,0.03566631441236804,0.024548827347975956,0.02,159,4,73
cast19,inv,15,0.02,uniform_nz,118,1248,958,0,0,0.0,0.073877460253913,0.03566631441236804,0.024548827347975956,0.02,159,4,73
cast19,inv,15,0.02,weighted,118,1266,958,1,0,0.0,0.03566631441236804,0.03566631441236804,0.024548827347975956,0.02,159,4,73
cast19,inv,15,0.02,active_judge,118,1269,958,0,0,0.0,0.09826401258203121,0.03566631441236804,0.024548827347975956,0.02,159,4,73
cast19,inv,15,0.02,strat_pilot,118,1245,958,0,0,0.0,0.034881582200443705,0.03566631441236804,0.024548827347975956,0.02,159,4,73
cast19,inv,15,0.02,weighted_cv,118,1250,958,0,0,0.0,0.04737206466394718,0.03566631441236804,0.024548827347975956,0.02,159,4,73
cast19,inv,15,0.02,active_cv,118,1269,958,0,0,0.0,0.12179670392254302,0.03566631441236804,0.024548827347975956,0.02,159,4,73
cast19,inv,15,0.02,weighted_cvl,118,1239,958,0,0,0.0,0.03566631441236804,0.03566631441236804,0.024548827347975956,0.02,159,4,73
cast19,inv,15,0.02,uniform,119,1268,996,0,0,0.005882053198852377,0.42934439829297383,0.06281415613004,0.02195570138101099,0.014117946801147623,159,4,73
cast19,inv,15,0.02,uniform_nz,119,1281,996,0,0,0.005882053198852377,0.14491002117220897,0.06281415613004,0.02195570138101099,0.014117946801147623,159,4,73
cast19,inv,15,0.02,weighted,119,1273,996,0,0,0.005882053198852377,0.06281415613004,0.06281415613004,0.02195570138101099,0.014117946801147623,159,4,73
cast19,inv,15,0.02,active_judge,119,1278,996,0,0,0.005882053198852377,0.13686733488357644,0.06281415613004,0.02195570138101099,0.014117946801147623,159,4,73
cast19,inv,15,0.02,strat_pilot,119,1274,996,0,0,0.005882053198852377,0.06279849180514888,0.06281415613004,0.02195570138101099,0.014117946801147623,159,4,73
cast19,inv,15,0.02,weighted_cv,119,1272,996,0,0,0.005882053198852377,0.0722093915942518,0.06281415613004,0.02195570138101099,0.014117946801147623,159,4,73
cast19,inv,15,0.02,active_cv,119,1265,996,0,0,0.005882053198852377,0.15527195231520757,0.06281415613004,0.02195570138101099,0.014117946801147623,159,4,73
cast19,inv,15,0.02,weighted_cvl,119,1267,996,0,0,0.005882053198852377,0.06281415613004,0.06281415613004,0.02195570138101099,0.014117946801147623,159,4,73
cast19,inv,15,0.02,uniform,120,1352,1000,0,0,0.004181702570033585,0.1939754119482741,0.03837370109412587,0.02270245999021743,0.015818297429966415,159,4,86
cast19,inv,15,0.02,uniform_nz,120,1343,1000,0,0,0.004181702570033585,0.0867677190743876,0.03837370109412587,0.02270245999021743,0.015818297429966415,159,4,86
cast19,inv,15,0.02,weighted,120,1359,1000,0,0,0.004181702570033585,0.03837370109412587,0.03837370109412587,0.02270245999021743,0.015818297429966415,159,4,86
cast19,inv,15,0.02,active_judge,120,1345,1000,0,0,0.004181702570033585,0.09802123624266601,0.03837370109412587,0.02270245999021743,0.015818297429966415,159,4,86
cast19,inv,15,0.02,strat_pilot,120,1345,1000,0,0,0.004181702570033585,0.038188696372369615,0.03837370109412587,0.02270245999021743,0.015818297429966415,159,4,86
cast19,inv,15,0.02,weighted_cv,120,1367,1000,0,0,0.004181702570033585,0.052177282809135715,0.03837370109412587,0.02270245999021743,0.015818297429966415,159,4,86
cast19,inv,15,0.02,active_cv,120,1325,1000,0,0,0.004181702570033585,0.12845310081545294,0.03837370109412587,0.02270245999021743,0.015818297429966415,159,4,86
cast19,inv,15,0.02,weighted_cvl,120,1348,1000,0,0,0.004181702570033585,0.03837370109412587,0.03837370109412587,0.02270245999021743,0.015818297429966415,159,4,86
cast19,inv,15,0.02,uniform,121,1262,910,0,0,0.0041619028159902705,0.348251616975496,0.07800452885673612,0.020667536325044058,0.01583809718400973,159,4,86
cast19,inv,15,0.02,uniform_nz,121,1233,910,0,0,0.0041619028159902705,0.18839898094321056,0.07800452885673612,0.020667536325044058,0.01583809718400973,159,4,86
cast19,inv,15,0.02,weighted,121,1264,910,0,0,0.0041619028159902705,0.07800452885673612,0.07800452885673612,0.020667536325044058,0.01583809718400973,159,4,86
cast19,inv,15,0.02,active_judge,121,1258,910,0,0,0.0041619028159902705,0.15729275607003784,0.07800452885673612,0.020667536325044058,0.01583809718400973,159,4,86
cast19,inv,15,0.02,strat_pilot,121,1256,910,0,0,0.0041619028159902705,0.07800821566658493,0.07800452885673612,0.020667536325044058,0.01583809718400973,159,4,86
cast19,inv,15,0.02,weighted_cv,121,1269,910,0,0,0.0041619028159902705,0.08478007124681805,0.07800452885673612,0.020667536325044058,0.01583809718400973,159,4,86
cast19,inv,15,0.02,active_cv,121,1269,910,0,0,0.0041619028159902705,0.17033436533228904,0.07800452885673612,0.020667536325044058,0.01583809718400973,159,4,86
cast19,inv,15,0.02,weighted_cvl,121,1261,910,0,0,0.0041619028159902705,0.07800452885673612,0.07800452885673612,0.020667536325044058,0.01583809718400973,159,4,86
cast19,inv,15,0.02,uniform,122,1327,977,0,0,0.003695932562581994,0.20102513570886532,0.04983646159549997,0.03453232603060979,0.016304067437418007,159,4,86
cast19,inv,15,0.02,uniform_nz,122,1306,977,0,0,0.003695932562581994,0.09512131690044265,0.04983646159549997,0.03453232603060979,0.016304067437418007,159,4,86
cast19,inv,15,0.02,weighted,122,1339,977,0,0,0.003695932562581994,0.04983646159549997,0.04983646159549997,0.03453232603060979,0.016304067437418007,159,4,86
cast19,inv,15,0.02,active_judge,122,1321,977,0,0,0.003695932562581994,0.11550401338791345,0.04983646159549997,0.03453232603060979,0.016304067437418007,159,4,86
cast19,inv,15,0.02,strat_pilot,122,1307,977,0,0,0.003695932562581994,0.04985599381352594,0.04983646159549997,0.03453232603060979,0.016304067437418007,159,4,86
cast19,inv,15,0.02,weighted_cv,122,1277,977,0,0,0.003695932562581994,0.057571009332755184,0.04983646159549997,0.03453232603060979,0.016304067437418007,159,4,86
cast19,inv,15,0.02,active_cv,122,1329,977,0,0,0.003695932562581994,0.14185931558746312,0.04983646159549997,0.03453232603060979,0.016304067437418007,159,4,86
cast19,inv,15,0.02,weighted_cvl,122,1333,977,0,0,0.003695932562581994,0.04983646159549997,0.04983646159549997,0.03453232603060979,0.016304067437418007,159,4,86
cast19,inv,15,0.02,uniform,123,1338,1003,0,0,0.0,0.6536470717442808,0.05179844231868256,0.06856139190299239,0.02,159,4,86
cast19,inv,15,0.02,uniform_nz,123,1375,1003,0,0,0.0,0.2541895120920518,0.05179844231868256,0.06856139190299239,0.02,159,4,86
cast19,inv,15,0.02,weighted,123,1357,1003,1,0,0.0,0.05179844231868256,0.05179844231868256,0.06856139190299239,0.02,159,4,86
cast19,inv,15,0.02,active_judge,123,1338,1003,0,0,0.0,0.11041724281376195,0.05179844231868256,0.06856139190299239,0.02,159,4,86
cast19,inv,15,0.02,strat_pilot,123,1359,1003,0,0,0.0,0.0520063522855875,0.05179844231868256,0.06856139190299239,0.02,159,4,86
cast19,inv,15,0.02,weighted_cv,123,1343,1003,0,0,0.0,0.06011861190418779,0.05179844231868256,0.06856139190299239,0.02,159,4,86
cast19,inv,15,0.02,active_cv,123,1364,1003,0,0,0.0,0.1291918305141832,0.05179844231868256,0.06856139190299239,0.02,159,4,86
cast19,inv,15,0.02,weighted_cvl,123,1339,1003,1,0,0.0,0.05179844231868256,0.05179844231868256,0.06856139190299239,0.02,159,4,86
cast19,inv,15,0.02,uniform,124,1236,910,0,0,0.0,0.290246563121238,0.09416985318050342,0.0417886034711314,0.02,159,4,86
cast19,inv,15,0.02,uniform_nz,124,1251,910,0,0,0.0,0.13157890382774168,0.09416985318050342,0.0417886034711314,0.02,159,4,86
cast19,inv,15,0.02,weighted,124,1235,910,1,0,0.0,0.09416985318050342,0.09416985318050342,0.0417886034711314,0.02,159,4,86
cast19,inv,15,0.02,active_judge,124,1259,910,0,0,0.0,0.21340189967003492,0.09416985318050342,0.0417886034711314,0.02,159,4,86
cast19,inv,15,0.02,strat_pilot,124,1266,910,0,0,0.0,0.09423080145437467,0.09416985318050342,0.0417886034711314,0.02,159,4,86
cast19,inv,15,0.02,weighted_cv,124,1242,910,0,0,0.0,0.11434462286243648,0.09416985318050342,0.0417886034711314,0.02,159,4,86
cast19,inv,15,0.02,active_cv,124,1246,910,0,0,0.0,0.25108818683857714,0.09416985318050342,0.0417886034711314,0.02,159,4,86
cast19,inv,15,0.02,weighted_cvl,124,1258,910,0,0,0.0,0.09416985318050342,0.09416985318050342,0.0417886034711314,0.02,159,4,86
cast19,inv,15,0.02,uniform,125,1330,1000,0,0,0.0,0.26789678212068757,0.0636992422019002,0.040170213214717865,0.02,159,4,86
cast19,inv,15,0.02,uniform_nz,125,1376,1000,0,0,0.0,0.09029706052385264,0.0636992422019002,0.040170213214717865,0.02,159,4,86
cast19,inv,15,0.02,weighted,125,1317,1000,0,0,0.0,0.0636992422019002,0.0636992422019002,0.040170213214717865,0.02,159,4,86
cast19,inv,15,0.02,active_judge,125,1351,1000,0,0,0.0,0.14501328238641403,0.0636992422019002,0.040170213214717865,0.02,159,4,86
cast19,inv,15,0.02,strat_pilot,125,1333,1000,0,0,0.0,0.06350705989553226,0.0636992422019002,0.040170213214717865,0.02,159,4,86
cast19,inv,15,0.02,weighted_cv,125,1355,1000,0,0,0.0,0.07996077846814571,0.0636992422019002,0.040170213214717865,0.02,159,4,86
cast19,inv,15,0.02,active_cv,125,1330,1000,0,0,0.0,0.17486441160729732,0.0636992422019002,0.040170213214717865,0.02,159,4,86
cast19,inv,15,0.02,weighted_cvl,125,1344,1000,0,0,0.0,0.0636992422019002,0.0636992422019002,0.040170213214717865,0.02,159,4,86
cast19,inv,15,0.02,uniform,126,1290,950,0,0,0.0,0.21068084599483203,0.0659115398566815,0.05537504937281153,0.02,159,4,86
cast19,inv,15,0.02,uniform_nz,126,1295,950,0,0,0.0,0.08590192898487033,0.0659115398566815,0.05537504937281153,0.02,159,4,86
cast19,inv,15,0.02,weighted,126,1301,950,0,0,0.0,0.0659115398566815,0.0659115398566815,0.05537504937281153,0.02,159,4,86
cast19,inv,15,0.02,active_judge,126,1309,950,0,0,0.0,0.14223528127610838,0.0659115398566815,0.05537504937281153,0.02,159,4,86
cast19,inv,15,0.02,strat_pilot,126,1316,950,1,0,0.0,0.06590574324850472,0.0659115398566815,0.05537504937281153,0.02,159,4,86
cast19,inv,15,0.02,weighted_cv,126,1299,950,0,0,0.0,0.07975092471102979,0.0659115398566815,0.05537504937281153,0.02,159,4,86
cast19,inv,15,0.02,active_cv,126,1284,950,0,0,0.0,0.16552560755380638,0.0659115398566815,0.05537504937281153,0.02,159,4,86
cast19,inv,15,0.02,weighted_cvl,126,1262,950,0,0,0.0,0.0659115398566815,0.0659115398566815,0.05537504937281153,0.02,159,4,86
cast19,inv,15,0.02,uniform,127,1316,965,0,0,0.02048520461691694,0.13802809315218514,0.04981463370982851,0.036530440060048505,-0.00048520461691694064,159,4,86
cast19,inv,15,0.02,uniform_nz,127,1336,965,0,0,0.02048520461691694,0.058262838555677585,0.04981463370982851,0.036530440060048505,-0.00048520461691694064,159,4,86
cast19,inv,15,0.02,weighted,127,1326,965,0,0,0.02048520461691694,0.04981463370982851,0.04981463370982851,0.036530440060048505,-0.00048520461691694064,159,4,86
cast19,inv,15,0.02,active_judge,127,1325,965,0,0,0.02048520461691694,0.10204196117359307,0.04981463370982851,0.036530440060048505,-0.00048520461691694064,159,4,86
cast19,inv,15,0.02,strat_pilot,127,1328,965,0,0,0.02048520461691694,0.04980897577648001,0.04981463370982851,0.036530440060048505,-0.00048520461691694064,159,4,86
cast19,inv,15,0.02,weighted_cv,127,1323,965,0,0,0.02048520461691694,0.0526416140604322,0.04981463370982851,0.036530440060048505,-0.00048520461691694064,159,4,86
cast19,inv,15,0.02,active_cv,127,1277,965,0,0,0.02048520461691694,0.10562113011036782,0.04981463370982851,0.036530440060048505,-0.00048520461691694064,159,4,86
cast19,inv,15,0.02,weighted_cvl,127,1316,965,0,0,0.02048520461691694,0.0497820603918626,0.04981463370982851,0.036530440060048505,-0.00048520461691694064,159,4,86
cast19,inv,15,0.02,uniform,128,1419,957,0,0,0.005809007039819125,0.20920750786494988,0.09613580619298687,0.023087606753668447,0.014190992960180875,159,4,119
cast19,inv,15,0.02,uniform_nz,128,1455,957,0,0,0.005809007039819125,0.13102222352067344,0.09613580619298687,0.023087606753668447,0.014190992960180875,159,4,119
cast19,inv,15,0.02,weighted,128,1433,957,0,0,0.005809007039819125,0.09613580619298687,0.09613580619298687,0.023087606753668447,0.014190992960180875,159,4,119
cast19,inv,15,0.02,active_judge,128,1435,957,0,0,0.005809007039819125,0.24224095961808642,0.09613580619298687,0.023087606753668447,0.014190992960180875,159,4,119
cast19,inv,15,0.02,strat_pilot,128,1430,957,0,0,0.005809007039819125,0.0961747006139925,0.09613580619298687,0.023087606753668447,0.014190992960180875,159,4,119
cast19,inv,15,0.02,weighted_cv,128,1430,957,0,0,0.005809007039819125,0.118241320662407,0.09613580619298687,0.023087606753668447,0.014190992960180875,159,4,119
cast19,inv,15,0.02,active_cv,128,1446,957,0,0,0.005809007039819125,0.3014978994939483,0.09613580619298687,0.023087606753668447,0.014190992960180875,159,4,119
cast19,inv,15,0.02,weighted_cvl,128,1457,957,0,0,0.005809007039819125,0.09613580619298687,0.09613580619298687,0.023087606753668447,0.014190992960180875,159,4,119
cast19,inv,15,0.02,uniform,129,1336,968,0,0,0.0,1.0858950440280875,0.07409031407379021,0.06922705129783169,0.02,159,4,86
cast19,inv,15,0.02,uniform_nz,129,1311,968,1,0,0.0,0.4982356138709386,0.07409031407379021,0.06922705129783169,0.02,159,4,86
cast19,inv,15,0.02,weighted,129,1327,968,0,0,0.0,0.07409031407379021,0.07409031407379021,0.06922705129783169,0.02,159,4,86
cast19,inv,15,0.02,active_judge,129,1297,968,1,0,0.0,0.17813491363662254,0.07409031407379021,0.06922705129783169,0.02,159,4,86
cast19,inv,15,0.02,strat_pilot,129,1305,968,0,0,0.0,0.07409462826224567,0.07409031407379021,0.06922705129783169,0.02,159,4,86
cast19,inv,15,0.02,weighted_cv,129,1327,968,0,0,0.0,0.08150108017882925,0.07409031407379021,0.06922705129783169,0.02,159,4,86
cast19,inv,15,0.02,active_cv,129,1286,968,0,0,0.0,0.18483688777134594,0.07409031407379021,0.06922705129783169,0.02,159,4,86
cast19,inv,15,0.02,weighted_cvl,129,1331,968,0,0,0.0,0.07409031407379021,0.07409031407379021,0.06922705129783169,0.02,159,4,86
cast19,inv,15,0.02,uniform,130,1310,968,0,0,0.0,0.15263385464656282,0.05457388142934148,0.028796011753095135,0.02,159,4,86
cast19,inv,15,0.02,uniform_nz,130,1328,968,0,0,0.0,0.06197896314272074,0.05457388142934148,0.028796011753095135,0.02,159,4,86
cast19,inv,15,0.02,weighted,130,1310,968,0,0,0.0,0.05457388142934148,0.05457388142934148,0.028796011753095135,0.02,159,4,86
cast19,inv,15,0.02,active_judge,130,1328,968,0,0,0.0,0.1271033555761878,0.05457388142934148,0.028796011753095135,0.02,159,4,86
cast19,inv,15,0.02,strat_pilot,130,1311,968,0,0,0.0,0.05443119054141793,0.05457388142934148,0.028796011753095135,0.02,159,4,86
cast19,inv,15,0.02,weighted_cv,130,1289,968,0,0,0.0,0.07389940486790736,0.05457388142934148,0.028796011753095135,0.02,159,4,86
cast19,inv,15,0.02,active_cv,130,1309,968,0,0,0.0,0.17203925138882376,0.05457388142934148,0.028796011753095135,0.02,159,4,86
cast19,inv,15,0.02,weighted_cvl,130,1298,968,0,0,0.0,0.05457388142934148,0.05457388142934148,0.028796011753095135,0.02,159,4,86
cast19,inv,15,0.02,uniform,131,1271,923,0,0,0.014629507439860245,0.11752912572504312,0.04680677840362758,0.02129943907378622,0.005370492560139755,159,4,86
cast19,inv,15,0.02,uniform_nz,131,1302,923,1,0,0.014629507439860245,0.05827042857348289,0.04680677840362758,0.02129943907378622,0.005370492560139755,159,4,86
cast19,inv,15,0.02,weighted,131,1254,923,0,0,0.014629507439860245,0.04680677840362758,0.04680677840362758,0.02129943907378622,0.005370492560139755,159,4,86
cast19,inv,15,0.02,active_judge,131,1259,923,0,0,0.014629507439860245,0.10571519572735788,0.04680677840362758,0.02129943907378622,0.005370492560139755,159,4,86
cast19,inv,15,0.02,strat_pilot,131,1287,923,0,0,0.014629507439860245,0.04679127539622724,0.04680677840362758,0.02129943907378622,0.005370492560139755,159,4,86
cast19,inv,15,0.02,weighted_cv,131,1262,923,0,0,0.014629507439860245,0.0524833523843848,0.04680677840362758,0.02129943907378622,0.005370492560139755,159,4,86
cast19,inv,15,0.02,active_cv,131,1255,923,0,0,0.014629507439860245,0.11390760815169872,0.04680677840362758,0.02129943907378622,0.005370492560139755,159,4,86
cast19,inv,15,0.02,weighted_cvl,131,1290,923,1,0,0.014629507439860245,0.046821124373674326,0.04680677840362758,0.02129943907378622,0.005370492560139755,159,4,86
cast19,inv,15,0.02,uniform,132,1404,1024,0,0,0.049010284320297304,0.14474993377567574,0.05484171073206819,0.009821958152823693,-0.029010284320297303,159,4,86
cast19,inv,15,0.02,uniform_nz,132,1363,1024,0,0,0.049010284320297304,0.06351586085840133,0.05484171073206819,0.009821958152823693,-0.029010284320297303,159,4,86
cast19,inv,15,0.02,weighted,132,1365,1024,0,0,0.049010284320297304,0.05484171073206819,0.05484171073206819,0.009821958152823693,-0.029010284320297303,159,4,86
cast19,inv,15,0.02,active_judge,132,1356,1024,0,0,0.049010284320297304,0.12494786451886788,0.05484171073206819,0.009821958152823693,-0.029010284320297303,159,4,86
cast19,inv,15,0.02,strat_pilot,132,1362,1024,0,0,0.049010284320297304,0.05489916049883285,0.05484171073206819,0.009821958152823693,-0.029010284320297303,159,4,86
cast19,inv,15,0.02,weighted_cv,132,1381,1024,0,0,0.049010284320297304,0.07007972707744192,0.05484171073206819,0.009821958152823693,-0.029010284320297303,159,4,86
cast19,inv,15,0.02,active_cv,132,1368,1024,0,0,0.049010284320297304,0.16421537364494715,0.05484171073206819,0.009821958152823693,-0.029010284320297303,159,4,86
cast19,inv,15,0.02,weighted_cvl,132,1337,1024,0,0,0.049010284320297304,0.05484171073206819,0.05484171073206819,0.009821958152823693,-0.029010284320297303,159,4,86
cast19,inv,15,0.02,uniform,133,1524,1060,0,0,0.01289473044333067,0.1336710580381461,0.07402162655841822,0.031361740317807765,0.0071052695566693296,159,4,119
cast19,inv,15,0.02,uniform_nz,133,1524,1060,0,0,0.01289473044333067,0.08582830044376293,0.07402162655841822,0.031361740317807765,0.0071052695566693296,159,4,119
cast19,inv,15,0.02,weighted,133,1535,1060,0,0,0.01289473044333067,0.07402162655841822,0.07402162655841822,0.031361740317807765,0.0071052695566693296,159,4,119
cast19,inv,15,0.02,active_judge,133,1510,1060,0,0,0.01289473044333067,0.16178904142922348,0.07402162655841822,0.031361740317807765,0.0071052695566693296,159,4,119
cast19,inv,15,0.02,strat_pilot,133,1536,1060,0,0,0.01289473044333067,0.07424544441785359,0.07402162655841822,0.031361740317807765,0.0071052695566693296,159,4,119
cast19,inv,15,0.02,weighted_cv,133,1553,1060,0,0,0.01289473044333067,0.10258168606863174,0.07402162655841822,0.031361740317807765,0.0071052695566693296,159,4,119
cast19,inv,15,0.02,active_cv,133,1546,1060,0,0,0.01289473044333067,0.21950313298206364,0.07402162655841822,0.031361740317807765,0.0071052695566693296,159,4,119
cast19,inv,15,0.02,weighted_cvl,133,1535,1060,0,0,0.01289473044333067,0.07402162655841822,0.07402162655841822,0.031361740317807765,0.0071052695566693296,159,4,119
cast19,inv,15,0.02,uniform,134,1348,1002,0,0,0.00041237729957499525,0.5586176879097542,0.08424902572506147,0.07450948009965037,0.019587622700425005,159,4,86
cast19,inv,15,0.02,uniform_nz,134,1356,1002,0,0,0.00041237729957499525,0.23818043087547958,0.08424902572506147,0.07450948009965037,0.019587622700425005,159,4,86
cast19,inv,15,0.02,weighted,134,1362,1002,0,0,0.00041237729957499525,0.08424902572506147,0.08424902572506147,0.07450948009965037,0.019587622700425005,159,4,86
cast19,inv,15,0.02,active_judge,134,1339,1002,0,0,0.00041237729957499525,0.24238645826141592,0.08424902572506147,0.07450948009965037,0.019587622700425005,159,4,86
cast19,inv,15,0.02,strat_pilot,134,1324,1002,0,0,0.00041237729957499525,0.0842744012906019,0.08424902572506147,0.07450948009965037,0.019587622700425005,159,4,86
cast19,inv,15,0.02,weighted_cv,134,1356,1002,0,0,0.00041237729957499525,0.09925539612642473,0.08424902572506147,0.07450948009965037,0.019587622700425005,159,4,86
cast19,inv,15,0.02,active_cv,134,1315,1002,0,0,0.00041237729957499525,0.2731055376083663,0.08424902572506147,0.07450948009965037,0.019587622700425005,159,4,86
cast19,inv,15,0.02,weighted_cvl,134,1368,1002,0,0,0.00041237729957499525,0.08424902572506147,0.08424902572506147,0.07450948009965037,0.019587622700425005,159,4,86
cast19,inv,15,0.02,uniform,135,1308,986,0,0,0.0,0.1130032161687291,0.04621310701586971,0.02249266449924345,0.02,159,4,86
cast19,inv,15,0.02,uniform_nz,135,1342,986,0,0,0.0,0.050475990554451865,0.04621310701586971,0.02249266449924345,0.02,159,4,86
cast19,inv,15,0.02,weighted,135,1321,986,0,0,0.0,0.04621310701586971,0.04621310701586971,0.02249266449924345,0.02,159,4,86
cast19,inv,15,0.02,active_judge,135,1344,986,0,0,0.0,0.09792777558914938,0.04621310701586971,0.02249266449924345,0.02,159,4,86
cast19,inv,15,0.02,strat_pilot,135,1339,986,0,0,0.0,0.046211497643111915,0.04621310701586971,0.02249266449924345,0.02,159,4,86
cast19,inv,15,0.02,weighted_cv,135,1321,986,0,0,0.0,0.0614572944321198,0.04621310701586971,0.02249266449924345,0.02,159,4,86
cast19,inv,15,0.02,active_cv,135,1322,986,0,0,0.0,0.12158782476009881,0.04621310701586971,0.02249266449924345,0.02,159,4,86
cast19,inv,15,0.02,weighted_cvl,135,1323,986,0,0,0.0,0.04621310701586971,0.04621310701586971,0.02249266449924345,0.02,159,4,86
cast19,inv,15,0.02,uniform,136,1337,966,0,0,0.014629507439860245,0.16177936950172672,0.03724149671749081,0.04878143260229993,0.005370492560139755,159,4,86
cast19,inv,15,0.02,uniform_nz,136,1312,966,0,0,0.014629507439860245,0.08565330250015768,0.03724149671749081,0.04878143260229993,0.005370492560139755,159,4,86
cast19,inv,15,0.02,weighted,136,1291,966,0,0,0.014629507439860245,0.03724149671749081,0.03724149671749081,0.04878143260229993,0.005370492560139755,159,4,86
cast19,inv,15,0.02,active_judge,136,1275,966,0,0,0.014629507439860245,0.07522900082004227,0.03724149671749081,0.04878143260229993,0.005370492560139755,159,4,86
cast19,inv,15,0.02,strat_pilot,136,1306,966,0,0,0.014629507439860245,0.037196162891568144,0.03724149671749081,0.04878143260229993,0.005370492560139755,159,4,86
cast19,inv,15,0.02,weighted_cv,136,1293,966,0,0,0.014629507439860245,0.044482009058983044,0.03724149671749081,0.04878143260229993,0.005370492560139755,159,4,86
cast19,inv,15,0.02,active_cv,136,1322,966,0,0,0.014629507439860245,0.08897967531601851,0.03724149671749081,0.04878143260229993,0.005370492560139755,159,4,86
cast19,inv,15,0.02,weighted_cvl,136,1302,966,0,0,0.014629507439860245,0.03724149671749081,0.03724149671749081,0.04878143260229993,0.005370492560139755,159,4,86
cast19,inv,15,0.02,uniform,137,1315,960,0,0,0.0,0.2748263321283731,0.09628406323802734,0.05436554273899474,0.02,159,4,86
cast19,inv,15,0.02,uniform_nz,137,1324,960,0,0,0.0,0.1266525518119604,0.09628406323802734,0.05436554273899474,0.02,159,4,86
cast19,inv,15,0.02,weighted,137,1287,960,0,0,0.0,0.09628406323802734,0.09628406323802734,0.05436554273899474,0.02,159,4,86
cast19,inv,15,0.02,active_judge,137,1326,960,0,0,0.0,0.20987935951845005,0.09628406323802734,0.05436554273899474,0.02,159,4,86
cast19,inv,15,0.02,strat_pilot,137,1285,960,1,0,0.0,0.09631848324162326,0.09628406323802734,0.05436554273899474,0.02,159,4,86
cast19,inv,15,0.02,weighted_cv,137,1325,960,0,0,0.0,0.11104040210441783,0.09628406323802734,0.05436554273899474,0.02,159,4,86
cast19,inv,15,0.02,active_cv,137,1309,960,0,0,0.0,0.23303159842500074,0.09628406323802734,0.05436554273899474,0.02,159,4,86
cast19,inv,15,0.02,weighted_cvl,137,1315,960,0,0,0.0,0.09628406323802734,0.09628406323802734,0.05436554273899474,0.02,159,4,86
cast19,inv,15,0.02,uniform,138,1398,951,0,0,0.0,0.5469757685999352,0.07308289697469379,0.04165623676513433,0.02,159,4,119
cast19,inv,15,0.02,uniform_nz,138,1496,951,0,0,0.0,0.4126589540412654,0.07308289697469379,0.04165623676513433,0.02,159,4,119
cast19,inv,15,0.02,weighted,138,1422,951,0,0,0.0,0.07308289697469379,0.07308289697469379,0.04165623676513433,0.02,159,4,119
cast19,inv,15,0.02,active_judge,138,1433,951,0,0,0.0,0.16792107585838528,0.07308289697469379,0.04165623676513433,0.02,159,4,119
cast19,inv,15,0.02,strat_pilot,138,1419,951,0,0,0.0,0.07324238653061428,0.07308289697469379,0.04165623676513433,0.02,159,4,119
cast19,inv,15,0.02,weighted_cv,138,1407,951,0,0,0.0,0.10174517370782392,0.07308289697469379,0.04165623676513433,0.02,159,4,119
cast19,inv,15,0.02,active_cv,138,1462,951,0,0,0.0,0.2278120439927412,0.07308289697469379,0.04165623676513433,0.02,159,4,119
cast19,inv,15,0.02,weighted_cvl,138,1414,951,0,0,0.0,0.07308289697469379,0.07308289697469379,0.04165623676513433,0.02,159,4,119
cast19,inv,15,0.02,uniform,139,1486,1015,0,0,0.0,0.17919780117321416,0.09366665234984042,0.026446419417916263,0.02,159,4,119
cast19,inv,15,0.02,uniform_nz,139,1500,1015,0,0,0.0,0.12084294097505974,0.09366665234984042,0.026446419417916263,0.02,159,4,119
cast19,inv,15,0.02,weighted,139,1506,1015,1,0,0.0,0.09366665234984042,0.09366665234984042,0.026446419417916263,0.02,159,4,119
cast19,inv,15,0.02,active_judge,139,1509,1015,0,0,0.0,0.1974856124344883,0.09366665234984042,0.026446419417916263,0.02,159,4,119
cast19,inv,15,0.02,strat_pilot,139,1477,1015,1,0,0.0,0.09369300882159567,0.09366665234984042,0.026446419417916263,0.02,159,4,119
cast19,inv,15,0.02,weighted_cv,139,1472,1015,0,0,0.0,0.12572368010718843,0.09366665234984042,0.026446419417916263,0.02,159,4,119
cast19,inv,15,0.02,active_cv,139,1494,1015,0,0,0.0,0.30526206609080814,0.09366665234984042,0.026446419417916263,0.02,159,4,119
cast19,inv,15,0.02,weighted_cvl,139,1482,1015,1,0,0.0,0.09366665234984042,0.09366665234984042,0.026446419417916263,0.02,159,4,119
cast19,inv,15,0.02,uniform,140,1316,969,0,0,0.0,0.30848019542434635,0.03252927780586587,0.023838273336944108,0.02,159,4,86
cast19,inv,15,0.02,uniform_nz,140,1291,969,1,0,0.0,0.12278336673651999,0.03252927780586587,0.023838273336944108,0.02,159,4,86
cast19,inv,15,0.02,weighted,140,1334,969,0,0,0.0,0.03252927780586587,0.03252927780586587,0.023838273336944108,0.02,159,4,86
cast19,inv,15,0.02,active_judge,140,1297,969,0,0,0.0,0.09635573629002758,0.03252927780586587,0.023838273336944108,0.02,159,4,86
cast19,inv,15,0.02,strat_pilot,140,1326,969,1,0,0.0,0.03253903724201811,0.03252927780586587,0.023838273336944108,0.02,159,4,86
cast19,inv,15,0.02,weighted_cv,140,1298,969,0,0,0.0,0.044996928060388644,0.03252927780586587,0.023838273336944108,0.02,159,4,86
cast19,inv,15,0.02,active_cv,140,1306,969,0,0,0.0,0.11575391823932976,0.03252927780586587,0.023838273336944108,0.02,159,4,86
cast19,inv,15,0.02,weighted_cvl,140,1306,969,0,0,0.0,0.03252477749261747,0.03252927780586587,0.023838273336944108,0.02,159,4,86
cast19,inv,15,0.02,uniform,141,1412,933,0,0,0.020885093075035444,0.16860085001628913,0.07840890220278399,0.032882270371552245,-0.0008850930750354431,159,4,119
cast19,inv,15,0.02,uniform_nz,141,1430,933,0,0,0.020885093075035444,0.096602552608842,0.07840890220278399,0.032882270371552245,-0.0008850930750354431,159,4,119
cast19,inv,15,0.02,weighted,141,1414,933,0,0,0.020885093075035444,0.07840890220278399,0.07840890220278399,0.032882270371552245,-0.0008850930750354431,159,4,119
cast19,inv,15,0.02,active_judge,141,1371,933,0,0,0.020885093075035444,0.19277824936522836,0.07840890220278399,0.032882270371552245,-0.0008850930750354431,159,4,119
cast19,inv,15,0.02,strat_pilot,141,1398,933,0,0,0.020885093075035444,0.07836654161545573,0.07840890220278399,0.032882270371552245,-0.0008850930750354431,159,4,119
cast19,inv,15,0.02,weighted_cv,141,1409,933,0,0,0.020885093075035444,0.09462957943803955,0.07840890220278399,0.032882270371552245,-0.0008850930750354431,159,4,119
cast19,inv,15,0.02,active_cv,141,1416,933,0,0,0.020885093075035444,0.2431859344211293,0.07840890220278399,0.032882270371552245,-0.0008850930750354431,159,4,119
cast19,inv,15,0.02,weighted_cvl,141,1397,933,0,0,0.020885093075035444,0.07840890220278399,0.07840890220278399,0.032882270371552245,-0.0008850930750354431,159,4,119
cast19,inv,15,0.02,uniform,142,1269,928,1,0,0.01831521819505938,0.09285364904746402,0.03846309907285879,0.04755926399806801,0.0016847818049406209,159,4,86
cast19,inv,15,0.02,uniform_nz,142,1255,928,0,0,0.01831521819505938,0.04871044911683331,0.03846309907285879,0.04755926399806801,0.0016847818049406209,159,4,86
cast19,inv,15,0.02,weighted,142,1272,928,0,0,0.01831521819505938,0.03846309907285879,0.03846309907285879,0.04755926399806801,0.0016847818049406209,159,4,86
cast19,inv,15,0.02,active_judge,142,1254,928,0,0,0.01831521819505938,0.10836837177779135,0.03846309907285879,0.04755926399806801,0.0016847818049406209,159,4,86
cast19,inv,15,0.02,strat_pilot,142,1255,928,0,0,0.01831521819505938,0.038311397622182594,0.03846309907285879,0.04755926399806801,0.0016847818049406209,159,4,86
cast19,inv,15,0.02,weighted_cv,142,1264,928,0,0,0.01831521819505938,0.04831878176094982,0.03846309907285879,0.04755926399806801,0.0016847818049406209,159,4,86
cast19,inv,15,0.02,active_cv,142,1249,928,0,0,0.01831521819505938,0.12488525420957655,0.03846309907285879,0.04755926399806801,0.0016847818049406209,159,4,86
cast19,inv,15,0.02,weighted_cvl,142,1253,928,0,0,0.01831521819505938,0.03846309907285879,0.03846309907285879,0.04755926399806801,0.0016847818049406209,159,4,86
cast19,inv,15,0.02,uniform,143,1317,978,0,0,0.0,0.21869156434326995,0.07923276985177186,0.03912032497945811,0.02,159,4,86
cast19,inv,15,0.02,uniform_nz,143,1319,978,0,0,0.0,0.10316270469835467,0.07923276985177186,0.03912032497945811,0.02,159,4,86
cast19,inv,15,0.02,weighted,143,1319,978,0,0,0.0,0.07923276985177186,0.07923276985177186,0.03912032497945811,0.02,159,4,86
cast19,inv,15,0.02,active_judge,143,1339,978,0,0,0.0,0.1853707090771745,0.07923276985177186,0.03912032497945811,0.02,159,4,86
cast19,inv,15,0.02,strat_pilot,143,1324,978,1,0,0.0,0.07920566902462484,0.07923276985177186,0.03912032497945811,0.02,159,4,86
cast19,inv,15,0.02,weighted_cv,143,1346,978,1,0,0.0,0.08930810860843702,0.07923276985177186,0.03912032497945811,0.02,159,4,86
cast19,inv,15,0.02,active_cv,143,1342,978,0,0,0.0,0.20218543966265515,0.07923276985177186,0.03912032497945811,0.02,159,4,86
cast19,inv,15,0.02,weighted_cvl,143,1309,978,1,0,0.0,0.07923276985177186,0.07923276985177186,0.03912032497945811,0.02,159,4,86
cast19,inv,15,0.02,uniform,144,1308,968,0,0,0.0037394099009515624,0.8582472478731482,0.08698859784453807,0.03514367692850665,0.016260590099048438,159,4,86
cast19,inv,15,0.02,uniform_nz,144,1301,968,0,0,0.0037394099009515624,0.38496769511557744,0.08698859784453807,0.03514367692850665,0.016260590099048438,159,4,86
cast19,inv,15,0.02,weighted,144,1289,968,0,0,0.0037394099009515624,0.08698859784453807,0.08698859784453807,0.03514367692850665,0.016260590099048438,159,4,86
cast19,inv,15,0.02,active_judge,144,1289,968,0,0,0.0037394099009515624,0.2284537925249742,0.08698859784453807,0.03514367692850665,0.016260590099048438,159,4,86
cast19,inv,15,0.02,strat_pilot,144,1315,968,0,0,0.0037394099009515624,0.08694516328457685,0.08698859784453807,0.03514367692850665,0.016260590099048438,159,4,86
cast19,inv,15,0.02,weighted_cv,144,1314,968,0,0,0.0037394099009515624,0.1007200546244598,0.08698859784453807,0.03514367692850665,0.016260590099048438,159,4,86
cast19,inv,15,0.02,active_cv,144,1349,968,1,0,0.0037394099009515624,0.24634970907332887,0.08698859784453807,0.03514367692850665,0.016260590099048438,159,4,86
cast19,inv,15,0.02,weighted_cvl,144,1287,968,0,0,0.0037394099009515624,0.08698859784453807,0.08698859784453807,0.03514367692850665,0.016260590099048438,159,4,86
cast19,inv,15,0.02,uniform,145,1340,1001,0,0,0.0,0.08216063143523263,0.03814792724045405,0.06068286267396174,0.02,159,4,86
cast19,inv,15,0.02,uniform_nz,145,1372,1001,0,0,0.0,0.041272808514169715,0.03814792724045405,0.06068286267396174,0.02,159,4,86
cast19,inv,15,0.02,weighted,145,1346,1001,0,0,0.0,0.03814792724045405,0.03814792724045405,0.06068286267396174,0.02,159,4,86
cast19,inv,15,0.02,active_judge,145,1318,1001,0,0,0.0,0.10732339401861699,0.03814792724045405,0.06068286267396174,0.02,159,4,86
cast19,inv,15,0.02,strat_pilot,145,1351,1001,0,0,0.0,0.03808903306503508,0.03814792724045405,0.06068286267396174,0.02,159,4,86
cast19,inv,15,0.02,weighted_cv,145,1336,1001,1,0,0.0,0.045771520612151326,0.03814792724045405,0.06068286267396174,0.02,159,4,86
cast19,inv,15,0.02,active_cv,145,1361,1001,0,0,0.0,0.11767174546465389,0.03814792724045405,0.06068286267396174,0.02,159,4,86
cast19,inv,15,0.02,weighted_cvl,145,1350,1001,0,0,0.0,0.03814792724045405,0.03814792724045405,0.06068286267396174,0.02,159,4,86
cast19,inv,15,0.02,uniform,146,1471,1009,0,0,0.0,0.30643113044140446,0.06407382551776855,0.015340345514578245,0.02,159,4,119
cast19,inv,15,0.02,uniform_nz,146,1488,1009,0,0,0.0,0.23251543077405584,0.06407382551776855,0.015340345514578245,0.02,159,4,119
cast19,inv,15,0.02,weighted,146,1470,1009,0,0,0.0,0.06407382551776855,0.06407382551776855,0.015340345514578245,0.02,159,4,119
cast19,inv,15,0.02,active_judge,146,1493,1009,0,0,0.0,0.1948837926253191,0.06407382551776855,0.015340345514578245,0.02,159,4,119
cast19,inv,15,0.02,strat_pilot,146,1473,1009,0,0,0.0,0.06418072215599488,0.06407382551776855,0.015340345514578245,0.02,159,4,119
cast19,inv,15,0.02,weighted_cv,146,1508,1009,1,0,0.0,0.09822022969432367,0.06407382551776855,0.015340345514578245,0.02,159,4,119
cast19,inv,15,0.02,active_cv,146,1458,1009,0,0,0.0,0.3063234489705803,0.06407382551776855,0.015340345514578245,0.02,159,4,119
cast19,inv,15,0.02,weighted_cvl,146,1512,1009,0,0,0.0,0.06425729090704616,0.06407382551776855,0.015340345514578245,0.02,159,4,119
cast19,inv,15,0.02,uniform,147,1232,941,0,0,0.0,0.24848503104916456,0.046969071373083746,0.034008195536833305,0.02,159,4,75
cast19,inv,15,0.02,uniform_nz,147,1212,941,0,0,0.0,0.08792394817494503,0.046969071373083746,0.034008195536833305,0.02,159,4,75
cast19,inv,15,0.02,weighted,147,1240,941,0,0,0.0,0.046969071373083746,0.046969071373083746,0.034008195536833305,0.02,159,4,75
cast19,inv,15,0.02,active_judge,147,1274,941,0,0,0.0,0.14056185765726295,0.046969071373083746,0.034008195536833305,0.02,159,4,75
cast19,inv,15,0.02,strat_pilot,147,1231,941,0,0,0.0,0.046316923371476616,0.046969071373083746,0.034008195536833305,0.02,159,4,75
cast19,inv,15,0.02,weighted_cv,147,1253,941,0,0,0.0,0.05909613278780288,0.046969071373083746,0.034008195536833305,0.02,159,4,75
cast19,inv,15,0.02,active_cv,147,1251,941,0,0,0.0,0.1653403338913435,0.046969071373083746,0.034008195536833305,0.02,159,4,75
cast19,inv,15,0.02,weighted_cvl,147,1227,941,1,0,0.0,0.046969071373083746,0.046969071373083746,0.034008195536833305,0.02,159,4,75
cast19,inv,15,0.02,uniform,148,1476,999,0,0,0.0,0.49946251889415094,0.11613082985835202,0.048932493770142305,0.02,159,4,119
cast19,inv,15,0.02,uniform_nz,148,1466,999,0,0,0.0,0.28960555922005493,0.11613082985835202,0.048932493770142305,0.02,159,4,119
cast19,inv,15,0.02,weighted,148,1467,999,0,0,0.0,0.11613082985835202,0.11613082985835202,0.048932493770142305,0.02,159,4,119
cast19,inv,15,0.02,active_judge,148,1486,999,0,0,0.0,0.268950876413007,0.11613082985835202,0.048932493770142305,0.02,159,4,119
cast19,inv,15,0.02,strat_pilot,148,1483,999,0,0,0.0,0.11622829818085827,0.11613082985835202,0.048932493770142305,0.02,159,4,119
cast19,inv,15,0.02,weighted_cv,148,1488,999,0,0,0.0,0.1520869567558534,0.11613082985835202,0.048932493770142305,0.02,159,4,119
cast19,inv,15,0.02,active_cv,148,1478,999,0,0,0.0,0.32948918302294794,0.11613082985835202,0.048932493770142305,0.02,159,4,119
cast19,inv,15,0.02,weighted_cvl,148,1508,999,1,0,0.0,0.11613082985835202,0.11613082985835202,0.048932493770142305,0.02,159,4,119
cast19,inv,15,0.02,uniform,149,1299,927,0,0,0.0,0.10824512474959484,0.03620165494383787,0.041738688251593756,0.02,159,4,86
cast19,inv,15,0.02,uniform_nz,149,1265,927,0,0,0.0,0.036980264463396834,0.03620165494383787,0.041738688251593756,0.02,159,4,86
cast19,inv,15,0.02,weighted,149,1270,927,0,0,0.0,0.03620165494383787,0.03620165494383787,0.041738688251593756,0.02,159,4,86
cast19,inv,15,0.02,active_judge,149,1271,927,0,0,0.0,0.07981564106876486,0.03620165494383787,0.041738688251593756,0.02,159,4,86
cast19,inv,15,0.02,strat_pilot,149,1276,927,0,0,0.0,0.0362351520168428,0.03620165494383787,0.041738688251593756,0.02,159,4,86
cast19,inv,15,0.02,weighted_cv,149,1267,927,1,0,0.0,0.0515076173112344,0.03620165494383787,0.041738688251593756,0.02,159,4,86
cast19,inv,15,0.02,active_cv,149,1260,927,0,0,0.0,0.10667854150558478,0.03620165494383787,0.041738688251593756,0.02,159,4,86
cast19,inv,15,0.02,weighted_cvl,149,1273,927,1,0,0.0,0.03619876845917025,0.03620165494383787,0.041738688251593756,0.02,159,4,86
cast19,inv,15,0.02,uniform,150,1328,966,0,0,0.0,0.6074760926103431,0.09929043456524951,0.0307657104241436,0.02,159,4,86
cast19,inv,15,0.02,uniform_nz,150,1293,966,1,0,0.0,0.294261614650586,0.09929043456524951,0.0307657104241436,0.02,159,4,86
cast19,inv,15,0.02,weighted,150,1328,966,0,0,0.0,0.09929043456524951,0.09929043456524951,0.0307657104241436,0.02,159,4,86
cast19,inv,15,0.02,active_judge,150,1295,966,0,0,0.0,0.2102793528931191,0.09929043456524951,0.0307657104241436,0.02,159,4,86
cast19,inv,15,0.02,strat_pilot,150,1312,966,0,0,0.0,0.09929972107559351,0.09929043456524951,0.0307657104241436,0.02,159,4,86
cast19,inv,15,0.02,weighted_cv,150,1316,966,1,0,0.0,0.11118673931782899,0.09929043456524951,0.0307657104241436,0.02,159,4,86
cast19,inv,15,0.02,active_cv,150,1320,966,0,0,0.0,0.24213429983971912,0.09929043456524951,0.0307657104241436,0.02,159,4,86
cast19,inv,15,0.02,weighted_cvl,150,1330,966,0,0,0.0,0.09929043456524951,0.09929043456524951,0.0307657104241436,0.02,159,4,86
cast19,inv,15,0.02,uniform,151,1443,956,0,0,0.00851811804678676,0.21302047801196045,0.08692510284445965,0.028486203911900508,0.01148188195321324,159,4,119
cast19,inv,15,0.02,uniform_nz,151,1457,956,0,0,0.00851811804678676,0.12770593978932884,0.08692510284445965,0.028486203911900508,0.01148188195321324,159,4,119
cast19,inv,15,0.02,weighted,151,1448,956,0,0,0.00851811804678676,0.08692510284445965,0.08692510284445965,0.028486203911900508,0.01148188195321324,159,4,119
cast19,inv,15,0.02,active_judge,151,1422,956,0,0,0.00851811804678676,0.20356101717891661,0.08692510284445965,0.028486203911900508,0.01148188195321324,159,4,119
cast19,inv,15,0.02,strat_pilot,151,1417,956,0,0,0.00851811804678676,0.08683814769261018,0.08692510284445965,0.028486203911900508,0.01148188195321324,159,4,119
cast19,inv,15,0.02,weighted_cv,151,1442,956,0,0,0.00851811804678676,0.13648376883189983,0.08692510284445965,0.028486203911900508,0.01148188195321324,159,4,119
cast19,inv,15,0.02,active_cv,151,1454,956,0,0,0.00851811804678676,0.3259987292784924,0.08692510284445965,0.028486203911900508,0.01148188195321324,159,4,119
cast19,inv,15,0.02,weighted_cvl,151,1387,956,0,0,0.00851811804678676,0.08692510284445965,0.08692510284445965,0.028486203911900508,0.01148188195321324,159,4,119
cast19,inv,15,0.02,uniform,152,1277,953,0,0,0.0,0.6143540832502502,0.06736329933271723,0.07321341678803989,0.02,159,4,86
cast19,inv,15,0.02,uniform_nz,152,1266,953,0,0,0.0,0.3082949272707275,0.06736329933271723,0.07321341678803989,0.02,159,4,86
cast19,inv,15,0.02,weighted,152,1281,953,0,0,0.0,0.06736329933271723,0.06736329933271723,0.07321341678803989,0.02,159,4,86
cast19,inv,15,0.02,active_judge,152,1278,953,0,0,0.0,0.17188364026627861,0.06736329933271723,0.07321341678803989,0.02,159,4,86
cast19,inv,15,0.02,strat_pilot,152,1302,953,0,0,0.0,0.06733468890397425,0.06736329933271723,0.07321341678803989,0.02,159,4,86
cast19,inv,15,0.02,weighted_cv,152,1307,953,0,0,0.0,0.08299747968774421,0.06736329933271723,0.07321341678803989,0.02,159,4,86
cast19,inv,15,0.02,active_cv,152,1292,953,0,0,0.0,0.2048982023803315,0.06736329933271723,0.07321341678803989,0.02,159,4,86
cast19,inv,15,0.02,weighted_cvl,152,1303,953,0,0,0.0,0.06736329933271723,0.06736329933271723,0.07321341678803989,0.02,159,4,86
cast19,inv,15,0.02,uniform,153,1458,982,0,0,0.0,0.8006936168383282,0.1349556656136589,0.09190327474383202,0.02,159,4,119
cast19,inv,15,0.02,uniform_nz,153,1471,982,0,0,0.0,0.521584384800105,0.1349556656136589,0.09190327474383202,0.02,159,4,119
cast19,inv,15,0.02,weighted,153,1482,982,0,0,0.0,0.1349556656136589,0.1349556656136589,0.09190327474383202,0.02,159,4,119
cast19,inv,15,0.02,active_judge,153,1475,982,0,0,0.0,0.3300662400750852,0.1349556656136589,0.09190327474383202,0.02,159,4,119
cast19,inv,15,0.02,strat_pilot,153,1434,982,0,0,0.0,0.13496683744137047,0.1349556656136589,0.09190327474383202,0.02,159,4,119
cast19,inv,15,0.02,weighted_cv,153,1456,982,0,0,0.0,0.16712370888420186,0.1349556656136589,0.09190327474383202,0.02,159,4,119
cast19,inv,15,0.02,active_cv,153,1427,982,0,0,0.0,0.37834699755585965,0.1349556656136589,0.09190327474383202,0.02,159,4,119
cast19,inv,15,0.02,weighted_cvl,153,1457,982,0,0,0.0,0.1349556656136589,0.1349556656136589,0.09190327474383202,0.02,159,4,119
cast19,inv,15,0.02,uniform,154,1367,1032,0,0,0.0,0.1446132673264178,0.04979444385581203,0.03229973969659662,0.02,159,4,86
cast19,inv,15,0.02,uniform_nz,154,1340,1032,0,0,0.0,0.06649349680540109,0.04979444385581203,0.03229973969659662,0.02,159,4,86
cast19,inv,15,0.02,weighted,154,1366,1032,1,0,0.0,0.04979444385581203,0.04979444385581203,0.03229973969659662,0.02,159,4,86
cast19,inv,15,0.02,active_judge,154,1370,1032,0,0,0.0,0.09865315926057323,0.04979444385581203,0.03229973969659662,0.02,159,4,86
cast19,inv,15,0.02,strat_pilot,154,1394,1032,0,0,0.0,0.04976529838114799,0.04979444385581203,0.03229973969659662,0.02,159,4,86
cast19,inv,15,0.02,weighted_cv,154,1355,1032,0,0,0.0,0.05473983160572513,0.04979444385581203,0.03229973969659662,0.02,159,4,86
cast19,inv,15,0.02,active_cv,154,1365,1032,0,0,0.0,0.11451772303284573,0.04979444385581203,0.03229973969659662,0.02,159,4,86
cast19,inv,15,0.02,weighted_cvl,154,1374,1032,1,0,0.0,0.04979444385581203,0.04979444385581203,0.03229973969659662,0.02,159,4,86
cast19,inv,15,0.02,uniform,155,1289,944,0,0,0.0,0.13551359268816104,0.05403849050393676,0.03479824405638781,0.02,159,4,86
cast19,inv,15,0.02,uniform_nz,155,1329,944,0,0,0.0,0.061425355447854504,0.05403849050393676,0.03479824405638781,0.02,159,4,86
cast19,inv,15,0.02,weighted,155,1301,944,0,0,0.0,0.05403849050393676,0.05403849050393676,0.03479824405638781,0.02,159,4,86
cast19,inv,15,0.02,active_judge,155,1275,944,0,0,0.0,0.11776386005338053,0.05403849050393676,0.03479824405638781,0.02,159,4,86
cast19,inv,15,0.02,strat_pilot,155,1285,944,0,0,0.0,0.054046577677065125,0.05403849050393676,0.03479824405638781,0.02,159,4,86
cast19,inv,15,0.02,weighted_cv,155,1307,944,0,0,0.0,0.06446244384639194,0.05403849050393676,0.03479824405638781,0.02,159,4,86
cast19,inv,15,0.02,active_cv,155,1270,944,0,0,0.0,0.13944516750336716,0.05403849050393676,0.03479824405638781,0.02,159,4,86
cast19,inv,15,0.02,weighted_cvl,155,1270,944,0,0,0.0,0.05403849050393676,0.05403849050393676,0.03479824405638781,0.02,159,4,86
cast19,inv,15,0.02,uniform,156,1355,994,0,0,0.006229960069366325,0.21740361390943658,0.05685041551977536,0.026678367572370465,0.013770039930633676,159,4,86
cast19,inv,15,0.02,uniform_nz,156,1351,994,1,0,0.006229960069366325,0.10744048327846889,0.05685041551977536,0.026678367572370465,0.013770039930633676,159,4,86
cast19,inv,15,0.02,weighted,156,1352,994,0,0,0.006229960069366325,0.05685041551977536,0.05685041551977536,0.026678367572370465,0.013770039930633676,159,4,86
cast19,inv,15,0.02,active_judge,156,1338,994,0,0,0.006229960069366325,0.1357782602198717,0.05685041551977536,0.026678367572370465,0.013770039930633676,159,4,86
cast19,inv,15,0.02,strat_pilot,156,1324,994,0,0,0.006229960069366325,0.0567997299019072,0.05685041551977536,0.026678367572370465,0.013770039930633676,159,4,86
cast19,inv,15,0.02,weighted_cv,156,1340,994,0,0,0.006229960069366325,0.06491729340600877,0.05685041551977536,0.026678367572370465,0.013770039930633676,159,4,86
cast19,inv,15,0.02,active_cv,156,1349,994,0,0,0.006229960069366325,0.157527586216731,0.05685041551977536,0.026678367572370465,0.013770039930633676,159,4,86
cast19,inv,15,0.02,weighted_cvl,156,1334,994,0,0,0.006229960069366325,0.05685041551977536,0.05685041551977536,0.026678367572370465,0.013770039930633676,159,4,86
cast19,inv,15,0.02,uniform,157,1257,910,0,0,0.0,0.1243856848902212,0.051266612497463795,0.04994141436478898,0.02,159,4,86
cast19,inv,15,0.02,uniform_nz,157,1245,910,1,0,0.0,0.055352607188982925,0.051266612497463795,0.04994141436478898,0.02,159,4,86
cast19,inv,15,0.02,weighted,157,1232,910,0,0,0.0,0.051266612497463795,0.051266612497463795,0.04994141436478898,0.02,159,4,86
cast19,inv,15,0.02,active_judge,157,1260,910,0,0,0.0,0.13133161860499185,0.051266612497463795,0.04994141436478898,0.02,159,4,86
cast19,inv,15,0.02,strat_pilot,157,1266,910,0,0,0.0,0.05121609948263961,0.051266612497463795,0.04994141436478898,0.02,159,4,86
cast19,inv,15,0.02,weighted_cv,157,1249,910,0,0,0.0,0.06363071505874787,0.051266612497463795,0.04994141436478898,0.02,159,4,86
cast19,inv,15,0.02,active_cv,157,1259,910,0,0,0.0,0.14760949730179623,0.051266612497463795,0.04994141436478898,0.02,159,4,86
cast19,inv,15,0.02,weighted_cvl,157,1225,910,0,0,0.0,0.051266612497463795,0.051266612497463795,0.04994141436478898,0.02,159,4,86
cast19,inv,15,0.02,uniform,158,1259,908,0,0,0.0,0.6225295154779272,0.08998219149424642,0.05276279168887528,0.02,159,4,86
cast19,inv,15,0.02,uniform_nz,158,1225,908,0,0,0.0,0.342792420298934,0.08998219149424642,0.05276279168887528,0.02,159,4,86
cast19,inv,15,0.02,weighted,158,1262,908,0,0,0.0,0.08998219149424642,0.08998219149424642,0.05276279168887528,0.02,159,4,86
cast19,inv,15,0.02,active_judge,158,1274,908,0,0,0.0,0.2039581846783851,0.08998219149424642,0.05276279168887528,0.02,159,4,86
cast19,inv,15,0.02,strat_pilot,158,1278,908,0,0,0.0,0.08997907136243141,0.08998219149424642,0.05276279168887528,0.02,159,4,86
cast19,inv,15,0.02,weighted_cv,158,1242,908,0,0,0.0,0.10025026032185214,0.08998219149424642,0.05276279168887528,0.02,159,4,86
cast19,inv,15,0.02,active_cv,158,1257,908,0,0,0.0,0.22067241519220254,0.08998219149424642,0.05276279168887528,0.02,159,4,86
cast19,inv,15,0.02,weighted_cvl,158,1265,908,0,0,0.0,0.08998219149424642,0.08998219149424642,0.05276279168887528,0.02,159,4,86
cast19,inv,15,0.02,uniform,159,1418,957,0,0,0.02617692749075029,0.16798210377043563,0.087701637036472,0.03166152851658975,-0.00617692749075029,159,4,119
cast19,inv,15,0.02,uniform_nz,159,1429,957,0,0,0.02617692749075029,0.11240558188987096,0.087701637036472,0.03166152851658975,-0.00617692749075029,159,4,119
cast19,inv,15,0.02,weighted,159,1425,957,0,0,0.02617692749075029,0.087701637036472,0.087701637036472,0.03166152851658975,-0.00617692749075029,159,4,119
cast19,inv,15,0.02,active_judge,159,1472,957,0,0,0.02617692749075029,0.15257670145770144,0.087701637036472,0.03166152851658975,-0.00617692749075029,159,4,119
cast19,inv,15,0.02,strat_pilot,159,1440,957,0,0,0.02617692749075029,0.08772012363872658,0.087701637036472,0.03166152851658975,-0.00617692749075029,159,4,119
cast19,inv,15,0.02,weighted_cv,159,1396,957,0,0,0.02617692749075029,0.10858924514227797,0.087701637036472,0.03166152851658975,-0.00617692749075029,159,4,119
cast19,inv,15,0.02,active_cv,159,1464,957,0,0,0.02617692749075029,0.19246995773038425,0.087701637036472,0.03166152851658975,-0.00617692749075029,159,4,119
cast19,inv,15,0.02,weighted_cvl,159,1421,957,0,0,0.02617692749075029,0.087701637036472,0.087701637036472,0.03166152851658975,-0.00617692749075029,159,4,119
cast19,inv,15,0.02,uniform,160,1399,1054,0,0,0.003695932562581994,0.1255946591451323,0.04117106250785933,0.03342232315723027,0.016304067437418007,159,4,86
cast19,inv,15,0.02,uniform_nz,160,1389,1054,0,0,0.003695932562581994,0.04616766397365739,0.04117106250785933,0.03342232315723027,0.016304067437418007,159,4,86
cast19,inv,15,0.02,weighted,160,1373,1054,0,0,0.003695932562581994,0.04117106250785933,0.04117106250785933,0.03342232315723027,0.016304067437418007,159,4,86
cast19,inv,15,0.02,active_judge,160,1393,1054,0,0,0.003695932562581994,0.08185085795562182,0.04117106250785933,0.03342232315723027,0.016304067437418007,159,4,86
cast19,inv,15,0.02,strat_pilot,160,1392,1054,0,0,0.003695932562581994,0.041191641387001134,0.04117106250785933,0.03342232315723027,0.016304067437418007,159,4,86
cast19,inv,15,0.02,weighted_cv,160,1384,1054,0,0,0.003695932562581994,0.046088344185715224,0.04117106250785933,0.03342232315723027,0.016304067437418007,159,4,86
cast19,inv,15,0.02,active_cv,160,1416,1054,0,0,0.003695932562581994,0.08722644625733592,0.04117106250785933,0.03342232315723027,0.016304067437418007,159,4,86
cast19,inv,15,0.02,weighted_cvl,160,1407,1054,0,0,0.003695932562581994,0.041392324986403384,0.04117106250785933,0.03342232315723027,0.016304067437418007,159,4,86
cast19,inv,15,0.02,uniform,161,1303,991,0,0,0.0,0.3606980754879999,0.07323843518697838,0.054541155438988256,0.02,159,4,86
cast19,inv,15,0.02,uniform_nz,161,1334,991,0,0,0.0,0.14146562185659067,0.07323843518697838,0.054541155438988256,0.02,159,4,86
cast19,inv,15,0.02,weighted,161,1318,991,0,0,0.0,0.07323843518697838,0.07323843518697838,0.054541155438988256,0.02,159,4,86
cast19,inv,15,0.02,active_judge,161,1340,991,0,0,0.0,0.2008835437507927,0.07323843518697838,0.054541155438988256,0.02,159,4,86
cast19,inv,15,0.02,strat_pilot,161,1333,991,0,0,0.0,0.07305888360670568,0.07323843518697838,0.054541155438988256,0.02,159,4,86
cast19,inv,15,0.02,weighted_cv,161,1351,991,0,0,0.0,0.09230356426830151,0.07323843518697838,0.054541155438988256,0.02,159,4,86
cast19,inv,15,0.02,active_cv,161,1359,991,0,0,0.0,0.2387468571487356,0.07323843518697838,0.054541155438988256,0.02,159,4,86
cast19,inv,15,0.02,weighted_cvl,161,1335,991,0,0,0.0,0.07323843518697838,0.07323843518697838,0.054541155438988256,0.02,159,4,86
cast19,inv,15,0.02,uniform,162,1509,1066,0,0,0.0,0.3822862908436699,0.11123374864915414,0.050267940634386665,0.02,159,4,119
cast19,inv,15,0.02,uniform_nz,162,1524,1066,0,0,0.0,0.2487309588099474,0.11123374864915414,0.050267940634386665,0.02,159,4,119
cast19,inv,15,0.02,weighted,162,1566,1066,0,0,0.0,0.11123374864915414,0.11123374864915414,0.050267940634386665,0.02,159,4,119
cast19,inv,15,0.02,active_judge,162,1546,1066,0,0,0.0,0.3199675768469599,0.11123374864915414,0.050267940634386665,0.02,159,4,119
cast19,inv,15,0.02,strat_pilot,162,1541,1066,0,0,0.0,0.11143780370138887,0.11123374864915414,0.050267940634386665,0.02,159,4,119
cast19,inv,15,0.02,weighted_cv,162,1524,1066,0,0,0.0,0.16037673321834126,0.11123374864915414,0.050267940634386665,0.02,159,4,119
cast19,inv,15,0.02,active_cv,162,1547,1066,0,0,0.0,0.49784693146591363,0.11123374864915414,0.050267940634386665,0.02,159,4,119
cast19,inv,15,0.02,weighted_cvl,162,1542,1066,0,0,0.0,0.11123374864915414,0.11123374864915414,0.050267940634386665,0.02,159,4,119
cast19,inv,15,0.02,uniform,163,1301,954,0,0,0.0,0.6316622750449719,0.06169369068058419,0.038697441189701254,0.02,159,4,86
cast19,inv,15,0.02,uniform_nz,163,1292,954,0,0,0.0,0.2617868868084037,0.06169369068058419,0.038697441189701254,0.02,159,4,86
cast19,inv,15,0.02,weighted,163,1298,954,0,0,0.0,0.06169369068058419,0.06169369068058419,0.038697441189701254,0.02,159,4,86
cast19,inv,15,0.02,active_judge,163,1284,954,0,0,0.0,0.12213542809821185,0.06169369068058419,0.038697441189701254,0.02,159,4,86
cast19,inv,15,0.02,strat_pilot,163,1326,954,0,0,0.0,0.06169388156576705,0.06169369068058419,0.038697441189701254,0.02,159,4,86
cast19,inv,15,0.02,weighted_cv,163,1299,954,0,0,0.0,0.06761397515166075,0.06169369068058419,0.038697441189701254,0.02,159,4,86
cast19,inv,15,0.02,active_cv,163,1288,954,0,0,0.0,0.129816894714342,0.06169369068058419,0.038697441189701254,0.02,159,4,86
cast19,inv,15,0.02,weighted_cvl,163,1306,954,0,0,0.0,0.06169369068058419,0.06169369068058419,0.038697441189701254,0.02,159,4,86
cast19,inv,15,0.02,uniform,164,1220,886,0,0,0.0,0.10150244057582598,0.045545773996607086,0.04739507439584839,0.02,159,4,86
cast19,inv,15,0.02,uniform_nz,164,1231,886,0,0,0.0,0.049409754545680785,0.045545773996607086,0.04739507439584839,0.02,159,4,86
cast19,inv,15,0.02,weighted,164,1259,886,0,0,0.0,0.045545773996607086,0.045545773996607086,0.04739507439584839,0.02,159,4,86
cast19,inv,15,0.02,active_judge,164,1246,886,0,0,0.0,0.11527882405499287,0.045545773996607086,0.04739507439584839,0.02,159,4,86
cast19,inv,15,0.02,strat_pilot,164,1207,886,0,0,0.0,0.045613653673331235,0.045545773996607086,0.04739507439584839,0.02,159,4,86
cast19,inv,15,0.02,weighted_cv,164,1222,886,0,0,0.0,0.054628734193585916,0.045545773996607086,0.04739507439584839,0.02,159,4,86
cast19,inv,15,0.02,active_cv,164,1245,886,0,0,0.0,0.13329344181432057,0.045545773996607086,0.04739507439584839,0.02,159,4,86
cast19,inv,15,0.02,weighted_cvl,164,1214,886,0,0,0.0,0.045545773996607086,0.045545773996607086,0.04739507439584839,0.02,159,4,86
cast19,inv,15,0.02,uniform,165,1404,1030,0,0,0.0,0.1102378847820527,0.04470478898792908,0.030902802270567103,0.02,159,4,86
cast19,inv,15,0.02,uniform_nz,165,1393,1030,0,0,0.0,0.049296045052045594,0.04470478898792908,0.030902802270567103,0.02,159,4,86
cast19,inv,15,0.02,weighted,165,1352,1030,0,0,0.0,0.04470478898792908,0.04470478898792908,0.030902802270567103,0.02,159,4,86
cast19,inv,15,0.02,active_judge,165,1399,1030,0,0,0.0,0.10723804944800093,0.04470478898792908,0.030902802270567103,0.02,159,4,86
cast19,inv,15,0.02,strat_pilot,165,1365,1030,0,0,0.0,0.04473291092455338,0.04470478898792908,0.030902802270567103,0.02,159,4,86
cast19,inv,15,0.02,weighted_cv,165,1371,1030,0,0,0.0,0.05730321015501759,0.04470478898792908,0.030902802270567103,0.02,159,4,86
cast19,inv,15,0.02,active_cv,165,1387,1030,0,0,0.0,0.13489593532641653,0.04470478898792908,0.030902802270567103,0.02,159,4,86
cast19,inv,15,0.02,weighted_cvl,165,1404,1030,0,0,0.0,0.04466632454065832,0.04470478898792908,0.030902802270567103,0.02,159,4,86
cast19,inv,15,0.02,uniform,166,1293,951,0,0,0.0,0.44376136956980794,0.09077480238990979,0.0649741988822114,0.02,159,4,86
cast19,inv,15,0.02,uniform_nz,166,1293,951,0,0,0.0,0.20010562000638554,0.09077480238990979,0.0649741988822114,0.02,159,4,86
cast19,inv,15,0.02,weighted,166,1296,951,1,0,0.0,0.09077480238990979,0.09077480238990979,0.0649741988822114,0.02,159,4,86
cast19,inv,15,0.02,active_judge,166,1279,951,0,0,0.0,0.2077340025752065,0.09077480238990979,0.0649741988822114,0.02,159,4,86
cast19,inv,15,0.02,strat_pilot,166,1319,951,0,0,0.0,0.09115301594793235,0.09077480238990979,0.0649741988822114,0.02,159,4,86
cast19,inv,15,0.02,weighted_cv,166,1292,951,1,0,0.0,0.10095179378010874,0.09077480238990979,0.0649741988822114,0.02,159,4,86
cast19,inv,15,0.02,active_cv,166,1335,951,0,0,0.0,0.23211229982795806,0.09077480238990979,0.0649741988822114,0.02,159,4,86
cast19,inv,15,0.02,weighted_cvl,166,1287,951,0,0,0.0,0.09077480238990979,0.09077480238990979,0.0649741988822114,0.02,159,4,86
cast19,inv,15,0.02,uniform,167,1342,987,0,0,0.0,0.4003707151445579,0.10196521634109099,0.04450507530600747,0.02,159,4,86
cast19,inv,15,0.02,uniform_nz,167,1332,987,0,0,0.0,0.1612138182698807,0.10196521634109099,0.04450507530600747,0.02,159,4,86
cast19,inv,15,0.02,weighted,167,1328,987,0,0,0.0,0.10196521634109099,0.10196521634109099,0.04450507530600747,0.02,159,4,86
cast19,inv,15,0.02,active_judge,167,1329,987,0,0,0.0,0.21295609947137356,0.10196521634109099,0.04450507530600747,0.02,159,4,86
cast19,inv,15,0.02,strat_pilot,167,1317,987,0,0,0.0,0.10198337764153527,0.10196521634109099,0.04450507530600747,0.02,159,4,86
cast19,inv,15,0.02,weighted_cv,167,1325,987,0,0,0.0,0.11079343039621566,0.10196521634109099,0.04450507530600747,0.02,159,4,86
cast19,inv,15,0.02,active_cv,167,1316,987,0,0,0.0,0.22297529658850812,0.10196521634109099,0.04450507530600747,0.02,159,4,86
cast19,inv,15,0.02,weighted_cvl,167,1354,987,1,0,0.0,0.10196521634109099,0.10196521634109099,0.04450507530600747,0.02,159,4,86
cast19,inv,15,0.02,uniform,168,1242,907,0,0,0.0007070153465537632,0.12277228807345793,0.0513158349270416,0.030501662818344065,0.019292984653446237,159,4,86
cast19,inv,15,0.02,uniform_nz,168,1280,907,1,0,0.0007070153465537632,0.05741794926881779,0.0513158349270416,0.030501662818344065,0.019292984653446237,159,4,86
cast19,inv,15,0.02,weighted,168,1249,907,0,0,0.0007070153465537632,0.0513158349270416,0.0513158349270416,0.030501662818344065,0.019292984653446237,159,4,86
cast19,inv,15,0.02,active_judge,168,1217,907,0,0,0.0007070153465537632,0.13468304905012268,0.0513158349270416,0.030501662818344065,0.019292984653446237,159,4,86
cast19,inv,15,0.02,strat_pilot,168,1271,907,0,0,0.0007070153465537632,0.051191577685669884,0.0513158349270416,0.030501662818344065,0.019292984653446237,159,4,86
cast19,inv,15,0.02,weighted_cv,168,1250,907,0,0,0.0007070153465537632,0.06635127998489616,0.0513158349270416,0.030501662818344065,0.019292984653446237,159,4,86
cast19,inv,15,0.02,active_cv,168,1249,907,0,0,0.0007070153465537632,0.15386743457833738,0.0513158349270416,0.030501662818344065,0.019292984653446237,159,4,86
cast19,inv,15,0.02,weighted_cvl,168,1249,907,0,0,0.0007070153465537632,0.0513158349270416,0.0513158349270416,0.030501662818344065,0.019292984653446237,159,4,86
cast19,inv,15,0.02,uniform,169,1335,978,0,0,0.0,0.15480890084872204,0.04766814362715393,0.037421427135554186,0.02,159,4,86
cast19,inv,15,0.02,uniform_nz,169,1314,978,0,0,0.0,0.058366084336801106,0.04766814362715393,0.037421427135554186,0.02,159,4,86
cast19,inv,15,0.02,weighted,169,1313,978,0,0,0.0,0.04766814362715393,0.04766814362715393,0.037421427135554186,0.02,159,4,86
cast19,inv,15,0.02,active_judge,169,1326,978,0,0,0.0,0.12298016160685943,0.04766814362715393,0.037421427135554186,0.02,159,4,86
cast19,inv,15,0.02,strat_pilot,169,1308,978,0,0,0.0,0.04747506133241268,0.04766814362715393,0.037421427135554186,0.02,159,4,86
cast19,inv,15,0.02,weighted_cv,169,1351,978,0,0,0.0,0.056172371068414065,0.04766814362715393,0.037421427135554186,0.02,159,4,86
cast19,inv,15,0.02,active_cv,169,1324,978,0,0,0.0,0.1337178223565912,0.04766814362715393,0.037421427135554186,0.02,159,4,86
cast19,inv,15,0.02,weighted_cvl,169,1326,978,0,0,0.0,0.04766814362715393,0.04766814362715393,0.037421427135554186,0.02,159,4,86
cast19,inv,15,0.02,uniform,170,1309,961,0,0,0.00041237729957499525,0.4116220563237456,0.07810929637951444,0.05083873313051197,0.019587622700425005,159,4,86
cast19,inv,15,0.02,uniform_nz,170,1331,961,0,0,0.00041237729957499525,0.1851775213370153,0.07810929637951444,0.05083873313051197,0.019587622700425005,159,4,86
cast19,inv,15,0.02,weighted,170,1288,961,0,0,0.00041237729957499525,0.07810929637951444,0.07810929637951444,0.05083873313051197,0.019587622700425005,159,4,86
cast19,inv,15,0.02,active_judge,170,1307,961,0,0,0.00041237729957499525,0.1758201389911222,0.07810929637951444,0.05083873313051197,0.019587622700425005,159,4,86
cast19,inv,15,0.02,strat_pilot,170,1324,961,0,0,0.00041237729957499525,0.07811051625386048,0.07810929637951444,0.05083873313051197,0.019587622700425005,159,4,86
cast19,inv,15,0.02,weighted_cv,170,1287,961,0,0,0.00041237729957499525,0.09702375623065004,0.07810929637951444,0.05083873313051197,0.019587622700425005,159,4,86
cast19,inv,15,0.02,active_cv,170,1304,961,0,0,0.00041237729957499525,0.2175959746477795,0.07810929637951444,0.05083873313051197,0.019587622700425005,159,4,86
cast19,inv,15,0.02,weighted_cvl,170,1302,961,0,0,0.00041237729957499525,0.07810929637951444,0.07810929637951444,0.05083873313051197,0.019587622700425005,159,4,86
cast19,inv,15,0.02,uniform,171,1332,983,0,0,0.001223485710981076,0.2842945895694912,0.04154376500167269,0.05387716837485801,0.018776514289018924,159,4,86
cast19,inv,15,0.02,uniform_nz,171,1329,983,0,0,0.001223485710981076,0.15693512066176102,0.04154376500167269,0.05387716837485801,0.018776514289018924,159,4,86
cast19,inv,15,0.02,weighted,171,1340,983,0,0,0.001223485710981076,0.04154376500167269,0.04154376500167269,0.05387716837485801,0.018776514289018924,159,4,86
cast19,inv,15,0.02,active_judge,171,1330,983,0,0,0.001223485710981076,0.11012200160267419,0.04154376500167269,0.05387716837485801,0.018776514289018924,159,4,86
cast19,inv,15,0.02,strat_pilot,171,1328,983,0,0,0.001223485710981076,0.041523330094588494,0.04154376500167269,0.05387716837485801,0.018776514289018924,159,4,86
cast19,inv,15,0.02,weighted_cv,171,1348,983,0,0,0.001223485710981076,0.05600393978448592,0.04154376500167269,0.05387716837485801,0.018776514289018924,159,4,86
cast19,inv,15,0.02,active_cv,171,1321,983,0,0,0.001223485710981076,0.13491330549589964,0.04154376500167269,0.05387716837485801,0.018776514289018924,159,4,86
cast19,inv,15,0.02,weighted_cvl,171,1335,983,0,0,0.001223485710981076,0.04154376500167269,0.04154376500167269,0.05387716837485801,0.018776514289018924,159,4,86
cast19,inv,15,0.02,uniform,172,1299,942,0,0,0.0,0.5063477779607648,0.08810413812165166,0.05694824093885208,0.02,159,4,86
cast19,inv,15,0.02,uniform_nz,172,1301,942,0,0,0.0,0.20639301057616893,0.08810413812165166,0.05694824093885208,0.02,159,4,86
cast19,inv,15,0.02,weighted,172,1276,942,0,0,0.0,0.08810413812165166,0.08810413812165166,0.05694824093885208,0.02,159,4,86
cast19,inv,15,0.02,active_judge,172,1296,942,0,0,0.0,0.2040184596826605,0.08810413812165166,0.05694824093885208,0.02,159,4,86
cast19,inv,15,0.02,strat_pilot,172,1281,942,0,0,0.0,0.0881191203345679,0.08810413812165166,0.05694824093885208,0.02,159,4,86
cast19,inv,15,0.02,weighted_cv,172,1299,942,0,0,0.0,0.11011342637327567,0.08810413812165166,0.05694824093885208,0.02,159,4,86
cast19,inv,15,0.02,active_cv,172,1276,942,0,0,0.0,0.2439351682710494,0.08810413812165166,0.05694824093885208,0.02,159,4,86
cast19,inv,15,0.02,weighted_cvl,172,1256,942,0,0,0.0,0.08810413812165166,0.08810413812165166,0.05694824093885208,0.02,159,4,86
cast19,inv,15,0.02,uniform,173,1264,907,0,0,0.022012685516249686,0.06474563352472203,0.026880019193463656,0.020101479652382216,-0.0020126855162496855,159,4,86
cast19,inv,15,0.02,uniform_nz,173,1276,907,0,0,0.022012685516249686,0.035639824391932785,0.026880019193463656,0.020101479652382216,-0.0020126855162496855,159,4,86
cast19,inv,15,0.02,weighted,173,1251,907,0,0,0.022012685516249686,0.026880019193463656,0.026880019193463656,0.020101479652382216,-0.0020126855162496855,159,4,86
cast19,inv,15,0.02,active_judge,173,1261,907,0,0,0.022012685516249686,0.05802145104586269,0.026880019193463656,0.020101479652382216,-0.0020126855162496855,159,4,86
cast19,inv,15,0.02,strat_pilot,173,1227,907,0,0,0.022012685516249686,0.026879425876057184,0.026880019193463656,0.020101479652382216,-0.0020126855162496855,159,4,86
cast19,inv,15,0.02,weighted_cv,173,1226,907,0,0,0.022012685516249686,0.032843192290709894,0.026880019193463656,0.020101479652382216,-0.0020126855162496855,159,4,86
cast19,inv,15,0.02,active_cv,173,1265,907,0,0,0.022012685516249686,0.07373619678254331,0.026880019193463656,0.020101479652382216,-0.0020126855162496855,159,4,86
cast19,inv,15,0.02,weighted_cvl,173,1231,907,0,0,0.022012685516249686,0.026880019193463656,0.026880019193463656,0.020101479652382216,-0.0020126855162496855,159,4,86
cast19,inv,15,0.02,uniform,174,1469,1011,0,0,0.0,0.3501168200437347,0.15054686394539493,0.05280138850918903,0.02,159,4,119
cast19,inv,15,0.02,uniform_nz,174,1477,1011,0,0,0.0,0.22394389494229477,0.15054686394539493,0.05280138850918903,0.02,159,4,119
cast19,inv,15,0.02,weighted,174,1494,1011,0,0,0.0,0.15054686394539493,0.15054686394539493,0.05280138850918903,0.02,159,4,119
cast19,inv,15,0.02,active_judge,174,1497,1011,1,0,0.0,0.31638167322865474,0.15054686394539493,0.05280138850918903,0.02,159,4,119
cast19,inv,15,0.02,strat_pilot,174,1515,1011,0,0,0.0,0.15056265082945366,0.15054686394539493,0.05280138850918903,0.02,159,4,119
cast19,inv,15,0.02,weighted_cv,174,1489,1011,0,0,0.0,0.1744569235562317,0.15054686394539493,0.05280138850918903,0.02,159,4,119
cast19,inv,15,0.02,active_cv,174,1476,1011,0,0,0.0,0.39895390343117326,0.15054686394539493,0.05280138850918903,0.02,159,4,119
cast19,inv,15,0.02,weighted_cvl,174,1496,1011,0,0,0.0,0.15054686394539493,0.15054686394539493,0.05280138850918903,0.02,159,4,119
cast19,inv,15,0.02,uniform,175,1457,982,0,0,0.0016252954066341418,0.15179266814404158,0.07752488937216526,0.049850433308334774,0.01837470459336586,159,4,119
cast19,inv,15,0.02,uniform_nz,175,1470,982,0,0,0.0016252954066341418,0.09008271762811566,0.07752488937216526,0.049850433308334774,0.01837470459336586,159,4,119
cast19,inv,15,0.02,weighted,175,1440,982,1,0,0.0016252954066341418,0.07752488937216526,0.07752488937216526,0.049850433308334774,0.01837470459336586,159,4,119
cast19,inv,15,0.02,active_judge,175,1481,982,0,0,0.0016252954066341418,0.17483676142354349,0.07752488937216526,0.049850433308334774,0.01837470459336586,159,4,119
cast19,inv,15,0.02,strat_pilot,175,1481,982,0,0,0.0016252954066341418,0.07776336296200728,0.07752488937216526,0.049850433308334774,0.01837470459336586,159,4,119
cast19,inv,15,0.02,weighted_cv,175,1442,982,0,0,0.0016252954066341418,0.12222297450099369,0.07752488937216526,0.049850433308334774,0.01837470459336586,159,4,119
cast19,inv,15,0.02,active_cv,175,1470,982,0,0,0.0016252954066341418,0.26130404844765304,0.07752488937216526,0.049850433308334774,0.01837470459336586,159,4,119
cast19,inv,15,0.02,weighted_cvl,175,1430,982,0,0,0.0016252954066341418,0.07752488937216526,0.07752488937216526,0.049850433308334774,0.01837470459336586,159,4,119
cast19,inv,15,0.02,uniform,176,1257,966,0,0,0.0,0.21159856903873017,0.03307716473527796,0.01641421496348135,0.02,159,4,72
cast19,inv,15,0.02,uniform_nz,176,1266,966,0,0,0.0,0.07174026275343529,0.03307716473527796,0.01641421496348135,0.02,159,4,72
cast19,inv,15,0.02,weighted,176,1250,966,0,0,0.0,0.03307716473527796,0.03307716473527796,0.01641421496348135,0.02,159,4,72
cast19,inv,15,0.02,active_judge,176,1248,966,0,0,0.0,0.08328468163092251,0.03307716473527796,0.01641421496348135,0.02,159,4,72
cast19,inv,15,0.02,strat_pilot,176,1242,966,0,0,0.0,0.03278302605707527,0.03307716473527796,0.01641421496348135,0.02,159,4,72
cast19,inv,15,0.02,weighted_cv,176,1232,966,1,0,0.0,0.04356721856145785,0.03307716473527796,0.01641421496348135,0.02,159,4,72
cast19,inv,15,0.02,active_cv,176,1241,966,0,0,0.0,0.10331194662769491,0.03307716473527796,0.01641421496348135,0.02,159,4,72
cast19,inv,15,0.02,weighted_cvl,176,1242,966,0,0,0.0,0.03307716473527796,0.03307716473527796,0.01641421496348135,0.02,159,4,72
cast19,inv,15,0.02,uniform,177,1368,989,0,0,0.0,0.1301754953147371,0.050673995976463514,0.025076861551723586,0.02,159,4,86
cast19,inv,15,0.02,uniform_nz,177,1339,989,0,0,0.0,0.058536196688147954,0.050673995976463514,0.025076861551723586,0.02,159,4,86
cast19,inv,15,0.02,weighted,177,1348,989,0,0,0.0,0.050673995976463514,0.050673995976463514,0.025076861551723586,0.02,159,4,86
cast19,inv,15,0.02,active_judge,177,1353,989,0,0,0.0,0.11201379060052485,0.050673995976463514,0.025076861551723586,0.02,159,4,86
cast19,inv,15,0.02,strat_pilot,177,1335,989,1,0,0.0,0.05069913404747946,0.050673995976463514,0.025076861551723586,0.02,159,4,86
cast19,inv,15,0.02,weighted_cv,177,1337,989,0,0,0.0,0.05855872373541082,0.050673995976463514,0.025076861551723586,0.02,159,4,86
cast19,inv,15,0.02,active_cv,177,1324,989,0,0,0.0,0.14431724789308017,0.050673995976463514,0.025076861551723586,0.02,159,4,86
cast19,inv,15,0.02,weighted_cvl,177,1320,989,0,0,0.0,0.050673995976463514,0.050673995976463514,0.025076861551723586,0.02,159,4,86
cast19,inv,15,0.02,uniform,178,1319,998,0,0,0.0,0.3312944712777396,0.09272564247030689,0.03402754117227801,0.02,159,4,86
cast19,inv,15,0.02,uniform_nz,178,1358,998,0,0,0.0,0.11784461670945942,0.09272564247030689,0.03402754117227801,0.02,159,4,86
cast19,inv,15,0.02,weighted,178,1353,998,0,0,0.0,0.09272564247030689,0.09272564247030689,0.03402754117227801,0.02,159,4,86
cast19,inv,15,0.02,active_judge,178,1333,998,0,0,0.0,0.2110629609741387,0.09272564247030689,0.03402754117227801,0.02,159,4,86
cast19,inv,15,0.02,strat_pilot,178,1312,998,0,0,0.0,0.0927169962013335,0.09272564247030689,0.03402754117227801,0.02,159,4,86
cast19,inv,15,0.02,weighted_cv,178,1351,998,0,0,0.0,0.11059720107513323,0.09272564247030689,0.03402754117227801,0.02,159,4,86
cast19,inv,15,0.02,active_cv,178,1359,998,0,0,0.0,0.23186663487156767,0.09272564247030689,0.03402754117227801,0.02,159,4,86
cast19,inv,15,0.02,weighted_cvl,178,1354,998,1,0,0.0,0.09272564247030689,0.09272564247030689,0.03402754117227801,0.02,159,4,86
cast19,inv,15,0.02,uniform,179,1202,957,0,0,0.0,0.5481752465868605,0.027868493245224744,0.04915681540681539,0.02,159,4,62
cast19,inv,15,0.02,uniform_nz,179,1200,957,0,0,0.0,0.10848831219146189,0.027868493245224744,0.04915681540681539,0.02,159,4,62
cast19,inv,15,0.02,weighted,179,1200,957,0,0,0.0,0.027868493245224744,0.027868493245224744,0.04915681540681539,0.02,159,4,62
cast19,inv,15,0.02,active_judge,179,1187,957,0,0,0.0,0.07386079804490867,0.027868493245224744,0.04915681540681539,0.02,159,4,62
cast19,inv,15,0.02,strat_pilot,179,1211,957,0,0,0.0,0.027360037095942435,0.027868493245224744,0.04915681540681539,0.02,159,4,62
cast19,inv,15,0.02,weighted_cv,179,1171,957,0,0,0.0,0.03720839904799581,0.027868493245224744,0.04915681540681539,0.02,159,4,62
cast19,inv,15,0.02,active_cv,179,1204,957,0,0,0.0,0.08223424068942134,0.027868493245224744,0.04915681540681539,0.02,159,4,62
cast19,inv,15,0.02,weighted_cvl,179,1194,957,0,0,0.0,0.027868493245224744,0.027868493245224744,0.04915681540681539,0.02,159,4,62
cast19,inv,15,0.02,uniform,180,1389,1019,0,0,0.0,0.20028313542216444,0.06925605545596994,0.043478173043659654,0.02,159,4,86
cast19,inv,15,0.02,uniform_nz,180,1364,1019,0,0,0.0,0.08956668363145578,0.06925605545596994,0.043478173043659654,0.02,159,4,86
cast19,inv,15,0.02,weighted,180,1381,1019,0,0,0.0,0.06925605545596994,0.06925605545596994,0.043478173043659654,0.02,159,4,86
cast19,inv,15,0.02,active_judge,180,1356,1019,0,0,0.0,0.15353331066604006,0.06925605545596994,0.043478173043659654,0.02,159,4,86
cast19,inv,15,0.02,strat_pilot,180,1384,1019,1,0,0.0,0.06910575218316047,0.06925605545596994,0.043478173043659654,0.02,159,4,86
cast19,inv,15,0.02,weighted_cv,180,1364,1019,0,0,0.0,0.07969610911027367,0.06925605545596994,0.043478173043659654,0.02,159,4,86
cast19,inv,15,0.02,active_cv,180,1357,1019,0,0,0.0,0.17030096314032078,0.06925605545596994,0.043478173043659654,0.02,159,4,86
cast19,inv,15,0.02,weighted_cvl,180,1338,1019,0,0,0.0,0.06925605545596994,0.06925605545596994,0.043478173043659654,0.02,159,4,86
cast19,inv,15,0.02,uniform,181,1320,996,0,0,0.0,0.3286965657848651,0.0727665096450127,0.0411199678804168,0.02,159,4,86
cast19,inv,15,0.02,uniform_nz,181,1345,996,0,0,0.0,0.13907204022667258,0.0727665096450127,0.0411199678804168,0.02,159,4,86
cast19,inv,15,0.02,weighted,181,1339,996,0,0,0.0,0.0727665096450127,0.0727665096450127,0.0411199678804168,0.02,159,4,86
cast19,inv,15,0.02,active_judge,181,1332,996,0,0,0.0,0.21872501557125873,0.0727665096450127,0.0411199678804168,0.02,159,4,86
cast19,inv,15,0.02,strat_pilot,181,1325,996,0,0,0.0,0.07269727715511227,0.0727665096450127,0.0411199678804168,0.02,159,4,86
cast19,inv,15,0.02,weighted_cv,181,1319,996,0,0,0.0,0.08488589658520702,0.0727665096450127,0.0411199678804168,0.02,159,4,86
cast19,inv,15,0.02,active_cv,181,1315,996,0,0,0.0,0.2503063833061789,0.0727665096450127,0.0411199678804168,0.02,159,4,86
cast19,inv,15,0.02,weighted_cvl,181,1327,996,0,0,0.0,0.0727665096450127,0.0727665096450127,0.0411199678804168,0.02,159,4,86
cast19,inv,15,0.02,uniform,182,1256,954,0,0,0.0,0.14131287579947155,0.04144298359835685,0.024861724461182653,0.02,159,4,86
cast19,inv,15,0.02,uniform_nz,182,1322,954,0,0,0.0,0.051293953208167944,0.04144298359835685,0.024861724461182653,0.02,159,4,86
cast19,inv,15,0.02,weighted,182,1303,954,0,0,0.0,0.04144298359835685,0.04144298359835685,0.024861724461182653,0.02,159,4,86
cast19,inv,15,0.02,active_judge,182,1287,954,0,0,0.0,0.08395852871265078,0.04144298359835685,0.024861724461182653,0.02,159,4,86
cast19,inv,15,0.02,strat_pilot,182,1290,954,0,0,0.0,0.041346136548498356,0.04144298359835685,0.024861724461182653,0.02,159,4,86
cast19,inv,15,0.02,weighted_cv,182,1290,954,0,0,0.0,0.05001422783717643,0.04144298359835685,0.024861724461182653,0.02,159,4,86
cast19,inv,15,0.02,active_cv,182,1297,954,0,0,0.0,0.10849414319173305,0.04144298359835685,0.024861724461182653,0.02,159,4,86
cast19,inv,15,0.02,weighted_cvl,182,1312,954,0,0,0.0,0.04144298359835685,0.04144298359835685,0.024861724461182653,0.02,159,4,86
cast19,inv,15,0.02,uniform,183,1367,1016,0,0,0.003912687310778984,0.15800049359234752,0.053511870595085755,0.06239190919994192,0.016087312689221017,159,4,86
cast19,inv,15,0.02,uniform_nz,183,1358,1016,0,0,0.003912687310778984,0.06469392868982163,0.053511870595085755,0.06239190919994192,0.016087312689221017,159,4,86
cast19,inv,15,0.02,weighted,183,1340,1016,0,0,0.003912687310778984,0.053511870595085755,0.053511870595085755,0.06239190919994192,0.016087312689221017,159,4,86
cast19,inv,15,0.02,active_judge,183,1377,1016,0,0,0.003912687310778984,0.13204767989322277,0.053511870595085755,0.06239190919994192,0.016087312689221017,159,4,86
cast19,inv,15,0.02,strat_pilot,183,1365,1016,0,0,0.003912687310778984,0.053361214941720435,0.053511870595085755,0.06239190919994192,0.016087312689221017,159,4,86
cast19,inv,15,0.02,weighted_cv,183,1358,1016,0,0,0.003912687310778984,0.07433756350086151,0.053511870595085755,0.06239190919994192,0.016087312689221017,159,4,86
cast19,inv,15,0.02,active_cv,183,1349,1016,0,0,0.003912687310778984,0.17695537415043816,0.053511870595085755,0.06239190919994192,0.016087312689221017,159,4,86
cast19,inv,15,0.02,weighted_cvl,183,1379,1016,0,0,0.003912687310778984,0.053511870595085755,0.053511870595085755,0.06239190919994192,0.016087312689221017,159,4,86
cast19,inv,15,0.02,uniform,184,1417,1067,0,0,0.004238878098907217,0.09001932893356286,0.03839636472223092,0.024082175269279846,0.015761121901092783,159,4,86
cast19,inv,15,0.02,uniform_nz,184,1433,1067,0,0,0.004238878098907217,0.044459302209514294,0.03839636472223092,0.024082175269279846,0.015761121901092783,159,4,86
cast19,inv,15,0.02,weighted,184,1416,1067,0,0,0.004238878098907217,0.03839636472223092,0.03839636472223092,0.024082175269279846,0.015761121901092783,159,4,86
cast19,inv,15,0.02,active_judge,184,1403,1067,0,0,0.004238878098907217,0.06527840701676099,0.03839636472223092,0.024082175269279846,0.015761121901092783,159,4,86
cast19,inv,15,0.02,strat_pilot,184,1395,1067,0,0,0.004238878098907217,0.03837018420773976,0.03839636472223092,0.024082175269279846,0.015761121901092783,159,4,86
cast19,inv,15,0.02,weighted_cv,184,1419,1067,0,0,0.004238878098907217,0.04312238647006924,0.03839636472223092,0.024082175269279846,0.015761121901092783,159,4,86
cast19,inv,15,0.02,active_cv,184,1406,1067,0,0,0.004238878098907217,0.07067759299868759,0.03839636472223092,0.024082175269279846,0.015761121901092783,159,4,86
cast19,inv,15,0.02,weighted_cvl,184,1426,1067,0,0,0.004238878098907217,0.03839636472223092,0.03839636472223092,0.024082175269279846,0.015761121901092783,159,4,86
cast19,inv,15,0.02,uniform,185,1518,1026,0,0,0.0,1.2618182870862882,0.08321488764509892,0.06594088936232897,0.02,159,4,119
cast19,inv,15,0.02,uniform_nz,185,1478,1026,0,0,0.0,0.8610485544373507,0.08321488764509892,0.06594088936232897,0.02,159,4,119
cast19,inv,15,0.02,weighted,185,1486,1026,0,0,0.0,0.08321488764509892,0.08321488764509892,0.06594088936232897,0.02,159,4,119
cast19,inv,15,0.02,active_judge,185,1524,1026,0,0,0.0,0.25548212164991935,0.08321488764509892,0.06594088936232897,0.02,159,4,119
cast19,inv,15,0.02,strat_pilot,185,1506,1026,0,0,0.0,0.08336876101290845,0.08321488764509892,0.06594088936232897,0.02,159,4,119
cast19,inv,15,0.02,weighted_cv,185,1474,1026,0,0,0.0,0.13012859295435392,0.08321488764509892,0.06594088936232897,0.02,159,4,119
cast19,inv,15,0.02,active_cv,185,1504,1026,0,0,0.0,0.3408761002202731,0.08321488764509892,0.06594088936232897,0.02,159,4,119
cast19,inv,15,0.02,weighted_cvl,185,1522,1026,0,0,0.0,0.08321488764509892,0.08321488764509892,0.06594088936232897,0.02,159,4,119
cast19,inv,15,0.02,uniform,186,1306,993,0,0,0.0071729954273220264,0.09783440453331334,0.03949681710677729,0.059114081884072744,0.012827004572677974,159,4,86
cast19,inv,15,0.02,uniform_nz,186,1358,993,0,0,0.0071729954273220264,0.044779879042671326,0.03949681710677729,0.059114081884072744,0.012827004572677974,159,4,86
cast19,inv,15,0.02,weighted,186,1358,993,0,0,0.0071729954273220264,0.03949681710677729,0.03949681710677729,0.059114081884072744,0.012827004572677974,159,4,86
cast19,inv,15,0.02,active_judge,186,1327,993,1,0,0.0071729954273220264,0.10546521098843739,0.03949681710677729,0.059114081884072744,0.012827004572677974,159,4,86
cast19,inv,15,0.02,strat_pilot,186,1363,993,0,0,0.0071729954273220264,0.039376216446416,0.03949681710677729,0.059114081884072744,0.012827004572677974,159,4,86
cast19,inv,15,0.02,weighted_cv,186,1339,993,0,0,0.0071729954273220264,0.051243749110174874,0.03949681710677729,0.059114081884072744,0.012827004572677974,159,4,86
cast19,inv,15,0.02,active_cv,186,1310,993,1,0,0.0071729954273220264,0.13166948690545938,0.03949681710677729,0.059114081884072744,0.012827004572677974,159,4,86
cast19,inv,15,0.02,weighted_cvl,186,1373,993,0,0,0.0071729954273220264,0.03949681710677729,0.03949681710677729,0.059114081884072744,0.012827004572677974,159,4,86
cast19,inv,15,0.02,uniform,187,1401,912,0,0,0.0,0.6388029970177922,0.10105912788960927,0.0709777310752543,0.02,159,4,119
cast19,inv,15,0.02,uniform_nz,187,1395,912,0,0,0.0,0.4816546361232453,0.10105912788960927,0.0709777310752543,0.02,159,4,119
cast19,inv,15,0.02,weighted,187,1382,912,0,0,0.0,0.10105912788960927,0.10105912788960927,0.0709777310752543,0.02,159,4,119
cast19,inv,15,0.02,active_judge,187,1379,912,0,0,0.0,0.25581629691657437,0.10105912788960927,0.0709777310752543,0.02,159,4,119
cast19,inv,15,0.02,strat_pilot,187,1349,912,0,0,0.0,0.10113364069396376,0.10105912788960927,0.0709777310752543,0.02,159,4,119
cast19,inv,15,0.02,weighted_cv,187,1369,912,0,0,0.0,0.1218761290542528,0.10105912788960927,0.0709777310752543,0.02,159,4,119
cast19,inv,15,0.02,active_cv,187,1381,912,1,0,0.0,0.2932789273017836,0.10105912788960927,0.0709777310752543,0.02,159,4,119
cast19,inv,15,0.02,weighted_cvl,187,1353,912,0,0,0.0,0.10127794733485973,0.10105912788960927,0.0709777310752543,0.02,159,4,119
cast19,inv,15,0.02,uniform,188,1328,985,0,0,0.003695932562581994,0.11009540096989134,0.04127130200952192,0.019610009037405052,0.016304067437418007,159,4,86
cast19,inv,15,0.02,uniform_nz,188,1339,985,0,0,0.003695932562581994,0.045572110042976025,0.04127130200952192,0.019610009037405052,0.016304067437418007,159,4,86
cast19,inv,15,0.02,weighted,188,1350,985,0,0,0.003695932562581994,0.04127130200952192,0.04127130200952192,0.019610009037405052,0.016304067437418007,159,4,86
cast19,inv,15,0.02,active_judge,188,1342,985,0,0,0.003695932562581994,0.09589250029530474,0.04127130200952192,0.019610009037405052,0.016304067437418007,159,4,86
cast19,inv,15,0.02,strat_pilot,188,1341,985,0,0,0.003695932562581994,0.04095360667357447,0.04127130200952192,0.019610009037405052,0.016304067437418007,159,4,86
cast19,inv,15,0.02,weighted_cv,188,1338,985,1,0,0.003695932562581994,0.05180782834216803,0.04127130200952192,0.019610009037405052,0.016304067437418007,159,4,86
cast19,inv,15,0.02,active_cv,188,1309,985,0,0,0.003695932562581994,0.1354724428399233,0.04127130200952192,0.019610009037405052,0.016304067437418007,159,4,86
cast19,inv,15,0.02,weighted_cvl,188,1318,985,0,0,0.003695932562581994,0.04127130200952192,0.04127130200952192,0.019610009037405052,0.016304067437418007,159,4,86
cast19,inv,15,0.02,uniform,189,1505,1044,0,0,0.0,0.49709138492505367,0.12775311242237403,0.07546982208751324,0.02,159,4,119
cast19,inv,15,0.02,uniform_nz,189,1564,1044,0,0,0.0,0.3116418711402394,0.12775311242237403,0.07546982208751324,0.02,159,4,119
cast19,inv,15,0.02,weighted,189,1479,1044,0,0,0.0,0.12775311242237403,0.12775311242237403,0.07546982208751324,0.02,159,4,119
cast19,inv,15,0.02,active_judge,189,1503,1044,0,0,0.0,0.3082113022866008,0.12775311242237403,0.07546982208751324,0.02,159,4,119
cast19,inv,15,0.02,strat_pilot,189,1552,1044,1,0,0.0,0.12783180327102805,0.12775311242237403,0.07546982208751324,0.02,159,4,119
cast19,inv,15,0.02,weighted_cv,189,1536,1044,0,0,0.0,0.16934309205602727,0.12775311242237403,0.07546982208751324,0.02,159,4,119
cast19,inv,15,0.02,active_cv,189,1518,1044,0,0,0.0,0.42966534579292937,0.12775311242237403,0.07546982208751324,0.02,159,4,119
cast19,inv,15,0.02,weighted_cvl,189,1502,1044,0,0,0.0,0.12775311242237403,0.12775311242237403,0.07546982208751324,0.02,159,4,119
cast19,inv,15,0.02,uniform,190,1222,953,0,0,0.005882053198852377,0.18750176402528732,0.05710497640532336,0.02647893735540123,0.014117946801147623,159,4,72
cast19,inv,15,0.02,uniform_nz,190,1255,953,0,0,0.005882053198852377,0.07030837015262985,0.05710497640532336,0.02647893735540123,0.014117946801147623,159,4,72
cast19,inv,15,0.02,weighted,190,1232,953,0,0,0.005882053198852377,0.05710497640532336,0.05710497640532336,0.02647893735540123,0.014117946801147623,159,4,72
cast19,inv,15,0.02,active_judge,190,1233,953,0,0,0.005882053198852377,0.12803830886175,0.05710497640532336,0.02647893735540123,0.014117946801147623,159,4,72
cast19,inv,15,0.02,strat_pilot,190,1233,953,0,0,0.005882053198852377,0.05676673633142223,0.05710497640532336,0.02647893735540123,0.014117946801147623,159,4,72
cast19,inv,15,0.02,weighted_cv,190,1241,953,0,0,0.005882053198852377,0.06491271192803304,0.05710497640532336,0.02647893735540123,0.014117946801147623,159,4,72
cast19,inv,15,0.02,active_cv,190,1236,953,0,0,0.005882053198852377,0.13594493726997,0.05710497640532336,0.02647893735540123,0.014117946801147623,159,4,72
cast19,inv,15,0.02,weighted_cvl,190,1230,953,0,0,0.005882053198852377,0.05710497640532336,0.05710497640532336,0.02647893735540123,0.014117946801147623,159,4,72
cast19,inv,15,0.02,uniform,191,1292,946,0,0,0.0,0.5887281866681053,0.07689353471563054,0.06381447611555971,0.02,159,4,86
cast19,inv,15,0.02,uniform_nz,191,1300,946,0,0,0.0,0.31910063011565526,0.07689353471563054,0.06381447611555971,0.02,159,4,86
cast19,inv,15,0.02,weighted,191,1284,946,0,0,0.0,0.07689353471563054,0.07689353471563054,0.06381447611555971,0.02,159,4,86
cast19,inv,15,0.02,active_judge,191,1299,946,0,0,0.0,0.17586306374073019,0.07689353471563054,0.06381447611555971,0.02,159,4,86
cast19,inv,15,0.02,strat_pilot,191,1294,946,0,0,0.0,0.07683323141202725,0.07689353471563054,0.06381447611555971,0.02,159,4,86
cast19,inv,15,0.02,weighted_cv,191,1290,946,0,0,0.0,0.09098218358178425,0.07689353471563054,0.06381447611555971,0.02,159,4,86
cast19,inv,15,0.02,active_cv,191,1275,946,0,0,0.0,0.19558644180859117,0.07689353471563054,0.06381447611555971,0.02,159,4,86
cast19,inv,15,0.02,weighted_cvl,191,1275,946,0,0,0.0,0.07689353471563054,0.07689353471563054,0.06381447611555971,0.02,159,4,86
cast19,inv,15,0.02,uniform,192,1258,930,0,0,0.0,0.16142468895739395,0.05734285597828544,0.028073761585253716,0.02,159,4,86
cast19,inv,15,0.02,uniform_nz,192,1277,930,0,0,0.0,0.07312309240330092,0.05734285597828544,0.028073761585253716,0.02,159,4,86
cast19,inv,15,0.02,weighted,192,1277,930,1,0,0.0,0.05734285597828544,0.05734285597828544,0.028073761585253716,0.02,159,4,86
cast19,inv,15,0.02,active_judge,192,1284,930,0,0,0.0,0.11679406095953655,0.05734285597828544,0.028073761585253716,0.02,159,4,86
cast19,inv,15,0.02,strat_pilot,192,1254,930,0,0,0.0,0.057345998309764924,0.05734285597828544,0.028073761585253716,0.02,159,4,86
cast19,inv,15,0.02,weighted_cv,192,1243,930,0,0,0.0,0.07507048782844365,0.05734285597828544,0.028073761585253716,0.02,159,4,86
cast19,inv,15,0.02,active_cv,192,1261,930,0,0,0.0,0.1418294959732785,0.05734285597828544,0.028073761585253716,0.02,159,4,86
cast19,inv,15,0.02,weighted_cvl,192,1283,930,0,0,0.0,0.05734285597828544,0.05734285597828544,0.028073761585253716,0.02,159,4,86
cast19,inv,15,0.02,uniform,193,1307,948,0,0,0.0,0.1517460697138215,0.06098647888971239,0.018545107212525436,0.02,159,4,86
cast19,inv,15,0.02,uniform_nz,193,1289,948,0,0,0.0,0.07179260108481958,0.06098647888971239,0.018545107212525436,0.02,159,4,86
cast19,inv,15,0.02,weighted,193,1296,948,0,0,0.0,0.06098647888971239,0.06098647888971239,0.018545107212525436,0.02,159,4,86
cast19,inv,15,0.02,active_judge,193,1294,948,0,0,0.0,0.15734030339274752,0.06098647888971239,0.018545107212525436,0.02,159,4,86
cast19,inv,15,0.02,strat_pilot,193,1305,948,0,0,0.0,0.06084643758187469,0.06098647888971239,0.018545107212525436,0.02,159,4,86
cast19,inv,15,0.02,weighted_cv,193,1268,948,0,0,0.0,0.07928654199985938,0.06098647888971239,0.018545107212525436,0.02,159,4,86
cast19,inv,15,0.02,active_cv,193,1294,948,0,0,0.0,0.1826802283047674,0.06098647888971239,0.018545107212525436,0.02,159,4,86
cast19,inv,15,0.02,weighted_cvl,193,1287,948,0,0,0.0,0.06098647888971239,0.06098647888971239,0.018545107212525436,0.02,159,4,86
cast19,inv,15,0.02,uniform,194,1325,979,0,0,0.0,0.7981579411025516,0.10753966224510972,0.039657812209552015,0.02,159,4,86
cast19,inv,15,0.02,uniform_nz,194,1323,979,0,0,0.0,0.3614462368971603,0.10753966224510972,0.039657812209552015,0.02,159,4,86
cast19,inv,15,0.02,weighted,194,1320,979,1,0,0.0,0.10753966224510972,0.10753966224510972,0.039657812209552015,0.02,159,4,86
cast19,inv,15,0.02,active_judge,194,1324,979,0,0,0.0,0.2787825691064513,0.10753966224510972,0.039657812209552015,0.02,159,4,86
cast19,inv,15,0.02,strat_pilot,194,1314,979,0,0,0.0,0.10778884141743525,0.10753966224510972,0.039657812209552015,0.02,159,4,86
cast19,inv,15,0.02,weighted_cv,194,1314,979,0,0,0.0,0.12252878465518355,0.10753966224510972,0.039657812209552015,0.02,159,4,86
cast19,inv,15,0.02,active_cv,194,1326,979,0,0,0.0,0.31843935671309637,0.10753966224510972,0.039657812209552015,0.02,159,4,86
cast19,inv,15,0.02,weighted_cvl,194,1311,979,0,0,0.0,0.10753966224510972,0.10753966224510972,0.039657812209552015,0.02,159,4,86
cast19,inv,15,0.02,uniform,195,1333,990,0,0,0.007046204405264878,0.29988769094121653,0.09472755801556229,0.04590957589022604,0.012953795594735123,159,4,86
cast19,inv,15,0.02,uniform_nz,195,1308,990,0,0,0.007046204405264878,0.12462616372947237,0.09472755801556229,0.04590957589022604,0.012953795594735123,159,4,86
cast19,inv,15,0.02,weighted,195,1331,990,0,0,0.007046204405264878,0.09472755801556229,0.09472755801556229,0.04590957589022604,0.012953795594735123,159,4,86
cast19,inv,15,0.02,active_judge,195,1330,990,0,0,0.007046204405264878,0.188682031316795,0.09472755801556229,0.04590957589022604,0.012953795594735123,159,4,86
cast19,inv,15,0.02,strat_pilot,195,1351,990,0,0,0.007046204405264878,0.09472220630172454,0.09472755801556229,0.04590957589022604,0.012953795594735123,159,4,86
cast19,inv,15,0.02,weighted_cv,195,1327,990,0,0,0.007046204405264878,0.11797950321399078,0.09472755801556229,0.04590957589022604,0.012953795594735123,159,4,86
cast19,inv,15,0.02,active_cv,195,1340,990,0,0,0.007046204405264878,0.22593322899742105,0.09472755801556229,0.04590957589022604,0.012953795594735123,159,4,86
cast19,inv,15,0.02,weighted_cvl,195,1321,990,0,0,0.007046204405264878,0.09472755801556229,0.09472755801556229,0.04590957589022604,0.012953795594735123,159,4,86
cast19,inv,15,0.02,uniform,196,1484,986,0,0,0.0,0.5230707203693198,0.11352299264395065,0.02393151751356086,0.02,159,4,119
cast19,inv,15,0.02,uniform_nz,196,1428,986,0,0,0.0,0.3737579975608016,0.11352299264395065,0.02393151751356086,0.02,159,4,119
cast19,inv,15,0.02,weighted,196,1487,986,0,0,0.0,0.11352299264395065,0.11352299264395065,0.02393151751356086,0.02,159,4,119
cast19,inv,15,0.02,active_judge,196,1456,986,0,0,0.0,0.286977080188824,0.11352299264395065,0.02393151751356086,0.02,159,4,119
cast19,inv,15,0.02,strat_pilot,196,1434,986,1,0,0.0,0.11357962409743509,0.11352299264395065,0.02393151751356086,0.02,159,4,119
cast19,inv,15,0.02,weighted_cv,196,1466,986,0,0,0.0,0.13117472015288428,0.11352299264395065,0.02393151751356086,0.02,159,4,119
cast19,inv,15,0.02,active_cv,196,1491,986,0,0,0.0,0.32347489541649765,0.11352299264395065,0.02393151751356086,0.02,159,4,119
cast19,inv,15,0.02,weighted_cvl,196,1462,986,1,0,0.0,0.11352299264395065,0.11352299264395065,0.02393151751356086,0.02,159,4,119
cast19,inv,15,0.02,uniform,197,1315,997,0,0,0.025556753364819274,0.09081658690361077,0.03344150878997229,0.02120991310143619,-0.005556753364819273,159,4,86
cast19,inv,15,0.02,uniform_nz,197,1347,997,0,0,0.025556753364819274,0.03711847489190723,0.03344150878997229,0.02120991310143619,-0.005556753364819273,159,4,86
cast19,inv,15,0.02,weighted,197,1325,997,0,0,0.025556753364819274,0.03344150878997229,0.03344150878997229,0.02120991310143619,-0.005556753364819273,159,4,86
cast19,inv,15,0.02,active_judge,197,1317,997,0,0,0.025556753364819274,0.07765940282153326,0.03344150878997229,0.02120991310143619,-0.005556753364819273,159,4,86
cast19,inv,15,0.02,strat_pilot,197,1379,997,0,0,0.025556753364819274,0.0332305241174168,0.03344150878997229,0.02120991310143619,-0.005556753364819273,159,4,86
cast19,inv,15,0.02,weighted_cv,197,1351,997,0,0,0.025556753364819274,0.05495447224810519,0.03344150878997229,0.02120991310143619,-0.005556753364819273,159,4,86
cast19,inv,15,0.02,active_cv,197,1335,997,0,0,0.025556753364819274,0.1070900534928011,0.03344150878997229,0.02120991310143619,-0.005556753364819273,159,4,86
cast19,inv,15,0.02,weighted_cvl,197,1331,997,0,0,0.025556753364819274,0.03344187765281944,0.03344150878997229,0.02120991310143619,-0.005556753364819273,159,4,86
cast19,inv,15,0.02,uniform,198,1489,1000,0,0,0.0,0.3481857639571958,0.08444823680479549,0.04887227975422888,0.02,159,4,119
cast19,inv,15,0.02,uniform_nz,198,1494,1000,0,0,0.0,0.24588289445432193,0.08444823680479549,0.04887227975422888,0.02,159,4,119
cast19,inv,15,0.02,weighted,198,1455,1000,0,0,0.0,0.08444823680479549,0.08444823680479549,0.04887227975422888,0.02,159,4,119
cast19,inv,15,0.02,active_judge,198,1493,1000,0,0,0.0,0.19584594852856144,0.08444823680479549,0.04887227975422888,0.02,159,4,119
cast19,inv,15,0.02,strat_pilot,198,1458,1000,0,0,0.0,0.08445589150245292,0.08444823680479549,0.04887227975422888,0.02,159,4,119
cast19,inv,15,0.02,weighted_cv,198,1477,1000,1,0,0.0,0.10313985050535575,0.08444823680479549,0.04887227975422888,0.02,159,4,119
cast19,inv,15,0.02,active_cv,198,1469,1000,0,0,0.0,0.22686473278199268,0.08444823680479549,0.04887227975422888,0.02,159,4,119
cast19,inv,15,0.02,weighted_cvl,198,1475,1000,1,0,0.0,0.08444823680479549,0.08444823680479549,0.04887227975422888,0.02,159,4,119
cast19,inv,15,0.02,uniform,199,1331,1002,0,0,0.0,0.11023678323993766,0.043363871031475903,0.03519669023782968,0.02,159,4,86
cast19,inv,15,0.02,uniform_nz,199,1354,1002,0,0,0.0,0.04799722017272969,0.043363871031475903,0.03519669023782968,0.02,159,4,86
cast19,inv,15,0.02,weighted,199,1337,1002,0,0,0.0,0.043363871031475903,0.043363871031475903,0.03519669023782968,0.02,159,4,86
cast19,inv,15,0.02,active_judge,199,1338,1002,0,0,0.0,0.0934350512976336,0.043363871031475903,0.03519669023782968,0.02,159,4,86
cast19,inv,15,0.02,strat_pilot,199,1342,1002,0,0,0.0,0.04335965256497547,0.043363871031475903,0.03519669023782968,0.02,159,4,86
cast19,inv,15,0.02,weighted_cv,199,1342,1002,0,0,0.0,0.05365444405229547,0.043363871031475903,0.03519669023782968,0.02,159,4,86
cast19,inv,15,0.02,active_cv,199,1361,1002,0,0,0.0,0.10485999505465286,0.043363871031475903,0.03519669023782968,0.02,159,4,86
cast19,inv,15,0.02,weighted_cvl,199,1330,1002,0,0,0.0,0.043363871031475903,0.043363871031475903,0.03519669023782968,0.02,159,4,86
cast19,inv,15,0.02,uniform,200,1418,956,0,0,0.0,0.7842677813975787,0.1442979880878946,0.04490990393955342,0.02,159,4,119
cast19,inv,15,0.02,uniform_nz,200,1422,956,0,0,0.0,0.5214002184025648,0.1442979880878946,0.04490990393955342,0.02,159,4,119
cast19,inv,15,0.02,weighted,200,1427,956,1,0,0.0,0.1442979880878946,0.1442979880878946,0.04490990393955342,0.02,159,4,119
cast19,inv,15,0.02,active_judge,200,1434,956,0,0,0.0,0.3172879684372739,0.1442979880878946,0.04490990393955342,0.02,159,4,119
cast19,inv,15,0.02,strat_pilot,200,1445,956,0,0,0.0,0.1442628989821815,0.1442979880878946,0.04490990393955342,0.02,159,4,119
cast19,inv,15,0.02,weighted_cv,200,1440,956,1,0,0.0,0.15851243854496064,0.1442979880878946,0.04490990393955342,0.02,159,4,119
cast19,inv,15,0.02,active_cv,200,1414,956,0,0,0.0,0.3321293595657694,0.1442979880878946,0.04490990393955342,0.02,159,4,119
cast19,inv,15,0.02,weighted_cvl,200,1423,956,1,0,0.0,0.1442979880878946,0.1442979880878946,0.04490990393955342,0.02,159,4,119
cast19,inv,15,0.02,uniform,201,1460,971,0,0,0.0,0.5027802288734886,0.10465683148799672,0.03807298268929411,0.02,159,4,119
cast19,inv,15,0.02,uniform_nz,201,1423,971,0,0,0.0,0.33114047575878236,0.10465683148799672,0.03807298268929411,0.02,159,4,119
cast19,inv,15,0.02,weighted,201,1441,971,1,0,0.0,0.10465683148799672,0.10465683148799672,0.03807298268929411,0.02,159,4,119
cast19,inv,15,0.02,active_judge,201,1449,971,0,0,0.0,0.2363537222509779,0.10465683148799672,0.03807298268929411,0.02,159,4,119
cast19,inv,15,0.02,strat_pilot,201,1426,971,1,0,0.0,0.10474111213010291,0.10465683148799672,0.03807298268929411,0.02,159,4,119
cast19,inv,15,0.02,weighted_cv,201,1419,971,0,0,0.0,0.13216620183292221,0.10465683148799672,0.03807298268929411,0.02,159,4,119
cast19,inv,15,0.02,active_cv,201,1447,971,0,0,0.0,0.3159971125974454,0.10465683148799672,0.03807298268929411,0.02,159,4,119
cast19,inv,15,0.02,weighted_cvl,201,1450,971,1,0,0.0,0.10465683148799672,0.10465683148799672,0.03807298268929411,0.02,159,4,119
cast19,inv,15,0.02,uniform,202,1222,905,0,0,0.019021835611339577,0.2209960202984372,0.06399090968657477,0.019067375289343252,0.0009781643886604234,159,4,86
cast19,inv,15,0.02,uniform_nz,202,1219,905,0,0,0.019021835611339577,0.10075867209281657,0.06399090968657477,0.019067375289343252,0.0009781643886604234,159,4,86
cast19,inv,15,0.02,weighted,202,1258,905,0,0,0.019021835611339577,0.06399090968657477,0.06399090968657477,0.019067375289343252,0.0009781643886604234,159,4,86
cast19,inv,15,0.02,active_judge,202,1250,905,0,0,0.019021835611339577,0.17797978327995403,0.06399090968657477,0.019067375289343252,0.0009781643886604234,159,4,86
cast19,inv,15,0.02,strat_pilot,202,1246,905,0,0,0.019021835611339577,0.06398865152353712,0.06399090968657477,0.019067375289343252,0.0009781643886604234,159,4,86
cast19,inv,15,0.02,weighted_cv,202,1251,905,0,0,0.019021835611339577,0.07052632091129145,0.06399090968657477,0.019067375289343252,0.0009781643886604234,159,4,86
cast19,inv,15,0.02,active_cv,202,1239,905,0,0,0.019021835611339577,0.1887488906766414,0.06399090968657477,0.019067375289343252,0.0009781643886604234,159,4,86
cast19,inv,15,0.02,weighted_cvl,202,1237,905,0,0,0.019021835611339577,0.06399090968657477,0.06399090968657477,0.019067375289343252,0.0009781643886604234,159,4,86
cast19,inv,15,0.02,uniform,203,1321,988,0,0,0.005815071694113549,0.10801727348460004,0.0417704052175424,0.03221255425673922,0.014184928305886451,159,4,86
cast19,inv,15,0.02,uniform_nz,203,1340,988,0,0,0.005815071694113549,0.04606098269796323,0.0417704052175424,0.03221255425673922,0.014184928305886451,159,4,86
cast19,inv,15,0.02,weighted,203,1328,988,0,0,0.005815071694113549,0.0417704052175424,0.0417704052175424,0.03221255425673922,0.014184928305886451,159,4,86
cast19,inv,15,0.02,active_judge,203,1306,988,0,0,0.005815071694113549,0.08417992610532796,0.0417704052175424,0.03221255425673922,0.014184928305886451,159,4,86
cast19,inv,15,0.02,strat_pilot,203,1318,988,0,0,0.005815071694113549,0.041704570884021616,0.0417704052175424,0.03221255425673922,0.014184928305886451,159,4,86
cast19,inv,15,0.02,weighted_cv,203,1353,988,0,0,0.005815071694113549,0.046388242672618,0.0417704052175424,0.03221255425673922,0.014184928305886451,159,4,86
cast19,inv,15,0.02,active_cv,203,1329,988,0,0,0.005815071694113549,0.09762576110120376,0.0417704052175424,0.03221255425673922,0.014184928305886451,159,4,86
cast19,inv,15,0.02,weighted_cvl,203,1345,988,0,0,0.005815071694113549,0.0417704052175424,0.0417704052175424,0.03221255425673922,0.014184928305886451,159,4,86
cast19,inv,15,0.02,uniform,204,1314,981,0,0,0.0,0.21530470325123913,0.09060114084056184,0.029010050509252157,0.02,159,4,86
cast19,inv,15,0.02,uniform_nz,204,1310,981,0,0,0.0,0.10055324591409702,0.09060114084056184,0.029010050509252157,0.02,159,4,86
cast19,inv,15,0.02,weighted,204,1352,981,1,0,0.0,0.09060114084056184,0.09060114084056184,0.029010050509252157,0.02,159,4,86
cast19,inv,15,0.02,active_judge,204,1326,981,0,0,0.0,0.15462916428650386,0.09060114084056184,0.029010050509252157,0.02,159,4,86
cast19,inv,15,0.02,strat_pilot,204,1298,981,0,0,0.0,0.0906199447747839,0.09060114084056184,0.029010050509252157,0.02,159,4,86
cast19,inv,15,0.02,weighted_cv,204,1344,981,0,0,0.0,0.09964147293957493,0.09060114084056184,0.029010050509252157,0.02,159,4,86
cast19,inv,15,0.02,active_cv,204,1349,981,0,0,0.0,0.16792706425590004,0.09060114084056184,0.029010050509252157,0.02,159,4,86
cast19,inv,15,0.02,weighted_cvl,204,1307,981,0,0,0.0,0.09060114084056184,0.09060114084056184,0.029010050509252157,0.02,159,4,86
cast19,inv,15,0.02,uniform,205,1272,925,0,0,0.0,0.5818686208758294,0.07830747942460145,0.05716442140590748,0.02,159,4,86
cast19,inv,15,0.02,uniform_nz,205,1271,925,0,0,0.0,0.31808739357695553,0.07830747942460145,0.05716442140590748,0.02,159,4,86
cast19,inv,15,0.02,weighted,205,1282,925,0,0,0.0,0.07830747942460145,0.07830747942460145,0.05716442140590748,0.02,159,4,86
cast19,inv,15,0.02,active_judge,205,1254,925,0,0,0.0,0.1755441498578997,0.07830747942460145,0.05716442140590748,0.02,159,4,86
cast19,inv,15,0.02,strat_pilot,205,1257,925,0,0,0.0,0.07827513584719725,0.07830747942460145,0.05716442140590748,0.02,159,4,86
cast19,inv,15,0.02,weighted_cv,205,1255,925,0,0,0.0,0.09486770033476115,0.07830747942460145,0.05716442140590748,0.02,159,4,86
cast19,inv,15,0.02,active_cv,205,1266,925,1,0,0.0,0.20111596371287926,0.07830747942460145,0.05716442140590748,0.02,159,4,86
cast19,inv,15,0.02,weighted_cvl,205,1269,925,0,0,0.0,0.07830747942460145,0.07830747942460145,0.05716442140590748,0.02,159,4,86
cast19,inv,15,0.02,uniform,206,1276,932,1,0,0.0,0.1883312969023216,0.06493128204915025,0.03695910931062027,0.02,159,4,86
cast19,inv,15,0.02,uniform_nz,206,1289,932,1,0,0.0,0.08734999423034602,0.06493128204915025,0.03695910931062027,0.02,159,4,86
cast19,inv,15,0.02,weighted,206,1292,932,0,0,0.0,0.06493128204915025,0.06493128204915025,0.03695910931062027,0.02,159,4,86
cast19,inv,15,0.02,active_judge,206,1277,932,1,0,0.0,0.17334699808286244,0.06493128204915025,0.03695910931062027,0.02,159,4,86
cast19,inv,15,0.02,strat_pilot,206,1293,932,0,0,0.0,0.06489335824658814,0.06493128204915025,0.03695910931062027,0.02,159,4,86
cast19,inv,15,0.02,weighted_cv,206,1271,932,0,0,0.0,0.07769592012812823,0.06493128204915025,0.03695910931062027,0.02,159,4,86
cast19,inv,15,0.02,active_cv,206,1299,932,0,0,0.0,0.21568650495512057,0.06493128204915025,0.03695910931062027,0.02,159,4,86
cast19,inv,15,0.02,weighted_cvl,206,1307,932,0,0,0.0,0.06493128204915025,0.06493128204915025,0.03695910931062027,0.02,159,4,86
cast19,inv,15,0.02,uniform,207,1313,958,0,0,0.004548608474265192,0.19425258809375306,0.053826165325103224,0.024585687202947265,0.015451391525734808,159,4,86
cast19,inv,15,0.02,uniform_nz,207,1305,958,0,0,0.004548608474265192,0.08023005288044534,0.053826165325103224,0.024585687202947265,0.015451391525734808,159,4,86
cast19,inv,15,0.02,weighted,207,1308,958,0,0,0.004548608474265192,0.053826165325103224,0.053826165325103224,0.024585687202947265,0.015451391525734808,159,4,86
cast19,inv,15,0.02,active_judge,207,1281,958,0,0,0.004548608474265192,0.14842557758258085,0.053826165325103224,0.024585687202947265,0.015451391525734808,159,4,86
cast19,inv,15,0.02,strat_pilot,207,1332,958,1,0,0.004548608474265192,0.05381055513336488,0.053826165325103224,0.024585687202947265,0.015451391525734808,159,4,86
cast19,inv,15,0.02,weighted_cv,207,1300,958,0,0,0.004548608474265192,0.061781871356119546,0.053826165325103224,0.024585687202947265,0.015451391525734808,159,4,86
cast19,inv,15,0.02,active_cv,207,1300,958,0,0,0.004548608474265192,0.16295834871418466,0.053826165325103224,0.024585687202947265,0.015451391525734808,159,4,86
cast19,inv,15,0.02,weighted_cvl,207,1275,958,0,0,0.004548608474265192,0.053826165325103224,0.053826165325103224,0.024585687202947265,0.015451391525734808,159,4,86
cast19,inv,15,0.02,uniform,208,1315,974,0,0,0.0033442278290500838,0.10108295058526137,0.03632319828467538,0.03590530351813312,0.016655772170949917,159,4,86
cast19,inv,15,0.02,uniform_nz,208,1331,974,0,0,0.0033442278290500838,0.04197091748593419,0.03632319828467538,0.03590530351813312,0.016655772170949917,159,4,86
cast19,inv,15,0.02,weighted,208,1308,974,0,0,0.0033442278290500838,0.03632319828467538,0.03632319828467538,0.03590530351813312,0.016655772170949917,159,4,86
cast19,inv,15,0.02,active_judge,208,1328,974,0,0,0.0033442278290500838,0.09739902560374485,0.03632319828467538,0.03590530351813312,0.016655772170949917,159,4,86
cast19,inv,15,0.02,strat_pilot,208,1354,974,0,0,0.0033442278290500838,0.0363200385144006,0.03632319828467538,0.03590530351813312,0.016655772170949917,159,4,86
cast19,inv,15,0.02,weighted_cv,208,1336,974,0,0,0.0033442278290500838,0.04145144977647882,0.03632319828467538,0.03590530351813312,0.016655772170949917,159,4,86
cast19,inv,15,0.02,active_cv,208,1311,974,0,0,0.0033442278290500838,0.11066869397711772,0.03632319828467538,0.03590530351813312,0.016655772170949917,159,4,86
cast19,inv,15,0.02,weighted_cvl,208,1316,974,0,0,0.0033442278290500838,0.03632319828467538,0.03632319828467538,0.03590530351813312,0.016655772170949917,159,4,86
cast19,inv,15,0.02,uniform,209,1330,991,0,0,0.0,0.6049090671034912,0.12439635073858982,0.05360998529555988,0.02,159,4,86
cast19,inv,15,0.02,uniform_nz,209,1316,991,0,0,0.0,0.2806093325294371,0.12439635073858982,0.05360998529555988,0.02,159,4,86
cast19,inv,15,0.02,weighted,209,1363,991,1,0,0.0,0.12439635073858982,0.12439635073858982,0.05360998529555988,0.02,159,4,86
cast19,inv,15,0.02,active_judge,209,1330,991,0,0,0.0,0.3035967434992397,0.12439635073858982,0.05360998529555988,0.02,159,4,86
cast19,inv,15,0.02,strat_pilot,209,1336,991,0,0,0.0,0.12447033201946915,0.12439635073858982,0.05360998529555988,0.02,159,4,86
cast19,inv,15,0.02,weighted_cv,209,1338,991,0,0,0.0,0.1283038726900745,0.12439635073858982,0.05360998529555988,0.02,159,4,86
cast19,inv,15,0.02,active_cv,209,1351,991,0,0,0.0,0.30450618358995934,0.12439635073858982,0.05360998529555988,0.02,159,4,86
cast19,inv,15,0.02,weighted_cvl,209,1327,991,0,0,0.0,0.12439635073858982,0.12439635073858982,0.05360998529555988,0.02,159,4,86
cast19,inv,15,0.02,uniform,210,1468,982,0,0,0.0,0.6708874600785879,0.09337673399460816,0.05929932545393912,0.02,159,4,119
cast19,inv,15,0.02,uniform_nz,210,1456,982,0,0,0.0,0.4429670135038961,0.09337673399460816,0.05929932545393912,0.02,159,4,119
cast19,inv,15,0.02,weighted,210,1469,982,0,0,0.0,0.09337673399460816,0.09337673399460816,0.05929932545393912,0.02,159,4,119
cast19,inv,15,0.02,active_judge,210,1440,982,0,0,0.0,0.2340833969234457,0.09337673399460816,0.05929932545393912,0.02,159,4,119
cast19,inv,15,0.02,strat_pilot,210,1493,982,0,0,0.0,0.09357196123989912,0.09337673399460816,0.05929932545393912,0.02,159,4,119
cast19,inv,15,0.02,weighted_cv,210,1492,982,0,0,0.0,0.12647577289914885,0.09337673399460816,0.05929932545393912,0.02,159,4,119
cast19,inv,15,0.02,active_cv,210,1463,982,0,0,0.0,0.2831770697625576,0.09337673399460816,0.05929932545393912,0.02,159,4,119
cast19,inv,15,0.02,weighted_cvl,210,1468,982,0,0,0.0,0.09337673399460816,0.09337673399460816,0.05929932545393912,0.02,159,4,119
cast19,inv,15,0.02,uniform,211,1219,939,0,0,0.0,0.17328544753982342,0.04305131956258989,0.039568230187425245,0.02,159,4,68
cast19,inv,15,0.02,uniform_nz,211,1212,939,1,0,0.0,0.05080288295685246,0.04305131956258989,0.039568230187425245,0.02,159,4,68
cast19,inv,15,0.02,weighted,211,1217,939,0,0,0.0,0.04305131956258989,0.04305131956258989,0.039568230187425245,0.02,159,4,68
cast19,inv,15,0.02,active_judge,211,1204,939,0,0,0.0,0.0935387983558422,0.04305131956258989,0.039568230187425245,0.02,159,4,68
cast19,inv,15,0.02,strat_pilot,211,1215,939,0,0,0.0,0.043041686533302655,0.04305131956258989,0.039568230187425245,0.02,159,4,68
cast19,inv,15,0.02,weighted_cv,211,1208,939,0,0,0.0,0.05196742450550029,0.04305131956258989,0.039568230187425245,0.02,159,4,68
cast19,inv,15,0.02,active_cv,211,1206,939,0,0,0.0,0.10152415339550439,0.04305131956258989,0.039568230187425245,0.02,159,4,68
cast19,inv,15,0.02,weighted_cvl,211,1222,939,0,0,0.0,0.04305131956258989,0.04305131956258989,0.039568230187425245,0.02,159,4,68
cast19,inv,15,0.02,uniform,212,1262,886,0,0,0.0,0.32305138036483916,0.11544362917528747,0.042072047282886924,0.02,159,4,86
cast19,inv,15,0.02,uniform_nz,212,1207,886,0,0,0.0,0.15539542338713577,0.11544362917528747,0.042072047282886924,0.02,159,4,86
cast19,inv,15,0.02,weighted,212,1230,886,1,0,0.0,0.11544362917528747,0.11544362917528747,0.042072047282886924,0.02,159,4,86
cast19,inv,15,0.02,active_judge,212,1219,886,0,0,0.0,0.25223177656140117,0.11544362917528747,0.042072047282886924,0.02,159,4,86
cast19,inv,15,0.02,strat_pilot,212,1216,886,0,0,0.0,0.115517806218536,0.11544362917528747,0.042072047282886924,0.02,159,4,86
cast19,inv,15,0.02,weighted_cv,212,1221,886,1,0,0.0,0.12978815965625962,0.11544362917528747,0.042072047282886924,0.02,159,4,86
cast19,inv,15,0.02,active_cv,212,1225,886,0,0,0.0,0.27137385491559896,0.11544362917528747,0.042072047282886924,0.02,159,4,86
cast19,inv,15,0.02,weighted_cvl,212,1230,886,1,0,0.0,0.11544362917528747,0.11544362917528747,0.042072047282886924,0.02,159,4,86
cast19,inv,15,0.02,uniform,213,1317,984,0,0,0.0,0.6988541917748097,0.07042105501477425,0.051059970886556255,0.02,159,4,86
cast19,inv,15,0.02,uniform_nz,213,1335,984,0,0,0.0,0.2741392009256183,0.07042105501477425,0.051059970886556255,0.02,159,4,86
cast19,inv,15,0.02,weighted,213,1337,984,0,0,0.0,0.07042105501477425,0.07042105501477425,0.051059970886556255,0.02,159,4,86
cast19,inv,15,0.02,active_judge,213,1319,984,0,0,0.0,0.17861030727022534,0.07042105501477425,0.051059970886556255,0.02,159,4,86
cast19,inv,15,0.02,strat_pilot,213,1299,984,1,0,0.0,0.07040598800185205,0.07042105501477425,0.051059970886556255,0.02,159,4,86
cast19,inv,15,0.02,weighted_cv,213,1299,984,0,0,0.0,0.079433314327221,0.07042105501477425,0.051059970886556255,0.02,159,4,86
cast19,inv,15,0.02,active_cv,213,1321,984,0,0,0.0,0.1948806048365405,0.07042105501477425,0.051059970886556255,0.02,159,4,86
cast19,inv,15,0.02,weighted_cvl,213,1324,984,0,0,0.0,0.07042105501477425,0.07042105501477425,0.051059970886556255,0.02,159,4,86
cast19,inv,15,0.02,uniform,214,1284,948,0,0,0.006795084280822039,0.5766909742365967,0.03533878593436969,0.06140943840264074,0.013204915719177961,159,4,86
cast19,inv,15,0.02,uniform_nz,214,1283,948,0,0,0.006795084280822039,0.22846812606620398,0.03533878593436969,0.06140943840264074,0.013204915719177961,159,4,86
cast19,inv,15,0.02,weighted,214,1269,948,0,0,0.006795084280822039,0.03533878593436969,0.03533878593436969,0.06140943840264074,0.013204915719177961,159,4,86
cast19,inv,15,0.02,active_judge,214,1280,948,0,0,0.006795084280822039,0.09533393101343812,0.03533878593436969,0.06140943840264074,0.013204915719177961,159,4,86
cast19,inv,15,0.02,strat_pilot,214,1248,948,1,0,0.006795084280822039,0.0351716305292218,0.03533878593436969,0.06140943840264074,0.013204915719177961,159,4,86
cast19,inv,15,0.02,weighted_cv,214,1300,948,0,0,0.006795084280822039,0.04846581264407387,0.03533878593436969,0.06140943840264074,0.013204915719177961,159,4,86
cast19,inv,15,0.02,active_cv,214,1295,948,0,0,0.006795084280822039,0.12136329911333114,0.03533878593436969,0.06140943840264074,0.013204915719177961,159,4,86
cast19,inv,15,0.02,weighted_cvl,214,1291,948,0,0,0.006795084280822039,0.03533878593436969,0.03533878593436969,0.06140943840264074,0.013204915719177961,159,4,86
cast19,inv,15,0.02,uniform,215,1453,968,0,0,0.0,0.2954949502141565,0.07935487714861097,0.023018404085270408,0.02,159,4,119
cast19,inv,15,0.02,uniform_nz,215,1461,968,0,0,0.0,0.1885666258670668,0.07935487714861097,0.023018404085270408,0.02,159,4,119
cast19,inv,15,0.02,weighted,215,1442,968,0,0,0.0,0.07935487714861097,0.07935487714861097,0.023018404085270408,0.02,159,4,119
cast19,inv,15,0.02,active_judge,215,1452,968,0,0,0.0,0.2549560263352253,0.07935487714861097,0.023018404085270408,0.02,159,4,119
cast19,inv,15,0.02,strat_pilot,215,1437,968,0,0,0.0,0.0791967849810058,0.07935487714861097,0.023018404085270408,0.02,159,4,119
cast19,inv,15,0.02,weighted_cv,215,1482,968,0,0,0.0,0.1128839420548158,0.07935487714861097,0.023018404085270408,0.02,159,4,119
cast19,inv,15,0.02,active_cv,215,1433,968,1,0,0.0,0.33559066989459757,0.07935487714861097,0.023018404085270408,0.02,159,4,119
cast19,inv,15,0.02,weighted_cvl,215,1424,968,0,0,0.0,0.07935487714861097,0.07935487714861097,0.023018404085270408,0.02,159,4,119
cast19,inv,15,0.02,uniform,216,1305,974,0,0,0.0,0.39546096843446776,0.07920347562597663,0.009197760816181863,0.02,159,4,86
cast19,inv,15,0.02,uniform_nz,216,1310,974,0,0,0.0,0.18119734364050205,0.07920347562597663,0.009197760816181863,0.02,159,4,86
cast19,inv,15,0.02,weighted,216,1340,974,0,0,0.0,0.07920347562597663,0.07920347562597663,0.009197760816181863,0.02,159,4,86
cast19,inv,15,0.02,active_judge,216,1334,974,0,0,0.0,0.17693795149932684,0.07920347562597663,0.009197760816181863,0.02,159,4,86
cast19,inv,15,0.02,strat_pilot,216,1320,974,0,0,0.0,0.07917913160142216,0.07920347562597663,0.009197760816181863,0.02,159,4,86
cast19,inv,15,0.02,weighted_cv,216,1299,974,1,0,0.0,0.08777615274150531,0.07920347562597663,0.009197760816181863,0.02,159,4,86
cast19,inv,15,0.02,active_cv,216,1304,974,0,0,0.0,0.18998016713997695,0.07920347562597663,0.009197760816181863,0.02,159,4,86
cast19,inv,15,0.02,weighted_cvl,216,1302,974,1,0,0.0,0.07920347562597663,0.07920347562597663,0.009197760816181863,0.02,159,4,86
cast19,inv,15,0.02,uniform,217,1443,956,0,0,0.0,0.15384139158415125,0.0761071260997788,0.024178415452796257,0.02,159,4,119
cast19,inv,15,0.02,uniform_nz,217,1442,956,0,0,0.0,0.09569513319318586,0.0761071260997788,0.024178415452796257,0.02,159,4,119
cast19,inv,15,0.02,weighted,217,1459,956,0,0,0.0,0.0761071260997788,0.0761071260997788,0.024178415452796257,0.02,159,4,119
cast19,inv,15,0.02,active_judge,217,1411,956,0,0,0.0,0.19964549103616921,0.0761071260997788,0.024178415452796257,0.02,159,4,119
cast19,inv,15,0.02,strat_pilot,217,1378,956,0,0,0.0,0.07631681425279864,0.0761071260997788,0.024178415452796257,0.02,159,4,119
cast19,inv,15,0.02,weighted_cv,217,1415,956,0,0,0.0,0.12495262483315436,0.0761071260997788,0.024178415452796257,0.02,159,4,119
cast19,inv,15,0.02,active_cv,217,1429,956,0,0,0.0,0.34034724814053685,0.0761071260997788,0.024178415452796257,0.02,159,4,119
cast19,inv,15,0.02,weighted_cvl,217,1458,956,0,0,0.0,0.07792081073745676,0.0761071260997788,0.024178415452796257,0.02,159,4,119
cast19,inv,15,0.02,uniform,218,1300,935,0,0,0.008371860915281581,0.21376781699348305,0.06253789475341096,0.03789603099529368,0.011628139084718419,159,4,86
cast19,inv,15,0.02,uniform_nz,218,1262,935,0,0,0.008371860915281581,0.11321715095175941,0.06253789475341096,0.03789603099529368,0.011628139084718419,159,4,86
cast19,inv,15,0.02,weighted,218,1285,935,0,0,0.008371860915281581,0.06253789475341096,0.06253789475341096,0.03789603099529368,0.011628139084718419,159,4,86
cast19,inv,15,0.02,active_judge,218,1262,935,0,0,0.008371860915281581,0.14834581894481744,0.06253789475341096,0.03789603099529368,0.011628139084718419,159,4,86
cast19,inv,15,0.02,strat_pilot,218,1244,935,0,0,0.008371860915281581,0.06254466295749084,0.06253789475341096,0.03789603099529368,0.011628139084718419,159,4,86
cast19,inv,15,0.02,weighted_cv,218,1276,935,0,0,0.008371860915281581,0.06978614516319352,0.06253789475341096,0.03789603099529368,0.011628139084718419,159,4,86
cast19,inv,15,0.02,active_cv,218,1279,935,0,0,0.008371860915281581,0.16596660559387777,0.06253789475341096,0.03789603099529368,0.011628139084718419,159,4,86
cast19,inv,15,0.02,weighted_cvl,218,1288,935,0,0,0.008371860915281581,0.06253789475341096,0.06253789475341096,0.03789603099529368,0.011628139084718419,159,4,86
cast19,inv,15,0.02,uniform,219,1303,959,0,0,0.007338503537219432,0.09194520954488417,0.037734502159563144,0.0514493510202724,0.012661496462780569,159,4,86
cast19,inv,15,0.02,uniform_nz,219,1309,959,0,0,0.007338503537219432,0.04134385121038679,0.037734502159563144,0.0514493510202724,0.012661496462780569,159,4,86
cast19,inv,15,0.02,weighted,219,1318,959,0,0,0.007338503537219432,0.037734502159563144,0.037734502159563144,0.0514493510202724,0.012661496462780569,159,4,86
cast19,inv,15,0.02,active_judge,219,1326,959,0,0,0.007338503537219432,0.09961558497881695,0.037734502159563144,0.0514493510202724,0.012661496462780569,159,4,86
cast19,inv,15,0.02,strat_pilot,219,1300,959,0,0,0.007338503537219432,0.03760621028248492,0.037734502159563144,0.0514493510202724,0.012661496462780569,159,4,86
cast19,inv,15,0.02,weighted_cv,219,1295,959,0,0,0.007338503537219432,0.049025873006996894,0.037734502159563144,0.0514493510202724,0.012661496462780569,159,4,86
cast19,inv,15,0.02,active_cv,219,1312,959,0,0,0.007338503537219432,0.12567341695217044,0.037734502159563144,0.0514493510202724,0.012661496462780569,159,4,86
cast19,inv,15,0.02,weighted_cvl,219,1278,959,0,0,0.007338503537219432,0.037734502159563144,0.037734502159563144,0.0514493510202724,0.012661496462780569,159,4,86
cast19,inv,15,0.02,uniform,220,1279,923,0,0,0.0,0.8466412747078476,0.08899206220623564,0.08834952854465912,0.02,159,4,86
cast19,inv,15,0.02,uniform_nz,220,1279,923,0,0,0.0,0.43975963744117247,0.08899206220623564,0.08834952854465912,0.02,159,4,86
cast19,inv,15,0.02,weighted,220,1255,923,0,0,0.0,0.08899206220623564,0.08899206220623564,0.08834952854465912,0.02,159,4,86
cast19,inv,15,0.02,active_judge,220,1251,923,0,0,0.0,0.19493617186808415,0.08899206220623564,0.08834952854465912,0.02,159,4,86
cast19,inv,15,0.02,strat_pilot,220,1274,923,0,0,0.0,0.08915184933841144,0.08899206220623564,0.08834952854465912,0.02,159,4,86
cast19,inv,15,0.02,weighted_cv,220,1269,923,0,0,0.0,0.10516865146392065,0.08899206220623564,0.08834952854465912,0.02,159,4,86
cast19,inv,15,0.02,active_cv,220,1257,923,0,0,0.0,0.2226134950267645,0.08899206220623564,0.08834952854465912,0.02,159,4,86
cast19,inv,15,0.02,weighted_cvl,220,1283,923,0,0,0.0,0.08899206220623564,0.08899206220623564,0.08834952854465912,0.02,159,4,86
cast19,inv,15,0.02,uniform,221,1328,1001,0,0,0.0,0.26307449664160387,0.06383360079968414,0.023484621243909175,0.02,159,4,86
cast19,inv,15,0.02,uniform_nz,221,1310,1001,0,0,0.0,0.12109611918506116,0.06383360079968414,0.023484621243909175,0.02,159,4,86
cast19,inv,15,0.02,weighted,221,1308,1001,0,0,0.0,0.06383360079968414,0.06383360079968414,0.023484621243909175,0.02,159,4,86
cast19,inv,15,0.02,active_judge,221,1338,1001,1,0,0.0,0.203934813435791,0.06383360079968414,0.023484621243909175,0.02,159,4,86
cast19,inv,15,0.02,strat_pilot,221,1339,1001,0,0,0.0,0.0638252021989971,0.06383360079968414,0.023484621243909175,0.02,159,4,86
cast19,inv,15,0.02,weighted_cv,221,1328,1001,0,0,0.0,0.06821850944786974,0.06383360079968414,0.023484621243909175,0.02,159,4,86
cast19,inv,15,0.02,active_cv,221,1364,1001,0,0,0.0,0.23310724552642498,0.06383360079968414,0.023484621243909175,0.02,159,4,86
cast19,inv,15,0.02,weighted_cvl,221,1368,1001,1,0,0.0,0.06383360079968414,0.06383360079968414,0.023484621243909175,0.02,159,4,86
cast19,inv,15,0.02,uniform,222,1427,967,0,0,0.0,0.14230970792967004,0.07738777475062172,0.017993416108875795,0.02,159,4,119
cast19,inv,15,0.02,uniform_nz,222,1401,967,0,0,0.0,0.09792339645672687,0.07738777475062172,0.017993416108875795,0.02,159,4,119
cast19,inv,15,0.02,weighted,222,1440,967,0,0,0.0,0.07738777475062172,0.07738777475062172,0.017993416108875795,0.02,159,4,119
cast19,inv,15,0.02,active_judge,222,1451,967,0,0,0.0,0.15811905669285675,0.07738777475062172,0.017993416108875795,0.02,159,4,119
cast19,inv,15,0.02,strat_pilot,222,1443,967,0,0,0.0,0.07750867327346538,0.07738777475062172,0.017993416108875795,0.02,159,4,119
cast19,inv,15,0.02,weighted_cv,222,1453,967,0,0,0.0,0.10675609019367024,0.07738777475062172,0.017993416108875795,0.02,159,4,119
cast19,inv,15,0.02,active_cv,222,1470,967,0,0,0.0,0.2173104489998534,0.07738777475062172,0.017993416108875795,0.02,159,4,119
cast19,inv,15,0.02,weighted_cvl,222,1459,967,0,0,0.0,0.07738777475062172,0.07738777475062172,0.017993416108875795,0.02,159,4,119
cast19,inv,15,0.02,uniform,223,1397,1029,1,0,0.0,0.4996873145749484,0.09463700512342735,0.062183340554167715,0.02,159,4,86
cast19,inv,15,0.02,uniform_nz,223,1378,1029,0,0,0.0,0.2272937399280721,0.09463700512342735,0.062183340554167715,0.02,159,4,86
cast19,inv,15,0.02,weighted,223,1349,1029,1,0,0.0,0.09463700512342735,0.09463700512342735,0.062183340554167715,0.02,159,4,86
cast19,inv,15,0.02,active_judge,223,1373,1029,0,0,0.0,0.19875410658532214,0.09463700512342735,0.062183340554167715,0.02,159,4,86
cast19,inv,15,0.02,strat_pilot,223,1377,1029,1,0,0.0,0.09442487171513278,0.09463700512342735,0.062183340554167715,0.02,159,4,86
cast19,inv,15,0.02,weighted_cv,223,1389,1029,1,0,0.0,0.10769892693690557,0.09463700512342735,0.062183340554167715,0.02,159,4,86
cast19,inv,15,0.02,active_cv,223,1365,1029,0,0,0.0,0.21029656907754096,0.09463700512342735,0.062183340554167715,0.02,159,4,86
cast19,inv,15,0.02,weighted_cvl,223,1379,1029,0,0,0.0,0.09463700512342735,0.09463700512342735,0.062183340554167715,0.02,159,4,86
cast19,inv,15,0.02,uniform,224,1300,966,0,0,0.0,0.7222999440677192,0.07372101342153554,0.023241405137689956,0.02,159,4,86
cast19,inv,15,0.02,uniform_nz,224,1307,966,0,0,0.0,0.39970061121473704,0.07372101342153554,0.023241405137689956,0.02,159,4,86
cast19,inv,15,0.02,weighted,224,1323,966,0,0,0.0,0.07372101342153554,0.07372101342153554,0.023241405137689956,0.02,159,4,86
cast19,inv,15,0.02,active_judge,224,1328,966,0,0,0.0,0.17518557822502306,0.07372101342153554,0.023241405137689956,0.02,159,4,86
cast19,inv,15,0.02,strat_pilot,224,1302,966,0,0,0.0,0.07371727683983323,0.07372101342153554,0.023241405137689956,0.02,159,4,86
cast19,inv,15,0.02,weighted_cv,224,1321,966,0,0,0.0,0.08768506522255642,0.07372101342153554,0.023241405137689956,0.02,159,4,86
cast19,inv,15,0.02,active_cv,224,1319,966,0,0,0.0,0.20538503859888232,0.07372101342153554,0.023241405137689956,0.02,159,4,86
cast19,inv,15,0.02,weighted_cvl,224,1323,966,0,0,0.0,0.07372101342153554,0.07372101342153554,0.023241405137689956,0.02,159,4,86
cast19,inv,15,0.02,uniform,225,1413,964,0,0,0.0,0.24054743429869058,0.0975918690360817,0.05666248978435379,0.02,159,4,119
cast19,inv,15,0.02,uniform_nz,225,1425,964,0,0,0.0,0.142824211363278,0.0975918690360817,0.05666248978435379,0.02,159,4,119
cast19,inv,15,0.02,weighted,225,1464,964,0,0,0.0,0.0975918690360817,0.0975918690360817,0.05666248978435379,0.02,159,4,119
cast19,inv,15,0.02,active_judge,225,1423,964,1,0,0.0,0.2349446905062492,0.0975918690360817,0.05666248978435379,0.02,159,4,119
cast19,inv,15,0.02,strat_pilot,225,1400,964,0,0,0.0,0.09744695063117306,0.0975918690360817,0.05666248978435379,0.02,159,4,119
cast19,inv,15,0.02,weighted_cv,225,1427,964,0,0,0.0,0.13024785896573157,0.0975918690360817,0.05666248978435379,0.02,159,4,119
cast19,inv,15,0.02,active_cv,225,1432,964,0,0,0.0,0.2996617291760469,0.0975918690360817,0.05666248978435379,0.02,159,4,119
cast19,inv,15,0.02,weighted_cvl,225,1403,964,0,0,0.0,0.0975918690360817,0.0975918690360817,0.05666248978435379,0.02,159,4,119
cast19,inv,15,0.02,uniform,226,1438,965,0,0,0.0,0.7007718538544654,0.08379229645589717,0.03710012564612139,0.02,159,4,119
cast19,inv,15,0.02,uniform_nz,226,1418,965,1,0,0.0,0.4371401948067195,0.08379229645589717,0.03710012564612139,0.02,159,4,119
cast19,inv,15,0.02,weighted,226,1410,965,0,0,0.0,0.08379229645589717,0.08379229645589717,0.03710012564612139,0.02,159,4,119
cast19,inv,15,0.02,active_judge,226,1433,965,0,0,0.0,0.26115291697624243,0.08379229645589717,0.03710012564612139,0.02,159,4,119
cast19,inv,15,0.02,strat_pilot,226,1436,965,1,0,0.0,0.083807675318645,0.08379229645589717,0.03710012564612139,0.02,159,4,119
cast19,inv,15,0.02,weighted_cv,226,1429,965,0,0,0.0,0.11146128218113802,0.08379229645589717,0.03710012564612139,0.02,159,4,119
cast19,inv,15,0.02,active_cv,226,1445,965,0,0,0.0,0.3049811349270972,0.08379229645589717,0.03710012564612139,0.02,159,4,119
cast19,inv,15,0.02,weighted_cvl,226,1458,965,0,0,0.0,0.08379229645589717,0.08379229645589717,0.03710012564612139,0.02,159,4,119
cast19,inv,15,0.02,uniform,227,1431,1068,0,0,0.0,0.10951163408775506,0.04231497269186011,0.030820355151086075,0.02,159,4,86
cast19,inv,15,0.02,uniform_nz,227,1407,1068,0,0,0.0,0.050455610827026355,0.04231497269186011,0.030820355151086075,0.02,159,4,86
cast19,inv,15,0.02,weighted,227,1413,1068,0,0,0.0,0.04231497269186011,0.04231497269186011,0.030820355151086075,0.02,159,4,86
cast19,inv,15,0.02,active_judge,227,1396,1068,0,0,0.0,0.08446771483538877,0.04231497269186011,0.030820355151086075,0.02,159,4,86
cast19,inv,15,0.02,strat_pilot,227,1401,1068,0,0,0.0,0.04224693815418027,0.04231497269186011,0.030820355151086075,0.02,159,4,86
cast19,inv,15,0.02,weighted_cv,227,1429,1068,0,0,0.0,0.04985592564101801,0.04231497269186011,0.030820355151086075,0.02,159,4,86
cast19,inv,15,0.02,active_cv,227,1424,1068,0,0,0.0,0.10068651950626972,0.04231497269186011,0.030820355151086075,0.02,159,4,86
cast19,inv,15,0.02,weighted_cvl,227,1429,1068,1,0,0.0,0.04231497269186011,0.04231497269186011,0.030820355151086075,0.02,159,4,86
cast19,inv,15,0.02,uniform,228,1520,1027,0,0,0.0,0.1460390229380548,0.06433732033796039,0.05567246092400892,0.02,159,4,119
cast19,inv,15,0.02,uniform_nz,228,1521,1027,0,0,0.0,0.08625906096053666,0.06433732033796039,0.05567246092400892,0.02,159,4,119
cast19,inv,15,0.02,weighted,228,1518,1027,1,0,0.0,0.06433732033796039,0.06433732033796039,0.05567246092400892,0.02,159,4,119
cast19,inv,15,0.02,active_judge,228,1528,1027,0,0,0.0,0.15316083262357222,0.06433732033796039,0.05567246092400892,0.02,159,4,119
cast19,inv,15,0.02,strat_pilot,228,1468,1027,0,0,0.0,0.06445141996967055,0.06433732033796039,0.05567246092400892,0.02,159,4,119
cast19,inv,15,0.02,weighted_cv,228,1513,1027,1,0,0.0,0.1138680085085976,0.06433732033796039,0.05567246092400892,0.02,159,4,119
cast19,inv,15,0.02,active_cv,228,1518,1027,0,0,0.0,0.25393169199651316,0.06433732033796039,0.05567246092400892,0.02,159,4,119
cast19,inv,15,0.02,weighted_cvl,228,1527,1027,0,0,0.0,0.06433732033796039,0.06433732033796039,0.05567246092400892,0.02,159,4,119
cast19,inv,15,0.02,uniform,229,1390,1029,0,0,0.004821587537466199,0.4545830799277567,0.05891802787389646,0.029336548540068876,0.015178412462533802,159,4,86
cast19,inv,15,0.02,uniform_nz,229,1386,1029,0,0,0.004821587537466199,0.19886208888248674,0.05891802787389646,0.029336548540068876,0.015178412462533802,159,4,86
cast19,inv,15,0.02,weighted,229,1370,1029,0,0,0.004821587537466199,0.05891802787389646,0.05891802787389646,0.029336548540068876,0.015178412462533802,159,4,86
cast19,inv,15,0.02,active_judge,229,1367,1029,0,0,0.004821587537466199,0.2009508538833264,0.05891802787389646,0.029336548540068876,0.015178412462533802,159,4,86
cast19,inv,15,0.02,strat_pilot,229,1372,1029,0,0,0.004821587537466199,0.058884296370162126,0.05891802787389646,0.029336548540068876,0.015178412462533802,159,4,86
cast19,inv,15,0.02,weighted_cv,229,1372,1029,1,0,0.004821587537466199,0.07284180330682867,0.05891802787389646,0.029336548540068876,0.015178412462533802,159,4,86
cast19,inv,15,0.02,active_cv,229,1374,1029,0,0,0.004821587537466199,0.24660188175760273,0.05891802787389646,0.029336548540068876,0.015178412462533802,159,4,86
cast19,inv,15,0.02,weighted_cvl,229,1420,1029,0,0,0.004821587537466199,0.05891802787389646,0.05891802787389646,0.029336548540068876,0.015178412462533802,159,4,86
cast19,inv,15,0.02,uniform,230,1334,1025,0,0,0.0,0.8554503217977324,0.09488601952588692,0.06757591184633856,0.02,159,4,86
cast19,inv,15,0.02,uniform_nz,230,1370,1025,0,0,0.0,0.43092046285536495,0.09488601952588692,0.06757591184633856,0.02,159,4,86
cast19,inv,15,0.02,weighted,230,1411,1025,0,0,0.0,0.09488601952588692,0.09488601952588692,0.06757591184633856,0.02,159,4,86
cast19,inv,15,0.02,active_judge,230,1365,1025,0,0,0.0,0.1744192495711348,0.09488601952588692,0.06757591184633856,0.02,159,4,86
cast19,inv,15,0.02,strat_pilot,230,1376,1025,0,0,0.0,0.09489118860727898,0.09488601952588692,0.06757591184633856,0.02,159,4,86
cast19,inv,15,0.02,weighted_cv,230,1369,1025,0,0,0.0,0.10595093473143476,0.09488601952588692,0.06757591184633856,0.02,159,4,86
cast19,inv,15,0.02,active_cv,230,1352,1025,0,0,0.0,0.19938822365145695,0.09488601952588692,0.06757591184633856,0.02,159,4,86
cast19,inv,15,0.02,weighted_cvl,230,1368,1025,0,0,0.0,0.09488601952588692,0.09488601952588692,0.06757591184633856,0.02,159,4,86
cast19,inv,15,0.02,uniform,231,1439,979,0,0,0.010727990900896767,0.1773991272995777,0.08181807259235334,0.037962868044507575,0.009272009099103234,159,4,119
cast19,inv,15,0.02,uniform_nz,231,1430,979,0,0,0.010727990900896767,0.11742975118413775,0.08181807259235334,0.037962868044507575,0.009272009099103234,159,4,119
cast19,inv,15,0.02,weighted,231,1478,979,0,0,0.010727990900896767,0.08181807259235334,0.08181807259235334,0.037962868044507575,0.009272009099103234,159,4,119
cast19,inv,15,0.02,active_judge,231,1463,979,0,0,0.010727990900896767,0.20301579695892555,0.08181807259235334,0.037962868044507575,0.009272009099103234,159,4,119
cast19,inv,15,0.02,strat_pilot,231,1417,979,0,0,0.010727990900896767,0.08190112609356866,0.08181807259235334,0.037962868044507575,0.009272009099103234,159,4,119
cast19,inv,15,0.02,weighted_cv,231,1456,979,0,0,0.010727990900896767,0.10707768487855344,0.08181807259235334,0.037962868044507575,0.009272009099103234,159,4,119
cast19,inv,15,0.02,active_cv,231,1464,979,0,0,0.010727990900896767,0.24081842419404,0.08181807259235334,0.037962868044507575,0.009272009099103234,159,4,119
cast19,inv,15,0.02,weighted_cvl,231,1449,979,0,0,0.010727990900896767,0.08175036571887852,0.08181807259235334,0.037962868044507575,0.009272009099103234,159,4,119
cast19,inv,15,0.02,uniform,232,1333,959,0,0,0.0,0.743800583220534,0.09985363398096095,0.03513654616124666,0.02,159,4,86
cast19,inv,15,0.02,uniform_nz,232,1320,959,0,0,0.0,0.3120800087086034,0.09985363398096095,0.03513654616124666,0.02,159,4,86
cast19,inv,15,0.02,weighted,232,1327,959,0,0,0.0,0.09985363398096095,0.09985363398096095,0.03513654616124666,0.02,159,4,86
cast19,inv,15,0.02,active_judge,232,1326,959,0,0,0.0,0.19257707949842645,0.09985363398096095,0.03513654616124666,0.02,159,4,86
cast19,inv,15,0.02,strat_pilot,232,1294,959,0,0,0.0,0.09985293402399045,0.09985363398096095,0.03513654616124666,0.02,159,4,86
cast19,inv,15,0.02,weighted_cv,232,1315,959,0,0,0.0,0.10911856929544284,0.09985363398096095,0.03513654616124666,0.02,159,4,86
cast19,inv,15,0.02,active_cv,232,1285,959,0,0,0.0,0.21128801325689897,0.09985363398096095,0.03513654616124666,0.02,159,4,86
cast19,inv,15,0.02,weighted_cvl,232,1289,959,0,0,0.0,0.09985363398096095,0.09985363398096095,0.03513654616124666,0.02,159,4,86
cast19,inv,15,0.02,uniform,233,1345,1020,0,0,0.0,0.13520536617332216,0.05004523128182879,0.04026452713952715,0.02,159,4,86
cast19,inv,15,0.02,uniform_nz,233,1361,1020,0,0,0.0,0.05650190284143366,0.05004523128182879,0.04026452713952715,0.02,159,4,86
cast19,inv,15,0.02,weighted,233,1341,1020,1,0,0.0,0.05004523128182879,0.05004523128182879,0.04026452713952715,0.02,159,4,86
cast19,inv,15,0.02,active_judge,233,1373,1020,0,0,0.0,0.10772506510565623,0.05004523128182879,0.04026452713952715,0.02,159,4,86
cast19,inv,15,0.02,strat_pilot,233,1377,1020,0,0,0.0,0.04989564942649448,0.05004523128182879,0.04026452713952715,0.02,159,4,86
cast19,inv,15,0.02,weighted_cv,233,1351,1020,0,0,0.0,0.07177512099833294,0.05004523128182879,0.04026452713952715,0.02,159,4,86
cast19,inv,15,0.02,active_cv,233,1383,1020,0,0,0.0,0.144833068630371,0.05004523128182879,0.04026452713952715,0.02,159,4,86
cast19,inv,15,0.02,weighted_cvl,233,1347,1020,0,0,0.0,0.05004523128182879,0.05004523128182879,0.04026452713952715,0.02,159,4,86
cast19,inv,15,0.02,uniform,234,1406,927,0,0,0.0,0.27929918993747255,0.1199045931875233,0.021504771383624534,0.02,159,4,119
cast19,inv,15,0.02,uniform_nz,234,1389,927,0,0,0.0,0.17452457386470036,0.1199045931875233,0.021504771383624534,0.02,159,4,119
cast19,inv,15,0.02,weighted,234,1403,927,0,0,0.0,0.1199045931875233,0.1199045931875233,0.021504771383624534,0.02,159,4,119
cast19,inv,15,0.02,active_judge,234,1410,927,0,0,0.0,0.2983742327563825,0.1199045931875233,0.021504771383624534,0.02,159,4,119
cast19,inv,15,0.02,strat_pilot,234,1395,927,0,0,0.0,0.11991901396657167,0.1199045931875233,0.021504771383624534,0.02,159,4,119
cast19,inv,15,0.02,weighted_cv,234,1422,927,0,0,0.0,0.15286801340794165,0.1199045931875233,0.021504771383624534,0.02,159,4,119
cast19,inv,15,0.02,active_cv,234,1414,927,0,0,0.0,0.39488293104151884,0.1199045931875233,0.021504771383624534,0.02,159,4,119
cast19,inv,15,0.02,weighted_cvl,234,1408,927,0,0,0.0,0.1199045931875233,0.1199045931875233,0.021504771383624534,0.02,159,4,119
cast19,inv,15,0.02,uniform,235,1245,962,0,0,0.0,0.0631548993147616,0.019594681425366644,0.021703397522669973,0.02,159,4,70
cast19,inv,15,0.02,uniform_nz,235,1228,962,0,0,0.0,0.02436211268338099,0.019594681425366644,0.021703397522669973,0.02,159,4,70
cast19,inv,15,0.02,weighted,235,1252,962,0,0,0.0,0.019594681425366644,0.019594681425366644,0.021703397522669973,0.02,159,4,70
cast19,inv,15,0.02,active_judge,235,1226,962,0,0,0.0,0.04964039767013103,0.019594681425366644,0.021703397522669973,0.02,159,4,70
cast19,inv,15,0.02,strat_pilot,235,1237,962,0,0,0.0,0.019506564519939158,0.019594681425366644,0.021703397522669973,0.02,159,4,70
cast19,inv,15,0.02,weighted_cv,235,1251,962,0,0,0.0,0.02407470351741555,0.019594681425366644,0.021703397522669973,0.02,159,4,70
cast19,inv,15,0.02,active_cv,235,1249,962,0,0,0.0,0.07105776100929591,0.019594681425366644,0.021703397522669973,0.02,159,4,70
cast19,inv,15,0.02,weighted_cvl,235,1262,962,0,0,0.0,0.019594681425366644,0.019594681425366644,0.021703397522669973,0.02,159,4,70
cast19,inv,15,0.02,uniform,236,1288,941,0,0,0.0,0.373748749088042,0.0634877242776296,0.03574051800057994,0.02,159,4,86
cast19,inv,15,0.02,uniform_nz,236,1278,941,0,0,0.0,0.1691308894698414,0.0634877242776296,0.03574051800057994,0.02,159,4,86
cast19,inv,15,0.02,weighted,236,1259,941,1,0,0.0,0.0634877242776296,0.0634877242776296,0.03574051800057994,0.02,159,4,86
cast19,inv,15,0.02,active_judge,236,1307,941,0,0,0.0,0.15524786935548346,0.0634877242776296,0.03574051800057994,0.02,159,4,86
cast19,inv,15,0.02,strat_pilot,236,1310,941,0,0,0.0,0.06351587599314745,0.0634877242776296,0.03574051800057994,0.02,159,4,86
cast19,inv,15,0.02,weighted_cv,236,1281,941,1,0,0.0,0.07924330876031077,0.0634877242776296,0.03574051800057994,0.02,159,4,86
cast19,inv,15,0.02,active_cv,236,1304,941,0,0,0.0,0.18091199260876428,0.0634877242776296,0.03574051800057994,0.02,159,4,86
cast19,inv,15,0.02,weighted_cvl,236,1300,941,0,0,0.0,0.0634877242776296,0.0634877242776296,0.03574051800057994,0.02,159,4,86
cast19,inv,15,0.02,uniform,237,1503,1001,0,0,0.0,0.26864506082741624,0.09918233032778775,0.03221678049421724,0.02,159,4,119
cast19,inv,15,0.02,uniform_nz,237,1473,1001,0,0,0.0,0.15890079051205303,0.09918233032778775,0.03221678049421724,0.02,159,4,119
cast19,inv,15,0.02,weighted,237,1473,1001,0,0,0.0,0.09918233032778775,0.09918233032778775,0.03221678049421724,0.02,159,4,119
cast19,inv,15,0.02,active_judge,237,1503,1001,0,0,0.0,0.2556894703261766,0.09918233032778775,0.03221678049421724,0.02,159,4,119
cast19,inv,15,0.02,strat_pilot,237,1496,1001,0,0,0.0,0.09916386151142634,0.09918233032778775,0.03221678049421724,0.02,159,4,119
cast19,inv,15,0.02,weighted_cv,237,1475,1001,0,0,0.0,0.15591981581365216,0.09918233032778775,0.03221678049421724,0.02,159,4,119
cast19,inv,15,0.02,active_cv,237,1455,1001,0,0,0.0,0.3807994329629429,0.09918233032778775,0.03221678049421724,0.02,159,4,119
cast19,inv,15,0.02,weighted_cvl,237,1483,1001,0,0,0.0,0.09918233032778775,0.09918233032778775,0.03221678049421724,0.02,159,4,119
cast19,inv,15,0.02,uniform,238,1416,984,0,0,0.0,0.5609911276563299,0.09100780856001375,0.05798126133030816,0.02,159,4,119
cast19,inv,15,0.02,uniform_nz,238,1457,984,0,0,0.0,0.44838475072020756,0.09100780856001375,0.05798126133030816,0.02,159,4,119
cast19,inv,15,0.02,weighted,238,1495,984,0,0,0.0,0.09100780856001375,0.09100780856001375,0.05798126133030816,0.02,159,4,119
cast19,inv,15,0.02,active_judge,238,1445,984,0,0,0.0,0.20141995062380671,0.09100780856001375,0.05798126133030816,0.02,159,4,119
cast19,inv,15,0.02,strat_pilot,238,1468,984,1,0,0.0,0.09103564970325476,0.09100780856001375,0.05798126133030816,0.02,159,4,119
cast19,inv,15,0.02,weighted_cv,238,1455,984,0,0,0.0,0.11549974903640228,0.09100780856001375,0.05798126133030816,0.02,159,4,119
cast19,inv,15,0.02,active_cv,238,1455,984,1,0,0.0,0.2749673456529792,0.09100780856001375,0.05798126133030816,0.02,159,4,119
cast19,inv,15,0.02,weighted_cvl,238,1422,984,0,0,0.0,0.09100780856001375,0.09100780856001375,0.05798126133030816,0.02,159,4,119
cast19,inv,15,0.02,uniform,239,1328,979,0,0,0.0,0.8370849302213061,0.08480240624829105,0.096340959020826,0.02,159,4,86
cast19,inv,15,0.02,uniform_nz,239,1323,979,0,0,0.0,0.42067131351166687,0.08480240624829105,0.096340959020826,0.02,159,4,86
cast19,inv,15,0.02,weighted,239,1321,979,0,0,0.0,0.08480240624829105,0.08480240624829105,0.096340959020826,0.02,159,4,86
cast19,inv,15,0.02,active_judge,239,1311,979,0,0,0.0,0.186669045180551,0.08480240624829105,0.096340959020826,0.02,159,4,86
cast19,inv,15,0.02,strat_pilot,239,1320,979,0,0,0.0,0.08490024984673336,0.08480240624829105,0.096340959020826,0.02,159,4,86
cast19,inv,15,0.02,weighted_cv,239,1299,979,0,0,0.0,0.09958489129286094,0.08480240624829105,0.096340959020826,0.02,159,4,86
cast19,inv,15,0.02,active_cv,239,1332,979,0,0,0.0,0.217834613268138,0.08480240624829105,0.096340959020826,0.02,159,4,86
cast19,inv,15,0.02,weighted_cvl,239,1326,979,0,0,0.0,0.08480240624829105,0.08480240624829105,0.096340959020826,0.02,159,4,86
cast19,inv,15,0.02,uniform,240,1440,952,0,0,0.00597374012487728,0.07631567647833018,0.0455943045164443,0.03494250994365411,0.01402625987512272,159,4,119
cast19,inv,15,0.02,uniform_nz,240,1459,952,0,0,0.00597374012487728,0.05156422710895299,0.0455943045164443,0.03494250994365411,0.01402625987512272,159,4,119
cast19,inv,15,0.02,weighted,240,1395,952,0,0,0.00597374012487728,0.0455943045164443,0.0455943045164443,0.03494250994365411,0.01402625987512272,159,4,119
cast19,inv,15,0.02,active_judge,240,1407,952,1,0,0.00597374012487728,0.09556790295525523,0.0455943045164443,0.03494250994365411,0.01402625987512272,159,4,119
cast19,inv,15,0.02,strat_pilot,240,1441,952,0,0,0.00597374012487728,0.04566430363476491,0.0455943045164443,0.03494250994365411,0.01402625987512272,159,4,119
cast19,inv,15,0.02,weighted_cv,240,1428,952,0,0,0.00597374012487728,0.06531726390741589,0.0455943045164443,0.03494250994365411,0.01402625987512272,159,4,119
cast19,inv,15,0.02,active_cv,240,1413,952,0,0,0.00597374012487728,0.1562138869435997,0.0455943045164443,0.03494250994365411,0.01402625987512272,159,4,119
cast19,inv,15,0.02,weighted_cvl,240,1420,952,0,0,0.00597374012487728,0.045674101756343066,0.0455943045164443,0.03494250994365411,0.01402625987512272,159,4,119
cast19,inv,15,0.02,uniform,241,1464,990,0,0,0.0,0.3537126567402292,0.11606448352583998,0.02536508683207432,0.02,159,4,119
cast19,inv,15,0.02,uniform_nz,241,1459,990,0,0,0.0,0.24949426980447717,0.11606448352583998,0.02536508683207432,0.02,159,4,119
cast19,inv,15,0.02,weighted,241,1497,990,0,0,0.0,0.11606448352583998,0.11606448352583998,0.02536508683207432,0.02,159,4,119
cast19,inv,15,0.02,active_judge,241,1456,990,0,0,0.0,0.3124211929027795,0.11606448352583998,0.02536508683207432,0.02,159,4,119
cast19,inv,15,0.02,strat_pilot,241,1463,990,1,0,0.0,0.11611328638485116,0.11606448352583998,0.02536508683207432,0.02,159,4,119
cast19,inv,15,0.02,weighted_cv,241,1473,990,0,0,0.0,0.14573693557228695,0.11606448352583998,0.02536508683207432,0.02,159,4,119
cast19,inv,15,0.02,active_cv,241,1453,990,0,0,0.0,0.37062181859355864,0.11606448352583998,0.02536508683207432,0.02,159,4,119
cast19,inv,15,0.02,weighted_cvl,241,1450,990,1,0,0.0,0.11606448352583998,0.11606448352583998,0.02536508683207432,0.02,159,4,119
cast19,inv,15,0.02,uniform,242,1311,975,0,0,0.0,0.6476640880753228,0.0527541351333217,0.028176873046724317,0.02,159,4,86
cast19,inv,15,0.02,uniform_nz,242,1299,975,0,0,0.0,0.25213997816978523,0.0527541351333217,0.028176873046724317,0.02,159,4,86
cast19,inv,15,0.02,weighted,242,1326,975,0,0,0.0,0.0527541351333217,0.0527541351333217,0.028176873046724317,0.02,159,4,86
cast19,inv,15,0.02,active_judge,242,1323,975,0,0,0.0,0.16822494594154297,0.0527541351333217,0.028176873046724317,0.02,159,4,86
cast19,inv,15,0.02,strat_pilot,242,1307,975,0,0,0.0,0.05283956207331279,0.0527541351333217,0.028176873046724317,0.02,159,4,86
cast19,inv,15,0.02,weighted_cv,242,1304,975,0,0,0.0,0.0729444746227586,0.0527541351333217,0.028176873046724317,0.02,159,4,86
cast19,inv,15,0.02,active_cv,242,1332,975,0,0,0.0,0.19730707386460708,0.0527541351333217,0.028176873046724317,0.02,159,4,86
cast19,inv,15,0.02,weighted_cvl,242,1332,975,0,0,0.0,0.0527541351333217,0.0527541351333217,0.028176873046724317,0.02,159,4,86
cast19,inv,15,0.02,uniform,243,1407,944,0,0,0.0,0.6755605120153796,0.17046756033944044,0.06744075412154432,0.02,159,4,119
cast19,inv,15,0.02,uniform_nz,243,1409,944,0,0,0.0,0.49387582719801715,0.17046756033944044,0.06744075412154432,0.02,159,4,119
cast19,inv,15,0.02,weighted,243,1425,944,1,0,0.0,0.17046756033944044,0.17046756033944044,0.06744075412154432,0.02,159,4,119
cast19,inv,15,0.02,active_judge,243,1461,944,0,0,0.0,0.4372443254075403,0.17046756033944044,0.06744075412154432,0.02,159,4,119
cast19,inv,15,0.02,strat_pilot,243,1433,944,1,0,0.0,0.17072384558423487,0.17046756033944044,0.06744075412154432,0.02,159,4,119
cast19,inv,15,0.02,weighted_cv,243,1425,944,0,0,0.0,0.18544585356599094,0.17046756033944044,0.06744075412154432,0.02,159,4,119
cast19,inv,15,0.02,active_cv,243,1427,944,0,0,0.0,0.4831539374537801,0.17046756033944044,0.06744075412154432,0.02,159,4,119
cast19,inv,15,0.02,weighted_cvl,243,1403,944,1,0,0.0,0.17046756033944044,0.17046756033944044,0.06744075412154432,0.02,159,4,119
cast19,inv,15,0.02,uniform,244,1229,954,0,0,0.0,0.10196881467810023,0.02822177870307178,0.028738605819555476,0.02,159,4,70
cast19,inv,15,0.02,uniform_nz,244,1261,954,0,0,0.0,0.0293815058486718,0.02822177870307178,0.028738605819555476,0.02,159,4,70
cast19,inv,15,0.02,weighted,244,1229,954,0,0,0.0,0.02822177870307178,0.02822177870307178,0.028738605819555476,0.02,159,4,70
cast19,inv,15,0.02,active_judge,244,1237,954,0,0,0.0,0.06107193548212777,0.02822177870307178,0.028738605819555476,0.02,159,4,70
cast19,inv,15,0.02,strat_pilot,244,1223,954,0,0,0.0,0.028080026103527934,0.02822177870307178,0.028738605819555476,0.02,159,4,70
cast19,inv,15,0.02,weighted_cv,244,1222,954,0,0,0.0,0.032128087859375806,0.02822177870307178,0.028738605819555476,0.02,159,4,70
cast19,inv,15,0.02,active_cv,244,1248,954,0,0,0.0,0.06426249185170477,0.02822177870307178,0.028738605819555476,0.02,159,4,70
cast19,inv,15,0.02,weighted_cvl,244,1230,954,0,0,0.0,0.02822177870307178,0.02822177870307178,0.028738605819555476,0.02,159,4,70
cast19,inv,15,0.02,uniform,245,1448,973,0,0,0.0,0.31332951533977366,0.12283055188324492,0.03815984744131198,0.02,159,4,119
cast19,inv,15,0.02,uniform_nz,245,1415,973,0,0,0.0,0.18804175362839792,0.12283055188324492,0.03815984744131198,0.02,159,4,119
cast19,inv,15,0.02,weighted,245,1440,973,1,0,0.0,0.12283055188324492,0.12283055188324492,0.03815984744131198,0.02,159,4,119
cast19,inv,15,0.02,active_judge,245,1445,973,0,0,0.0,0.2731631526028361,0.12283055188324492,0.03815984744131198,0.02,159,4,119
cast19,inv,15,0.02,strat_pilot,245,1463,973,1,0,0.0,0.12292308038703814,0.12283055188324492,0.03815984744131198,0.02,159,4,119
cast19,inv,15,0.02,weighted_cv,245,1459,973,0,0,0.0,0.15298290827436511,0.12283055188324492,0.03815984744131198,0.02,159,4,119
cast19,inv,15,0.02,active_cv,245,1480,973,0,0,0.0,0.3422662636053536,0.12283055188324492,0.03815984744131198,0.02,159,4,119
cast19,inv,15,0.02,weighted_cvl,245,1441,973,0,0,0.0,0.12283055188324492,0.12283055188324492,0.03815984744131198,0.02,159,4,119
cast19,inv,15,0.02,uniform,246,1381,1023,0,0,0.0015825561723025183,0.1070693586418694,0.04539992695322167,0.06116986834575583,0.018417443827697482,159,4,86
cast19,inv,15,0.02,uniform_nz,246,1361,1023,0,0,0.0015825561723025183,0.05357096508821017,0.04539992695322167,0.06116986834575583,0.018417443827697482,159,4,86
cast19,inv,15,0.02,weighted,246,1358,1023,0,0,0.0015825561723025183,0.04539992695322167,0.04539992695322167,0.06116986834575583,0.018417443827697482,159,4,86
cast19,inv,15,0.02,active_judge,246,1357,1023,0,0,0.0015825561723025183,0.12112403854204792,0.04539992695322167,0.06116986834575583,0.018417443827697482,159,4,86
cast19,inv,15,0.02,strat_pilot,246,1353,1023,0,0,0.0015825561723025183,0.0453207497720972,0.04539992695322167,0.06116986834575583,0.018417443827697482,159,4,86
cast19,inv,15,0.02,weighted_cv,246,1357,1023,0,0,0.0015825561723025183,0.056322523932519256,0.04539992695322167,0.06116986834575583,0.018417443827697482,159,4,86
cast19,inv,15,0.02,active_cv,246,1378,1023,0,0,0.0015825561723025183,0.14171452961437475,0.04539992695322167,0.06116986834575583,0.018417443827697482,159,4,86
cast19,inv,15,0.02,weighted_cvl,246,1377,1023,0,0,0.0015825561723025183,0.04539992695322167,0.04539992695322167,0.06116986834575583,0.018417443827697482,159,4,86
cast19,inv,15,0.02,uniform,247,1495,985,0,0,0.0,0.9773327374365699,0.05671185367913227,0.04935063104922777,0.02,159,4,119
cast19,inv,15,0.02,uniform_nz,247,1453,985,0,0,0.0,0.7033329665043176,0.05671185367913227,0.04935063104922777,0.02,159,4,119
cast19,inv,15,0.02,weighted,247,1427,985,0,0,0.0,0.05671185367913227,0.05671185367913227,0.04935063104922777,0.02,159,4,119
cast19,inv,15,0.02,active_judge,247,1455,985,0,0,0.0,0.16416991300485897,0.05671185367913227,0.04935063104922777,0.02,159,4,119
cast19,inv,15,0.02,strat_pilot,247,1487,985,0,0,0.0,0.05689048217420876,0.05671185367913227,0.04935063104922777,0.02,159,4,119
cast19,inv,15,0.02,weighted_cv,247,1496,985,0,0,0.0,0.08200820542002588,0.05671185367913227,0.04935063104922777,0.02,159,4,119
cast19,inv,15,0.02,active_cv,247,1455,985,0,0,0.0,0.2351081631161978,0.05671185367913227,0.04935063104922777,0.02,159,4,119
cast19,inv,15,0.02,weighted_cvl,247,1461,985,0,0,0.0,0.05671185367913227,0.05671185367913227,0.04935063104922777,0.02,159,4,119
cast19,inv,15,0.02,uniform,248,1309,983,0,0,0.0,0.4720011482450518,0.11051057303306648,0.055520006655001286,0.02,159,4,86
cast19,inv,15,0.02,uniform_nz,248,1338,983,0,0,0.0,0.1893775457252569,0.11051057303306648,0.055520006655001286,0.02,159,4,86
cast19,inv,15,0.02,weighted,248,1331,983,0,0,0.0,0.11051057303306648,0.11051057303306648,0.055520006655001286,0.02,159,4,86
cast19,inv,15,0.02,active_judge,248,1316,983,0,0,0.0,0.29912265826125,0.11051057303306648,0.055520006655001286,0.02,159,4,86
cast19,inv,15,0.02,strat_pilot,248,1332,983,0,0,0.0,0.11051757816818628,0.11051057303306648,0.055520006655001286,0.02,159,4,86
cast19,inv,15,0.02,weighted_cv,248,1310,983,0,0,0.0,0.12487726133608028,0.11051057303306648,0.055520006655001286,0.02,159,4,86
cast19,inv,15,0.02,active_cv,248,1342,983,0,0,0.0,0.3194866670290688,0.11051057303306648,0.055520006655001286,0.02,159,4,86
cast19,inv,15,0.02,weighted_cvl,248,1339,983,0,0,0.0,0.11051057303306648,0.11051057303306648,0.055520006655001286,0.02,159,4,86
cast19,inv,15,0.02,uniform,249,1545,1032,0,0,0.0,0.15395911191867567,0.08285032983534965,0.03758934958625361,0.02,159,4,119
cast19,inv,15,0.02,uniform_nz,249,1508,1032,0,0,0.0,0.11000664179444888,0.08285032983534965,0.03758934958625361,0.02,159,4,119
cast19,inv,15,0.02,weighted,249,1537,1032,0,0,0.0,0.08285032983534965,0.08285032983534965,0.03758934958625361,0.02,159,4,119
cast19,inv,15,0.02,active_judge,249,1509,1032,0,0,0.0,0.17444785247201675,0.08285032983534965,0.03758934958625361,0.02,159,4,119
cast19,inv,15,0.02,strat_pilot,249,1528,1032,0,0,0.0,0.08300361593658437,0.08285032983534965,0.03758934958625361,0.02,159,4,119
cast19,inv,15,0.02,weighted_cv,249,1494,1032,0,0,0.0,0.12613656133099807,0.08285032983534965,0.03758934958625361,0.02,159,4,119
cast19,inv,15,0.02,active_cv,249,1507,1032,0,0,0.0,0.301262654340217,0.08285032983534965,0.03758934958625361,0.02,159,4,119
cast19,inv,15,0.02,weighted_cvl,249,1518,1032,1,0,0.0,0.08293445288027582,0.08285032983534965,0.03758934958625361,0.02,159,4,119
cast19,inv,15,0.02,uniform,250,1530,1014,0,0,0.024780776044695474,0.26876910452740665,0.10763212151346462,0.0042849236839575255,-0.0047807760446954735,159,4,119
cast19,inv,15,0.02,uniform_nz,250,1498,1014,0,0,0.024780776044695474,0.173789536880713,0.10763212151346462,0.0042849236839575255,-0.0047807760446954735,159,4,119
cast19,inv,15,0.02,weighted,250,1499,1014,0,0,0.024780776044695474,0.10763212151346462,0.10763212151346462,0.0042849236839575255,-0.0047807760446954735,159,4,119
cast19,inv,15,0.02,active_judge,250,1471,1014,0,0,0.024780776044695474,0.3005316523293102,0.10763212151346462,0.0042849236839575255,-0.0047807760446954735,159,4,119
cast19,inv,15,0.02,strat_pilot,250,1467,1014,0,0,0.024780776044695474,0.1077313731637994,0.10763212151346462,0.0042849236839575255,-0.0047807760446954735,159,4,119
cast19,inv,15,0.02,weighted_cv,250,1476,1014,0,0,0.024780776044695474,0.13462921435871916,0.10763212151346462,0.0042849236839575255,-0.0047807760446954735,159,4,119
cast19,inv,15,0.02,active_cv,250,1468,1014,0,0,0.024780776044695474,0.35193656826202285,0.10763212151346462,0.0042849236839575255,-0.0047807760446954735,159,4,119
cast19,inv,15,0.02,weighted_cvl,250,1501,1014,0,0,0.024780776044695474,0.10956886885109593,0.10763212151346462,0.0042849236839575255,-0.0047807760446954735,159,4,119
cast19,inv,15,0.02,uniform,251,1437,975,0,0,0.012103947571627693,0.3126020862823673,0.09321212079795325,0.02604090437337475,0.007896052428372307,159,4,119
cast19,inv,15,0.02,uniform_nz,251,1465,975,0,0,0.012103947571627693,0.19307376967967452,0.09321212079795325,0.02604090437337475,0.007896052428372307,159,4,119
cast19,inv,15,0.02,weighted,251,1468,975,0,0,0.012103947571627693,0.09321212079795325,0.09321212079795325,0.02604090437337475,0.007896052428372307,159,4,119
cast19,inv,15,0.02,active_judge,251,1488,975,0,0,0.012103947571627693,0.27310973890949103,0.09321212079795325,0.02604090437337475,0.007896052428372307,159,4,119
cast19,inv,15,0.02,strat_pilot,251,1415,975,0,0,0.012103947571627693,0.09332309623642779,0.09321212079795325,0.02604090437337475,0.007896052428372307,159,4,119
cast19,inv,15,0.02,weighted_cv,251,1446,975,0,0,0.012103947571627693,0.12910818208180785,0.09321212079795325,0.02604090437337475,0.007896052428372307,159,4,119
cast19,inv,15,0.02,active_cv,251,1409,975,0,0,0.012103947571627693,0.37409618641076536,0.09321212079795325,0.02604090437337475,0.007896052428372307,159,4,119
cast19,inv,15,0.02,weighted_cvl,251,1445,975,1,0,0.012103947571627693,0.09321212079795325,0.09321212079795325,0.02604090437337475,0.007896052428372307,159,4,119
cast19,inv,15,0.02,uniform,252,1354,1008,0,0,0.0,0.21267328231197066,0.060839235968170466,0.041680552478967126,0.02,159,4,86
cast19,inv,15,0.02,uniform_nz,252,1329,1008,1,0,0.0,0.10928388845591616,0.060839235968170466,0.041680552478967126,0.02,159,4,86
cast19,inv,15,0.02,weighted,252,1351,1008,0,0,0.0,0.060839235968170466,0.060839235968170466,0.041680552478967126,0.02,159,4,86
cast19,inv,15,0.02,active_judge,252,1351,1008,0,0,0.0,0.16119494211826807,0.060839235968170466,0.041680552478967126,0.02,159,4,86
cast19,inv,15,0.02,strat_pilot,252,1384,1008,0,0,0.0,0.06073936568835235,0.060839235968170466,0.041680552478967126,0.02,159,4,86
cast19,inv,15,0.02,weighted_cv,252,1328,1008,0,0,0.0,0.07954996335490165,0.060839235968170466,0.041680552478967126,0.02,159,4,86
cast19,inv,15,0.02,active_cv,252,1360,1008,0,0,0.0,0.19404581270069135,0.060839235968170466,0.041680552478967126,0.02,159,4,86
cast19,inv,15,0.02,weighted_cvl,252,1363,1008,0,0,0.0,0.060839235968170466,0.060839235968170466,0.041680552478967126,0.02,159,4,86
cast19,inv,15,0.02,uniform,253,1286,996,0,0,0.0,0.2845731247641071,0.031313445601995823,0.040157297767591874,0.02,159,4,68
cast19,inv,15,0.02,uniform_nz,253,1251,996,0,0,0.0,0.09461497154390744,0.031313445601995823,0.040157297767591874,0.02,159,4,68
cast19,inv,15,0.02,weighted,253,1246,996,0,0,0.0,0.031313445601995823,0.031313445601995823,0.040157297767591874,0.02,159,4,68
cast19,inv,15,0.02,active_judge,253,1271,996,0,0,0.0,0.09451031967698378,0.031313445601995823,0.040157297767591874,0.02,159,4,68
cast19,inv,15,0.02,strat_pilot,253,1252,996,0,0,0.0,0.03124257154553143,0.031313445601995823,0.040157297767591874,0.02,159,4,68
cast19,inv,15,0.02,weighted_cv,253,1265,996,0,0,0.0,0.03793091066951162,0.031313445601995823,0.040157297767591874,0.02,159,4,68
cast19,inv,15,0.02,active_cv,253,1276,996,0,0,0.0,0.10633939422988858,0.031313445601995823,0.040157297767591874,0.02,159,4,68
cast19,inv,15,0.02,weighted_cvl,253,1289,996,0,0,0.0,0.031313445601995823,0.031313445601995823,0.040157297767591874,0.02,159,4,68
cast19,inv,15,0.02,uniform,254,1315,985,0,0,0.0,0.5107417512341403,0.10299644650802922,0.04608839168078298,0.02,159,4,86
cast19,inv,15,0.02,uniform_nz,254,1298,985,0,0,0.0,0.21914862456254497,0.10299644650802922,0.04608839168078298,0.02,159,4,86
cast19,inv,15,0.02,weighted,254,1309,985,0,0,0.0,0.10299644650802922,0.10299644650802922,0.04608839168078298,0.02,159,4,86
cast19,inv,15,0.02,active_judge,254,1336,985,0,0,0.0,0.19356647902082116,0.10299644650802922,0.04608839168078298,0.02,159,4,86
cast19,inv,15,0.02,strat_pilot,254,1350,985,0,0,0.0,0.10299515842799756,0.10299644650802922,0.04608839168078298,0.02,159,4,86
cast19,inv,15,0.02,weighted_cv,254,1344,985,1,0,0.0,0.111760265555372,0.10299644650802922,0.04608839168078298,0.02,159,4,86
cast19,inv,15,0.02,active_cv,254,1347,985,0,0,0.0,0.20907653491998218,0.10299644650802922,0.04608839168078298,0.02,159,4,86
cast19,inv,15,0.02,weighted_cvl,254,1327,985,0,0,0.0,0.10299644650802922,0.10299644650802922,0.04608839168078298,0.02,159,4,86
cast19,inv,15,0.02,uniform,255,1454,992,0,0,0.0,0.23107874449458538,0.08788945316086881,0.04416131917207096,0.02,159,4,119
cast19,inv,15,0.02,uniform_nz,255,1476,992,0,0,0.0,0.13016045361706843,0.08788945316086881,0.04416131917207096,0.02,159,4,119
cast19,inv,15,0.02,weighted,255,1426,992,0,0,0.0,0.08788945316086881,0.08788945316086881,0.04416131917207096,0.02,159,4,119
cast19,inv,15,0.02,active_judge,255,1477,992,0,0,0.0,0.19521225096361455,0.08788945316086881,0.04416131917207096,0.02,159,4,119
cast19,inv,15,0.02,strat_pilot,255,1489,992,0,0,0.0,0.08796534108432512,0.08788945316086881,0.04416131917207096,0.02,159,4,119
cast19,inv,15,0.02,weighted_cv,255,1463,992,1,0,0.0,0.12229728970536899,0.08788945316086881,0.04416131917207096,0.02,159,4,119
cast19,inv,15,0.02,active_cv,255,1469,992,0,0,0.0,0.26312201274595826,0.08788945316086881,0.04416131917207096,0.02,159,4,119
cast19,inv,15,0.02,weighted_cvl,255,1458,992,0,0,0.0,0.08788945316086881,0.08788945316086881,0.04416131917207096,0.02,159,4,119
cast19,inv,15,0.02,uniform,256,1311,1003,0,0,0.0,0.3814287226163351,0.037038494721510475,0.027550054434729368,0.02,159,4,68
cast19,inv,15,0.02,uniform_nz,256,1271,1003,0,0,0.0,0.09483158466817412,0.037038494721510475,0.027550054434729368,0.02,159,4,68
cast19,inv,15,0.02,weighted,256,1292,1003,0,0,0.0,0.037038494721510475,0.037038494721510475,0.027550054434729368,0.02,159,4,68
cast19,inv,15,0.02,active_judge,256,1283,1003,0,0,0.0,0.10170265054862164,0.037038494721510475,0.027550054434729368,0.02,159,4,68
cast19,inv,15,0.02,strat_pilot,256,1278,1003,0,0,0.0,0.03689961272682896,0.037038494721510475,0.027550054434729368,0.02,159,4,68
cast19,inv,15,0.02,weighted_cv,256,1279,1003,0,0,0.0,0.0441083468289379,0.037038494721510475,0.027550054434729368,0.02,159,4,68
cast19,inv,15,0.02,active_cv,256,1269,1003,0,0,0.0,0.11178861397468724,0.037038494721510475,0.027550054434729368,0.02,159,4,68
cast19,inv,15,0.02,weighted_cvl,256,1276,1003,0,0,0.0,0.037038494721510475,0.037038494721510475,0.027550054434729368,0.02,159,4,68
cast19,inv,15,0.02,uniform,257,1382,1018,0,0,0.0,0.23186126292649017,0.08910168202842257,0.030923230977292767,0.02,159,4,86
cast19,inv,15,0.02,uniform_nz,257,1386,1018,0,0,0.0,0.10892986420683681,0.08910168202842257,0.030923230977292767,0.02,159,4,86
cast19,inv,15,0.02,weighted,257,1358,1018,0,0,0.0,0.08910168202842257,0.08910168202842257,0.030923230977292767,0.02,159,4,86
cast19,inv,15,0.02,active_judge,257,1329,1018,0,0,0.0,0.1790633111706458,0.08910168202842257,0.030923230977292767,0.02,159,4,86
cast19,inv,15,0.02,strat_pilot,257,1364,1018,1,0,0.0,0.08911163948729948,0.08910168202842257,0.030923230977292767,0.02,159,4,86
cast19,inv,15,0.02,weighted_cv,257,1366,1018,1,0,0.0,0.0964015533544609,0.08910168202842257,0.030923230977292767,0.02,159,4,86
cast19,inv,15,0.02,active_cv,257,1368,1018,0,0,0.0,0.19320319079791445,0.08910168202842257,0.030923230977292767,0.02,159,4,86
cast19,inv,15,0.02,weighted_cvl,257,1341,1018,0,0,0.0,0.08910168202842257,0.08910168202842257,0.030923230977292767,0.02,159,4,86
cast19,inv,15,0.02,uniform,258,1244,914,0,0,0.004647445251997062,0.3320325134754741,0.08194905666160807,0.03480927683465037,0.015352554748002938,159,4,86
cast19,inv,15,0.02,uniform_nz,258,1244,914,0,0,0.004647445251997062,0.1433352427349709,0.08194905666160807,0.03480927683465037,0.015352554748002938,159,4,86
cast19,inv,15,0.02,weighted,258,1245,914,0,0,0.004647445251997062,0.08194905666160807,0.08194905666160807,0.03480927683465037,0.015352554748002938,159,4,86
cast19,inv,15,0.02,active_judge,258,1272,914,0,0,0.004647445251997062,0.24327329924356617,0.08194905666160807,0.03480927683465037,0.015352554748002938,159,4,86
cast19,inv,15,0.02,strat_pilot,258,1253,914,0,0,0.004647445251997062,0.08208716408074224,0.08194905666160807,0.03480927683465037,0.015352554748002938,159,4,86
cast19,inv,15,0.02,weighted_cv,258,1249,914,0,0,0.004647445251997062,0.09166591096655055,0.08194905666160807,0.03480927683465037,0.015352554748002938,159,4,86
cast19,inv,15,0.02,active_cv,258,1271,914,1,0,0.004647445251997062,0.25943177849949123,0.08194905666160807,0.03480927683465037,0.015352554748002938,159,4,86
cast19,inv,15,0.02,weighted_cvl,258,1270,914,0,0,0.004647445251997062,0.08194905666160807,0.08194905666160807,0.03480927683465037,0.015352554748002938,159,4,86
cast19,inv,15,0.02,uniform,259,1410,951,0,0,0.0,0.13825424811512935,0.07744166654723535,0.04152987552149619,0.02,159,4,119
cast19,inv,15,0.02,uniform_nz,259,1398,951,0,0,0.0,0.09318697003563634,0.07744166654723535,0.04152987552149619,0.02,159,4,119
cast19,inv,15,0.02,weighted,259,1421,951,0,0,0.0,0.07744166654723535,0.07744166654723535,0.04152987552149619,0.02,159,4,119
cast19,inv,15,0.02,active_judge,259,1425,951,0,0,0.0,0.1693787335017422,0.07744166654723535,0.04152987552149619,0.02,159,4,119
cast19,inv,15,0.02,strat_pilot,259,1433,951,0,0,0.0,0.0774573723420369,0.07744166654723535,0.04152987552149619,0.02,159,4,119
cast19,inv,15,0.02,weighted_cv,259,1426,951,0,0,0.0,0.10529082820283935,0.07744166654723535,0.04152987552149619,0.02,159,4,119
cast19,inv,15,0.02,active_cv,259,1424,951,0,0,0.0,0.25279452424365456,0.07744166654723535,0.04152987552149619,0.02,159,4,119
cast19,inv,15,0.02,weighted_cvl,259,1458,951,0,0,0.0,0.07744166654723535,0.07744166654723535,0.04152987552149619,0.02,159,4,119
cast19,inv,15,0.02,uniform,260,1461,1000,0,0,0.0,0.1988483002496218,0.08701749071048703,0.03812613541715708,0.02,159,4,119
cast19,inv,15,0.02,uniform_nz,260,1484,1000,0,0,0.0,0.12235309799202343,0.08701749071048703,0.03812613541715708,0.02,159,4,119
cast19,inv,15,0.02,weighted,260,1460,1000,0,0,0.0,0.08701749071048703,0.08701749071048703,0.03812613541715708,0.02,159,4,119
cast19,inv,15,0.02,active_judge,260,1462,1000,0,0,0.0,0.20580393017267068,0.08701749071048703,0.03812613541715708,0.02,159,4,119
cast19,inv,15,0.02,strat_pilot,260,1461,1000,0,0,0.0,0.08697015204945105,0.08701749071048703,0.03812613541715708,0.02,159,4,119
cast19,inv,15,0.02,weighted_cv,260,1451,1000,0,0,0.0,0.13751903593581272,0.08701749071048703,0.03812613541715708,0.02,159,4,119
cast19,inv,15,0.02,active_cv,260,1462,1000,0,0,0.0,0.30736522206308137,0.08701749071048703,0.03812613541715708,0.02,159,4,119
cast19,inv,15,0.02,weighted_cvl,260,1522,1000,0,0,0.0,0.08701749071048703,0.08701749071048703,0.03812613541715708,0.02,159,4,119
cast19,inv,15,0.02,uniform,261,1223,954,0,0,0.0,0.40350334268344723,0.04707716079193132,0.022920363520208733,0.02,159,4,73
cast19,inv,15,0.02,uniform_nz,261,1229,954,0,0,0.0,0.17167616777732178,0.04707716079193132,0.022920363520208733,0.02,159,4,73
cast19,inv,15,0.02,weighted,261,1241,954,0,0,0.0,0.04707716079193132,0.04707716079193132,0.022920363520208733,0.02,159,4,73
cast19,inv,15,0.02,active_judge,261,1251,954,0,0,0.0,0.13015161447375792,0.04707716079193132,0.022920363520208733,0.02,159,4,73
cast19,inv,15,0.02,strat_pilot,261,1228,954,0,0,0.0,0.04698893312288682,0.04707716079193132,0.022920363520208733,0.02,159,4,73
cast19,inv,15,0.02,weighted_cv,261,1224,954,0,0,0.0,0.05632050106469779,0.04707716079193132,0.022920363520208733,0.02,159,4,73
cast19,inv,15,0.02,active_cv,261,1255,954,0,0,0.0,0.14484270884124412,0.04707716079193132,0.022920363520208733,0.02,159,4,73
cast19,inv,15,0.02,weighted_cvl,261,1234,954,0,0,0.0,0.04707716079193132,0.04707716079193132,0.022920363520208733,0.02,159,4,73
cast19,inv,15,0.02,uniform,262,1303,961,0,0,0.0,0.2633663939880876,0.08860162904260252,0.04670408993206639,0.02,159,4,86
cast19,inv,15,0.02,uniform_nz,262,1313,961,1,0,0.0,0.12282109670445651,0.08860162904260252,0.04670408993206639,0.02,159,4,86
cast19,inv,15,0.02,weighted,262,1317,961,0,0,0.0,0.08860162904260252,0.08860162904260252,0.04670408993206639,0.02,159,4,86
cast19,inv,15,0.02,active_judge,262,1298,961,0,0,0.0,0.1815786800225267,0.08860162904260252,0.04670408993206639,0.02,159,4,86
cast19,inv,15,0.02,strat_pilot,262,1345,961,1,0,0.0,0.08862882116792814,0.08860162904260252,0.04670408993206639,0.02,159,4,86
cast19,inv,15,0.02,weighted_cv,262,1298,961,1,0,0.0,0.09809538508599244,0.08860162904260252,0.04670408993206639,0.02,159,4,86
cast19,inv,15,0.02,active_cv,262,1307,961,0,0,0.0,0.194916392851003,0.08860162904260252,0.04670408993206639,0.02,159,4,86
cast19,inv,15,0.02,weighted_cvl,262,1308,961,1,0,0.0,0.08860162904260252,0.08860162904260252,0.04670408993206639,0.02,159,4,86
cast19,inv,15,0.02,uniform,263,1296,967,0,0,0.0,0.4564827756395987,0.05296965389625981,0.016137988888762885,0.02,159,4,75
cast19,inv,15,0.02,uniform_nz,263,1270,967,0,0,0.0,0.1836994708128353,0.05296965389625981,0.016137988888762885,0.02,159,4,75
cast19,inv,15,0.02,weighted,263,1268,967,0,0,0.0,0.05296965389625981,0.05296965389625981,0.016137988888762885,0.02,159,4,75
cast19,inv,15,0.02,active_judge,263,1259,967,0,0,0.0,0.15339052981710638,0.05296965389625981,0.016137988888762885,0.02,159,4,75
cast19,inv,15,0.02,strat_pilot,263,1263,967,0,0,0.0,0.05280663488564151,0.05296965389625981,0.016137988888762885,0.02,159,4,75
cast19,inv,15,0.02,weighted_cv,263,1286,967,0,0,0.0,0.05982183747746052,0.05296965389625981,0.016137988888762885,0.02,159,4,75
cast19,inv,15,0.02,active_cv,263,1238,967,0,0,0.0,0.16454299961907076,0.05296965389625981,0.016137988888762885,0.02,159,4,75
cast19,inv,15,0.02,weighted_cvl,263,1262,967,0,0,0.0,0.05296965389625981,0.05296965389625981,0.016137988888762885,0.02,159,4,75
cast19,inv,15,0.02,uniform,264,1449,989,0,0,0.0033442278290500838,0.1018570797869374,0.05669223025901195,0.0420179761758709,0.016655772170949917,159,4,119
cast19,inv,15,0.02,uniform_nz,264,1509,989,0,0,0.0033442278290500838,0.06485330615525617,0.05669223025901195,0.0420179761758709,0.016655772170949917,159,4,119
cast19,inv,15,0.02,weighted,264,1476,989,0,0,0.0033442278290500838,0.05669223025901195,0.05669223025901195,0.0420179761758709,0.016655772170949917,159,4,119
cast19,inv,15,0.02,active_judge,264,1452,989,0,0,0.0033442278290500838,0.1051600814075941,0.05669223025901195,0.0420179761758709,0.016655772170949917,159,4,119
cast19,inv,15,0.02,strat_pilot,264,1510,989,0,0,0.0033442278290500838,0.056852910250253685,0.05669223025901195,0.0420179761758709,0.016655772170949917,159,4,119
cast19,inv,15,0.02,weighted_cv,264,1466,989,0,0,0.0033442278290500838,0.09669559848631151,0.05669223025901195,0.0420179761758709,0.016655772170949917,159,4,119
cast19,inv,15,0.02,active_cv,264,1489,989,0,0,0.0033442278290500838,0.17633729507415635,0.05669223025901195,0.0420179761758709,0.016655772170949917,159,4,119
cast19,inv,15,0.02,weighted_cvl,264,1485,989,0,0,0.0033442278290500838,0.05669223025901195,0.05669223025901195,0.0420179761758709,0.016655772170949917,159,4,119
cast19,inv,15,0.02,uniform,265,1386,1032,0,0,0.021800063464079034,0.9261594832014138,0.07812519615930147,0.03638992380168851,-0.0018000634640790332,159,4,86
cast19,inv,15,0.02,uniform_nz,265,1362,1032,0,0,0.021800063464079034,0.36712423714811165,0.07812519615930147,0.03638992380168851,-0.0018000634640790332,159,4,86
cast19,inv,15,0.02,weighted,265,1376,1032,0,0,0.021800063464079034,0.07812519615930147,0.07812519615930147,0.03638992380168851,-0.0018000634640790332,159,4,86
cast19,inv,15,0.02,active_judge,265,1362,1032,0,0,0.021800063464079034,0.19662226228168564,0.07812519615930147,0.03638992380168851,-0.0018000634640790332,159,4,86
cast19,inv,15,0.02,strat_pilot,265,1354,1032,0,0,0.021800063464079034,0.07807632435851428,0.07812519615930147,0.03638992380168851,-0.0018000634640790332,159,4,86
cast19,inv,15,0.02,weighted_cv,265,1392,1032,0,0,0.021800063464079034,0.10221779490037405,0.07812519615930147,0.03638992380168851,-0.0018000634640790332,159,4,86
cast19,inv,15,0.02,active_cv,265,1388,1032,0,0,0.021800063464079034,0.23487169114063078,0.07812519615930147,0.03638992380168851,-0.0018000634640790332,159,4,86
cast19,inv,15,0.02,weighted_cvl,265,1384,1032,0,0,0.021800063464079034,0.07812519615930147,0.07812519615930147,0.03638992380168851,-0.0018000634640790332,159,4,86
cast19,inv,15,0.02,uniform,266,1465,1003,0,0,0.0,0.5382610938256776,0.1284062465358752,0.03096117346876963,0.02,159,4,119
cast19,inv,15,0.02,uniform_nz,266,1450,1003,0,0,0.0,0.3486467934001552,0.1284062465358752,0.03096117346876963,0.02,159,4,119
cast19,inv,15,0.02,weighted,266,1492,1003,1,0,0.0,0.1284062465358752,0.1284062465358752,0.03096117346876963,0.02,159,4,119
cast19,inv,15,0.02,active_judge,266,1506,1003,0,0,0.0,0.2651894228349135,0.1284062465358752,0.03096117346876963,0.02,159,4,119
cast19,inv,15,0.02,strat_pilot,266,1482,1003,1,0,0.0,0.12854869843062855,0.1284062465358752,0.03096117346876963,0.02,159,4,119
cast19,inv,15,0.02,weighted_cv,266,1480,1003,0,0,0.0,0.14496426409039492,0.1284062465358752,0.03096117346876963,0.02,159,4,119
cast19,inv,15,0.02,active_cv,266,1484,1003,0,0,0.0,0.2871494741472017,0.1284062465358752,0.03096117346876963,0.02,159,4,119
cast19,inv,15,0.02,weighted_cvl,266,1481,1003,0,0,0.0,0.1284062465358752,0.1284062465358752,0.03096117346876963,0.02,159,4,119
cast19,inv,15,0.02,uniform,267,1278,925,0,0,0.0,0.42052939202142986,0.08546959069492507,0.029869579654062395,0.02,159,4,86
cast19,inv,15,0.02,uniform_nz,267,1250,925,1,0,0.0,0.20610447910246457,0.08546959069492507,0.029869579654062395,0.02,159,4,86
cast19,inv,15,0.02,weighted,267,1263,925,0,0,0.0,0.08546959069492507,0.08546959069492507,0.029869579654062395,0.02,159,4,86
cast19,inv,15,0.02,active_judge,267,1255,925,0,0,0.0,0.21597308973332438,0.08546959069492507,0.029869579654062395,0.02,159,4,86
cast19,inv,15,0.02,strat_pilot,267,1245,925,0,0,0.0,0.08537714469406524,0.08546959069492507,0.029869579654062395,0.02,159,4,86
cast19,inv,15,0.02,weighted_cv,267,1267,925,0,0,0.0,0.10282124613384107,0.08546959069492507,0.029869579654062395,0.02,159,4,86
cast19,inv,15,0.02,active_cv,267,1282,925,0,0,0.0,0.25813306045125506,0.08546959069492507,0.029869579654062395,0.02,159,4,86
cast19,inv,15,0.02,weighted_cvl,267,1287,925,0,0,0.0,0.08546959069492507,0.08546959069492507,0.029869579654062395,0.02,159,4,86
cast19,inv,15,0.02,uniform,268,1305,999,0,0,0.0,0.15307243388123515,0.024441160073777623,0.02960514588610564,0.02,159,4,71
cast19,inv,15,0.02,uniform_nz,268,1292,999,0,0,0.0,0.05649989633143763,0.024441160073777623,0.02960514588610564,0.02,159,4,71
cast19,inv,15,0.02,weighted,268,1283,999,0,0,0.0,0.024441160073777623,0.024441160073777623,0.02960514588610564,0.02,159,4,71
cast19,inv,15,0.02,active_judge,268,1275,999,0,0,0.0,0.0606232398351217,0.024441160073777623,0.02960514588610564,0.02,159,4,71
cast19,inv,15,0.02,strat_pilot,268,1295,999,0,0,0.0,0.024354519757280434,0.024441160073777623,0.02960514588610564,0.02,159,4,71
cast19,inv,15,0.02,weighted_cv,268,1273,999,0,0,0.0,0.026794192818716707,0.024441160073777623,0.02960514588610564,0.02,159,4,71
cast19,inv,15,0.02,active_cv,268,1264,999,0,0,0.0,0.06973216154009913,0.024441160073777623,0.02960514588610564,0.02,159,4,71
cast19,inv,15,0.02,weighted_cvl,268,1269,999,0,0,0.0,0.024441160073777623,0.024441160073777623,0.02960514588610564,0.02,159,4,71
cast19,inv,15,0.02,uniform,269,1478,1005,0,0,0.0,0.5413224763308261,0.14469726195928834,0.03860734392800653,0.02,159,4,119
cast19,inv,15,0.02,uniform_nz,269,1465,1005,0,0,0.0,0.3383892011865976,0.14469726195928834,0.03860734392800653,0.02,159,4,119
cast19,inv,15,0.02,weighted,269,1505,1005,0,0,0.0,0.14469726195928834,0.14469726195928834,0.03860734392800653,0.02,159,4,119
cast19,inv,15,0.02,active_judge,269,1469,1005,0,0,0.0,0.2973408050175136,0.14469726195928834,0.03860734392800653,0.02,159,4,119
cast19,inv,15,0.02,strat_pilot,269,1454,1005,1,0,0.0,0.14478818055942955,0.14469726195928834,0.03860734392800653,0.02,159,4,119
cast19,inv,15,0.02,weighted_cv,269,1456,1005,0,0,0.0,0.17310958807508478,0.14469726195928834,0.03860734392800653,0.02,159,4,119
cast19,inv,15,0.02,active_cv,269,1506,1005,1,0,0.0,0.3681886808607749,0.14469726195928834,0.03860734392800653,0.02,159,4,119
cast19,inv,15,0.02,weighted_cvl,269,1474,1005,0,0,0.0,0.14469726195928834,0.14469726195928834,0.03860734392800653,0.02,159,4,119
cast19,inv,15,0.02,uniform,270,1277,974,0,0,0.0,0.4844968034265914,0.04875836494802911,0.020103044945537205,0.02,159,4,77
cast19,inv,15,0.02,uniform_nz,270,1309,974,0,0,0.0,0.16458558522893557,0.04875836494802911,0.020103044945537205,0.02,159,4,77
cast19,inv,15,0.02,weighted,270,1292,974,1,0,0.0,0.04875836494802911,0.04875836494802911,0.020103044945537205,0.02,159,4,77
cast19,inv,15,0.02,active_judge,270,1283,974,0,0,0.0,0.1313326265878755,0.04875836494802911,0.020103044945537205,0.02,159,4,77
cast19,inv,15,0.02,strat_pilot,270,1281,974,0,0,0.0,0.04832275982265557,0.04875836494802911,0.020103044945537205,0.02,159,4,77
cast19,inv,15,0.02,weighted_cv,270,1282,974,0,0,0.0,0.056424923884229414,0.04875836494802911,0.020103044945537205,0.02,159,4,77
cast19,inv,15,0.02,active_cv,270,1277,974,0,0,0.0,0.14315410323126126,0.04875836494802911,0.020103044945537205,0.02,159,4,77
cast19,inv,15,0.02,weighted_cvl,270,1270,974,0,0,0.0,0.04875836494802911,0.04875836494802911,0.020103044945537205,0.02,159,4,77
cast19,inv,15,0.02,uniform,271,1485,1001,0,0,0.0,0.35389281070483597,0.11211574733720955,0.052418931375160696,0.02,159,4,119
cast19,inv,15,0.02,uniform_nz,271,1457,1001,0,0,0.0,0.24069761611877077,0.11211574733720955,0.052418931375160696,0.02,159,4,119
cast19,inv,15,0.02,weighted,271,1511,1001,0,0,0.0,0.11211574733720955,0.11211574733720955,0.052418931375160696,0.02,159,4,119
cast19,inv,15,0.02,active_judge,271,1470,1001,0,0,0.0,0.3180860408726488,0.11211574733720955,0.052418931375160696,0.02,159,4,119
cast19,inv,15,0.02,strat_pilot,271,1497,1001,0,0,0.0,0.11215148096234669,0.11211574733720955,0.052418931375160696,0.02,159,4,119
cast19,inv,15,0.02,weighted_cv,271,1453,1001,0,0,0.0,0.147582314045513,0.11211574733720955,0.052418931375160696,0.02,159,4,119
cast19,inv,15,0.02,active_cv,271,1474,1001,0,0,0.0,0.45374206298409003,0.11211574733720955,0.052418931375160696,0.02,159,4,119
cast19,inv,15,0.02,weighted_cvl,271,1463,1001,1,0,0.0,0.11211574733720955,0.11211574733720955,0.052418931375160696,0.02,159,4,119
cast19,inv,15,0.02,uniform,272,1287,1013,0,0,0.0,0.10371671444640577,0.028760211312254792,0.02522901762839845,0.02,159,4,74
cast19,inv,15,0.02,uniform_nz,272,1295,1013,1,0,0.0,0.03287813522841514,0.028760211312254792,0.02522901762839845,0.02,159,4,74
cast19,inv,15,0.02,weighted,272,1303,1013,0,0,0.0,0.028760211312254792,0.028760211312254792,0.02522901762839845,0.02,159,4,74
cast19,inv,15,0.02,active_judge,272,1303,1013,0,0,0.0,0.06807698366621269,0.028760211312254792,0.02522901762839845,0.02,159,4,74
cast19,inv,15,0.02,strat_pilot,272,1333,1013,0,0,0.0,0.02871205236844577,0.028760211312254792,0.02522901762839845,0.02,159,4,74
cast19,inv,15,0.02,weighted_cv,272,1331,1013,0,0,0.0,0.03310629655752471,0.028760211312254792,0.02522901762839845,0.02,159,4,74
cast19,inv,15,0.02,active_cv,272,1306,1013,0,0,0.0,0.07471855969337256,0.028760211312254792,0.02522901762839845,0.02,159,4,74
cast19,inv,15,0.02,weighted_cvl,272,1272,1013,0,0,0.0,0.028760211312254792,0.028760211312254792,0.02522901762839845,0.02,159,4,74
cast19,inv,15,0.02,uniform,273,1167,898,0,0,0.0,0.18545194715702468,0.02889378455176119,0.024971901550461917,0.02,159,4,70
cast19,inv,15,0.02,uniform_nz,273,1150,898,0,0,0.0,0.06271552522512087,0.02889378455176119,0.024971901550461917,0.02,159,4,70
cast19,inv,15,0.02,weighted,273,1163,898,0,0,0.0,0.02889378455176119,0.02889378455176119,0.024971901550461917,0.02,159,4,70
cast19,inv,15,0.02,active_judge,273,1140,898,0,0,0.0,0.07317613734416208,0.02889378455176119,0.024971901550461917,0.02,159,4,70
cast19,inv,15,0.02,strat_pilot,273,1176,898,0,0,0.0,0.028784566013932793,0.02889378455176119,0.024971901550461917,0.02,159,4,70
cast19,inv,15,0.02,weighted_cv,273,1192,898,0,0,0.0,0.03468293241672397,0.02889378455176119,0.024971901550461917,0.02,159,4,70
cast19,inv,15,0.02,active_cv,273,1165,898,0,0,0.0,0.09475517159391862,0.02889378455176119,0.024971901550461917,0.02,159,4,70
cast19,inv,15,0.02,weighted_cvl,273,1162,898,0,0,0.0,0.02889378455176119,0.02889378455176119,0.024971901550461917,0.02,159,4,70
cast19,inv,15,0.02,uniform,274,1394,1017,0,0,0.0,0.18113828273821184,0.06800270744262195,0.0364142349196697,0.02,159,4,86
cast19,inv,15,0.02,uniform_nz,274,1366,1017,1,0,0.0,0.07249852895708815,0.06800270744262195,0.0364142349196697,0.02,159,4,86
cast19,inv,15,0.02,weighted,274,1365,1017,1,0,0.0,0.06800270744262195,0.06800270744262195,0.0364142349196697,0.02,159,4,86
cast19,inv,15,0.02,active_judge,274,1363,1017,0,0,0.0,0.11786505413449722,0.06800270744262195,0.0364142349196697,0.02,159,4,86
cast19,inv,15,0.02,strat_pilot,274,1376,1017,1,0,0.0,0.06811126168054689,0.06800270744262195,0.0364142349196697,0.02,159,4,86
cast19,inv,15,0.02,weighted_cv,274,1368,1017,0,0,0.0,0.0768105199271424,0.06800270744262195,0.0364142349196697,0.02,159,4,86
cast19,inv,15,0.02,active_cv,274,1364,1017,0,0,0.0,0.13353005508621432,0.06800270744262195,0.0364142349196697,0.02,159,4,86
cast19,inv,15,0.02,weighted_cvl,274,1343,1017,0,0,0.0,0.06800270744262195,0.06800270744262195,0.0364142349196697,0.02,159,4,86
cast19,inv,15,0.02,uniform,275,1463,986,0,0,0.0,0.6860110959994377,0.08386933311897063,0.08029844753915963,0.02,159,4,119
cast19,inv,15,0.02,uniform_nz,275,1495,986,0,0,0.0,0.4452392660494146,0.08386933311897063,0.08029844753915963,0.02,159,4,119
cast19,inv,15,0.02,weighted,275,1485,986,0,0,0.0,0.08386933311897063,0.08386933311897063,0.08029844753915963,0.02,159,4,119
cast19,inv,15,0.02,active_judge,275,1445,986,0,0,0.0,0.22903322984931576,0.08386933311897063,0.08029844753915963,0.02,159,4,119
cast19,inv,15,0.02,strat_pilot,275,1469,986,0,0,0.0,0.08377900516925647,0.08386933311897063,0.08029844753915963,0.02,159,4,119
cast19,inv,15,0.02,weighted_cv,275,1483,986,0,0,0.0,0.111991643402814,0.08386933311897063,0.08029844753915963,0.02,159,4,119
cast19,inv,15,0.02,active_cv,275,1462,986,1,0,0.0,0.3302088319325982,0.08386933311897063,0.08029844753915963,0.02,159,4,119
cast19,inv,15,0.02,weighted_cvl,275,1449,986,0,0,0.0,0.08386933311897063,0.08386933311897063,0.08029844753915963,0.02,159,4,119
cast19,inv,15,0.02,uniform,276,1227,925,0,0,0.005118044732055793,0.24553453935774527,0.08103905973726366,0.05166023853279879,0.014881955267944207,159,4,86
cast19,inv,15,0.02,uniform_nz,276,1254,925,0,0,0.005118044732055793,0.11549804506140897,0.08103905973726366,0.05166023853279879,0.014881955267944207,159,4,86
cast19,inv,15,0.02,weighted,276,1280,925,0,0,0.005118044732055793,0.08103905973726366,0.08103905973726366,0.05166023853279879,0.014881955267944207,159,4,86
cast19,inv,15,0.02,active_judge,276,1256,925,0,0,0.005118044732055793,0.16702103222482706,0.08103905973726366,0.05166023853279879,0.014881955267944207,159,4,86
cast19,inv,15,0.02,strat_pilot,276,1270,925,0,0,0.005118044732055793,0.08103662966695077,0.08103905973726366,0.05166023853279879,0.014881955267944207,159,4,86
cast19,inv,15,0.02,weighted_cv,276,1253,925,0,0,0.005118044732055793,0.09359498537389477,0.08103905973726366,0.05166023853279879,0.014881955267944207,159,4,86
cast19,inv,15,0.02,active_cv,276,1271,925,0,0,0.005118044732055793,0.19550639978305473,0.08103905973726366,0.05166023853279879,0.014881955267944207,159,4,86
cast19,inv,15,0.02,weighted_cvl,276,1268,925,0,0,0.005118044732055793,0.08103905973726366,0.08103905973726366,0.05166023853279879,0.014881955267944207,159,4,86
cast19,inv,15,0.02,uniform,277,1447,1000,0,0,0.004684476569710383,0.20686780530842305,0.1019696232598691,0.020705517244031857,0.015315523430289617,159,4,119
cast19,inv,15,0.02,uniform_nz,277,1492,1000,0,0,0.004684476569710383,0.13442167971306582,0.1019696232598691,0.020705517244031857,0.015315523430289617,159,4,119
cast19,inv,15,0.02,weighted,277,1494,1000,0,0,0.004684476569710383,0.1019696232598691,0.1019696232598691,0.020705517244031857,0.015315523430289617,159,4,119
cast19,inv,15,0.02,active_judge,277,1489,1000,0,0,0.004684476569710383,0.24664867482803654,0.1019696232598691,0.020705517244031857,0.015315523430289617,159,4,119
cast19,inv,15,0.02,strat_pilot,277,1508,1000,0,0,0.004684476569710383,0.10204980987565282,0.1019696232598691,0.020705517244031857,0.015315523430289617,159,4,119
cast19,inv,15,0.02,weighted_cv,277,1474,1000,1,0,0.004684476569710383,0.1282395002266455,0.1019696232598691,0.020705517244031857,0.015315523430289617,159,4,119
cast19,inv,15,0.02,active_cv,277,1485,1000,0,0,0.004684476569710383,0.34399015460192317,0.1019696232598691,0.020705517244031857,0.015315523430289617,159,4,119
cast19,inv,15,0.02,weighted_cvl,277,1508,1000,0,0,0.004684476569710383,0.1019696232598691,0.1019696232598691,0.020705517244031857,0.015315523430289617,159,4,119
cast19,inv,15,0.02,uniform,278,1445,938,0,0,0.0,0.2617207834398806,0.11569081132571638,0.0426193188093343,0.02,159,4,119
cast19,inv,15,0.02,uniform_nz,278,1406,938,1,0,0.0,0.17784840777190028,0.11569081132571638,0.0426193188093343,0.02,159,4,119
cast19,inv,15,0.02,weighted,278,1422,938,0,0,0.0,0.11569081132571638,0.11569081132571638,0.0426193188093343,0.02,159,4,119
cast19,inv,15,0.02,active_judge,278,1437,938,0,0,0.0,0.23118806774642006,0.11569081132571638,0.0426193188093343,0.02,159,4,119
cast19,inv,15,0.02,strat_pilot,278,1415,938,1,0,0.0,0.11575413844402926,0.11569081132571638,0.0426193188093343,0.02,159,4,119
cast19,inv,15,0.02,weighted_cv,278,1415,938,0,0,0.0,0.14109329470692086,0.11569081132571638,0.0426193188093343,0.02,159,4,119
cast19,inv,15,0.02,active_cv,278,1443,938,0,0,0.0,0.28652129676494126,0.11569081132571638,0.0426193188093343,0.02,159,4,119
cast19,inv,15,0.02,weighted_cvl,278,1434,938,0,0,0.0,0.11569081132571638,0.11569081132571638,0.0426193188093343,0.02,159,4,119
cast19,inv,15,0.02,uniform,279,1215,927,0,0,0.005882053198852377,0.3772519223768428,0.05791298940007049,0.03939650798977426,0.014117946801147623,159,4,72
cast19,inv,15,0.02,uniform_nz,279,1184,927,0,0,0.005882053198852377,0.13084168541063307,0.05791298940007049,0.03939650798977426,0.014117946801147623,159,4,72
cast19,inv,15,0.02,weighted,279,1219,927,0,0,0.005882053198852377,0.05791298940007049,0.05791298940007049,0.03939650798977426,0.014117946801147623,159,4,72
cast19,inv,15,0.02,active_judge,279,1229,927,0,0,0.005882053198852377,0.1483923140188982,0.05791298940007049,0.03939650798977426,0.014117946801147623,159,4,72
cast19,inv,15,0.02,strat_pilot,279,1204,927,0,0,0.005882053198852377,0.057838796334440556,0.05791298940007049,0.03939650798977426,0.014117946801147623,159,4,72
cast19,inv,15,0.02,weighted_cv,279,1198,927,0,0,0.005882053198852377,0.07022491639083973,0.05791298940007049,0.03939650798977426,0.014117946801147623,159,4,72
cast19,inv,15,0.02,active_cv,279,1201,927,0,0,0.005882053198852377,0.1745646952624376,0.05791298940007049,0.03939650798977426,0.014117946801147623,159,4,72
cast19,inv,15,0.02,weighted_cvl,279,1200,927,0,0,0.005882053198852377,0.05791298940007049,0.05791298940007049,0.03939650798977426,0.014117946801147623,159,4,72
cast19,inv,15,0.02,uniform,280,1286,948,0,0,0.0,0.1762138604348846,0.062322832949400456,0.04376528516091377,0.02,159,4,86
cast19,inv,15,0.02,uniform_nz,280,1292,948,0,0,0.0,0.07333887416754166,0.062322832949400456,0.04376528516091377,0.02,159,4,86
cast19,inv,15,0.02,weighted,280,1290,948,0,0,0.0,0.062322832949400456,0.062322832949400456,0.04376528516091377,0.02,159,4,86
cast19,inv,15,0.02,active_judge,280,1326,948,0,0,0.0,0.16108240709634933,0.062322832949400456,0.04376528516091377,0.02,159,4,86
cast19,inv,15,0.02,strat_pilot,280,1284,948,0,0,0.0,0.062105133354841045,0.062322832949400456,0.04376528516091377,0.02,159,4,86
cast19,inv,15,0.02,weighted_cv,280,1287,948,0,0,0.0,0.07454060796731418,0.062322832949400456,0.04376528516091377,0.02,159,4,86
cast19,inv,15,0.02,active_cv,280,1308,948,0,0,0.0,0.18191768322032015,0.062322832949400456,0.04376528516091377,0.02,159,4,86
cast19,inv,15,0.02,weighted_cvl,280,1294,948,0,0,0.0,0.062322832949400456,0.062322832949400456,0.04376528516091377,0.02,159,4,86
cast19,inv,15,0.02,uniform,281,1476,986,0,0,0.014629507439860245,0.23760886675418438,0.10360187656967453,0.029269002059384347,0.005370492560139755,159,4,119
cast19,inv,15,0.02,uniform_nz,281,1434,986,0,0,0.014629507439860245,0.14279805285925434,0.10360187656967453,0.029269002059384347,0.005370492560139755,159,4,119
cast19,inv,15,0.02,weighted,281,1430,986,0,0,0.014629507439860245,0.10360187656967453,0.10360187656967453,0.029269002059384347,0.005370492560139755,159,4,119
cast19,inv,15,0.02,active_judge,281,1453,986,0,0,0.014629507439860245,0.20901228704654926,0.10360187656967453,0.029269002059384347,0.005370492560139755,159,4,119
cast19,inv,15,0.02,strat_pilot,281,1468,986,0,0,0.014629507439860245,0.10368990072309688,0.10360187656967453,0.029269002059384347,0.005370492560139755,159,4,119
cast19,inv,15,0.02,weighted_cv,281,1472,986,0,0,0.014629507439860245,0.12414231962200813,0.10360187656967453,0.029269002059384347,0.005370492560139755,159,4,119
cast19,inv,15,0.02,active_cv,281,1469,986,0,0,0.014629507439860245,0.2379319969148132,0.10360187656967453,0.029269002059384347,0.005370492560139755,159,4,119
cast19,inv,15,0.02,weighted_cvl,281,1449,986,0,0,0.014629507439860245,0.10360187656967453,0.10360187656967453,0.029269002059384347,0.005370492560139755,159,4,119
cast19,inv,15,0.02,uniform,282,1342,991,0,0,0.007430298156439696,0.1541967104018079,0.05775882755925401,0.032421621296722256,0.012569701843560304,159,4,86
cast19,inv,15,0.02,uniform_nz,282,1305,991,0,0,0.007430298156439696,0.06311235968424608,0.05775882755925401,0.032421621296722256,0.012569701843560304,159,4,86
cast19,inv,15,0.02,weighted,282,1318,991,0,0,0.007430298156439696,0.05775882755925401,0.05775882755925401,0.032421621296722256,0.012569701843560304,159,4,86
cast19,inv,15,0.02,active_judge,282,1331,991,0,0,0.007430298156439696,0.11373174262028354,0.05775882755925401,0.032421621296722256,0.012569701843560304,159,4,86
cast19,inv,15,0.02,strat_pilot,282,1291,991,0,0,0.007430298156439696,0.05771854686213464,0.05775882755925401,0.032421621296722256,0.012569701843560304,159,4,86
cast19,inv,15,0.02,weighted_cv,282,1335,991,0,0,0.007430298156439696,0.07376960033858446,0.05775882755925401,0.032421621296722256,0.012569701843560304,159,4,86
cast19,inv,15,0.02,active_cv,282,1334,991,0,0,0.007430298156439696,0.14207398298895485,0.05775882755925401,0.032421621296722256,0.012569701843560304,159,4,86
cast19,inv,15,0.02,weighted_cvl,282,1329,991,0,0,0.007430298156439696,0.05775882755925401,0.05775882755925401,0.032421621296722256,0.012569701843560304,159,4,86
cast19,inv,15,0.02,uniform,283,1270,985,0,0,0.005882053198852377,0.2313694183636132,0.055030596753167904,0.023057911730512356,0.014117946801147623,159,4,71
cast19,inv,15,0.02,uniform_nz,283,1280,985,0,0,0.005882053198852377,0.06652795031336775,0.055030596753167904,0.023057911730512356,0.014117946801147623,159,4,71
cast19,inv,15,0.02,weighted,283,1272,985,0,0,0.005882053198852377,0.055030596753167904,0.055030596753167904,0.023057911730512356,0.014117946801147623,159,4,71
cast19,inv,15,0.02,active_judge,283,1271,985,0,0,0.005882053198852377,0.1174715780422236,0.055030596753167904,0.023057911730512356,0.014117946801147623,159,4,71
cast19,inv,15,0.02,strat_pilot,283,1264,985,0,0,0.005882053198852377,0.05504243243162858,0.055030596753167904,0.023057911730512356,0.014117946801147623,159,4,71
cast19,inv,15,0.02,weighted_cv,283,1281,985,0,0,0.005882053198852377,0.05855790866221142,0.055030596753167904,0.023057911730512356,0.014117946801147623,159,4,71
cast19,inv,15,0.02,active_cv,283,1278,985,0,0,0.005882053198852377,0.1294160078760615,0.055030596753167904,0.023057911730512356,0.014117946801147623,159,4,71
cast19,inv,15,0.02,weighted_cvl,283,1260,985,0,0,0.005882053198852377,0.055030596753167904,0.055030596753167904,0.023057911730512356,0.014117946801147623,159,4,71
cast19,inv,15,0.02,uniform,284,1299,956,0,0,0.0,0.11248561523882364,0.04510662294597008,0.04435264161076856,0.02,159,4,86
cast19,inv,15,0.02,uniform_nz,284,1303,956,1,0,0.0,0.051219580084983174,0.04510662294597008,0.04435264161076856,0.02,159,4,86
cast19,inv,15,0.02,weighted,284,1301,956,0,0,0.0,0.04510662294597008,0.04510662294597008,0.04435264161076856,0.02,159,4,86
cast19,inv,15,0.02,active_judge,284,1301,956,0,0,0.0,0.1253891423459434,0.04510662294597008,0.04435264161076856,0.02,159,4,86
cast19,inv,15,0.02,strat_pilot,284,1345,956,0,0,0.0,0.044924708675029054,0.04510662294597008,0.04435264161076856,0.02,159,4,86
cast19,inv,15,0.02,weighted_cv,284,1276,956,0,0,0.0,0.06440649819928485,0.04510662294597008,0.04435264161076856,0.02,159,4,86
cast19,inv,15,0.02,active_cv,284,1321,956,0,0,0.0,0.15970015606777696,0.04510662294597008,0.04435264161076856,0.02,159,4,86
cast19,inv,15,0.02,weighted_cvl,284,1295,956,1,0,0.0,0.04510164909984276,0.04510662294597008,0.04435264161076856,0.02,159,4,86
cast19,inv,15,0.02,uniform,285,1320,950,0,0,0.0,1.015224399680094,0.05984506208882723,0.0765430162372887,0.02,159,4,86
cast19,inv,15,0.02,uniform_nz,285,1318,950,0,0,0.0,0.48719987976023554,0.05984506208882723,0.0765430162372887,0.02,159,4,86
cast19,inv,15,0.02,weighted,285,1301,950,0,0,0.0,0.05984506208882723,0.05984506208882723,0.0765430162372887,0.02,159,4,86
cast19,inv,15,0.02,active_judge,285,1283,950,0,0,0.0,0.13811589502260688,0.05984506208882723,0.0765430162372887,0.02,159,4,86
cast19,inv,15,0.02,strat_pilot,285,1302,950,0,0,0.0,0.05986245405755104,0.05984506208882723,0.0765430162372887,0.02,159,4,86
cast19,inv,15,0.02,weighted_cv,285,1289,950,0,0,0.0,0.07151226350298093,0.05984506208882723,0.0765430162372887,0.02,159,4,86
cast19,inv,15,0.02,active_cv,285,1320,950,0,0,0.0,0.14983829227222425,0.05984506208882723,0.0765430162372887,0.02,159,4,86
cast19,inv,15,0.02,weighted_cvl,285,1293,950,0,0,0.0,0.05985684222191854,0.05984506208882723,0.0765430162372887,0.02,159,4,86
cast19,inv,15,0.02,uniform,286,1317,992,0,0,0.0,0.30118485810786433,0.07716047022491544,0.050437325888093146,0.02,159,4,86
cast19,inv,15,0.02,uniform_nz,286,1344,992,0,0,0.0,0.103767027031369,0.07716047022491544,0.050437325888093146,0.02,159,4,86
cast19,inv,15,0.02,weighted,286,1325,992,0,0,0.0,0.07716047022491544,0.07716047022491544,0.050437325888093146,0.02,159,4,86
cast19,inv,15,0.02,active_judge,286,1352,992,0,0,0.0,0.14671000819794172,0.07716047022491544,0.050437325888093146,0.02,159,4,86
cast19,inv,15,0.02,strat_pilot,286,1336,992,0,0,0.0,0.07701722544788984,0.07716047022491544,0.050437325888093146,0.02,159,4,86
cast19,inv,15,0.02,weighted_cv,286,1322,992,0,0,0.0,0.0851714570660267,0.07716047022491544,0.050437325888093146,0.02,159,4,86
cast19,inv,15,0.02,active_cv,286,1343,992,0,0,0.0,0.15759847112886338,0.07716047022491544,0.050437325888093146,0.02,159,4,86
cast19,inv,15,0.02,weighted_cvl,286,1332,992,0,0,0.0,0.07716047022491544,0.07716047022491544,0.050437325888093146,0.02,159,4,86
cast19,inv,15,0.02,uniform,287,1350,1015,0,0,0.007430298156439696,0.11070367192619268,0.038463941193192776,0.040534433986816526,0.012569701843560304,159,4,86
cast19,inv,15,0.02,uniform_nz,287,1359,1015,0,0,0.007430298156439696,0.04093736911379815,0.038463941193192776,0.040534433986816526,0.012569701843560304,159,4,86
cast19,inv,15,0.02,weighted,287,1386,1015,0,0,0.007430298156439696,0.038463941193192776,0.038463941193192776,0.040534433986816526,0.012569701843560304,159,4,86
cast19,inv,15,0.02,active_judge,287,1350,1015,0,0,0.007430298156439696,0.0796045506008948,0.038463941193192776,0.040534433986816526,0.012569701843560304,159,4,86
cast19,inv,15,0.02,strat_pilot,287,1380,1015,0,0,0.007430298156439696,0.038485524318284337,0.038463941193192776,0.040534433986816526,0.012569701843560304,159,4,86
cast19,inv,15,0.02,weighted_cv,287,1352,1015,0,0,0.007430298156439696,0.04214168933272212,0.038463941193192776,0.040534433986816526,0.012569701843560304,159,4,86
cast19,inv,15,0.02,active_cv,287,1349,1015,0,0,0.007430298156439696,0.08774937535727881,0.038463941193192776,0.040534433986816526,0.012569701843560304,159,4,86
cast19,inv,15,0.02,weighted_cvl,287,1337,1015,0,0,0.007430298156439696,0.03847274432946041,0.038463941193192776,0.040534433986816526,0.012569701843560304,159,4,86
cast19,inv,15,0.02,uniform,288,1275,945,0,0,0.007699542318434616,0.206980642887269,0.05489669056000997,0.019117012392268148,0.012300457681565385,159,4,86
cast19,inv,15,0.02,uniform_nz,288,1268,945,0,0,0.007699542318434616,0.10846846116345865,0.05489669056000997,0.019117012392268148,0.012300457681565385,159,4,86
cast19,inv,15,0.02,weighted,288,1307,945,0,0,0.007699542318434616,0.05489669056000997,0.05489669056000997,0.019117012392268148,0.012300457681565385,159,4,86
cast19,inv,15,0.02,active_judge,288,1284,945,0,0,0.007699542318434616,0.10287096312658384,0.05489669056000997,0.019117012392268148,0.012300457681565385,159,4,86
cast19,inv,15,0.02,strat_pilot,288,1281,945,0,0,0.007699542318434616,0.05487768339331731,0.05489669056000997,0.019117012392268148,0.012300457681565385,159,4,86
cast19,inv,15,0.02,weighted_cv,288,1299,945,0,0,0.007699542318434616,0.05820602388874174,0.05489669056000997,0.019117012392268148,0.012300457681565385,159,4,86
cast19,inv,15,0.02,active_cv,288,1274,945,0,0,0.007699542318434616,0.10918252284529484,0.05489669056000997,0.019117012392268148,0.012300457681565385,159,4,86
cast19,inv,15,0.02,weighted_cvl,288,1301,945,0,0,0.007699542318434616,0.05489865270045524,0.05489669056000997,0.019117012392268148,0.012300457681565385,159,4,86
cast19,inv,15,0.02,uniform,289,1284,967,0,0,0.0,0.05485827645917037,0.019407610479611287,0.030274419208242746,0.02,159,4,72
cast19,inv,15,0.02,uniform_nz,289,1234,967,0,0,0.0,0.0200054354772465,0.019407610479611287,0.030274419208242746,0.02,159,4,72
cast19,inv,15,0.02,weighted,289,1251,967,0,0,0.0,0.019407610479611287,0.019407610479611287,0.030274419208242746,0.02,159,4,72
cast19,inv,15,0.02,active_judge,289,1226,967,0,0,0.0,0.045187569386429295,0.019407610479611287,0.030274419208242746,0.02,159,4,72
cast19,inv,15,0.02,strat_pilot,289,1264,967,0,0,0.0,0.019327957692758323,0.019407610479611287,0.030274419208242746,0.02,159,4,72
cast19,inv,15,0.02,weighted_cv,289,1254,967,0,0,0.0,0.02371671015704759,0.019407610479611287,0.030274419208242746,0.02,159,4,72
cast19,inv,15,0.02,active_cv,289,1252,967,0,0,0.0,0.06382024360051192,0.019407610479611287,0.030274419208242746,0.02,159,4,72
cast19,inv,15,0.02,weighted_cvl,289,1260,967,0,0,0.0,0.019407610479611287,0.019407610479611287,0.030274419208242746,0.02,159,4,72
cast19,inv,15,0.02,uniform,290,1292,1045,0,0,0.0,0.2074553566957885,0.03251808156885235,0.042325729825729824,0.02,159,4,68
cast19,inv,15,0.02,uniform_nz,290,1346,1045,0,0,0.0,0.0609996581199298,0.03251808156885235,0.042325729825729824,0.02,159,4,68
cast19,inv,15,0.02,weighted,290,1314,1045,0,0,0.0,0.03251808156885235,0.03251808156885235,0.042325729825729824,0.02,159,4,68
cast19,inv,15,0.02,active_judge,290,1321,1045,0,0,0.0,0.07269497390816351,0.03251808156885235,0.042325729825729824,0.02,159,4,68
cast19,inv,15,0.02,strat_pilot,290,1323,1045,1,0,0.0,0.03248841998965894,0.03251808156885235,0.042325729825729824,0.02,159,4,68
cast19,inv,15,0.02,weighted_cv,290,1328,1045,0,0,0.0,0.036929927415826,0.03251808156885235,0.042325729825729824,0.02,159,4,68
cast19,inv,15,0.02,active_cv,290,1286,1045,0,0,0.0,0.08228542120688573,0.03251808156885235,0.042325729825729824,0.02,159,4,68
cast19,inv,15,0.02,weighted_cvl,290,1321,1045,0,0,0.0,0.032530340476141194,0.03251808156885235,0.042325729825729824,0.02,159,4,68
cast19,inv,15,0.02,uniform,291,1296,965,0,0,0.0,1.5490486257675733,0.11000265617116636,0.11314843441283741,0.02,159,4,86
cast19,inv,15,0.02,uniform_nz,291,1324,965,0,0,0.0,0.696959879629528,0.11000265617116636,0.11314843441283741,0.02,159,4,86
cast19,inv,15,0.02,weighted,291,1326,965,0,0,0.0,0.11000265617116636,0.11000265617116636,0.11314843441283741,0.02,159,4,86
cast19,inv,15,0.02,active_judge,291,1299,965,0,0,0.0,0.3522152124589832,0.11000265617116636,0.11314843441283741,0.02,159,4,86
cast19,inv,15,0.02,strat_pilot,291,1301,965,1,0,0.0,0.10997245071844083,0.11000265617116636,0.11314843441283741,0.02,159,4,86
cast19,inv,15,0.02,weighted_cv,291,1290,965,1,0,0.0,0.12619523403227945,0.11000265617116636,0.11314843441283741,0.02,159,4,86
cast19,inv,15,0.02,active_cv,291,1313,965,0,0,0.0,0.38309830270384004,0.11000265617116636,0.11314843441283741,0.02,159,4,86
cast19,inv,15,0.02,weighted_cvl,291,1314,965,0,0,0.0,0.11000265617116636,0.11000265617116636,0.11314843441283741,0.02,159,4,86
cast19,inv,15,0.02,uniform,292,1355,994,0,0,0.0,0.1384497821494069,0.05142944882642605,0.04364588498876425,0.02,159,4,86
cast19,inv,15,0.02,uniform_nz,292,1338,994,0,0,0.0,0.057274598267034,0.05142944882642605,0.04364588498876425,0.02,159,4,86
cast19,inv,15,0.02,weighted,292,1360,994,0,0,0.0,0.05142944882642605,0.05142944882642605,0.04364588498876425,0.02,159,4,86
cast19,inv,15,0.02,active_judge,292,1368,994,0,0,0.0,0.10988087639087851,0.05142944882642605,0.04364588498876425,0.02,159,4,86
cast19,inv,15,0.02,strat_pilot,292,1338,994,0,0,0.0,0.05140835812905099,0.05142944882642605,0.04364588498876425,0.02,159,4,86
cast19,inv,15,0.02,weighted_cv,292,1355,994,1,0,0.0,0.06608893903153949,0.05142944882642605,0.04364588498876425,0.02,159,4,86
cast19,inv,15,0.02,active_cv,292,1335,994,0,0,0.0,0.1552577837679845,0.05142944882642605,0.04364588498876425,0.02,159,4,86
cast19,inv,15,0.02,weighted_cvl,292,1324,994,0,0,0.0,0.0516596699336032,0.05142944882642605,0.04364588498876425,0.02,159,4,86
cast19,inv,15,0.02,uniform,293,1271,983,0,0,0.0,0.30896655659534084,0.03501507197010616,0.03058079312723274,0.02,159,4,72
cast19,inv,15,0.02,uniform_nz,293,1257,983,0,0,0.0,0.12338337390199414,0.03501507197010616,0.03058079312723274,0.02,159,4,72
cast19,inv,15,0.02,weighted,293,1260,983,0,0,0.0,0.03501507197010616,0.03501507197010616,0.03058079312723274,0.02,159,4,72
cast19,inv,15,0.02,active_judge,293,1270,983,1,0,0.0,0.09772019824323792,0.03501507197010616,0.03058079312723274,0.02,159,4,72
cast19,inv,15,0.02,strat_pilot,293,1269,983,0,0,0.0,0.03481934035162111,0.03501507197010616,0.03058079312723274,0.02,159,4,72
cast19,inv,15,0.02,weighted_cv,293,1243,983,0,0,0.0,0.04602680601362353,0.03501507197010616,0.03058079312723274,0.02,159,4,72
cast19,inv,15,0.02,active_cv,293,1267,983,0,0,0.0,0.12890329009953555,0.03501507197010616,0.03058079312723274,0.02,159,4,72
cast19,inv,15,0.02,weighted_cvl,293,1235,983,0,0,0.0,0.03501507197010616,0.03501507197010616,0.03058079312723274,0.02,159,4,72
cast19,inv,15,0.02,uniform,294,1318,992,0,0,0.009804962769065562,0.8505286141475293,0.07444705482104037,0.04940321064496592,0.010195037230934439,159,4,86
cast19,inv,15,0.02,uniform_nz,294,1339,992,0,0,0.009804962769065562,0.3761700905713918,0.07444705482104037,0.04940321064496592,0.010195037230934439,159,4,86
cast19,inv,15,0.02,weighted,294,1326,992,1,0,0.009804962769065562,0.07444705482104037,0.07444705482104037,0.04940321064496592,0.010195037230934439,159,4,86
cast19,inv,15,0.02,active_judge,294,1296,992,0,0,0.009804962769065562,0.1873201612669118,0.07444705482104037,0.04940321064496592,0.010195037230934439,159,4,86
cast19,inv,15,0.02,strat_pilot,294,1330,992,0,0,0.009804962769065562,0.07444593417203238,0.07444705482104037,0.04940321064496592,0.010195037230934439,159,4,86
cast19,inv,15,0.02,weighted_cv,294,1334,992,0,0,0.009804962769065562,0.08582455950757842,0.07444705482104037,0.04940321064496592,0.010195037230934439,159,4,86
cast19,inv,15,0.02,active_cv,294,1328,992,0,0,0.009804962769065562,0.21277616933601684,0.07444705482104037,0.04940321064496592,0.010195037230934439,159,4,86
cast19,inv,15,0.02,weighted_cvl,294,1363,992,0,0,0.009804962769065562,0.07643570505261832,0.07444705482104037,0.04940321064496592,0.010195037230934439,159,4,86
cast19,inv,15,0.02,uniform,295,1453,961,0,0,0.01241975815355495,0.22177456598128376,0.08025128742922905,0.02711120043676577,0.007580241846445051,159,4,119
cast19,inv,15,0.02,uniform_nz,295,1446,961,0,0,0.01241975815355495,0.15398583365133572,0.08025128742922905,0.02711120043676577,0.007580241846445051,159,4,119
cast19,inv,15,0.02,weighted,295,1402,961,0,0,0.01241975815355495,0.08025128742922905,0.08025128742922905,0.02711120043676577,0.007580241846445051,159,4,119
cast19,inv,15,0.02,active_judge,295,1436,961,0,0,0.01241975815355495,0.17531296232625201,0.08025128742922905,0.02711120043676577,0.007580241846445051,159,4,119
cast19,inv,15,0.02,strat_pilot,295,1462,961,0,0,0.01241975815355495,0.08022523253623001,0.08025128742922905,0.02711120043676577,0.007580241846445051,159,4,119
cast19,inv,15,0.02,weighted_cv,295,1429,961,0,0,0.01241975815355495,0.11649199026129835,0.08025128742922905,0.02711120043676577,0.007580241846445051,159,4,119
cast19,inv,15,0.02,active_cv,295,1426,961,0,0,0.01241975815355495,0.2644333113885573,0.08025128742922905,0.02711120043676577,0.007580241846445051,159,4,119
cast19,inv,15,0.02,weighted_cvl,295,1425,961,0,0,0.01241975815355495,0.08025128742922905,0.08025128742922905,0.02711120043676577,0.007580241846445051,159,4,119
cast19,inv,15,0.02,uniform,296,1304,965,0,0,0.0,0.10281052625770451,0.03691812705480936,0.03401978359528802,0.02,159,4,86
cast19,inv,15,0.02,uniform_nz,296,1304,965,0,0,0.0,0.042963069930140256,0.03691812705480936,0.03401978359528802,0.02,159,4,86
cast19,inv,15,0.02,weighted,296,1312,965,0,0,0.0,0.03691812705480936,0.03691812705480936,0.03401978359528802,0.02,159,4,86
cast19,inv,15,0.02,active_judge,296,1334,965,0,0,0.0,0.1055599933797117,0.03691812705480936,0.03401978359528802,0.02,159,4,86
cast19,inv,15,0.02,strat_pilot,296,1324,965,0,0,0.0,0.036876170649054046,0.03691812705480936,0.03401978359528802,0.02,159,4,86
cast19,inv,15,0.02,weighted_cv,296,1306,965,0,0,0.0,0.052864930292293576,0.03691812705480936,0.03401978359528802,0.02,159,4,86
cast19,inv,15,0.02,active_cv,296,1306,965,0,0,0.0,0.13111876588243368,0.03691812705480936,0.03401978359528802,0.02,159,4,86
cast19,inv,15,0.02,weighted_cvl,296,1283,965,0,0,0.0,0.03691812705480936,0.03691812705480936,0.03401978359528802,0.02,159,4,86
cast19,inv,15,0.02,uniform,297,1289,944,0,0,0.005765720303384514,0.30472277001033665,0.04890681861374763,0.036892543347904094,0.014234279696615487,159,4,86
cast19,inv,15,0.02,uniform_nz,297,1249,944,0,0,0.005765720303384514,0.16816677687650322,0.04890681861374763,0.036892543347904094,0.014234279696615487,159,4,86
cast19,inv,15,0.02,weighted,297,1291,944,0,0,0.005765720303384514,0.04890681861374763,0.04890681861374763,0.036892543347904094,0.014234279696615487,159,4,86
cast19,inv,15,0.02,active_judge,297,1271,944,0,0,0.005765720303384514,0.16020109335762736,0.04890681861374763,0.036892543347904094,0.014234279696615487,159,4,86
cast19,inv,15,0.02,strat_pilot,297,1278,944,0,0,0.005765720303384514,0.04881544959939601,0.04890681861374763,0.036892543347904094,0.014234279696615487,159,4,86
cast19,inv,15,0.02,weighted_cv,297,1276,944,0,0,0.005765720303384514,0.06158772634274441,0.04890681861374763,0.036892543347904094,0.014234279696615487,159,4,86
cast19,inv,15,0.02,active_cv,297,1266,944,0,0,0.005765720303384514,0.18530980968723249,0.04890681861374763,0.036892543347904094,0.014234279696615487,159,4,86
cast19,inv,15,0.02,weighted_cvl,297,1257,944,0,0,0.005765720303384514,0.04890681861374763,0.04890681861374763,0.036892543347904094,0.014234279696615487,159,4,86
cast19,inv,15,0.02,uniform,298,1436,948,0,0,0.007560759046290777,0.1916382476604893,0.07876311374508378,0.04733192018181586,0.012439240953709223,159,4,119
cast19,inv,15,0.02,uniform_nz,298,1410,948,0,0,0.007560759046290777,0.13021415377901943,0.07876311374508378,0.04733192018181586,0.012439240953709223,159,4,119
cast19,inv,15,0.02,weighted,298,1411,948,0,0,0.007560759046290777,0.07876311374508378,0.07876311374508378,0.04733192018181586,0.012439240953709223,159,4,119
cast19,inv,15,0.02,active_judge,298,1455,948,0,0,0.007560759046290777,0.252361341396097,0.07876311374508378,0.04733192018181586,0.012439240953709223,159,4,119
cast19,inv,15,0.02,strat_pilot,298,1403,948,0,0,0.007560759046290777,0.07827152233882659,0.07876311374508378,0.04733192018181586,0.012439240953709223,159,4,119
cast19,inv,15,0.02,weighted_cv,298,1435,948,0,0,0.007560759046290777,0.10684038199321058,0.07876311374508378,0.04733192018181586,0.012439240953709223,159,4,119
cast19,inv,15,0.02,active_cv,298,1433,948,0,0,0.007560759046290777,0.3022649446467013,0.07876311374508378,0.04733192018181586,0.012439240953709223,159,4,119
cast19,inv,15,0.02,weighted_cvl,298,1414,948,0,0,0.007560759046290777,0.07876311374508378,0.07876311374508378,0.04733192018181586,0.012439240953709223,159,4,119
cast19,inv,15,0.02,uniform,299,1355,995,0,0,0.0,0.18984680927003766,0.059314885687996276,0.03673254219994396,0.02,159,4,86
cast19,inv,15,0.02,uniform_nz,299,1327,995,0,0,0.0,0.08244915362484588,0.059314885687996276,0.03673254219994396,0.02,159,4,86
cast19,inv,15,0.02,weighted,299,1342,995,0,0,0.0,0.059314885687996276,0.059314885687996276,0.03673254219994396,0.02,159,4,86
cast19,inv,15,0.02,active_judge,299,1319,995,0,0,0.0,0.13263612047124554,0.059314885687996276,0.03673254219994396,0.02,159,4,86
cast19,inv,15,0.02,strat_pilot,299,1351,995,0,0,0.0,0.0592653857854063,0.059314885687996276,0.03673254219994396,0.02,159,4,86
cast19,inv,15,0.02,weighted_cv,299,1324,995,0,0,0.0,0.08451214273098581,0.059314885687996276,0.03673254219994396,0.02,159,4,86
cast19,inv,15,0.02,active_cv,299,1348,995,0,0,0.0,0.16356041003746985,0.059314885687996276,0.03673254219994396,0.02,159,4,86
cast19,inv,15,0.02,weighted_cvl,299,1319,995,0,0,0.0,0.059314885687996276,0.059314885687996276,0.03673254219994396,0.02,159,4,86
