collection,judge,budget_full_eq,eps,method,draw,pilot,v_pilot,v_pilot_ref,slack_pilot,n_queries,cand
webis-touche2020,rr,10,0.01,uniform,0,748,0.1690084157623271,0.07264683670637508,0.04540826831749886,49,2
webis-touche2020,rr,10,0.01,uniform_nz,0,748,0.11360962419173481,0.07264683670637508,0.04540826831749886,49,2
webis-touche2020,rr,10,0.01,weighted,0,748,0.07264683670637508,0.07264683670637508,0.04540826831749886,49,2
webis-touche2020,rr,10,0.01,active_judge,0,748,0.20161876193205858,0.07264683670637508,0.04540826831749886,49,2
webis-touche2020,rr,10,0.01,strat_pilot,0,748,0.07340934952437157,0.07264683670637508,0.04540826831749886,49,2
webis-touche2020,rr,10,0.01,weighted_cv,0,748,0.056876719393441764,0.07264683670637508,0.04540826831749886,49,2
webis-touche2020,rr,10,0.01,active_cv,0,748,0.0968816797854182,0.07264683670637508,0.04540826831749886,49,2
webis-touche2020,rr,10,0.01,weighted_cvl,0,748,0.055331673812087236,0.07264683670637508,0.04540826831749886,49,2
webis-touche2020,rr,10,0.01,uniform,1,752,0.08976660850144962,0.051134459145934154,0.05341597948834789,49,2
webis-touche2020,rr,10,0.01,uniform_nz,1,752,0.07092969529368255,0.051134459145934154,0.05341597948834789,49,2
webis-touche2020,rr,10,0.01,weighted,1,752,0.051134459145934154,0.051134459145934154,0.05341597948834789,49,2
webis-touche2020,rr,10,0.01,active_judge,1,752,0.1327719741836806,0.051134459145934154,0.05341597948834789,49,2
webis-touche2020,rr,10,0.01,strat_pilot,1,752,0.05148975638896697,0.051134459145934154,0.05341597948834789,49,2
webis-touche2020,rr,10,0.01,weighted_cv,1,752,0.04320525217677003,0.051134459145934154,0.05341597948834789,49,2
webis-touche2020,rr,10,0.01,active_cv,1,752,0.09192005609536871,0.051134459145934154,0.05341597948834789,49,2
webis-touche2020,rr,10,0.01,weighted_cvl,1,752,0.039430505199717636,0.051134459145934154,0.05341597948834789,49,2
webis-touche2020,rr,10,0.01,uniform,2,754,0.15486805225541295,0.048673562552490314,0.04367578482748762,49,2
webis-touche2020,rr,10,0.01,uniform_nz,2,754,0.07436456587365081,0.048673562552490314,0.04367578482748762,49,2
webis-touche2020,rr,10,0.01,weighted,2,754,0.048673562552490314,0.048673562552490314,0.04367578482748762,49,2
webis-touche2020,rr,10,0.01,active_judge,2,754,0.13077325668053513,0.048673562552490314,0.04367578482748762,49,2
webis-touche2020,rr,10,0.01,strat_pilot,2,754,0.0494749912478024,0.048673562552490314,0.04367578482748762,49,2
webis-touche2020,rr,10,0.01,weighted_cv,2,754,0.03839543520689684,0.048673562552490314,0.04367578482748762,49,2
webis-touche2020,rr,10,0.01,active_cv,2,754,0.090222086829694,0.048673562552490314,0.04367578482748762,49,2
webis-touche2020,rr,10,0.01,weighted_cvl,2,754,0.034194468363771505,0.048673562552490314,0.04367578482748762,49,2
webis-touche2020,rr,10,0.01,uniform,3,743,0.07923356403631487,0.046927344970468146,0.05392062398099549,49,2
webis-touche2020,rr,10,0.01,uniform_nz,3,743,0.06837751009389885,0.046927344970468146,0.05392062398099549,49,2
webis-touche2020,rr,10,0.01,weighted,3,743,0.046927344970468146,0.046927344970468146,0.05392062398099549,49,2
webis-touche2020,rr,10,0.01,active_judge,3,743,0.10577275738764014,0.046927344970468146,0.05392062398099549,49,2
webis-touche2020,rr,10,0.01,strat_pilot,3,743,0.04751358034182235,0.046927344970468146,0.05392062398099549,49,2
webis-touche2020,rr,10,0.01,weighted_cv,3,743,0.042989881212181905,0.046927344970468146,0.05392062398099549,49,2
webis-touche2020,rr,10,0.01,active_cv,3,743,0.10008386262152222,0.046927344970468146,0.05392062398099549,49,2
webis-touche2020,rr,10,0.01,weighted_cvl,3,743,0.03673895028391171,0.046927344970468146,0.05392062398099549,49,2
webis-touche2020,rr,10,0.01,uniform,4,773,0.09361419515717209,0.054083325124264545,0.05271307167080487,49,2
webis-touche2020,rr,10,0.01,uniform_nz,4,773,0.07407820204906113,0.054083325124264545,0.05271307167080487,49,2
webis-touche2020,rr,10,0.01,weighted,4,773,0.054083325124264545,0.054083325124264545,0.05271307167080487,49,2
webis-touche2020,rr,10,0.01,active_judge,4,773,0.13497177031931407,0.054083325124264545,0.05271307167080487,49,2
webis-touche2020,rr,10,0.01,strat_pilot,4,773,0.05567458416744252,0.054083325124264545,0.05271307167080487,49,2
webis-touche2020,rr,10,0.01,weighted_cv,4,773,0.04602553744227478,0.054083325124264545,0.05271307167080487,49,2
webis-touche2020,rr,10,0.01,active_cv,4,773,0.09567100360267912,0.054083325124264545,0.05271307167080487,49,2
webis-touche2020,rr,10,0.01,weighted_cvl,4,773,0.042759747249044064,0.054083325124264545,0.05271307167080487,49,2
webis-touche2020,rr,10,0.01,uniform,5,772,0.16174019511404839,0.04954541715537913,0.06726582033975358,49,2
webis-touche2020,rr,10,0.01,uniform_nz,5,772,0.08077632417315106,0.04954541715537913,0.06726582033975358,49,2
webis-touche2020,rr,10,0.01,weighted,5,772,0.04954541715537913,0.04954541715537913,0.06726582033975358,49,2
webis-touche2020,rr,10,0.01,active_judge,5,772,0.1443564240299206,0.04954541715537913,0.06726582033975358,49,2
webis-touche2020,rr,10,0.01,strat_pilot,5,772,0.05030034717848906,0.04954541715537913,0.06726582033975358,49,2
webis-touche2020,rr,10,0.01,weighted_cv,5,772,0.03626376472727174,0.04954541715537913,0.06726582033975358,49,2
webis-touche2020,rr,10,0.01,active_cv,5,772,0.054140167036044094,0.04954541715537913,0.06726582033975358,49,2
webis-touche2020,rr,10,0.01,weighted_cvl,5,772,0.0340292114732395,0.04954541715537913,0.06726582033975358,49,2
webis-touche2020,rr,10,0.01,uniform,6,749,0.16042544970846323,0.056944621346237734,0.04876108220274663,49,2
webis-touche2020,rr,10,0.01,uniform_nz,6,749,0.0844052650458472,0.056944621346237734,0.04876108220274663,49,2
webis-touche2020,rr,10,0.01,weighted,6,749,0.056944621346237734,0.056944621346237734,0.04876108220274663,49,2
webis-touche2020,rr,10,0.01,active_judge,6,749,0.14684292266568433,0.056944621346237734,0.04876108220274663,49,2
webis-touche2020,rr,10,0.01,strat_pilot,6,749,0.057625123433778645,0.056944621346237734,0.04876108220274663,49,2
webis-touche2020,rr,10,0.01,weighted_cv,6,749,0.04811726322043456,0.056944621346237734,0.04876108220274663,49,2
webis-touche2020,rr,10,0.01,active_cv,6,749,0.103623375432583,0.056944621346237734,0.04876108220274663,49,2
webis-touche2020,rr,10,0.01,weighted_cvl,6,749,0.045295487266300546,0.056944621346237734,0.04876108220274663,49,2
webis-touche2020,rr,10,0.01,uniform,7,752,0.05621302599356063,0.02271151061061168,0.0473913536571364,49,2
webis-touche2020,rr,10,0.01,uniform_nz,7,752,0.029919876278311754,0.02271151061061168,0.0473913536571364,49,2
webis-touche2020,rr,10,0.01,weighted,7,752,0.02271151061061168,0.02271151061061168,0.0473913536571364,49,2
webis-touche2020,rr,10,0.01,active_judge,7,752,0.06464607568563743,0.02271151061061168,0.0473913536571364,49,2
webis-touche2020,rr,10,0.01,strat_pilot,7,752,0.023172567108748078,0.02271151061061168,0.0473913536571364,49,2
webis-touche2020,rr,10,0.01,weighted_cv,7,752,0.018243731040983976,0.02271151061061168,0.0473913536571364,49,2
webis-touche2020,rr,10,0.01,active_cv,7,752,0.0334459993240583,0.02271151061061168,0.0473913536571364,49,2
webis-touche2020,rr,10,0.01,weighted_cvl,7,752,0.017489049332185237,0.02271151061061168,0.0473913536571364,49,2
webis-touche2020,rr,10,0.01,uniform,8,743,0.07454324071431928,0.03871548743613714,0.02897218129880668,49,2
webis-touche2020,rr,10,0.01,uniform_nz,8,743,0.047702402120272436,0.03871548743613714,0.02897218129880668,49,2
webis-touche2020,rr,10,0.01,weighted,8,743,0.03871548743613714,0.03871548743613714,0.02897218129880668,49,2
webis-touche2020,rr,10,0.01,active_judge,8,743,0.09832057419154394,0.03871548743613714,0.02897218129880668,49,2
webis-touche2020,rr,10,0.01,strat_pilot,8,743,0.03898244492649987,0.03871548743613714,0.02897218129880668,49,2
webis-touche2020,rr,10,0.01,weighted_cv,8,743,0.033614280650614246,0.03871548743613714,0.02897218129880668,49,2
webis-touche2020,rr,10,0.01,active_cv,8,743,0.06872134371618852,0.03871548743613714,0.02897218129880668,49,2
webis-touche2020,rr,10,0.01,weighted_cvl,8,743,0.0308717358617586,0.03871548743613714,0.02897218129880668,49,2
webis-touche2020,rr,10,0.01,uniform,9,743,0.1459684752241766,0.04319930942608684,0.05138481996309429,49,2
webis-touche2020,rr,10,0.01,uniform_nz,9,743,0.06807609813111025,0.04319930942608684,0.05138481996309429,49,2
webis-touche2020,rr,10,0.01,weighted,9,743,0.04319930942608684,0.04319930942608684,0.05138481996309429,49,2
webis-touche2020,rr,10,0.01,active_judge,9,743,0.13338583798921047,0.04319930942608684,0.05138481996309429,49,2
webis-touche2020,rr,10,0.01,strat_pilot,9,743,0.044314225667792764,0.04319930942608684,0.05138481996309429,49,2
webis-touche2020,rr,10,0.01,weighted_cv,9,743,0.0319868043443597,0.04319930942608684,0.05138481996309429,49,2
webis-touche2020,rr,10,0.01,active_cv,9,743,0.06264492847190095,0.04319930942608684,0.05138481996309429,49,2
webis-touche2020,rr,10,0.01,weighted_cvl,9,743,0.030136678068137124,0.04319930942608684,0.05138481996309429,49,2
webis-touche2020,rr,10,0.01,uniform,10,752,0.15230570920277306,0.05074418230753118,0.05307107947540712,49,2
webis-touche2020,rr,10,0.01,uniform_nz,10,752,0.07368932098893319,0.05074418230753118,0.05307107947540712,49,2
webis-touche2020,rr,10,0.01,weighted,10,752,0.05074418230753118,0.05074418230753118,0.05307107947540712,49,2
webis-touche2020,rr,10,0.01,active_judge,10,752,0.1383631982857721,0.05074418230753118,0.05307107947540712,49,2
webis-touche2020,rr,10,0.01,strat_pilot,10,752,0.051414659328991544,0.05074418230753118,0.05307107947540712,49,2
webis-touche2020,rr,10,0.01,weighted_cv,10,752,0.042140416146119505,0.05074418230753118,0.05307107947540712,49,2
webis-touche2020,rr,10,0.01,active_cv,10,752,0.09428273938191581,0.05074418230753118,0.05307107947540712,49,2
webis-touche2020,rr,10,0.01,weighted_cvl,10,752,0.03799811459036003,0.05074418230753118,0.05307107947540712,49,2
webis-touche2020,rr,10,0.01,uniform,11,763,0.15920183660035853,0.06240518436385799,0.07172076669174192,49,2
webis-touche2020,rr,10,0.01,uniform_nz,11,763,0.09043940152309522,0.06240518436385799,0.07172076669174192,49,2
webis-touche2020,rr,10,0.01,weighted,11,763,0.06240518436385799,0.06240518436385799,0.07172076669174192,49,2
webis-touche2020,rr,10,0.01,active_judge,11,763,0.16793560998614054,0.06240518436385799,0.07172076669174192,49,2
webis-touche2020,rr,10,0.01,strat_pilot,11,763,0.06435304336243716,0.06240518436385799,0.07172076669174192,49,2
webis-touche2020,rr,10,0.01,weighted_cv,11,763,0.047805247706519546,0.06240518436385799,0.07172076669174192,49,2
webis-touche2020,rr,10,0.01,active_cv,11,763,0.09033237944309248,0.06240518436385799,0.07172076669174192,49,2
webis-touche2020,rr,10,0.01,weighted_cvl,11,763,0.046188278169717246,0.06240518436385799,0.07172076669174192,49,2
webis-touche2020,rr,10,0.01,uniform,12,743,0.06506122715182214,0.03934238634244917,0.04961055054486201,49,2
webis-touche2020,rr,10,0.01,uniform_nz,12,743,0.04725659599428381,0.03934238634244917,0.04961055054486201,49,2
webis-touche2020,rr,10,0.01,weighted,12,743,0.03934238634244917,0.03934238634244917,0.04961055054486201,49,2
webis-touche2020,rr,10,0.01,active_judge,12,743,0.09049821199459188,0.03934238634244917,0.04961055054486201,49,2
webis-touche2020,rr,10,0.01,strat_pilot,12,743,0.04000870022265046,0.03934238634244917,0.04961055054486201,49,2
webis-touche2020,rr,10,0.01,weighted_cv,12,743,0.03437780178373307,0.03934238634244917,0.04961055054486201,49,2
webis-touche2020,rr,10,0.01,active_cv,12,743,0.07906337063893723,0.03934238634244917,0.04961055054486201,49,2
webis-touche2020,rr,10,0.01,weighted_cvl,12,743,0.031092072579436365,0.03934238634244917,0.04961055054486201,49,2
webis-touche2020,rr,10,0.01,uniform,13,762,0.1660596739009979,0.053540421813293146,0.0673469651263769,49,2
webis-touche2020,rr,10,0.01,uniform_nz,13,762,0.08601008177380204,0.053540421813293146,0.0673469651263769,49,2
webis-touche2020,rr,10,0.01,weighted,13,762,0.053540421813293146,0.053540421813293146,0.0673469651263769,49,2
webis-touche2020,rr,10,0.01,active_judge,13,762,0.16651030356520327,0.053540421813293146,0.0673469651263769,49,2
webis-touche2020,rr,10,0.01,strat_pilot,13,762,0.05447820340758058,0.053540421813293146,0.0673469651263769,49,2
webis-touche2020,rr,10,0.01,weighted_cv,13,762,0.04000261651568672,0.053540421813293146,0.0673469651263769,49,2
webis-touche2020,rr,10,0.01,active_cv,13,762,0.07088016624313419,0.053540421813293146,0.0673469651263769,49,2
webis-touche2020,rr,10,0.01,weighted_cvl,13,762,0.035811168504812585,0.053540421813293146,0.0673469651263769,49,2
webis-touche2020,rr,10,0.01,uniform,14,749,0.14979373416861957,0.05534040055853566,0.06656606070664153,49,2
webis-touche2020,rr,10,0.01,uniform_nz,14,749,0.07654328830093551,0.05534040055853566,0.06656606070664153,49,2
webis-touche2020,rr,10,0.01,weighted,14,749,0.05534040055853566,0.05534040055853566,0.06656606070664153,49,2
webis-touche2020,rr,10,0.01,active_judge,14,749,0.14931053972463015,0.05534040055853566,0.06656606070664153,49,2
webis-touche2020,rr,10,0.01,strat_pilot,14,749,0.056306110226157544,0.05534040055853566,0.06656606070664153,49,2
webis-touche2020,rr,10,0.01,weighted_cv,14,749,0.043333173323961374,0.05534040055853566,0.06656606070664153,49,2
webis-touche2020,rr,10,0.01,active_cv,14,749,0.08253335556376613,0.05534040055853566,0.06656606070664153,49,2
webis-touche2020,rr,10,0.01,weighted_cvl,14,749,0.0403053645901747,0.05534040055853566,0.06656606070664153,49,2
webis-touche2020,rr,10,0.01,uniform,15,761,0.10136656827353267,0.0622927113859715,0.04887153539901217,49,2
webis-touche2020,rr,10,0.01,uniform_nz,15,761,0.08539552379852808,0.0622927113859715,0.04887153539901217,49,2
webis-touche2020,rr,10,0.01,weighted,15,761,0.0622927113859715,0.0622927113859715,0.04887153539901217,49,2
webis-touche2020,rr,10,0.01,active_judge,15,761,0.14197959624965972,0.0622927113859715,0.04887153539901217,49,2
webis-touche2020,rr,10,0.01,strat_pilot,15,761,0.06246686864831534,0.0622927113859715,0.04887153539901217,49,2
webis-touche2020,rr,10,0.01,weighted_cv,15,761,0.05622836850547347,0.0622927113859715,0.04887153539901217,49,2
webis-touche2020,rr,10,0.01,active_cv,15,761,0.11896276652704289,0.0622927113859715,0.04887153539901217,49,2
webis-touche2020,rr,10,0.01,weighted_cvl,15,761,0.050913294213055016,0.0622927113859715,0.04887153539901217,49,2
webis-touche2020,rr,10,0.01,uniform,16,751,0.07876760972156074,0.03644278201494115,0.029070240293251462,49,2
webis-touche2020,rr,10,0.01,uniform_nz,16,751,0.05386386580158688,0.03644278201494115,0.029070240293251462,49,2
webis-touche2020,rr,10,0.01,weighted,16,751,0.03644278201494115,0.03644278201494115,0.029070240293251462,49,2
webis-touche2020,rr,10,0.01,active_judge,16,751,0.09813858911380927,0.03644278201494115,0.029070240293251462,49,2
webis-touche2020,rr,10,0.01,strat_pilot,16,751,0.03679559179409488,0.03644278201494115,0.029070240293251462,49,2
webis-touche2020,rr,10,0.01,weighted_cv,16,751,0.031725599488539105,0.03644278201494115,0.029070240293251462,49,2
webis-touche2020,rr,10,0.01,active_cv,16,751,0.07770384515336895,0.03644278201494115,0.029070240293251462,49,2
webis-touche2020,rr,10,0.01,weighted_cvl,16,751,0.028796500459518072,0.03644278201494115,0.029070240293251462,49,2
webis-touche2020,rr,10,0.01,uniform,17,752,0.1666120098853389,0.0640138163923096,0.053767571880490854,49,2
webis-touche2020,rr,10,0.01,uniform_nz,17,752,0.09816270294329996,0.0640138163923096,0.053767571880490854,49,2
webis-touche2020,rr,10,0.01,weighted,17,752,0.0640138163923096,0.0640138163923096,0.053767571880490854,49,2
webis-touche2020,rr,10,0.01,active_judge,17,752,0.17955292560629718,0.0640138163923096,0.053767571880490854,49,2
webis-touche2020,rr,10,0.01,strat_pilot,17,752,0.0654822572041756,0.0640138163923096,0.053767571880490854,49,2
webis-touche2020,rr,10,0.01,weighted_cv,17,752,0.05157538788275775,0.0640138163923096,0.053767571880490854,49,2
webis-touche2020,rr,10,0.01,active_cv,17,752,0.1096725021860446,0.0640138163923096,0.053767571880490854,49,2
webis-touche2020,rr,10,0.01,weighted_cvl,17,752,0.04589298819558106,0.0640138163923096,0.053767571880490854,49,2
webis-touche2020,rr,10,0.01,uniform,18,764,0.17268370904006328,0.059229412276234995,0.047410312258323414,49,2
webis-touche2020,rr,10,0.01,uniform_nz,18,764,0.09287429520005552,0.059229412276234995,0.047410312258323414,49,2
webis-touche2020,rr,10,0.01,weighted,18,764,0.059229412276234995,0.059229412276234995,0.047410312258323414,49,2
webis-touche2020,rr,10,0.01,active_judge,18,764,0.17763662779182327,0.059229412276234995,0.047410312258323414,49,2
webis-touche2020,rr,10,0.01,strat_pilot,18,764,0.06042191345904526,0.059229412276234995,0.047410312258323414,49,2
webis-touche2020,rr,10,0.01,weighted_cv,18,764,0.04564698007619747,0.059229412276234995,0.047410312258323414,49,2
webis-touche2020,rr,10,0.01,active_cv,18,764,0.0900820863582078,0.059229412276234995,0.047410312258323414,49,2
webis-touche2020,rr,10,0.01,weighted_cvl,18,764,0.04088662196870252,0.059229412276234995,0.047410312258323414,49,2
webis-touche2020,rr,10,0.01,uniform,19,742,0.15108258980308142,0.041085290260705745,0.013200439266615734,49,0
webis-touche2020,rr,10,0.01,uniform_nz,19,742,0.06609686918540322,0.041085290260705745,0.013200439266615734,49,0
webis-touche2020,rr,10,0.01,weighted,19,742,0.041085290260705745,0.041085290260705745,0.013200439266615734,49,0
webis-touche2020,rr,10,0.01,active_judge,19,742,0.12927714953804717,0.041085290260705745,0.013200439266615734,49,0
webis-touche2020,rr,10,0.01,strat_pilot,19,742,0.04132681104416759,0.041085290260705745,0.013200439266615734,49,0
webis-touche2020,rr,10,0.01,weighted_cv,19,742,0.030122197636788965,0.041085290260705745,0.013200439266615734,49,0
webis-touche2020,rr,10,0.01,active_cv,19,742,0.06189307067159424,0.041085290260705745,0.013200439266615734,49,0
webis-touche2020,rr,10,0.01,weighted_cvl,19,742,0.027805007324768365,0.041085290260705745,0.013200439266615734,49,0
webis-touche2020,rr,10,0.01,uniform,20,751,0.06589870308273915,0.040887016696902145,0.05448200754665284,49,2
webis-touche2020,rr,10,0.01,uniform_nz,20,751,0.04804166874737266,0.040887016696902145,0.05448200754665284,49,2
webis-touche2020,rr,10,0.01,weighted,20,751,0.040887016696902145,0.040887016696902145,0.05448200754665284,49,2
webis-touche2020,rr,10,0.01,active_judge,20,751,0.0935593291067351,0.040887016696902145,0.05448200754665284,49,2
webis-touche2020,rr,10,0.01,strat_pilot,20,751,0.04168103777041958,0.040887016696902145,0.05448200754665284,49,2
webis-touche2020,rr,10,0.01,weighted_cv,20,751,0.03649327829473857,0.040887016696902145,0.05448200754665284,49,2
webis-touche2020,rr,10,0.01,active_cv,20,751,0.07466574144865559,0.040887016696902145,0.05448200754665284,49,2
webis-touche2020,rr,10,0.01,weighted_cvl,20,751,0.032868180736457614,0.040887016696902145,0.05448200754665284,49,2
webis-touche2020,rr,10,0.01,uniform,21,750,0.08598655456719573,0.046290679364989394,0.04884360030882106,49,2
webis-touche2020,rr,10,0.01,uniform_nz,21,750,0.06460682804333766,0.046290679364989394,0.04884360030882106,49,2
webis-touche2020,rr,10,0.01,weighted,21,750,0.046290679364989394,0.046290679364989394,0.04884360030882106,49,2
webis-touche2020,rr,10,0.01,active_judge,21,750,0.11699191999320586,0.046290679364989394,0.04884360030882106,49,2
webis-touche2020,rr,10,0.01,strat_pilot,21,750,0.04616930497401287,0.046290679364989394,0.04884360030882106,49,2
webis-touche2020,rr,10,0.01,weighted_cv,21,750,0.040952235655471556,0.046290679364989394,0.04884360030882106,49,2
webis-touche2020,rr,10,0.01,active_cv,21,750,0.08806298645651853,0.046290679364989394,0.04884360030882106,49,2
webis-touche2020,rr,10,0.01,weighted_cvl,21,750,0.034673831090992244,0.046290679364989394,0.04884360030882106,49,2
webis-touche2020,rr,10,0.01,uniform,22,751,0.0902043940084388,0.054404596930297866,0.05350078235604551,49,2
webis-touche2020,rr,10,0.01,uniform_nz,22,751,0.06533614893550377,0.054404596930297866,0.05350078235604551,49,2
webis-touche2020,rr,10,0.01,weighted,22,751,0.054404596930297866,0.054404596930297866,0.05350078235604551,49,2
webis-touche2020,rr,10,0.01,active_judge,22,751,0.12756726178501132,0.054404596930297866,0.05350078235604551,49,2
webis-touche2020,rr,10,0.01,strat_pilot,22,751,0.05502031415756468,0.054404596930297866,0.05350078235604551,49,2
webis-touche2020,rr,10,0.01,weighted_cv,22,751,0.04690095551150338,0.054404596930297866,0.05350078235604551,49,2
webis-touche2020,rr,10,0.01,active_cv,22,751,0.09935173714266286,0.054404596930297866,0.05350078235604551,49,2
webis-touche2020,rr,10,0.01,weighted_cvl,22,751,0.04036029353678127,0.054404596930297866,0.05350078235604551,49,2
webis-touche2020,rr,10,0.01,uniform,23,745,0.06855130196685078,0.036571511417772685,0.05140553074376603,49,2
webis-touche2020,rr,10,0.01,uniform_nz,23,745,0.042945585143042815,0.036571511417772685,0.05140553074376603,49,2
webis-touche2020,rr,10,0.01,weighted,23,745,0.036571511417772685,0.036571511417772685,0.05140553074376603,49,2
webis-touche2020,rr,10,0.01,active_judge,23,745,0.08340254968412567,0.036571511417772685,0.05140553074376603,49,2
webis-touche2020,rr,10,0.01,strat_pilot,23,745,0.03695799578673812,0.036571511417772685,0.05140553074376603,49,2
webis-touche2020,rr,10,0.01,weighted_cv,23,745,0.031730794554860685,0.036571511417772685,0.05140553074376603,49,2
webis-touche2020,rr,10,0.01,active_cv,23,745,0.06686730753102435,0.036571511417772685,0.05140553074376603,49,2
webis-touche2020,rr,10,0.01,weighted_cvl,23,745,0.02784511913280515,0.036571511417772685,0.05140553074376603,49,2
webis-touche2020,rr,10,0.01,uniform,24,747,0.16676729656223252,0.05329522302432775,0.04562234480345935,49,2
webis-touche2020,rr,10,0.01,uniform_nz,24,747,0.08730150366171398,0.05329522302432775,0.04562234480345935,49,2
webis-touche2020,rr,10,0.01,weighted,24,747,0.05329522302432775,0.05329522302432775,0.04562234480345935,49,2
webis-touche2020,rr,10,0.01,active_judge,24,747,0.16318780898332275,0.05329522302432775,0.04562234480345935,49,2
webis-touche2020,rr,10,0.01,strat_pilot,24,747,0.053844832701807475,0.05329522302432775,0.04562234480345935,49,2
webis-touche2020,rr,10,0.01,weighted_cv,24,747,0.0439574411061916,0.05329522302432775,0.04562234480345935,49,2
webis-touche2020,rr,10,0.01,active_cv,24,747,0.10472854725570971,0.05329522302432775,0.04562234480345935,49,2
webis-touche2020,rr,10,0.01,weighted_cvl,24,747,0.0386091743200487,0.05329522302432775,0.04562234480345935,49,2
webis-touche2020,rr,10,0.01,uniform,25,757,0.16149684891535115,0.05484990984831669,0.07593513064325084,49,2
webis-touche2020,rr,10,0.01,uniform_nz,25,757,0.08787450634723115,0.05484990984831669,0.07593513064325084,49,2
webis-touche2020,rr,10,0.01,weighted,25,757,0.05484990984831669,0.05484990984831669,0.07593513064325084,49,2
webis-touche2020,rr,10,0.01,active_judge,25,757,0.1667379973931131,0.05484990984831669,0.07593513064325084,49,2
webis-touche2020,rr,10,0.01,strat_pilot,25,757,0.055493568260818325,0.05484990984831669,0.07593513064325084,49,2
webis-touche2020,rr,10,0.01,weighted_cv,25,757,0.043925921984920305,0.05484990984831669,0.07593513064325084,49,2
webis-touche2020,rr,10,0.01,active_cv,25,757,0.0869725097281437,0.05484990984831669,0.07593513064325084,49,2
webis-touche2020,rr,10,0.01,weighted_cvl,25,757,0.03880243756087036,0.05484990984831669,0.07593513064325084,49,2
webis-touche2020,rr,10,0.01,uniform,26,761,0.16420929374659016,0.06459443733149237,0.08033538051079105,49,2
webis-touche2020,rr,10,0.01,uniform_nz,26,761,0.08916845392351613,0.06459443733149237,0.08033538051079105,49,2
webis-touche2020,rr,10,0.01,weighted,26,761,0.06459443733149237,0.06459443733149237,0.08033538051079105,49,2
webis-touche2020,rr,10,0.01,active_judge,26,761,0.16572352384240535,0.06459443733149237,0.08033538051079105,49,2
webis-touche2020,rr,10,0.01,strat_pilot,26,761,0.06566055179025035,0.06459443733149237,0.08033538051079105,49,2
webis-touche2020,rr,10,0.01,weighted_cv,26,761,0.0511634543614503,0.06459443733149237,0.08033538051079105,49,2
webis-touche2020,rr,10,0.01,active_cv,26,761,0.08402354649390746,0.06459443733149237,0.08033538051079105,49,2
webis-touche2020,rr,10,0.01,weighted_cvl,26,761,0.04635824653412882,0.06459443733149237,0.08033538051079105,49,2
webis-touche2020,rr,10,0.01,uniform,27,758,0.09207247010955136,0.05370495487962129,0.014778697609579956,49,2
webis-touche2020,rr,10,0.01,uniform_nz,27,758,0.07230700252822586,0.05370495487962129,0.014778697609579956,49,2
webis-touche2020,rr,10,0.01,weighted,27,758,0.05370495487962129,0.05370495487962129,0.014778697609579956,49,2
webis-touche2020,rr,10,0.01,active_judge,27,758,0.14576343442423573,0.05370495487962129,0.014778697609579956,49,2
webis-touche2020,rr,10,0.01,strat_pilot,27,758,0.05309050477487727,0.05370495487962129,0.014778697609579956,49,2
webis-touche2020,rr,10,0.01,weighted_cv,27,758,0.044849248555026415,0.05370495487962129,0.014778697609579956,49,2
webis-touche2020,rr,10,0.01,active_cv,27,758,0.09568041523860563,0.05370495487962129,0.014778697609579956,49,2
webis-touche2020,rr,10,0.01,weighted_cvl,27,758,0.04418097194215591,0.05370495487962129,0.014778697609579956,49,2
webis-touche2020,rr,10,0.01,uniform,28,761,0.1657444432659392,0.056249353912562514,0.06531868055977963,49,2
webis-touche2020,rr,10,0.01,uniform_nz,28,761,0.08834524154675857,0.056249353912562514,0.06531868055977963,49,2
webis-touche2020,rr,10,0.01,weighted,28,761,0.056249353912562514,0.056249353912562514,0.06531868055977963,49,2
webis-touche2020,rr,10,0.01,active_judge,28,761,0.1671070348851038,0.056249353912562514,0.06531868055977963,49,2
webis-touche2020,rr,10,0.01,strat_pilot,28,761,0.05760114402815923,0.056249353912562514,0.06531868055977963,49,2
webis-touche2020,rr,10,0.01,weighted_cv,28,761,0.043323166372559424,0.056249353912562514,0.06531868055977963,49,2
webis-touche2020,rr,10,0.01,active_cv,28,761,0.07570864174395345,0.056249353912562514,0.06531868055977963,49,2
webis-touche2020,rr,10,0.01,weighted_cvl,28,761,0.04127780290265657,0.056249353912562514,0.06531868055977963,49,2
webis-touche2020,rr,10,0.01,uniform,29,758,0.17761001242299224,0.06160483283383843,0.07378912368734349,49,2
webis-touche2020,rr,10,0.01,uniform_nz,29,758,0.0974771468487124,0.06160483283383843,0.07378912368734349,49,2
webis-touche2020,rr,10,0.01,weighted,29,758,0.06160483283383843,0.06160483283383843,0.07378912368734349,49,2
webis-touche2020,rr,10,0.01,active_judge,29,758,0.17771546460107354,0.06160483283383843,0.07378912368734349,49,2
webis-touche2020,rr,10,0.01,strat_pilot,29,758,0.062673777970968,0.06160483283383843,0.07378912368734349,49,2
webis-touche2020,rr,10,0.01,weighted_cv,29,758,0.04798635733888535,0.06160483283383843,0.07378912368734349,49,2
webis-touche2020,rr,10,0.01,active_cv,29,758,0.09649503669072024,0.06160483283383843,0.07378912368734349,49,2
webis-touche2020,rr,10,0.01,weighted_cvl,29,758,0.04386736830917269,0.06160483283383843,0.07378912368734349,49,2
webis-touche2020,rr,10,0.01,uniform,30,764,0.07337009178231732,0.034937174074845756,0.017945604858042606,49,0
webis-touche2020,rr,10,0.01,uniform_nz,30,764,0.04817984691418766,0.034937174074845756,0.017945604858042606,49,0
webis-touche2020,rr,10,0.01,weighted,30,764,0.034937174074845756,0.034937174074845756,0.017945604858042606,49,0
webis-touche2020,rr,10,0.01,active_judge,30,764,0.09577561697205361,0.034937174074845756,0.017945604858042606,49,0
webis-touche2020,rr,10,0.01,strat_pilot,30,764,0.03523739428825333,0.034937174074845756,0.017945604858042606,49,0
webis-touche2020,rr,10,0.01,weighted_cv,30,764,0.029958061840818267,0.034937174074845756,0.017945604858042606,49,0
webis-touche2020,rr,10,0.01,active_cv,30,764,0.05854485646759824,0.034937174074845756,0.017945604858042606,49,0
webis-touche2020,rr,10,0.01,weighted_cvl,30,764,0.027220160081493704,0.034937174074845756,0.017945604858042606,49,0
webis-touche2020,rr,10,0.01,uniform,31,772,0.1709417564898764,0.06200676985481422,0.08262195481390527,49,2
webis-touche2020,rr,10,0.01,uniform_nz,31,772,0.09703259109537041,0.06200676985481422,0.08262195481390527,49,2
webis-touche2020,rr,10,0.01,weighted,31,772,0.06200676985481422,0.06200676985481422,0.08262195481390527,49,2
webis-touche2020,rr,10,0.01,active_judge,31,772,0.17093907376621542,0.06200676985481422,0.08262195481390527,49,2
webis-touche2020,rr,10,0.01,strat_pilot,31,772,0.0630458955349367,0.06200676985481422,0.08262195481390527,49,2
webis-touche2020,rr,10,0.01,weighted_cv,31,772,0.04943934881154689,0.06200676985481422,0.08262195481390527,49,2
webis-touche2020,rr,10,0.01,active_cv,31,772,0.08938453679620692,0.06200676985481422,0.08262195481390527,49,2
webis-touche2020,rr,10,0.01,weighted_cvl,31,772,0.045838076814671946,0.06200676985481422,0.08262195481390527,49,2
webis-touche2020,rr,10,0.01,uniform,32,759,0.06837522808795791,0.04536223757720505,0.0445043341006122,49,2
webis-touche2020,rr,10,0.01,uniform_nz,32,759,0.053576062133628755,0.04536223757720505,0.0445043341006122,49,2
webis-touche2020,rr,10,0.01,weighted,32,759,0.04536223757720505,0.04536223757720505,0.0445043341006122,49,2
webis-touche2020,rr,10,0.01,active_judge,32,759,0.10237544897364947,0.04536223757720505,0.0445043341006122,49,2
webis-touche2020,rr,10,0.01,strat_pilot,32,759,0.04596139921130623,0.04536223757720505,0.0445043341006122,49,2
webis-touche2020,rr,10,0.01,weighted_cv,32,759,0.043121844474542606,0.04536223757720505,0.0445043341006122,49,2
webis-touche2020,rr,10,0.01,active_cv,32,759,0.09856927622942935,0.04536223757720505,0.0445043341006122,49,2
webis-touche2020,rr,10,0.01,weighted_cvl,32,759,0.03827819095391129,0.04536223757720505,0.0445043341006122,49,2
webis-touche2020,rr,10,0.01,uniform,33,776,0.07972365679462276,0.045300025697556714,0.05724471915116684,49,2
webis-touche2020,rr,10,0.01,uniform_nz,33,776,0.05425236724915883,0.045300025697556714,0.05724471915116684,49,2
webis-touche2020,rr,10,0.01,weighted,33,776,0.045300025697556714,0.045300025697556714,0.05724471915116684,49,2
webis-touche2020,rr,10,0.01,active_judge,33,776,0.10376659079558155,0.045300025697556714,0.05724471915116684,49,2
webis-touche2020,rr,10,0.01,strat_pilot,33,776,0.04615837318193785,0.045300025697556714,0.05724471915116684,49,2
webis-touche2020,rr,10,0.01,weighted_cv,33,776,0.03595861231392321,0.045300025697556714,0.05724471915116684,49,2
webis-touche2020,rr,10,0.01,active_cv,33,776,0.060848765967410366,0.045300025697556714,0.05724471915116684,49,2
webis-touche2020,rr,10,0.01,weighted_cvl,33,776,0.03419132579199589,0.045300025697556714,0.05724471915116684,49,2
webis-touche2020,rr,10,0.01,uniform,34,736,0.07109267989561728,0.03836436025596001,0.042431927777431884,49,2
webis-touche2020,rr,10,0.01,uniform_nz,34,736,0.04789772590643806,0.03836436025596001,0.042431927777431884,49,2
webis-touche2020,rr,10,0.01,weighted,34,736,0.03836436025596001,0.03836436025596001,0.042431927777431884,49,2
webis-touche2020,rr,10,0.01,active_judge,34,736,0.07861126894869404,0.03836436025596001,0.042431927777431884,49,2
webis-touche2020,rr,10,0.01,strat_pilot,34,736,0.038542741388696886,0.03836436025596001,0.042431927777431884,49,2
webis-touche2020,rr,10,0.01,weighted_cv,34,736,0.033755838294420214,0.03836436025596001,0.042431927777431884,49,2
webis-touche2020,rr,10,0.01,active_cv,34,736,0.0737269081932644,0.03836436025596001,0.042431927777431884,49,2
webis-touche2020,rr,10,0.01,weighted_cvl,34,736,0.03018305302911838,0.03836436025596001,0.042431927777431884,49,2
webis-touche2020,rr,10,0.01,uniform,35,761,0.08241359496124259,0.05073401037983418,0.037596616675951045,49,2
webis-touche2020,rr,10,0.01,uniform_nz,35,761,0.06083251135419114,0.05073401037983418,0.037596616675951045,49,2
webis-touche2020,rr,10,0.01,weighted,35,761,0.05073401037983418,0.05073401037983418,0.037596616675951045,49,2
webis-touche2020,rr,10,0.01,active_judge,35,761,0.11914226559861914,0.05073401037983418,0.037596616675951045,49,2
webis-touche2020,rr,10,0.01,strat_pilot,35,761,0.051119526894716036,0.05073401037983418,0.037596616675951045,49,2
webis-touche2020,rr,10,0.01,weighted_cv,35,761,0.04353739575992378,0.05073401037983418,0.037596616675951045,49,2
webis-touche2020,rr,10,0.01,active_cv,35,761,0.10171590239273223,0.05073401037983418,0.037596616675951045,49,2
webis-touche2020,rr,10,0.01,weighted_cvl,35,761,0.03877616131499952,0.05073401037983418,0.037596616675951045,49,2
webis-touche2020,rr,10,0.01,uniform,36,775,0.08042529534442969,0.04581287235679079,0.014399953976192363,49,2
webis-touche2020,rr,10,0.01,uniform_nz,36,775,0.0646733386802528,0.04581287235679079,0.014399953976192363,49,2
webis-touche2020,rr,10,0.01,weighted,36,775,0.04581287235679079,0.04581287235679079,0.014399953976192363,49,2
webis-touche2020,rr,10,0.01,active_judge,36,775,0.10076245146335427,0.04581287235679079,0.014399953976192363,49,2
webis-touche2020,rr,10,0.01,strat_pilot,36,775,0.04545504642688499,0.04581287235679079,0.014399953976192363,49,2
webis-touche2020,rr,10,0.01,weighted_cv,36,775,0.03768422339571833,0.04581287235679079,0.014399953976192363,49,2
webis-touche2020,rr,10,0.01,active_cv,36,775,0.06601530164252466,0.04581287235679079,0.014399953976192363,49,2
webis-touche2020,rr,10,0.01,weighted_cvl,36,775,0.03562528741139,0.04581287235679079,0.014399953976192363,49,2
webis-touche2020,rr,10,0.01,uniform,37,760,0.0840730967264366,0.043894313146870076,0.041154691856704236,49,2
webis-touche2020,rr,10,0.01,uniform_nz,37,760,0.05343378002346253,0.043894313146870076,0.041154691856704236,49,2
webis-touche2020,rr,10,0.01,weighted,37,760,0.043894313146870076,0.043894313146870076,0.041154691856704236,49,2
webis-touche2020,rr,10,0.01,active_judge,37,760,0.10027367788359158,0.043894313146870076,0.041154691856704236,49,2
webis-touche2020,rr,10,0.01,strat_pilot,37,760,0.04436569486927012,0.043894313146870076,0.041154691856704236,49,2
webis-touche2020,rr,10,0.01,weighted_cv,37,760,0.036691021971900536,0.043894313146870076,0.041154691856704236,49,2
webis-touche2020,rr,10,0.01,active_cv,37,760,0.07536547454960703,0.043894313146870076,0.041154691856704236,49,2
webis-touche2020,rr,10,0.01,weighted_cvl,37,760,0.0322274458959187,0.043894313146870076,0.041154691856704236,49,2
webis-touche2020,rr,10,0.01,uniform,38,749,0.13755490661410563,0.04154098367184222,0.0693266369853057,49,2
webis-touche2020,rr,10,0.01,uniform_nz,38,749,0.06323010102805096,0.04154098367184222,0.0693266369853057,49,2
webis-touche2020,rr,10,0.01,weighted,38,749,0.04154098367184222,0.04154098367184222,0.0693266369853057,49,2
webis-touche2020,rr,10,0.01,active_judge,38,749,0.11754720050704366,0.04154098367184222,0.0693266369853057,49,2
webis-touche2020,rr,10,0.01,strat_pilot,38,749,0.042345883079858954,0.04154098367184222,0.0693266369853057,49,2
webis-touche2020,rr,10,0.01,weighted_cv,38,749,0.029333574947996127,0.04154098367184222,0.0693266369853057,49,2
webis-touche2020,rr,10,0.01,active_cv,38,749,0.03852454224092105,0.04154098367184222,0.0693266369853057,49,2
webis-touche2020,rr,10,0.01,weighted_cvl,38,749,0.027956135492018003,0.04154098367184222,0.0693266369853057,49,2
webis-touche2020,rr,10,0.01,uniform,39,772,0.060633499229749956,0.03975542665962885,0.03354992322629283,49,2
webis-touche2020,rr,10,0.01,uniform_nz,39,772,0.04819971490010326,0.03975542665962885,0.03354992322629283,49,2
webis-touche2020,rr,10,0.01,weighted,39,772,0.03975542665962885,0.03975542665962885,0.03354992322629283,49,2
webis-touche2020,rr,10,0.01,active_judge,39,772,0.07911291588282834,0.03975542665962885,0.03354992322629283,49,2
webis-touche2020,rr,10,0.01,strat_pilot,39,772,0.04017684745501913,0.03975542665962885,0.03354992322629283,49,2
webis-touche2020,rr,10,0.01,weighted_cv,39,772,0.03492207359523074,0.03975542665962885,0.03354992322629283,49,2
webis-touche2020,rr,10,0.01,active_cv,39,772,0.06486389798902811,0.03975542665962885,0.03354992322629283,49,2
webis-touche2020,rr,10,0.01,weighted_cvl,39,772,0.03139119052933905,0.03975542665962885,0.03354992322629283,49,2
webis-touche2020,rr,10,0.01,uniform,40,748,0.08678848567011241,0.05565510442115464,0.05315111909074757,49,2
webis-touche2020,rr,10,0.01,uniform_nz,40,748,0.06934051305076078,0.05565510442115464,0.05315111909074757,49,2
webis-touche2020,rr,10,0.01,weighted,40,748,0.05565510442115464,0.05565510442115464,0.05315111909074757,49,2
webis-touche2020,rr,10,0.01,active_judge,40,748,0.12164924030045925,0.05565510442115464,0.05315111909074757,49,2
webis-touche2020,rr,10,0.01,strat_pilot,40,748,0.056414419592977286,0.05565510442115464,0.05315111909074757,49,2
webis-touche2020,rr,10,0.01,weighted_cv,40,748,0.04917856479153436,0.05565510442115464,0.05315111909074757,49,2
webis-touche2020,rr,10,0.01,active_cv,40,748,0.12444072879887198,0.05565510442115464,0.05315111909074757,49,2
webis-touche2020,rr,10,0.01,weighted_cvl,40,748,0.043250010569530414,0.05565510442115464,0.05315111909074757,49,2
webis-touche2020,rr,10,0.01,uniform,41,751,0.056640284985298925,0.0314178099425102,0.06138619719347274,49,2
webis-touche2020,rr,10,0.01,uniform_nz,41,751,0.03857198315684997,0.0314178099425102,0.06138619719347274,49,2
webis-touche2020,rr,10,0.01,weighted,41,751,0.0314178099425102,0.0314178099425102,0.06138619719347274,49,2
webis-touche2020,rr,10,0.01,active_judge,41,751,0.06360943357725642,0.0314178099425102,0.06138619719347274,49,2
webis-touche2020,rr,10,0.01,strat_pilot,41,751,0.031747993747444574,0.0314178099425102,0.06138619719347274,49,2
webis-touche2020,rr,10,0.01,weighted_cv,41,751,0.026898007082843955,0.0314178099425102,0.06138619719347274,49,2
webis-touche2020,rr,10,0.01,active_cv,41,751,0.052060782792480345,0.0314178099425102,0.06138619719347274,49,2
webis-touche2020,rr,10,0.01,weighted_cvl,41,751,0.025568348494178005,0.0314178099425102,0.06138619719347274,49,2
webis-touche2020,rr,10,0.01,uniform,42,759,0.08424614783592725,0.043703989528263765,0.049066977200894944,49,2
webis-touche2020,rr,10,0.01,uniform_nz,42,759,0.06204391745429143,0.043703989528263765,0.049066977200894944,49,2
webis-touche2020,rr,10,0.01,weighted,42,759,0.043703989528263765,0.043703989528263765,0.049066977200894944,49,2
webis-touche2020,rr,10,0.01,active_judge,42,759,0.10913710001083418,0.043703989528263765,0.049066977200894944,49,2
webis-touche2020,rr,10,0.01,strat_pilot,42,759,0.04475480400005574,0.043703989528263765,0.049066977200894944,49,2
webis-touche2020,rr,10,0.01,weighted_cv,42,759,0.03784195753657485,0.043703989528263765,0.049066977200894944,49,2
webis-touche2020,rr,10,0.01,active_cv,42,759,0.07443332842729881,0.043703989528263765,0.049066977200894944,49,2
webis-touche2020,rr,10,0.01,weighted_cvl,42,759,0.034033272592695576,0.043703989528263765,0.049066977200894944,49,2
webis-touche2020,rr,10,0.01,uniform,43,758,0.16003772764166202,0.05472731959007397,0.06285272716619465,49,2
webis-touche2020,rr,10,0.01,uniform_nz,43,758,0.07921426944391412,0.05472731959007397,0.06285272716619465,49,2
webis-touche2020,rr,10,0.01,weighted,43,758,0.05472731959007397,0.05472731959007397,0.06285272716619465,49,2
webis-touche2020,rr,10,0.01,active_judge,43,758,0.1479045423084687,0.05472731959007397,0.06285272716619465,49,2
webis-touche2020,rr,10,0.01,strat_pilot,43,758,0.05607865054855419,0.05472731959007397,0.06285272716619465,49,2
webis-touche2020,rr,10,0.01,weighted_cv,43,758,0.0428302852622509,0.05472731959007397,0.06285272716619465,49,2
webis-touche2020,rr,10,0.01,active_cv,43,758,0.07864212179917826,0.05472731959007397,0.06285272716619465,49,2
webis-touche2020,rr,10,0.01,weighted_cvl,43,758,0.04015934877679796,0.05472731959007397,0.06285272716619465,49,2
webis-touche2020,rr,10,0.01,uniform,44,747,0.13674954012755622,0.040600719649549505,0.047213106657480054,49,2
webis-touche2020,rr,10,0.01,uniform_nz,44,747,0.06495398815884872,0.040600719649549505,0.047213106657480054,49,2
webis-touche2020,rr,10,0.01,weighted,44,747,0.040600719649549505,0.040600719649549505,0.047213106657480054,49,2
webis-touche2020,rr,10,0.01,active_judge,44,747,0.1123932764048882,0.040600719649549505,0.047213106657480054,49,2
webis-touche2020,rr,10,0.01,strat_pilot,44,747,0.041356822738820034,0.040600719649549505,0.047213106657480054,49,2
webis-touche2020,rr,10,0.01,weighted_cv,44,747,0.031008929612290664,0.040600719649549505,0.047213106657480054,49,2
webis-touche2020,rr,10,0.01,active_cv,44,747,0.06281761215449724,0.040600719649549505,0.047213106657480054,49,2
webis-touche2020,rr,10,0.01,weighted_cvl,44,747,0.029300395824641872,0.040600719649549505,0.047213106657480054,49,2
webis-touche2020,rr,10,0.01,uniform,45,756,0.07956376028798741,0.036005735605826115,0.05079167245586009,49,2
webis-touche2020,rr,10,0.01,uniform_nz,45,756,0.05365267875277285,0.036005735605826115,0.05079167245586009,49,2
webis-touche2020,rr,10,0.01,weighted,45,756,0.036005735605826115,0.036005735605826115,0.05079167245586009,49,2
webis-touche2020,rr,10,0.01,active_judge,45,756,0.10042036892302755,0.036005735605826115,0.05079167245586009,49,2
webis-touche2020,rr,10,0.01,strat_pilot,45,756,0.03699318296155804,0.036005735605826115,0.05079167245586009,49,2
webis-touche2020,rr,10,0.01,weighted_cv,45,756,0.029148185191480498,0.036005735605826115,0.05079167245586009,49,2
webis-touche2020,rr,10,0.01,active_cv,45,756,0.05553522144155708,0.036005735605826115,0.05079167245586009,49,2
webis-touche2020,rr,10,0.01,weighted_cvl,45,756,0.026795044807838286,0.036005735605826115,0.05079167245586009,49,2
webis-touche2020,rr,10,0.01,uniform,46,747,0.16275350172059921,0.04756551778802429,0.0675700647136574,49,2
webis-touche2020,rr,10,0.01,uniform_nz,46,747,0.08274634833142225,0.04756551778802429,0.0675700647136574,49,2
webis-touche2020,rr,10,0.01,weighted,46,747,0.04756551778802429,0.04756551778802429,0.0675700647136574,49,2
webis-touche2020,rr,10,0.01,active_judge,46,747,0.15095271003864813,0.04756551778802429,0.0675700647136574,49,2
webis-touche2020,rr,10,0.01,strat_pilot,46,747,0.04831321390988891,0.04756551778802429,0.0675700647136574,49,2
webis-touche2020,rr,10,0.01,weighted_cv,46,747,0.03552287568904088,0.04756551778802429,0.0675700647136574,49,2
webis-touche2020,rr,10,0.01,active_cv,46,747,0.07073046043229296,0.04756551778802429,0.0675700647136574,49,2
webis-touche2020,rr,10,0.01,weighted_cvl,46,747,0.030796958279670827,0.04756551778802429,0.0675700647136574,49,2
webis-touche2020,rr,10,0.01,uniform,47,762,0.1522312524004498,0.05651039104886311,0.056835141523996005,49,2
webis-touche2020,rr,10,0.01,uniform_nz,47,762,0.08377494340026573,0.05651039104886311,0.056835141523996005,49,2
webis-touche2020,rr,10,0.01,weighted,47,762,0.05651039104886311,0.05651039104886311,0.056835141523996005,49,2
webis-touche2020,rr,10,0.01,active_judge,47,762,0.1392848020584975,0.05651039104886311,0.056835141523996005,49,2
webis-touche2020,rr,10,0.01,strat_pilot,47,762,0.057513810333881546,0.05651039104886311,0.056835141523996005,49,2
webis-touche2020,rr,10,0.01,weighted_cv,47,762,0.04515262773726084,0.05651039104886311,0.056835141523996005,49,2
webis-touche2020,rr,10,0.01,active_cv,47,762,0.0837589227196382,0.05651039104886311,0.056835141523996005,49,2
webis-touche2020,rr,10,0.01,weighted_cvl,47,762,0.04108462296871887,0.05651039104886311,0.056835141523996005,49,2
webis-touche2020,rr,10,0.01,uniform,48,771,0.07249676484507875,0.03558813623626798,0.04116539362184805,49,2
webis-touche2020,rr,10,0.01,uniform_nz,48,771,0.04483148995636351,0.03558813623626798,0.04116539362184805,49,2
webis-touche2020,rr,10,0.01,weighted,48,771,0.03558813623626798,0.03558813623626798,0.04116539362184805,49,2
webis-touche2020,rr,10,0.01,active_judge,48,771,0.08321675848215426,0.03558813623626798,0.04116539362184805,49,2
webis-touche2020,rr,10,0.01,strat_pilot,48,771,0.036303745330935125,0.03558813623626798,0.04116539362184805,49,2
webis-touche2020,rr,10,0.01,weighted_cv,48,771,0.029494278280346252,0.03558813623626798,0.04116539362184805,49,2
webis-touche2020,rr,10,0.01,active_cv,48,771,0.05800625977281604,0.03558813623626798,0.04116539362184805,49,2
webis-touche2020,rr,10,0.01,weighted_cvl,48,771,0.02985222163570498,0.03558813623626798,0.04116539362184805,49,2
webis-touche2020,rr,10,0.01,uniform,49,772,0.07950059406406756,0.044211545690741504,0.03544090109262069,49,2
webis-touche2020,rr,10,0.01,uniform_nz,49,772,0.05383998995942256,0.044211545690741504,0.03544090109262069,49,2
webis-touche2020,rr,10,0.01,weighted,49,772,0.044211545690741504,0.044211545690741504,0.03544090109262069,49,2
webis-touche2020,rr,10,0.01,active_judge,49,772,0.10041909682936945,0.044211545690741504,0.03544090109262069,49,2
webis-touche2020,rr,10,0.01,strat_pilot,49,772,0.044637059477739535,0.044211545690741504,0.03544090109262069,49,2
webis-touche2020,rr,10,0.01,weighted_cv,49,772,0.03835892752452886,0.044211545690741504,0.03544090109262069,49,2
webis-touche2020,rr,10,0.01,active_cv,49,772,0.06887407104218253,0.044211545690741504,0.03544090109262069,49,2
webis-touche2020,rr,10,0.01,weighted_cvl,49,772,0.03598182452011288,0.044211545690741504,0.03544090109262069,49,2
webis-touche2020,rr,10,0.01,uniform,50,754,0.06603592152233964,0.03608358256127103,0.03320483687279353,49,2
webis-touche2020,rr,10,0.01,uniform_nz,50,754,0.04567117038607392,0.03608358256127103,0.03320483687279353,49,2
webis-touche2020,rr,10,0.01,weighted,50,754,0.03608358256127103,0.03608358256127103,0.03320483687279353,49,2
webis-touche2020,rr,10,0.01,active_judge,50,754,0.08958721140356948,0.03608358256127103,0.03320483687279353,49,2
webis-touche2020,rr,10,0.01,strat_pilot,50,754,0.036622214499372065,0.03608358256127103,0.03320483687279353,49,2
webis-touche2020,rr,10,0.01,weighted_cv,50,754,0.031407464112059066,0.03608358256127103,0.03320483687279353,49,2
webis-touche2020,rr,10,0.01,active_cv,50,754,0.06629883647326673,0.03608358256127103,0.03320483687279353,49,2
webis-touche2020,rr,10,0.01,weighted_cvl,50,754,0.0284926314905082,0.03608358256127103,0.03320483687279353,49,2
webis-touche2020,rr,10,0.01,uniform,51,773,0.15179484940296095,0.05316079582373649,0.051289510440826226,49,2
webis-touche2020,rr,10,0.01,uniform_nz,51,773,0.07909439964075149,0.05316079582373649,0.051289510440826226,49,2
webis-touche2020,rr,10,0.01,weighted,51,773,0.05316079582373649,0.05316079582373649,0.051289510440826226,49,2
webis-touche2020,rr,10,0.01,active_judge,51,773,0.1383359682988968,0.05316079582373649,0.051289510440826226,49,2
webis-touche2020,rr,10,0.01,strat_pilot,51,773,0.05392632424929065,0.05316079582373649,0.051289510440826226,49,2
webis-touche2020,rr,10,0.01,weighted_cv,51,773,0.04205524321365554,0.05316079582373649,0.051289510440826226,49,2
webis-touche2020,rr,10,0.01,active_cv,51,773,0.08928937750224726,0.05316079582373649,0.051289510440826226,49,2
webis-touche2020,rr,10,0.01,weighted_cvl,51,773,0.04292694407638657,0.05316079582373649,0.051289510440826226,49,2
webis-touche2020,rr,10,0.01,uniform,52,756,0.17220038945488403,0.05689853123159545,0.05435941024371498,49,2
webis-touche2020,rr,10,0.01,uniform_nz,52,756,0.09087145468062097,0.05689853123159545,0.05435941024371498,49,2
webis-touche2020,rr,10,0.01,weighted,52,756,0.05689853123159545,0.05689853123159545,0.05435941024371498,49,2
webis-touche2020,rr,10,0.01,active_judge,52,756,0.1695178431878505,0.05689853123159545,0.05435941024371498,49,2
webis-touche2020,rr,10,0.01,strat_pilot,52,756,0.05855344748402791,0.05689853123159545,0.05435941024371498,49,2
webis-touche2020,rr,10,0.01,weighted_cv,52,756,0.04386103242847819,0.05689853123159545,0.05435941024371498,49,2
webis-touche2020,rr,10,0.01,active_cv,52,756,0.07241760374422049,0.05689853123159545,0.05435941024371498,49,2
webis-touche2020,rr,10,0.01,weighted_cvl,52,756,0.039679095068952557,0.05689853123159545,0.05435941024371498,49,2
webis-touche2020,rr,10,0.01,uniform,53,749,0.05948537490494005,0.027718395084902238,0.056590385381507985,49,2
webis-touche2020,rr,10,0.01,uniform_nz,53,749,0.03364983821239344,0.027718395084902238,0.056590385381507985,49,2
webis-touche2020,rr,10,0.01,weighted,53,749,0.027718395084902238,0.027718395084902238,0.056590385381507985,49,2
webis-touche2020,rr,10,0.01,active_judge,53,749,0.06799581804665233,0.027718395084902238,0.056590385381507985,49,2
webis-touche2020,rr,10,0.01,strat_pilot,53,749,0.02806315527243485,0.027718395084902238,0.056590385381507985,49,2
webis-touche2020,rr,10,0.01,weighted_cv,53,749,0.024747909154625707,0.027718395084902238,0.056590385381507985,49,2
webis-touche2020,rr,10,0.01,active_cv,53,749,0.04509469041868972,0.027718395084902238,0.056590385381507985,49,2
webis-touche2020,rr,10,0.01,weighted_cvl,53,749,0.022466194430041404,0.027718395084902238,0.056590385381507985,49,2
webis-touche2020,rr,10,0.01,uniform,54,762,0.1574800858968941,0.04498814533620775,0.06265174895362334,49,2
webis-touche2020,rr,10,0.01,uniform_nz,54,762,0.07646047663383952,0.04498814533620775,0.06265174895362334,49,2
webis-touche2020,rr,10,0.01,weighted,54,762,0.04498814533620775,0.04498814533620775,0.06265174895362334,49,2
webis-touche2020,rr,10,0.01,active_judge,54,762,0.15253215945891935,0.04498814533620775,0.06265174895362334,49,2
webis-touche2020,rr,10,0.01,strat_pilot,54,762,0.045662126708926366,0.04498814533620775,0.06265174895362334,49,2
webis-touche2020,rr,10,0.01,weighted_cv,54,762,0.03127413043296734,0.04498814533620775,0.06265174895362334,49,2
webis-touche2020,rr,10,0.01,active_cv,54,762,0.04741379681680703,0.04498814533620775,0.06265174895362334,49,2
webis-touche2020,rr,10,0.01,weighted_cvl,54,762,0.03012010399477798,0.04498814533620775,0.06265174895362334,49,2
webis-touche2020,rr,10,0.01,uniform,55,767,0.17401896709509868,0.06255946802697623,0.09014850375677876,49,2
webis-touche2020,rr,10,0.01,uniform_nz,55,767,0.09769877464801709,0.06255946802697623,0.09014850375677876,49,2
webis-touche2020,rr,10,0.01,weighted,55,767,0.06255946802697623,0.06255946802697623,0.09014850375677876,49,2
webis-touche2020,rr,10,0.01,active_judge,55,767,0.1774102444534741,0.06255946802697623,0.09014850375677876,49,2
webis-touche2020,rr,10,0.01,strat_pilot,55,767,0.062360870760742926,0.06255946802697623,0.09014850375677876,49,2
webis-touche2020,rr,10,0.01,weighted_cv,55,767,0.0527566058294723,0.06255946802697623,0.09014850375677876,49,2
webis-touche2020,rr,10,0.01,active_cv,55,767,0.12560204081096735,0.06255946802697623,0.09014850375677876,49,2
webis-touche2020,rr,10,0.01,weighted_cvl,55,767,0.04708694201750818,0.06255946802697623,0.09014850375677876,49,2
webis-touche2020,rr,10,0.01,uniform,56,784,0.14651700928452968,0.04502869480608914,0.04744047666299988,49,2
webis-touche2020,rr,10,0.01,uniform_nz,56,784,0.06856422805330166,0.04502869480608914,0.04744047666299988,49,2
webis-touche2020,rr,10,0.01,weighted,56,784,0.04502869480608914,0.04502869480608914,0.04744047666299988,49,2
webis-touche2020,rr,10,0.01,active_judge,56,784,0.13058526413539456,0.04502869480608914,0.04744047666299988,49,2
webis-touche2020,rr,10,0.01,strat_pilot,56,784,0.045806289559350725,0.04502869480608914,0.04744047666299988,49,2
webis-touche2020,rr,10,0.01,weighted_cv,56,784,0.034719939950907955,0.04502869480608914,0.04744047666299988,49,2
webis-touche2020,rr,10,0.01,active_cv,56,784,0.0647571847950111,0.04502869480608914,0.04744047666299988,49,2
webis-touche2020,rr,10,0.01,weighted_cvl,56,784,0.03352028576199719,0.04502869480608914,0.04744047666299988,49,2
webis-touche2020,rr,10,0.01,uniform,57,764,0.05469444684614264,0.033120542748086644,0.027566028456121328,49,2
webis-touche2020,rr,10,0.01,uniform_nz,57,764,0.04235264275947008,0.033120542748086644,0.027566028456121328,49,2
webis-touche2020,rr,10,0.01,weighted,57,764,0.033120542748086644,0.033120542748086644,0.027566028456121328,49,2
webis-touche2020,rr,10,0.01,active_judge,57,764,0.06763062961231493,0.033120542748086644,0.027566028456121328,49,2
webis-touche2020,rr,10,0.01,strat_pilot,57,764,0.033494688424974293,0.033120542748086644,0.027566028456121328,49,2
webis-touche2020,rr,10,0.01,weighted_cv,57,764,0.027553208385632466,0.033120542748086644,0.027566028456121328,49,2
webis-touche2020,rr,10,0.01,active_cv,57,764,0.05074445340204643,0.033120542748086644,0.027566028456121328,49,2
webis-touche2020,rr,10,0.01,weighted_cvl,57,764,0.02729378668019612,0.033120542748086644,0.027566028456121328,49,2
webis-touche2020,rr,10,0.01,uniform,58,768,0.07107694166382673,0.03535441993899496,0.009643210891275908,49,0
webis-touche2020,rr,10,0.01,uniform_nz,58,768,0.05230773177564788,0.03535441993899496,0.009643210891275908,49,0
webis-touche2020,rr,10,0.01,weighted,58,768,0.03535441993899496,0.03535441993899496,0.009643210891275908,49,0
webis-touche2020,rr,10,0.01,active_judge,58,768,0.08731733496583072,0.03535441993899496,0.009643210891275908,49,0
webis-touche2020,rr,10,0.01,strat_pilot,58,768,0.0348105856053321,0.03535441993899496,0.009643210891275908,49,0
webis-touche2020,rr,10,0.01,weighted_cv,58,768,0.028742404603977062,0.03535441993899496,0.009643210891275908,49,0
webis-touche2020,rr,10,0.01,active_cv,58,768,0.058552877256826175,0.03535441993899496,0.009643210891275908,49,0
webis-touche2020,rr,10,0.01,weighted_cvl,58,768,0.027463882929214933,0.03535441993899496,0.009643210891275908,49,0
webis-touche2020,rr,10,0.01,uniform,59,749,0.0919450432405966,0.061125505146136905,0.06297040493283258,49,2
webis-touche2020,rr,10,0.01,uniform_nz,59,749,0.07609383884554291,0.061125505146136905,0.06297040493283258,49,2
webis-touche2020,rr,10,0.01,weighted,59,749,0.061125505146136905,0.061125505146136905,0.06297040493283258,49,2
webis-touche2020,rr,10,0.01,active_judge,59,749,0.13791380290041277,0.061125505146136905,0.06297040493283258,49,2
webis-touche2020,rr,10,0.01,strat_pilot,59,749,0.062089902334039083,0.061125505146136905,0.06297040493283258,49,2
webis-touche2020,rr,10,0.01,weighted_cv,59,749,0.058090240623018416,0.061125505146136905,0.06297040493283258,49,2
webis-touche2020,rr,10,0.01,active_cv,59,749,0.14454037397311859,0.061125505146136905,0.06297040493283258,49,2
webis-touche2020,rr,10,0.01,weighted_cvl,59,749,0.049989432150018207,0.061125505146136905,0.06297040493283258,49,2
webis-touche2020,rr,10,0.01,uniform,60,758,0.1439496381818704,0.05129297170555125,0.041686694631926154,49,2
webis-touche2020,rr,10,0.01,uniform_nz,60,758,0.07402725217159199,0.05129297170555125,0.041686694631926154,49,2
webis-touche2020,rr,10,0.01,weighted,60,758,0.05129297170555125,0.05129297170555125,0.041686694631926154,49,2
webis-touche2020,rr,10,0.01,active_judge,60,758,0.14622042601295576,0.05129297170555125,0.041686694631926154,49,2
webis-touche2020,rr,10,0.01,strat_pilot,60,758,0.05279871846001327,0.05129297170555125,0.041686694631926154,49,2
webis-touche2020,rr,10,0.01,weighted_cv,60,758,0.03855430738336431,0.05129297170555125,0.041686694631926154,49,2
webis-touche2020,rr,10,0.01,active_cv,60,758,0.07184128315867278,0.05129297170555125,0.041686694631926154,49,2
webis-touche2020,rr,10,0.01,weighted_cvl,60,758,0.03535871796586581,0.05129297170555125,0.041686694631926154,49,2
webis-touche2020,rr,10,0.01,uniform,61,763,0.14830749755304684,0.042012798662377095,0.02059723214521976,49,0
webis-touche2020,rr,10,0.01,uniform_nz,61,763,0.06274356134083676,0.042012798662377095,0.02059723214521976,49,0
webis-touche2020,rr,10,0.01,weighted,61,763,0.042012798662377095,0.042012798662377095,0.02059723214521976,49,0
webis-touche2020,rr,10,0.01,active_judge,61,763,0.12661388299993398,0.042012798662377095,0.02059723214521976,49,0
webis-touche2020,rr,10,0.01,strat_pilot,61,763,0.042239396118808795,0.042012798662377095,0.02059723214521976,49,0
webis-touche2020,rr,10,0.01,weighted_cv,61,763,0.030625885352413708,0.042012798662377095,0.02059723214521976,49,0
webis-touche2020,rr,10,0.01,active_cv,61,763,0.05143595802063596,0.042012798662377095,0.02059723214521976,49,0
webis-touche2020,rr,10,0.01,weighted_cvl,61,763,0.028872444271674326,0.042012798662377095,0.02059723214521976,49,0
webis-touche2020,rr,10,0.01,uniform,62,755,0.17128934496308318,0.06031538606559226,0.058929790854713456,49,2
webis-touche2020,rr,10,0.01,uniform_nz,62,755,0.0861376600858568,0.06031538606559226,0.058929790854713456,49,2
webis-touche2020,rr,10,0.01,weighted,62,755,0.06031538606559226,0.06031538606559226,0.058929790854713456,49,2
webis-touche2020,rr,10,0.01,active_judge,62,755,0.15422948958073684,0.06031538606559226,0.058929790854713456,49,2
webis-touche2020,rr,10,0.01,strat_pilot,62,755,0.06126022229161143,0.06031538606559226,0.058929790854713456,49,2
webis-touche2020,rr,10,0.01,weighted_cv,62,755,0.04814042686808077,0.06031538606559226,0.058929790854713456,49,2
webis-touche2020,rr,10,0.01,active_cv,62,755,0.09972447470701859,0.06031538606559226,0.058929790854713456,49,2
webis-touche2020,rr,10,0.01,weighted_cvl,62,755,0.04389638719804196,0.06031538606559226,0.058929790854713456,49,2
webis-touche2020,rr,10,0.01,uniform,63,762,0.17308850010715232,0.06038503632110624,0.04433149693879602,49,2
webis-touche2020,rr,10,0.01,uniform_nz,63,762,0.09422699423038315,0.06038503632110624,0.04433149693879602,49,2
webis-touche2020,rr,10,0.01,weighted,63,762,0.06038503632110624,0.06038503632110624,0.04433149693879602,49,2
webis-touche2020,rr,10,0.01,active_judge,63,762,0.1749735680372912,0.06038503632110624,0.04433149693879602,49,2
webis-touche2020,rr,10,0.01,strat_pilot,63,762,0.06182672444282298,0.06038503632110624,0.04433149693879602,49,2
webis-touche2020,rr,10,0.01,weighted_cv,63,762,0.045692584381200975,0.06038503632110624,0.04433149693879602,49,2
webis-touche2020,rr,10,0.01,active_cv,63,762,0.0903182021606028,0.06038503632110624,0.04433149693879602,49,2
webis-touche2020,rr,10,0.01,weighted_cvl,63,762,0.04227022801157313,0.06038503632110624,0.04433149693879602,49,2
webis-touche2020,rr,10,0.01,uniform,64,777,0.15152817211223318,0.04335488004513786,0.03665362642036824,49,2
webis-touche2020,rr,10,0.01,uniform_nz,64,777,0.06878599295242477,0.04335488004513786,0.03665362642036824,49,2
webis-touche2020,rr,10,0.01,weighted,64,777,0.04335488004513786,0.04335488004513786,0.03665362642036824,49,2
webis-touche2020,rr,10,0.01,active_judge,64,777,0.13074316400051314,0.04335488004513786,0.03665362642036824,49,2
webis-touche2020,rr,10,0.01,strat_pilot,64,777,0.04473542656038779,0.04335488004513786,0.03665362642036824,49,2
webis-touche2020,rr,10,0.01,weighted_cv,64,777,0.030403959399675225,0.04335488004513786,0.03665362642036824,49,2
webis-touche2020,rr,10,0.01,active_cv,64,777,0.051231483439735936,0.04335488004513786,0.03665362642036824,49,2
webis-touche2020,rr,10,0.01,weighted_cvl,64,777,0.030845806793392862,0.04335488004513786,0.03665362642036824,49,2
webis-touche2020,rr,10,0.01,uniform,65,773,0.06248918688151837,0.035685543622812385,0.013292189449697189,49,0
webis-touche2020,rr,10,0.01,uniform_nz,65,773,0.0487412222299816,0.035685543622812385,0.013292189449697189,49,0
webis-touche2020,rr,10,0.01,weighted,65,773,0.035685543622812385,0.035685543622812385,0.013292189449697189,49,0
webis-touche2020,rr,10,0.01,active_judge,65,773,0.08517445752210093,0.035685543622812385,0.013292189449697189,49,0
webis-touche2020,rr,10,0.01,strat_pilot,65,773,0.03565739134532575,0.035685543622812385,0.013292189449697189,49,0
webis-touche2020,rr,10,0.01,weighted_cv,65,773,0.03058829715628513,0.035685543622812385,0.013292189449697189,49,0
webis-touche2020,rr,10,0.01,active_cv,65,773,0.04784086890456007,0.035685543622812385,0.013292189449697189,49,0
webis-touche2020,rr,10,0.01,weighted_cvl,65,773,0.027930067217330167,0.035685543622812385,0.013292189449697189,49,0
webis-touche2020,rr,10,0.01,uniform,66,744,0.07979326515643267,0.044341713297385676,0.02963814992346759,49,2
webis-touche2020,rr,10,0.01,uniform_nz,66,744,0.05519656610092051,0.044341713297385676,0.02963814992346759,49,2
webis-touche2020,rr,10,0.01,weighted,66,744,0.044341713297385676,0.044341713297385676,0.02963814992346759,49,2
webis-touche2020,rr,10,0.01,active_judge,66,744,0.1039211117220499,0.044341713297385676,0.02963814992346759,49,2
webis-touche2020,rr,10,0.01,strat_pilot,66,744,0.04481279512774604,0.044341713297385676,0.02963814992346759,49,2
webis-touche2020,rr,10,0.01,weighted_cv,66,744,0.040371718125535874,0.044341713297385676,0.02963814992346759,49,2
webis-touche2020,rr,10,0.01,active_cv,66,744,0.09128055029609976,0.044341713297385676,0.02963814992346759,49,2
webis-touche2020,rr,10,0.01,weighted_cvl,66,744,0.03644368079019502,0.044341713297385676,0.02963814992346759,49,2
webis-touche2020,rr,10,0.01,uniform,67,760,0.0767245016334304,0.04199624623874927,0.0375648733691539,49,2
webis-touche2020,rr,10,0.01,uniform_nz,67,760,0.051515975067176666,0.04199624623874927,0.0375648733691539,49,2
webis-touche2020,rr,10,0.01,weighted,67,760,0.04199624623874927,0.04199624623874927,0.0375648733691539,49,2
webis-touche2020,rr,10,0.01,active_judge,67,760,0.09106493686284584,0.04199624623874927,0.0375648733691539,49,2
webis-touche2020,rr,10,0.01,strat_pilot,67,760,0.04281492582888056,0.04199624623874927,0.0375648733691539,49,2
webis-touche2020,rr,10,0.01,weighted_cv,67,760,0.03444590205702801,0.04199624623874927,0.0375648733691539,49,2
webis-touche2020,rr,10,0.01,active_cv,67,760,0.06868165773154479,0.04199624623874927,0.0375648733691539,49,2
webis-touche2020,rr,10,0.01,weighted_cvl,67,760,0.03202128862909259,0.04199624623874927,0.0375648733691539,49,2
webis-touche2020,rr,10,0.01,uniform,68,764,0.16182202347572763,0.0525569654751611,0.06846272007022107,49,2
webis-touche2020,rr,10,0.01,uniform_nz,68,764,0.08733998613424827,0.0525569654751611,0.06846272007022107,49,2
webis-touche2020,rr,10,0.01,weighted,68,764,0.0525569654751611,0.0525569654751611,0.06846272007022107,49,2
webis-touche2020,rr,10,0.01,active_judge,68,764,0.15330257265800817,0.0525569654751611,0.06846272007022107,49,2
webis-touche2020,rr,10,0.01,strat_pilot,68,764,0.053784972548117774,0.0525569654751611,0.06846272007022107,49,2
webis-touche2020,rr,10,0.01,weighted_cv,68,764,0.038020556796624985,0.0525569654751611,0.06846272007022107,49,2
webis-touche2020,rr,10,0.01,active_cv,68,764,0.06922526149435768,0.0525569654751611,0.06846272007022107,49,2
webis-touche2020,rr,10,0.01,weighted_cvl,68,764,0.03580165053296417,0.0525569654751611,0.06846272007022107,49,2
webis-touche2020,rr,10,0.01,uniform,69,755,0.09028447787425231,0.06693841654590103,0.0929716997923769,49,2
webis-touche2020,rr,10,0.01,uniform_nz,69,755,0.07570220375732259,0.06693841654590103,0.0929716997923769,49,2
webis-touche2020,rr,10,0.01,weighted,69,755,0.06693841654590103,0.06693841654590103,0.0929716997923769,49,2
webis-touche2020,rr,10,0.01,active_judge,69,755,0.14918025360975004,0.06693841654590103,0.0929716997923769,49,2
webis-touche2020,rr,10,0.01,strat_pilot,69,755,0.06798053810290876,0.06693841654590103,0.0929716997923769,49,2
webis-touche2020,rr,10,0.01,weighted_cv,69,755,0.05582721108377231,0.06693841654590103,0.0929716997923769,49,2
webis-touche2020,rr,10,0.01,active_cv,69,755,0.1171290985596869,0.06693841654590103,0.0929716997923769,49,2
webis-touche2020,rr,10,0.01,weighted_cvl,69,755,0.05041680373444628,0.06693841654590103,0.0929716997923769,49,2
webis-touche2020,rr,10,0.01,uniform,70,765,0.09589896927746089,0.05922626763344265,0.04130099971121643,49,2
webis-touche2020,rr,10,0.01,uniform_nz,70,765,0.07961019955198621,0.05922626763344265,0.04130099971121643,49,2
webis-touche2020,rr,10,0.01,weighted,70,765,0.05922626763344265,0.05922626763344265,0.04130099971121643,49,2
webis-touche2020,rr,10,0.01,active_judge,70,765,0.1449022405713677,0.05922626763344265,0.04130099971121643,49,2
webis-touche2020,rr,10,0.01,strat_pilot,70,765,0.05944813764884539,0.05922626763344265,0.04130099971121643,49,2
webis-touche2020,rr,10,0.01,weighted_cv,70,765,0.04999984291089576,0.05922626763344265,0.04130099971121643,49,2
webis-touche2020,rr,10,0.01,active_cv,70,765,0.10598555452895156,0.05922626763344265,0.04130099971121643,49,2
webis-touche2020,rr,10,0.01,weighted_cvl,70,765,0.0437924553770913,0.05922626763344265,0.04130099971121643,49,2
webis-touche2020,rr,10,0.01,uniform,71,756,0.15264199459632238,0.0524783465360746,0.034399218361393605,49,2
webis-touche2020,rr,10,0.01,uniform_nz,71,756,0.07933426546661067,0.0524783465360746,0.034399218361393605,49,2
webis-touche2020,rr,10,0.01,weighted,71,756,0.0524783465360746,0.0524783465360746,0.034399218361393605,49,2
webis-touche2020,rr,10,0.01,active_judge,71,756,0.1380326424738974,0.0524783465360746,0.034399218361393605,49,2
webis-touche2020,rr,10,0.01,strat_pilot,71,756,0.0533551894286833,0.0524783465360746,0.034399218361393605,49,2
webis-touche2020,rr,10,0.01,weighted_cv,71,756,0.039953515858556665,0.0524783465360746,0.034399218361393605,49,2
webis-touche2020,rr,10,0.01,active_cv,71,756,0.07873469252620868,0.0524783465360746,0.034399218361393605,49,2
webis-touche2020,rr,10,0.01,weighted_cvl,71,756,0.03674297842933892,0.0524783465360746,0.034399218361393605,49,2
webis-touche2020,rr,10,0.01,uniform,72,759,0.09380670004567015,0.05562364153574567,0.046327617762703235,49,2
webis-touche2020,rr,10,0.01,uniform_nz,72,759,0.07532987627757926,0.05562364153574567,0.046327617762703235,49,2
webis-touche2020,rr,10,0.01,weighted,72,759,0.05562364153574567,0.05562364153574567,0.046327617762703235,49,2
webis-touche2020,rr,10,0.01,active_judge,72,759,0.15051607106048337,0.05562364153574567,0.046327617762703235,49,2
webis-touche2020,rr,10,0.01,strat_pilot,72,759,0.056593060742323044,0.05562364153574567,0.046327617762703235,49,2
webis-touche2020,rr,10,0.01,weighted_cv,72,759,0.049040084086224636,0.05562364153574567,0.046327617762703235,49,2
webis-touche2020,rr,10,0.01,active_cv,72,759,0.1074350326079114,0.05562364153574567,0.046327617762703235,49,2
webis-touche2020,rr,10,0.01,weighted_cvl,72,759,0.04395959240690913,0.05562364153574567,0.046327617762703235,49,2
webis-touche2020,rr,10,0.01,uniform,73,761,0.14675176218264027,0.044410161350667485,0.014948079311469405,49,0
webis-touche2020,rr,10,0.01,uniform_nz,73,761,0.06935231067541389,0.044410161350667485,0.014948079311469405,49,0
webis-touche2020,rr,10,0.01,weighted,73,761,0.044410161350667485,0.044410161350667485,0.014948079311469405,49,0
webis-touche2020,rr,10,0.01,active_judge,73,761,0.12078123152898253,0.044410161350667485,0.014948079311469405,49,0
webis-touche2020,rr,10,0.01,strat_pilot,73,761,0.044480236424568706,0.044410161350667485,0.014948079311469405,49,0
webis-touche2020,rr,10,0.01,weighted_cv,73,761,0.035931709723785746,0.044410161350667485,0.014948079311469405,49,0
webis-touche2020,rr,10,0.01,active_cv,73,761,0.06220246275161184,0.044410161350667485,0.014948079311469405,49,0
webis-touche2020,rr,10,0.01,weighted_cvl,73,761,0.033804653192955614,0.044410161350667485,0.014948079311469405,49,0
webis-touche2020,rr,10,0.01,uniform,74,757,0.08281772982384755,0.05214237047671981,0.04169544152546575,49,2
webis-touche2020,rr,10,0.01,uniform_nz,74,757,0.062368695844579915,0.05214237047671981,0.04169544152546575,49,2
webis-touche2020,rr,10,0.01,weighted,74,757,0.05214237047671981,0.05214237047671981,0.04169544152546575,49,2
webis-touche2020,rr,10,0.01,active_judge,74,757,0.1280578868509225,0.05214237047671981,0.04169544152546575,49,2
webis-touche2020,rr,10,0.01,strat_pilot,74,757,0.0528050255000196,0.05214237047671981,0.04169544152546575,49,2
webis-touche2020,rr,10,0.01,weighted_cv,74,757,0.047461201793125,0.05214237047671981,0.04169544152546575,49,2
webis-touche2020,rr,10,0.01,active_cv,74,757,0.11046193478944351,0.05214237047671981,0.04169544152546575,49,2
webis-touche2020,rr,10,0.01,weighted_cvl,74,757,0.04290325215403038,0.05214237047671981,0.04169544152546575,49,2
webis-touche2020,rr,10,0.01,uniform,75,753,0.15559065490434967,0.04288198091790648,0.012486652408479026,49,0
webis-touche2020,rr,10,0.01,uniform_nz,75,753,0.06713876367621185,0.04288198091790648,0.012486652408479026,49,0
webis-touche2020,rr,10,0.01,weighted,75,753,0.04288198091790648,0.04288198091790648,0.012486652408479026,49,0
webis-touche2020,rr,10,0.01,active_judge,75,753,0.11543516246866603,0.04288198091790648,0.012486652408479026,49,0
webis-touche2020,rr,10,0.01,strat_pilot,75,753,0.04282302244822488,0.04288198091790648,0.012486652408479026,49,0
webis-touche2020,rr,10,0.01,weighted_cv,75,753,0.03205348031761912,0.04288198091790648,0.012486652408479026,49,0
webis-touche2020,rr,10,0.01,active_cv,75,753,0.05342635751354883,0.04288198091790648,0.012486652408479026,49,0
webis-touche2020,rr,10,0.01,weighted_cvl,75,753,0.030248968394280686,0.04288198091790648,0.012486652408479026,49,0
webis-touche2020,rr,10,0.01,uniform,76,746,0.08292373102164403,0.038487760845686766,0.07588036289924162,49,2
webis-touche2020,rr,10,0.01,uniform_nz,76,746,0.05700271419417796,0.038487760845686766,0.07588036289924162,49,2
webis-touche2020,rr,10,0.01,weighted,76,746,0.038487760845686766,0.038487760845686766,0.07588036289924162,49,2
webis-touche2020,rr,10,0.01,active_judge,76,746,0.09948016939284814,0.038487760845686766,0.07588036289924162,49,2
webis-touche2020,rr,10,0.01,strat_pilot,76,746,0.0388864857354217,0.038487760845686766,0.07588036289924162,49,2
webis-touche2020,rr,10,0.01,weighted_cv,76,746,0.03322484835741605,0.038487760845686766,0.07588036289924162,49,2
webis-touche2020,rr,10,0.01,active_cv,76,746,0.0740784374210463,0.038487760845686766,0.07588036289924162,49,2
webis-touche2020,rr,10,0.01,weighted_cvl,76,746,0.031193022094648505,0.038487760845686766,0.07588036289924162,49,2
webis-touche2020,rr,10,0.01,uniform,77,775,0.16741282004141503,0.0649054271427159,0.061178700560767456,49,2
webis-touche2020,rr,10,0.01,uniform_nz,77,775,0.09933003096471155,0.0649054271427159,0.061178700560767456,49,2
webis-touche2020,rr,10,0.01,weighted,77,775,0.0649054271427159,0.0649054271427159,0.061178700560767456,49,2
webis-touche2020,rr,10,0.01,active_judge,77,775,0.17122702423838324,0.0649054271427159,0.061178700560767456,49,2
webis-touche2020,rr,10,0.01,strat_pilot,77,775,0.06606949620082553,0.0649054271427159,0.061178700560767456,49,2
webis-touche2020,rr,10,0.01,weighted_cv,77,775,0.05236675256348924,0.0649054271427159,0.061178700560767456,49,2
webis-touche2020,rr,10,0.01,active_cv,77,775,0.10427753718146257,0.0649054271427159,0.061178700560767456,49,2
webis-touche2020,rr,10,0.01,weighted_cvl,77,775,0.0494634179109183,0.0649054271427159,0.061178700560767456,49,2
webis-touche2020,rr,10,0.01,uniform,78,770,0.08160109262279776,0.04967975955962357,0.02433501780870201,49,2
webis-touche2020,rr,10,0.01,uniform_nz,78,770,0.060632152333377244,0.04967975955962357,0.02433501780870201,49,2
webis-touche2020,rr,10,0.01,weighted,78,770,0.04967975955962357,0.04967975955962357,0.02433501780870201,49,2
webis-touche2020,rr,10,0.01,active_judge,78,770,0.11447665757722818,0.04967975955962357,0.02433501780870201,49,2
webis-touche2020,rr,10,0.01,strat_pilot,78,770,0.0498285030960776,0.04967975955962357,0.02433501780870201,49,2
webis-touche2020,rr,10,0.01,weighted_cv,78,770,0.0435520821938582,0.04967975955962357,0.02433501780870201,49,2
webis-touche2020,rr,10,0.01,active_cv,78,770,0.07874647359161471,0.04967975955962357,0.02433501780870201,49,2
webis-touche2020,rr,10,0.01,weighted_cvl,78,770,0.04076515675250651,0.04967975955962357,0.02433501780870201,49,2
webis-touche2020,rr,10,0.01,uniform,79,760,0.16365322245855438,0.058676270540281725,0.0621089162528791,49,2
webis-touche2020,rr,10,0.01,uniform_nz,79,760,0.08417438062010814,0.058676270540281725,0.0621089162528791,49,2
webis-touche2020,rr,10,0.01,weighted,79,760,0.058676270540281725,0.058676270540281725,0.0621089162528791,49,2
webis-touche2020,rr,10,0.01,active_judge,79,760,0.14951129053683868,0.058676270540281725,0.0621089162528791,49,2
webis-touche2020,rr,10,0.01,strat_pilot,79,760,0.06052567018314028,0.058676270540281725,0.0621089162528791,49,2
webis-touche2020,rr,10,0.01,weighted_cv,79,760,0.04563970119973145,0.058676270540281725,0.0621089162528791,49,2
webis-touche2020,rr,10,0.01,active_cv,79,760,0.08582548881917601,0.058676270540281725,0.0621089162528791,49,2
webis-touche2020,rr,10,0.01,weighted_cvl,79,760,0.04276274521047006,0.058676270540281725,0.0621089162528791,49,2
webis-touche2020,rr,10,0.01,uniform,80,775,0.09466966133673309,0.046059019196444416,0.07046256847727435,49,2
webis-touche2020,rr,10,0.01,uniform_nz,80,775,0.06218694923831469,0.046059019196444416,0.07046256847727435,49,2
webis-touche2020,rr,10,0.01,weighted,80,775,0.046059019196444416,0.046059019196444416,0.07046256847727435,49,2
webis-touche2020,rr,10,0.01,active_judge,80,775,0.12334855296174112,0.046059019196444416,0.07046256847727435,49,2
webis-touche2020,rr,10,0.01,strat_pilot,80,775,0.04650511732991971,0.046059019196444416,0.07046256847727435,49,2
webis-touche2020,rr,10,0.01,weighted_cv,80,775,0.03859299545228075,0.046059019196444416,0.07046256847727435,49,2
webis-touche2020,rr,10,0.01,active_cv,80,775,0.06729682573355392,0.046059019196444416,0.07046256847727435,49,2
webis-touche2020,rr,10,0.01,weighted_cvl,80,775,0.034058484591452456,0.046059019196444416,0.07046256847727435,49,2
webis-touche2020,rr,10,0.01,uniform,81,760,0.18415955740829246,0.07126529668938823,0.06831546552813397,49,2
webis-touche2020,rr,10,0.01,uniform_nz,81,760,0.1146904510060405,0.07126529668938823,0.06831546552813397,49,2
webis-touche2020,rr,10,0.01,weighted,81,760,0.07126529668938823,0.07126529668938823,0.06831546552813397,49,2
webis-touche2020,rr,10,0.01,active_judge,81,760,0.18772610977496149,0.07126529668938823,0.06831546552813397,49,2
webis-touche2020,rr,10,0.01,strat_pilot,81,760,0.07233764489994485,0.07126529668938823,0.06831546552813397,49,2
webis-touche2020,rr,10,0.01,weighted_cv,81,760,0.05593905400647523,0.07126529668938823,0.06831546552813397,49,2
webis-touche2020,rr,10,0.01,active_cv,81,760,0.11206388284117204,0.07126529668938823,0.06831546552813397,49,2
webis-touche2020,rr,10,0.01,weighted_cvl,81,760,0.05173061946203446,0.07126529668938823,0.06831546552813397,49,2
webis-touche2020,rr,10,0.01,uniform,82,766,0.1678009239681313,0.059654369766850436,0.0423706150374107,49,2
webis-touche2020,rr,10,0.01,uniform_nz,82,766,0.08800447369148164,0.059654369766850436,0.0423706150374107,49,2
webis-touche2020,rr,10,0.01,weighted,82,766,0.059654369766850436,0.059654369766850436,0.0423706150374107,49,2
webis-touche2020,rr,10,0.01,active_judge,82,766,0.16083766974053876,0.059654369766850436,0.0423706150374107,49,2
webis-touche2020,rr,10,0.01,strat_pilot,82,766,0.06016296495520109,0.059654369766850436,0.0423706150374107,49,2
webis-touche2020,rr,10,0.01,weighted_cv,82,766,0.04687699586059023,0.059654369766850436,0.0423706150374107,49,2
webis-touche2020,rr,10,0.01,active_cv,82,766,0.09323873278809916,0.059654369766850436,0.0423706150374107,49,2
webis-touche2020,rr,10,0.01,weighted_cvl,82,766,0.0439993544131785,0.059654369766850436,0.0423706150374107,49,2
webis-touche2020,rr,10,0.01,uniform,83,748,0.09922043066173737,0.05841671027325065,0.06370536962177828,49,2
webis-touche2020,rr,10,0.01,uniform_nz,83,748,0.07982299700845044,0.05841671027325065,0.06370536962177828,49,2
webis-touche2020,rr,10,0.01,weighted,83,748,0.05841671027325065,0.05841671027325065,0.06370536962177828,49,2
webis-touche2020,rr,10,0.01,active_judge,83,748,0.1432831729238364,0.05841671027325065,0.06370536962177828,49,2
webis-touche2020,rr,10,0.01,strat_pilot,83,748,0.05885114790769917,0.05841671027325065,0.06370536962177828,49,2
webis-touche2020,rr,10,0.01,weighted_cv,83,748,0.05158639233850559,0.05841671027325065,0.06370536962177828,49,2
webis-touche2020,rr,10,0.01,active_cv,83,748,0.12887053773407803,0.05841671027325065,0.06370536962177828,49,2
webis-touche2020,rr,10,0.01,weighted_cvl,83,748,0.045834104347031626,0.05841671027325065,0.06370536962177828,49,2
webis-touche2020,rr,10,0.01,uniform,84,765,0.09750357264886333,0.07298898283421582,0.08686909718721521,49,2
webis-touche2020,rr,10,0.01,uniform_nz,84,765,0.07823749193386913,0.07298898283421582,0.08686909718721521,49,2
webis-touche2020,rr,10,0.01,weighted,84,765,0.07298898283421582,0.07298898283421582,0.08686909718721521,49,2
webis-touche2020,rr,10,0.01,active_judge,84,765,0.17991925730869324,0.07298898283421582,0.08686909718721521,49,2
webis-touche2020,rr,10,0.01,strat_pilot,84,765,0.07421652607791603,0.07298898283421582,0.08686909718721521,49,2
webis-touche2020,rr,10,0.01,weighted_cv,84,765,0.062196408586978794,0.07298898283421582,0.08686909718721521,49,2
webis-touche2020,rr,10,0.01,active_cv,84,765,0.11808250697906564,0.07298898283421582,0.08686909718721521,49,2
webis-touche2020,rr,10,0.01,weighted_cvl,84,765,0.0559740304614336,0.07298898283421582,0.08686909718721521,49,2
webis-touche2020,rr,10,0.01,uniform,85,758,0.06468875025443332,0.032419735494991976,0.043466772887253424,49,2
webis-touche2020,rr,10,0.01,uniform_nz,85,758,0.04234613533141918,0.032419735494991976,0.043466772887253424,49,2
webis-touche2020,rr,10,0.01,weighted,85,758,0.032419735494991976,0.032419735494991976,0.043466772887253424,49,2
webis-touche2020,rr,10,0.01,active_judge,85,758,0.0670989403508899,0.032419735494991976,0.043466772887253424,49,2
webis-touche2020,rr,10,0.01,strat_pilot,85,758,0.03324372605760752,0.032419735494991976,0.043466772887253424,49,2
webis-touche2020,rr,10,0.01,weighted_cv,85,758,0.026547923295349708,0.032419735494991976,0.043466772887253424,49,2
webis-touche2020,rr,10,0.01,active_cv,85,758,0.05220600203120239,0.032419735494991976,0.043466772887253424,49,2
webis-touche2020,rr,10,0.01,weighted_cvl,85,758,0.026782113601628067,0.032419735494991976,0.043466772887253424,49,2
webis-touche2020,rr,10,0.01,uniform,86,761,0.06424058303915361,0.033316581789014116,0.03214407207161952,49,2
webis-touche2020,rr,10,0.01,uniform_nz,86,761,0.04064564246784458,0.033316581789014116,0.03214407207161952,49,2
webis-touche2020,rr,10,0.01,weighted,86,761,0.033316581789014116,0.033316581789014116,0.03214407207161952,49,2
webis-touche2020,rr,10,0.01,active_judge,86,761,0.0741313377123003,0.033316581789014116,0.03214407207161952,49,2
webis-touche2020,rr,10,0.01,strat_pilot,86,761,0.033972229406007075,0.033316581789014116,0.03214407207161952,49,2
webis-touche2020,rr,10,0.01,weighted_cv,86,761,0.02607438403096296,0.033316581789014116,0.03214407207161952,49,2
webis-touche2020,rr,10,0.01,active_cv,86,761,0.043593297371762416,0.033316581789014116,0.03214407207161952,49,2
webis-touche2020,rr,10,0.01,weighted_cvl,86,761,0.025111877552098826,0.033316581789014116,0.03214407207161952,49,2
webis-touche2020,rr,10,0.01,uniform,87,755,0.08817407638492185,0.06266756378617529,0.09465767654968023,49,2
webis-touche2020,rr,10,0.01,uniform_nz,87,755,0.07131932719605213,0.06266756378617529,0.09465767654968023,49,2
webis-touche2020,rr,10,0.01,weighted,87,755,0.06266756378617529,0.06266756378617529,0.09465767654968023,49,2
webis-touche2020,rr,10,0.01,active_judge,87,755,0.14616579466294505,0.06266756378617529,0.09465767654968023,49,2
webis-touche2020,rr,10,0.01,strat_pilot,87,755,0.0638706189596094,0.06266756378617529,0.09465767654968023,49,2
webis-touche2020,rr,10,0.01,weighted_cv,87,755,0.053795786143034485,0.06266756378617529,0.09465767654968023,49,2
webis-touche2020,rr,10,0.01,active_cv,87,755,0.1298192869987008,0.06266756378617529,0.09465767654968023,49,2
webis-touche2020,rr,10,0.01,weighted_cvl,87,755,0.05060614960802011,0.06266756378617529,0.09465767654968023,49,2
webis-touche2020,rr,10,0.01,uniform,88,793,0.07719664797096996,0.0441493585182124,0.045129673068813596,49,2
webis-touche2020,rr,10,0.01,uniform_nz,88,793,0.052893064156242044,0.0441493585182124,0.045129673068813596,49,2
webis-touche2020,rr,10,0.01,weighted,88,793,0.0441493585182124,0.0441493585182124,0.045129673068813596,49,2
webis-touche2020,rr,10,0.01,active_judge,88,793,0.09106628638480443,0.0441493585182124,0.045129673068813596,49,2
webis-touche2020,rr,10,0.01,strat_pilot,88,793,0.04467460746568332,0.0441493585182124,0.045129673068813596,49,2
webis-touche2020,rr,10,0.01,weighted_cv,88,793,0.038140117185385417,0.0441493585182124,0.045129673068813596,49,2
webis-touche2020,rr,10,0.01,active_cv,88,793,0.07697186375377171,0.0441493585182124,0.045129673068813596,49,2
webis-touche2020,rr,10,0.01,weighted_cvl,88,793,0.0363145808402326,0.0441493585182124,0.045129673068813596,49,2
webis-touche2020,rr,10,0.01,uniform,89,773,0.08948932079873298,0.05137870197967311,0.039089106030770454,49,2
webis-touche2020,rr,10,0.01,uniform_nz,89,773,0.06823542388232051,0.05137870197967311,0.039089106030770454,49,2
webis-touche2020,rr,10,0.01,weighted,89,773,0.05137870197967311,0.05137870197967311,0.039089106030770454,49,2
webis-touche2020,rr,10,0.01,active_judge,89,773,0.12630681962112927,0.05137870197967311,0.039089106030770454,49,2
webis-touche2020,rr,10,0.01,strat_pilot,89,773,0.05181868778770499,0.05137870197967311,0.039089106030770454,49,2
webis-touche2020,rr,10,0.01,weighted_cv,89,773,0.043178885736903996,0.05137870197967311,0.039089106030770454,49,2
webis-touche2020,rr,10,0.01,active_cv,89,773,0.0863196134325227,0.05137870197967311,0.039089106030770454,49,2
webis-touche2020,rr,10,0.01,weighted_cvl,89,773,0.038514103562856894,0.05137870197967311,0.039089106030770454,49,2
webis-touche2020,rr,10,0.01,uniform,90,751,0.14854080277844978,0.044640445429096516,0.061346977840314766,49,2
webis-touche2020,rr,10,0.01,uniform_nz,90,751,0.07780593754737537,0.044640445429096516,0.061346977840314766,49,2
webis-touche2020,rr,10,0.01,weighted,90,751,0.044640445429096516,0.044640445429096516,0.061346977840314766,49,2
webis-touche2020,rr,10,0.01,active_judge,90,751,0.14094390289635728,0.044640445429096516,0.061346977840314766,49,2
webis-touche2020,rr,10,0.01,strat_pilot,90,751,0.044899953696154946,0.044640445429096516,0.061346977840314766,49,2
webis-touche2020,rr,10,0.01,weighted_cv,90,751,0.036210490165514274,0.044640445429096516,0.061346977840314766,49,2
webis-touche2020,rr,10,0.01,active_cv,90,751,0.08467871355006354,0.044640445429096516,0.061346977840314766,49,2
webis-touche2020,rr,10,0.01,weighted_cvl,90,751,0.03200500239872304,0.044640445429096516,0.061346977840314766,49,2
webis-touche2020,rr,10,0.01,uniform,91,764,0.07886092648725072,0.04612621934208504,0.0612072935122639,49,2
webis-touche2020,rr,10,0.01,uniform_nz,91,764,0.06453165208336265,0.04612621934208504,0.0612072935122639,49,2
webis-touche2020,rr,10,0.01,weighted,91,764,0.04612621934208504,0.04612621934208504,0.0612072935122639,49,2
webis-touche2020,rr,10,0.01,active_judge,91,764,0.11266103967079713,0.04612621934208504,0.0612072935122639,49,2
webis-touche2020,rr,10,0.01,strat_pilot,91,764,0.04686684807298239,0.04612621934208504,0.0612072935122639,49,2
webis-touche2020,rr,10,0.01,weighted_cv,91,764,0.0419918836838271,0.04612621934208504,0.0612072935122639,49,2
webis-touche2020,rr,10,0.01,active_cv,91,764,0.10296508942378782,0.04612621934208504,0.0612072935122639,49,2
webis-touche2020,rr,10,0.01,weighted_cvl,91,764,0.036534119030104485,0.04612621934208504,0.0612072935122639,49,2
webis-touche2020,rr,10,0.01,uniform,92,747,0.07844834596146276,0.05294195293089352,0.04727237209117341,49,2
webis-touche2020,rr,10,0.01,uniform_nz,92,747,0.06338400103091803,0.05294195293089352,0.04727237209117341,49,2
webis-touche2020,rr,10,0.01,weighted,92,747,0.05294195293089352,0.05294195293089352,0.04727237209117341,49,2
webis-touche2020,rr,10,0.01,active_judge,92,747,0.12260817896414808,0.05294195293089352,0.04727237209117341,49,2
webis-touche2020,rr,10,0.01,strat_pilot,92,747,0.05391280416898055,0.05294195293089352,0.04727237209117341,49,2
webis-touche2020,rr,10,0.01,weighted_cv,92,747,0.04512293740262032,0.05294195293089352,0.04727237209117341,49,2
webis-touche2020,rr,10,0.01,active_cv,92,747,0.09687102578005825,0.05294195293089352,0.04727237209117341,49,2
webis-touche2020,rr,10,0.01,weighted_cvl,92,747,0.040437209007886485,0.05294195293089352,0.04727237209117341,49,2
webis-touche2020,rr,10,0.01,uniform,93,763,0.07855732678525841,0.055215718854930776,0.04379468302881615,49,2
webis-touche2020,rr,10,0.01,uniform_nz,93,763,0.06405336151333034,0.055215718854930776,0.04379468302881615,49,2
webis-touche2020,rr,10,0.01,weighted,93,763,0.055215718854930776,0.055215718854930776,0.04379468302881615,49,2
webis-touche2020,rr,10,0.01,active_judge,93,763,0.12713269816305717,0.055215718854930776,0.04379468302881615,49,2
webis-touche2020,rr,10,0.01,strat_pilot,93,763,0.055744342015657256,0.055215718854930776,0.04379468302881615,49,2
webis-touche2020,rr,10,0.01,weighted_cv,93,763,0.04955834123595293,0.055215718854930776,0.04379468302881615,49,2
webis-touche2020,rr,10,0.01,active_cv,93,763,0.09053646766501577,0.055215718854930776,0.04379468302881615,49,2
webis-touche2020,rr,10,0.01,weighted_cvl,93,763,0.0435640939623314,0.055215718854930776,0.04379468302881615,49,2
webis-touche2020,rr,10,0.01,uniform,94,764,0.14776816374098584,0.045567512578586676,0.03688670633059177,49,2
webis-touche2020,rr,10,0.01,uniform_nz,94,764,0.06710179637851875,0.045567512578586676,0.03688670633059177,49,2
webis-touche2020,rr,10,0.01,weighted,94,764,0.045567512578586676,0.045567512578586676,0.03688670633059177,49,2
webis-touche2020,rr,10,0.01,active_judge,94,764,0.12947069246438397,0.045567512578586676,0.03688670633059177,49,2
webis-touche2020,rr,10,0.01,strat_pilot,94,764,0.04615442791601848,0.045567512578586676,0.03688670633059177,49,2
webis-touche2020,rr,10,0.01,weighted_cv,94,764,0.03321503359227228,0.045567512578586676,0.03688670633059177,49,2
webis-touche2020,rr,10,0.01,active_cv,94,764,0.057424608920331924,0.045567512578586676,0.03688670633059177,49,2
webis-touche2020,rr,10,0.01,weighted_cvl,94,764,0.03152926882274554,0.045567512578586676,0.03688670633059177,49,2
webis-touche2020,rr,10,0.01,uniform,95,749,0.13039593600148153,0.03379728978826768,0.011857339083345278,49,0
webis-touche2020,rr,10,0.01,uniform_nz,95,749,0.05634553954172365,0.03379728978826768,0.011857339083345278,49,0
webis-touche2020,rr,10,0.01,weighted,95,749,0.03379728978826768,0.03379728978826768,0.011857339083345278,49,0
webis-touche2020,rr,10,0.01,active_judge,95,749,0.0974134135170868,0.03379728978826768,0.011857339083345278,49,0
webis-touche2020,rr,10,0.01,strat_pilot,95,749,0.03344885436494867,0.03379728978826768,0.011857339083345278,49,0
webis-touche2020,rr,10,0.01,weighted_cv,95,749,0.027067940239425638,0.03379728978826768,0.011857339083345278,49,0
webis-touche2020,rr,10,0.01,active_cv,95,749,0.050815388821514526,0.03379728978826768,0.011857339083345278,49,0
webis-touche2020,rr,10,0.01,weighted_cvl,95,749,0.024113991001776632,0.03379728978826768,0.011857339083345278,49,0
webis-touche2020,rr,10,0.01,uniform,96,761,0.09540054523975554,0.06435198397599548,0.06160720948298346,49,2
webis-touche2020,rr,10,0.01,uniform_nz,96,761,0.08393652273154911,0.06435198397599548,0.06160720948298346,49,2
webis-touche2020,rr,10,0.01,weighted,96,761,0.06435198397599548,0.06435198397599548,0.06160720948298346,49,2
webis-touche2020,rr,10,0.01,active_judge,96,761,0.16462001513104818,0.06435198397599548,0.06160720948298346,49,2
webis-touche2020,rr,10,0.01,strat_pilot,96,761,0.06484601838977748,0.06435198397599548,0.06160720948298346,49,2
webis-touche2020,rr,10,0.01,weighted_cv,96,761,0.05731273351120849,0.06435198397599548,0.06160720948298346,49,2
webis-touche2020,rr,10,0.01,active_cv,96,761,0.12108854217684888,0.06435198397599548,0.06160720948298346,49,2
webis-touche2020,rr,10,0.01,weighted_cvl,96,761,0.05153648264410474,0.06435198397599548,0.06160720948298346,49,2
webis-touche2020,rr,10,0.01,uniform,97,742,0.1409040518272422,0.0432979825796986,0.06085914884784182,49,2
webis-touche2020,rr,10,0.01,uniform_nz,97,742,0.0660356626184296,0.0432979825796986,0.06085914884784182,49,2
webis-touche2020,rr,10,0.01,weighted,97,742,0.0432979825796986,0.0432979825796986,0.06085914884784182,49,2
webis-touche2020,rr,10,0.01,active_judge,97,742,0.12476055008901699,0.0432979825796986,0.06085914884784182,49,2
webis-touche2020,rr,10,0.01,strat_pilot,97,742,0.04404092160506116,0.0432979825796986,0.06085914884784182,49,2
webis-touche2020,rr,10,0.01,weighted_cv,97,742,0.0329834932778512,0.0432979825796986,0.06085914884784182,49,2
webis-touche2020,rr,10,0.01,active_cv,97,742,0.0608899412873747,0.0432979825796986,0.06085914884784182,49,2
webis-touche2020,rr,10,0.01,weighted_cvl,97,742,0.03038696466563115,0.0432979825796986,0.06085914884784182,49,2
webis-touche2020,rr,10,0.01,uniform,98,758,0.15852847033327436,0.04969653382652132,0.05089392258355106,49,2
webis-touche2020,rr,10,0.01,uniform_nz,98,758,0.07408958148304068,0.04969653382652132,0.05089392258355106,49,2
webis-touche2020,rr,10,0.01,weighted,98,758,0.04969653382652132,0.04969653382652132,0.05089392258355106,49,2
webis-touche2020,rr,10,0.01,active_judge,98,758,0.13777875215703936,0.04969653382652132,0.05089392258355106,49,2
webis-touche2020,rr,10,0.01,strat_pilot,98,758,0.05068414590766753,0.04969653382652132,0.05089392258355106,49,2
webis-touche2020,rr,10,0.01,weighted_cv,98,758,0.03875099590252934,0.04969653382652132,0.05089392258355106,49,2
webis-touche2020,rr,10,0.01,active_cv,98,758,0.07241004534933063,0.04969653382652132,0.05089392258355106,49,2
webis-touche2020,rr,10,0.01,weighted_cvl,98,758,0.03518730598368125,0.04969653382652132,0.05089392258355106,49,2
webis-touche2020,rr,10,0.01,uniform,99,761,0.0761744569922388,0.0474405605011922,0.04394528744103048,49,2
webis-touche2020,rr,10,0.01,uniform_nz,99,761,0.057717860725629254,0.0474405605011922,0.04394528744103048,49,2
webis-touche2020,rr,10,0.01,weighted,99,761,0.0474405605011922,0.0474405605011922,0.04394528744103048,49,2
webis-touche2020,rr,10,0.01,active_judge,99,761,0.1010959059072803,0.0474405605011922,0.04394528744103048,49,2
webis-touche2020,rr,10,0.01,strat_pilot,99,761,0.04806763850158423,0.0474405605011922,0.04394528744103048,49,2
webis-touche2020,rr,10,0.01,weighted_cv,99,761,0.0396292687412286,0.0474405605011922,0.04394528744103048,49,2
webis-touche2020,rr,10,0.01,active_cv,99,761,0.0858119262441919,0.0474405605011922,0.04394528744103048,49,2
webis-touche2020,rr,10,0.01,weighted_cvl,99,761,0.03679210290148775,0.0474405605011922,0.04394528744103048,49,2
webis-touche2020,rr,10,0.01,uniform,100,744,0.14935347792248233,0.05006634557985412,0.05673798412343304,49,2
webis-touche2020,rr,10,0.01,uniform_nz,100,744,0.07337128813798219,0.05006634557985412,0.05673798412343304,49,2
webis-touche2020,rr,10,0.01,weighted,100,744,0.05006634557985412,0.05006634557985412,0.05673798412343304,49,2
webis-touche2020,rr,10,0.01,active_judge,100,744,0.1470286819989636,0.05006634557985412,0.05673798412343304,49,2
webis-touche2020,rr,10,0.01,strat_pilot,100,744,0.05120820608072853,0.05006634557985412,0.05673798412343304,49,2
webis-touche2020,rr,10,0.01,weighted_cv,100,744,0.036988231728285734,0.05006634557985412,0.05673798412343304,49,2
webis-touche2020,rr,10,0.01,active_cv,100,744,0.0676425108760466,0.05006634557985412,0.05673798412343304,49,2
webis-touche2020,rr,10,0.01,weighted_cvl,100,744,0.03544169910284373,0.05006634557985412,0.05673798412343304,49,2
webis-touche2020,rr,10,0.01,uniform,101,768,0.1433873477175648,0.0473470727878225,0.06270373403113341,49,2
webis-touche2020,rr,10,0.01,uniform_nz,101,768,0.07146560911554495,0.0473470727878225,0.06270373403113341,49,2
webis-touche2020,rr,10,0.01,weighted,101,768,0.0473470727878225,0.0473470727878225,0.06270373403113341,49,2
webis-touche2020,rr,10,0.01,active_judge,101,768,0.1267261110022619,0.0473470727878225,0.06270373403113341,49,2
webis-touche2020,rr,10,0.01,strat_pilot,101,768,0.04755968648383276,0.0473470727878225,0.06270373403113341,49,2
webis-touche2020,rr,10,0.01,weighted_cv,101,768,0.03742976401399769,0.0473470727878225,0.06270373403113341,49,2
webis-touche2020,rr,10,0.01,active_cv,101,768,0.06041503252843945,0.0473470727878225,0.06270373403113341,49,2
webis-touche2020,rr,10,0.01,weighted_cvl,101,768,0.034466942106455865,0.0473470727878225,0.06270373403113341,49,2
webis-touche2020,rr,10,0.01,uniform,102,757,0.17061390601862586,0.057235686333410474,0.07821463873119545,49,2
webis-touche2020,rr,10,0.01,uniform_nz,102,757,0.09072939479544159,0.057235686333410474,0.07821463873119545,49,2
webis-touche2020,rr,10,0.01,weighted,102,757,0.057235686333410474,0.057235686333410474,0.07821463873119545,49,2
webis-touche2020,rr,10,0.01,active_judge,102,757,0.16328993626259442,0.057235686333410474,0.07821463873119545,49,2
webis-touche2020,rr,10,0.01,strat_pilot,102,757,0.05858503002178217,0.057235686333410474,0.07821463873119545,49,2
webis-touche2020,rr,10,0.01,weighted_cv,102,757,0.04549250305454979,0.057235686333410474,0.07821463873119545,49,2
webis-touche2020,rr,10,0.01,active_cv,102,757,0.07962514244465438,0.057235686333410474,0.07821463873119545,49,2
webis-touche2020,rr,10,0.01,weighted_cvl,102,757,0.04034744840183048,0.057235686333410474,0.07821463873119545,49,2
webis-touche2020,rr,10,0.01,uniform,103,753,0.07857045289969707,0.04125725521834168,0.05086496307008825,49,2
webis-touche2020,rr,10,0.01,uniform_nz,103,753,0.051224270704455,0.04125725521834168,0.05086496307008825,49,2
webis-touche2020,rr,10,0.01,weighted,103,753,0.04125725521834168,0.04125725521834168,0.05086496307008825,49,2
webis-touche2020,rr,10,0.01,active_judge,103,753,0.10151601789350598,0.04125725521834168,0.05086496307008825,49,2
webis-touche2020,rr,10,0.01,strat_pilot,103,753,0.042346938913759735,0.04125725521834168,0.05086496307008825,49,2
webis-touche2020,rr,10,0.01,weighted_cv,103,753,0.034514553099410615,0.04125725521834168,0.05086496307008825,49,2
webis-touche2020,rr,10,0.01,active_cv,103,753,0.07965407013185222,0.04125725521834168,0.05086496307008825,49,2
webis-touche2020,rr,10,0.01,weighted_cvl,103,753,0.031837373320022296,0.04125725521834168,0.05086496307008825,49,2
webis-touche2020,rr,10,0.01,uniform,104,763,0.15519719484366382,0.04225202697711781,0.0565318016164698,49,2
webis-touche2020,rr,10,0.01,uniform_nz,104,763,0.07537337857770715,0.04225202697711781,0.0565318016164698,49,2
webis-touche2020,rr,10,0.01,weighted,104,763,0.04225202697711781,0.04225202697711781,0.0565318016164698,49,2
webis-touche2020,rr,10,0.01,active_judge,104,763,0.13510945000968289,0.04225202697711781,0.0565318016164698,49,2
webis-touche2020,rr,10,0.01,strat_pilot,104,763,0.04334606886543613,0.04225202697711781,0.0565318016164698,49,2
webis-touche2020,rr,10,0.01,weighted_cv,104,763,0.03338727665832382,0.04225202697711781,0.0565318016164698,49,2
webis-touche2020,rr,10,0.01,active_cv,104,763,0.07177153427966394,0.04225202697711781,0.0565318016164698,49,2
webis-touche2020,rr,10,0.01,weighted_cvl,104,763,0.0304329943931712,0.04225202697711781,0.0565318016164698,49,2
webis-touche2020,rr,10,0.01,uniform,105,757,0.16521863431360395,0.05772218148743184,0.06488917446502587,49,2
webis-touche2020,rr,10,0.01,uniform_nz,105,757,0.08466181532417971,0.05772218148743184,0.06488917446502587,49,2
webis-touche2020,rr,10,0.01,weighted,105,757,0.05772218148743184,0.05772218148743184,0.06488917446502587,49,2
webis-touche2020,rr,10,0.01,active_judge,105,757,0.1528134866137536,0.05772218148743184,0.06488917446502587,49,2
webis-touche2020,rr,10,0.01,strat_pilot,105,757,0.05941908349819871,0.05772218148743184,0.06488917446502587,49,2
webis-touche2020,rr,10,0.01,weighted_cv,105,757,0.04401707540220108,0.05772218148743184,0.06488917446502587,49,2
webis-touche2020,rr,10,0.01,active_cv,105,757,0.07297612522433457,0.05772218148743184,0.06488917446502587,49,2
webis-touche2020,rr,10,0.01,weighted_cvl,105,757,0.0411632414770605,0.05772218148743184,0.06488917446502587,49,2
webis-touche2020,rr,10,0.01,uniform,106,740,0.17126114898633948,0.05331775820567318,0.06962759690429968,49,2
webis-touche2020,rr,10,0.01,uniform_nz,106,740,0.0882841877219404,0.05331775820567318,0.06962759690429968,49,2
webis-touche2020,rr,10,0.01,weighted,106,740,0.05331775820567318,0.05331775820567318,0.06962759690429968,49,2
webis-touche2020,rr,10,0.01,active_judge,106,740,0.15743904121910504,0.05331775820567318,0.06962759690429968,49,2
webis-touche2020,rr,10,0.01,strat_pilot,106,740,0.05442946646122075,0.05331775820567318,0.06962759690429968,49,2
webis-touche2020,rr,10,0.01,weighted_cv,106,740,0.03993442450602815,0.05331775820567318,0.06962759690429968,49,2
webis-touche2020,rr,10,0.01,active_cv,106,740,0.06582938325931939,0.05331775820567318,0.06962759690429968,49,2
webis-touche2020,rr,10,0.01,weighted_cvl,106,740,0.03702401808118974,0.05331775820567318,0.06962759690429968,49,2
webis-touche2020,rr,10,0.01,uniform,107,769,0.16065331184136836,0.05674972321715059,0.056457872518143055,49,2
webis-touche2020,rr,10,0.01,uniform_nz,107,769,0.0800824769241392,0.05674972321715059,0.056457872518143055,49,2
webis-touche2020,rr,10,0.01,weighted,107,769,0.05674972321715059,0.05674972321715059,0.056457872518143055,49,2
webis-touche2020,rr,10,0.01,active_judge,107,769,0.14865650898083577,0.05674972321715059,0.056457872518143055,49,2
webis-touche2020,rr,10,0.01,strat_pilot,107,769,0.0576995296860604,0.05674972321715059,0.056457872518143055,49,2
webis-touche2020,rr,10,0.01,weighted_cv,107,769,0.045558539240186074,0.05674972321715059,0.056457872518143055,49,2
webis-touche2020,rr,10,0.01,active_cv,107,769,0.0852893724184659,0.05674972321715059,0.056457872518143055,49,2
webis-touche2020,rr,10,0.01,weighted_cvl,107,769,0.044203072817053254,0.05674972321715059,0.056457872518143055,49,2
webis-touche2020,rr,10,0.01,uniform,108,753,0.06912048741786914,0.040931398141535,0.07117426612202152,49,2
webis-touche2020,rr,10,0.01,uniform_nz,108,753,0.048850163519884506,0.040931398141535,0.07117426612202152,49,2
webis-touche2020,rr,10,0.01,weighted,108,753,0.040931398141535,0.040931398141535,0.07117426612202152,49,2
webis-touche2020,rr,10,0.01,active_judge,108,753,0.08607112320904252,0.040931398141535,0.07117426612202152,49,2
webis-touche2020,rr,10,0.01,strat_pilot,108,753,0.04110684673548912,0.040931398141535,0.07117426612202152,49,2
webis-touche2020,rr,10,0.01,weighted_cv,108,753,0.03570104173764482,0.040931398141535,0.07117426612202152,49,2
webis-touche2020,rr,10,0.01,active_cv,108,753,0.05946456921263103,0.040931398141535,0.07117426612202152,49,2
webis-touche2020,rr,10,0.01,weighted_cvl,108,753,0.03212134834892288,0.040931398141535,0.07117426612202152,49,2
webis-touche2020,rr,10,0.01,uniform,109,756,0.14781191058116172,0.05443774128333749,0.05227727195268251,49,2
webis-touche2020,rr,10,0.01,uniform_nz,109,756,0.0784631198409366,0.05443774128333749,0.05227727195268251,49,2
webis-touche2020,rr,10,0.01,weighted,109,756,0.05443774128333749,0.05443774128333749,0.05227727195268251,49,2
webis-touche2020,rr,10,0.01,active_judge,109,756,0.14897751453420474,0.05443774128333749,0.05227727195268251,49,2
webis-touche2020,rr,10,0.01,strat_pilot,109,756,0.055689302357274414,0.05443774128333749,0.05227727195268251,49,2
webis-touche2020,rr,10,0.01,weighted_cv,109,756,0.040814144338586676,0.05443774128333749,0.05227727195268251,49,2
webis-touche2020,rr,10,0.01,active_cv,109,756,0.07791386841718287,0.05443774128333749,0.05227727195268251,49,2
webis-touche2020,rr,10,0.01,weighted_cvl,109,756,0.03936733863551828,0.05443774128333749,0.05227727195268251,49,2
webis-touche2020,rr,10,0.01,uniform,110,758,0.076343343597487,0.045902161120659424,0.03724451428506484,49,2
webis-touche2020,rr,10,0.01,uniform_nz,110,758,0.05578449203724587,0.045902161120659424,0.03724451428506484,49,2
webis-touche2020,rr,10,0.01,weighted,110,758,0.045902161120659424,0.045902161120659424,0.03724451428506484,49,2
webis-touche2020,rr,10,0.01,active_judge,110,758,0.11453262688167332,0.045902161120659424,0.03724451428506484,49,2
webis-touche2020,rr,10,0.01,strat_pilot,110,758,0.046319539477174786,0.045902161120659424,0.03724451428506484,49,2
webis-touche2020,rr,10,0.01,weighted_cv,110,758,0.03954570604169017,0.045902161120659424,0.03724451428506484,49,2
webis-touche2020,rr,10,0.01,active_cv,110,758,0.08100801153324777,0.045902161120659424,0.03724451428506484,49,2
webis-touche2020,rr,10,0.01,weighted_cvl,110,758,0.03533143993382033,0.045902161120659424,0.03724451428506484,49,2
webis-touche2020,rr,10,0.01,uniform,111,762,0.0869682918062054,0.042809664712467776,0.04271874430465762,49,2
webis-touche2020,rr,10,0.01,uniform_nz,111,762,0.06124819602857552,0.042809664712467776,0.04271874430465762,49,2
webis-touche2020,rr,10,0.01,weighted,111,762,0.042809664712467776,0.042809664712467776,0.04271874430465762,49,2
webis-touche2020,rr,10,0.01,active_judge,111,762,0.10860508059655163,0.042809664712467776,0.04271874430465762,49,2
webis-touche2020,rr,10,0.01,strat_pilot,111,762,0.04335956061464412,0.042809664712467776,0.04271874430465762,49,2
webis-touche2020,rr,10,0.01,weighted_cv,111,762,0.03489080500010154,0.042809664712467776,0.04271874430465762,49,2
webis-touche2020,rr,10,0.01,active_cv,111,762,0.07747757366641576,0.042809664712467776,0.04271874430465762,49,2
webis-touche2020,rr,10,0.01,weighted_cvl,111,762,0.03206664287869848,0.042809664712467776,0.04271874430465762,49,2
webis-touche2020,rr,10,0.01,uniform,112,763,0.07077916505305863,0.033068412661828306,0.020435969116309675,49,0
webis-touche2020,rr,10,0.01,uniform_nz,112,763,0.04135752140413239,0.033068412661828306,0.020435969116309675,49,0
webis-touche2020,rr,10,0.01,weighted,112,763,0.033068412661828306,0.033068412661828306,0.020435969116309675,49,0
webis-touche2020,rr,10,0.01,active_judge,112,763,0.08590335761397788,0.033068412661828306,0.020435969116309675,49,0
webis-touche2020,rr,10,0.01,strat_pilot,112,763,0.0338649139928069,0.033068412661828306,0.020435969116309675,49,0
webis-touche2020,rr,10,0.01,weighted_cv,112,763,0.027067054201314826,0.033068412661828306,0.020435969116309675,49,0
webis-touche2020,rr,10,0.01,active_cv,112,763,0.05068199443734746,0.033068412661828306,0.020435969116309675,49,0
webis-touche2020,rr,10,0.01,weighted_cvl,112,763,0.02601040517151314,0.033068412661828306,0.020435969116309675,49,0
webis-touche2020,rr,10,0.01,uniform,113,755,0.06132389970915586,0.03592853509745829,0.06141943694420474,49,2
webis-touche2020,rr,10,0.01,uniform_nz,113,755,0.04333085979692697,0.03592853509745829,0.06141943694420474,49,2
webis-touche2020,rr,10,0.01,weighted,113,755,0.03592853509745829,0.03592853509745829,0.06141943694420474,49,2
webis-touche2020,rr,10,0.01,active_judge,113,755,0.07097851578836097,0.03592853509745829,0.06141943694420474,49,2
webis-touche2020,rr,10,0.01,strat_pilot,113,755,0.0362351990128336,0.03592853509745829,0.06141943694420474,49,2
webis-touche2020,rr,10,0.01,weighted_cv,113,755,0.033025892944447785,0.03592853509745829,0.06141943694420474,49,2
webis-touche2020,rr,10,0.01,active_cv,113,755,0.07325890580874163,0.03592853509745829,0.06141943694420474,49,2
webis-touche2020,rr,10,0.01,weighted_cvl,113,755,0.029689278673909487,0.03592853509745829,0.06141943694420474,49,2
webis-touche2020,rr,10,0.01,uniform,114,765,0.08409949635206831,0.04734830523243065,0.048457274420812574,49,2
webis-touche2020,rr,10,0.01,uniform_nz,114,765,0.06038005625089464,0.04734830523243065,0.048457274420812574,49,2
webis-touche2020,rr,10,0.01,weighted,114,765,0.04734830523243065,0.04734830523243065,0.048457274420812574,49,2
webis-touche2020,rr,10,0.01,active_judge,114,765,0.10422411525606438,0.04734830523243065,0.048457274420812574,49,2
webis-touche2020,rr,10,0.01,strat_pilot,114,765,0.04829359858927288,0.04734830523243065,0.048457274420812574,49,2
webis-touche2020,rr,10,0.01,weighted_cv,114,765,0.04341800702905885,0.04734830523243065,0.048457274420812574,49,2
webis-touche2020,rr,10,0.01,active_cv,114,765,0.10464037504295103,0.04734830523243065,0.048457274420812574,49,2
webis-touche2020,rr,10,0.01,weighted_cvl,114,765,0.04090159859161916,0.04734830523243065,0.048457274420812574,49,2
webis-touche2020,rr,10,0.01,uniform,115,774,0.08343096982369251,0.05825325719728534,0.049201281776359164,49,2
webis-touche2020,rr,10,0.01,uniform_nz,115,774,0.06831951936046932,0.05825325719728534,0.049201281776359164,49,2
webis-touche2020,rr,10,0.01,weighted,115,774,0.05825325719728534,0.05825325719728534,0.049201281776359164,49,2
webis-touche2020,rr,10,0.01,active_judge,115,774,0.12507711737767685,0.05825325719728534,0.049201281776359164,49,2
webis-touche2020,rr,10,0.01,strat_pilot,115,774,0.05875319362329849,0.05825325719728534,0.049201281776359164,49,2
webis-touche2020,rr,10,0.01,weighted_cv,115,774,0.05258532965178072,0.05825325719728534,0.049201281776359164,49,2
webis-touche2020,rr,10,0.01,active_cv,115,774,0.10958141480139647,0.05825325719728534,0.049201281776359164,49,2
webis-touche2020,rr,10,0.01,weighted_cvl,115,774,0.0472394692470278,0.05825325719728534,0.049201281776359164,49,2
webis-touche2020,rr,10,0.01,uniform,116,763,0.08081851791515726,0.04454849836822744,0.041606454819690115,49,2
webis-touche2020,rr,10,0.01,uniform_nz,116,763,0.06311370143895607,0.04454849836822744,0.041606454819690115,49,2
webis-touche2020,rr,10,0.01,weighted,116,763,0.04454849836822744,0.04454849836822744,0.041606454819690115,49,2
webis-touche2020,rr,10,0.01,active_judge,116,763,0.11135699159928554,0.04454849836822744,0.041606454819690115,49,2
webis-touche2020,rr,10,0.01,strat_pilot,116,763,0.04489880737637884,0.04454849836822744,0.041606454819690115,49,2
webis-touche2020,rr,10,0.01,weighted_cv,116,763,0.03713436870344468,0.04454849836822744,0.041606454819690115,49,2
webis-touche2020,rr,10,0.01,active_cv,116,763,0.07340391195327911,0.04454849836822744,0.041606454819690115,49,2
webis-touche2020,rr,10,0.01,weighted_cvl,116,763,0.0337210898201676,0.04454849836822744,0.041606454819690115,49,2
webis-touche2020,rr,10,0.01,uniform,117,751,0.06202144697281797,0.03180875009165289,0.04298390061664054,49,2
webis-touche2020,rr,10,0.01,uniform_nz,117,751,0.03795963361180164,0.03180875009165289,0.04298390061664054,49,2
webis-touche2020,rr,10,0.01,weighted,117,751,0.03180875009165289,0.03180875009165289,0.04298390061664054,49,2
webis-touche2020,rr,10,0.01,active_judge,117,751,0.07565728244734682,0.03180875009165289,0.04298390061664054,49,2
webis-touche2020,rr,10,0.01,strat_pilot,117,751,0.03253556600928557,0.03180875009165289,0.04298390061664054,49,2
webis-touche2020,rr,10,0.01,weighted_cv,117,751,0.025592332319292133,0.03180875009165289,0.04298390061664054,49,2
webis-touche2020,rr,10,0.01,active_cv,117,751,0.04315632065206556,0.03180875009165289,0.04298390061664054,49,2
webis-touche2020,rr,10,0.01,weighted_cvl,117,751,0.024377949923790693,0.03180875009165289,0.04298390061664054,49,2
webis-touche2020,rr,10,0.01,uniform,118,763,0.07352158140845433,0.03723238803079509,0.053946258477218206,49,2
webis-touche2020,rr,10,0.01,uniform_nz,118,763,0.053140265394210184,0.03723238803079509,0.053946258477218206,49,2
webis-touche2020,rr,10,0.01,weighted,118,763,0.03723238803079509,0.03723238803079509,0.053946258477218206,49,2
webis-touche2020,rr,10,0.01,active_judge,118,763,0.10662965623339493,0.03723238803079509,0.053946258477218206,49,2
webis-touche2020,rr,10,0.01,strat_pilot,118,763,0.03826258071468158,0.03723238803079509,0.053946258477218206,49,2
webis-touche2020,rr,10,0.01,weighted_cv,118,763,0.031010763752768056,0.03723238803079509,0.053946258477218206,49,2
webis-touche2020,rr,10,0.01,active_cv,118,763,0.05541404028684847,0.03723238803079509,0.053946258477218206,49,2
webis-touche2020,rr,10,0.01,weighted_cvl,118,763,0.027761516689644446,0.03723238803079509,0.053946258477218206,49,2
webis-touche2020,rr,10,0.01,uniform,119,752,0.10222961549637517,0.04637700758945545,0.07602408164018072,49,2
webis-touche2020,rr,10,0.01,uniform_nz,119,752,0.06816003135317127,0.04637700758945545,0.07602408164018072,49,2
webis-touche2020,rr,10,0.01,weighted,119,752,0.04637700758945545,0.04637700758945545,0.07602408164018072,49,2
webis-touche2020,rr,10,0.01,active_judge,119,752,0.12776124887532742,0.04637700758945545,0.07602408164018072,49,2
webis-touche2020,rr,10,0.01,strat_pilot,119,752,0.04513507699348018,0.04637700758945545,0.07602408164018072,49,2
webis-touche2020,rr,10,0.01,weighted_cv,119,752,0.04191954404271149,0.04637700758945545,0.07602408164018072,49,2
webis-touche2020,rr,10,0.01,active_cv,119,752,0.0933625711682636,0.04637700758945545,0.07602408164018072,49,2
webis-touche2020,rr,10,0.01,weighted_cvl,119,752,0.037217140320355536,0.04637700758945545,0.07602408164018072,49,2
webis-touche2020,rr,10,0.01,uniform,120,752,0.1423909220789062,0.04948203112403445,0.0691624110940136,49,2
webis-touche2020,rr,10,0.01,uniform_nz,120,752,0.07362272517549937,0.04948203112403445,0.0691624110940136,49,2
webis-touche2020,rr,10,0.01,weighted,120,752,0.04948203112403445,0.04948203112403445,0.0691624110940136,49,2
webis-touche2020,rr,10,0.01,active_judge,120,752,0.13820930875950896,0.04948203112403445,0.0691624110940136,49,2
webis-touche2020,rr,10,0.01,strat_pilot,120,752,0.05039824855107912,0.04948203112403445,0.0691624110940136,49,2
webis-touche2020,rr,10,0.01,weighted_cv,120,752,0.04120261957829418,0.04948203112403445,0.0691624110940136,49,2
webis-touche2020,rr,10,0.01,active_cv,120,752,0.08460712907446392,0.04948203112403445,0.0691624110940136,49,2
webis-touche2020,rr,10,0.01,weighted_cvl,120,752,0.03767709066943377,0.04948203112403445,0.0691624110940136,49,2
webis-touche2020,rr,10,0.01,uniform,121,764,0.0770648717629977,0.0457745402931728,0.0361938134292085,49,2
webis-touche2020,rr,10,0.01,uniform_nz,121,764,0.05688191792374993,0.0457745402931728,0.0361938134292085,49,2
webis-touche2020,rr,10,0.01,weighted,121,764,0.0457745402931728,0.0457745402931728,0.0361938134292085,49,2
webis-touche2020,rr,10,0.01,active_judge,121,764,0.09428089960300498,0.0457745402931728,0.0361938134292085,49,2
webis-touche2020,rr,10,0.01,strat_pilot,121,764,0.04635789078311321,0.0457745402931728,0.0361938134292085,49,2
webis-touche2020,rr,10,0.01,weighted_cv,121,764,0.040262012195949146,0.0457745402931728,0.0361938134292085,49,2
webis-touche2020,rr,10,0.01,active_cv,121,764,0.08127330535069728,0.0457745402931728,0.0361938134292085,49,2
webis-touche2020,rr,10,0.01,weighted_cvl,121,764,0.03805161316102093,0.0457745402931728,0.0361938134292085,49,2
webis-touche2020,rr,10,0.01,uniform,122,762,0.1647810353576893,0.057049881904899916,0.07089467805306074,49,2
webis-touche2020,rr,10,0.01,uniform_nz,122,762,0.0904449764083606,0.057049881904899916,0.07089467805306074,49,2
webis-touche2020,rr,10,0.01,weighted,122,762,0.057049881904899916,0.057049881904899916,0.07089467805306074,49,2
webis-touche2020,rr,10,0.01,active_judge,122,762,0.15746589727927968,0.057049881904899916,0.07089467805306074,49,2
webis-touche2020,rr,10,0.01,strat_pilot,122,762,0.058430486040112806,0.057049881904899916,0.07089467805306074,49,2
webis-touche2020,rr,10,0.01,weighted_cv,122,762,0.045449874820956374,0.057049881904899916,0.07089467805306074,49,2
webis-touche2020,rr,10,0.01,active_cv,122,762,0.09788463534348886,0.057049881904899916,0.07089467805306074,49,2
webis-touche2020,rr,10,0.01,weighted_cvl,122,762,0.04095521593465416,0.057049881904899916,0.07089467805306074,49,2
webis-touche2020,rr,10,0.01,uniform,123,766,0.08285104717519456,0.04775283776841724,0.06600866297731624,49,2
webis-touche2020,rr,10,0.01,uniform_nz,123,766,0.06488453642271272,0.04775283776841724,0.06600866297731624,49,2
webis-touche2020,rr,10,0.01,weighted,123,766,0.04775283776841724,0.04775283776841724,0.06600866297731624,49,2
webis-touche2020,rr,10,0.01,active_judge,123,766,0.12289789662309847,0.04775283776841724,0.06600866297731624,49,2
webis-touche2020,rr,10,0.01,strat_pilot,123,766,0.04834912319290179,0.04775283776841724,0.06600866297731624,49,2
webis-touche2020,rr,10,0.01,weighted_cv,123,766,0.03969858674253002,0.04775283776841724,0.06600866297731624,49,2
webis-touche2020,rr,10,0.01,active_cv,123,766,0.06919466829016255,0.04775283776841724,0.06600866297731624,49,2
webis-touche2020,rr,10,0.01,weighted_cvl,123,766,0.0350834772261945,0.04775283776841724,0.06600866297731624,49,2
webis-touche2020,rr,10,0.01,uniform,124,751,0.16108327902907738,0.05774363519621358,0.06752918934799065,49,2
webis-touche2020,rr,10,0.01,uniform_nz,124,751,0.09253632970381695,0.05774363519621358,0.06752918934799065,49,2
webis-touche2020,rr,10,0.01,weighted,124,751,0.05774363519621358,0.05774363519621358,0.06752918934799065,49,2
webis-touche2020,rr,10,0.01,active_judge,124,751,0.17246952277642963,0.05774363519621358,0.06752918934799065,49,2
webis-touche2020,rr,10,0.01,strat_pilot,124,751,0.05950526840796326,0.05774363519621358,0.06752918934799065,49,2
webis-touche2020,rr,10,0.01,weighted_cv,124,751,0.04432704297980962,0.05774363519621358,0.06752918934799065,49,2
webis-touche2020,rr,10,0.01,active_cv,124,751,0.08776258864381817,0.05774363519621358,0.06752918934799065,49,2
webis-touche2020,rr,10,0.01,weighted_cvl,124,751,0.04229581402851613,0.05774363519621358,0.06752918934799065,49,2
webis-touche2020,rr,10,0.01,uniform,125,778,0.15702161679119636,0.049615279174238705,0.04092194161922591,49,2
webis-touche2020,rr,10,0.01,uniform_nz,125,778,0.07477885053275343,0.049615279174238705,0.04092194161922591,49,2
webis-touche2020,rr,10,0.01,weighted,125,778,0.049615279174238705,0.049615279174238705,0.04092194161922591,49,2
webis-touche2020,rr,10,0.01,active_judge,125,778,0.1274867154084304,0.049615279174238705,0.04092194161922591,49,2
webis-touche2020,rr,10,0.01,strat_pilot,125,778,0.05015419667836132,0.049615279174238705,0.04092194161922591,49,2
webis-touche2020,rr,10,0.01,weighted_cv,125,778,0.03642846271303825,0.049615279174238705,0.04092194161922591,49,2
webis-touche2020,rr,10,0.01,active_cv,125,778,0.05962511655333704,0.049615279174238705,0.04092194161922591,49,2
webis-touche2020,rr,10,0.01,weighted_cvl,125,778,0.03643620955958054,0.049615279174238705,0.04092194161922591,49,2
webis-touche2020,rr,10,0.01,uniform,126,756,0.14944141110955705,0.04568231188100419,0.07410113470407588,49,2
webis-touche2020,rr,10,0.01,uniform_nz,126,756,0.07832228131759397,0.04568231188100419,0.07410113470407588,49,2
webis-touche2020,rr,10,0.01,weighted,126,756,0.04568231188100419,0.04568231188100419,0.07410113470407588,49,2
webis-touche2020,rr,10,0.01,active_judge,126,756,0.14524798278936718,0.04568231188100419,0.07410113470407588,49,2
webis-touche2020,rr,10,0.01,strat_pilot,126,756,0.04711663273058973,0.04568231188100419,0.07410113470407588,49,2
webis-touche2020,rr,10,0.01,weighted_cv,126,756,0.03253655114674946,0.04568231188100419,0.07410113470407588,49,2
webis-touche2020,rr,10,0.01,active_cv,126,756,0.057478253877019124,0.04568231188100419,0.07410113470407588,49,2
webis-touche2020,rr,10,0.01,weighted_cvl,126,756,0.030701377819000446,0.04568231188100419,0.07410113470407588,49,2
webis-touche2020,rr,10,0.01,uniform,127,764,0.1692787522496611,0.05751673663994237,0.0589125204144554,49,2
webis-touche2020,rr,10,0.01,uniform_nz,127,764,0.09418473190549544,0.05751673663994237,0.0589125204144554,49,2
webis-touche2020,rr,10,0.01,weighted,127,764,0.05751673663994237,0.05751673663994237,0.0589125204144554,49,2
webis-touche2020,rr,10,0.01,active_judge,127,764,0.16481386684487706,0.05751673663994237,0.0589125204144554,49,2
webis-touche2020,rr,10,0.01,strat_pilot,127,764,0.05839989369462558,0.05751673663994237,0.0589125204144554,49,2
webis-touche2020,rr,10,0.01,weighted_cv,127,764,0.04324496543579805,0.05751673663994237,0.0589125204144554,49,2
webis-touche2020,rr,10,0.01,active_cv,127,764,0.08105810886593263,0.05751673663994237,0.0589125204144554,49,2
webis-touche2020,rr,10,0.01,weighted_cvl,127,764,0.03986634270248412,0.05751673663994237,0.0589125204144554,49,2
webis-touche2020,rr,10,0.01,uniform,128,747,0.1690836319805937,0.06127677229613744,0.07135712285239476,49,2
webis-touche2020,rr,10,0.01,uniform_nz,128,747,0.09426357714691547,0.06127677229613744,0.07135712285239476,49,2
webis-touche2020,rr,10,0.01,weighted,128,747,0.06127677229613744,0.06127677229613744,0.07135712285239476,49,2
webis-touche2020,rr,10,0.01,active_judge,128,747,0.18086881705018057,0.06127677229613744,0.07135712285239476,49,2
webis-touche2020,rr,10,0.01,strat_pilot,128,747,0.06276596484919429,0.06127677229613744,0.07135712285239476,49,2
webis-touche2020,rr,10,0.01,weighted_cv,128,747,0.04938977992833404,0.06127677229613744,0.07135712285239476,49,2
webis-touche2020,rr,10,0.01,active_cv,128,747,0.09933614485050804,0.06127677229613744,0.07135712285239476,49,2
webis-touche2020,rr,10,0.01,weighted_cvl,128,747,0.04307207199544496,0.06127677229613744,0.07135712285239476,49,2
webis-touche2020,rr,10,0.01,uniform,129,757,0.17186189644144623,0.06091957633257126,0.04713812485978997,49,2
webis-touche2020,rr,10,0.01,uniform_nz,129,757,0.09571788693367071,0.06091957633257126,0.04713812485978997,49,2
webis-touche2020,rr,10,0.01,weighted,129,757,0.06091957633257126,0.06091957633257126,0.04713812485978997,49,2
webis-touche2020,rr,10,0.01,active_judge,129,757,0.1775282932155022,0.06091957633257126,0.04713812485978997,49,2
webis-touche2020,rr,10,0.01,strat_pilot,129,757,0.06248579083914598,0.06091957633257126,0.04713812485978997,49,2
webis-touche2020,rr,10,0.01,weighted_cv,129,757,0.04541788525400856,0.06091957633257126,0.04713812485978997,49,2
webis-touche2020,rr,10,0.01,active_cv,129,757,0.08494187552193541,0.06091957633257126,0.04713812485978997,49,2
webis-touche2020,rr,10,0.01,weighted_cvl,129,757,0.04101217609343986,0.06091957633257126,0.04713812485978997,49,2
webis-touche2020,rr,10,0.01,uniform,130,768,0.16384747551231427,0.054566404734145355,0.04533964133848035,49,2
webis-touche2020,rr,10,0.01,uniform_nz,130,768,0.08054357328736811,0.054566404734145355,0.04533964133848035,49,2
webis-touche2020,rr,10,0.01,weighted,130,768,0.054566404734145355,0.054566404734145355,0.04533964133848035,49,2
webis-touche2020,rr,10,0.01,active_judge,130,768,0.14578274518059126,0.054566404734145355,0.04533964133848035,49,2
webis-touche2020,rr,10,0.01,strat_pilot,130,768,0.05544206817158903,0.054566404734145355,0.04533964133848035,49,2
webis-touche2020,rr,10,0.01,weighted_cv,130,768,0.04015257337319748,0.054566404734145355,0.04533964133848035,49,2
webis-touche2020,rr,10,0.01,active_cv,130,768,0.061110932011689434,0.054566404734145355,0.04533964133848035,49,2
webis-touche2020,rr,10,0.01,weighted_cvl,130,768,0.03692611047441949,0.054566404734145355,0.04533964133848035,49,2
webis-touche2020,rr,10,0.01,uniform,131,764,0.13794930438231262,0.044057676542750404,0.07181851726704667,49,2
webis-touche2020,rr,10,0.01,uniform_nz,131,764,0.06414725804557479,0.044057676542750404,0.07181851726704667,49,2
webis-touche2020,rr,10,0.01,weighted,131,764,0.044057676542750404,0.044057676542750404,0.07181851726704667,49,2
webis-touche2020,rr,10,0.01,active_judge,131,764,0.11976352591791166,0.044057676542750404,0.07181851726704667,49,2
webis-touche2020,rr,10,0.01,strat_pilot,131,764,0.044830587647566755,0.044057676542750404,0.07181851726704667,49,2
webis-touche2020,rr,10,0.01,weighted_cv,131,764,0.034357318035057774,0.044057676542750404,0.07181851726704667,49,2
webis-touche2020,rr,10,0.01,active_cv,131,764,0.05280265913095163,0.044057676542750404,0.07181851726704667,49,2
webis-touche2020,rr,10,0.01,weighted_cvl,131,764,0.03266135157788193,0.044057676542750404,0.07181851726704667,49,2
webis-touche2020,rr,10,0.01,uniform,132,764,0.08890294480378354,0.04831737977349798,0.03653367225309948,49,2
webis-touche2020,rr,10,0.01,uniform_nz,132,764,0.0701770662932694,0.04831737977349798,0.03653367225309948,49,2
webis-touche2020,rr,10,0.01,weighted,132,764,0.04831737977349798,0.04831737977349798,0.03653367225309948,49,2
webis-touche2020,rr,10,0.01,active_judge,132,764,0.12228512287409013,0.04831737977349798,0.03653367225309948,49,2
webis-touche2020,rr,10,0.01,strat_pilot,132,764,0.049128723104911384,0.04831737977349798,0.03653367225309948,49,2
webis-touche2020,rr,10,0.01,weighted_cv,132,764,0.042607619088643245,0.04831737977349798,0.03653367225309948,49,2
webis-touche2020,rr,10,0.01,active_cv,132,764,0.08561784396509328,0.04831737977349798,0.03653367225309948,49,2
webis-touche2020,rr,10,0.01,weighted_cvl,132,764,0.037402588206392084,0.04831737977349798,0.03653367225309948,49,2
webis-touche2020,rr,10,0.01,uniform,133,759,0.07901235244596078,0.044612905837637246,0.0395792455451898,49,2
webis-touche2020,rr,10,0.01,uniform_nz,133,759,0.052575460632512505,0.044612905837637246,0.0395792455451898,49,2
webis-touche2020,rr,10,0.01,weighted,133,759,0.044612905837637246,0.044612905837637246,0.0395792455451898,49,2
webis-touche2020,rr,10,0.01,active_judge,133,759,0.09583824704256862,0.044612905837637246,0.0395792455451898,49,2
webis-touche2020,rr,10,0.01,strat_pilot,133,759,0.04518402501807102,0.044612905837637246,0.0395792455451898,49,2
webis-touche2020,rr,10,0.01,weighted_cv,133,759,0.03949923862717948,0.044612905837637246,0.0395792455451898,49,2
webis-touche2020,rr,10,0.01,active_cv,133,759,0.07959466049301628,0.044612905837637246,0.0395792455451898,49,2
webis-touche2020,rr,10,0.01,weighted_cvl,133,759,0.034593097722207804,0.044612905837637246,0.0395792455451898,49,2
webis-touche2020,rr,10,0.01,uniform,134,756,0.1400620997694931,0.04914456370998499,0.043701091019976455,49,2
webis-touche2020,rr,10,0.01,uniform_nz,134,756,0.07327287218086173,0.04914456370998499,0.043701091019976455,49,2
webis-touche2020,rr,10,0.01,weighted,134,756,0.04914456370998499,0.04914456370998499,0.043701091019976455,49,2
webis-touche2020,rr,10,0.01,active_judge,134,756,0.12549367354685156,0.04914456370998499,0.043701091019976455,49,2
webis-touche2020,rr,10,0.01,strat_pilot,134,756,0.05022264378353469,0.04914456370998499,0.043701091019976455,49,2
webis-touche2020,rr,10,0.01,weighted_cv,134,756,0.03853489828175757,0.04914456370998499,0.043701091019976455,49,2
webis-touche2020,rr,10,0.01,active_cv,134,756,0.08526723545961916,0.04914456370998499,0.043701091019976455,49,2
webis-touche2020,rr,10,0.01,weighted_cvl,134,756,0.03597829002151235,0.04914456370998499,0.043701091019976455,49,2
webis-touche2020,rr,10,0.01,uniform,135,759,0.09472705371003312,0.07444676543864827,0.11261514130050235,49,2
webis-touche2020,rr,10,0.01,uniform_nz,135,759,0.08307102908733884,0.07444676543864827,0.11261514130050235,49,2
webis-touche2020,rr,10,0.01,weighted,135,759,0.07444676543864827,0.07444676543864827,0.11261514130050235,49,2
webis-touche2020,rr,10,0.01,active_judge,135,759,0.14445775348781836,0.07444676543864827,0.11261514130050235,49,2
webis-touche2020,rr,10,0.01,strat_pilot,135,759,0.07584456542023824,0.07444676543864827,0.11261514130050235,49,2
webis-touche2020,rr,10,0.01,weighted_cv,135,759,0.06589226014449376,0.07444676543864827,0.11261514130050235,49,2
webis-touche2020,rr,10,0.01,active_cv,135,759,0.1323976233847374,0.07444676543864827,0.11261514130050235,49,2
webis-touche2020,rr,10,0.01,weighted_cvl,135,759,0.05866100564705159,0.07444676543864827,0.11261514130050235,49,2
webis-touche2020,rr,10,0.01,uniform,136,751,0.11265387772239417,0.07235664547302297,0.07560535050049116,49,2
webis-touche2020,rr,10,0.01,uniform_nz,136,751,0.08253650064988971,0.07235664547302297,0.07560535050049116,49,2
webis-touche2020,rr,10,0.01,weighted,136,751,0.07235664547302297,0.07235664547302297,0.07560535050049116,49,2
webis-touche2020,rr,10,0.01,active_judge,136,751,0.1521086543300209,0.07235664547302297,0.07560535050049116,49,2
webis-touche2020,rr,10,0.01,strat_pilot,136,751,0.07340750259733538,0.07235664547302297,0.07560535050049116,49,2
webis-touche2020,rr,10,0.01,weighted_cv,136,751,0.061513826436161344,0.07235664547302297,0.07560535050049116,49,2
webis-touche2020,rr,10,0.01,active_cv,136,751,0.11803887879019985,0.07235664547302297,0.07560535050049116,49,2
webis-touche2020,rr,10,0.01,weighted_cvl,136,751,0.05487377388338599,0.07235664547302297,0.07560535050049116,49,2
webis-touche2020,rr,10,0.01,uniform,137,752,0.0631605980608095,0.03305932121879597,0.040629900590527845,49,2
webis-touche2020,rr,10,0.01,uniform_nz,137,752,0.041850623649222846,0.03305932121879597,0.040629900590527845,49,2
webis-touche2020,rr,10,0.01,weighted,137,752,0.03305932121879597,0.03305932121879597,0.040629900590527845,49,2
webis-touche2020,rr,10,0.01,active_judge,137,752,0.07667335887270903,0.03305932121879597,0.040629900590527845,49,2
webis-touche2020,rr,10,0.01,strat_pilot,137,752,0.03363267724810863,0.03305932121879597,0.040629900590527845,49,2
webis-touche2020,rr,10,0.01,weighted_cv,137,752,0.029429832847016158,0.03305932121879597,0.040629900590527845,49,2
webis-touche2020,rr,10,0.01,active_cv,137,752,0.06363611397132371,0.03305932121879597,0.040629900590527845,49,2
webis-touche2020,rr,10,0.01,weighted_cvl,137,752,0.02823467948552602,0.03305932121879597,0.040629900590527845,49,2
webis-touche2020,rr,10,0.01,uniform,138,758,0.15338778229236655,0.04433133093462562,0.050651876878673875,49,2
webis-touche2020,rr,10,0.01,uniform_nz,138,758,0.07080355815019704,0.04433133093462562,0.050651876878673875,49,2
webis-touche2020,rr,10,0.01,weighted,138,758,0.04433133093462562,0.04433133093462562,0.050651876878673875,49,2
webis-touche2020,rr,10,0.01,active_judge,138,758,0.12689953412658983,0.04433133093462562,0.050651876878673875,49,2
webis-touche2020,rr,10,0.01,strat_pilot,138,758,0.04510510907910372,0.04433133093462562,0.050651876878673875,49,2
webis-touche2020,rr,10,0.01,weighted_cv,138,758,0.03368224653599662,0.04433133093462562,0.050651876878673875,49,2
webis-touche2020,rr,10,0.01,active_cv,138,758,0.052143783786401623,0.04433133093462562,0.050651876878673875,49,2
webis-touche2020,rr,10,0.01,weighted_cvl,138,758,0.03388083621703901,0.04433133093462562,0.050651876878673875,49,2
webis-touche2020,rr,10,0.01,uniform,139,759,0.06928972799138758,0.035387709528424814,0.06106628219138314,49,2
webis-touche2020,rr,10,0.01,uniform_nz,139,759,0.05413914950369777,0.035387709528424814,0.06106628219138314,49,2
webis-touche2020,rr,10,0.01,weighted,139,759,0.035387709528424814,0.035387709528424814,0.06106628219138314,49,2
webis-touche2020,rr,10,0.01,active_judge,139,759,0.09358123391874384,0.035387709528424814,0.06106628219138314,49,2
webis-touche2020,rr,10,0.01,strat_pilot,139,759,0.035967089691338175,0.035387709528424814,0.06106628219138314,49,2
webis-touche2020,rr,10,0.01,weighted_cv,139,759,0.029179037565306255,0.035387709528424814,0.06106628219138314,49,2
webis-touche2020,rr,10,0.01,active_cv,139,759,0.05301645919430133,0.035387709528424814,0.06106628219138314,49,2
webis-touche2020,rr,10,0.01,weighted_cvl,139,759,0.025953476939958607,0.035387709528424814,0.06106628219138314,49,2
webis-touche2020,rr,10,0.01,uniform,140,760,0.0648850797903535,0.03825774131947905,0.038086269227624044,49,2
webis-touche2020,rr,10,0.01,uniform_nz,140,760,0.04852702116951346,0.03825774131947905,0.038086269227624044,49,2
webis-touche2020,rr,10,0.01,weighted,140,760,0.03825774131947905,0.03825774131947905,0.038086269227624044,49,2
webis-touche2020,rr,10,0.01,active_judge,140,760,0.09344576141484115,0.03825774131947905,0.038086269227624044,49,2
webis-touche2020,rr,10,0.01,strat_pilot,140,760,0.03897082699424796,0.03825774131947905,0.038086269227624044,49,2
webis-touche2020,rr,10,0.01,weighted_cv,140,760,0.032741763951016356,0.03825774131947905,0.038086269227624044,49,2
webis-touche2020,rr,10,0.01,active_cv,140,760,0.06192126081909584,0.03825774131947905,0.038086269227624044,49,2
webis-touche2020,rr,10,0.01,weighted_cvl,140,760,0.03287289910157467,0.03825774131947905,0.038086269227624044,49,2
webis-touche2020,rr,10,0.01,uniform,141,753,0.16018806200505192,0.05502558271041188,0.06299926897596503,49,2
webis-touche2020,rr,10,0.01,uniform_nz,141,753,0.08092293151120404,0.05502558271041188,0.06299926897596503,49,2
webis-touche2020,rr,10,0.01,weighted,141,753,0.05502558271041188,0.05502558271041188,0.06299926897596503,49,2
webis-touche2020,rr,10,0.01,active_judge,141,753,0.14954955962316369,0.05502558271041188,0.06299926897596503,49,2
webis-touche2020,rr,10,0.01,strat_pilot,141,753,0.05616002358027702,0.05502558271041188,0.06299926897596503,49,2
webis-touche2020,rr,10,0.01,weighted_cv,141,753,0.042658523346981406,0.05502558271041188,0.06299926897596503,49,2
webis-touche2020,rr,10,0.01,active_cv,141,753,0.07444997254887983,0.05502558271041188,0.06299926897596503,49,2
webis-touche2020,rr,10,0.01,weighted_cvl,141,753,0.04057032375522034,0.05502558271041188,0.06299926897596503,49,2
webis-touche2020,rr,10,0.01,uniform,142,761,0.05835160731013665,0.034060776772781874,0.036874418337653626,49,2
webis-touche2020,rr,10,0.01,uniform_nz,142,761,0.04169728122855324,0.034060776772781874,0.036874418337653626,49,2
webis-touche2020,rr,10,0.01,weighted,142,761,0.034060776772781874,0.034060776772781874,0.036874418337653626,49,2
webis-touche2020,rr,10,0.01,active_judge,142,761,0.07858831685321281,0.034060776772781874,0.036874418337653626,49,2
webis-touche2020,rr,10,0.01,strat_pilot,142,761,0.034526851042185766,0.034060776772781874,0.036874418337653626,49,2
webis-touche2020,rr,10,0.01,weighted_cv,142,761,0.028519391717225485,0.034060776772781874,0.036874418337653626,49,2
webis-touche2020,rr,10,0.01,active_cv,142,761,0.0513902845879328,0.034060776772781874,0.036874418337653626,49,2
webis-touche2020,rr,10,0.01,weighted_cvl,142,761,0.027128431726381082,0.034060776772781874,0.036874418337653626,49,2
webis-touche2020,rr,10,0.01,uniform,143,759,0.057092576258651696,0.03136859118865345,0.028262319953967545,49,2
webis-touche2020,rr,10,0.01,uniform_nz,143,759,0.03810921524704596,0.03136859118865345,0.028262319953967545,49,2
webis-touche2020,rr,10,0.01,weighted,143,759,0.03136859118865345,0.03136859118865345,0.028262319953967545,49,2
webis-touche2020,rr,10,0.01,active_judge,143,759,0.07631162269445046,0.03136859118865345,0.028262319953967545,49,2
webis-touche2020,rr,10,0.01,strat_pilot,143,759,0.031890812197901575,0.03136859118865345,0.028262319953967545,49,2
webis-touche2020,rr,10,0.01,weighted_cv,143,759,0.027222916800683006,0.03136859118865345,0.028262319953967545,49,2
webis-touche2020,rr,10,0.01,active_cv,143,759,0.052611601097189584,0.03136859118865345,0.028262319953967545,49,2
webis-touche2020,rr,10,0.01,weighted_cvl,143,759,0.025223476871746427,0.03136859118865345,0.028262319953967545,49,2
webis-touche2020,rr,10,0.01,uniform,144,758,0.0814588423579167,0.04918055928619104,0.06158906278333523,49,2
webis-touche2020,rr,10,0.01,uniform_nz,144,758,0.07028431137886347,0.04918055928619104,0.06158906278333523,49,2
webis-touche2020,rr,10,0.01,weighted,144,758,0.04918055928619104,0.04918055928619104,0.06158906278333523,49,2
webis-touche2020,rr,10,0.01,active_judge,144,758,0.12458870723506492,0.04918055928619104,0.06158906278333523,49,2
webis-touche2020,rr,10,0.01,strat_pilot,144,758,0.049639854249297,0.04918055928619104,0.06158906278333523,49,2
webis-touche2020,rr,10,0.01,weighted_cv,144,758,0.04390531124231114,0.04918055928619104,0.06158906278333523,49,2
webis-touche2020,rr,10,0.01,active_cv,144,758,0.09869584305933383,0.04918055928619104,0.06158906278333523,49,2
webis-touche2020,rr,10,0.01,weighted_cvl,144,758,0.038028787579506125,0.04918055928619104,0.06158906278333523,49,2
webis-touche2020,rr,10,0.01,uniform,145,763,0.1431769112389183,0.046566137277037116,0.025705364709150545,49,2
webis-touche2020,rr,10,0.01,uniform_nz,145,763,0.07069217503590322,0.046566137277037116,0.025705364709150545,49,2
webis-touche2020,rr,10,0.01,weighted,145,763,0.046566137277037116,0.046566137277037116,0.025705364709150545,49,2
webis-touche2020,rr,10,0.01,active_judge,145,763,0.12684037675620127,0.046566137277037116,0.025705364709150545,49,2
webis-touche2020,rr,10,0.01,strat_pilot,145,763,0.04691770969695352,0.046566137277037116,0.025705364709150545,49,2
webis-touche2020,rr,10,0.01,weighted_cv,145,763,0.03680392523638504,0.046566137277037116,0.025705364709150545,49,2
webis-touche2020,rr,10,0.01,active_cv,145,763,0.08111029571700175,0.046566137277037116,0.025705364709150545,49,2
webis-touche2020,rr,10,0.01,weighted_cvl,145,763,0.03404410275811544,0.046566137277037116,0.025705364709150545,49,2
webis-touche2020,rr,10,0.01,uniform,146,758,0.10527811736080395,0.07754235078057706,0.10559240997915012,49,2
webis-touche2020,rr,10,0.01,uniform_nz,146,758,0.08859922791778532,0.07754235078057706,0.10559240997915012,49,2
webis-touche2020,rr,10,0.01,weighted,146,758,0.07754235078057706,0.07754235078057706,0.10559240997915012,49,2
webis-touche2020,rr,10,0.01,active_judge,146,758,0.16561430113196143,0.07754235078057706,0.10559240997915012,49,2
webis-touche2020,rr,10,0.01,strat_pilot,146,758,0.07811248422655119,0.07754235078057706,0.10559240997915012,49,2
webis-touche2020,rr,10,0.01,weighted_cv,146,758,0.06440163708189464,0.07754235078057706,0.10559240997915012,49,2
webis-touche2020,rr,10,0.01,active_cv,146,758,0.11599183440558854,0.07754235078057706,0.10559240997915012,49,2
webis-touche2020,rr,10,0.01,weighted_cvl,146,758,0.05998162116406126,0.07754235078057706,0.10559240997915012,49,2
webis-touche2020,rr,10,0.01,uniform,147,753,0.08853812182858421,0.04711737788773877,0.055135791523478285,49,2
webis-touche2020,rr,10,0.01,uniform_nz,147,753,0.065259734387433,0.04711737788773877,0.055135791523478285,49,2
webis-touche2020,rr,10,0.01,weighted,147,753,0.04711737788773877,0.04711737788773877,0.055135791523478285,49,2
webis-touche2020,rr,10,0.01,active_judge,147,753,0.11060336139491549,0.04711737788773877,0.055135791523478285,49,2
webis-touche2020,rr,10,0.01,strat_pilot,147,753,0.047810288947606944,0.04711737788773877,0.055135791523478285,49,2
webis-touche2020,rr,10,0.01,weighted_cv,147,753,0.040577479083499055,0.04711737788773877,0.055135791523478285,49,2
webis-touche2020,rr,10,0.01,active_cv,147,753,0.07933819839240051,0.04711737788773877,0.055135791523478285,49,2
webis-touche2020,rr,10,0.01,weighted_cvl,147,753,0.035868188214220456,0.04711737788773877,0.055135791523478285,49,2
webis-touche2020,rr,10,0.01,uniform,148,753,0.07953216328674802,0.03925603837696529,0.043304652385349654,49,2
webis-touche2020,rr,10,0.01,uniform_nz,148,753,0.057605805502467446,0.03925603837696529,0.043304652385349654,49,2
webis-touche2020,rr,10,0.01,weighted,148,753,0.03925603837696529,0.03925603837696529,0.043304652385349654,49,2
webis-touche2020,rr,10,0.01,active_judge,148,753,0.11101049276215018,0.03925603837696529,0.043304652385349654,49,2
webis-touche2020,rr,10,0.01,strat_pilot,148,753,0.04003434004851235,0.03925603837696529,0.043304652385349654,49,2
webis-touche2020,rr,10,0.01,weighted_cv,148,753,0.03469252246166329,0.03925603837696529,0.043304652385349654,49,2
webis-touche2020,rr,10,0.01,active_cv,148,753,0.0830650454772162,0.03925603837696529,0.043304652385349654,49,2
webis-touche2020,rr,10,0.01,weighted_cvl,148,753,0.030251670205435188,0.03925603837696529,0.043304652385349654,49,2
webis-touche2020,rr,10,0.01,uniform,149,747,0.07672992618160712,0.04612958289060535,0.030121297875857704,49,2
webis-touche2020,rr,10,0.01,uniform_nz,149,747,0.06433026468864035,0.04612958289060535,0.030121297875857704,49,2
webis-touche2020,rr,10,0.01,weighted,149,747,0.04612958289060535,0.04612958289060535,0.030121297875857704,49,2
webis-touche2020,rr,10,0.01,active_judge,149,747,0.1128518079929437,0.04612958289060535,0.030121297875857704,49,2
webis-touche2020,rr,10,0.01,strat_pilot,149,747,0.04641162096768695,0.04612958289060535,0.030121297875857704,49,2
webis-touche2020,rr,10,0.01,weighted_cv,149,747,0.04324026263098434,0.04612958289060535,0.030121297875857704,49,2
webis-touche2020,rr,10,0.01,active_cv,149,747,0.10352022595576596,0.04612958289060535,0.030121297875857704,49,2
webis-touche2020,rr,10,0.01,weighted_cvl,149,747,0.036249300798371575,0.04612958289060535,0.030121297875857704,49,2
webis-touche2020,rr,10,0.01,uniform,150,753,0.15462090611836304,0.05005826081851187,0.06941333798067542,49,2
webis-touche2020,rr,10,0.01,uniform_nz,150,753,0.0712292330076209,0.05005826081851187,0.06941333798067542,49,2
webis-touche2020,rr,10,0.01,weighted,150,753,0.05005826081851187,0.05005826081851187,0.06941333798067542,49,2
webis-touche2020,rr,10,0.01,active_judge,150,753,0.14177793347767859,0.05005826081851187,0.06941333798067542,49,2
webis-touche2020,rr,10,0.01,strat_pilot,150,753,0.0512987281671187,0.05005826081851187,0.06941333798067542,49,2
webis-touche2020,rr,10,0.01,weighted_cv,150,753,0.0387749246703334,0.05005826081851187,0.06941333798067542,49,2
webis-touche2020,rr,10,0.01,active_cv,150,753,0.06492340296632622,0.05005826081851187,0.06941333798067542,49,2
webis-touche2020,rr,10,0.01,weighted_cvl,150,753,0.035026129357981536,0.05005826081851187,0.06941333798067542,49,2
webis-touche2020,rr,10,0.01,uniform,151,760,0.1369501546855012,0.04440741620385223,0.04450617223769732,49,2
webis-touche2020,rr,10,0.01,uniform_nz,151,760,0.06692526665858427,0.04440741620385223,0.04450617223769732,49,2
webis-touche2020,rr,10,0.01,weighted,151,760,0.04440741620385223,0.04440741620385223,0.04450617223769732,49,2
webis-touche2020,rr,10,0.01,active_judge,151,760,0.12680441055706776,0.04440741620385223,0.04450617223769732,49,2
webis-touche2020,rr,10,0.01,strat_pilot,151,760,0.0449948419719559,0.04440741620385223,0.04450617223769732,49,2
webis-touche2020,rr,10,0.01,weighted_cv,151,760,0.03336998611055979,0.04440741620385223,0.04450617223769732,49,2
webis-touche2020,rr,10,0.01,active_cv,151,760,0.05221198682043067,0.04440741620385223,0.04450617223769732,49,2
webis-touche2020,rr,10,0.01,weighted_cvl,151,760,0.03134416829561317,0.04440741620385223,0.04450617223769732,49,2
webis-touche2020,rr,10,0.01,uniform,152,769,0.07416096100971933,0.04505463349866627,0.011225887330763493,49,2
webis-touche2020,rr,10,0.01,uniform_nz,152,769,0.058371056393076916,0.04505463349866627,0.011225887330763493,49,2
webis-touche2020,rr,10,0.01,weighted,152,769,0.04505463349866627,0.04505463349866627,0.011225887330763493,49,2
webis-touche2020,rr,10,0.01,active_judge,152,769,0.09568618933644599,0.04505463349866627,0.011225887330763493,49,2
webis-touche2020,rr,10,0.01,strat_pilot,152,769,0.04545820236563451,0.04505463349866627,0.011225887330763493,49,2
webis-touche2020,rr,10,0.01,weighted_cv,152,769,0.03927457569896634,0.04505463349866627,0.011225887330763493,49,2
webis-touche2020,rr,10,0.01,active_cv,152,769,0.08501252840167617,0.04505463349866627,0.011225887330763493,49,2
webis-touche2020,rr,10,0.01,weighted_cvl,152,769,0.039883863904214514,0.04505463349866627,0.011225887330763493,49,2
webis-touche2020,rr,10,0.01,uniform,153,747,0.06026873911493073,0.03347124514648777,0.05229551259427419,49,2
webis-touche2020,rr,10,0.01,uniform_nz,153,747,0.0411075544087484,0.03347124514648777,0.05229551259427419,49,2
webis-touche2020,rr,10,0.01,weighted,153,747,0.03347124514648777,0.03347124514648777,0.05229551259427419,49,2
webis-touche2020,rr,10,0.01,active_judge,153,747,0.06589057351712706,0.03347124514648777,0.05229551259427419,49,2
webis-touche2020,rr,10,0.01,strat_pilot,153,747,0.03413423729132207,0.03347124514648777,0.05229551259427419,49,2
webis-touche2020,rr,10,0.01,weighted_cv,153,747,0.028561590398833176,0.03347124514648777,0.05229551259427419,49,2
webis-touche2020,rr,10,0.01,active_cv,153,747,0.04929695645265177,0.03347124514648777,0.05229551259427419,49,2
webis-touche2020,rr,10,0.01,weighted_cvl,153,747,0.02685009233989455,0.03347124514648777,0.05229551259427419,49,2
webis-touche2020,rr,10,0.01,uniform,154,752,0.08511463542214935,0.047481863270638434,0.05039942270080917,49,2
webis-touche2020,rr,10,0.01,uniform_nz,154,752,0.06638860799856568,0.047481863270638434,0.05039942270080917,49,2
webis-touche2020,rr,10,0.01,weighted,154,752,0.047481863270638434,0.047481863270638434,0.05039942270080917,49,2
webis-touche2020,rr,10,0.01,active_judge,154,752,0.11704100311599416,0.047481863270638434,0.05039942270080917,49,2
webis-touche2020,rr,10,0.01,strat_pilot,154,752,0.04798628014254288,0.047481863270638434,0.05039942270080917,49,2
webis-touche2020,rr,10,0.01,weighted_cv,154,752,0.04105806660441884,0.047481863270638434,0.05039942270080917,49,2
webis-touche2020,rr,10,0.01,active_cv,154,752,0.08906862265937246,0.047481863270638434,0.05039942270080917,49,2
webis-touche2020,rr,10,0.01,weighted_cvl,154,752,0.03621425858991389,0.047481863270638434,0.05039942270080917,49,2
webis-touche2020,rr,10,0.01,uniform,155,767,0.08442295053340634,0.04431922568683668,0.021514405789964393,49,2
webis-touche2020,rr,10,0.01,uniform_nz,155,767,0.05536518212525514,0.04431922568683668,0.021514405789964393,49,2
webis-touche2020,rr,10,0.01,weighted,155,767,0.04431922568683668,0.04431922568683668,0.021514405789964393,49,2
webis-touche2020,rr,10,0.01,active_judge,155,767,0.10718097720323963,0.04431922568683668,0.021514405789964393,49,2
webis-touche2020,rr,10,0.01,strat_pilot,155,767,0.04478236356039727,0.04431922568683668,0.021514405789964393,49,2
webis-touche2020,rr,10,0.01,weighted_cv,155,767,0.03620747734358402,0.04431922568683668,0.021514405789964393,49,2
webis-touche2020,rr,10,0.01,active_cv,155,767,0.06221440662851575,0.04431922568683668,0.021514405789964393,49,2
webis-touche2020,rr,10,0.01,weighted_cvl,155,767,0.03371715628848954,0.04431922568683668,0.021514405789964393,49,2
webis-touche2020,rr,10,0.01,uniform,156,773,0.08282374308635623,0.047407159062157075,0.01749535208513536,49,0
webis-touche2020,rr,10,0.01,uniform_nz,156,773,0.06282061945253925,0.047407159062157075,0.01749535208513536,49,0
webis-touche2020,rr,10,0.01,weighted,156,773,0.047407159062157075,0.047407159062157075,0.01749535208513536,49,0
webis-touche2020,rr,10,0.01,active_judge,156,773,0.11797476529305714,0.047407159062157075,0.01749535208513536,49,0
webis-touche2020,rr,10,0.01,strat_pilot,156,773,0.0480267563300118,0.047407159062157075,0.01749535208513536,49,0
webis-touche2020,rr,10,0.01,weighted_cv,156,773,0.039589957184663974,0.047407159062157075,0.01749535208513536,49,0
webis-touche2020,rr,10,0.01,active_cv,156,773,0.08112885928206776,0.047407159062157075,0.01749535208513536,49,0
webis-touche2020,rr,10,0.01,weighted_cvl,156,773,0.0367116458193666,0.047407159062157075,0.01749535208513536,49,0
webis-touche2020,rr,10,0.01,uniform,157,753,0.09799409823118552,0.07509433355202147,0.10606661099389561,49,2
webis-touche2020,rr,10,0.01,uniform_nz,157,753,0.08503492349608024,0.07509433355202147,0.10606661099389561,49,2
webis-touche2020,rr,10,0.01,weighted,157,753,0.07509433355202147,0.07509433355202147,0.10606661099389561,49,2
webis-touche2020,rr,10,0.01,active_judge,157,753,0.17298752581578855,0.07509433355202147,0.10606661099389561,49,2
webis-touche2020,rr,10,0.01,strat_pilot,157,753,0.07654089314469646,0.07509433355202147,0.10606661099389561,49,2
webis-touche2020,rr,10,0.01,weighted_cv,157,753,0.06294756753794639,0.07509433355202147,0.10606661099389561,49,2
webis-touche2020,rr,10,0.01,active_cv,157,753,0.1270603585948089,0.07509433355202147,0.10606661099389561,49,2
webis-touche2020,rr,10,0.01,weighted_cvl,157,753,0.05689775540686996,0.07509433355202147,0.10606661099389561,49,2
webis-touche2020,rr,10,0.01,uniform,158,766,0.08397485167948428,0.04646261144510929,0.047358254638154365,49,2
webis-touche2020,rr,10,0.01,uniform_nz,158,766,0.06456584968145254,0.04646261144510929,0.047358254638154365,49,2
webis-touche2020,rr,10,0.01,weighted,158,766,0.04646261144510929,0.04646261144510929,0.047358254638154365,49,2
webis-touche2020,rr,10,0.01,active_judge,158,766,0.11942962551072248,0.04646261144510929,0.047358254638154365,49,2
webis-touche2020,rr,10,0.01,strat_pilot,158,766,0.04710557261365939,0.04646261144510929,0.047358254638154365,49,2
webis-touche2020,rr,10,0.01,weighted_cv,158,766,0.03958425363540885,0.04646261144510929,0.047358254638154365,49,2
webis-touche2020,rr,10,0.01,active_cv,158,766,0.09068102726905923,0.04646261144510929,0.047358254638154365,49,2
webis-touche2020,rr,10,0.01,weighted_cvl,158,766,0.035919416819378325,0.04646261144510929,0.047358254638154365,49,2
webis-touche2020,rr,10,0.01,uniform,159,755,0.1729214665668281,0.06510815422142344,0.0811189135511891,49,2
webis-touche2020,rr,10,0.01,uniform_nz,159,755,0.09753997463446953,0.06510815422142344,0.0811189135511891,49,2
webis-touche2020,rr,10,0.01,weighted,159,755,0.06510815422142344,0.06510815422142344,0.0811189135511891,49,2
webis-touche2020,rr,10,0.01,active_judge,159,755,0.2011008022422441,0.06510815422142344,0.0811189135511891,49,2
webis-touche2020,rr,10,0.01,strat_pilot,159,755,0.06668737277274062,0.06510815422142344,0.0811189135511891,49,2
webis-touche2020,rr,10,0.01,weighted_cv,159,755,0.051924754308104795,0.06510815422142344,0.0811189135511891,49,2
webis-touche2020,rr,10,0.01,active_cv,159,755,0.10176513642899263,0.06510815422142344,0.0811189135511891,49,2
webis-touche2020,rr,10,0.01,weighted_cvl,159,755,0.04570924545966284,0.06510815422142344,0.0811189135511891,49,2
webis-touche2020,rr,10,0.01,uniform,160,773,0.14722988352033517,0.03913387187019771,0.016889986327965865,49,0
webis-touche2020,rr,10,0.01,uniform_nz,160,773,0.061152717899045195,0.03913387187019771,0.016889986327965865,49,0
webis-touche2020,rr,10,0.01,weighted,160,773,0.03913387187019771,0.03913387187019771,0.016889986327965865,49,0
webis-touche2020,rr,10,0.01,active_judge,160,773,0.1116831818769787,0.03913387187019771,0.016889986327965865,49,0
webis-touche2020,rr,10,0.01,strat_pilot,160,773,0.03968596116873178,0.03913387187019771,0.016889986327965865,49,0
webis-touche2020,rr,10,0.01,weighted_cv,160,773,0.02890590534059494,0.03913387187019771,0.016889986327965865,49,0
webis-touche2020,rr,10,0.01,active_cv,160,773,0.04514428703743624,0.03913387187019771,0.016889986327965865,49,0
webis-touche2020,rr,10,0.01,weighted_cvl,160,773,0.028015004793324694,0.03913387187019771,0.016889986327965865,49,0
webis-touche2020,rr,10,0.01,uniform,161,764,0.08824242956441272,0.05336829419975535,0.03001183332927175,49,2
webis-touche2020,rr,10,0.01,uniform_nz,161,764,0.06270012391621368,0.05336829419975535,0.03001183332927175,49,2
webis-touche2020,rr,10,0.01,weighted,161,764,0.05336829419975535,0.05336829419975535,0.03001183332927175,49,2
webis-touche2020,rr,10,0.01,active_judge,161,764,0.12392180637155736,0.05336829419975535,0.03001183332927175,49,2
webis-touche2020,rr,10,0.01,strat_pilot,161,764,0.0536816750060342,0.05336829419975535,0.03001183332927175,49,2
webis-touche2020,rr,10,0.01,weighted_cv,161,764,0.04580920576516388,0.05336829419975535,0.03001183332927175,49,2
webis-touche2020,rr,10,0.01,active_cv,161,764,0.09498580562270213,0.05336829419975535,0.03001183332927175,49,2
webis-touche2020,rr,10,0.01,weighted_cvl,161,764,0.041917545626761074,0.05336829419975535,0.03001183332927175,49,2
webis-touche2020,rr,10,0.01,uniform,162,755,0.07639826440215573,0.03803307552723909,0.047633663849524,49,2
webis-touche2020,rr,10,0.01,uniform_nz,162,755,0.05865536944467953,0.03803307552723909,0.047633663849524,49,2
webis-touche2020,rr,10,0.01,weighted,162,755,0.03803307552723909,0.03803307552723909,0.047633663849524,49,2
webis-touche2020,rr,10,0.01,active_judge,162,755,0.10150042510998067,0.03803307552723909,0.047633663849524,49,2
webis-touche2020,rr,10,0.01,strat_pilot,162,755,0.039038360095448234,0.03803307552723909,0.047633663849524,49,2
webis-touche2020,rr,10,0.01,weighted_cv,162,755,0.03169784732060232,0.03803307552723909,0.047633663849524,49,2
webis-touche2020,rr,10,0.01,active_cv,162,755,0.06847675233891531,0.03803307552723909,0.047633663849524,49,2
webis-touche2020,rr,10,0.01,weighted_cvl,162,755,0.028292739536645666,0.03803307552723909,0.047633663849524,49,2
webis-touche2020,rr,10,0.01,uniform,163,769,0.09341942534737219,0.04887671438244018,0.07284675133088443,49,2
webis-touche2020,rr,10,0.01,uniform_nz,163,769,0.06671447869301797,0.04887671438244018,0.07284675133088443,49,2
webis-touche2020,rr,10,0.01,weighted,163,769,0.04887671438244018,0.04887671438244018,0.07284675133088443,49,2
webis-touche2020,rr,10,0.01,active_judge,163,769,0.12769829564239094,0.04887671438244018,0.07284675133088443,49,2
webis-touche2020,rr,10,0.01,strat_pilot,163,769,0.0496406302819844,0.04887671438244018,0.07284675133088443,49,2
webis-touche2020,rr,10,0.01,weighted_cv,163,769,0.04136672843129913,0.04887671438244018,0.07284675133088443,49,2
webis-touche2020,rr,10,0.01,active_cv,163,769,0.08340427516313038,0.04887671438244018,0.07284675133088443,49,2
webis-touche2020,rr,10,0.01,weighted_cvl,163,769,0.038157257353861426,0.04887671438244018,0.07284675133088443,49,2
webis-touche2020,rr,10,0.01,uniform,164,740,0.13397510262168028,0.037166979930324376,0.0110985066132125,49,0
webis-touche2020,rr,10,0.01,uniform_nz,164,740,0.055650531118250524,0.037166979930324376,0.0110985066132125,49,0
webis-touche2020,rr,10,0.01,weighted,164,740,0.037166979930324376,0.037166979930324376,0.0110985066132125,49,0
webis-touche2020,rr,10,0.01,active_judge,164,740,0.09653220566506515,0.037166979930324376,0.0110985066132125,49,0
webis-touche2020,rr,10,0.01,strat_pilot,164,740,0.037419665019238976,0.037166979930324376,0.0110985066132125,49,0
webis-touche2020,rr,10,0.01,weighted_cv,164,740,0.029082238078799887,0.037166979930324376,0.0110985066132125,49,0
webis-touche2020,rr,10,0.01,active_cv,164,740,0.0537489117100438,0.037166979930324376,0.0110985066132125,49,0
webis-touche2020,rr,10,0.01,weighted_cvl,164,740,0.02780924985547788,0.037166979930324376,0.0110985066132125,49,0
webis-touche2020,rr,10,0.01,uniform,165,775,0.08445066000982457,0.060298432095877985,0.05938143338952667,49,2
webis-touche2020,rr,10,0.01,uniform_nz,165,775,0.07202470976327902,0.060298432095877985,0.05938143338952667,49,2
webis-touche2020,rr,10,0.01,weighted,165,775,0.060298432095877985,0.060298432095877985,0.05938143338952667,49,2
webis-touche2020,rr,10,0.01,active_judge,165,775,0.12945509788024684,0.060298432095877985,0.05938143338952667,49,2
webis-touche2020,rr,10,0.01,strat_pilot,165,775,0.06077416723245479,0.060298432095877985,0.05938143338952667,49,2
webis-touche2020,rr,10,0.01,weighted_cv,165,775,0.055468888109675096,0.060298432095877985,0.05938143338952667,49,2
webis-touche2020,rr,10,0.01,active_cv,165,775,0.13021375927233797,0.060298432095877985,0.05938143338952667,49,2
webis-touche2020,rr,10,0.01,weighted_cvl,165,775,0.050663538978826514,0.060298432095877985,0.05938143338952667,49,2
webis-touche2020,rr,10,0.01,uniform,166,754,0.0699230072926687,0.03737369077230622,0.04780227674665014,49,2
webis-touche2020,rr,10,0.01,uniform_nz,166,754,0.04831771457502471,0.03737369077230622,0.04780227674665014,49,2
webis-touche2020,rr,10,0.01,weighted,166,754,0.03737369077230622,0.03737369077230622,0.04780227674665014,49,2
webis-touche2020,rr,10,0.01,active_judge,166,754,0.09174219870101584,0.03737369077230622,0.04780227674665014,49,2
webis-touche2020,rr,10,0.01,strat_pilot,166,754,0.03860953124017023,0.03737369077230622,0.04780227674665014,49,2
webis-touche2020,rr,10,0.01,weighted_cv,166,754,0.030396851458771513,0.03737369077230622,0.04780227674665014,49,2
webis-touche2020,rr,10,0.01,active_cv,166,754,0.059225047813214825,0.03737369077230622,0.04780227674665014,49,2
webis-touche2020,rr,10,0.01,weighted_cvl,166,754,0.02874232160658438,0.03737369077230622,0.04780227674665014,49,2
webis-touche2020,rr,10,0.01,uniform,167,752,0.17262718985055764,0.05543392333863402,0.06293849688771616,49,2
webis-touche2020,rr,10,0.01,uniform_nz,167,752,0.08991825115186713,0.05543392333863402,0.06293849688771616,49,2
webis-touche2020,rr,10,0.01,weighted,167,752,0.05543392333863402,0.05543392333863402,0.06293849688771616,49,2
webis-touche2020,rr,10,0.01,active_judge,167,752,0.16229340308245793,0.05543392333863402,0.06293849688771616,49,2
webis-touche2020,rr,10,0.01,strat_pilot,167,752,0.05636773847501081,0.05543392333863402,0.06293849688771616,49,2
webis-touche2020,rr,10,0.01,weighted_cv,167,752,0.04502643743190661,0.05543392333863402,0.06293849688771616,49,2
webis-touche2020,rr,10,0.01,active_cv,167,752,0.09619057456641444,0.05543392333863402,0.06293849688771616,49,2
webis-touche2020,rr,10,0.01,weighted_cvl,167,752,0.039134075675234484,0.05543392333863402,0.06293849688771616,49,2
webis-touche2020,rr,10,0.01,uniform,168,759,0.08258035854072496,0.05521671406900837,0.06506057186707341,49,2
webis-touche2020,rr,10,0.01,uniform_nz,168,759,0.07397324953591138,0.05521671406900837,0.06506057186707341,49,2
webis-touche2020,rr,10,0.01,weighted,168,759,0.05521671406900837,0.05521671406900837,0.06506057186707341,49,2
webis-touche2020,rr,10,0.01,active_judge,168,759,0.14043640204798874,0.05521671406900837,0.06506057186707341,49,2
webis-touche2020,rr,10,0.01,strat_pilot,168,759,0.05630029844155815,0.05521671406900837,0.06506057186707341,49,2
webis-touche2020,rr,10,0.01,weighted_cv,168,759,0.04773631289111404,0.05521671406900837,0.06506057186707341,49,2
webis-touche2020,rr,10,0.01,active_cv,168,759,0.09259812983250518,0.05521671406900837,0.06506057186707341,49,2
webis-touche2020,rr,10,0.01,weighted_cvl,168,759,0.042196817236335706,0.05521671406900837,0.06506057186707341,49,2
webis-touche2020,rr,10,0.01,uniform,169,746,0.09108595575227255,0.06040452695773939,0.05478091365978363,49,2
webis-touche2020,rr,10,0.01,uniform_nz,169,746,0.07204065548812466,0.06040452695773939,0.05478091365978363,49,2
webis-touche2020,rr,10,0.01,weighted,169,746,0.06040452695773939,0.06040452695773939,0.05478091365978363,49,2
webis-touche2020,rr,10,0.01,active_judge,169,746,0.14772115497505228,0.06040452695773939,0.05478091365978363,49,2
webis-touche2020,rr,10,0.01,strat_pilot,169,746,0.06133631111341401,0.06040452695773939,0.05478091365978363,49,2
webis-touche2020,rr,10,0.01,weighted_cv,169,746,0.05257888142631055,0.06040452695773939,0.05478091365978363,49,2
webis-touche2020,rr,10,0.01,active_cv,169,746,0.11494399785482116,0.06040452695773939,0.05478091365978363,49,2
webis-touche2020,rr,10,0.01,weighted_cvl,169,746,0.04867616528482714,0.06040452695773939,0.05478091365978363,49,2
webis-touche2020,rr,10,0.01,uniform,170,761,0.08782637064372738,0.05133752263153611,0.046719520341087846,49,2
webis-touche2020,rr,10,0.01,uniform_nz,170,761,0.07255400563048053,0.05133752263153611,0.046719520341087846,49,2
webis-touche2020,rr,10,0.01,weighted,170,761,0.05133752263153611,0.05133752263153611,0.046719520341087846,49,2
webis-touche2020,rr,10,0.01,active_judge,170,761,0.12865860590366332,0.05133752263153611,0.046719520341087846,49,2
webis-touche2020,rr,10,0.01,strat_pilot,170,761,0.051713417106711825,0.05133752263153611,0.046719520341087846,49,2
webis-touche2020,rr,10,0.01,weighted_cv,170,761,0.049260052543624255,0.05133752263153611,0.046719520341087846,49,2
webis-touche2020,rr,10,0.01,active_cv,170,761,0.12658032150525853,0.05133752263153611,0.046719520341087846,49,2
webis-touche2020,rr,10,0.01,weighted_cvl,170,761,0.042786287192238925,0.05133752263153611,0.046719520341087846,49,2
webis-touche2020,rr,10,0.01,uniform,171,766,0.09725026612208201,0.0575997848879886,0.0842718545214675,49,2
webis-touche2020,rr,10,0.01,uniform_nz,171,766,0.07710731729738936,0.0575997848879886,0.0842718545214675,49,2
webis-touche2020,rr,10,0.01,weighted,171,766,0.0575997848879886,0.0575997848879886,0.0842718545214675,49,2
webis-touche2020,rr,10,0.01,active_judge,171,766,0.1423955959457376,0.0575997848879886,0.0842718545214675,49,2
webis-touche2020,rr,10,0.01,strat_pilot,171,766,0.05894021415871774,0.0575997848879886,0.0842718545214675,49,2
webis-touche2020,rr,10,0.01,weighted_cv,171,766,0.05022690024079248,0.0575997848879886,0.0842718545214675,49,2
webis-touche2020,rr,10,0.01,active_cv,171,766,0.10164413431010808,0.0575997848879886,0.0842718545214675,49,2
webis-touche2020,rr,10,0.01,weighted_cvl,171,766,0.044626961892761795,0.0575997848879886,0.0842718545214675,49,2
webis-touche2020,rr,10,0.01,uniform,172,755,0.09153113655146783,0.051752840908844557,0.05931333023004177,49,2
webis-touche2020,rr,10,0.01,uniform_nz,172,755,0.07008260052995505,0.051752840908844557,0.05931333023004177,49,2
webis-touche2020,rr,10,0.01,weighted,172,755,0.051752840908844557,0.051752840908844557,0.05931333023004177,49,2
webis-touche2020,rr,10,0.01,active_judge,172,755,0.13718535330171194,0.051752840908844557,0.05931333023004177,49,2
webis-touche2020,rr,10,0.01,strat_pilot,172,755,0.05303004767852097,0.051752840908844557,0.05931333023004177,49,2
webis-touche2020,rr,10,0.01,weighted_cv,172,755,0.044393716207468736,0.051752840908844557,0.05931333023004177,49,2
webis-touche2020,rr,10,0.01,active_cv,172,755,0.08999090431227122,0.051752840908844557,0.05931333023004177,49,2
webis-touche2020,rr,10,0.01,weighted_cvl,172,755,0.039216769731310455,0.051752840908844557,0.05931333023004177,49,2
webis-touche2020,rr,10,0.01,uniform,173,761,0.11221690704780607,0.07863110902730727,0.0746483729266111,49,2
webis-touche2020,rr,10,0.01,uniform_nz,173,761,0.08641023227519595,0.07863110902730727,0.0746483729266111,49,2
webis-touche2020,rr,10,0.01,weighted,173,761,0.07863110902730727,0.07863110902730727,0.0746483729266111,49,2
webis-touche2020,rr,10,0.01,active_judge,173,761,0.1614306173840042,0.07863110902730727,0.0746483729266111,49,2
webis-touche2020,rr,10,0.01,strat_pilot,173,761,0.07933210368947437,0.07863110902730727,0.0746483729266111,49,2
webis-touche2020,rr,10,0.01,weighted_cv,173,761,0.06851306064865187,0.07863110902730727,0.0746483729266111,49,2
webis-touche2020,rr,10,0.01,active_cv,173,761,0.13141638783865872,0.07863110902730727,0.0746483729266111,49,2
webis-touche2020,rr,10,0.01,weighted_cvl,173,761,0.061120747834735575,0.07863110902730727,0.0746483729266111,49,2
webis-touche2020,rr,10,0.01,uniform,174,745,0.1723210597026743,0.06284686928514978,0.068562360482555,49,2
webis-touche2020,rr,10,0.01,uniform_nz,174,745,0.09956488114380029,0.06284686928514978,0.068562360482555,49,2
webis-touche2020,rr,10,0.01,weighted,174,745,0.06284686928514978,0.06284686928514978,0.068562360482555,49,2
webis-touche2020,rr,10,0.01,active_judge,174,745,0.19211638255385408,0.06284686928514978,0.068562360482555,49,2
webis-touche2020,rr,10,0.01,strat_pilot,174,745,0.0648376254490679,0.06284686928514978,0.068562360482555,49,2
webis-touche2020,rr,10,0.01,weighted_cv,174,745,0.047360620108861995,0.06284686928514978,0.068562360482555,49,2
webis-touche2020,rr,10,0.01,active_cv,174,745,0.09292359050963078,0.06284686928514978,0.068562360482555,49,2
webis-touche2020,rr,10,0.01,weighted_cvl,174,745,0.042939434063153946,0.06284686928514978,0.068562360482555,49,2
webis-touche2020,rr,10,0.01,uniform,175,749,0.07490822947166602,0.04227028943093668,0.06563879857958806,49,2
webis-touche2020,rr,10,0.01,uniform_nz,175,749,0.058634443819381855,0.04227028943093668,0.06563879857958806,49,2
webis-touche2020,rr,10,0.01,weighted,175,749,0.04227028943093668,0.04227028943093668,0.06563879857958806,49,2
webis-touche2020,rr,10,0.01,active_judge,175,749,0.11837226020891937,0.04227028943093668,0.06563879857958806,49,2
webis-touche2020,rr,10,0.01,strat_pilot,175,749,0.04363215461544541,0.04227028943093668,0.06563879857958806,49,2
webis-touche2020,rr,10,0.01,weighted_cv,175,749,0.03406644320878647,0.04227028943093668,0.06563879857958806,49,2
webis-touche2020,rr,10,0.01,active_cv,175,749,0.0743239499458322,0.04227028943093668,0.06563879857958806,49,2
webis-touche2020,rr,10,0.01,weighted_cvl,175,749,0.03184297619315259,0.04227028943093668,0.06563879857958806,49,2
webis-touche2020,rr,10,0.01,uniform,176,764,0.08938420766336712,0.05143408174487889,0.05213386851889679,49,2
webis-touche2020,rr,10,0.01,uniform_nz,176,764,0.06550262912521189,0.05143408174487889,0.05213386851889679,49,2
webis-touche2020,rr,10,0.01,weighted,176,764,0.05143408174487889,0.05143408174487889,0.05213386851889679,49,2
webis-touche2020,rr,10,0.01,active_judge,176,764,0.11515975183057595,0.05143408174487889,0.05213386851889679,49,2
webis-touche2020,rr,10,0.01,strat_pilot,176,764,0.05199355429907752,0.05143408174487889,0.05213386851889679,49,2
webis-touche2020,rr,10,0.01,weighted_cv,176,764,0.04482616618742068,0.05143408174487889,0.05213386851889679,49,2
webis-touche2020,rr,10,0.01,active_cv,176,764,0.10376795772023988,0.05143408174487889,0.05213386851889679,49,2
webis-touche2020,rr,10,0.01,weighted_cvl,176,764,0.04236962614290418,0.05143408174487889,0.05213386851889679,49,2
webis-touche2020,rr,10,0.01,uniform,177,755,0.08490030295050169,0.0630999052141939,0.10310347943442529,49,2
webis-touche2020,rr,10,0.01,uniform_nz,177,755,0.07184446049311921,0.0630999052141939,0.10310347943442529,49,2
webis-touche2020,rr,10,0.01,weighted,177,755,0.0630999052141939,0.0630999052141939,0.10310347943442529,49,2
webis-touche2020,rr,10,0.01,active_judge,177,755,0.14670672799075352,0.0630999052141939,0.10310347943442529,49,2
webis-touche2020,rr,10,0.01,strat_pilot,177,755,0.06464888494490846,0.0630999052141939,0.10310347943442529,49,2
webis-touche2020,rr,10,0.01,weighted_cv,177,755,0.05784210708457491,0.0630999052141939,0.10310347943442529,49,2
webis-touche2020,rr,10,0.01,active_cv,177,755,0.12846410503906713,0.0630999052141939,0.10310347943442529,49,2
webis-touche2020,rr,10,0.01,weighted_cvl,177,755,0.05215054590613066,0.0630999052141939,0.10310347943442529,49,2
webis-touche2020,rr,10,0.01,uniform,178,749,0.05253012301733674,0.03137686320517298,0.03883844418134026,49,2
webis-touche2020,rr,10,0.01,uniform_nz,178,749,0.03848284249208844,0.03137686320517298,0.03883844418134026,49,2
webis-touche2020,rr,10,0.01,weighted,178,749,0.03137686320517298,0.03137686320517298,0.03883844418134026,49,2
webis-touche2020,rr,10,0.01,active_judge,178,749,0.07492251356374449,0.03137686320517298,0.03883844418134026,49,2
webis-touche2020,rr,10,0.01,strat_pilot,178,749,0.03192597246408872,0.03137686320517298,0.03883844418134026,49,2
webis-touche2020,rr,10,0.01,weighted_cv,178,749,0.028404276234308766,0.03137686320517298,0.03883844418134026,49,2
webis-touche2020,rr,10,0.01,active_cv,178,749,0.06050067483880779,0.03137686320517298,0.03883844418134026,49,2
webis-touche2020,rr,10,0.01,weighted_cvl,178,749,0.026221766822255993,0.03137686320517298,0.03883844418134026,49,2
webis-touche2020,rr,10,0.01,uniform,179,750,0.16474438784585363,0.05181127120079772,0.06357197841842478,49,2
webis-touche2020,rr,10,0.01,uniform_nz,179,750,0.08238421745838005,0.05181127120079772,0.06357197841842478,49,2
webis-touche2020,rr,10,0.01,weighted,179,750,0.05181127120079772,0.05181127120079772,0.06357197841842478,49,2
webis-touche2020,rr,10,0.01,active_judge,179,750,0.16463881949328443,0.05181127120079772,0.06357197841842478,49,2
webis-touche2020,rr,10,0.01,strat_pilot,179,750,0.05267171044692576,0.05181127120079772,0.06357197841842478,49,2
webis-touche2020,rr,10,0.01,weighted_cv,179,750,0.03794634643562569,0.05181127120079772,0.06357197841842478,49,2
webis-touche2020,rr,10,0.01,active_cv,179,750,0.07492589526268094,0.05181127120079772,0.06357197841842478,49,2
webis-touche2020,rr,10,0.01,weighted_cvl,179,750,0.034792469906772774,0.05181127120079772,0.06357197841842478,49,2
webis-touche2020,rr,10,0.01,uniform,180,759,0.08816173983656624,0.05424501712617865,0.07610587016344854,49,2
webis-touche2020,rr,10,0.01,uniform_nz,180,759,0.07385944354632731,0.05424501712617865,0.07610587016344854,49,2
webis-touche2020,rr,10,0.01,weighted,180,759,0.05424501712617865,0.05424501712617865,0.07610587016344854,49,2
webis-touche2020,rr,10,0.01,active_judge,180,759,0.13569645466473054,0.05424501712617865,0.07610587016344854,49,2
webis-touche2020,rr,10,0.01,strat_pilot,180,759,0.05571313097147721,0.05424501712617865,0.07610587016344854,49,2
webis-touche2020,rr,10,0.01,weighted_cv,180,759,0.04723035707698513,0.05424501712617865,0.07610587016344854,49,2
webis-touche2020,rr,10,0.01,active_cv,180,759,0.09557783886763915,0.05424501712617865,0.07610587016344854,49,2
webis-touche2020,rr,10,0.01,weighted_cvl,180,759,0.04235853554721497,0.05424501712617865,0.07610587016344854,49,2
webis-touche2020,rr,10,0.01,uniform,181,745,0.058207845720676984,0.03746381494328645,0.048202600823444804,49,2
webis-touche2020,rr,10,0.01,uniform_nz,181,745,0.04566617585683086,0.03746381494328645,0.048202600823444804,49,2
webis-touche2020,rr,10,0.01,weighted,181,745,0.03746381494328645,0.03746381494328645,0.048202600823444804,49,2
webis-touche2020,rr,10,0.01,active_judge,181,745,0.0866111524316718,0.03746381494328645,0.048202600823444804,49,2
webis-touche2020,rr,10,0.01,strat_pilot,181,745,0.03843919402753373,0.03746381494328645,0.048202600823444804,49,2
webis-touche2020,rr,10,0.01,weighted_cv,181,745,0.029715620429228196,0.03746381494328645,0.048202600823444804,49,2
webis-touche2020,rr,10,0.01,active_cv,181,745,0.05121428801415231,0.03746381494328645,0.048202600823444804,49,2
webis-touche2020,rr,10,0.01,weighted_cvl,181,745,0.02763356840217427,0.03746381494328645,0.048202600823444804,49,2
webis-touche2020,rr,10,0.01,uniform,182,772,0.15786699238558458,0.06098638007745103,0.0535150729473485,49,2
webis-touche2020,rr,10,0.01,uniform_nz,182,772,0.08479625967654467,0.06098638007745103,0.0535150729473485,49,2
webis-touche2020,rr,10,0.01,weighted,182,772,0.06098638007745103,0.06098638007745103,0.0535150729473485,49,2
webis-touche2020,rr,10,0.01,active_judge,182,772,0.16251747953754217,0.06098638007745103,0.0535150729473485,49,2
webis-touche2020,rr,10,0.01,strat_pilot,182,772,0.06176560263270858,0.06098638007745103,0.0535150729473485,49,2
webis-touche2020,rr,10,0.01,weighted_cv,182,772,0.0467172757332189,0.06098638007745103,0.0535150729473485,49,2
webis-touche2020,rr,10,0.01,active_cv,182,772,0.07474396243830175,0.06098638007745103,0.0535150729473485,49,2
webis-touche2020,rr,10,0.01,weighted_cvl,182,772,0.04371144442606393,0.06098638007745103,0.0535150729473485,49,2
webis-touche2020,rr,10,0.01,uniform,183,759,0.05321648244802681,0.030091836646343045,0.012729478124214967,49,0
webis-touche2020,rr,10,0.01,uniform_nz,183,759,0.0381552607528724,0.030091836646343045,0.012729478124214967,49,0
webis-touche2020,rr,10,0.01,weighted,183,759,0.030091836646343045,0.030091836646343045,0.012729478124214967,49,0
webis-touche2020,rr,10,0.01,active_judge,183,759,0.06796601991741082,0.030091836646343045,0.012729478124214967,49,0
webis-touche2020,rr,10,0.01,strat_pilot,183,759,0.029645391187209175,0.030091836646343045,0.012729478124214967,49,0
webis-touche2020,rr,10,0.01,weighted_cv,183,759,0.024559156867528353,0.030091836646343045,0.012729478124214967,49,0
webis-touche2020,rr,10,0.01,active_cv,183,759,0.05112120612935894,0.030091836646343045,0.012729478124214967,49,0
webis-touche2020,rr,10,0.01,weighted_cvl,183,759,0.025322053930854637,0.030091836646343045,0.012729478124214967,49,0
webis-touche2020,rr,10,0.01,uniform,184,755,0.169217502531895,0.0714811627161687,0.09297109437353751,49,2
webis-touche2020,rr,10,0.01,uniform_nz,184,755,0.1129163086808039,0.0714811627161687,0.09297109437353751,49,2
webis-touche2020,rr,10,0.01,weighted,184,755,0.0714811627161687,0.0714811627161687,0.09297109437353751,49,2
webis-touche2020,rr,10,0.01,active_judge,184,755,0.20470574574409417,0.0714811627161687,0.09297109437353751,49,2
webis-touche2020,rr,10,0.01,strat_pilot,184,755,0.072697005317443,0.0714811627161687,0.09297109437353751,49,2
webis-touche2020,rr,10,0.01,weighted_cv,184,755,0.05549639869581766,0.0714811627161687,0.09297109437353751,49,2
webis-touche2020,rr,10,0.01,active_cv,184,755,0.09734809433889027,0.0714811627161687,0.09297109437353751,49,2
webis-touche2020,rr,10,0.01,weighted_cvl,184,755,0.0512660391976069,0.0714811627161687,0.09297109437353751,49,2
webis-touche2020,rr,10,0.01,uniform,185,781,0.10066094454451653,0.062324556739997684,0.05797896280133121,49,2
webis-touche2020,rr,10,0.01,uniform_nz,185,781,0.08341389462388443,0.062324556739997684,0.05797896280133121,49,2
webis-touche2020,rr,10,0.01,weighted,185,781,0.062324556739997684,0.062324556739997684,0.05797896280133121,49,2
webis-touche2020,rr,10,0.01,active_judge,185,781,0.14314343447082528,0.062324556739997684,0.05797896280133121,49,2
webis-touche2020,rr,10,0.01,strat_pilot,185,781,0.06350903205374972,0.062324556739997684,0.05797896280133121,49,2
webis-touche2020,rr,10,0.01,weighted_cv,185,781,0.055455047485996965,0.062324556739997684,0.05797896280133121,49,2
webis-touche2020,rr,10,0.01,active_cv,185,781,0.11486114586251268,0.062324556739997684,0.05797896280133121,49,2
webis-touche2020,rr,10,0.01,weighted_cvl,185,781,0.049327934132816206,0.062324556739997684,0.05797896280133121,49,2
webis-touche2020,rr,10,0.01,uniform,186,761,0.06117488992828024,0.032098116489144936,0.020035143133440347,49,0
webis-touche2020,rr,10,0.01,uniform_nz,186,761,0.04549185835879961,0.032098116489144936,0.020035143133440347,49,0
webis-touche2020,rr,10,0.01,weighted,186,761,0.032098116489144936,0.032098116489144936,0.020035143133440347,49,0
webis-touche2020,rr,10,0.01,active_judge,186,761,0.07418723961521072,0.032098116489144936,0.020035143133440347,49,0
webis-touche2020,rr,10,0.01,strat_pilot,186,761,0.0326920897409864,0.032098116489144936,0.020035143133440347,49,0
webis-touche2020,rr,10,0.01,weighted_cv,186,761,0.026522464845460714,0.032098116489144936,0.020035143133440347,49,0
webis-touche2020,rr,10,0.01,active_cv,186,761,0.04927902042070158,0.032098116489144936,0.020035143133440347,49,0
webis-touche2020,rr,10,0.01,weighted_cvl,186,761,0.02409522122445939,0.032098116489144936,0.020035143133440347,49,0
webis-touche2020,rr,10,0.01,uniform,187,763,0.0659645174960037,0.03694240356458186,0.0534842004973584,49,2
webis-touche2020,rr,10,0.01,uniform_nz,187,763,0.05336679304818126,0.03694240356458186,0.0534842004973584,49,2
webis-touche2020,rr,10,0.01,weighted,187,763,0.03694240356458186,0.03694240356458186,0.0534842004973584,49,2
webis-touche2020,rr,10,0.01,active_judge,187,763,0.09296480736789103,0.03694240356458186,0.0534842004973584,49,2
webis-touche2020,rr,10,0.01,strat_pilot,187,763,0.03747108191892811,0.03694240356458186,0.0534842004973584,49,2
webis-touche2020,rr,10,0.01,weighted_cv,187,763,0.03179969780025991,0.03694240356458186,0.0534842004973584,49,2
webis-touche2020,rr,10,0.01,active_cv,187,763,0.06738083801422953,0.03694240356458186,0.0534842004973584,49,2
webis-touche2020,rr,10,0.01,weighted_cvl,187,763,0.027930970578228888,0.03694240356458186,0.0534842004973584,49,2
webis-touche2020,rr,10,0.01,uniform,188,750,0.10147161066058437,0.05948718963346963,0.06607998245180234,49,2
webis-touche2020,rr,10,0.01,uniform_nz,188,750,0.08153943902224256,0.05948718963346963,0.06607998245180234,49,2
webis-touche2020,rr,10,0.01,weighted,188,750,0.05948718963346963,0.05948718963346963,0.06607998245180234,49,2
webis-touche2020,rr,10,0.01,active_judge,188,750,0.1456493085332043,0.05948718963346963,0.06607998245180234,49,2
webis-touche2020,rr,10,0.01,strat_pilot,188,750,0.06074853645320889,0.05948718963346963,0.06607998245180234,49,2
webis-touche2020,rr,10,0.01,weighted_cv,188,750,0.05272691994418689,0.05948718963346963,0.06607998245180234,49,2
webis-touche2020,rr,10,0.01,active_cv,188,750,0.12396145719128918,0.05948718963346963,0.06607998245180234,49,2
webis-touche2020,rr,10,0.01,weighted_cvl,188,750,0.046460371279130705,0.05948718963346963,0.06607998245180234,49,2
webis-touche2020,rr,10,0.01,uniform,189,781,0.16524823991375506,0.061661762010014456,0.03924039367924817,49,2
webis-touche2020,rr,10,0.01,uniform_nz,189,781,0.09123501799042741,0.061661762010014456,0.03924039367924817,49,2
webis-touche2020,rr,10,0.01,weighted,189,781,0.061661762010014456,0.061661762010014456,0.03924039367924817,49,2
webis-touche2020,rr,10,0.01,active_judge,189,781,0.145611682117265,0.061661762010014456,0.03924039367924817,49,2
webis-touche2020,rr,10,0.01,strat_pilot,189,781,0.06231578056595076,0.061661762010014456,0.03924039367924817,49,2
webis-touche2020,rr,10,0.01,weighted_cv,189,781,0.04801243816348465,0.061661762010014456,0.03924039367924817,49,2
webis-touche2020,rr,10,0.01,active_cv,189,781,0.09701724526886353,0.061661762010014456,0.03924039367924817,49,2
webis-touche2020,rr,10,0.01,weighted_cvl,189,781,0.045276830809489646,0.061661762010014456,0.03924039367924817,49,2
webis-touche2020,rr,10,0.01,uniform,190,761,0.15356902022752317,0.049194933831380475,0.04688127492848855,49,2
webis-touche2020,rr,10,0.01,uniform_nz,190,761,0.0825188793905814,0.049194933831380475,0.04688127492848855,49,2
webis-touche2020,rr,10,0.01,weighted,190,761,0.049194933831380475,0.049194933831380475,0.04688127492848855,49,2
webis-touche2020,rr,10,0.01,active_judge,190,761,0.15112565442869988,0.049194933831380475,0.04688127492848855,49,2
webis-touche2020,rr,10,0.01,strat_pilot,190,761,0.04974051706148197,0.049194933831380475,0.04688127492848855,49,2
webis-touche2020,rr,10,0.01,weighted_cv,190,761,0.03549341947834232,0.049194933831380475,0.04688127492848855,49,2
webis-touche2020,rr,10,0.01,active_cv,190,761,0.05856031051727225,0.049194933831380475,0.04688127492848855,49,2
webis-touche2020,rr,10,0.01,weighted_cvl,190,761,0.03366402981153177,0.049194933831380475,0.04688127492848855,49,2
webis-touche2020,rr,10,0.01,uniform,191,767,0.1475915131603795,0.045624270291635495,0.0600784143803729,49,2
webis-touche2020,rr,10,0.01,uniform_nz,191,767,0.0714002607511075,0.045624270291635495,0.0600784143803729,49,2
webis-touche2020,rr,10,0.01,weighted,191,767,0.045624270291635495,0.045624270291635495,0.0600784143803729,49,2
webis-touche2020,rr,10,0.01,active_judge,191,767,0.11846304006399429,0.045624270291635495,0.0600784143803729,49,2
webis-touche2020,rr,10,0.01,strat_pilot,191,767,0.04651754369942376,0.045624270291635495,0.0600784143803729,49,2
webis-touche2020,rr,10,0.01,weighted_cv,191,767,0.03432198961901571,0.045624270291635495,0.0600784143803729,49,2
webis-touche2020,rr,10,0.01,active_cv,191,767,0.05946580278153898,0.045624270291635495,0.0600784143803729,49,2
webis-touche2020,rr,10,0.01,weighted_cvl,191,767,0.032446415648113805,0.045624270291635495,0.0600784143803729,49,2
webis-touche2020,rr,10,0.01,uniform,192,748,0.19105625936694243,0.06603826847512187,0.06685803184603492,49,2
webis-touche2020,rr,10,0.01,uniform_nz,192,748,0.10806378818503037,0.06603826847512187,0.06685803184603492,49,2
webis-touche2020,rr,10,0.01,weighted,192,748,0.06603826847512187,0.06603826847512187,0.06685803184603492,49,2
webis-touche2020,rr,10,0.01,active_judge,192,748,0.18646990824347376,0.06603826847512187,0.06685803184603492,49,2
webis-touche2020,rr,10,0.01,strat_pilot,192,748,0.06738048542075253,0.06603826847512187,0.06685803184603492,49,2
webis-touche2020,rr,10,0.01,weighted_cv,192,748,0.054782473561112856,0.06603826847512187,0.06685803184603492,49,2
webis-touche2020,rr,10,0.01,active_cv,192,748,0.13178894981320707,0.06603826847512187,0.06685803184603492,49,2
webis-touche2020,rr,10,0.01,weighted_cvl,192,748,0.04889249170021068,0.06603826847512187,0.06685803184603492,49,2
webis-touche2020,rr,10,0.01,uniform,193,754,0.15308489508048442,0.05516969566591325,0.03870921804647744,49,2
webis-touche2020,rr,10,0.01,uniform_nz,193,754,0.07908094509618742,0.05516969566591325,0.03870921804647744,49,2
webis-touche2020,rr,10,0.01,weighted,193,754,0.05516969566591325,0.05516969566591325,0.03870921804647744,49,2
webis-touche2020,rr,10,0.01,active_judge,193,754,0.15456076462046062,0.05516969566591325,0.03870921804647744,49,2
webis-touche2020,rr,10,0.01,strat_pilot,193,754,0.05607045009023355,0.05516969566591325,0.03870921804647744,49,2
webis-touche2020,rr,10,0.01,weighted_cv,193,754,0.04189268627036216,0.05516969566591325,0.03870921804647744,49,2
webis-touche2020,rr,10,0.01,active_cv,193,754,0.07732516879821419,0.05516969566591325,0.03870921804647744,49,2
webis-touche2020,rr,10,0.01,weighted_cvl,193,754,0.03937326096721931,0.05516969566591325,0.03870921804647744,49,2
webis-touche2020,rr,10,0.01,uniform,194,745,0.1775897365475699,0.058697781024909135,0.07505438186397936,49,2
webis-touche2020,rr,10,0.01,uniform_nz,194,745,0.09169067268519879,0.058697781024909135,0.07505438186397936,49,2
webis-touche2020,rr,10,0.01,weighted,194,745,0.058697781024909135,0.058697781024909135,0.07505438186397936,49,2
webis-touche2020,rr,10,0.01,active_judge,194,745,0.16847770564124326,0.058697781024909135,0.07505438186397936,49,2
webis-touche2020,rr,10,0.01,strat_pilot,194,745,0.05926078076212051,0.058697781024909135,0.07505438186397936,49,2
webis-touche2020,rr,10,0.01,weighted_cv,194,745,0.04745702400525176,0.058697781024909135,0.07505438186397936,49,2
webis-touche2020,rr,10,0.01,active_cv,194,745,0.091876564009852,0.058697781024909135,0.07505438186397936,49,2
webis-touche2020,rr,10,0.01,weighted_cvl,194,745,0.043045379632413255,0.058697781024909135,0.07505438186397936,49,2
webis-touche2020,rr,10,0.01,uniform,195,763,0.07733980491311042,0.03887073271756344,0.023517878097010544,49,2
webis-touche2020,rr,10,0.01,uniform_nz,195,763,0.0497991013922368,0.03887073271756344,0.023517878097010544,49,2
webis-touche2020,rr,10,0.01,weighted,195,763,0.03887073271756344,0.03887073271756344,0.023517878097010544,49,2
webis-touche2020,rr,10,0.01,active_judge,195,763,0.09209002023445154,0.03887073271756344,0.023517878097010544,49,2
webis-touche2020,rr,10,0.01,strat_pilot,195,763,0.03947376888830035,0.03887073271756344,0.023517878097010544,49,2
webis-touche2020,rr,10,0.01,weighted_cv,195,763,0.03256659908469621,0.03887073271756344,0.023517878097010544,49,2
webis-touche2020,rr,10,0.01,active_cv,195,763,0.07053709758770677,0.03887073271756344,0.023517878097010544,49,2
webis-touche2020,rr,10,0.01,weighted_cvl,195,763,0.030671429949355778,0.03887073271756344,0.023517878097010544,49,2
webis-touche2020,rr,10,0.01,uniform,196,750,0.08947108528768341,0.05260371261235873,0.05899015651406618,49,2
webis-touche2020,rr,10,0.01,uniform_nz,196,750,0.0696447631807615,0.05260371261235873,0.05899015651406618,49,2
webis-touche2020,rr,10,0.01,weighted,196,750,0.05260371261235873,0.05260371261235873,0.05899015651406618,49,2
webis-touche2020,rr,10,0.01,active_judge,196,750,0.13365368159601423,0.05260371261235873,0.05899015651406618,49,2
webis-touche2020,rr,10,0.01,strat_pilot,196,750,0.05344012718400411,0.05260371261235873,0.05899015651406618,49,2
webis-touche2020,rr,10,0.01,weighted_cv,196,750,0.04848781726756054,0.05260371261235873,0.05899015651406618,49,2
webis-touche2020,rr,10,0.01,active_cv,196,750,0.10465624039920043,0.05260371261235873,0.05899015651406618,49,2
webis-touche2020,rr,10,0.01,weighted_cvl,196,750,0.04318438392176084,0.05260371261235873,0.05899015651406618,49,2
webis-touche2020,rr,10,0.01,uniform,197,773,0.059798951449531276,0.03250579980989467,0.05023972332563663,49,2
webis-touche2020,rr,10,0.01,uniform_nz,197,773,0.041282353380868844,0.03250579980989467,0.05023972332563663,49,2
webis-touche2020,rr,10,0.01,weighted,197,773,0.03250579980989467,0.03250579980989467,0.05023972332563663,49,2
webis-touche2020,rr,10,0.01,active_judge,197,773,0.07912377848095575,0.03250579980989467,0.05023972332563663,49,2
webis-touche2020,rr,10,0.01,strat_pilot,197,773,0.03259031822109064,0.03250579980989467,0.05023972332563663,49,2
webis-touche2020,rr,10,0.01,weighted_cv,197,773,0.026997648199403857,0.03250579980989467,0.05023972332563663,49,2
webis-touche2020,rr,10,0.01,active_cv,197,773,0.04971835494942094,0.03250579980989467,0.05023972332563663,49,2
webis-touche2020,rr,10,0.01,weighted_cvl,197,773,0.024801722838123704,0.03250579980989467,0.05023972332563663,49,2
webis-touche2020,rr,10,0.01,uniform,198,751,0.15887957836798286,0.052463516163137734,0.04024462651784633,49,2
webis-touche2020,rr,10,0.01,uniform_nz,198,751,0.07770366211799681,0.052463516163137734,0.04024462651784633,49,2
webis-touche2020,rr,10,0.01,weighted,198,751,0.052463516163137734,0.052463516163137734,0.04024462651784633,49,2
webis-touche2020,rr,10,0.01,active_judge,198,751,0.14999318601437062,0.052463516163137734,0.04024462651784633,49,2
webis-touche2020,rr,10,0.01,strat_pilot,198,751,0.05382344491456853,0.052463516163137734,0.04024462651784633,49,2
webis-touche2020,rr,10,0.01,weighted_cv,198,751,0.03838450705925819,0.052463516163137734,0.04024462651784633,49,2
webis-touche2020,rr,10,0.01,active_cv,198,751,0.07015443086600844,0.052463516163137734,0.04024462651784633,49,2
webis-touche2020,rr,10,0.01,weighted_cvl,198,751,0.03781458496697322,0.052463516163137734,0.04024462651784633,49,2
webis-touche2020,rr,10,0.01,uniform,199,765,0.11239789923438037,0.07391955826748675,0.0891078649320575,49,2
webis-touche2020,rr,10,0.01,uniform_nz,199,765,0.08684701366873922,0.07391955826748675,0.0891078649320575,49,2
webis-touche2020,rr,10,0.01,weighted,199,765,0.07391955826748675,0.07391955826748675,0.0891078649320575,49,2
webis-touche2020,rr,10,0.01,active_judge,199,765,0.15757440867881298,0.07391955826748675,0.0891078649320575,49,2
webis-touche2020,rr,10,0.01,strat_pilot,199,765,0.07511620904969848,0.07391955826748675,0.0891078649320575,49,2
webis-touche2020,rr,10,0.01,weighted_cv,199,765,0.061787037403373025,0.07391955826748675,0.0891078649320575,49,2
webis-touche2020,rr,10,0.01,active_cv,199,765,0.13386111109451165,0.07391955826748675,0.0891078649320575,49,2
webis-touche2020,rr,10,0.01,weighted_cvl,199,765,0.05647024008018546,0.07391955826748675,0.0891078649320575,49,2
webis-touche2020,rr,10,0.01,uniform,200,769,0.06949507893615045,0.038397467215986164,0.03534460623082914,49,2
webis-touche2020,rr,10,0.01,uniform_nz,200,769,0.04747594708300202,0.038397467215986164,0.03534460623082914,49,2
webis-touche2020,rr,10,0.01,weighted,200,769,0.038397467215986164,0.038397467215986164,0.03534460623082914,49,2
webis-touche2020,rr,10,0.01,active_judge,200,769,0.08980575962646244,0.038397467215986164,0.03534460623082914,49,2
webis-touche2020,rr,10,0.01,strat_pilot,200,769,0.03872707888338097,0.038397467215986164,0.03534460623082914,49,2
webis-touche2020,rr,10,0.01,weighted_cv,200,769,0.03227925867407817,0.038397467215986164,0.03534460623082914,49,2
webis-touche2020,rr,10,0.01,active_cv,200,769,0.05996095001033459,0.038397467215986164,0.03534460623082914,49,2
webis-touche2020,rr,10,0.01,weighted_cvl,200,769,0.029426924591693382,0.038397467215986164,0.03534460623082914,49,2
webis-touche2020,rr,10,0.01,uniform,201,760,0.09255631963981976,0.05648448539716655,0.061817685638421944,49,2
webis-touche2020,rr,10,0.01,uniform_nz,201,760,0.06967959419139876,0.05648448539716655,0.061817685638421944,49,2
webis-touche2020,rr,10,0.01,weighted,201,760,0.05648448539716655,0.05648448539716655,0.061817685638421944,49,2
webis-touche2020,rr,10,0.01,active_judge,201,760,0.12317619314234185,0.05648448539716655,0.061817685638421944,49,2
webis-touche2020,rr,10,0.01,strat_pilot,201,760,0.05703492851461861,0.05648448539716655,0.061817685638421944,49,2
webis-touche2020,rr,10,0.01,weighted_cv,201,760,0.04515581942389152,0.05648448539716655,0.061817685638421944,49,2
webis-touche2020,rr,10,0.01,active_cv,201,760,0.07988786466432149,0.05648448539716655,0.061817685638421944,49,2
webis-touche2020,rr,10,0.01,weighted_cvl,201,760,0.04105684839996784,0.05648448539716655,0.061817685638421944,49,2
webis-touche2020,rr,10,0.01,uniform,202,776,0.07867493092430643,0.04156231292046399,0.04210953126394302,49,2
webis-touche2020,rr,10,0.01,uniform_nz,202,776,0.05136836805859091,0.04156231292046399,0.04210953126394302,49,2
webis-touche2020,rr,10,0.01,weighted,202,776,0.04156231292046399,0.04156231292046399,0.04210953126394302,49,2
webis-touche2020,rr,10,0.01,active_judge,202,776,0.09180330789339826,0.04156231292046399,0.04210953126394302,49,2
webis-touche2020,rr,10,0.01,strat_pilot,202,776,0.0419460202184687,0.04156231292046399,0.04210953126394302,49,2
webis-touche2020,rr,10,0.01,weighted_cv,202,776,0.039073238517179795,0.04156231292046399,0.04210953126394302,49,2
webis-touche2020,rr,10,0.01,active_cv,202,776,0.09618390185099779,0.04156231292046399,0.04210953126394302,49,2
webis-touche2020,rr,10,0.01,weighted_cvl,202,776,0.035168307324153256,0.04156231292046399,0.04210953126394302,49,2
webis-touche2020,rr,10,0.01,uniform,203,747,0.13335053845804384,0.03312315065461058,0.016869103548670116,49,0
webis-touche2020,rr,10,0.01,uniform_nz,203,747,0.048862073308180626,0.03312315065461058,0.016869103548670116,49,0
webis-touche2020,rr,10,0.01,weighted,203,747,0.03312315065461058,0.03312315065461058,0.016869103548670116,49,0
webis-touche2020,rr,10,0.01,active_judge,203,747,0.08975640458444997,0.03312315065461058,0.016869103548670116,49,0
webis-touche2020,rr,10,0.01,strat_pilot,203,747,0.033607895708689876,0.03312315065461058,0.016869103548670116,49,0
webis-touche2020,rr,10,0.01,weighted_cv,203,747,0.026251795413531443,0.03312315065461058,0.016869103548670116,49,0
webis-touche2020,rr,10,0.01,active_cv,203,747,0.043111794954593566,0.03312315065461058,0.016869103548670116,49,0
webis-touche2020,rr,10,0.01,weighted_cvl,203,747,0.02601462112850701,0.03312315065461058,0.016869103548670116,49,0
webis-touche2020,rr,10,0.01,uniform,204,745,0.13321372444434335,0.03392731753756669,0.049316832784829824,49,2
webis-touche2020,rr,10,0.01,uniform_nz,204,745,0.05585438958379866,0.03392731753756669,0.049316832784829824,49,2
webis-touche2020,rr,10,0.01,weighted,204,745,0.03392731753756669,0.03392731753756669,0.049316832784829824,49,2
webis-touche2020,rr,10,0.01,active_judge,204,745,0.10077290759788193,0.03392731753756669,0.049316832784829824,49,2
webis-touche2020,rr,10,0.01,strat_pilot,204,745,0.034489465580578735,0.03392731753756669,0.049316832784829824,49,2
webis-touche2020,rr,10,0.01,weighted_cv,204,745,0.02607661648470503,0.03392731753756669,0.049316832784829824,49,2
webis-touche2020,rr,10,0.01,active_cv,204,745,0.04647640468352998,0.03392731753756669,0.049316832784829824,49,2
webis-touche2020,rr,10,0.01,weighted_cvl,204,745,0.025577593138565814,0.03392731753756669,0.049316832784829824,49,2
webis-touche2020,rr,10,0.01,uniform,205,768,0.09090604127753986,0.06458240839693359,0.04327187378038771,49,2
webis-touche2020,rr,10,0.01,uniform_nz,205,768,0.07988752362305776,0.06458240839693359,0.04327187378038771,49,2
webis-touche2020,rr,10,0.01,weighted,205,768,0.06458240839693359,0.06458240839693359,0.04327187378038771,49,2
webis-touche2020,rr,10,0.01,active_judge,205,768,0.1375461684227101,0.06458240839693359,0.04327187378038771,49,2
webis-touche2020,rr,10,0.01,strat_pilot,205,768,0.06502400470796492,0.06458240839693359,0.04327187378038771,49,2
webis-touche2020,rr,10,0.01,weighted_cv,205,768,0.05723009318021081,0.06458240839693359,0.04327187378038771,49,2
webis-touche2020,rr,10,0.01,active_cv,205,768,0.11504150834532915,0.06458240839693359,0.04327187378038771,49,2
webis-touche2020,rr,10,0.01,weighted_cvl,205,768,0.052335277522274494,0.06458240839693359,0.04327187378038771,49,2
webis-touche2020,rr,10,0.01,uniform,206,758,0.09505871934233143,0.04572834240520338,0.050699599248360844,49,2
webis-touche2020,rr,10,0.01,uniform_nz,206,758,0.06481037981487806,0.04572834240520338,0.050699599248360844,49,2
webis-touche2020,rr,10,0.01,weighted,206,758,0.04572834240520338,0.04572834240520338,0.050699599248360844,49,2
webis-touche2020,rr,10,0.01,active_judge,206,758,0.12066806306173714,0.04572834240520338,0.050699599248360844,49,2
webis-touche2020,rr,10,0.01,strat_pilot,206,758,0.04669598047057398,0.04572834240520338,0.050699599248360844,49,2
webis-touche2020,rr,10,0.01,weighted_cv,206,758,0.04101456222426807,0.04572834240520338,0.050699599248360844,49,2
webis-touche2020,rr,10,0.01,active_cv,206,758,0.09805542973767396,0.04572834240520338,0.050699599248360844,49,2
webis-touche2020,rr,10,0.01,weighted_cvl,206,758,0.03511596966086033,0.04572834240520338,0.050699599248360844,49,2
webis-touche2020,rr,10,0.01,uniform,207,755,0.10146236255329497,0.06528151086894532,0.094024656287039,49,2
webis-touche2020,rr,10,0.01,uniform_nz,207,755,0.08661349410541912,0.06528151086894532,0.094024656287039,49,2
webis-touche2020,rr,10,0.01,weighted,207,755,0.06528151086894532,0.06528151086894532,0.094024656287039,49,2
webis-touche2020,rr,10,0.01,active_judge,207,755,0.17855763174986455,0.06528151086894532,0.094024656287039,49,2
webis-touche2020,rr,10,0.01,strat_pilot,207,755,0.06698420251993671,0.06528151086894532,0.094024656287039,49,2
webis-touche2020,rr,10,0.01,weighted_cv,207,755,0.057136574252723636,0.06528151086894532,0.094024656287039,49,2
webis-touche2020,rr,10,0.01,active_cv,207,755,0.12481493253828602,0.06528151086894532,0.094024656287039,49,2
webis-touche2020,rr,10,0.01,weighted_cvl,207,755,0.05093904941810742,0.06528151086894532,0.094024656287039,49,2
webis-touche2020,rr,10,0.01,uniform,208,754,0.15338473068317962,0.05281977339703847,0.037879899340425655,49,2
webis-touche2020,rr,10,0.01,uniform_nz,208,754,0.07756233767800122,0.05281977339703847,0.037879899340425655,49,2
webis-touche2020,rr,10,0.01,weighted,208,754,0.05281977339703847,0.05281977339703847,0.037879899340425655,49,2
webis-touche2020,rr,10,0.01,active_judge,208,754,0.14913039400325556,0.05281977339703847,0.037879899340425655,49,2
webis-touche2020,rr,10,0.01,strat_pilot,208,754,0.053455175137101164,0.05281977339703847,0.037879899340425655,49,2
webis-touche2020,rr,10,0.01,weighted_cv,208,754,0.040045988860128376,0.05281977339703847,0.037879899340425655,49,2
webis-touche2020,rr,10,0.01,active_cv,208,754,0.06578435609029924,0.05281977339703847,0.037879899340425655,49,2
webis-touche2020,rr,10,0.01,weighted_cvl,208,754,0.038178046986171596,0.05281977339703847,0.037879899340425655,49,2
webis-touche2020,rr,10,0.01,uniform,209,747,0.1483310101150068,0.04686602777743502,0.06412617747052059,49,2
webis-touche2020,rr,10,0.01,uniform_nz,209,747,0.06870063294372349,0.04686602777743502,0.06412617747052059,49,2
webis-touche2020,rr,10,0.01,weighted,209,747,0.04686602777743502,0.04686602777743502,0.06412617747052059,49,2
webis-touche2020,rr,10,0.01,active_judge,209,747,0.1272347505569611,0.04686602777743502,0.06412617747052059,49,2
webis-touche2020,rr,10,0.01,strat_pilot,209,747,0.047853599944501515,0.04686602777743502,0.06412617747052059,49,2
webis-touche2020,rr,10,0.01,weighted_cv,209,747,0.03471408499229264,0.04686602777743502,0.06412617747052059,49,2
webis-touche2020,rr,10,0.01,active_cv,209,747,0.05174963775583972,0.04686602777743502,0.06412617747052059,49,2
webis-touche2020,rr,10,0.01,weighted_cvl,209,747,0.03198848672425442,0.04686602777743502,0.06412617747052059,49,2
webis-touche2020,rr,10,0.01,uniform,210,758,0.16849281700253044,0.05130513763319848,0.08041834472716826,49,2
webis-touche2020,rr,10,0.01,uniform_nz,210,758,0.08578509609088174,0.05130513763319848,0.08041834472716826,49,2
webis-touche2020,rr,10,0.01,weighted,210,758,0.05130513763319848,0.05130513763319848,0.08041834472716826,49,2
webis-touche2020,rr,10,0.01,active_judge,210,758,0.16128120737352558,0.05130513763319848,0.08041834472716826,49,2
webis-touche2020,rr,10,0.01,strat_pilot,210,758,0.05268490944462647,0.05130513763319848,0.08041834472716826,49,2
webis-touche2020,rr,10,0.01,weighted_cv,210,758,0.04035597955831065,0.05130513763319848,0.08041834472716826,49,2
webis-touche2020,rr,10,0.01,active_cv,210,758,0.08917594326278618,0.05130513763319848,0.08041834472716826,49,2
webis-touche2020,rr,10,0.01,weighted_cvl,210,758,0.036690675862354014,0.05130513763319848,0.08041834472716826,49,2
webis-touche2020,rr,10,0.01,uniform,211,766,0.17106561992752983,0.06254692177554241,0.0617036410859099,49,2
webis-touche2020,rr,10,0.01,uniform_nz,211,766,0.08798995302393861,0.06254692177554241,0.0617036410859099,49,2
webis-touche2020,rr,10,0.01,weighted,211,766,0.06254692177554241,0.06254692177554241,0.0617036410859099,49,2
webis-touche2020,rr,10,0.01,active_judge,211,766,0.16888131954722363,0.06254692177554241,0.0617036410859099,49,2
webis-touche2020,rr,10,0.01,strat_pilot,211,766,0.06348540077426865,0.06254692177554241,0.0617036410859099,49,2
webis-touche2020,rr,10,0.01,weighted_cv,211,766,0.05165114168739804,0.06254692177554241,0.0617036410859099,49,2
webis-touche2020,rr,10,0.01,active_cv,211,766,0.09891856765238953,0.06254692177554241,0.0617036410859099,49,2
webis-touche2020,rr,10,0.01,weighted_cvl,211,766,0.0472711285160572,0.06254692177554241,0.0617036410859099,49,2
webis-touche2020,rr,10,0.01,uniform,212,750,0.08844754083418278,0.050183941178556554,0.06272825776734446,49,2
webis-touche2020,rr,10,0.01,uniform_nz,212,750,0.06774387114878459,0.050183941178556554,0.06272825776734446,49,2
webis-touche2020,rr,10,0.01,weighted,212,750,0.050183941178556554,0.050183941178556554,0.06272825776734446,49,2
webis-touche2020,rr,10,0.01,active_judge,212,750,0.13276018737037712,0.050183941178556554,0.06272825776734446,49,2
webis-touche2020,rr,10,0.01,strat_pilot,212,750,0.0507614210556286,0.050183941178556554,0.06272825776734446,49,2
webis-touche2020,rr,10,0.01,weighted_cv,212,750,0.040771086516939344,0.050183941178556554,0.06272825776734446,49,2
webis-touche2020,rr,10,0.01,active_cv,212,750,0.0733060536540655,0.050183941178556554,0.06272825776734446,49,2
webis-touche2020,rr,10,0.01,weighted_cvl,212,750,0.03637987625774224,0.050183941178556554,0.06272825776734446,49,2
webis-touche2020,rr,10,0.01,uniform,213,757,0.1547244851603381,0.05633231074529828,0.05008732093089005,49,2
webis-touche2020,rr,10,0.01,uniform_nz,213,757,0.08100558505548508,0.05633231074529828,0.05008732093089005,49,2
webis-touche2020,rr,10,0.01,weighted,213,757,0.05633231074529828,0.05633231074529828,0.05008732093089005,49,2
webis-touche2020,rr,10,0.01,active_judge,213,757,0.154178941627291,0.05633231074529828,0.05008732093089005,49,2
webis-touche2020,rr,10,0.01,strat_pilot,213,757,0.05727203845674369,0.05633231074529828,0.05008732093089005,49,2
webis-touche2020,rr,10,0.01,weighted_cv,213,757,0.045121410588895176,0.05633231074529828,0.05008732093089005,49,2
webis-touche2020,rr,10,0.01,active_cv,213,757,0.08873645252578458,0.05633231074529828,0.05008732093089005,49,2
webis-touche2020,rr,10,0.01,weighted_cvl,213,757,0.04022187079635059,0.05633231074529828,0.05008732093089005,49,2
webis-touche2020,rr,10,0.01,uniform,214,757,0.08708002878220401,0.06213626563650868,0.05351520662306753,49,2
webis-touche2020,rr,10,0.01,uniform_nz,214,757,0.06999273460117639,0.06213626563650868,0.05351520662306753,49,2
webis-touche2020,rr,10,0.01,weighted,214,757,0.06213626563650868,0.06213626563650868,0.05351520662306753,49,2
webis-touche2020,rr,10,0.01,active_judge,214,757,0.13514885659979353,0.06213626563650868,0.05351520662306753,49,2
webis-touche2020,rr,10,0.01,strat_pilot,214,757,0.06245424481239283,0.06213626563650868,0.05351520662306753,49,2
webis-touche2020,rr,10,0.01,weighted_cv,214,757,0.05455099352404038,0.06213626563650868,0.05351520662306753,49,2
webis-touche2020,rr,10,0.01,active_cv,214,757,0.09877541125575676,0.06213626563650868,0.05351520662306753,49,2
webis-touche2020,rr,10,0.01,weighted_cvl,214,757,0.05048278836336728,0.06213626563650868,0.05351520662306753,49,2
webis-touche2020,rr,10,0.01,uniform,215,756,0.0895541648463664,0.051967301002242935,0.054195706797402834,49,2
webis-touche2020,rr,10,0.01,uniform_nz,215,756,0.07551292515830127,0.051967301002242935,0.054195706797402834,49,2
webis-touche2020,rr,10,0.01,weighted,215,756,0.051967301002242935,0.051967301002242935,0.054195706797402834,49,2
webis-touche2020,rr,10,0.01,active_judge,215,756,0.11736398011932674,0.051967301002242935,0.054195706797402834,49,2
webis-touche2020,rr,10,0.01,strat_pilot,215,756,0.052454372961488485,0.051967301002242935,0.054195706797402834,49,2
webis-touche2020,rr,10,0.01,weighted_cv,215,756,0.044356181889612246,0.051967301002242935,0.054195706797402834,49,2
webis-touche2020,rr,10,0.01,active_cv,215,756,0.09829128103610787,0.051967301002242935,0.054195706797402834,49,2
webis-touche2020,rr,10,0.01,weighted_cvl,215,756,0.04035726451376481,0.051967301002242935,0.054195706797402834,49,2
webis-touche2020,rr,10,0.01,uniform,216,768,0.08176619928568088,0.04194022675017647,0.0391510058282504,49,2
webis-touche2020,rr,10,0.01,uniform_nz,216,768,0.06137080724555646,0.04194022675017647,0.0391510058282504,49,2
webis-touche2020,rr,10,0.01,weighted,216,768,0.04194022675017647,0.04194022675017647,0.0391510058282504,49,2
webis-touche2020,rr,10,0.01,active_judge,216,768,0.11002093295619078,0.04194022675017647,0.0391510058282504,49,2
webis-touche2020,rr,10,0.01,strat_pilot,216,768,0.04302188337493631,0.04194022675017647,0.0391510058282504,49,2
webis-touche2020,rr,10,0.01,weighted_cv,216,768,0.03436691477142602,0.04194022675017647,0.0391510058282504,49,2
webis-touche2020,rr,10,0.01,active_cv,216,768,0.06534454528426037,0.04194022675017647,0.0391510058282504,49,2
webis-touche2020,rr,10,0.01,weighted_cvl,216,768,0.031606372887465414,0.04194022675017647,0.0391510058282504,49,2
webis-touche2020,rr,10,0.01,uniform,217,758,0.07559220615402149,0.044884941150339794,0.04204836169611038,49,2
webis-touche2020,rr,10,0.01,uniform_nz,217,758,0.06102171904803151,0.044884941150339794,0.04204836169611038,49,2
webis-touche2020,rr,10,0.01,weighted,217,758,0.044884941150339794,0.044884941150339794,0.04204836169611038,49,2
webis-touche2020,rr,10,0.01,active_judge,217,758,0.11293083426877404,0.044884941150339794,0.04204836169611038,49,2
webis-touche2020,rr,10,0.01,strat_pilot,217,758,0.045206944589868486,0.044884941150339794,0.04204836169611038,49,2
webis-touche2020,rr,10,0.01,weighted_cv,217,758,0.03821483014420362,0.044884941150339794,0.04204836169611038,49,2
webis-touche2020,rr,10,0.01,active_cv,217,758,0.07520370279462169,0.044884941150339794,0.04204836169611038,49,2
webis-touche2020,rr,10,0.01,weighted_cvl,217,758,0.033435091220105725,0.044884941150339794,0.04204836169611038,49,2
webis-touche2020,rr,10,0.01,uniform,218,753,0.06614570260836027,0.03678934183619283,0.029053685006084386,49,2
webis-touche2020,rr,10,0.01,uniform_nz,218,753,0.04626239756380447,0.03678934183619283,0.029053685006084386,49,2
webis-touche2020,rr,10,0.01,weighted,218,753,0.03678934183619283,0.03678934183619283,0.029053685006084386,49,2
webis-touche2020,rr,10,0.01,active_judge,218,753,0.08193810918597791,0.03678934183619283,0.029053685006084386,49,2
webis-touche2020,rr,10,0.01,strat_pilot,218,753,0.03715480642861241,0.03678934183619283,0.029053685006084386,49,2
webis-touche2020,rr,10,0.01,weighted_cv,218,753,0.03184165520370563,0.03678934183619283,0.029053685006084386,49,2
webis-touche2020,rr,10,0.01,active_cv,218,753,0.06668847738736293,0.03678934183619283,0.029053685006084386,49,2
webis-touche2020,rr,10,0.01,weighted_cvl,218,753,0.02855354534335347,0.03678934183619283,0.029053685006084386,49,2
webis-touche2020,rr,10,0.01,uniform,219,739,0.1087505762734251,0.060629977181944336,0.06516714815274513,49,2
webis-touche2020,rr,10,0.01,uniform_nz,219,739,0.08205939843261925,0.060629977181944336,0.06516714815274513,49,2
webis-touche2020,rr,10,0.01,weighted,219,739,0.060629977181944336,0.060629977181944336,0.06516714815274513,49,2
webis-touche2020,rr,10,0.01,active_judge,219,739,0.16214145539635508,0.060629977181944336,0.06516714815274513,49,2
webis-touche2020,rr,10,0.01,strat_pilot,219,739,0.06090327522729781,0.060629977181944336,0.06516714815274513,49,2
webis-touche2020,rr,10,0.01,weighted_cv,219,739,0.05808592721492828,0.060629977181944336,0.06516714815274513,49,2
webis-touche2020,rr,10,0.01,active_cv,219,739,0.15703615261077603,0.060629977181944336,0.06516714815274513,49,2
webis-touche2020,rr,10,0.01,weighted_cvl,219,739,0.05005761315102479,0.060629977181944336,0.06516714815274513,49,2
webis-touche2020,rr,10,0.01,uniform,220,765,0.07578682506641106,0.0464080868044207,0.061274047432329164,49,2
webis-touche2020,rr,10,0.01,uniform_nz,220,765,0.053936219819114214,0.0464080868044207,0.061274047432329164,49,2
webis-touche2020,rr,10,0.01,weighted,220,765,0.0464080868044207,0.0464080868044207,0.061274047432329164,49,2
webis-touche2020,rr,10,0.01,active_judge,220,765,0.09479301920899179,0.0464080868044207,0.061274047432329164,49,2
webis-touche2020,rr,10,0.01,strat_pilot,220,765,0.047539838780478315,0.0464080868044207,0.061274047432329164,49,2
webis-touche2020,rr,10,0.01,weighted_cv,220,765,0.04147584862778452,0.0464080868044207,0.061274047432329164,49,2
webis-touche2020,rr,10,0.01,active_cv,220,765,0.07467467659111313,0.0464080868044207,0.061274047432329164,49,2
webis-touche2020,rr,10,0.01,weighted_cvl,220,765,0.03663263150686578,0.0464080868044207,0.061274047432329164,49,2
webis-touche2020,rr,10,0.01,uniform,221,761,0.17634568880193696,0.05793500879486837,0.05117560389387014,49,2
webis-touche2020,rr,10,0.01,uniform_nz,221,761,0.09419271413725451,0.05793500879486837,0.05117560389387014,49,2
webis-touche2020,rr,10,0.01,weighted,221,761,0.05793500879486837,0.05793500879486837,0.05117560389387014,49,2
webis-touche2020,rr,10,0.01,active_judge,221,761,0.17176628741337263,0.05793500879486837,0.05117560389387014,49,2
webis-touche2020,rr,10,0.01,strat_pilot,221,761,0.059507222335719076,0.05793500879486837,0.05117560389387014,49,2
webis-touche2020,rr,10,0.01,weighted_cv,221,761,0.044329938067125874,0.05793500879486837,0.05117560389387014,49,2
webis-touche2020,rr,10,0.01,active_cv,221,761,0.09459851785577145,0.05793500879486837,0.05117560389387014,49,2
webis-touche2020,rr,10,0.01,weighted_cvl,221,761,0.04134117992999252,0.05793500879486837,0.05117560389387014,49,2
webis-touche2020,rr,10,0.01,uniform,222,759,0.15435543043676717,0.047820332581959814,0.010419350916254934,49,2
webis-touche2020,rr,10,0.01,uniform_nz,222,759,0.07305914014072841,0.047820332581959814,0.010419350916254934,49,2
webis-touche2020,rr,10,0.01,weighted,222,759,0.047820332581959814,0.047820332581959814,0.010419350916254934,49,2
webis-touche2020,rr,10,0.01,active_judge,222,759,0.13682468214487276,0.047820332581959814,0.010419350916254934,49,2
webis-touche2020,rr,10,0.01,strat_pilot,222,759,0.04867250842961736,0.047820332581959814,0.010419350916254934,49,2
webis-touche2020,rr,10,0.01,weighted_cv,222,759,0.03825449849678096,0.047820332581959814,0.010419350916254934,49,2
webis-touche2020,rr,10,0.01,active_cv,222,759,0.08558845489203394,0.047820332581959814,0.010419350916254934,49,2
webis-touche2020,rr,10,0.01,weighted_cvl,222,759,0.03638921634544563,0.047820332581959814,0.010419350916254934,49,2
webis-touche2020,rr,10,0.01,uniform,223,767,0.08026004009633676,0.04575553690099764,0.05428230365701762,49,2
webis-touche2020,rr,10,0.01,uniform_nz,223,767,0.06402718785131359,0.04575553690099764,0.05428230365701762,49,2
webis-touche2020,rr,10,0.01,weighted,223,767,0.04575553690099764,0.04575553690099764,0.05428230365701762,49,2
webis-touche2020,rr,10,0.01,active_judge,223,767,0.12062437751502966,0.04575553690099764,0.05428230365701762,49,2
webis-touche2020,rr,10,0.01,strat_pilot,223,767,0.04651722633009004,0.04575553690099764,0.05428230365701762,49,2
webis-touche2020,rr,10,0.01,weighted_cv,223,767,0.03894820943588668,0.04575553690099764,0.05428230365701762,49,2
webis-touche2020,rr,10,0.01,active_cv,223,767,0.07484775615731872,0.04575553690099764,0.05428230365701762,49,2
webis-touche2020,rr,10,0.01,weighted_cvl,223,767,0.03471088616059022,0.04575553690099764,0.05428230365701762,49,2
webis-touche2020,rr,10,0.01,uniform,224,764,0.15512849921705368,0.045445114244818896,0.04107146099377555,49,2
webis-touche2020,rr,10,0.01,uniform_nz,224,764,0.06948907010388092,0.045445114244818896,0.04107146099377555,49,2
webis-touche2020,rr,10,0.01,weighted,224,764,0.045445114244818896,0.045445114244818896,0.04107146099377555,49,2
webis-touche2020,rr,10,0.01,active_judge,224,764,0.12169041052420324,0.045445114244818896,0.04107146099377555,49,2
webis-touche2020,rr,10,0.01,strat_pilot,224,764,0.04595025045711179,0.045445114244818896,0.04107146099377555,49,2
webis-touche2020,rr,10,0.01,weighted_cv,224,764,0.03552525465452433,0.045445114244818896,0.04107146099377555,49,2
webis-touche2020,rr,10,0.01,active_cv,224,764,0.06626410738711193,0.045445114244818896,0.04107146099377555,49,2
webis-touche2020,rr,10,0.01,weighted_cvl,224,764,0.036013645581426716,0.045445114244818896,0.04107146099377555,49,2
webis-touche2020,rr,10,0.01,uniform,225,768,0.08742889035291493,0.0463677158676332,0.042021991384624306,49,2
webis-touche2020,rr,10,0.01,uniform_nz,225,768,0.06458785829562466,0.0463677158676332,0.042021991384624306,49,2
webis-touche2020,rr,10,0.01,weighted,225,768,0.0463677158676332,0.0463677158676332,0.042021991384624306,49,2
webis-touche2020,rr,10,0.01,active_judge,225,768,0.11782245783495002,0.0463677158676332,0.042021991384624306,49,2
webis-touche2020,rr,10,0.01,strat_pilot,225,768,0.04731137104537653,0.0463677158676332,0.042021991384624306,49,2
webis-touche2020,rr,10,0.01,weighted_cv,225,768,0.04018237483899049,0.0463677158676332,0.042021991384624306,49,2
webis-touche2020,rr,10,0.01,active_cv,225,768,0.08157357363605465,0.0463677158676332,0.042021991384624306,49,2
webis-touche2020,rr,10,0.01,weighted_cvl,225,768,0.03473182842571006,0.0463677158676332,0.042021991384624306,49,2
webis-touche2020,rr,10,0.01,uniform,226,775,0.15375208231073162,0.04900643084094279,0.062357988219460155,49,2
webis-touche2020,rr,10,0.01,uniform_nz,226,775,0.08165654966637374,0.04900643084094279,0.062357988219460155,49,2
webis-touche2020,rr,10,0.01,weighted,226,775,0.04900643084094279,0.04900643084094279,0.062357988219460155,49,2
webis-touche2020,rr,10,0.01,active_judge,226,775,0.1462147579561642,0.04900643084094279,0.062357988219460155,49,2
webis-touche2020,rr,10,0.01,strat_pilot,226,775,0.04962208229033885,0.04900643084094279,0.062357988219460155,49,2
webis-touche2020,rr,10,0.01,weighted_cv,226,775,0.038131476660675824,0.04900643084094279,0.062357988219460155,49,2
webis-touche2020,rr,10,0.01,active_cv,226,775,0.08360644898800232,0.04900643084094279,0.062357988219460155,49,2
webis-touche2020,rr,10,0.01,weighted_cvl,226,775,0.036584610369324574,0.04900643084094279,0.062357988219460155,49,2
webis-touche2020,rr,10,0.01,uniform,227,749,0.07982837368960127,0.04770014105849467,0.06554997837273377,49,2
webis-touche2020,rr,10,0.01,uniform_nz,227,749,0.05462452704685102,0.04770014105849467,0.06554997837273377,49,2
webis-touche2020,rr,10,0.01,weighted,227,749,0.04770014105849467,0.04770014105849467,0.06554997837273377,49,2
webis-touche2020,rr,10,0.01,active_judge,227,749,0.10060453997914562,0.04770014105849467,0.06554997837273377,49,2
webis-touche2020,rr,10,0.01,strat_pilot,227,749,0.04813862272490344,0.04770014105849467,0.06554997837273377,49,2
webis-touche2020,rr,10,0.01,weighted_cv,227,749,0.04424805728767896,0.04770014105849467,0.06554997837273377,49,2
webis-touche2020,rr,10,0.01,active_cv,227,749,0.0953329383970074,0.04770014105849467,0.06554997837273377,49,2
webis-touche2020,rr,10,0.01,weighted_cvl,227,749,0.03776501889722707,0.04770014105849467,0.06554997837273377,49,2
webis-touche2020,rr,10,0.01,uniform,228,776,0.08452830877079183,0.043966969955461746,0.056738122711083395,49,2
webis-touche2020,rr,10,0.01,uniform_nz,228,776,0.05645388120973331,0.043966969955461746,0.056738122711083395,49,2
webis-touche2020,rr,10,0.01,weighted,228,776,0.043966969955461746,0.043966969955461746,0.056738122711083395,49,2
webis-touche2020,rr,10,0.01,active_judge,228,776,0.10014264174585705,0.043966969955461746,0.056738122711083395,49,2
webis-touche2020,rr,10,0.01,strat_pilot,228,776,0.04405080844006324,0.043966969955461746,0.056738122711083395,49,2
webis-touche2020,rr,10,0.01,weighted_cv,228,776,0.040178693216903726,0.043966969955461746,0.056738122711083395,49,2
webis-touche2020,rr,10,0.01,active_cv,228,776,0.0951579674954792,0.043966969955461746,0.056738122711083395,49,2
webis-touche2020,rr,10,0.01,weighted_cvl,228,776,0.040186260954230585,0.043966969955461746,0.056738122711083395,49,2
webis-touche2020,rr,10,0.01,uniform,229,755,0.09277521193588295,0.07215453223867022,0.12849969074370882,49,2
webis-touche2020,rr,10,0.01,uniform_nz,229,755,0.07972188200496086,0.07215453223867022,0.12849969074370882,49,2
webis-touche2020,rr,10,0.01,weighted,229,755,0.07215453223867022,0.07215453223867022,0.12849969074370882,49,2
webis-touche2020,rr,10,0.01,active_judge,229,755,0.1708697812747225,0.07215453223867022,0.12849969074370882,49,2
webis-touche2020,rr,10,0.01,strat_pilot,229,755,0.07452349459534845,0.07215453223867022,0.12849969074370882,49,2
webis-touche2020,rr,10,0.01,weighted_cv,229,755,0.06068871917937195,0.07215453223867022,0.12849969074370882,49,2
webis-touche2020,rr,10,0.01,active_cv,229,755,0.1293856641883524,0.07215453223867022,0.12849969074370882,49,2
webis-touche2020,rr,10,0.01,weighted_cvl,229,755,0.05653996579305788,0.07215453223867022,0.12849969074370882,49,2
webis-touche2020,rr,10,0.01,uniform,230,766,0.06486285100166922,0.0441270294000387,0.03252355973060308,49,2
webis-touche2020,rr,10,0.01,uniform_nz,230,766,0.05171790441910622,0.0441270294000387,0.03252355973060308,49,2
webis-touche2020,rr,10,0.01,weighted,230,766,0.0441270294000387,0.0441270294000387,0.03252355973060308,49,2
webis-touche2020,rr,10,0.01,active_judge,230,766,0.09267360398459194,0.0441270294000387,0.03252355973060308,49,2
webis-touche2020,rr,10,0.01,strat_pilot,230,766,0.044427557225857575,0.0441270294000387,0.03252355973060308,49,2
webis-touche2020,rr,10,0.01,weighted_cv,230,766,0.03907277792275819,0.0441270294000387,0.03252355973060308,49,2
webis-touche2020,rr,10,0.01,active_cv,230,766,0.07596719862710036,0.0441270294000387,0.03252355973060308,49,2
webis-touche2020,rr,10,0.01,weighted_cvl,230,766,0.035306438895087326,0.0441270294000387,0.03252355973060308,49,2
webis-touche2020,rr,10,0.01,uniform,231,764,0.0967971064358764,0.07134328599667471,0.07418765009054636,49,2
webis-touche2020,rr,10,0.01,uniform_nz,231,764,0.08245993524392359,0.07134328599667471,0.07418765009054636,49,2
webis-touche2020,rr,10,0.01,weighted,231,764,0.07134328599667471,0.07134328599667471,0.07418765009054636,49,2
webis-touche2020,rr,10,0.01,active_judge,231,764,0.16352860488275267,0.07134328599667471,0.07418765009054636,49,2
webis-touche2020,rr,10,0.01,strat_pilot,231,764,0.07207834572497715,0.07134328599667471,0.07418765009054636,49,2
webis-touche2020,rr,10,0.01,weighted_cv,231,764,0.06326955505486664,0.07134328599667471,0.07418765009054636,49,2
webis-touche2020,rr,10,0.01,active_cv,231,764,0.13409297791234737,0.07134328599667471,0.07418765009054636,49,2
webis-touche2020,rr,10,0.01,weighted_cvl,231,764,0.05571439809937427,0.07134328599667471,0.07418765009054636,49,2
webis-touche2020,rr,10,0.01,uniform,232,750,0.09481668101848566,0.06715075352750417,0.08997362869546861,49,2
webis-touche2020,rr,10,0.01,uniform_nz,232,750,0.07665093388410295,0.06715075352750417,0.08997362869546861,49,2
webis-touche2020,rr,10,0.01,weighted,232,750,0.06715075352750417,0.06715075352750417,0.08997362869546861,49,2
webis-touche2020,rr,10,0.01,active_judge,232,750,0.15276891864586933,0.06715075352750417,0.08997362869546861,49,2
webis-touche2020,rr,10,0.01,strat_pilot,232,750,0.06828504734082032,0.06715075352750417,0.08997362869546861,49,2
webis-touche2020,rr,10,0.01,weighted_cv,232,750,0.06270519032606685,0.06715075352750417,0.08997362869546861,49,2
webis-touche2020,rr,10,0.01,active_cv,232,750,0.1426455185935008,0.06715075352750417,0.08997362869546861,49,2
webis-touche2020,rr,10,0.01,weighted_cvl,232,750,0.05477533643686496,0.06715075352750417,0.08997362869546861,49,2
webis-touche2020,rr,10,0.01,uniform,233,752,0.07453766498358882,0.04701857934291061,0.03220094476175375,49,2
webis-touche2020,rr,10,0.01,uniform_nz,233,752,0.05998240886985655,0.04701857934291061,0.03220094476175375,49,2
webis-touche2020,rr,10,0.01,weighted,233,752,0.04701857934291061,0.04701857934291061,0.03220094476175375,49,2
webis-touche2020,rr,10,0.01,active_judge,233,752,0.10100939269977349,0.04701857934291061,0.03220094476175375,49,2
webis-touche2020,rr,10,0.01,strat_pilot,233,752,0.04747606083233431,0.04701857934291061,0.03220094476175375,49,2
webis-touche2020,rr,10,0.01,weighted_cv,233,752,0.04323046145081331,0.04701857934291061,0.03220094476175375,49,2
webis-touche2020,rr,10,0.01,active_cv,233,752,0.10742943605902175,0.04701857934291061,0.03220094476175375,49,2
webis-touche2020,rr,10,0.01,weighted_cvl,233,752,0.04072837142489886,0.04701857934291061,0.03220094476175375,49,2
webis-touche2020,rr,10,0.01,uniform,234,751,0.16654472462772882,0.058603896431481284,0.048246792895786685,49,2
webis-touche2020,rr,10,0.01,uniform_nz,234,751,0.09332628520500011,0.058603896431481284,0.048246792895786685,49,2
webis-touche2020,rr,10,0.01,weighted,234,751,0.058603896431481284,0.058603896431481284,0.048246792895786685,49,2
webis-touche2020,rr,10,0.01,active_judge,234,751,0.17907225852665187,0.058603896431481284,0.048246792895786685,49,2
webis-touche2020,rr,10,0.01,strat_pilot,234,751,0.05992759021201024,0.058603896431481284,0.048246792895786685,49,2
webis-touche2020,rr,10,0.01,weighted_cv,234,751,0.04671017977492122,0.058603896431481284,0.048246792895786685,49,2
webis-touche2020,rr,10,0.01,active_cv,234,751,0.09916715259843494,0.058603896431481284,0.048246792895786685,49,2
webis-touche2020,rr,10,0.01,weighted_cvl,234,751,0.041139181512485044,0.058603896431481284,0.048246792895786685,49,2
webis-touche2020,rr,10,0.01,uniform,235,761,0.0680873796806854,0.04411423719567927,0.026930213510035814,49,2
webis-touche2020,rr,10,0.01,uniform_nz,235,761,0.05508392686748701,0.04411423719567927,0.026930213510035814,49,2
webis-touche2020,rr,10,0.01,weighted,235,761,0.04411423719567927,0.04411423719567927,0.026930213510035814,49,2
webis-touche2020,rr,10,0.01,active_judge,235,761,0.09627215252211262,0.04411423719567927,0.026930213510035814,49,2
webis-touche2020,rr,10,0.01,strat_pilot,235,761,0.04489132883290291,0.04411423719567927,0.026930213510035814,49,2
webis-touche2020,rr,10,0.01,weighted_cv,235,761,0.038575664749561804,0.04411423719567927,0.026930213510035814,49,2
webis-touche2020,rr,10,0.01,active_cv,235,761,0.08861146525308658,0.04411423719567927,0.026930213510035814,49,2
webis-touche2020,rr,10,0.01,weighted_cvl,235,761,0.036775484730503204,0.04411423719567927,0.026930213510035814,49,2
webis-touche2020,rr,10,0.01,uniform,236,751,0.09988984515703198,0.07439535004976985,0.07453290299133243,49,2
webis-touche2020,rr,10,0.01,uniform_nz,236,751,0.08439896518144646,0.07439535004976985,0.07453290299133243,49,2
webis-touche2020,rr,10,0.01,weighted,236,751,0.07439535004976985,0.07439535004976985,0.07453290299133243,49,2
webis-touche2020,rr,10,0.01,active_judge,236,751,0.1620558017666296,0.07439535004976985,0.07453290299133243,49,2
webis-touche2020,rr,10,0.01,strat_pilot,236,751,0.07514518854819811,0.07439535004976985,0.07453290299133243,49,2
webis-touche2020,rr,10,0.01,weighted_cv,236,751,0.06311727708234152,0.07439535004976985,0.07453290299133243,49,2
webis-touche2020,rr,10,0.01,active_cv,236,751,0.12128673959773259,0.07439535004976985,0.07453290299133243,49,2
webis-touche2020,rr,10,0.01,weighted_cvl,236,751,0.05636157114026904,0.07439535004976985,0.07453290299133243,49,2
webis-touche2020,rr,10,0.01,uniform,237,762,0.04723054670811906,0.032919748647902876,0.008649449750455956,49,0
webis-touche2020,rr,10,0.01,uniform_nz,237,762,0.03814932853062526,0.032919748647902876,0.008649449750455956,49,0
webis-touche2020,rr,10,0.01,weighted,237,762,0.032919748647902876,0.032919748647902876,0.008649449750455956,49,0
webis-touche2020,rr,10,0.01,active_judge,237,762,0.06618196678682532,0.032919748647902876,0.008649449750455956,49,0
webis-touche2020,rr,10,0.01,strat_pilot,237,762,0.03308558041996794,0.032919748647902876,0.008649449750455956,49,0
webis-touche2020,rr,10,0.01,weighted_cv,237,762,0.027812735386731634,0.032919748647902876,0.008649449750455956,49,0
webis-touche2020,rr,10,0.01,active_cv,237,762,0.046347715176830714,0.032919748647902876,0.008649449750455956,49,0
webis-touche2020,rr,10,0.01,weighted_cvl,237,762,0.026633707817061182,0.032919748647902876,0.008649449750455956,49,0
webis-touche2020,rr,10,0.01,uniform,238,753,0.14375773052397756,0.05083601529464963,0.06933240022791107,49,2
webis-touche2020,rr,10,0.01,uniform_nz,238,753,0.07173134183338895,0.05083601529464963,0.06933240022791107,49,2
webis-touche2020,rr,10,0.01,weighted,238,753,0.05083601529464963,0.05083601529464963,0.06933240022791107,49,2
webis-touche2020,rr,10,0.01,active_judge,238,753,0.14679850968373348,0.05083601529464963,0.06933240022791107,49,2
webis-touche2020,rr,10,0.01,strat_pilot,238,753,0.052403290199844264,0.05083601529464963,0.06933240022791107,49,2
webis-touche2020,rr,10,0.01,weighted_cv,238,753,0.04009721128519676,0.05083601529464963,0.06933240022791107,49,2
webis-touche2020,rr,10,0.01,active_cv,238,753,0.07695978852441168,0.05083601529464963,0.06933240022791107,49,2
webis-touche2020,rr,10,0.01,weighted_cvl,238,753,0.036567345674433434,0.05083601529464963,0.06933240022791107,49,2
webis-touche2020,rr,10,0.01,uniform,239,764,0.09782219028439129,0.07278768051424518,0.08592438696180556,49,2
webis-touche2020,rr,10,0.01,uniform_nz,239,764,0.07902562108338704,0.07278768051424518,0.08592438696180556,49,2
webis-touche2020,rr,10,0.01,weighted,239,764,0.07278768051424518,0.07278768051424518,0.08592438696180556,49,2
webis-touche2020,rr,10,0.01,active_judge,239,764,0.17661888100097828,0.07278768051424518,0.08592438696180556,49,2
webis-touche2020,rr,10,0.01,strat_pilot,239,764,0.07361139911610133,0.07278768051424518,0.08592438696180556,49,2
webis-touche2020,rr,10,0.01,weighted_cv,239,764,0.06381413961123697,0.07278768051424518,0.08592438696180556,49,2
webis-touche2020,rr,10,0.01,active_cv,239,764,0.12914717742112086,0.07278768051424518,0.08592438696180556,49,2
webis-touche2020,rr,10,0.01,weighted_cvl,239,764,0.056581753327272444,0.07278768051424518,0.08592438696180556,49,2
webis-touche2020,rr,10,0.01,uniform,240,757,0.06421944781228331,0.04655786658976855,0.046881970268580174,49,2
webis-touche2020,rr,10,0.01,uniform_nz,240,757,0.05547372486843181,0.04655786658976855,0.046881970268580174,49,2
webis-touche2020,rr,10,0.01,weighted,240,757,0.04655786658976855,0.04655786658976855,0.046881970268580174,49,2
webis-touche2020,rr,10,0.01,active_judge,240,757,0.10829255899531302,0.04655786658976855,0.046881970268580174,49,2
webis-touche2020,rr,10,0.01,strat_pilot,240,757,0.04734828611917805,0.04655786658976855,0.046881970268580174,49,2
webis-touche2020,rr,10,0.01,weighted_cv,240,757,0.042523196284365426,0.04655786658976855,0.046881970268580174,49,2
webis-touche2020,rr,10,0.01,active_cv,240,757,0.09103247051311916,0.04655786658976855,0.046881970268580174,49,2
webis-touche2020,rr,10,0.01,weighted_cvl,240,757,0.038867091735528936,0.04655786658976855,0.046881970268580174,49,2
webis-touche2020,rr,10,0.01,uniform,241,750,0.08801288712736448,0.04857165352202765,0.05456204105653896,49,2
webis-touche2020,rr,10,0.01,uniform_nz,241,750,0.06657186159348209,0.04857165352202765,0.05456204105653896,49,2
webis-touche2020,rr,10,0.01,weighted,241,750,0.04857165352202765,0.04857165352202765,0.05456204105653896,49,2
webis-touche2020,rr,10,0.01,active_judge,241,750,0.13512092257484193,0.04857165352202765,0.05456204105653896,49,2
webis-touche2020,rr,10,0.01,strat_pilot,241,750,0.04994749944526028,0.04857165352202765,0.05456204105653896,49,2
webis-touche2020,rr,10,0.01,weighted_cv,241,750,0.04147616143832099,0.04857165352202765,0.05456204105653896,49,2
webis-touche2020,rr,10,0.01,active_cv,241,750,0.08541956612117226,0.04857165352202765,0.05456204105653896,49,2
webis-touche2020,rr,10,0.01,weighted_cvl,241,750,0.03667190455681317,0.04857165352202765,0.05456204105653896,49,2
webis-touche2020,rr,10,0.01,uniform,242,752,0.06810364512109475,0.04330342406412826,0.04296175341997458,49,2
webis-touche2020,rr,10,0.01,uniform_nz,242,752,0.05085651577455748,0.04330342406412826,0.04296175341997458,49,2
webis-touche2020,rr,10,0.01,weighted,242,752,0.04330342406412826,0.04330342406412826,0.04296175341997458,49,2
webis-touche2020,rr,10,0.01,active_judge,242,752,0.10070881732966193,0.04330342406412826,0.04296175341997458,49,2
webis-touche2020,rr,10,0.01,strat_pilot,242,752,0.04425559703973163,0.04330342406412826,0.04296175341997458,49,2
webis-touche2020,rr,10,0.01,weighted_cv,242,752,0.03626700273999114,0.04330342406412826,0.04296175341997458,49,2
webis-touche2020,rr,10,0.01,active_cv,242,752,0.06480659232894012,0.04330342406412826,0.04296175341997458,49,2
webis-touche2020,rr,10,0.01,weighted_cvl,242,752,0.03189661272323874,0.04330342406412826,0.04296175341997458,49,2
webis-touche2020,rr,10,0.01,uniform,243,751,0.06985952206029918,0.0340149770253339,0.05768517055126962,49,2
webis-touche2020,rr,10,0.01,uniform_nz,243,751,0.04366638278910946,0.0340149770253339,0.05768517055126962,49,2
webis-touche2020,rr,10,0.01,weighted,243,751,0.0340149770253339,0.0340149770253339,0.05768517055126962,49,2
webis-touche2020,rr,10,0.01,active_judge,243,751,0.08366709203402582,0.0340149770253339,0.05768517055126962,49,2
webis-touche2020,rr,10,0.01,strat_pilot,243,751,0.034370517689761515,0.0340149770253339,0.05768517055126962,49,2
webis-touche2020,rr,10,0.01,weighted_cv,243,751,0.030780121305646772,0.0340149770253339,0.05768517055126962,49,2
webis-touche2020,rr,10,0.01,active_cv,243,751,0.06247020540751547,0.0340149770253339,0.05768517055126962,49,2
webis-touche2020,rr,10,0.01,weighted_cvl,243,751,0.028589764085662616,0.0340149770253339,0.05768517055126962,49,2
webis-touche2020,rr,10,0.01,uniform,244,761,0.06188276562555495,0.031141485035961293,0.018104232368938246,49,0
webis-touche2020,rr,10,0.01,uniform_nz,244,761,0.03626701649218735,0.031141485035961293,0.018104232368938246,49,0
webis-touche2020,rr,10,0.01,weighted,244,761,0.031141485035961293,0.031141485035961293,0.018104232368938246,49,0
webis-touche2020,rr,10,0.01,active_judge,244,761,0.08338339027951935,0.031141485035961293,0.018104232368938246,49,0
webis-touche2020,rr,10,0.01,strat_pilot,244,761,0.031237089300805005,0.031141485035961293,0.018104232368938246,49,0
webis-touche2020,rr,10,0.01,weighted_cv,244,761,0.02644885103546682,0.031141485035961293,0.018104232368938246,49,0
webis-touche2020,rr,10,0.01,active_cv,244,761,0.05227945964015897,0.031141485035961293,0.018104232368938246,49,0
webis-touche2020,rr,10,0.01,weighted_cvl,244,761,0.024917410846927057,0.031141485035961293,0.018104232368938246,49,0
webis-touche2020,rr,10,0.01,uniform,245,760,0.07118233941188759,0.036419042621490906,0.04646460494294994,49,2
webis-touche2020,rr,10,0.01,uniform_nz,245,760,0.05460513973962614,0.036419042621490906,0.04646460494294994,49,2
webis-touche2020,rr,10,0.01,weighted,245,760,0.036419042621490906,0.036419042621490906,0.04646460494294994,49,2
webis-touche2020,rr,10,0.01,active_judge,245,760,0.10130318114428497,0.036419042621490906,0.04646460494294994,49,2
webis-touche2020,rr,10,0.01,strat_pilot,245,760,0.03708818470538981,0.036419042621490906,0.04646460494294994,49,2
webis-touche2020,rr,10,0.01,weighted_cv,245,760,0.03032054340456784,0.036419042621490906,0.04646460494294994,49,2
webis-touche2020,rr,10,0.01,active_cv,245,760,0.06209795461665522,0.036419042621490906,0.04646460494294994,49,2
webis-touche2020,rr,10,0.01,weighted_cvl,245,760,0.02809481397867707,0.036419042621490906,0.04646460494294994,49,2
webis-touche2020,rr,10,0.01,uniform,246,746,0.15299850949205426,0.05571854662681428,0.038698589307722436,49,2
webis-touche2020,rr,10,0.01,uniform_nz,246,746,0.08355020854205707,0.05571854662681428,0.038698589307722436,49,2
webis-touche2020,rr,10,0.01,weighted,246,746,0.05571854662681428,0.05571854662681428,0.038698589307722436,49,2
webis-touche2020,rr,10,0.01,active_judge,246,746,0.14745072645221574,0.05571854662681428,0.038698589307722436,49,2
webis-touche2020,rr,10,0.01,strat_pilot,246,746,0.056000395890389,0.05571854662681428,0.038698589307722436,49,2
webis-touche2020,rr,10,0.01,weighted_cv,246,746,0.044504767788727626,0.05571854662681428,0.038698589307722436,49,2
webis-touche2020,rr,10,0.01,active_cv,246,746,0.08576282453351058,0.05571854662681428,0.038698589307722436,49,2
webis-touche2020,rr,10,0.01,weighted_cvl,246,746,0.04127299808146927,0.05571854662681428,0.038698589307722436,49,2
webis-touche2020,rr,10,0.01,uniform,247,760,0.046981275504086165,0.026048060717879594,0.042820687366655855,49,2
webis-touche2020,rr,10,0.01,uniform_nz,247,760,0.03121314088594578,0.026048060717879594,0.042820687366655855,49,2
webis-touche2020,rr,10,0.01,weighted,247,760,0.026048060717879594,0.026048060717879594,0.042820687366655855,49,2
webis-touche2020,rr,10,0.01,active_judge,247,760,0.059348214802742036,0.026048060717879594,0.042820687366655855,49,2
webis-touche2020,rr,10,0.01,strat_pilot,247,760,0.026095969301884514,0.026048060717879594,0.042820687366655855,49,2
webis-touche2020,rr,10,0.01,weighted_cv,247,760,0.02186737516269725,0.026048060717879594,0.042820687366655855,49,2
webis-touche2020,rr,10,0.01,active_cv,247,760,0.038007378865281195,0.026048060717879594,0.042820687366655855,49,2
webis-touche2020,rr,10,0.01,weighted_cvl,247,760,0.021587038290822803,0.026048060717879594,0.042820687366655855,49,2
webis-touche2020,rr,10,0.01,uniform,248,781,0.08037099784981391,0.05625516119689918,0.05041568706777683,49,2
webis-touche2020,rr,10,0.01,uniform_nz,248,781,0.06789381652876822,0.05625516119689918,0.05041568706777683,49,2
webis-touche2020,rr,10,0.01,weighted,248,781,0.05625516119689918,0.05625516119689918,0.05041568706777683,49,2
webis-touche2020,rr,10,0.01,active_judge,248,781,0.10713698030280212,0.05625516119689918,0.05041568706777683,49,2
webis-touche2020,rr,10,0.01,strat_pilot,248,781,0.056644389660886786,0.05625516119689918,0.05041568706777683,49,2
webis-touche2020,rr,10,0.01,weighted_cv,248,781,0.051404610657308614,0.05625516119689918,0.05041568706777683,49,2
webis-touche2020,rr,10,0.01,active_cv,248,781,0.1044492208917512,0.05625516119689918,0.05041568706777683,49,2
webis-touche2020,rr,10,0.01,weighted_cvl,248,781,0.04589332738822426,0.05625516119689918,0.05041568706777683,49,2
webis-touche2020,rr,10,0.01,uniform,249,748,0.15750754717950655,0.05670962095234013,0.0594200437636129,49,2
webis-touche2020,rr,10,0.01,uniform_nz,249,748,0.09340042311023375,0.05670962095234013,0.0594200437636129,49,2
webis-touche2020,rr,10,0.01,weighted,249,748,0.05670962095234013,0.05670962095234013,0.0594200437636129,49,2
webis-touche2020,rr,10,0.01,active_judge,249,748,0.16259332058927808,0.05670962095234013,0.0594200437636129,49,2
webis-touche2020,rr,10,0.01,strat_pilot,249,748,0.05797963087431177,0.05670962095234013,0.0594200437636129,49,2
webis-touche2020,rr,10,0.01,weighted_cv,249,748,0.04411210666351585,0.05670962095234013,0.0594200437636129,49,2
webis-touche2020,rr,10,0.01,active_cv,249,748,0.0999540698927081,0.05670962095234013,0.0594200437636129,49,2
webis-touche2020,rr,10,0.01,weighted_cvl,249,748,0.03939495426951564,0.05670962095234013,0.0594200437636129,49,2
webis-touche2020,rr,10,0.01,uniform,250,761,0.14894295313149453,0.04326724623349085,0.05029838806156279,49,2
webis-touche2020,rr,10,0.01,uniform_nz,250,761,0.06654465499333026,0.04326724623349085,0.05029838806156279,49,2
webis-touche2020,rr,10,0.01,weighted,250,761,0.04326724623349085,0.04326724623349085,0.05029838806156279,49,2
webis-touche2020,rr,10,0.01,active_judge,250,761,0.13173082374834144,0.04326724623349085,0.05029838806156279,49,2
webis-touche2020,rr,10,0.01,strat_pilot,250,761,0.044573574485955135,0.04326724623349085,0.05029838806156279,49,2
webis-touche2020,rr,10,0.01,weighted_cv,250,761,0.03371439305956385,0.04326724623349085,0.05029838806156279,49,2
webis-touche2020,rr,10,0.01,active_cv,250,761,0.05950522189409384,0.04326724623349085,0.05029838806156279,49,2
webis-touche2020,rr,10,0.01,weighted_cvl,250,761,0.031776764740885796,0.04326724623349085,0.05029838806156279,49,2
webis-touche2020,rr,10,0.01,uniform,251,758,0.07364529709450107,0.049845545173525116,0.06305878863300787,49,2
webis-touche2020,rr,10,0.01,uniform_nz,251,758,0.059450187477252905,0.049845545173525116,0.06305878863300787,49,2
webis-touche2020,rr,10,0.01,weighted,251,758,0.049845545173525116,0.049845545173525116,0.06305878863300787,49,2
webis-touche2020,rr,10,0.01,active_judge,251,758,0.09843535638865811,0.049845545173525116,0.06305878863300787,49,2
webis-touche2020,rr,10,0.01,strat_pilot,251,758,0.05081097879446543,0.049845545173525116,0.06305878863300787,49,2
webis-touche2020,rr,10,0.01,weighted_cv,251,758,0.044523725548607326,0.049845545173525116,0.06305878863300787,49,2
webis-touche2020,rr,10,0.01,active_cv,251,758,0.08632291664768485,0.049845545173525116,0.06305878863300787,49,2
webis-touche2020,rr,10,0.01,weighted_cvl,251,758,0.03900013187468391,0.049845545173525116,0.06305878863300787,49,2
webis-touche2020,rr,10,0.01,uniform,252,750,0.10217371493315172,0.05806265521310244,0.06920620066208301,49,2
webis-touche2020,rr,10,0.01,uniform_nz,252,750,0.07002554572125949,0.05806265521310244,0.06920620066208301,49,2
webis-touche2020,rr,10,0.01,weighted,252,750,0.05806265521310244,0.05806265521310244,0.06920620066208301,49,2
webis-touche2020,rr,10,0.01,active_judge,252,750,0.14632360826945975,0.05806265521310244,0.06920620066208301,49,2
webis-touche2020,rr,10,0.01,strat_pilot,252,750,0.05858751073206825,0.05806265521310244,0.06920620066208301,49,2
webis-touche2020,rr,10,0.01,weighted_cv,252,750,0.05510737921139006,0.05806265521310244,0.06920620066208301,49,2
webis-touche2020,rr,10,0.01,active_cv,252,750,0.14025665188747455,0.05806265521310244,0.06920620066208301,49,2
webis-touche2020,rr,10,0.01,weighted_cvl,252,750,0.04822333733590977,0.05806265521310244,0.06920620066208301,49,2
webis-touche2020,rr,10,0.01,uniform,253,746,0.0677535817579469,0.03365373336927118,0.05094361328834339,49,2
webis-touche2020,rr,10,0.01,uniform_nz,253,746,0.042496091043582915,0.03365373336927118,0.05094361328834339,49,2
webis-touche2020,rr,10,0.01,weighted,253,746,0.03365373336927118,0.03365373336927118,0.05094361328834339,49,2
webis-touche2020,rr,10,0.01,active_judge,253,746,0.08551839424723882,0.03365373336927118,0.05094361328834339,49,2
webis-touche2020,rr,10,0.01,strat_pilot,253,746,0.034332824545939764,0.03365373336927118,0.05094361328834339,49,2
webis-touche2020,rr,10,0.01,weighted_cv,253,746,0.02862968179717377,0.03365373336927118,0.05094361328834339,49,2
webis-touche2020,rr,10,0.01,active_cv,253,746,0.057463049017447386,0.03365373336927118,0.05094361328834339,49,2
webis-touche2020,rr,10,0.01,weighted_cvl,253,746,0.026957137448939128,0.03365373336927118,0.05094361328834339,49,2
webis-touche2020,rr,10,0.01,uniform,254,750,0.1445195343157384,0.052201593808430855,0.0627576385733439,49,2
webis-touche2020,rr,10,0.01,uniform_nz,254,750,0.07460892462429987,0.052201593808430855,0.0627576385733439,49,2
webis-touche2020,rr,10,0.01,weighted,254,750,0.052201593808430855,0.052201593808430855,0.0627576385733439,49,2
webis-touche2020,rr,10,0.01,active_judge,254,750,0.1396950735906001,0.052201593808430855,0.0627576385733439,49,2
webis-touche2020,rr,10,0.01,strat_pilot,254,750,0.052978142714321476,0.052201593808430855,0.0627576385733439,49,2
webis-touche2020,rr,10,0.01,weighted_cv,254,750,0.041782447887537176,0.052201593808430855,0.0627576385733439,49,2
webis-touche2020,rr,10,0.01,active_cv,254,750,0.08049682173131376,0.052201593808430855,0.0627576385733439,49,2
webis-touche2020,rr,10,0.01,weighted_cvl,254,750,0.04048234686193134,0.052201593808430855,0.0627576385733439,49,2
webis-touche2020,rr,10,0.01,uniform,255,742,0.08605245758987234,0.048088146247411284,0.054447658493324114,49,2
webis-touche2020,rr,10,0.01,uniform_nz,255,742,0.06757662470304804,0.048088146247411284,0.054447658493324114,49,2
webis-touche2020,rr,10,0.01,weighted,255,742,0.048088146247411284,0.048088146247411284,0.054447658493324114,49,2
webis-touche2020,rr,10,0.01,active_judge,255,742,0.1285249341543082,0.048088146247411284,0.054447658493324114,49,2
webis-touche2020,rr,10,0.01,strat_pilot,255,742,0.04846531292069667,0.048088146247411284,0.054447658493324114,49,2
webis-touche2020,rr,10,0.01,weighted_cv,255,742,0.0455377925461561,0.048088146247411284,0.054447658493324114,49,2
webis-touche2020,rr,10,0.01,active_cv,255,742,0.10168899365281843,0.048088146247411284,0.054447658493324114,49,2
webis-touche2020,rr,10,0.01,weighted_cvl,255,742,0.039495497064612174,0.048088146247411284,0.054447658493324114,49,2
webis-touche2020,rr,10,0.01,uniform,256,762,0.1553279760295801,0.044048006620894205,0.0582771100333188,49,2
webis-touche2020,rr,10,0.01,uniform_nz,256,762,0.07681713438258989,0.044048006620894205,0.0582771100333188,49,2
webis-touche2020,rr,10,0.01,weighted,256,762,0.044048006620894205,0.044048006620894205,0.0582771100333188,49,2
webis-touche2020,rr,10,0.01,active_judge,256,762,0.1361352497289104,0.044048006620894205,0.0582771100333188,49,2
webis-touche2020,rr,10,0.01,strat_pilot,256,762,0.044871938051199975,0.044048006620894205,0.0582771100333188,49,2
webis-touche2020,rr,10,0.01,weighted_cv,256,762,0.03419807233660327,0.044048006620894205,0.0582771100333188,49,2
webis-touche2020,rr,10,0.01,active_cv,256,762,0.05427349070227146,0.044048006620894205,0.0582771100333188,49,2
webis-touche2020,rr,10,0.01,weighted_cvl,256,762,0.03101421792228929,0.044048006620894205,0.0582771100333188,49,2
webis-touche2020,rr,10,0.01,uniform,257,758,0.16225484588722003,0.05140415584465692,0.06291289541336653,49,2
webis-touche2020,rr,10,0.01,uniform_nz,257,758,0.0827543608629746,0.05140415584465692,0.06291289541336653,49,2
webis-touche2020,rr,10,0.01,weighted,257,758,0.05140415584465692,0.05140415584465692,0.06291289541336653,49,2
webis-touche2020,rr,10,0.01,active_judge,257,758,0.15691804621168165,0.05140415584465692,0.06291289541336653,49,2
webis-touche2020,rr,10,0.01,strat_pilot,257,758,0.05338084127113284,0.05140415584465692,0.06291289541336653,49,2
webis-touche2020,rr,10,0.01,weighted_cv,257,758,0.03795173624861374,0.05140415584465692,0.06291289541336653,49,2
webis-touche2020,rr,10,0.01,active_cv,257,758,0.06428348280254534,0.05140415584465692,0.06291289541336653,49,2
webis-touche2020,rr,10,0.01,weighted_cvl,257,758,0.035429060483694395,0.05140415584465692,0.06291289541336653,49,2
webis-touche2020,rr,10,0.01,uniform,258,759,0.14902523176719745,0.052830335337484824,0.04735996686479591,49,2
webis-touche2020,rr,10,0.01,uniform_nz,258,759,0.07867375194645324,0.052830335337484824,0.04735996686479591,49,2
webis-touche2020,rr,10,0.01,weighted,258,759,0.052830335337484824,0.052830335337484824,0.04735996686479591,49,2
webis-touche2020,rr,10,0.01,active_judge,258,759,0.14391349267375902,0.052830335337484824,0.04735996686479591,49,2
webis-touche2020,rr,10,0.01,strat_pilot,258,759,0.053501297419262586,0.052830335337484824,0.04735996686479591,49,2
webis-touche2020,rr,10,0.01,weighted_cv,258,759,0.04097409303192482,0.052830335337484824,0.04735996686479591,49,2
webis-touche2020,rr,10,0.01,active_cv,258,759,0.08692858292273556,0.052830335337484824,0.04735996686479591,49,2
webis-touche2020,rr,10,0.01,weighted_cvl,258,759,0.03809226082164639,0.052830335337484824,0.04735996686479591,49,2
webis-touche2020,rr,10,0.01,uniform,259,769,0.097039175228121,0.06401929854572082,0.07735436767780036,49,2
webis-touche2020,rr,10,0.01,uniform_nz,259,769,0.07242836041856551,0.06401929854572082,0.07735436767780036,49,2
webis-touche2020,rr,10,0.01,weighted,259,769,0.06401929854572082,0.06401929854572082,0.07735436767780036,49,2
webis-touche2020,rr,10,0.01,active_judge,259,769,0.1302144091711789,0.06401929854572082,0.07735436767780036,49,2
webis-touche2020,rr,10,0.01,strat_pilot,259,769,0.06461394778648123,0.06401929854572082,0.07735436767780036,49,2
webis-touche2020,rr,10,0.01,weighted_cv,259,769,0.056550758560882965,0.06401929854572082,0.07735436767780036,49,2
webis-touche2020,rr,10,0.01,active_cv,259,769,0.10955199970142035,0.06401929854572082,0.07735436767780036,49,2
webis-touche2020,rr,10,0.01,weighted_cvl,259,769,0.04920633751179802,0.06401929854572082,0.07735436767780036,49,2
webis-touche2020,rr,10,0.01,uniform,260,754,0.17223461796634687,0.06213249916351358,0.06647558259593865,49,2
webis-touche2020,rr,10,0.01,uniform_nz,260,754,0.09706508002598924,0.06213249916351358,0.06647558259593865,49,2
webis-touche2020,rr,10,0.01,weighted,260,754,0.06213249916351358,0.06213249916351358,0.06647558259593865,49,2
webis-touche2020,rr,10,0.01,active_judge,260,754,0.19092416234199722,0.06213249916351358,0.06647558259593865,49,2
webis-touche2020,rr,10,0.01,strat_pilot,260,754,0.06298330684517899,0.06213249916351358,0.06647558259593865,49,2
webis-touche2020,rr,10,0.01,weighted_cv,260,754,0.04847434310299224,0.06213249916351358,0.06647558259593865,49,2
webis-touche2020,rr,10,0.01,active_cv,260,754,0.09723147216844522,0.06213249916351358,0.06647558259593865,49,2
webis-touche2020,rr,10,0.01,weighted_cvl,260,754,0.04329469889497637,0.06213249916351358,0.06647558259593865,49,2
webis-touche2020,rr,10,0.01,uniform,261,769,0.08382879990625029,0.05409972377832255,0.04197753079991604,49,2
webis-touche2020,rr,10,0.01,uniform_nz,261,769,0.06467082277229472,0.05409972377832255,0.04197753079991604,49,2
webis-touche2020,rr,10,0.01,weighted,261,769,0.05409972377832255,0.05409972377832255,0.04197753079991604,49,2
webis-touche2020,rr,10,0.01,active_judge,261,769,0.12625116291061653,0.05409972377832255,0.04197753079991604,49,2
webis-touche2020,rr,10,0.01,strat_pilot,261,769,0.05501333971783508,0.05409972377832255,0.04197753079991604,49,2
webis-touche2020,rr,10,0.01,weighted_cv,261,769,0.04771181534282758,0.05409972377832255,0.04197753079991604,49,2
webis-touche2020,rr,10,0.01,active_cv,261,769,0.11228700546347285,0.05409972377832255,0.04197753079991604,49,2
webis-touche2020,rr,10,0.01,weighted_cvl,261,769,0.04428756256518336,0.05409972377832255,0.04197753079991604,49,2
webis-touche2020,rr,10,0.01,uniform,262,773,0.1643602037464115,0.060048653787103744,0.051599439975129835,49,2
webis-touche2020,rr,10,0.01,uniform_nz,262,773,0.08739678277375179,0.060048653787103744,0.051599439975129835,49,2
webis-touche2020,rr,10,0.01,weighted,262,773,0.060048653787103744,0.060048653787103744,0.051599439975129835,49,2
webis-touche2020,rr,10,0.01,active_judge,262,773,0.16244176213510575,0.060048653787103744,0.051599439975129835,49,2
webis-touche2020,rr,10,0.01,strat_pilot,262,773,0.06149875949428456,0.060048653787103744,0.051599439975129835,49,2
webis-touche2020,rr,10,0.01,weighted_cv,262,773,0.047581952376940594,0.060048653787103744,0.051599439975129835,49,2
webis-touche2020,rr,10,0.01,active_cv,262,773,0.08960437477180727,0.060048653787103744,0.051599439975129835,49,2
webis-touche2020,rr,10,0.01,weighted_cvl,262,773,0.045527033682286,0.060048653787103744,0.051599439975129835,49,2
webis-touche2020,rr,10,0.01,uniform,263,754,0.15668824867770878,0.04911833920440986,0.04634005987992056,49,2
webis-touche2020,rr,10,0.01,uniform_nz,263,754,0.07282589182659895,0.04911833920440986,0.04634005987992056,49,2
webis-touche2020,rr,10,0.01,weighted,263,754,0.04911833920440986,0.04911833920440986,0.04634005987992056,49,2
webis-touche2020,rr,10,0.01,active_judge,263,754,0.1383838168828929,0.04911833920440986,0.04634005987992056,49,2
webis-touche2020,rr,10,0.01,strat_pilot,263,754,0.04954625480620087,0.04911833920440986,0.04634005987992056,49,2
webis-touche2020,rr,10,0.01,weighted_cv,263,754,0.03920083104886631,0.04911833920440986,0.04634005987992056,49,2
webis-touche2020,rr,10,0.01,active_cv,263,754,0.06191272691313614,0.04911833920440986,0.04634005987992056,49,2
webis-touche2020,rr,10,0.01,weighted_cvl,263,754,0.034688246090614196,0.04911833920440986,0.04634005987992056,49,2
webis-touche2020,rr,10,0.01,uniform,264,754,0.06588430986816203,0.04011639688303566,0.07150249987818975,49,2
webis-touche2020,rr,10,0.01,uniform_nz,264,754,0.04898735409713089,0.04011639688303566,0.07150249987818975,49,2
webis-touche2020,rr,10,0.01,weighted,264,754,0.04011639688303566,0.04011639688303566,0.07150249987818975,49,2
webis-touche2020,rr,10,0.01,active_judge,264,754,0.08047396491848759,0.04011639688303566,0.07150249987818975,49,2
webis-touche2020,rr,10,0.01,strat_pilot,264,754,0.04017037069641901,0.04011639688303566,0.07150249987818975,49,2
webis-touche2020,rr,10,0.01,weighted_cv,264,754,0.03436734738946341,0.04011639688303566,0.07150249987818975,49,2
webis-touche2020,rr,10,0.01,active_cv,264,754,0.05922737899189545,0.04011639688303566,0.07150249987818975,49,2
webis-touche2020,rr,10,0.01,weighted_cvl,264,754,0.02994835467153307,0.04011639688303566,0.07150249987818975,49,2
webis-touche2020,rr,10,0.01,uniform,265,754,0.17510966796680466,0.0640679228516998,0.07304950487535629,49,2
webis-touche2020,rr,10,0.01,uniform_nz,265,754,0.10020838628426024,0.0640679228516998,0.07304950487535629,49,2
webis-touche2020,rr,10,0.01,weighted,265,754,0.0640679228516998,0.0640679228516998,0.07304950487535629,49,2
webis-touche2020,rr,10,0.01,active_judge,265,754,0.19259491673332507,0.0640679228516998,0.07304950487535629,49,2
webis-touche2020,rr,10,0.01,strat_pilot,265,754,0.06514499469564974,0.0640679228516998,0.07304950487535629,49,2
webis-touche2020,rr,10,0.01,weighted_cv,265,754,0.05305712211042081,0.0640679228516998,0.07304950487535629,49,2
webis-touche2020,rr,10,0.01,active_cv,265,754,0.11712975328826114,0.0640679228516998,0.07304950487535629,49,2
webis-touche2020,rr,10,0.01,weighted_cvl,265,754,0.04711376331610454,0.0640679228516998,0.07304950487535629,49,2
webis-touche2020,rr,10,0.01,uniform,266,762,0.1481590761899257,0.047921288202656086,0.045135464555760015,49,2
webis-touche2020,rr,10,0.01,uniform_nz,266,762,0.07351873419801777,0.047921288202656086,0.045135464555760015,49,2
webis-touche2020,rr,10,0.01,weighted,266,762,0.047921288202656086,0.047921288202656086,0.045135464555760015,49,2
webis-touche2020,rr,10,0.01,active_judge,266,762,0.12719104036468165,0.047921288202656086,0.045135464555760015,49,2
webis-touche2020,rr,10,0.01,strat_pilot,266,762,0.048484929256769047,0.047921288202656086,0.045135464555760015,49,2
webis-touche2020,rr,10,0.01,weighted_cv,266,762,0.03729610597627751,0.047921288202656086,0.045135464555760015,49,2
webis-touche2020,rr,10,0.01,active_cv,266,762,0.06338040069531997,0.047921288202656086,0.045135464555760015,49,2
webis-touche2020,rr,10,0.01,weighted_cvl,266,762,0.03628523924628106,0.047921288202656086,0.045135464555760015,49,2
webis-touche2020,rr,10,0.01,uniform,267,771,0.16164620655043,0.05581561387567276,0.04750971429957499,49,2
webis-touche2020,rr,10,0.01,uniform_nz,267,771,0.08429234750946846,0.05581561387567276,0.04750971429957499,49,2
webis-touche2020,rr,10,0.01,weighted,267,771,0.05581561387567276,0.05581561387567276,0.04750971429957499,49,2
webis-touche2020,rr,10,0.01,active_judge,267,771,0.14719753916304315,0.05581561387567276,0.04750971429957499,49,2
webis-touche2020,rr,10,0.01,strat_pilot,267,771,0.05580280368385644,0.05581561387567276,0.04750971429957499,49,2
webis-touche2020,rr,10,0.01,weighted_cv,267,771,0.04437441971782056,0.05581561387567276,0.04750971429957499,49,2
webis-touche2020,rr,10,0.01,active_cv,267,771,0.08908567355280728,0.05581561387567276,0.04750971429957499,49,2
webis-touche2020,rr,10,0.01,weighted_cvl,267,771,0.042446168911939954,0.05581561387567276,0.04750971429957499,49,2
webis-touche2020,rr,10,0.01,uniform,268,759,0.1515715799905923,0.05138386071950192,0.06485634659744566,49,2
webis-touche2020,rr,10,0.01,uniform_nz,268,759,0.07668596781242759,0.05138386071950192,0.06485634659744566,49,2
webis-touche2020,rr,10,0.01,weighted,268,759,0.05138386071950192,0.05138386071950192,0.06485634659744566,49,2
webis-touche2020,rr,10,0.01,active_judge,268,759,0.1374190990495389,0.05138386071950192,0.06485634659744566,49,2
webis-touche2020,rr,10,0.01,strat_pilot,268,759,0.052218084591016845,0.05138386071950192,0.06485634659744566,49,2
webis-touche2020,rr,10,0.01,weighted_cv,268,759,0.039923264056804755,0.05138386071950192,0.06485634659744566,49,2
webis-touche2020,rr,10,0.01,active_cv,268,759,0.08233091928071008,0.05138386071950192,0.06485634659744566,49,2
webis-touche2020,rr,10,0.01,weighted_cvl,268,759,0.037016928057220795,0.05138386071950192,0.06485634659744566,49,2
webis-touche2020,rr,10,0.01,uniform,269,762,0.09137453982595214,0.05987576256557359,0.059154132775262804,49,2
webis-touche2020,rr,10,0.01,uniform_nz,269,762,0.07266398310977457,0.05987576256557359,0.059154132775262804,49,2
webis-touche2020,rr,10,0.01,weighted,269,762,0.05987576256557359,0.05987576256557359,0.059154132775262804,49,2
webis-touche2020,rr,10,0.01,active_judge,269,762,0.11876798401812283,0.05987576256557359,0.059154132775262804,49,2
webis-touche2020,rr,10,0.01,strat_pilot,269,762,0.06006184134584678,0.05987576256557359,0.059154132775262804,49,2
webis-touche2020,rr,10,0.01,weighted_cv,269,762,0.053639833350888344,0.05987576256557359,0.059154132775262804,49,2
webis-touche2020,rr,10,0.01,active_cv,269,762,0.1150981161815173,0.05987576256557359,0.059154132775262804,49,2
webis-touche2020,rr,10,0.01,weighted_cvl,269,762,0.050238541857703364,0.05987576256557359,0.059154132775262804,49,2
webis-touche2020,rr,10,0.01,uniform,270,777,0.07505790143846233,0.03774881109824246,0.059353582505672284,49,2
webis-touche2020,rr,10,0.01,uniform_nz,270,777,0.04949523584254654,0.03774881109824246,0.059353582505672284,49,2
webis-touche2020,rr,10,0.01,weighted,270,777,0.03774881109824246,0.03774881109824246,0.059353582505672284,49,2
webis-touche2020,rr,10,0.01,active_judge,270,777,0.08630627826130141,0.03774881109824246,0.059353582505672284,49,2
webis-touche2020,rr,10,0.01,strat_pilot,270,777,0.03780050583671265,0.03774881109824246,0.059353582505672284,49,2
webis-touche2020,rr,10,0.01,weighted_cv,270,777,0.03187537686696487,0.03774881109824246,0.059353582505672284,49,2
webis-touche2020,rr,10,0.01,active_cv,270,777,0.05549921382360031,0.03774881109824246,0.059353582505672284,49,2
webis-touche2020,rr,10,0.01,weighted_cvl,270,777,0.031011488330836622,0.03774881109824246,0.059353582505672284,49,2
webis-touche2020,rr,10,0.01,uniform,271,760,0.05536867149688311,0.029388772745195572,0.01364342881061148,49,0
webis-touche2020,rr,10,0.01,uniform_nz,271,760,0.04489556158638873,0.029388772745195572,0.01364342881061148,49,0
webis-touche2020,rr,10,0.01,weighted,271,760,0.029388772745195572,0.029388772745195572,0.01364342881061148,49,0
webis-touche2020,rr,10,0.01,active_judge,271,760,0.07146220976895395,0.029388772745195572,0.01364342881061148,49,0
webis-touche2020,rr,10,0.01,strat_pilot,271,760,0.02867446464969267,0.029388772745195572,0.01364342881061148,49,0
webis-touche2020,rr,10,0.01,weighted_cv,271,760,0.024973658670817443,0.029388772745195572,0.01364342881061148,49,0
webis-touche2020,rr,10,0.01,active_cv,271,760,0.04746493927520248,0.029388772745195572,0.01364342881061148,49,0
webis-touche2020,rr,10,0.01,weighted_cvl,271,760,0.024943409548464433,0.029388772745195572,0.01364342881061148,49,0
webis-touche2020,rr,10,0.01,uniform,272,766,0.16133300372691323,0.05054431901341081,0.06637481081745113,49,2
webis-touche2020,rr,10,0.01,uniform_nz,272,766,0.08328500745900966,0.05054431901341081,0.06637481081745113,49,2
webis-touche2020,rr,10,0.01,weighted,272,766,0.05054431901341081,0.05054431901341081,0.06637481081745113,49,2
webis-touche2020,rr,10,0.01,active_judge,272,766,0.1462292480414267,0.05054431901341081,0.06637481081745113,49,2
webis-touche2020,rr,10,0.01,strat_pilot,272,766,0.05180658000314011,0.05054431901341081,0.06637481081745113,49,2
webis-touche2020,rr,10,0.01,weighted_cv,272,766,0.03988679378183009,0.05054431901341081,0.06637481081745113,49,2
webis-touche2020,rr,10,0.01,active_cv,272,766,0.08170295743347276,0.05054431901341081,0.06637481081745113,49,2
webis-touche2020,rr,10,0.01,weighted_cvl,272,766,0.03625791347177405,0.05054431901341081,0.06637481081745113,49,2
webis-touche2020,rr,10,0.01,uniform,273,759,0.07790349924106324,0.05295882091731243,0.04257332961019527,49,2
webis-touche2020,rr,10,0.01,uniform_nz,273,759,0.0628172185667295,0.05295882091731243,0.04257332961019527,49,2
webis-touche2020,rr,10,0.01,weighted,273,759,0.05295882091731243,0.05295882091731243,0.04257332961019527,49,2
webis-touche2020,rr,10,0.01,active_judge,273,759,0.12358170473504351,0.05295882091731243,0.04257332961019527,49,2
webis-touche2020,rr,10,0.01,strat_pilot,273,759,0.05336958880870206,0.05295882091731243,0.04257332961019527,49,2
webis-touche2020,rr,10,0.01,weighted_cv,273,759,0.045876096144880266,0.05295882091731243,0.04257332961019527,49,2
webis-touche2020,rr,10,0.01,active_cv,273,759,0.10046515530474762,0.05295882091731243,0.04257332961019527,49,2
webis-touche2020,rr,10,0.01,weighted_cvl,273,759,0.042621677005809155,0.05295882091731243,0.04257332961019527,49,2
webis-touche2020,rr,10,0.01,uniform,274,741,0.17479173696817904,0.05553024835551147,0.05737577900542295,49,2
webis-touche2020,rr,10,0.01,uniform_nz,274,741,0.08976292723765181,0.05553024835551147,0.05737577900542295,49,2
webis-touche2020,rr,10,0.01,weighted,274,741,0.05553024835551147,0.05553024835551147,0.05737577900542295,49,2
webis-touche2020,rr,10,0.01,active_judge,274,741,0.1692634792887241,0.05553024835551147,0.05737577900542295,49,2
webis-touche2020,rr,10,0.01,strat_pilot,274,741,0.056694933553865526,0.05553024835551147,0.05737577900542295,49,2
webis-touche2020,rr,10,0.01,weighted_cv,274,741,0.04253048100707719,0.05553024835551147,0.05737577900542295,49,2
webis-touche2020,rr,10,0.01,active_cv,274,741,0.08869670717859798,0.05553024835551147,0.05737577900542295,49,2
webis-touche2020,rr,10,0.01,weighted_cvl,274,741,0.03791770786911204,0.05553024835551147,0.05737577900542295,49,2
webis-touche2020,rr,10,0.01,uniform,275,742,0.15725983389746978,0.05647850884017064,0.060262578237036436,49,2
webis-touche2020,rr,10,0.01,uniform_nz,275,742,0.08038956378948028,0.05647850884017064,0.060262578237036436,49,2
webis-touche2020,rr,10,0.01,weighted,275,742,0.05647850884017064,0.05647850884017064,0.060262578237036436,49,2
webis-touche2020,rr,10,0.01,active_judge,275,742,0.16213263667284566,0.05647850884017064,0.060262578237036436,49,2
webis-touche2020,rr,10,0.01,strat_pilot,275,742,0.05714785578070628,0.05647850884017064,0.060262578237036436,49,2
webis-touche2020,rr,10,0.01,weighted_cv,275,742,0.04448838749663091,0.05647850884017064,0.060262578237036436,49,2
webis-touche2020,rr,10,0.01,active_cv,275,742,0.07157535127325931,0.05647850884017064,0.060262578237036436,49,2
webis-touche2020,rr,10,0.01,weighted_cvl,275,742,0.04008444236765518,0.05647850884017064,0.060262578237036436,49,2
webis-touche2020,rr,10,0.01,uniform,276,758,0.06632094146659369,0.044068491180838644,0.04972337894590217,49,2
webis-touche2020,rr,10,0.01,uniform_nz,276,758,0.053718518526255886,0.044068491180838644,0.04972337894590217,49,2
webis-touche2020,rr,10,0.01,weighted,276,758,0.044068491180838644,0.044068491180838644,0.04972337894590217,49,2
webis-touche2020,rr,10,0.01,active_judge,276,758,0.09068040256887674,0.044068491180838644,0.04972337894590217,49,2
webis-touche2020,rr,10,0.01,strat_pilot,276,758,0.044616289187564086,0.044068491180838644,0.04972337894590217,49,2
webis-touche2020,rr,10,0.01,weighted_cv,276,758,0.03884380915686804,0.044068491180838644,0.04972337894590217,49,2
webis-touche2020,rr,10,0.01,active_cv,276,758,0.0875130675394319,0.044068491180838644,0.04972337894590217,49,2
webis-touche2020,rr,10,0.01,weighted_cvl,276,758,0.03439605160507187,0.044068491180838644,0.04972337894590217,49,2
webis-touche2020,rr,10,0.01,uniform,277,763,0.09742950381041264,0.07370380005884469,0.08954937566331547,49,2
webis-touche2020,rr,10,0.01,uniform_nz,277,763,0.0856736757807756,0.07370380005884469,0.08954937566331547,49,2
webis-touche2020,rr,10,0.01,weighted,277,763,0.07370380005884469,0.07370380005884469,0.08954937566331547,49,2
webis-touche2020,rr,10,0.01,active_judge,277,763,0.15702616320610435,0.07370380005884469,0.08954937566331547,49,2
webis-touche2020,rr,10,0.01,strat_pilot,277,763,0.07405521090470732,0.07370380005884469,0.08954937566331547,49,2
webis-touche2020,rr,10,0.01,weighted_cv,277,763,0.06625238846188033,0.07370380005884469,0.08954937566331547,49,2
webis-touche2020,rr,10,0.01,active_cv,277,763,0.14265196248664253,0.07370380005884469,0.08954937566331547,49,2
webis-touche2020,rr,10,0.01,weighted_cvl,277,763,0.06047589941630642,0.07370380005884469,0.08954937566331547,49,2
webis-touche2020,rr,10,0.01,uniform,278,752,0.08781065420719357,0.05672192632675647,0.0669881043019588,49,2
webis-touche2020,rr,10,0.01,uniform_nz,278,752,0.06634537670368519,0.05672192632675647,0.0669881043019588,49,2
webis-touche2020,rr,10,0.01,weighted,278,752,0.05672192632675647,0.05672192632675647,0.0669881043019588,49,2
webis-touche2020,rr,10,0.01,active_judge,278,752,0.13151757909326448,0.05672192632675647,0.0669881043019588,49,2
webis-touche2020,rr,10,0.01,strat_pilot,278,752,0.057922378795555354,0.05672192632675647,0.0669881043019588,49,2
webis-touche2020,rr,10,0.01,weighted_cv,278,752,0.047832499960659434,0.05672192632675647,0.0669881043019588,49,2
webis-touche2020,rr,10,0.01,active_cv,278,752,0.09382878544932928,0.05672192632675647,0.0669881043019588,49,2
webis-touche2020,rr,10,0.01,weighted_cvl,278,752,0.04427171260195558,0.05672192632675647,0.0669881043019588,49,2
webis-touche2020,rr,10,0.01,uniform,279,761,0.1047791107909584,0.05868204693144095,0.058007295893434674,49,2
webis-touche2020,rr,10,0.01,uniform_nz,279,761,0.0812509536693766,0.05868204693144095,0.058007295893434674,49,2
webis-touche2020,rr,10,0.01,weighted,279,761,0.05868204693144095,0.05868204693144095,0.058007295893434674,49,2
webis-touche2020,rr,10,0.01,active_judge,279,761,0.1321060733272284,0.05868204693144095,0.058007295893434674,49,2
webis-touche2020,rr,10,0.01,strat_pilot,279,761,0.05932949523248569,0.05868204693144095,0.058007295893434674,49,2
webis-touche2020,rr,10,0.01,weighted_cv,279,761,0.05405226512741779,0.05868204693144095,0.058007295893434674,49,2
webis-touche2020,rr,10,0.01,active_cv,279,761,0.13525265221674293,0.05868204693144095,0.058007295893434674,49,2
webis-touche2020,rr,10,0.01,weighted_cvl,279,761,0.0475532554726653,0.05868204693144095,0.058007295893434674,49,2
webis-touche2020,rr,10,0.01,uniform,280,758,0.08082061056756931,0.04669047819888476,0.05548835969821297,49,2
webis-touche2020,rr,10,0.01,uniform_nz,280,758,0.058248478180163654,0.04669047819888476,0.05548835969821297,49,2
webis-touche2020,rr,10,0.01,weighted,280,758,0.04669047819888476,0.04669047819888476,0.05548835969821297,49,2
webis-touche2020,rr,10,0.01,active_judge,280,758,0.10136356896354252,0.04669047819888476,0.05548835969821297,49,2
webis-touche2020,rr,10,0.01,strat_pilot,280,758,0.047687345814103346,0.04669047819888476,0.05548835969821297,49,2
webis-touche2020,rr,10,0.01,weighted_cv,280,758,0.041523927000193486,0.04669047819888476,0.05548835969821297,49,2
webis-touche2020,rr,10,0.01,active_cv,280,758,0.08920177299522306,0.04669047819888476,0.05548835969821297,49,2
webis-touche2020,rr,10,0.01,weighted_cvl,280,758,0.03903671997648376,0.04669047819888476,0.05548835969821297,49,2
webis-touche2020,rr,10,0.01,uniform,281,753,0.09998966737789582,0.058524122741035446,0.05502809435308762,49,2
webis-touche2020,rr,10,0.01,uniform_nz,281,753,0.08318634147211938,0.058524122741035446,0.05502809435308762,49,2
webis-touche2020,rr,10,0.01,weighted,281,753,0.058524122741035446,0.058524122741035446,0.05502809435308762,49,2
webis-touche2020,rr,10,0.01,active_judge,281,753,0.14348103574510093,0.058524122741035446,0.05502809435308762,49,2
webis-touche2020,rr,10,0.01,strat_pilot,281,753,0.058694756617938014,0.058524122741035446,0.05502809435308762,49,2
webis-touche2020,rr,10,0.01,weighted_cv,281,753,0.05165146414859813,0.058524122741035446,0.05502809435308762,49,2
webis-touche2020,rr,10,0.01,active_cv,281,753,0.12401062341509612,0.058524122741035446,0.05502809435308762,49,2
webis-touche2020,rr,10,0.01,weighted_cvl,281,753,0.04850469846639307,0.058524122741035446,0.05502809435308762,49,2
webis-touche2020,rr,10,0.01,uniform,282,764,0.16915650460565473,0.059136990026407155,0.06517029879878175,49,2
webis-touche2020,rr,10,0.01,uniform_nz,282,764,0.09392766058229925,0.059136990026407155,0.06517029879878175,49,2
webis-touche2020,rr,10,0.01,weighted,282,764,0.059136990026407155,0.059136990026407155,0.06517029879878175,49,2
webis-touche2020,rr,10,0.01,active_judge,282,764,0.17436068745562266,0.059136990026407155,0.06517029879878175,49,2
webis-touche2020,rr,10,0.01,strat_pilot,282,764,0.06178175257533961,0.059136990026407155,0.06517029879878175,49,2
webis-touche2020,rr,10,0.01,weighted_cv,282,764,0.04449287781070524,0.059136990026407155,0.06517029879878175,49,2
webis-touche2020,rr,10,0.01,active_cv,282,764,0.07488442090572266,0.059136990026407155,0.06517029879878175,49,2
webis-touche2020,rr,10,0.01,weighted_cvl,282,764,0.04028872937495205,0.059136990026407155,0.06517029879878175,49,2
webis-touche2020,rr,10,0.01,uniform,283,765,0.08623721050455495,0.05195893781470817,0.06653309986940018,49,2
webis-touche2020,rr,10,0.01,uniform_nz,283,765,0.07013510275753601,0.05195893781470817,0.06653309986940018,49,2
webis-touche2020,rr,10,0.01,weighted,283,765,0.05195893781470817,0.05195893781470817,0.06653309986940018,49,2
webis-touche2020,rr,10,0.01,active_judge,283,765,0.13171337944686665,0.05195893781470817,0.06653309986940018,49,2
webis-touche2020,rr,10,0.01,strat_pilot,283,765,0.05293646689347835,0.05195893781470817,0.06653309986940018,49,2
webis-touche2020,rr,10,0.01,weighted_cv,283,765,0.0452595661301798,0.05195893781470817,0.06653309986940018,49,2
webis-touche2020,rr,10,0.01,active_cv,283,765,0.09593508799486566,0.05195893781470817,0.06653309986940018,49,2
webis-touche2020,rr,10,0.01,weighted_cvl,283,765,0.03923093975952154,0.05195893781470817,0.06653309986940018,49,2
webis-touche2020,rr,10,0.01,uniform,284,759,0.08121572079220193,0.046082144781810455,0.04230822564250685,49,2
webis-touche2020,rr,10,0.01,uniform_nz,284,759,0.056194972165774695,0.046082144781810455,0.04230822564250685,49,2
webis-touche2020,rr,10,0.01,weighted,284,759,0.046082144781810455,0.046082144781810455,0.04230822564250685,49,2
webis-touche2020,rr,10,0.01,active_judge,284,759,0.10163126719740372,0.046082144781810455,0.04230822564250685,49,2
webis-touche2020,rr,10,0.01,strat_pilot,284,759,0.04663926339228312,0.046082144781810455,0.04230822564250685,49,2
webis-touche2020,rr,10,0.01,weighted_cv,284,759,0.039926415226109034,0.046082144781810455,0.04230822564250685,49,2
webis-touche2020,rr,10,0.01,active_cv,284,759,0.07160068124543059,0.046082144781810455,0.04230822564250685,49,2
webis-touche2020,rr,10,0.01,weighted_cvl,284,759,0.03535752841690356,0.046082144781810455,0.04230822564250685,49,2
webis-touche2020,rr,10,0.01,uniform,285,771,0.17020674345394066,0.05705893728710143,0.03615265828655922,49,2
webis-touche2020,rr,10,0.01,uniform_nz,285,771,0.09117559817990104,0.05705893728710143,0.03615265828655922,49,2
webis-touche2020,rr,10,0.01,weighted,285,771,0.05705893728710143,0.05705893728710143,0.03615265828655922,49,2
webis-touche2020,rr,10,0.01,active_judge,285,771,0.1674066634709039,0.05705893728710143,0.03615265828655922,49,2
webis-touche2020,rr,10,0.01,strat_pilot,285,771,0.058162026726038374,0.05705893728710143,0.03615265828655922,49,2
webis-touche2020,rr,10,0.01,weighted_cv,285,771,0.04321165108160692,0.05705893728710143,0.03615265828655922,49,2
webis-touche2020,rr,10,0.01,active_cv,285,771,0.08528586286031192,0.05705893728710143,0.03615265828655922,49,2
webis-touche2020,rr,10,0.01,weighted_cvl,285,771,0.03987250940190221,0.05705893728710143,0.03615265828655922,49,2
webis-touche2020,rr,10,0.01,uniform,286,750,0.07879265398520298,0.040361044349906526,0.04717677641005142,49,2
webis-touche2020,rr,10,0.01,uniform_nz,286,750,0.05891589920900211,0.040361044349906526,0.04717677641005142,49,2
webis-touche2020,rr,10,0.01,weighted,286,750,0.040361044349906526,0.040361044349906526,0.04717677641005142,49,2
webis-touche2020,rr,10,0.01,active_judge,286,750,0.10435677746759087,0.040361044349906526,0.04717677641005142,49,2
webis-touche2020,rr,10,0.01,strat_pilot,286,750,0.04121948922851872,0.040361044349906526,0.04717677641005142,49,2
webis-touche2020,rr,10,0.01,weighted_cv,286,750,0.036137756920623564,0.040361044349906526,0.04717677641005142,49,2
webis-touche2020,rr,10,0.01,active_cv,286,750,0.0863276803404198,0.040361044349906526,0.04717677641005142,49,2
webis-touche2020,rr,10,0.01,weighted_cvl,286,750,0.03262771842706933,0.040361044349906526,0.04717677641005142,49,2
webis-touche2020,rr,10,0.01,uniform,287,758,0.17808894031552053,0.06961402481165842,0.0794010532512013,49,2
webis-touche2020,rr,10,0.01,uniform_nz,287,758,0.10406899561211307,0.06961402481165842,0.0794010532512013,49,2
webis-touche2020,rr,10,0.01,weighted,287,758,0.06961402481165842,0.06961402481165842,0.0794010532512013,49,2
webis-touche2020,rr,10,0.01,active_judge,287,758,0.19711823385121793,0.06961402481165842,0.0794010532512013,49,2
webis-touche2020,rr,10,0.01,strat_pilot,287,758,0.07090019946881772,0.06961402481165842,0.0794010532512013,49,2
webis-touche2020,rr,10,0.01,weighted_cv,287,758,0.05427104923088919,0.06961402481165842,0.0794010532512013,49,2
webis-touche2020,rr,10,0.01,active_cv,287,758,0.0954071108185762,0.06961402481165842,0.0794010532512013,49,2
webis-touche2020,rr,10,0.01,weighted_cvl,287,758,0.04910928092243187,0.06961402481165842,0.0794010532512013,49,2
webis-touche2020,rr,10,0.01,uniform,288,752,0.15936862226949225,0.05186035956959134,0.049016379332168826,49,2
webis-touche2020,rr,10,0.01,uniform_nz,288,752,0.08534788041541891,0.05186035956959134,0.049016379332168826,49,2
webis-touche2020,rr,10,0.01,weighted,288,752,0.05186035956959134,0.05186035956959134,0.049016379332168826,49,2
webis-touche2020,rr,10,0.01,active_judge,288,752,0.1610209417572112,0.05186035956959134,0.049016379332168826,49,2
webis-touche2020,rr,10,0.01,strat_pilot,288,752,0.05193180259306324,0.05186035956959134,0.049016379332168826,49,2
webis-touche2020,rr,10,0.01,weighted_cv,288,752,0.0388886305551371,0.05186035956959134,0.049016379332168826,49,2
webis-touche2020,rr,10,0.01,active_cv,288,752,0.07758301759822853,0.05186035956959134,0.049016379332168826,49,2
webis-touche2020,rr,10,0.01,weighted_cvl,288,752,0.0345014768659679,0.05186035956959134,0.049016379332168826,49,2
webis-touche2020,rr,10,0.01,uniform,289,778,0.07418784646549542,0.03365198561215493,0.02813665639187242,49,2
webis-touche2020,rr,10,0.01,uniform_nz,289,778,0.05178887267169128,0.03365198561215493,0.02813665639187242,49,2
webis-touche2020,rr,10,0.01,weighted,289,778,0.03365198561215493,0.03365198561215493,0.02813665639187242,49,2
webis-touche2020,rr,10,0.01,active_judge,289,778,0.08821703274517034,0.03365198561215493,0.02813665639187242,49,2
webis-touche2020,rr,10,0.01,strat_pilot,289,778,0.03420748199153474,0.03365198561215493,0.02813665639187242,49,2
webis-touche2020,rr,10,0.01,weighted_cv,289,778,0.0280225896210606,0.03365198561215493,0.02813665639187242,49,2
webis-touche2020,rr,10,0.01,active_cv,289,778,0.05744723948422896,0.03365198561215493,0.02813665639187242,49,2
webis-touche2020,rr,10,0.01,weighted_cvl,289,778,0.02545220725449173,0.03365198561215493,0.02813665639187242,49,2
webis-touche2020,rr,10,0.01,uniform,290,754,0.08166185911408666,0.041710890460583225,0.060316780570650555,49,2
webis-touche2020,rr,10,0.01,uniform_nz,290,754,0.058798602097526284,0.041710890460583225,0.060316780570650555,49,2
webis-touche2020,rr,10,0.01,weighted,290,754,0.041710890460583225,0.041710890460583225,0.060316780570650555,49,2
webis-touche2020,rr,10,0.01,active_judge,290,754,0.1085327782655833,0.041710890460583225,0.060316780570650555,49,2
webis-touche2020,rr,10,0.01,strat_pilot,290,754,0.041828091868145484,0.041710890460583225,0.060316780570650555,49,2
webis-touche2020,rr,10,0.01,weighted_cv,290,754,0.03697206895881333,0.041710890460583225,0.060316780570650555,49,2
webis-touche2020,rr,10,0.01,active_cv,290,754,0.08010228295593821,0.041710890460583225,0.060316780570650555,49,2
webis-touche2020,rr,10,0.01,weighted_cvl,290,754,0.03115390010092211,0.041710890460583225,0.060316780570650555,49,2
webis-touche2020,rr,10,0.01,uniform,291,754,0.06912734072687834,0.03483126702378355,0.009593709738833577,49,0
webis-touche2020,rr,10,0.01,uniform_nz,291,754,0.051313242251944155,0.03483126702378355,0.009593709738833577,49,0
webis-touche2020,rr,10,0.01,weighted,291,754,0.03483126702378355,0.03483126702378355,0.009593709738833577,49,0
webis-touche2020,rr,10,0.01,active_judge,291,754,0.08960307103607737,0.03483126702378355,0.009593709738833577,49,0
webis-touche2020,rr,10,0.01,strat_pilot,291,754,0.03485819435665262,0.03483126702378355,0.009593709738833577,49,0
webis-touche2020,rr,10,0.01,weighted_cv,291,754,0.02911953969679626,0.03483126702378355,0.009593709738833577,49,0
webis-touche2020,rr,10,0.01,active_cv,291,754,0.06144480344979928,0.03483126702378355,0.009593709738833577,49,0
webis-touche2020,rr,10,0.01,weighted_cvl,291,754,0.026595234744502018,0.03483126702378355,0.009593709738833577,49,0
webis-touche2020,rr,10,0.01,uniform,292,765,0.1456195557512283,0.047891101244249674,0.06604774113055847,49,2
webis-touche2020,rr,10,0.01,uniform_nz,292,765,0.07249807353959373,0.047891101244249674,0.06604774113055847,49,2
webis-touche2020,rr,10,0.01,weighted,292,765,0.047891101244249674,0.047891101244249674,0.06604774113055847,49,2
webis-touche2020,rr,10,0.01,active_judge,292,765,0.12886784385934896,0.047891101244249674,0.06604774113055847,49,2
webis-touche2020,rr,10,0.01,strat_pilot,292,765,0.04822978148053407,0.047891101244249674,0.06604774113055847,49,2
webis-touche2020,rr,10,0.01,weighted_cv,292,765,0.03542159121577713,0.047891101244249674,0.06604774113055847,49,2
webis-touche2020,rr,10,0.01,active_cv,292,765,0.06255049695239145,0.047891101244249674,0.06604774113055847,49,2
webis-touche2020,rr,10,0.01,weighted_cvl,292,765,0.033079576052008335,0.047891101244249674,0.06604774113055847,49,2
webis-touche2020,rr,10,0.01,uniform,293,769,0.153705706602491,0.04974157497516908,0.013304568926085964,49,0
webis-touche2020,rr,10,0.01,uniform_nz,293,769,0.07209956880051105,0.04974157497516908,0.013304568926085964,49,0
webis-touche2020,rr,10,0.01,weighted,293,769,0.04974157497516908,0.04974157497516908,0.013304568926085964,49,0
webis-touche2020,rr,10,0.01,active_judge,293,769,0.13744619170915462,0.04974157497516908,0.013304568926085964,49,0
webis-touche2020,rr,10,0.01,strat_pilot,293,769,0.05006413703417527,0.04974157497516908,0.013304568926085964,49,0
webis-touche2020,rr,10,0.01,weighted_cv,293,769,0.04022719669932748,0.04974157497516908,0.013304568926085964,49,0
webis-touche2020,rr,10,0.01,active_cv,293,769,0.07382623045016554,0.04974157497516908,0.013304568926085964,49,0
webis-touche2020,rr,10,0.01,weighted_cvl,293,769,0.03586597558889538,0.04974157497516908,0.013304568926085964,49,0
webis-touche2020,rr,10,0.01,uniform,294,756,0.15124964141530262,0.05106346865240171,0.047227956426098845,49,2
webis-touche2020,rr,10,0.01,uniform_nz,294,756,0.07485930302253334,0.05106346865240171,0.047227956426098845,49,2
webis-touche2020,rr,10,0.01,weighted,294,756,0.05106346865240171,0.05106346865240171,0.047227956426098845,49,2
webis-touche2020,rr,10,0.01,active_judge,294,756,0.14095721392866198,0.05106346865240171,0.047227956426098845,49,2
webis-touche2020,rr,10,0.01,strat_pilot,294,756,0.051717052829933406,0.05106346865240171,0.047227956426098845,49,2
webis-touche2020,rr,10,0.01,weighted_cv,294,756,0.04020024720959901,0.05106346865240171,0.047227956426098845,49,2
webis-touche2020,rr,10,0.01,active_cv,294,756,0.0669415207529644,0.05106346865240171,0.047227956426098845,49,2
webis-touche2020,rr,10,0.01,weighted_cvl,294,756,0.03712768423796162,0.05106346865240171,0.047227956426098845,49,2
webis-touche2020,rr,10,0.01,uniform,295,774,0.10796495625619121,0.07315755684934491,0.102049236969363,49,2
webis-touche2020,rr,10,0.01,uniform_nz,295,774,0.08174806947598356,0.07315755684934491,0.102049236969363,49,2
webis-touche2020,rr,10,0.01,weighted,295,774,0.07315755684934491,0.07315755684934491,0.102049236969363,49,2
webis-touche2020,rr,10,0.01,active_judge,295,774,0.15297551815497115,0.07315755684934491,0.102049236969363,49,2
webis-touche2020,rr,10,0.01,strat_pilot,295,774,0.07393481946711725,0.07315755684934491,0.102049236969363,49,2
webis-touche2020,rr,10,0.01,weighted_cv,295,774,0.06404168532434414,0.07315755684934491,0.102049236969363,49,2
webis-touche2020,rr,10,0.01,active_cv,295,774,0.1315216899753829,0.07315755684934491,0.102049236969363,49,2
webis-touche2020,rr,10,0.01,weighted_cvl,295,774,0.05699987866472574,0.07315755684934491,0.102049236969363,49,2
webis-touche2020,rr,10,0.01,uniform,296,765,0.14852621687409212,0.050468485999207904,0.050639287813436414,49,2
webis-touche2020,rr,10,0.01,uniform_nz,296,765,0.07539513899013502,0.050468485999207904,0.050639287813436414,49,2
webis-touche2020,rr,10,0.01,weighted,296,765,0.050468485999207904,0.050468485999207904,0.050639287813436414,49,2
webis-touche2020,rr,10,0.01,active_judge,296,765,0.13328885760645975,0.050468485999207904,0.050639287813436414,49,2
webis-touche2020,rr,10,0.01,strat_pilot,296,765,0.051066908748481445,0.050468485999207904,0.050639287813436414,49,2
webis-touche2020,rr,10,0.01,weighted_cv,296,765,0.03932177256579036,0.050468485999207904,0.050639287813436414,49,2
webis-touche2020,rr,10,0.01,active_cv,296,765,0.0673666682666983,0.050468485999207904,0.050639287813436414,49,2
webis-touche2020,rr,10,0.01,weighted_cvl,296,765,0.036154418015040594,0.050468485999207904,0.050639287813436414,49,2
webis-touche2020,rr,10,0.01,uniform,297,762,0.15871436024606514,0.05270049794033856,0.04095280851348288,49,2
webis-touche2020,rr,10,0.01,uniform_nz,297,762,0.07676581066465545,0.05270049794033856,0.04095280851348288,49,2
webis-touche2020,rr,10,0.01,weighted,297,762,0.05270049794033856,0.05270049794033856,0.04095280851348288,49,2
webis-touche2020,rr,10,0.01,active_judge,297,762,0.1535263535100766,0.05270049794033856,0.04095280851348288,49,2
webis-touche2020,rr,10,0.01,strat_pilot,297,762,0.05339729859535499,0.05270049794033856,0.04095280851348288,49,2
webis-touche2020,rr,10,0.01,weighted_cv,297,762,0.040961706051960964,0.05270049794033856,0.04095280851348288,49,2
webis-touche2020,rr,10,0.01,active_cv,297,762,0.06783769458511027,0.05270049794033856,0.04095280851348288,49,2
webis-touche2020,rr,10,0.01,weighted_cvl,297,762,0.039886193870090805,0.05270049794033856,0.04095280851348288,49,2
webis-touche2020,rr,10,0.01,uniform,298,756,0.07237948532481216,0.04596950346306087,0.05648233804242354,49,2
webis-touche2020,rr,10,0.01,uniform_nz,298,756,0.05573500680207073,0.04596950346306087,0.05648233804242354,49,2
webis-touche2020,rr,10,0.01,weighted,298,756,0.04596950346306087,0.04596950346306087,0.05648233804242354,49,2
webis-touche2020,rr,10,0.01,active_judge,298,756,0.10449319520901543,0.04596950346306087,0.05648233804242354,49,2
webis-touche2020,rr,10,0.01,strat_pilot,298,756,0.04692418702859289,0.04596950346306087,0.05648233804242354,49,2
webis-touche2020,rr,10,0.01,weighted_cv,298,756,0.038897538284108954,0.04596950346306087,0.05648233804242354,49,2
webis-touche2020,rr,10,0.01,active_cv,298,756,0.06772773692991411,0.04596950346306087,0.05648233804242354,49,2
webis-touche2020,rr,10,0.01,weighted_cvl,298,756,0.03535785893001742,0.04596950346306087,0.05648233804242354,49,2
webis-touche2020,rr,10,0.01,uniform,299,752,0.15154180750394364,0.04434011570195051,0.05329920156246041,49,2
webis-touche2020,rr,10,0.01,uniform_nz,299,752,0.06978549185751999,0.04434011570195051,0.05329920156246041,49,2
webis-touche2020,rr,10,0.01,weighted,299,752,0.04434011570195051,0.04434011570195051,0.05329920156246041,49,2
webis-touche2020,rr,10,0.01,active_judge,299,752,0.13338385727500546,0.04434011570195051,0.05329920156246041,49,2
webis-touche2020,rr,10,0.01,strat_pilot,299,752,0.04625684325889003,0.04434011570195051,0.05329920156246041,49,2
webis-touche2020,rr,10,0.01,weighted_cv,299,752,0.032239322199428044,0.04434011570195051,0.05329920156246041,49,2
webis-touche2020,rr,10,0.01,active_cv,299,752,0.05502521356471207,0.04434011570195051,0.05329920156246041,49,2
webis-touche2020,rr,10,0.01,weighted_cvl,299,752,0.030250619443853804,0.04434011570195051,0.05329920156246041,49,2
webis-touche2020,rr,10,0.02,uniform,0,767,0.08861679434862124,0.04773539606789446,0.04857732204318217,49,2
webis-touche2020,rr,10,0.02,uniform_nz,0,767,0.06736209901260914,0.04773539606789446,0.04857732204318217,49,2
webis-touche2020,rr,10,0.02,weighted,0,767,0.04773539606789446,0.04773539606789446,0.04857732204318217,49,2
webis-touche2020,rr,10,0.02,active_judge,0,767,0.12357373669166516,0.04773539606789446,0.04857732204318217,49,2
webis-touche2020,rr,10,0.02,strat_pilot,0,767,0.0486446586436307,0.04773539606789446,0.04857732204318217,49,2
webis-touche2020,rr,10,0.02,weighted_cv,0,767,0.039904588161998496,0.04773539606789446,0.04857732204318217,49,2
webis-touche2020,rr,10,0.02,active_cv,0,767,0.08053025518689894,0.04773539606789446,0.04857732204318217,49,2
webis-touche2020,rr,10,0.02,weighted_cvl,0,767,0.03534114058089483,0.04773539606789446,0.04857732204318217,49,2
webis-touche2020,rr,10,0.02,uniform,1,763,0.0652412132719824,0.03680010782378338,0.05627237011952316,49,2
webis-touche2020,rr,10,0.02,uniform_nz,1,763,0.043657327026116036,0.03680010782378338,0.05627237011952316,49,2
webis-touche2020,rr,10,0.02,weighted,1,763,0.03680010782378338,0.03680010782378338,0.05627237011952316,49,2
webis-touche2020,rr,10,0.02,active_judge,1,763,0.0848919189221596,0.03680010782378338,0.05627237011952316,49,2
webis-touche2020,rr,10,0.02,strat_pilot,1,763,0.03710728500920103,0.03680010782378338,0.05627237011952316,49,2
webis-touche2020,rr,10,0.02,weighted_cv,1,763,0.03310318637451957,0.03680010782378338,0.05627237011952316,49,2
webis-touche2020,rr,10,0.02,active_cv,1,763,0.06964715580138085,0.03680010782378338,0.05627237011952316,49,2
webis-touche2020,rr,10,0.02,weighted_cvl,1,763,0.029066312523311332,0.03680010782378338,0.05627237011952316,49,2
webis-touche2020,rr,10,0.02,uniform,2,767,0.06843518147353982,0.03805400488600551,0.059975550949925016,49,2
webis-touche2020,rr,10,0.02,uniform_nz,2,767,0.04660337512399534,0.03805400488600551,0.059975550949925016,49,2
webis-touche2020,rr,10,0.02,weighted,2,767,0.03805400488600551,0.03805400488600551,0.059975550949925016,49,2
webis-touche2020,rr,10,0.02,active_judge,2,767,0.09418799292680499,0.03805400488600551,0.059975550949925016,49,2
webis-touche2020,rr,10,0.02,strat_pilot,2,767,0.038470277845818655,0.03805400488600551,0.059975550949925016,49,2
webis-touche2020,rr,10,0.02,weighted_cv,2,767,0.03292604497046812,0.03805400488600551,0.059975550949925016,49,2
webis-touche2020,rr,10,0.02,active_cv,2,767,0.06051329846753528,0.03805400488600551,0.059975550949925016,49,2
webis-touche2020,rr,10,0.02,weighted_cvl,2,767,0.029681880559476632,0.03805400488600551,0.059975550949925016,49,2
webis-touche2020,rr,10,0.02,uniform,3,767,0.09671643661842177,0.06357367694698834,0.07745208608327803,49,2
webis-touche2020,rr,10,0.02,uniform_nz,3,767,0.07832657548122839,0.06357367694698834,0.07745208608327803,49,2
webis-touche2020,rr,10,0.02,weighted,3,767,0.06357367694698834,0.06357367694698834,0.07745208608327803,49,2
webis-touche2020,rr,10,0.02,active_judge,3,767,0.12855966282527168,0.06357367694698834,0.07745208608327803,49,2
webis-touche2020,rr,10,0.02,strat_pilot,3,767,0.06401450602384484,0.06357367694698834,0.07745208608327803,49,2
webis-touche2020,rr,10,0.02,weighted_cv,3,767,0.05708604832274635,0.06357367694698834,0.07745208608327803,49,2
webis-touche2020,rr,10,0.02,active_cv,3,767,0.13976917471622605,0.06357367694698834,0.07745208608327803,49,2
webis-touche2020,rr,10,0.02,weighted_cvl,3,767,0.05309074119617019,0.06357367694698834,0.07745208608327803,49,2
webis-touche2020,rr,10,0.02,uniform,4,763,0.06815970712767652,0.03887959836320757,0.05862957026907423,49,2
webis-touche2020,rr,10,0.02,uniform_nz,4,763,0.04703992272644182,0.03887959836320757,0.05862957026907423,49,2
webis-touche2020,rr,10,0.02,weighted,4,763,0.03887959836320757,0.03887959836320757,0.05862957026907423,49,2
webis-touche2020,rr,10,0.02,active_judge,4,763,0.08140932549199284,0.03887959836320757,0.05862957026907423,49,2
webis-touche2020,rr,10,0.02,strat_pilot,4,763,0.03939841420182752,0.03887959836320757,0.05862957026907423,49,2
webis-touche2020,rr,10,0.02,weighted_cv,4,763,0.03230326392591074,0.03887959836320757,0.05862957026907423,49,2
webis-touche2020,rr,10,0.02,active_cv,4,763,0.0667701233758972,0.03887959836320757,0.05862957026907423,49,2
webis-touche2020,rr,10,0.02,weighted_cvl,4,763,0.029248996907049175,0.03887959836320757,0.05862957026907423,49,2
webis-touche2020,rr,10,0.02,uniform,5,749,0.06147480052832688,0.03430663915302916,0.031124324275555924,49,2
webis-touche2020,rr,10,0.02,uniform_nz,5,749,0.043794783506884066,0.03430663915302916,0.031124324275555924,49,2
webis-touche2020,rr,10,0.02,weighted,5,749,0.03430663915302916,0.03430663915302916,0.031124324275555924,49,2
webis-touche2020,rr,10,0.02,active_judge,5,749,0.07500049685165877,0.03430663915302916,0.031124324275555924,49,2
webis-touche2020,rr,10,0.02,strat_pilot,5,749,0.034425204217533596,0.03430663915302916,0.031124324275555924,49,2
webis-touche2020,rr,10,0.02,weighted_cv,5,749,0.031515913444285976,0.03430663915302916,0.031124324275555924,49,2
webis-touche2020,rr,10,0.02,active_cv,5,749,0.07219398055533273,0.03430663915302916,0.031124324275555924,49,2
webis-touche2020,rr,10,0.02,weighted_cvl,5,749,0.028876287882286033,0.03430663915302916,0.031124324275555924,49,2
webis-touche2020,rr,10,0.02,uniform,6,770,0.06565881840838778,0.03990009532476983,0.059215830064901276,49,2
webis-touche2020,rr,10,0.02,uniform_nz,6,770,0.04578586625179656,0.03990009532476983,0.059215830064901276,49,2
webis-touche2020,rr,10,0.02,weighted,6,770,0.03990009532476983,0.03990009532476983,0.059215830064901276,49,2
webis-touche2020,rr,10,0.02,active_judge,6,770,0.09309897805711607,0.03990009532476983,0.059215830064901276,49,2
webis-touche2020,rr,10,0.02,strat_pilot,6,770,0.040353311044644735,0.03990009532476983,0.059215830064901276,49,2
webis-touche2020,rr,10,0.02,weighted_cv,6,770,0.03487353497739765,0.03990009532476983,0.059215830064901276,49,2
webis-touche2020,rr,10,0.02,active_cv,6,770,0.06364292837707124,0.03990009532476983,0.059215830064901276,49,2
webis-touche2020,rr,10,0.02,weighted_cvl,6,770,0.0311475373447044,0.03990009532476983,0.059215830064901276,49,2
webis-touche2020,rr,10,0.02,uniform,7,746,0.16972735184636567,0.054657472525733164,0.07887220563309201,49,2
webis-touche2020,rr,10,0.02,uniform_nz,7,746,0.08839963623436257,0.054657472525733164,0.07887220563309201,49,2
webis-touche2020,rr,10,0.02,weighted,7,746,0.054657472525733164,0.054657472525733164,0.07887220563309201,49,2
webis-touche2020,rr,10,0.02,active_judge,7,746,0.15732431410176656,0.054657472525733164,0.07887220563309201,49,2
webis-touche2020,rr,10,0.02,strat_pilot,7,746,0.0556247282244815,0.054657472525733164,0.07887220563309201,49,2
webis-touche2020,rr,10,0.02,weighted_cv,7,746,0.04221918500220943,0.054657472525733164,0.07887220563309201,49,2
webis-touche2020,rr,10,0.02,active_cv,7,746,0.08840291663622864,0.054657472525733164,0.07887220563309201,49,2
webis-touche2020,rr,10,0.02,weighted_cvl,7,746,0.037872832597444624,0.054657472525733164,0.07887220563309201,49,2
webis-touche2020,rr,10,0.02,uniform,8,774,0.07412911103661243,0.038436987592183315,0.05276110298818604,49,2
webis-touche2020,rr,10,0.02,uniform_nz,8,774,0.04890262682214586,0.038436987592183315,0.05276110298818604,49,2
webis-touche2020,rr,10,0.02,weighted,8,774,0.038436987592183315,0.038436987592183315,0.05276110298818604,49,2
webis-touche2020,rr,10,0.02,active_judge,8,774,0.0937524721119439,0.038436987592183315,0.05276110298818604,49,2
webis-touche2020,rr,10,0.02,strat_pilot,8,774,0.039052772878216034,0.038436987592183315,0.05276110298818604,49,2
webis-touche2020,rr,10,0.02,weighted_cv,8,774,0.03300656052399928,0.038436987592183315,0.05276110298818604,49,2
webis-touche2020,rr,10,0.02,active_cv,8,774,0.05319333545239548,0.038436987592183315,0.05276110298818604,49,2
webis-touche2020,rr,10,0.02,weighted_cvl,8,774,0.03242784864408514,0.038436987592183315,0.05276110298818604,49,2
webis-touche2020,rr,10,0.02,uniform,9,771,0.1492447217016443,0.05540268981112793,0.05798390545954148,49,2
webis-touche2020,rr,10,0.02,uniform_nz,9,771,0.08172058336195376,0.05540268981112793,0.05798390545954148,49,2
webis-touche2020,rr,10,0.02,weighted,9,771,0.05540268981112793,0.05540268981112793,0.05798390545954148,49,2
webis-touche2020,rr,10,0.02,active_judge,9,771,0.14871741712180322,0.05540268981112793,0.05798390545954148,49,2
webis-touche2020,rr,10,0.02,strat_pilot,9,771,0.05596711168064705,0.05540268981112793,0.05798390545954148,49,2
webis-touche2020,rr,10,0.02,weighted_cv,9,771,0.047359709882816556,0.05540268981112793,0.05798390545954148,49,2
webis-touche2020,rr,10,0.02,active_cv,9,771,0.0928840650649668,0.05540268981112793,0.05798390545954148,49,2
webis-touche2020,rr,10,0.02,weighted_cvl,9,771,0.046337638503982925,0.05540268981112793,0.05798390545954148,49,2
webis-touche2020,rr,10,0.02,uniform,10,763,0.17461789838586841,0.06253259108598777,0.06868069754176566,49,2
webis-touche2020,rr,10,0.02,uniform_nz,10,763,0.09225203402792012,0.06253259108598777,0.06868069754176566,49,2
webis-touche2020,rr,10,0.02,weighted,10,763,0.06253259108598777,0.06253259108598777,0.06868069754176566,49,2
webis-touche2020,rr,10,0.02,active_judge,10,763,0.16393755891124753,0.06253259108598777,0.06868069754176566,49,2
webis-touche2020,rr,10,0.02,strat_pilot,10,763,0.06306785353083202,0.06253259108598777,0.06868069754176566,49,2
webis-touche2020,rr,10,0.02,weighted_cv,10,763,0.052097669436801386,0.06253259108598777,0.06868069754176566,49,2
webis-touche2020,rr,10,0.02,active_cv,10,763,0.1143214574484698,0.06253259108598777,0.06868069754176566,49,2
webis-touche2020,rr,10,0.02,weighted_cvl,10,763,0.050752399825871986,0.06253259108598777,0.06868069754176566,49,2
webis-touche2020,rr,10,0.02,uniform,11,760,0.10172427678860015,0.05767479884544606,0.06729556495849065,49,2
webis-touche2020,rr,10,0.02,uniform_nz,11,760,0.07542229447126211,0.05767479884544606,0.06729556495849065,49,2
webis-touche2020,rr,10,0.02,weighted,11,760,0.05767479884544606,0.05767479884544606,0.06729556495849065,49,2
webis-touche2020,rr,10,0.02,active_judge,11,760,0.15909716895514583,0.05767479884544606,0.06729556495849065,49,2
webis-touche2020,rr,10,0.02,strat_pilot,11,760,0.05825614445154237,0.05767479884544606,0.06729556495849065,49,2
webis-touche2020,rr,10,0.02,weighted_cv,11,760,0.04890232466863092,0.05767479884544606,0.06729556495849065,49,2
webis-touche2020,rr,10,0.02,active_cv,11,760,0.10022153343728105,0.05767479884544606,0.06729556495849065,49,2
webis-touche2020,rr,10,0.02,weighted_cvl,11,760,0.04332226303756002,0.05767479884544606,0.06729556495849065,49,2
webis-touche2020,rr,10,0.02,uniform,12,753,0.06242546361426425,0.03797491973362573,0.04680811868032555,49,2
webis-touche2020,rr,10,0.02,uniform_nz,12,753,0.044729726227472254,0.03797491973362573,0.04680811868032555,49,2
webis-touche2020,rr,10,0.02,weighted,12,753,0.03797491973362573,0.03797491973362573,0.04680811868032555,49,2
webis-touche2020,rr,10,0.02,active_judge,12,753,0.08515950386781841,0.03797491973362573,0.04680811868032555,49,2
webis-touche2020,rr,10,0.02,strat_pilot,12,753,0.038454723374920445,0.03797491973362573,0.04680811868032555,49,2
webis-touche2020,rr,10,0.02,weighted_cv,12,753,0.031788469341080525,0.03797491973362573,0.04680811868032555,49,2
webis-touche2020,rr,10,0.02,active_cv,12,753,0.04967003861705525,0.03797491973362573,0.04680811868032555,49,2
webis-touche2020,rr,10,0.02,weighted_cvl,12,753,0.02880026614664573,0.03797491973362573,0.04680811868032555,49,2
webis-touche2020,rr,10,0.02,uniform,13,755,0.05746202415233096,0.034623397648101295,0.07636488985879886,49,2
webis-touche2020,rr,10,0.02,uniform_nz,13,755,0.04235419464362876,0.034623397648101295,0.07636488985879886,49,2
webis-touche2020,rr,10,0.02,weighted,13,755,0.034623397648101295,0.034623397648101295,0.07636488985879886,49,2
webis-touche2020,rr,10,0.02,active_judge,13,755,0.07815136155486048,0.034623397648101295,0.07636488985879886,49,2
webis-touche2020,rr,10,0.02,strat_pilot,13,755,0.03513050679285843,0.034623397648101295,0.07636488985879886,49,2
webis-touche2020,rr,10,0.02,weighted_cv,13,755,0.029309800250319547,0.034623397648101295,0.07636488985879886,49,2
webis-touche2020,rr,10,0.02,active_cv,13,755,0.059481456355881555,0.034623397648101295,0.07636488985879886,49,2
webis-touche2020,rr,10,0.02,weighted_cvl,13,755,0.029219696627979547,0.034623397648101295,0.07636488985879886,49,2
webis-touche2020,rr,10,0.02,uniform,14,773,0.08901924658739384,0.05176775757058623,0.07292221967918561,49,2
webis-touche2020,rr,10,0.02,uniform_nz,14,773,0.06982863693684693,0.05176775757058623,0.07292221967918561,49,2
webis-touche2020,rr,10,0.02,weighted,14,773,0.05176775757058623,0.05176775757058623,0.07292221967918561,49,2
webis-touche2020,rr,10,0.02,active_judge,14,773,0.14030459128175088,0.05176775757058623,0.07292221967918561,49,2
webis-touche2020,rr,10,0.02,strat_pilot,14,773,0.0522444719937224,0.05176775757058623,0.07292221967918561,49,2
webis-touche2020,rr,10,0.02,weighted_cv,14,773,0.04250412243197817,0.05176775757058623,0.07292221967918561,49,2
webis-touche2020,rr,10,0.02,active_cv,14,773,0.07266361911140337,0.05176775757058623,0.07292221967918561,49,2
webis-touche2020,rr,10,0.02,weighted_cvl,14,773,0.038150342519911354,0.05176775757058623,0.07292221967918561,49,2
webis-touche2020,rr,10,0.02,uniform,15,757,0.15065560874745867,0.05458619709281587,0.07415685787667212,49,2
webis-touche2020,rr,10,0.02,uniform_nz,15,757,0.08614858524298977,0.05458619709281587,0.07415685787667212,49,2
webis-touche2020,rr,10,0.02,weighted,15,757,0.05458619709281587,0.05458619709281587,0.07415685787667212,49,2
webis-touche2020,rr,10,0.02,active_judge,15,757,0.15377926052240784,0.05458619709281587,0.07415685787667212,49,2
webis-touche2020,rr,10,0.02,strat_pilot,15,757,0.05579003852063371,0.05458619709281587,0.07415685787667212,49,2
webis-touche2020,rr,10,0.02,weighted_cv,15,757,0.04252874946579148,0.05458619709281587,0.07415685787667212,49,2
webis-touche2020,rr,10,0.02,active_cv,15,757,0.08513157009823254,0.05458619709281587,0.07415685787667212,49,2
webis-touche2020,rr,10,0.02,weighted_cvl,15,757,0.03975000563685473,0.05458619709281587,0.07415685787667212,49,2
webis-touche2020,rr,10,0.02,uniform,16,743,0.07832658781951177,0.048586357496941866,0.05598513383063794,49,2
webis-touche2020,rr,10,0.02,uniform_nz,16,743,0.0580865563384948,0.048586357496941866,0.05598513383063794,49,2
webis-touche2020,rr,10,0.02,weighted,16,743,0.048586357496941866,0.048586357496941866,0.05598513383063794,49,2
webis-touche2020,rr,10,0.02,active_judge,16,743,0.1149588792414066,0.048586357496941866,0.05598513383063794,49,2
webis-touche2020,rr,10,0.02,strat_pilot,16,743,0.049247555939926885,0.048586357496941866,0.05598513383063794,49,2
webis-touche2020,rr,10,0.02,weighted_cv,16,743,0.040208501870717686,0.048586357496941866,0.05598513383063794,49,2
webis-touche2020,rr,10,0.02,active_cv,16,743,0.08513544747046418,0.048586357496941866,0.05598513383063794,49,2
webis-touche2020,rr,10,0.02,weighted_cvl,16,743,0.03598789600059269,0.048586357496941866,0.05598513383063794,49,2
webis-touche2020,rr,10,0.02,uniform,17,758,0.1646123044907485,0.059614359599539445,0.052263952221382554,49,2
webis-touche2020,rr,10,0.02,uniform_nz,17,758,0.09151809533576764,0.059614359599539445,0.052263952221382554,49,2
webis-touche2020,rr,10,0.02,weighted,17,758,0.059614359599539445,0.059614359599539445,0.052263952221382554,49,2
webis-touche2020,rr,10,0.02,active_judge,17,758,0.15859890627021153,0.059614359599539445,0.052263952221382554,49,2
webis-touche2020,rr,10,0.02,strat_pilot,17,758,0.06004234593932032,0.059614359599539445,0.052263952221382554,49,2
webis-touche2020,rr,10,0.02,weighted_cv,17,758,0.048687630445697926,0.059614359599539445,0.052263952221382554,49,2
webis-touche2020,rr,10,0.02,active_cv,17,758,0.12516681300280846,0.059614359599539445,0.052263952221382554,49,2
webis-touche2020,rr,10,0.02,weighted_cvl,17,758,0.04741123570309823,0.059614359599539445,0.052263952221382554,49,2
webis-touche2020,rr,10,0.02,uniform,18,772,0.11375548604432495,0.07476531391069706,0.11372736834502196,49,2
webis-touche2020,rr,10,0.02,uniform_nz,18,772,0.08509253150372367,0.07476531391069706,0.11372736834502196,49,2
webis-touche2020,rr,10,0.02,weighted,18,772,0.07476531391069706,0.07476531391069706,0.11372736834502196,49,2
webis-touche2020,rr,10,0.02,active_judge,18,772,0.1749494899202905,0.07476531391069706,0.11372736834502196,49,2
webis-touche2020,rr,10,0.02,strat_pilot,18,772,0.07575822653797547,0.07476531391069706,0.11372736834502196,49,2
webis-touche2020,rr,10,0.02,weighted_cv,18,772,0.06310149863713317,0.07476531391069706,0.11372736834502196,49,2
webis-touche2020,rr,10,0.02,active_cv,18,772,0.1230046078643291,0.07476531391069706,0.11372736834502196,49,2
webis-touche2020,rr,10,0.02,weighted_cvl,18,772,0.05705053227456501,0.07476531391069706,0.11372736834502196,49,2
webis-touche2020,rr,10,0.02,uniform,19,767,0.07028835562606475,0.04299500666537199,0.0495808798184959,49,2
webis-touche2020,rr,10,0.02,uniform_nz,19,767,0.053089512142897956,0.04299500666537199,0.0495808798184959,49,2
webis-touche2020,rr,10,0.02,weighted,19,767,0.04299500666537199,0.04299500666537199,0.0495808798184959,49,2
webis-touche2020,rr,10,0.02,active_judge,19,767,0.0914874164196274,0.04299500666537199,0.0495808798184959,49,2
webis-touche2020,rr,10,0.02,strat_pilot,19,767,0.04338221159676979,0.04299500666537199,0.0495808798184959,49,2
webis-touche2020,rr,10,0.02,weighted_cv,19,767,0.0383325107077644,0.04299500666537199,0.0495808798184959,49,2
webis-touche2020,rr,10,0.02,active_cv,19,767,0.08941114470741711,0.04299500666537199,0.0495808798184959,49,2
webis-touche2020,rr,10,0.02,weighted_cvl,19,767,0.036776559898474635,0.04299500666537199,0.0495808798184959,49,2
webis-touche2020,rr,10,0.02,uniform,20,756,0.10975488529163857,0.05054467306564074,0.08476411595800139,49,2
webis-touche2020,rr,10,0.02,uniform_nz,20,756,0.07240512544011628,0.05054467306564074,0.08476411595800139,49,2
webis-touche2020,rr,10,0.02,weighted,20,756,0.05054467306564074,0.05054467306564074,0.08476411595800139,49,2
webis-touche2020,rr,10,0.02,active_judge,20,756,0.12652901662339439,0.05054467306564074,0.08476411595800139,49,2
webis-touche2020,rr,10,0.02,strat_pilot,20,756,0.050825233568112194,0.05054467306564074,0.08476411595800139,49,2
webis-touche2020,rr,10,0.02,weighted_cv,20,756,0.04201476058874894,0.05054467306564074,0.08476411595800139,49,2
webis-touche2020,rr,10,0.02,active_cv,20,756,0.07886417114401675,0.05054467306564074,0.08476411595800139,49,2
webis-touche2020,rr,10,0.02,weighted_cvl,20,756,0.0388306208316805,0.05054467306564074,0.08476411595800139,49,2
webis-touche2020,rr,10,0.02,uniform,21,753,0.060112690302194585,0.03598476668535482,0.05823394728068977,49,2
webis-touche2020,rr,10,0.02,uniform_nz,21,753,0.04486035171059173,0.03598476668535482,0.05823394728068977,49,2
webis-touche2020,rr,10,0.02,weighted,21,753,0.03598476668535482,0.03598476668535482,0.05823394728068977,49,2
webis-touche2020,rr,10,0.02,active_judge,21,753,0.08062571397747569,0.03598476668535482,0.05823394728068977,49,2
webis-touche2020,rr,10,0.02,strat_pilot,21,753,0.03652908828068287,0.03598476668535482,0.05823394728068977,49,2
webis-touche2020,rr,10,0.02,weighted_cv,21,753,0.03300482021731446,0.03598476668535482,0.05823394728068977,49,2
webis-touche2020,rr,10,0.02,active_cv,21,753,0.07574720673100467,0.03598476668535482,0.05823394728068977,49,2
webis-touche2020,rr,10,0.02,weighted_cvl,21,753,0.03123552401643783,0.03598476668535482,0.05823394728068977,49,2
webis-touche2020,rr,10,0.02,uniform,22,750,0.0975466153524798,0.06589909618954864,0.10856536460460929,49,2
webis-touche2020,rr,10,0.02,uniform_nz,22,750,0.0733294678819362,0.06589909618954864,0.10856536460460929,49,2
webis-touche2020,rr,10,0.02,weighted,22,750,0.06589909618954864,0.06589909618954864,0.10856536460460929,49,2
webis-touche2020,rr,10,0.02,active_judge,22,750,0.14180307574843587,0.06589909618954864,0.10856536460460929,49,2
webis-touche2020,rr,10,0.02,strat_pilot,22,750,0.06688975243581032,0.06589909618954864,0.10856536460460929,49,2
webis-touche2020,rr,10,0.02,weighted_cv,22,750,0.05860436094238558,0.06589909618954864,0.10856536460460929,49,2
webis-touche2020,rr,10,0.02,active_cv,22,750,0.12515798218154806,0.06589909618954864,0.10856536460460929,49,2
webis-touche2020,rr,10,0.02,weighted_cvl,22,750,0.05222479735572536,0.06589909618954864,0.10856536460460929,49,2
webis-touche2020,rr,10,0.02,uniform,23,760,0.058281990544189324,0.04070545694159291,0.048825013883854226,49,2
webis-touche2020,rr,10,0.02,uniform_nz,23,760,0.04754675460953944,0.04070545694159291,0.048825013883854226,49,2
webis-touche2020,rr,10,0.02,weighted,23,760,0.04070545694159291,0.04070545694159291,0.048825013883854226,49,2
webis-touche2020,rr,10,0.02,active_judge,23,760,0.08436967950945382,0.04070545694159291,0.048825013883854226,49,2
webis-touche2020,rr,10,0.02,strat_pilot,23,760,0.0411066791669977,0.04070545694159291,0.048825013883854226,49,2
webis-touche2020,rr,10,0.02,weighted_cv,23,760,0.0382746482136611,0.04070545694159291,0.048825013883854226,49,2
webis-touche2020,rr,10,0.02,active_cv,23,760,0.08866492931170385,0.04070545694159291,0.048825013883854226,49,2
webis-touche2020,rr,10,0.02,weighted_cvl,23,760,0.03381890144147098,0.04070545694159291,0.048825013883854226,49,2
webis-touche2020,rr,10,0.02,uniform,24,771,0.07712931455038219,0.04451294041515922,0.06551576085593114,49,2
webis-touche2020,rr,10,0.02,uniform_nz,24,771,0.052679875405534295,0.04451294041515922,0.06551576085593114,49,2
webis-touche2020,rr,10,0.02,weighted,24,771,0.04451294041515922,0.04451294041515922,0.06551576085593114,49,2
webis-touche2020,rr,10,0.02,active_judge,24,771,0.09162699319149192,0.04451294041515922,0.06551576085593114,49,2
webis-touche2020,rr,10,0.02,strat_pilot,24,771,0.04508781200703278,0.04451294041515922,0.06551576085593114,49,2
webis-touche2020,rr,10,0.02,weighted_cv,24,771,0.04017100618826502,0.04451294041515922,0.06551576085593114,49,2
webis-touche2020,rr,10,0.02,active_cv,24,771,0.07422418873648351,0.04451294041515922,0.06551576085593114,49,2
webis-touche2020,rr,10,0.02,weighted_cvl,24,771,0.035934694354737715,0.04451294041515922,0.06551576085593114,49,2
webis-touche2020,rr,10,0.02,uniform,25,754,0.06550708172520132,0.04126855042573059,0.04806783035954189,49,2
webis-touche2020,rr,10,0.02,uniform_nz,25,754,0.052730874791073315,0.04126855042573059,0.04806783035954189,49,2
webis-touche2020,rr,10,0.02,weighted,25,754,0.04126855042573059,0.04126855042573059,0.04806783035954189,49,2
webis-touche2020,rr,10,0.02,active_judge,25,754,0.0881166271316928,0.04126855042573059,0.04806783035954189,49,2
webis-touche2020,rr,10,0.02,strat_pilot,25,754,0.04159653232798428,0.04126855042573059,0.04806783035954189,49,2
webis-touche2020,rr,10,0.02,weighted_cv,25,754,0.03631002484101707,0.04126855042573059,0.04806783035954189,49,2
webis-touche2020,rr,10,0.02,active_cv,25,754,0.06642399503737254,0.04126855042573059,0.04806783035954189,49,2
webis-touche2020,rr,10,0.02,weighted_cvl,25,754,0.033715435951270134,0.04126855042573059,0.04806783035954189,49,2
webis-touche2020,rr,10,0.02,uniform,26,763,0.17018151841433596,0.05918323837198884,0.0807971226400019,49,2
webis-touche2020,rr,10,0.02,uniform_nz,26,763,0.09243962768952613,0.05918323837198884,0.0807971226400019,49,2
webis-touche2020,rr,10,0.02,weighted,26,763,0.05918323837198884,0.05918323837198884,0.0807971226400019,49,2
webis-touche2020,rr,10,0.02,active_judge,26,763,0.17256428931779838,0.05918323837198884,0.0807971226400019,49,2
webis-touche2020,rr,10,0.02,strat_pilot,26,763,0.06019607027822856,0.05918323837198884,0.0807971226400019,49,2
webis-touche2020,rr,10,0.02,weighted_cv,26,763,0.04456387762500176,0.05918323837198884,0.0807971226400019,49,2
webis-touche2020,rr,10,0.02,active_cv,26,763,0.07995177527569769,0.05918323837198884,0.0807971226400019,49,2
webis-touche2020,rr,10,0.02,weighted_cvl,26,763,0.040408205522514874,0.05918323837198884,0.0807971226400019,49,2
webis-touche2020,rr,10,0.02,uniform,27,746,0.07513841672438622,0.04409865297782307,0.04095912037041395,49,2
webis-touche2020,rr,10,0.02,uniform_nz,27,746,0.055113368016206275,0.04409865297782307,0.04095912037041395,49,2
webis-touche2020,rr,10,0.02,weighted,27,746,0.04409865297782307,0.04409865297782307,0.04095912037041395,49,2
webis-touche2020,rr,10,0.02,active_judge,27,746,0.09655352884453408,0.04409865297782307,0.04095912037041395,49,2
webis-touche2020,rr,10,0.02,strat_pilot,27,746,0.044408243259809264,0.04409865297782307,0.04095912037041395,49,2
webis-touche2020,rr,10,0.02,weighted_cv,27,746,0.03858300437796045,0.04409865297782307,0.04095912037041395,49,2
webis-touche2020,rr,10,0.02,active_cv,27,746,0.0741379512704673,0.04409865297782307,0.04095912037041395,49,2
webis-touche2020,rr,10,0.02,weighted_cvl,27,746,0.03443194521051468,0.04409865297782307,0.04095912037041395,49,2
webis-touche2020,rr,10,0.02,uniform,28,751,0.1363211219297559,0.03513272976116829,0.06630151864682082,49,2
webis-touche2020,rr,10,0.02,uniform_nz,28,751,0.05697379011435939,0.03513272976116829,0.06630151864682082,49,2
webis-touche2020,rr,10,0.02,weighted,28,751,0.03513272976116829,0.03513272976116829,0.06630151864682082,49,2
webis-touche2020,rr,10,0.02,active_judge,28,751,0.10278018990704245,0.03513272976116829,0.06630151864682082,49,2
webis-touche2020,rr,10,0.02,strat_pilot,28,751,0.0359977708170304,0.03513272976116829,0.06630151864682082,49,2
webis-touche2020,rr,10,0.02,weighted_cv,28,751,0.024625068852349406,0.03513272976116829,0.06630151864682082,49,2
webis-touche2020,rr,10,0.02,active_cv,28,751,0.03856575547349952,0.03513272976116829,0.06630151864682082,49,2
webis-touche2020,rr,10,0.02,weighted_cvl,28,751,0.022935288745943187,0.03513272976116829,0.06630151864682082,49,2
webis-touche2020,rr,10,0.02,uniform,29,777,0.1537396725632214,0.05145870784054205,0.06625740576671052,49,2
webis-touche2020,rr,10,0.02,uniform_nz,29,777,0.07750747942748466,0.05145870784054205,0.06625740576671052,49,2
webis-touche2020,rr,10,0.02,weighted,29,777,0.05145870784054205,0.05145870784054205,0.06625740576671052,49,2
webis-touche2020,rr,10,0.02,active_judge,29,777,0.15327763458611268,0.05145870784054205,0.06625740576671052,49,2
webis-touche2020,rr,10,0.02,strat_pilot,29,777,0.052839517499770984,0.05145870784054205,0.06625740576671052,49,2
webis-touche2020,rr,10,0.02,weighted_cv,29,777,0.03920094653210547,0.05145870784054205,0.06625740576671052,49,2
webis-touche2020,rr,10,0.02,active_cv,29,777,0.0742200581123614,0.05145870784054205,0.06625740576671052,49,2
webis-touche2020,rr,10,0.02,weighted_cvl,29,777,0.03905050356516824,0.05145870784054205,0.06625740576671052,49,2
webis-touche2020,rr,10,0.02,uniform,30,747,0.061983207946136765,0.03827928541141547,0.04928890234454577,49,2
webis-touche2020,rr,10,0.02,uniform_nz,30,747,0.046782382842205456,0.03827928541141547,0.04928890234454577,49,2
webis-touche2020,rr,10,0.02,weighted,30,747,0.03827928541141547,0.03827928541141547,0.04928890234454577,49,2
webis-touche2020,rr,10,0.02,active_judge,30,747,0.09296969964550339,0.03827928541141547,0.04928890234454577,49,2
webis-touche2020,rr,10,0.02,strat_pilot,30,747,0.03856548892559556,0.03827928541141547,0.04928890234454577,49,2
webis-touche2020,rr,10,0.02,weighted_cv,30,747,0.032690249334416055,0.03827928541141547,0.04928890234454577,49,2
webis-touche2020,rr,10,0.02,active_cv,30,747,0.061019242403224185,0.03827928541141547,0.04928890234454577,49,2
webis-touche2020,rr,10,0.02,weighted_cvl,30,747,0.030805179406968097,0.03827928541141547,0.04928890234454577,49,2
webis-touche2020,rr,10,0.02,uniform,31,772,0.10762675181324874,0.05725330058513382,0.08512920495970029,49,2
webis-touche2020,rr,10,0.02,uniform_nz,31,772,0.080614212190558,0.05725330058513382,0.08512920495970029,49,2
webis-touche2020,rr,10,0.02,weighted,31,772,0.05725330058513382,0.05725330058513382,0.08512920495970029,49,2
webis-touche2020,rr,10,0.02,active_judge,31,772,0.1492149458098743,0.05725330058513382,0.08512920495970029,49,2
webis-touche2020,rr,10,0.02,strat_pilot,31,772,0.058105338136869376,0.05725330058513382,0.08512920495970029,49,2
webis-touche2020,rr,10,0.02,weighted_cv,31,772,0.04990806221697887,0.05725330058513382,0.08512920495970029,49,2
webis-touche2020,rr,10,0.02,active_cv,31,772,0.11014738360664145,0.05725330058513382,0.08512920495970029,49,2
webis-touche2020,rr,10,0.02,weighted_cvl,31,772,0.04446504699388708,0.05725330058513382,0.08512920495970029,49,2
webis-touche2020,rr,10,0.02,uniform,32,761,0.10589883190570888,0.07853118071249116,0.08814997699638796,49,2
webis-touche2020,rr,10,0.02,uniform_nz,32,761,0.08952587037454054,0.07853118071249116,0.08814997699638796,49,2
webis-touche2020,rr,10,0.02,weighted,32,761,0.07853118071249116,0.07853118071249116,0.08814997699638796,49,2
webis-touche2020,rr,10,0.02,active_judge,32,761,0.18017867279457364,0.07853118071249116,0.08814997699638796,49,2
webis-touche2020,rr,10,0.02,strat_pilot,32,761,0.07913412301493075,0.07853118071249116,0.08814997699638796,49,2
webis-touche2020,rr,10,0.02,weighted_cv,32,761,0.06887103000154637,0.07853118071249116,0.08814997699638796,49,2
webis-touche2020,rr,10,0.02,active_cv,32,761,0.14809643008742907,0.07853118071249116,0.08814997699638796,49,2
webis-touche2020,rr,10,0.02,weighted_cvl,32,761,0.06296194537529398,0.07853118071249116,0.08814997699638796,49,2
webis-touche2020,rr,10,0.02,uniform,33,763,0.09441000597176304,0.055555143663425025,0.04665471442329027,49,2
webis-touche2020,rr,10,0.02,uniform_nz,33,763,0.07623333328262398,0.055555143663425025,0.04665471442329027,49,2
webis-touche2020,rr,10,0.02,weighted,33,763,0.055555143663425025,0.055555143663425025,0.04665471442329027,49,2
webis-touche2020,rr,10,0.02,active_judge,33,763,0.141379400738496,0.055555143663425025,0.04665471442329027,49,2
webis-touche2020,rr,10,0.02,strat_pilot,33,763,0.05631446455644027,0.055555143663425025,0.04665471442329027,49,2
webis-touche2020,rr,10,0.02,weighted_cv,33,763,0.046634646678999865,0.055555143663425025,0.04665471442329027,49,2
webis-touche2020,rr,10,0.02,active_cv,33,763,0.09998225188331525,0.055555143663425025,0.04665471442329027,49,2
webis-touche2020,rr,10,0.02,weighted_cvl,33,763,0.042073128907451865,0.055555143663425025,0.04665471442329027,49,2
webis-touche2020,rr,10,0.02,uniform,34,746,0.06734431153548039,0.03375104673657453,0.058085018322937276,49,2
webis-touche2020,rr,10,0.02,uniform_nz,34,746,0.04238597356793704,0.03375104673657453,0.058085018322937276,49,2
webis-touche2020,rr,10,0.02,weighted,34,746,0.03375104673657453,0.03375104673657453,0.058085018322937276,49,2
webis-touche2020,rr,10,0.02,active_judge,34,746,0.0948889901947286,0.03375104673657453,0.058085018322937276,49,2
webis-touche2020,rr,10,0.02,strat_pilot,34,746,0.03449376406456211,0.03375104673657453,0.058085018322937276,49,2
webis-touche2020,rr,10,0.02,weighted_cv,34,746,0.0293802434271354,0.03375104673657453,0.058085018322937276,49,2
webis-touche2020,rr,10,0.02,active_cv,34,746,0.06761698167368431,0.03375104673657453,0.058085018322937276,49,2
webis-touche2020,rr,10,0.02,weighted_cvl,34,746,0.02696465547718784,0.03375104673657453,0.058085018322937276,49,2
webis-touche2020,rr,10,0.02,uniform,35,761,0.08924513969222482,0.06703321523842273,0.11458540029901008,49,2
webis-touche2020,rr,10,0.02,uniform_nz,35,761,0.07397330533200153,0.06703321523842273,0.11458540029901008,49,2
webis-touche2020,rr,10,0.02,weighted,35,761,0.06703321523842273,0.06703321523842273,0.11458540029901008,49,2
webis-touche2020,rr,10,0.02,active_judge,35,761,0.15413116976567015,0.06703321523842273,0.11458540029901008,49,2
webis-touche2020,rr,10,0.02,strat_pilot,35,761,0.06776528696896997,0.06703321523842273,0.11458540029901008,49,2
webis-touche2020,rr,10,0.02,weighted_cv,35,761,0.061626812864977176,0.06703321523842273,0.11458540029901008,49,2
webis-touche2020,rr,10,0.02,active_cv,35,761,0.13960970731199346,0.06703321523842273,0.11458540029901008,49,2
webis-touche2020,rr,10,0.02,weighted_cvl,35,761,0.054740687435781685,0.06703321523842273,0.11458540029901008,49,2
webis-touche2020,rr,10,0.02,uniform,36,761,0.07342066306847997,0.04341983044817933,0.05599817265874271,49,2
webis-touche2020,rr,10,0.02,uniform_nz,36,761,0.05362529913289678,0.04341983044817933,0.05599817265874271,49,2
webis-touche2020,rr,10,0.02,weighted,36,761,0.04341983044817933,0.04341983044817933,0.05599817265874271,49,2
webis-touche2020,rr,10,0.02,active_judge,36,761,0.09336925147904816,0.04341983044817933,0.05599817265874271,49,2
webis-touche2020,rr,10,0.02,strat_pilot,36,761,0.04410904499337232,0.04341983044817933,0.05599817265874271,49,2
webis-touche2020,rr,10,0.02,weighted_cv,36,761,0.036724704619343726,0.04341983044817933,0.05599817265874271,49,2
webis-touche2020,rr,10,0.02,active_cv,36,761,0.06357333340412516,0.04341983044817933,0.05599817265874271,49,2
webis-touche2020,rr,10,0.02,weighted_cvl,36,761,0.03394805747616809,0.04341983044817933,0.05599817265874271,49,2
webis-touche2020,rr,10,0.02,uniform,37,758,0.060302560744473564,0.035731268811490094,0.029997303436157932,49,0
webis-touche2020,rr,10,0.02,uniform_nz,37,758,0.04196183544953369,0.035731268811490094,0.029997303436157932,49,0
webis-touche2020,rr,10,0.02,weighted,37,758,0.035731268811490094,0.035731268811490094,0.029997303436157932,49,0
webis-touche2020,rr,10,0.02,active_judge,37,758,0.07570469080245038,0.035731268811490094,0.029997303436157932,49,0
webis-touche2020,rr,10,0.02,strat_pilot,37,758,0.03647935916844416,0.035731268811490094,0.029997303436157932,49,0
webis-touche2020,rr,10,0.02,weighted_cv,37,758,0.0317949152384277,0.035731268811490094,0.029997303436157932,49,0
webis-touche2020,rr,10,0.02,active_cv,37,758,0.06221419943097023,0.035731268811490094,0.029997303436157932,49,0
webis-touche2020,rr,10,0.02,weighted_cvl,37,758,0.03183750514482359,0.035731268811490094,0.029997303436157932,49,0
webis-touche2020,rr,10,0.02,uniform,38,741,0.15018025956853048,0.049158834336543854,0.07242483564069578,49,2
webis-touche2020,rr,10,0.02,uniform_nz,38,741,0.07290344623516355,0.049158834336543854,0.07242483564069578,49,2
webis-touche2020,rr,10,0.02,weighted,38,741,0.049158834336543854,0.049158834336543854,0.07242483564069578,49,2
webis-touche2020,rr,10,0.02,active_judge,38,741,0.13615741606582393,0.049158834336543854,0.07242483564069578,49,2
webis-touche2020,rr,10,0.02,strat_pilot,38,741,0.050468680980792234,0.049158834336543854,0.07242483564069578,49,2
webis-touche2020,rr,10,0.02,weighted_cv,38,741,0.03771303046728878,0.049158834336543854,0.07242483564069578,49,2
webis-touche2020,rr,10,0.02,active_cv,38,741,0.07352568568529023,0.049158834336543854,0.07242483564069578,49,2
webis-touche2020,rr,10,0.02,weighted_cvl,38,741,0.03611144870240991,0.049158834336543854,0.07242483564069578,49,2
webis-touche2020,rr,10,0.02,uniform,39,759,0.08280570188922003,0.042498943973823186,0.08065070692121776,49,2
webis-touche2020,rr,10,0.02,uniform_nz,39,759,0.05779334148743624,0.042498943973823186,0.08065070692121776,49,2
webis-touche2020,rr,10,0.02,weighted,39,759,0.042498943973823186,0.042498943973823186,0.08065070692121776,49,2
webis-touche2020,rr,10,0.02,active_judge,39,759,0.11259841315672339,0.042498943973823186,0.08065070692121776,49,2
webis-touche2020,rr,10,0.02,strat_pilot,39,759,0.04324156210374303,0.042498943973823186,0.08065070692121776,49,2
webis-touche2020,rr,10,0.02,weighted_cv,39,759,0.03636711201481838,0.042498943973823186,0.08065070692121776,49,2
webis-touche2020,rr,10,0.02,active_cv,39,759,0.08235075015509703,0.042498943973823186,0.08065070692121776,49,2
webis-touche2020,rr,10,0.02,weighted_cvl,39,759,0.03282730975570182,0.042498943973823186,0.08065070692121776,49,2
webis-touche2020,rr,10,0.02,uniform,40,754,0.14738090876818705,0.04847740213916067,0.08675210258724192,49,2
webis-touche2020,rr,10,0.02,uniform_nz,40,754,0.08161034352355545,0.04847740213916067,0.08675210258724192,49,2
webis-touche2020,rr,10,0.02,weighted,40,754,0.04847740213916067,0.04847740213916067,0.08675210258724192,49,2
webis-touche2020,rr,10,0.02,active_judge,40,754,0.14146132506623849,0.04847740213916067,0.08675210258724192,49,2
webis-touche2020,rr,10,0.02,strat_pilot,40,754,0.04931520997563532,0.04847740213916067,0.08675210258724192,49,2
webis-touche2020,rr,10,0.02,weighted_cv,40,754,0.036618407139042554,0.04847740213916067,0.08675210258724192,49,2
webis-touche2020,rr,10,0.02,active_cv,40,754,0.06277803601229537,0.04847740213916067,0.08675210258724192,49,2
webis-touche2020,rr,10,0.02,weighted_cvl,40,754,0.033288539709075415,0.04847740213916067,0.08675210258724192,49,2
webis-touche2020,rr,10,0.02,uniform,41,740,0.08241072357271663,0.04575635241148328,0.060246116313453765,49,2
webis-touche2020,rr,10,0.02,uniform_nz,41,740,0.06520012820379702,0.04575635241148328,0.060246116313453765,49,2
webis-touche2020,rr,10,0.02,weighted,41,740,0.04575635241148328,0.04575635241148328,0.060246116313453765,49,2
webis-touche2020,rr,10,0.02,active_judge,41,740,0.11688526179584494,0.04575635241148328,0.060246116313453765,49,2
webis-touche2020,rr,10,0.02,strat_pilot,41,740,0.04654374203792254,0.04575635241148328,0.060246116313453765,49,2
webis-touche2020,rr,10,0.02,weighted_cv,41,740,0.0401646872036897,0.04575635241148328,0.060246116313453765,49,2
webis-touche2020,rr,10,0.02,active_cv,41,740,0.08800827058055208,0.04575635241148328,0.060246116313453765,49,2
webis-touche2020,rr,10,0.02,weighted_cvl,41,740,0.03505437363128837,0.04575635241148328,0.060246116313453765,49,2
webis-touche2020,rr,10,0.02,uniform,42,751,0.17639535540622336,0.0811872851121497,0.10574712835374185,49,2
webis-touche2020,rr,10,0.02,uniform_nz,42,751,0.1227369444199939,0.0811872851121497,0.10574712835374185,49,2
webis-touche2020,rr,10,0.02,weighted,42,751,0.0811872851121497,0.0811872851121497,0.10574712835374185,49,2
webis-touche2020,rr,10,0.02,active_judge,42,751,0.20556196068596969,0.0811872851121497,0.10574712835374185,49,2
webis-touche2020,rr,10,0.02,strat_pilot,42,751,0.08296119756298162,0.0811872851121497,0.10574712835374185,49,2
webis-touche2020,rr,10,0.02,weighted_cv,42,751,0.06339479640796293,0.0811872851121497,0.10574712835374185,49,2
webis-touche2020,rr,10,0.02,active_cv,42,751,0.11890386521199461,0.0811872851121497,0.10574712835374185,49,2
webis-touche2020,rr,10,0.02,weighted_cvl,42,751,0.05979783007638351,0.0811872851121497,0.10574712835374185,49,2
webis-touche2020,rr,10,0.02,uniform,43,772,0.06934529421132377,0.04489323630389784,0.06291488258903116,49,2
webis-touche2020,rr,10,0.02,uniform_nz,43,772,0.05264954113939434,0.04489323630389784,0.06291488258903116,49,2
webis-touche2020,rr,10,0.02,weighted,43,772,0.04489323630389784,0.04489323630389784,0.06291488258903116,49,2
webis-touche2020,rr,10,0.02,active_judge,43,772,0.0982922828093746,0.04489323630389784,0.06291488258903116,49,2
webis-touche2020,rr,10,0.02,strat_pilot,43,772,0.04540353088032798,0.04489323630389784,0.06291488258903116,49,2
webis-touche2020,rr,10,0.02,weighted_cv,43,772,0.04004869355945871,0.04489323630389784,0.06291488258903116,49,2
webis-touche2020,rr,10,0.02,active_cv,43,772,0.09015729276443936,0.04489323630389784,0.06291488258903116,49,2
webis-touche2020,rr,10,0.02,weighted_cvl,43,772,0.036504054329957916,0.04489323630389784,0.06291488258903116,49,2
webis-touche2020,rr,10,0.02,uniform,44,741,0.14192139368243634,0.0495426579235807,0.07022199336449236,49,2
webis-touche2020,rr,10,0.02,uniform_nz,44,741,0.07390893821576586,0.0495426579235807,0.07022199336449236,49,2
webis-touche2020,rr,10,0.02,weighted,44,741,0.0495426579235807,0.0495426579235807,0.07022199336449236,49,2
webis-touche2020,rr,10,0.02,active_judge,44,741,0.13604154725145562,0.0495426579235807,0.07022199336449236,49,2
webis-touche2020,rr,10,0.02,strat_pilot,44,741,0.05097456637302703,0.0495426579235807,0.07022199336449236,49,2
webis-touche2020,rr,10,0.02,weighted_cv,44,741,0.03662271741063542,0.0495426579235807,0.07022199336449236,49,2
webis-touche2020,rr,10,0.02,active_cv,44,741,0.05627321824814353,0.0495426579235807,0.07022199336449236,49,2
webis-touche2020,rr,10,0.02,weighted_cvl,44,741,0.034146425013571007,0.0495426579235807,0.07022199336449236,49,2
webis-touche2020,rr,10,0.02,uniform,45,758,0.09996990993283679,0.06312842406849452,0.05451627891247959,49,2
webis-touche2020,rr,10,0.02,uniform_nz,45,758,0.07833305305429586,0.06312842406849452,0.05451627891247959,49,2
webis-touche2020,rr,10,0.02,weighted,45,758,0.06312842406849452,0.06312842406849452,0.05451627891247959,49,2
webis-touche2020,rr,10,0.02,active_judge,45,758,0.13410852279944716,0.06312842406849452,0.05451627891247959,49,2
webis-touche2020,rr,10,0.02,strat_pilot,45,758,0.06373653284803982,0.06312842406849452,0.05451627891247959,49,2
webis-touche2020,rr,10,0.02,weighted_cv,45,758,0.05464177936203751,0.06312842406849452,0.05451627891247959,49,2
webis-touche2020,rr,10,0.02,active_cv,45,758,0.11098127078308155,0.06312842406849452,0.05451627891247959,49,2
webis-touche2020,rr,10,0.02,weighted_cvl,45,758,0.05158562381737314,0.06312842406849452,0.05451627891247959,49,2
webis-touche2020,rr,10,0.02,uniform,46,763,0.1017177060893609,0.065223963052418,0.06952338705774563,49,2
webis-touche2020,rr,10,0.02,uniform_nz,46,763,0.08832335170858596,0.065223963052418,0.06952338705774563,49,2
webis-touche2020,rr,10,0.02,weighted,46,763,0.065223963052418,0.065223963052418,0.06952338705774563,49,2
webis-touche2020,rr,10,0.02,active_judge,46,763,0.15594361435110318,0.065223963052418,0.06952338705774563,49,2
webis-touche2020,rr,10,0.02,strat_pilot,46,763,0.06583768365817133,0.065223963052418,0.06952338705774563,49,2
webis-touche2020,rr,10,0.02,weighted_cv,46,763,0.058079388746315797,0.065223963052418,0.06952338705774563,49,2
webis-touche2020,rr,10,0.02,active_cv,46,763,0.1361617011338424,0.065223963052418,0.06952338705774563,49,2
webis-touche2020,rr,10,0.02,weighted_cvl,46,763,0.05148746765965696,0.065223963052418,0.06952338705774563,49,2
webis-touche2020,rr,10,0.02,uniform,47,752,0.07904688076155836,0.04219637661934867,0.07371133672255963,49,2
webis-touche2020,rr,10,0.02,uniform_nz,47,752,0.05775019914992161,0.04219637661934867,0.07371133672255963,49,2
webis-touche2020,rr,10,0.02,weighted,47,752,0.04219637661934867,0.04219637661934867,0.07371133672255963,49,2
webis-touche2020,rr,10,0.02,active_judge,47,752,0.11046510253829767,0.04219637661934867,0.07371133672255963,49,2
webis-touche2020,rr,10,0.02,strat_pilot,47,752,0.042425149566924156,0.04219637661934867,0.07371133672255963,49,2
webis-touche2020,rr,10,0.02,weighted_cv,47,752,0.036730996589600315,0.04219637661934867,0.07371133672255963,49,2
webis-touche2020,rr,10,0.02,active_cv,47,752,0.08180751294958796,0.04219637661934867,0.07371133672255963,49,2
webis-touche2020,rr,10,0.02,weighted_cvl,47,752,0.03222122890753558,0.04219637661934867,0.07371133672255963,49,2
webis-touche2020,rr,10,0.02,uniform,48,769,0.15135734176827226,0.048263228894041346,0.07335083808931231,49,2
webis-touche2020,rr,10,0.02,uniform_nz,48,769,0.07333304558852952,0.048263228894041346,0.07335083808931231,49,2
webis-touche2020,rr,10,0.02,weighted,48,769,0.048263228894041346,0.048263228894041346,0.07335083808931231,49,2
webis-touche2020,rr,10,0.02,active_judge,48,769,0.13227151245760543,0.048263228894041346,0.07335083808931231,49,2
webis-touche2020,rr,10,0.02,strat_pilot,48,769,0.04931077146943478,0.048263228894041346,0.07335083808931231,49,2
webis-touche2020,rr,10,0.02,weighted_cv,48,769,0.03782467837388307,0.048263228894041346,0.07335083808931231,49,2
webis-touche2020,rr,10,0.02,active_cv,48,769,0.0622521279284163,0.048263228894041346,0.07335083808931231,49,2
webis-touche2020,rr,10,0.02,weighted_cvl,48,769,0.03653246697952453,0.048263228894041346,0.07335083808931231,49,2
webis-touche2020,rr,10,0.02,uniform,49,741,0.14837622577404933,0.0471661311866345,0.06980594916654616,49,2
webis-touche2020,rr,10,0.02,uniform_nz,49,741,0.08079823476873964,0.0471661311866345,0.06980594916654616,49,2
webis-touche2020,rr,10,0.02,weighted,49,741,0.0471661311866345,0.0471661311866345,0.06980594916654616,49,2
webis-touche2020,rr,10,0.02,active_judge,49,741,0.14397540229275851,0.0471661311866345,0.06980594916654616,49,2
webis-touche2020,rr,10,0.02,strat_pilot,49,741,0.048135026556934295,0.0471661311866345,0.06980594916654616,49,2
webis-touche2020,rr,10,0.02,weighted_cv,49,741,0.03719872780542124,0.0471661311866345,0.06980594916654616,49,2
webis-touche2020,rr,10,0.02,active_cv,49,741,0.06870140216155811,0.0471661311866345,0.06980594916654616,49,2
webis-touche2020,rr,10,0.02,weighted_cvl,49,741,0.03545804643839001,0.0471661311866345,0.06980594916654616,49,2
webis-touche2020,rr,10,0.02,uniform,50,764,0.08562769995673605,0.04937230692622026,0.04625629460265682,49,2
webis-touche2020,rr,10,0.02,uniform_nz,50,764,0.06282059743314751,0.04937230692622026,0.04625629460265682,49,2
webis-touche2020,rr,10,0.02,weighted,50,764,0.04937230692622026,0.04937230692622026,0.04625629460265682,49,2
webis-touche2020,rr,10,0.02,active_judge,50,764,0.10404487798952888,0.04937230692622026,0.04625629460265682,49,2
webis-touche2020,rr,10,0.02,strat_pilot,50,764,0.04981578504021372,0.04937230692622026,0.04625629460265682,49,2
webis-touche2020,rr,10,0.02,weighted_cv,50,764,0.043152907152366284,0.04937230692622026,0.04625629460265682,49,2
webis-touche2020,rr,10,0.02,active_cv,50,764,0.07735315426990623,0.04937230692622026,0.04625629460265682,49,2
webis-touche2020,rr,10,0.02,weighted_cvl,50,764,0.03888939120363341,0.04937230692622026,0.04625629460265682,49,2
webis-touche2020,rr,10,0.02,uniform,51,758,0.07357182028163492,0.037116545493880625,0.04856023457542841,49,2
webis-touche2020,rr,10,0.02,uniform_nz,51,758,0.05425712064237871,0.037116545493880625,0.04856023457542841,49,2
webis-touche2020,rr,10,0.02,weighted,51,758,0.037116545493880625,0.037116545493880625,0.04856023457542841,49,2
webis-touche2020,rr,10,0.02,active_judge,51,758,0.10362901337539396,0.037116545493880625,0.04856023457542841,49,2
webis-touche2020,rr,10,0.02,strat_pilot,51,758,0.03759586496951217,0.037116545493880625,0.04856023457542841,49,2
webis-touche2020,rr,10,0.02,weighted_cv,51,758,0.0315784388143772,0.037116545493880625,0.04856023457542841,49,2
webis-touche2020,rr,10,0.02,active_cv,51,758,0.0699949575552914,0.037116545493880625,0.04856023457542841,49,2
webis-touche2020,rr,10,0.02,weighted_cvl,51,758,0.027227698821476833,0.037116545493880625,0.04856023457542841,49,2
webis-touche2020,rr,10,0.02,uniform,52,763,0.15337316910604326,0.04910374078407588,0.08092920911081158,49,2
webis-touche2020,rr,10,0.02,uniform_nz,52,763,0.08018722568485373,0.04910374078407588,0.08092920911081158,49,2
webis-touche2020,rr,10,0.02,weighted,52,763,0.04910374078407588,0.04910374078407588,0.08092920911081158,49,2
webis-touche2020,rr,10,0.02,active_judge,52,763,0.14904624693769616,0.04910374078407588,0.08092920911081158,49,2
webis-touche2020,rr,10,0.02,strat_pilot,52,763,0.05032721403081129,0.04910374078407588,0.08092920911081158,49,2
webis-touche2020,rr,10,0.02,weighted_cv,52,763,0.03577766190680091,0.04910374078407588,0.08092920911081158,49,2
webis-touche2020,rr,10,0.02,active_cv,52,763,0.060059887938162394,0.04910374078407588,0.08092920911081158,49,2
webis-touche2020,rr,10,0.02,weighted_cvl,52,763,0.0343106287607257,0.04910374078407588,0.08092920911081158,49,2
webis-touche2020,rr,10,0.02,uniform,53,765,0.1557291275135078,0.05683530827216632,0.06685925775739344,49,2
webis-touche2020,rr,10,0.02,uniform_nz,53,765,0.0839870611631748,0.05683530827216632,0.06685925775739344,49,2
webis-touche2020,rr,10,0.02,weighted,53,765,0.05683530827216632,0.05683530827216632,0.06685925775739344,49,2
webis-touche2020,rr,10,0.02,active_judge,53,765,0.14199601231514586,0.05683530827216632,0.06685925775739344,49,2
webis-touche2020,rr,10,0.02,strat_pilot,53,765,0.05798016887047388,0.05683530827216632,0.06685925775739344,49,2
webis-touche2020,rr,10,0.02,weighted_cv,53,765,0.043052570394925285,0.05683530827216632,0.06685925775739344,49,2
webis-touche2020,rr,10,0.02,active_cv,53,765,0.07709266893830452,0.05683530827216632,0.06685925775739344,49,2
webis-touche2020,rr,10,0.02,weighted_cvl,53,765,0.04012801398958192,0.05683530827216632,0.06685925775739344,49,2
webis-touche2020,rr,10,0.02,uniform,54,747,0.06676048975582913,0.033415812520736166,0.02124431790259964,49,0
webis-touche2020,rr,10,0.02,uniform_nz,54,747,0.047480144244385084,0.033415812520736166,0.02124431790259964,49,0
webis-touche2020,rr,10,0.02,weighted,54,747,0.033415812520736166,0.033415812520736166,0.02124431790259964,49,0
webis-touche2020,rr,10,0.02,active_judge,54,747,0.08374789364821288,0.033415812520736166,0.02124431790259964,49,0
webis-touche2020,rr,10,0.02,strat_pilot,54,747,0.03234044389472757,0.033415812520736166,0.02124431790259964,49,0
webis-touche2020,rr,10,0.02,weighted_cv,54,747,0.026455638683625944,0.033415812520736166,0.02124431790259964,49,0
webis-touche2020,rr,10,0.02,active_cv,54,747,0.05172837116047134,0.033415812520736166,0.02124431790259964,49,0
webis-touche2020,rr,10,0.02,weighted_cvl,54,747,0.02419515323097346,0.033415812520736166,0.02124431790259964,49,0
webis-touche2020,rr,10,0.02,uniform,55,761,0.08418719442213371,0.05559749348678583,0.05517433294832676,49,2
webis-touche2020,rr,10,0.02,uniform_nz,55,761,0.066118083960194,0.05559749348678583,0.05517433294832676,49,2
webis-touche2020,rr,10,0.02,weighted,55,761,0.05559749348678583,0.05559749348678583,0.05517433294832676,49,2
webis-touche2020,rr,10,0.02,active_judge,55,761,0.12842094766904136,0.05559749348678583,0.05517433294832676,49,2
webis-touche2020,rr,10,0.02,strat_pilot,55,761,0.05617000426016783,0.05559749348678583,0.05517433294832676,49,2
webis-touche2020,rr,10,0.02,weighted_cv,55,761,0.04682527564437643,0.05559749348678583,0.05517433294832676,49,2
webis-touche2020,rr,10,0.02,active_cv,55,761,0.09480876047661674,0.05559749348678583,0.05517433294832676,49,2
webis-touche2020,rr,10,0.02,weighted_cvl,55,761,0.04258541609292839,0.05559749348678583,0.05517433294832676,49,2
webis-touche2020,rr,10,0.02,uniform,56,752,0.15596747477214856,0.06066102190724619,0.05193635978320996,49,2
webis-touche2020,rr,10,0.02,uniform_nz,56,752,0.0861248283071617,0.06066102190724619,0.05193635978320996,49,2
webis-touche2020,rr,10,0.02,weighted,56,752,0.06066102190724619,0.06066102190724619,0.05193635978320996,49,2
webis-touche2020,rr,10,0.02,active_judge,56,752,0.1538780549056524,0.06066102190724619,0.05193635978320996,49,2
webis-touche2020,rr,10,0.02,strat_pilot,56,752,0.06152493190492407,0.06066102190724619,0.05193635978320996,49,2
webis-touche2020,rr,10,0.02,weighted_cv,56,752,0.048749827306431834,0.06066102190724619,0.05193635978320996,49,2
webis-touche2020,rr,10,0.02,active_cv,56,752,0.08739487103294367,0.06066102190724619,0.05193635978320996,49,2
webis-touche2020,rr,10,0.02,weighted_cvl,56,752,0.043960156237977534,0.06066102190724619,0.05193635978320996,49,2
webis-touche2020,rr,10,0.02,uniform,57,749,0.08352519056268323,0.048415033826957624,0.07115872039199539,49,2
webis-touche2020,rr,10,0.02,uniform_nz,57,749,0.06379176692118615,0.048415033826957624,0.07115872039199539,49,2
webis-touche2020,rr,10,0.02,weighted,57,749,0.048415033826957624,0.048415033826957624,0.07115872039199539,49,2
webis-touche2020,rr,10,0.02,active_judge,57,749,0.13182020206398912,0.048415033826957624,0.07115872039199539,49,2
webis-touche2020,rr,10,0.02,strat_pilot,57,749,0.049716385073346595,0.048415033826957624,0.07115872039199539,49,2
webis-touche2020,rr,10,0.02,weighted_cv,57,749,0.038481632134256684,0.048415033826957624,0.07115872039199539,49,2
webis-touche2020,rr,10,0.02,active_cv,57,749,0.06334007119179492,0.048415033826957624,0.07115872039199539,49,2
webis-touche2020,rr,10,0.02,weighted_cvl,57,749,0.03420181778649366,0.048415033826957624,0.07115872039199539,49,2
webis-touche2020,rr,10,0.02,uniform,58,758,0.14065774790334767,0.04241538113201739,0.0763056340088074,49,2
webis-touche2020,rr,10,0.02,uniform_nz,58,758,0.06461990266029463,0.04241538113201739,0.0763056340088074,49,2
webis-touche2020,rr,10,0.02,weighted,58,758,0.04241538113201739,0.04241538113201739,0.0763056340088074,49,2
webis-touche2020,rr,10,0.02,active_judge,58,758,0.11970176198765017,0.04241538113201739,0.0763056340088074,49,2
webis-touche2020,rr,10,0.02,strat_pilot,58,758,0.04299175683965639,0.04241538113201739,0.0763056340088074,49,2
webis-touche2020,rr,10,0.02,weighted_cv,58,758,0.03118267476517725,0.04241538113201739,0.0763056340088074,49,2
webis-touche2020,rr,10,0.02,active_cv,58,758,0.05328296156365046,0.04241538113201739,0.0763056340088074,49,2
webis-touche2020,rr,10,0.02,weighted_cvl,58,758,0.028866030391652385,0.04241538113201739,0.0763056340088074,49,2
webis-touche2020,rr,10,0.02,uniform,59,741,0.07644624021194787,0.037406384153935254,0.06296422961159132,49,2
webis-touche2020,rr,10,0.02,uniform_nz,59,741,0.0479735314110772,0.037406384153935254,0.06296422961159132,49,2
webis-touche2020,rr,10,0.02,weighted,59,741,0.037406384153935254,0.037406384153935254,0.06296422961159132,49,2
webis-touche2020,rr,10,0.02,active_judge,59,741,0.08813999788920418,0.037406384153935254,0.06296422961159132,49,2
webis-touche2020,rr,10,0.02,strat_pilot,59,741,0.038046130774757214,0.037406384153935254,0.06296422961159132,49,2
webis-touche2020,rr,10,0.02,weighted_cv,59,741,0.03255022127219183,0.037406384153935254,0.06296422961159132,49,2
webis-touche2020,rr,10,0.02,active_cv,59,741,0.0710382134609684,0.037406384153935254,0.06296422961159132,49,2
webis-touche2020,rr,10,0.02,weighted_cvl,59,741,0.029313188414470292,0.037406384153935254,0.06296422961159132,49,2
webis-touche2020,rr,10,0.02,uniform,60,760,0.13556456498607647,0.04072491963550131,0.059019343659436535,49,2
webis-touche2020,rr,10,0.02,uniform_nz,60,760,0.06420701629041159,0.04072491963550131,0.059019343659436535,49,2
webis-touche2020,rr,10,0.02,weighted,60,760,0.04072491963550131,0.04072491963550131,0.059019343659436535,49,2
webis-touche2020,rr,10,0.02,active_judge,60,760,0.118345151236191,0.04072491963550131,0.059019343659436535,49,2
webis-touche2020,rr,10,0.02,strat_pilot,60,760,0.04122566772800373,0.04072491963550131,0.059019343659436535,49,2
webis-touche2020,rr,10,0.02,weighted_cv,60,760,0.03147180770422505,0.04072491963550131,0.059019343659436535,49,2
webis-touche2020,rr,10,0.02,active_cv,60,760,0.06489984937741786,0.04072491963550131,0.059019343659436535,49,2
webis-touche2020,rr,10,0.02,weighted_cvl,60,760,0.029180593435912117,0.04072491963550131,0.059019343659436535,49,2
webis-touche2020,rr,10,0.02,uniform,61,745,0.1570890726374118,0.05013209828355551,0.0572138678887905,49,2
webis-touche2020,rr,10,0.02,uniform_nz,61,745,0.07848105264627006,0.05013209828355551,0.0572138678887905,49,2
webis-touche2020,rr,10,0.02,weighted,61,745,0.05013209828355551,0.05013209828355551,0.0572138678887905,49,2
webis-touche2020,rr,10,0.02,active_judge,61,745,0.13625614649864867,0.05013209828355551,0.0572138678887905,49,2
webis-touche2020,rr,10,0.02,strat_pilot,61,745,0.05115829404444165,0.05013209828355551,0.0572138678887905,49,2
webis-touche2020,rr,10,0.02,weighted_cv,61,745,0.040793611362822446,0.05013209828355551,0.0572138678887905,49,2
webis-touche2020,rr,10,0.02,active_cv,61,745,0.10040691391494323,0.05013209828355551,0.0572138678887905,49,2
webis-touche2020,rr,10,0.02,weighted_cvl,61,745,0.038573009762444564,0.05013209828355551,0.0572138678887905,49,2
webis-touche2020,rr,10,0.02,uniform,62,762,0.15520475290749383,0.043380450154664865,0.04624842358936786,49,2
webis-touche2020,rr,10,0.02,uniform_nz,62,762,0.06751614170183173,0.043380450154664865,0.04624842358936786,49,2
webis-touche2020,rr,10,0.02,weighted,62,762,0.043380450154664865,0.043380450154664865,0.04624842358936786,49,2
webis-touche2020,rr,10,0.02,active_judge,62,762,0.13151186493621037,0.043380450154664865,0.04624842358936786,49,2
webis-touche2020,rr,10,0.02,strat_pilot,62,762,0.044038465994198285,0.043380450154664865,0.04624842358936786,49,2
webis-touche2020,rr,10,0.02,weighted_cv,62,762,0.03096305767969767,0.043380450154664865,0.04624842358936786,49,2
webis-touche2020,rr,10,0.02,active_cv,62,762,0.04431568730579029,0.043380450154664865,0.04624842358936786,49,2
webis-touche2020,rr,10,0.02,weighted_cvl,62,762,0.031367847135169755,0.043380450154664865,0.04624842358936786,49,2
webis-touche2020,rr,10,0.02,uniform,63,756,0.16010735352255598,0.060782465848490876,0.0749670271149609,49,2
webis-touche2020,rr,10,0.02,uniform_nz,63,756,0.08308455346563712,0.060782465848490876,0.0749670271149609,49,2
webis-touche2020,rr,10,0.02,weighted,63,756,0.060782465848490876,0.060782465848490876,0.0749670271149609,49,2
webis-touche2020,rr,10,0.02,active_judge,63,756,0.1679536779707183,0.060782465848490876,0.0749670271149609,49,2
webis-touche2020,rr,10,0.02,strat_pilot,63,756,0.06164261642379516,0.060782465848490876,0.0749670271149609,49,2
webis-touche2020,rr,10,0.02,weighted_cv,63,756,0.04973972390467209,0.060782465848490876,0.0749670271149609,49,2
webis-touche2020,rr,10,0.02,active_cv,63,756,0.10454960145638963,0.060782465848490876,0.0749670271149609,49,2
webis-touche2020,rr,10,0.02,weighted_cvl,63,756,0.04407211209828278,0.060782465848490876,0.0749670271149609,49,2
webis-touche2020,rr,10,0.02,uniform,64,758,0.07098414211781627,0.04445547637647186,0.05653545791888771,49,2
webis-touche2020,rr,10,0.02,uniform_nz,64,758,0.052599837950038156,0.04445547637647186,0.05653545791888771,49,2
webis-touche2020,rr,10,0.02,weighted,64,758,0.04445547637647186,0.04445547637647186,0.05653545791888771,49,2
webis-touche2020,rr,10,0.02,active_judge,64,758,0.09512221446365651,0.04445547637647186,0.05653545791888771,49,2
webis-touche2020,rr,10,0.02,strat_pilot,64,758,0.045035507239850094,0.04445547637647186,0.05653545791888771,49,2
webis-touche2020,rr,10,0.02,weighted_cv,64,758,0.037029954360450534,0.04445547637647186,0.05653545791888771,49,2
webis-touche2020,rr,10,0.02,active_cv,64,758,0.06427830173457148,0.04445547637647186,0.05653545791888771,49,2
webis-touche2020,rr,10,0.02,weighted_cvl,64,758,0.03345078064865076,0.04445547637647186,0.05653545791888771,49,2
webis-touche2020,rr,10,0.02,uniform,65,753,0.07531016266061714,0.0424650124908231,0.05808447310343595,49,2
webis-touche2020,rr,10,0.02,uniform_nz,65,753,0.05985677746275166,0.0424650124908231,0.05808447310343595,49,2
webis-touche2020,rr,10,0.02,weighted,65,753,0.0424650124908231,0.0424650124908231,0.05808447310343595,49,2
webis-touche2020,rr,10,0.02,active_judge,65,753,0.11429855383393688,0.0424650124908231,0.05808447310343595,49,2
webis-touche2020,rr,10,0.02,strat_pilot,65,753,0.043507030884639794,0.0424650124908231,0.05808447310343595,49,2
webis-touche2020,rr,10,0.02,weighted_cv,65,753,0.03441988776606713,0.0424650124908231,0.05808447310343595,49,2
webis-touche2020,rr,10,0.02,active_cv,65,753,0.06505541702229237,0.0424650124908231,0.05808447310343595,49,2
webis-touche2020,rr,10,0.02,weighted_cvl,65,753,0.031181504290845867,0.0424650124908231,0.05808447310343595,49,2
webis-touche2020,rr,10,0.02,uniform,66,765,0.07296825693180801,0.038990243810084625,0.047234843132692765,49,2
webis-touche2020,rr,10,0.02,uniform_nz,66,765,0.04865522927971637,0.038990243810084625,0.047234843132692765,49,2
webis-touche2020,rr,10,0.02,weighted,66,765,0.038990243810084625,0.038990243810084625,0.047234843132692765,49,2
webis-touche2020,rr,10,0.02,active_judge,66,765,0.09614583995789108,0.038990243810084625,0.047234843132692765,49,2
webis-touche2020,rr,10,0.02,strat_pilot,66,765,0.03985750949772326,0.038990243810084625,0.047234843132692765,49,2
webis-touche2020,rr,10,0.02,weighted_cv,66,765,0.034310762679265694,0.038990243810084625,0.047234843132692765,49,2
webis-touche2020,rr,10,0.02,active_cv,66,765,0.07296443357549967,0.038990243810084625,0.047234843132692765,49,2
webis-touche2020,rr,10,0.02,weighted_cvl,66,765,0.033425366174683536,0.038990243810084625,0.047234843132692765,49,2
webis-touche2020,rr,10,0.02,uniform,67,759,0.0785436338278686,0.047374384943281736,0.02567704363060401,49,0
webis-touche2020,rr,10,0.02,uniform_nz,67,759,0.06749671273223205,0.047374384943281736,0.02567704363060401,49,0
webis-touche2020,rr,10,0.02,weighted,67,759,0.047374384943281736,0.047374384943281736,0.02567704363060401,49,0
webis-touche2020,rr,10,0.02,active_judge,67,759,0.10917905002695014,0.047374384943281736,0.02567704363060401,49,0
webis-touche2020,rr,10,0.02,strat_pilot,67,759,0.04738163724177801,0.047374384943281736,0.02567704363060401,49,0
webis-touche2020,rr,10,0.02,weighted_cv,67,759,0.040848650608874396,0.047374384943281736,0.02567704363060401,49,0
webis-touche2020,rr,10,0.02,active_cv,67,759,0.09063595564672679,0.047374384943281736,0.02567704363060401,49,0
webis-touche2020,rr,10,0.02,weighted_cvl,67,759,0.03821553134667744,0.047374384943281736,0.02567704363060401,49,0
webis-touche2020,rr,10,0.02,uniform,68,754,0.09714126954631326,0.06668257737755763,0.10004253646666592,49,2
webis-touche2020,rr,10,0.02,uniform_nz,68,754,0.08565943893074532,0.06668257737755763,0.10004253646666592,49,2
webis-touche2020,rr,10,0.02,weighted,68,754,0.06668257737755763,0.06668257737755763,0.10004253646666592,49,2
webis-touche2020,rr,10,0.02,active_judge,68,754,0.16632101248868805,0.06668257737755763,0.10004253646666592,49,2
webis-touche2020,rr,10,0.02,strat_pilot,68,754,0.06747973279202128,0.06668257737755763,0.10004253646666592,49,2
webis-touche2020,rr,10,0.02,weighted_cv,68,754,0.06148018968362937,0.06668257737755763,0.10004253646666592,49,2
webis-touche2020,rr,10,0.02,active_cv,68,754,0.133647677811134,0.06668257737755763,0.10004253646666592,49,2
webis-touche2020,rr,10,0.02,weighted_cvl,68,754,0.052696538175093025,0.06668257737755763,0.10004253646666592,49,2
webis-touche2020,rr,10,0.02,uniform,69,766,0.16404004299903135,0.05810503002723035,0.058273330184320876,49,2
webis-touche2020,rr,10,0.02,uniform_nz,69,766,0.0839416595119955,0.05810503002723035,0.058273330184320876,49,2
webis-touche2020,rr,10,0.02,weighted,69,766,0.05810503002723035,0.05810503002723035,0.058273330184320876,49,2
webis-touche2020,rr,10,0.02,active_judge,69,766,0.13990207774585478,0.05810503002723035,0.058273330184320876,49,2
webis-touche2020,rr,10,0.02,strat_pilot,69,766,0.0590879497175432,0.05810503002723035,0.058273330184320876,49,2
webis-touche2020,rr,10,0.02,weighted_cv,69,766,0.0454672152687877,0.05810503002723035,0.058273330184320876,49,2
webis-touche2020,rr,10,0.02,active_cv,69,766,0.0807365067978926,0.05810503002723035,0.058273330184320876,49,2
webis-touche2020,rr,10,0.02,weighted_cvl,69,766,0.04266297038391089,0.05810503002723035,0.058273330184320876,49,2
webis-touche2020,rr,10,0.02,uniform,70,752,0.14677647035877509,0.045364281680948235,0.06391406920704268,49,2
webis-touche2020,rr,10,0.02,uniform_nz,70,752,0.07065947304346462,0.045364281680948235,0.06391406920704268,49,2
webis-touche2020,rr,10,0.02,weighted,70,752,0.045364281680948235,0.045364281680948235,0.06391406920704268,49,2
webis-touche2020,rr,10,0.02,active_judge,70,752,0.12378158139177495,0.045364281680948235,0.06391406920704268,49,2
webis-touche2020,rr,10,0.02,strat_pilot,70,752,0.04710669959899427,0.045364281680948235,0.06391406920704268,49,2
webis-touche2020,rr,10,0.02,weighted_cv,70,752,0.03376378898037188,0.045364281680948235,0.06391406920704268,49,2
webis-touche2020,rr,10,0.02,active_cv,70,752,0.06108203719864693,0.045364281680948235,0.06391406920704268,49,2
webis-touche2020,rr,10,0.02,weighted_cvl,70,752,0.031221500844657878,0.045364281680948235,0.06391406920704268,49,2
webis-touche2020,rr,10,0.02,uniform,71,761,0.17319633952111452,0.06624763020514778,0.08376508521864558,49,2
webis-touche2020,rr,10,0.02,uniform_nz,71,761,0.10158184930003156,0.06624763020514778,0.08376508521864558,49,2
webis-touche2020,rr,10,0.02,weighted,71,761,0.06624763020514778,0.06624763020514778,0.08376508521864558,49,2
webis-touche2020,rr,10,0.02,active_judge,71,761,0.18808091949370306,0.06624763020514778,0.08376508521864558,49,2
webis-touche2020,rr,10,0.02,strat_pilot,71,761,0.06762249190218377,0.06624763020514778,0.08376508521864558,49,2
webis-touche2020,rr,10,0.02,weighted_cv,71,761,0.049940732331871476,0.06624763020514778,0.08376508521864558,49,2
webis-touche2020,rr,10,0.02,active_cv,71,761,0.08370266721967566,0.06624763020514778,0.08376508521864558,49,2
webis-touche2020,rr,10,0.02,weighted_cvl,71,761,0.04670546988435376,0.06624763020514778,0.08376508521864558,49,2
webis-touche2020,rr,10,0.02,uniform,72,774,0.08726366690886586,0.05205576475127782,0.06913228295599744,49,2
webis-touche2020,rr,10,0.02,uniform_nz,72,774,0.06995481517978559,0.05205576475127782,0.06913228295599744,49,2
webis-touche2020,rr,10,0.02,weighted,72,774,0.05205576475127782,0.05205576475127782,0.06913228295599744,49,2
webis-touche2020,rr,10,0.02,active_judge,72,774,0.13093155505748014,0.05205576475127782,0.06913228295599744,49,2
webis-touche2020,rr,10,0.02,strat_pilot,72,774,0.0527751083303908,0.05205576475127782,0.06913228295599744,49,2
webis-touche2020,rr,10,0.02,weighted_cv,72,774,0.04456265766803227,0.05205576475127782,0.06913228295599744,49,2
webis-touche2020,rr,10,0.02,active_cv,72,774,0.07845513399735796,0.05205576475127782,0.06913228295599744,49,2
webis-touche2020,rr,10,0.02,weighted_cvl,72,774,0.038989193656658726,0.05205576475127782,0.06913228295599744,49,2
webis-touche2020,rr,10,0.02,uniform,73,753,0.07512161326678132,0.043113877288032385,0.025970773077971215,49,2
webis-touche2020,rr,10,0.02,uniform_nz,73,753,0.05866312636298095,0.043113877288032385,0.025970773077971215,49,2
webis-touche2020,rr,10,0.02,weighted,73,753,0.043113877288032385,0.043113877288032385,0.025970773077971215,49,2
webis-touche2020,rr,10,0.02,active_judge,73,753,0.10990596897505656,0.043113877288032385,0.025970773077971215,49,2
webis-touche2020,rr,10,0.02,strat_pilot,73,753,0.043491510635609874,0.043113877288032385,0.025970773077971215,49,2
webis-touche2020,rr,10,0.02,weighted_cv,73,753,0.035586877256718275,0.043113877288032385,0.025970773077971215,49,2
webis-touche2020,rr,10,0.02,active_cv,73,753,0.06484267395349522,0.043113877288032385,0.025970773077971215,49,2
webis-touche2020,rr,10,0.02,weighted_cvl,73,753,0.03204120493745658,0.043113877288032385,0.025970773077971215,49,2
webis-touche2020,rr,10,0.02,uniform,74,769,0.1378666157047752,0.040867798619747084,0.07180025013984832,49,2
webis-touche2020,rr,10,0.02,uniform_nz,74,769,0.06324665931633533,0.040867798619747084,0.07180025013984832,49,2
webis-touche2020,rr,10,0.02,weighted,74,769,0.040867798619747084,0.040867798619747084,0.07180025013984832,49,2
webis-touche2020,rr,10,0.02,active_judge,74,769,0.10758419605914424,0.040867798619747084,0.07180025013984832,49,2
webis-touche2020,rr,10,0.02,strat_pilot,74,769,0.041491833534932,0.040867798619747084,0.07180025013984832,49,2
webis-touche2020,rr,10,0.02,weighted_cv,74,769,0.03208234090156105,0.040867798619747084,0.07180025013984832,49,2
webis-touche2020,rr,10,0.02,active_cv,74,769,0.055190090959020874,0.040867798619747084,0.07180025013984832,49,2
webis-touche2020,rr,10,0.02,weighted_cvl,74,769,0.03072501781810935,0.040867798619747084,0.07180025013984832,49,2
webis-touche2020,rr,10,0.02,uniform,75,746,0.09287814634672556,0.06788546687466526,0.1117335868466317,49,2
webis-touche2020,rr,10,0.02,uniform_nz,75,746,0.07621995280979776,0.06788546687466526,0.1117335868466317,49,2
webis-touche2020,rr,10,0.02,weighted,75,746,0.06788546687466526,0.06788546687466526,0.1117335868466317,49,2
webis-touche2020,rr,10,0.02,active_judge,75,746,0.15917632675338755,0.06788546687466526,0.1117335868466317,49,2
webis-touche2020,rr,10,0.02,strat_pilot,75,746,0.06867864348706323,0.06788546687466526,0.1117335868466317,49,2
webis-touche2020,rr,10,0.02,weighted_cv,75,746,0.060944285584318456,0.06788546687466526,0.1117335868466317,49,2
webis-touche2020,rr,10,0.02,active_cv,75,746,0.12039463754578716,0.06788546687466526,0.1117335868466317,49,2
webis-touche2020,rr,10,0.02,weighted_cvl,75,746,0.052862653733026774,0.06788546687466526,0.1117335868466317,49,2
webis-touche2020,rr,10,0.02,uniform,76,755,0.15185431490969542,0.04875807592736121,0.06191983031177403,49,2
webis-touche2020,rr,10,0.02,uniform_nz,76,755,0.07116746230495256,0.04875807592736121,0.06191983031177403,49,2
webis-touche2020,rr,10,0.02,weighted,76,755,0.04875807592736121,0.04875807592736121,0.06191983031177403,49,2
webis-touche2020,rr,10,0.02,active_judge,76,755,0.13674845969670596,0.04875807592736121,0.06191983031177403,49,2
webis-touche2020,rr,10,0.02,strat_pilot,76,755,0.05008896199613936,0.04875807592736121,0.06191983031177403,49,2
webis-touche2020,rr,10,0.02,weighted_cv,76,755,0.03541697811584123,0.04875807592736121,0.06191983031177403,49,2
webis-touche2020,rr,10,0.02,active_cv,76,755,0.06424676429763627,0.04875807592736121,0.06191983031177403,49,2
webis-touche2020,rr,10,0.02,weighted_cvl,76,755,0.03326692304827174,0.04875807592736121,0.06191983031177403,49,2
webis-touche2020,rr,10,0.02,uniform,77,755,0.14633024406674605,0.04219984828139149,0.024750058163370843,49,0
webis-touche2020,rr,10,0.02,uniform_nz,77,755,0.05842737896869293,0.04219984828139149,0.024750058163370843,49,0
webis-touche2020,rr,10,0.02,weighted,77,755,0.04219984828139149,0.04219984828139149,0.024750058163370843,49,0
webis-touche2020,rr,10,0.02,active_judge,77,755,0.11004479883515732,0.04219984828139149,0.024750058163370843,49,0
webis-touche2020,rr,10,0.02,strat_pilot,77,755,0.04294337357720963,0.04219984828139149,0.024750058163370843,49,0
webis-touche2020,rr,10,0.02,weighted_cv,77,755,0.03240608543376167,0.04219984828139149,0.024750058163370843,49,0
webis-touche2020,rr,10,0.02,active_cv,77,755,0.05301185179353327,0.04219984828139149,0.024750058163370843,49,0
webis-touche2020,rr,10,0.02,weighted_cvl,77,755,0.030995643672859723,0.04219984828139149,0.024750058163370843,49,0
webis-touche2020,rr,10,0.02,uniform,78,760,0.17516563567709265,0.0766845480706106,0.10682434191463654,49,2
webis-touche2020,rr,10,0.02,uniform_nz,78,760,0.12018078736127051,0.0766845480706106,0.10682434191463654,49,2
webis-touche2020,rr,10,0.02,weighted,78,760,0.0766845480706106,0.0766845480706106,0.10682434191463654,49,2
webis-touche2020,rr,10,0.02,active_judge,78,760,0.21491719661347125,0.0766845480706106,0.10682434191463654,49,2
webis-touche2020,rr,10,0.02,strat_pilot,78,760,0.07769320152068752,0.0766845480706106,0.10682434191463654,49,2
webis-touche2020,rr,10,0.02,weighted_cv,78,760,0.062141933298960596,0.0766845480706106,0.10682434191463654,49,2
webis-touche2020,rr,10,0.02,active_cv,78,760,0.14246183693495212,0.0766845480706106,0.10682434191463654,49,2
webis-touche2020,rr,10,0.02,weighted_cvl,78,760,0.05551500420436941,0.0766845480706106,0.10682434191463654,49,2
webis-touche2020,rr,10,0.02,uniform,79,753,0.150196598152719,0.05064629347806341,0.06059974950678611,49,2
webis-touche2020,rr,10,0.02,uniform_nz,79,753,0.07467527207201866,0.05064629347806341,0.06059974950678611,49,2
webis-touche2020,rr,10,0.02,weighted,79,753,0.05064629347806341,0.05064629347806341,0.06059974950678611,49,2
webis-touche2020,rr,10,0.02,active_judge,79,753,0.14057839010234163,0.05064629347806341,0.06059974950678611,49,2
webis-touche2020,rr,10,0.02,strat_pilot,79,753,0.051540525869253395,0.05064629347806341,0.06059974950678611,49,2
webis-touche2020,rr,10,0.02,weighted_cv,79,753,0.04135487324226049,0.05064629347806341,0.06059974950678611,49,2
webis-touche2020,rr,10,0.02,active_cv,79,753,0.0865188757544754,0.05064629347806341,0.06059974950678611,49,2
webis-touche2020,rr,10,0.02,weighted_cvl,79,753,0.03728385147050528,0.05064629347806341,0.06059974950678611,49,2
webis-touche2020,rr,10,0.02,uniform,80,760,0.1516310470201018,0.059837693199390384,0.07399262135515333,49,2
webis-touche2020,rr,10,0.02,uniform_nz,80,760,0.08347879166112564,0.059837693199390384,0.07399262135515333,49,2
webis-touche2020,rr,10,0.02,weighted,80,760,0.059837693199390384,0.059837693199390384,0.07399262135515333,49,2
webis-touche2020,rr,10,0.02,active_judge,80,760,0.1553323897275317,0.059837693199390384,0.07399262135515333,49,2
webis-touche2020,rr,10,0.02,strat_pilot,80,760,0.06138220002857205,0.059837693199390384,0.07399262135515333,49,2
webis-touche2020,rr,10,0.02,weighted_cv,80,760,0.048493854896842443,0.059837693199390384,0.07399262135515333,49,2
webis-touche2020,rr,10,0.02,active_cv,80,760,0.09907187790494745,0.059837693199390384,0.07399262135515333,49,2
webis-touche2020,rr,10,0.02,weighted_cvl,80,760,0.04481715982194669,0.059837693199390384,0.07399262135515333,49,2
webis-touche2020,rr,10,0.02,uniform,81,764,0.0683961548067085,0.03580356372591568,0.0681732934677981,49,2
webis-touche2020,rr,10,0.02,uniform_nz,81,764,0.04512889781549033,0.03580356372591568,0.0681732934677981,49,2
webis-touche2020,rr,10,0.02,weighted,81,764,0.03580356372591568,0.03580356372591568,0.0681732934677981,49,2
webis-touche2020,rr,10,0.02,active_judge,81,764,0.07194635487210208,0.03580356372591568,0.0681732934677981,49,2
webis-touche2020,rr,10,0.02,strat_pilot,81,764,0.03640638506770414,0.03580356372591568,0.0681732934677981,49,2
webis-touche2020,rr,10,0.02,weighted_cv,81,764,0.030702176022388283,0.03580356372591568,0.0681732934677981,49,2
webis-touche2020,rr,10,0.02,active_cv,81,764,0.06755354418443386,0.03580356372591568,0.0681732934677981,49,2
webis-touche2020,rr,10,0.02,weighted_cvl,81,764,0.028818677350829262,0.03580356372591568,0.0681732934677981,49,2
webis-touche2020,rr,10,0.02,uniform,82,748,0.10580519864051094,0.07703079574136744,0.12327561508582154,49,2
webis-touche2020,rr,10,0.02,uniform_nz,82,748,0.09147791846702133,0.07703079574136744,0.12327561508582154,49,2
webis-touche2020,rr,10,0.02,weighted,82,748,0.07703079574136744,0.07703079574136744,0.12327561508582154,49,2
webis-touche2020,rr,10,0.02,active_judge,82,748,0.16672588987597634,0.07703079574136744,0.12327561508582154,49,2
webis-touche2020,rr,10,0.02,strat_pilot,82,748,0.0786224288475312,0.07703079574136744,0.12327561508582154,49,2
webis-touche2020,rr,10,0.02,weighted_cv,82,748,0.0670459129499269,0.07703079574136744,0.12327561508582154,49,2
webis-touche2020,rr,10,0.02,active_cv,82,748,0.14084439733138013,0.07703079574136744,0.12327561508582154,49,2
webis-touche2020,rr,10,0.02,weighted_cvl,82,748,0.06231186013880512,0.07703079574136744,0.12327561508582154,49,2
webis-touche2020,rr,10,0.02,uniform,83,756,0.07888333049914088,0.05391195290071397,0.0522391805235391,49,2
webis-touche2020,rr,10,0.02,uniform_nz,83,756,0.06744617560493926,0.05391195290071397,0.0522391805235391,49,2
webis-touche2020,rr,10,0.02,weighted,83,756,0.05391195290071397,0.05391195290071397,0.0522391805235391,49,2
webis-touche2020,rr,10,0.02,active_judge,83,756,0.11249978163404988,0.05391195290071397,0.0522391805235391,49,2
webis-touche2020,rr,10,0.02,strat_pilot,83,756,0.054510016390798666,0.05391195290071397,0.0522391805235391,49,2
webis-touche2020,rr,10,0.02,weighted_cv,83,756,0.04998560342083529,0.05391195290071397,0.0522391805235391,49,2
webis-touche2020,rr,10,0.02,active_cv,83,756,0.10972716288443998,0.05391195290071397,0.0522391805235391,49,2
webis-touche2020,rr,10,0.02,weighted_cvl,83,756,0.04608146353735033,0.05391195290071397,0.0522391805235391,49,2
webis-touche2020,rr,10,0.02,uniform,84,764,0.06432774046229409,0.03394601541980325,0.02268626239601472,49,0
webis-touche2020,rr,10,0.02,uniform_nz,84,764,0.04750862418821283,0.03394601541980325,0.02268626239601472,49,0
webis-touche2020,rr,10,0.02,weighted,84,764,0.03394601541980325,0.03394601541980325,0.02268626239601472,49,0
webis-touche2020,rr,10,0.02,active_judge,84,764,0.07843013184376872,0.03394601541980325,0.02268626239601472,49,0
webis-touche2020,rr,10,0.02,strat_pilot,84,764,0.03392601466136278,0.03394601541980325,0.02268626239601472,49,0
webis-touche2020,rr,10,0.02,weighted_cv,84,764,0.026222865606369643,0.03394601541980325,0.02268626239601472,49,0
webis-touche2020,rr,10,0.02,active_cv,84,764,0.04060493350212406,0.03394601541980325,0.02268626239601472,49,0
webis-touche2020,rr,10,0.02,weighted_cvl,84,764,0.024582888708827126,0.03394601541980325,0.02268626239601472,49,0
webis-touche2020,rr,10,0.02,uniform,85,759,0.16295978953435933,0.07655030140830453,0.0938384285062548,49,2
webis-touche2020,rr,10,0.02,uniform_nz,85,759,0.11327828309089401,0.07655030140830453,0.0938384285062548,49,2
webis-touche2020,rr,10,0.02,weighted,85,759,0.07655030140830453,0.07655030140830453,0.0938384285062548,49,2
webis-touche2020,rr,10,0.02,active_judge,85,759,0.19124267064663786,0.07655030140830453,0.0938384285062548,49,2
webis-touche2020,rr,10,0.02,strat_pilot,85,759,0.0781255689684516,0.07655030140830453,0.0938384285062548,49,2
webis-touche2020,rr,10,0.02,weighted_cv,85,759,0.06058170695914655,0.07655030140830453,0.0938384285062548,49,2
webis-touche2020,rr,10,0.02,active_cv,85,759,0.09894131220033343,0.07655030140830453,0.0938384285062548,49,2
webis-touche2020,rr,10,0.02,weighted_cvl,85,759,0.056485918097036236,0.07655030140830453,0.0938384285062548,49,2
webis-touche2020,rr,10,0.02,uniform,86,756,0.14113989653561182,0.04804587498918162,0.0672401442857258,49,2
webis-touche2020,rr,10,0.02,uniform_nz,86,756,0.0714272462380939,0.04804587498918162,0.0672401442857258,49,2
webis-touche2020,rr,10,0.02,weighted,86,756,0.04804587498918162,0.04804587498918162,0.0672401442857258,49,2
webis-touche2020,rr,10,0.02,active_judge,86,756,0.1264415094808054,0.04804587498918162,0.0672401442857258,49,2
webis-touche2020,rr,10,0.02,strat_pilot,86,756,0.0488100967350298,0.04804587498918162,0.0672401442857258,49,2
webis-touche2020,rr,10,0.02,weighted_cv,86,756,0.03728740531818561,0.04804587498918162,0.0672401442857258,49,2
webis-touche2020,rr,10,0.02,active_cv,86,756,0.07503445519545492,0.04804587498918162,0.0672401442857258,49,2
webis-touche2020,rr,10,0.02,weighted_cvl,86,756,0.03555810660223612,0.04804587498918162,0.0672401442857258,49,2
webis-touche2020,rr,10,0.02,uniform,87,763,0.10639460476452542,0.06236369140667478,0.044796522463318125,49,2
webis-touche2020,rr,10,0.02,uniform_nz,87,763,0.08281463635796875,0.06236369140667478,0.044796522463318125,49,2
webis-touche2020,rr,10,0.02,weighted,87,763,0.06236369140667478,0.06236369140667478,0.044796522463318125,49,2
webis-touche2020,rr,10,0.02,active_judge,87,763,0.16832250846383542,0.06236369140667478,0.044796522463318125,49,2
webis-touche2020,rr,10,0.02,strat_pilot,87,763,0.06253488027084275,0.06236369140667478,0.044796522463318125,49,2
webis-touche2020,rr,10,0.02,weighted_cv,87,763,0.053293701152842446,0.06236369140667478,0.044796522463318125,49,2
webis-touche2020,rr,10,0.02,active_cv,87,763,0.1105707413911254,0.06236369140667478,0.044796522463318125,49,2
webis-touche2020,rr,10,0.02,weighted_cvl,87,763,0.046602895973896115,0.06236369140667478,0.044796522463318125,49,2
webis-touche2020,rr,10,0.02,uniform,88,743,0.08888337361046587,0.05756602406702811,0.06102285512618329,49,2
webis-touche2020,rr,10,0.02,uniform_nz,88,743,0.07701091590188329,0.05756602406702811,0.06102285512618329,49,2
webis-touche2020,rr,10,0.02,weighted,88,743,0.05756602406702811,0.05756602406702811,0.06102285512618329,49,2
webis-touche2020,rr,10,0.02,active_judge,88,743,0.1524208230197906,0.05756602406702811,0.06102285512618329,49,2
webis-touche2020,rr,10,0.02,strat_pilot,88,743,0.058313150097679345,0.05756602406702811,0.06102285512618329,49,2
webis-touche2020,rr,10,0.02,weighted_cv,88,743,0.04958493782457972,0.05756602406702811,0.06102285512618329,49,2
webis-touche2020,rr,10,0.02,active_cv,88,743,0.1039758701653422,0.05756602406702811,0.06102285512618329,49,2
webis-touche2020,rr,10,0.02,weighted_cvl,88,743,0.04430186918661945,0.05756602406702811,0.06102285512618329,49,2
webis-touche2020,rr,10,0.02,uniform,89,763,0.0667605277534351,0.02945412106776387,0.022453579272464722,49,0
webis-touche2020,rr,10,0.02,uniform_nz,89,763,0.04291871538532192,0.02945412106776387,0.022453579272464722,49,0
webis-touche2020,rr,10,0.02,weighted,89,763,0.02945412106776387,0.02945412106776387,0.022453579272464722,49,0
webis-touche2020,rr,10,0.02,active_judge,89,763,0.07658565613295631,0.02945412106776387,0.022453579272464722,49,0
webis-touche2020,rr,10,0.02,strat_pilot,89,763,0.029474510781105568,0.02945412106776387,0.022453579272464722,49,0
webis-touche2020,rr,10,0.02,weighted_cv,89,763,0.0228215132276883,0.02945412106776387,0.022453579272464722,49,0
webis-touche2020,rr,10,0.02,active_cv,89,763,0.034081742359405795,0.02945412106776387,0.022453579272464722,49,0
webis-touche2020,rr,10,0.02,weighted_cvl,89,763,0.021274378283076607,0.02945412106776387,0.022453579272464722,49,0
webis-touche2020,rr,10,0.02,uniform,90,746,0.10033808722885977,0.049422832117554646,0.06836573789127968,49,2
webis-touche2020,rr,10,0.02,uniform_nz,90,746,0.07011708687315664,0.049422832117554646,0.06836573789127968,49,2
webis-touche2020,rr,10,0.02,weighted,90,746,0.049422832117554646,0.049422832117554646,0.06836573789127968,49,2
webis-touche2020,rr,10,0.02,active_judge,90,746,0.12191476452064273,0.049422832117554646,0.06836573789127968,49,2
webis-touche2020,rr,10,0.02,strat_pilot,90,746,0.049431767000827465,0.049422832117554646,0.06836573789127968,49,2
webis-touche2020,rr,10,0.02,weighted_cv,90,746,0.04214172290444641,0.049422832117554646,0.06836573789127968,49,2
webis-touche2020,rr,10,0.02,active_cv,90,746,0.07365275245264688,0.049422832117554646,0.06836573789127968,49,2
webis-touche2020,rr,10,0.02,weighted_cvl,90,746,0.037576894021781757,0.049422832117554646,0.06836573789127968,49,2
webis-touche2020,rr,10,0.02,uniform,91,773,0.08485626482366257,0.04751927289030912,0.06193995637145791,49,2
webis-touche2020,rr,10,0.02,uniform_nz,91,773,0.05762005561241074,0.04751927289030912,0.06193995637145791,49,2
webis-touche2020,rr,10,0.02,weighted,91,773,0.04751927289030912,0.04751927289030912,0.06193995637145791,49,2
webis-touche2020,rr,10,0.02,active_judge,91,773,0.11111144735040464,0.04751927289030912,0.06193995637145791,49,2
webis-touche2020,rr,10,0.02,strat_pilot,91,773,0.047951659063437395,0.04751927289030912,0.06193995637145791,49,2
webis-touche2020,rr,10,0.02,weighted_cv,91,773,0.03981515558840286,0.04751927289030912,0.06193995637145791,49,2
webis-touche2020,rr,10,0.02,active_cv,91,773,0.06725910758293652,0.04751927289030912,0.06193995637145791,49,2
webis-touche2020,rr,10,0.02,weighted_cvl,91,773,0.037099301650458584,0.04751927289030912,0.06193995637145791,49,2
webis-touche2020,rr,10,0.02,uniform,92,762,0.17479568958340436,0.06442438835942557,0.0777712200211359,49,2
webis-touche2020,rr,10,0.02,uniform_nz,92,762,0.0915618149078097,0.06442438835942557,0.0777712200211359,49,2
webis-touche2020,rr,10,0.02,weighted,92,762,0.06442438835942557,0.06442438835942557,0.0777712200211359,49,2
webis-touche2020,rr,10,0.02,active_judge,92,762,0.16969144125949526,0.06442438835942557,0.0777712200211359,49,2
webis-touche2020,rr,10,0.02,strat_pilot,92,762,0.06605155890293098,0.06442438835942557,0.0777712200211359,49,2
webis-touche2020,rr,10,0.02,weighted_cv,92,762,0.052573642740839366,0.06442438835942557,0.0777712200211359,49,2
webis-touche2020,rr,10,0.02,active_cv,92,762,0.10351701599571686,0.06442438835942557,0.0777712200211359,49,2
webis-touche2020,rr,10,0.02,weighted_cvl,92,762,0.04956549934910531,0.06442438835942557,0.0777712200211359,49,2
webis-touche2020,rr,10,0.02,uniform,93,760,0.16979438060129418,0.055094454356334824,0.06810143424549804,49,2
webis-touche2020,rr,10,0.02,uniform_nz,93,760,0.09025546159605616,0.055094454356334824,0.06810143424549804,49,2
webis-touche2020,rr,10,0.02,weighted,93,760,0.055094454356334824,0.055094454356334824,0.06810143424549804,49,2
webis-touche2020,rr,10,0.02,active_judge,93,760,0.1588108564266833,0.055094454356334824,0.06810143424549804,49,2
webis-touche2020,rr,10,0.02,strat_pilot,93,760,0.05618037764349291,0.055094454356334824,0.06810143424549804,49,2
webis-touche2020,rr,10,0.02,weighted_cv,93,760,0.04166306371586433,0.055094454356334824,0.06810143424549804,49,2
webis-touche2020,rr,10,0.02,active_cv,93,760,0.07936846216859512,0.055094454356334824,0.06810143424549804,49,2
webis-touche2020,rr,10,0.02,weighted_cvl,93,760,0.039541234974273684,0.055094454356334824,0.06810143424549804,49,2
webis-touche2020,rr,10,0.02,uniform,94,773,0.055841457372158954,0.029979471945102275,0.027798226025780214,49,0
webis-touche2020,rr,10,0.02,uniform_nz,94,773,0.04318653227088838,0.029979471945102275,0.027798226025780214,49,0
webis-touche2020,rr,10,0.02,weighted,94,773,0.029979471945102275,0.029979471945102275,0.027798226025780214,49,0
webis-touche2020,rr,10,0.02,active_judge,94,773,0.07088651211327093,0.029979471945102275,0.027798226025780214,49,0
webis-touche2020,rr,10,0.02,strat_pilot,94,773,0.029346984205622012,0.029979471945102275,0.027798226025780214,49,0
webis-touche2020,rr,10,0.02,weighted_cv,94,773,0.026107865628791325,0.029979471945102275,0.027798226025780214,49,0
webis-touche2020,rr,10,0.02,active_cv,94,773,0.047851145323107046,0.029979471945102275,0.027798226025780214,49,0
webis-touche2020,rr,10,0.02,weighted_cvl,94,773,0.023868427285098245,0.029979471945102275,0.027798226025780214,49,0
webis-touche2020,rr,10,0.02,uniform,95,763,0.10750749544252772,0.052195721154411935,0.06333643502180653,49,2
webis-touche2020,rr,10,0.02,uniform_nz,95,763,0.07642812016827183,0.052195721154411935,0.06333643502180653,49,2
webis-touche2020,rr,10,0.02,weighted,95,763,0.052195721154411935,0.052195721154411935,0.06333643502180653,49,2
webis-touche2020,rr,10,0.02,active_judge,95,763,0.1269644184981033,0.052195721154411935,0.06333643502180653,49,2
webis-touche2020,rr,10,0.02,strat_pilot,95,763,0.0520810320873553,0.052195721154411935,0.06333643502180653,49,2
webis-touche2020,rr,10,0.02,weighted_cv,95,763,0.04563144035269109,0.052195721154411935,0.06333643502180653,49,2
webis-touche2020,rr,10,0.02,active_cv,95,763,0.106978246263948,0.052195721154411935,0.06333643502180653,49,2
webis-touche2020,rr,10,0.02,weighted_cvl,95,763,0.043587665916965314,0.052195721154411935,0.06333643502180653,49,2
webis-touche2020,rr,10,0.02,uniform,96,761,0.16316584921501445,0.051978650832866,0.08220743586765258,49,2
webis-touche2020,rr,10,0.02,uniform_nz,96,761,0.07742495025346086,0.051978650832866,0.08220743586765258,49,2
webis-touche2020,rr,10,0.02,weighted,96,761,0.051978650832866,0.051978650832866,0.08220743586765258,49,2
webis-touche2020,rr,10,0.02,active_judge,96,761,0.15010170241619303,0.051978650832866,0.08220743586765258,49,2
webis-touche2020,rr,10,0.02,strat_pilot,96,761,0.053009518452576024,0.051978650832866,0.08220743586765258,49,2
webis-touche2020,rr,10,0.02,weighted_cv,96,761,0.042362764343663664,0.051978650832866,0.08220743586765258,49,2
webis-touche2020,rr,10,0.02,active_cv,96,761,0.08504313012077036,0.051978650832866,0.08220743586765258,49,2
webis-touche2020,rr,10,0.02,weighted_cvl,96,761,0.040004845742867064,0.051978650832866,0.08220743586765258,49,2
webis-touche2020,rr,10,0.02,uniform,97,744,0.09084879448249494,0.049412990074366364,0.057547804748184994,49,2
webis-touche2020,rr,10,0.02,uniform_nz,97,744,0.06661693590602145,0.049412990074366364,0.057547804748184994,49,2
webis-touche2020,rr,10,0.02,weighted,97,744,0.049412990074366364,0.049412990074366364,0.057547804748184994,49,2
webis-touche2020,rr,10,0.02,active_judge,97,744,0.12327717617904947,0.049412990074366364,0.057547804748184994,49,2
webis-touche2020,rr,10,0.02,strat_pilot,97,744,0.050071225701586376,0.049412990074366364,0.057547804748184994,49,2
webis-touche2020,rr,10,0.02,weighted_cv,97,744,0.04662278533595289,0.049412990074366364,0.057547804748184994,49,2
webis-touche2020,rr,10,0.02,active_cv,97,744,0.11414022635136142,0.049412990074366364,0.057547804748184994,49,2
webis-touche2020,rr,10,0.02,weighted_cvl,97,744,0.03893330985981862,0.049412990074366364,0.057547804748184994,49,2
webis-touche2020,rr,10,0.02,uniform,98,775,0.14653722614688278,0.04410791128737897,0.028034600747836043,49,0
webis-touche2020,rr,10,0.02,uniform_nz,98,775,0.06711306163296431,0.04410791128737897,0.028034600747836043,49,0
webis-touche2020,rr,10,0.02,weighted,98,775,0.04410791128737897,0.04410791128737897,0.028034600747836043,49,0
webis-touche2020,rr,10,0.02,active_judge,98,775,0.1160354334797666,0.04410791128737897,0.028034600747836043,49,0
webis-touche2020,rr,10,0.02,strat_pilot,98,775,0.04478227407688096,0.04410791128737897,0.028034600747836043,49,0
webis-touche2020,rr,10,0.02,weighted_cv,98,775,0.03242760455357803,0.04410791128737897,0.028034600747836043,49,0
webis-touche2020,rr,10,0.02,active_cv,98,775,0.05142796450300226,0.04410791128737897,0.028034600747836043,49,0
webis-touche2020,rr,10,0.02,weighted_cvl,98,775,0.030825276144081863,0.04410791128737897,0.028034600747836043,49,0
webis-touche2020,rr,10,0.02,uniform,99,768,0.09176506248954153,0.0475117846378614,0.023507987755278778,49,2
webis-touche2020,rr,10,0.02,uniform_nz,99,768,0.06730652438534065,0.0475117846378614,0.023507987755278778,49,2
webis-touche2020,rr,10,0.02,weighted,99,768,0.0475117846378614,0.0475117846378614,0.023507987755278778,49,2
webis-touche2020,rr,10,0.02,active_judge,99,768,0.12081285114870358,0.0475117846378614,0.023507987755278778,49,2
webis-touche2020,rr,10,0.02,strat_pilot,99,768,0.04677674265950872,0.0475117846378614,0.023507987755278778,49,2
webis-touche2020,rr,10,0.02,weighted_cv,99,768,0.04072218495004154,0.0475117846378614,0.023507987755278778,49,2
webis-touche2020,rr,10,0.02,active_cv,99,768,0.08035613408759663,0.0475117846378614,0.023507987755278778,49,2
webis-touche2020,rr,10,0.02,weighted_cvl,99,768,0.038276570997747075,0.0475117846378614,0.023507987755278778,49,2
webis-touche2020,rr,10,0.02,uniform,100,756,0.14450646799932515,0.04821937205568437,0.06845757778226817,49,2
webis-touche2020,rr,10,0.02,uniform_nz,100,756,0.07028207053811432,0.04821937205568437,0.06845757778226817,49,2
webis-touche2020,rr,10,0.02,weighted,100,756,0.04821937205568437,0.04821937205568437,0.06845757778226817,49,2
webis-touche2020,rr,10,0.02,active_judge,100,756,0.13143359159471607,0.04821937205568437,0.06845757778226817,49,2
webis-touche2020,rr,10,0.02,strat_pilot,100,756,0.04905868430071664,0.04821937205568437,0.06845757778226817,49,2
webis-touche2020,rr,10,0.02,weighted_cv,100,756,0.03759111115054598,0.04821937205568437,0.06845757778226817,49,2
webis-touche2020,rr,10,0.02,active_cv,100,756,0.06789327209905478,0.04821937205568437,0.06845757778226817,49,2
webis-touche2020,rr,10,0.02,weighted_cvl,100,756,0.034521157841591925,0.04821937205568437,0.06845757778226817,49,2
webis-touche2020,rr,10,0.02,uniform,101,764,0.15349092681142032,0.048705104234515156,0.05800222212017203,49,2
webis-touche2020,rr,10,0.02,uniform_nz,101,764,0.07164958111470972,0.048705104234515156,0.05800222212017203,49,2
webis-touche2020,rr,10,0.02,weighted,101,764,0.048705104234515156,0.048705104234515156,0.05800222212017203,49,2
webis-touche2020,rr,10,0.02,active_judge,101,764,0.14412319378126942,0.048705104234515156,0.05800222212017203,49,2
webis-touche2020,rr,10,0.02,strat_pilot,101,764,0.05013552888307132,0.048705104234515156,0.05800222212017203,49,2
webis-touche2020,rr,10,0.02,weighted_cv,101,764,0.03898933046489832,0.048705104234515156,0.05800222212017203,49,2
webis-touche2020,rr,10,0.02,active_cv,101,764,0.07468151365212128,0.048705104234515156,0.05800222212017203,49,2
webis-touche2020,rr,10,0.02,weighted_cvl,101,764,0.037417162815000043,0.048705104234515156,0.05800222212017203,49,2
webis-touche2020,rr,10,0.02,uniform,102,760,0.1621721583236782,0.04741762682637328,0.07230376704217395,49,2
webis-touche2020,rr,10,0.02,uniform_nz,102,760,0.08024810575984424,0.04741762682637328,0.07230376704217395,49,2
webis-touche2020,rr,10,0.02,weighted,102,760,0.04741762682637328,0.04741762682637328,0.07230376704217395,49,2
webis-touche2020,rr,10,0.02,active_judge,102,760,0.15666228050401176,0.04741762682637328,0.07230376704217395,49,2
webis-touche2020,rr,10,0.02,strat_pilot,102,760,0.0485103535132342,0.04741762682637328,0.07230376704217395,49,2
webis-touche2020,rr,10,0.02,weighted_cv,102,760,0.03689205714882413,0.04741762682637328,0.07230376704217395,49,2
webis-touche2020,rr,10,0.02,active_cv,102,760,0.07506143731958632,0.04741762682637328,0.07230376704217395,49,2
webis-touche2020,rr,10,0.02,weighted_cvl,102,760,0.034899196151572644,0.04741762682637328,0.07230376704217395,49,2
webis-touche2020,rr,10,0.02,uniform,103,763,0.08241044771234873,0.05454850002044627,0.06458305752144088,49,2
webis-touche2020,rr,10,0.02,uniform_nz,103,763,0.06447207280097475,0.05454850002044627,0.06458305752144088,49,2
webis-touche2020,rr,10,0.02,weighted,103,763,0.05454850002044627,0.05454850002044627,0.06458305752144088,49,2
webis-touche2020,rr,10,0.02,active_judge,103,763,0.11542319545237759,0.05454850002044627,0.06458305752144088,49,2
webis-touche2020,rr,10,0.02,strat_pilot,103,763,0.055016260102525104,0.05454850002044627,0.06458305752144088,49,2
webis-touche2020,rr,10,0.02,weighted_cv,103,763,0.048528876663407584,0.05454850002044627,0.06458305752144088,49,2
webis-touche2020,rr,10,0.02,active_cv,103,763,0.0902919544586181,0.05454850002044627,0.06458305752144088,49,2
webis-touche2020,rr,10,0.02,weighted_cvl,103,763,0.0449026745111884,0.05454850002044627,0.06458305752144088,49,2
webis-touche2020,rr,10,0.02,uniform,104,744,0.06715839949775357,0.04027383942434702,0.06646484492895517,49,2
webis-touche2020,rr,10,0.02,uniform_nz,104,744,0.05038197816081623,0.04027383942434702,0.06646484492895517,49,2
webis-touche2020,rr,10,0.02,weighted,104,744,0.04027383942434702,0.04027383942434702,0.06646484492895517,49,2
webis-touche2020,rr,10,0.02,active_judge,104,744,0.08884638811876203,0.04027383942434702,0.06646484492895517,49,2
webis-touche2020,rr,10,0.02,strat_pilot,104,744,0.04136508319647576,0.04027383942434702,0.06646484492895517,49,2
webis-touche2020,rr,10,0.02,weighted_cv,104,744,0.03544276776526516,0.04027383942434702,0.06646484492895517,49,2
webis-touche2020,rr,10,0.02,active_cv,104,744,0.08302902283312999,0.04027383942434702,0.06646484492895517,49,2
webis-touche2020,rr,10,0.02,weighted_cvl,104,744,0.0324785861654283,0.04027383942434702,0.06646484492895517,49,2
webis-touche2020,rr,10,0.02,uniform,105,755,0.1579480714116515,0.05460596558163165,0.06594024778846086,49,2
webis-touche2020,rr,10,0.02,uniform_nz,105,755,0.08387966525201354,0.05460596558163165,0.06594024778846086,49,2
webis-touche2020,rr,10,0.02,weighted,105,755,0.05460596558163165,0.05460596558163165,0.06594024778846086,49,2
webis-touche2020,rr,10,0.02,active_judge,105,755,0.1396420720720261,0.05460596558163165,0.06594024778846086,49,2
webis-touche2020,rr,10,0.02,strat_pilot,105,755,0.05507983989342443,0.05460596558163165,0.06594024778846086,49,2
webis-touche2020,rr,10,0.02,weighted_cv,105,755,0.04351131032129141,0.05460596558163165,0.06594024778846086,49,2
webis-touche2020,rr,10,0.02,active_cv,105,755,0.08861470657121565,0.05460596558163165,0.06594024778846086,49,2
webis-touche2020,rr,10,0.02,weighted_cvl,105,755,0.041797666525373575,0.05460596558163165,0.06594024778846086,49,2
webis-touche2020,rr,10,0.02,uniform,106,751,0.17193954058515093,0.06035556514281907,0.05783284636187114,49,2
webis-touche2020,rr,10,0.02,uniform_nz,106,751,0.09613941219710373,0.06035556514281907,0.05783284636187114,49,2
webis-touche2020,rr,10,0.02,weighted,106,751,0.06035556514281907,0.06035556514281907,0.05783284636187114,49,2
webis-touche2020,rr,10,0.02,active_judge,106,751,0.1893437199686244,0.06035556514281907,0.05783284636187114,49,2
webis-touche2020,rr,10,0.02,strat_pilot,106,751,0.062034011801281555,0.06035556514281907,0.05783284636187114,49,2
webis-touche2020,rr,10,0.02,weighted_cv,106,751,0.0471368048096318,0.06035556514281907,0.05783284636187114,49,2
webis-touche2020,rr,10,0.02,active_cv,106,751,0.10535880359993972,0.06035556514281907,0.05783284636187114,49,2
webis-touche2020,rr,10,0.02,weighted_cvl,106,751,0.04246055718699434,0.06035556514281907,0.05783284636187114,49,2
webis-touche2020,rr,10,0.02,uniform,107,758,0.14321268819217461,0.04618232636597293,0.06786815537852017,49,2
webis-touche2020,rr,10,0.02,uniform_nz,107,758,0.06947613423215163,0.04618232636597293,0.06786815537852017,49,2
webis-touche2020,rr,10,0.02,weighted,107,758,0.04618232636597293,0.04618232636597293,0.06786815537852017,49,2
webis-touche2020,rr,10,0.02,active_judge,107,758,0.12903717716797158,0.04618232636597293,0.06786815537852017,49,2
webis-touche2020,rr,10,0.02,strat_pilot,107,758,0.047221888292428044,0.04618232636597293,0.06786815537852017,49,2
webis-touche2020,rr,10,0.02,weighted_cv,107,758,0.03470200695614766,0.04618232636597293,0.06786815537852017,49,2
webis-touche2020,rr,10,0.02,active_cv,107,758,0.06831863069364638,0.04618232636597293,0.06786815537852017,49,2
webis-touche2020,rr,10,0.02,weighted_cvl,107,758,0.03422933045241876,0.04618232636597293,0.06786815537852017,49,2
webis-touche2020,rr,10,0.02,uniform,108,757,0.07693552023228434,0.04724322760118132,0.0400215597955536,49,2
webis-touche2020,rr,10,0.02,uniform_nz,108,757,0.054935391229885645,0.04724322760118132,0.0400215597955536,49,2
webis-touche2020,rr,10,0.02,weighted,108,757,0.04724322760118132,0.04724322760118132,0.0400215597955536,49,2
webis-touche2020,rr,10,0.02,active_judge,108,757,0.11933610116912055,0.04724322760118132,0.0400215597955536,49,2
webis-touche2020,rr,10,0.02,strat_pilot,108,757,0.04752305477976576,0.04724322760118132,0.0400215597955536,49,2
webis-touche2020,rr,10,0.02,weighted_cv,108,757,0.041192852062615117,0.04724322760118132,0.0400215597955536,49,2
webis-touche2020,rr,10,0.02,active_cv,108,757,0.07429047124261216,0.04724322760118132,0.0400215597955536,49,2
webis-touche2020,rr,10,0.02,weighted_cvl,108,757,0.03702848676971058,0.04724322760118132,0.0400215597955536,49,2
webis-touche2020,rr,10,0.02,uniform,109,767,0.07529276120789144,0.05386995439149437,0.03830371444574231,49,2
webis-touche2020,rr,10,0.02,uniform_nz,109,767,0.06379579309775854,0.05386995439149437,0.03830371444574231,49,2
webis-touche2020,rr,10,0.02,weighted,109,767,0.05386995439149437,0.05386995439149437,0.03830371444574231,49,2
webis-touche2020,rr,10,0.02,active_judge,109,767,0.1277191958777833,0.05386995439149437,0.03830371444574231,49,2
webis-touche2020,rr,10,0.02,strat_pilot,109,767,0.05439712281518279,0.05386995439149437,0.03830371444574231,49,2
webis-touche2020,rr,10,0.02,weighted_cv,109,767,0.04722223352035766,0.05386995439149437,0.03830371444574231,49,2
webis-touche2020,rr,10,0.02,active_cv,109,767,0.09484708127666319,0.05386995439149437,0.03830371444574231,49,2
webis-touche2020,rr,10,0.02,weighted_cvl,109,767,0.043148882310796374,0.05386995439149437,0.03830371444574231,49,2
webis-touche2020,rr,10,0.02,uniform,110,748,0.1597947514886263,0.0648040053508839,0.06912906273249475,49,2
webis-touche2020,rr,10,0.02,uniform_nz,110,748,0.10294115945642272,0.0648040053508839,0.06912906273249475,49,2
webis-touche2020,rr,10,0.02,weighted,110,748,0.0648040053508839,0.0648040053508839,0.06912906273249475,49,2
webis-touche2020,rr,10,0.02,active_judge,110,748,0.1748459968234249,0.0648040053508839,0.06912906273249475,49,2
webis-touche2020,rr,10,0.02,strat_pilot,110,748,0.06590133558585196,0.0648040053508839,0.06912906273249475,49,2
webis-touche2020,rr,10,0.02,weighted_cv,110,748,0.048837195015886806,0.0648040053508839,0.06912906273249475,49,2
webis-touche2020,rr,10,0.02,active_cv,110,748,0.06943493334636865,0.0648040053508839,0.06912906273249475,49,2
webis-touche2020,rr,10,0.02,weighted_cvl,110,748,0.049272187477072474,0.0648040053508839,0.06912906273249475,49,2
webis-touche2020,rr,10,0.02,uniform,111,761,0.07589994876326148,0.0470545327229963,0.06909260254422792,49,2
webis-touche2020,rr,10,0.02,uniform_nz,111,761,0.057631483945749004,0.0470545327229963,0.06909260254422792,49,2
webis-touche2020,rr,10,0.02,weighted,111,761,0.0470545327229963,0.0470545327229963,0.06909260254422792,49,2
webis-touche2020,rr,10,0.02,active_judge,111,761,0.10647333284125386,0.0470545327229963,0.06909260254422792,49,2
webis-touche2020,rr,10,0.02,strat_pilot,111,761,0.04752678097805278,0.0470545327229963,0.06909260254422792,49,2
webis-touche2020,rr,10,0.02,weighted_cv,111,761,0.041445017710714176,0.0470545327229963,0.06909260254422792,49,2
webis-touche2020,rr,10,0.02,active_cv,111,761,0.08269580306753128,0.0470545327229963,0.06909260254422792,49,2
webis-touche2020,rr,10,0.02,weighted_cvl,111,761,0.038117430605561706,0.0470545327229963,0.06909260254422792,49,2
webis-touche2020,rr,10,0.02,uniform,112,744,0.1487406591102255,0.04139268771083079,0.029334974021506525,49,0
webis-touche2020,rr,10,0.02,uniform_nz,112,744,0.06360030952756957,0.04139268771083079,0.029334974021506525,49,0
webis-touche2020,rr,10,0.02,weighted,112,744,0.04139268771083079,0.04139268771083079,0.029334974021506525,49,0
webis-touche2020,rr,10,0.02,active_judge,112,744,0.11351162886792147,0.04139268771083079,0.029334974021506525,49,0
webis-touche2020,rr,10,0.02,strat_pilot,112,744,0.042374578100602,0.04139268771083079,0.029334974021506525,49,0
webis-touche2020,rr,10,0.02,weighted_cv,112,744,0.03166838857652911,0.04139268771083079,0.029334974021506525,49,0
webis-touche2020,rr,10,0.02,active_cv,112,744,0.06642257389137948,0.04139268771083079,0.029334974021506525,49,0
webis-touche2020,rr,10,0.02,weighted_cvl,112,744,0.029348326126429285,0.04139268771083079,0.029334974021506525,49,0
webis-touche2020,rr,10,0.02,uniform,113,751,0.17240547185622146,0.06436913188946602,0.0789091273936475,49,2
webis-touche2020,rr,10,0.02,uniform_nz,113,751,0.09015575438384922,0.06436913188946602,0.0789091273936475,49,2
webis-touche2020,rr,10,0.02,weighted,113,751,0.06436913188946602,0.06436913188946602,0.0789091273936475,49,2
webis-touche2020,rr,10,0.02,active_judge,113,751,0.1698342435145353,0.06436913188946602,0.0789091273936475,49,2
webis-touche2020,rr,10,0.02,strat_pilot,113,751,0.06515075830602349,0.06436913188946602,0.0789091273936475,49,2
webis-touche2020,rr,10,0.02,weighted_cv,113,751,0.05279816710849046,0.06436913188946602,0.0789091273936475,49,2
webis-touche2020,rr,10,0.02,active_cv,113,751,0.0949000395554345,0.06436913188946602,0.0789091273936475,49,2
webis-touche2020,rr,10,0.02,weighted_cvl,113,751,0.04778050376198474,0.06436913188946602,0.0789091273936475,49,2
webis-touche2020,rr,10,0.02,uniform,114,764,0.15489896063620712,0.05334081872460539,0.05516571575164589,49,2
webis-touche2020,rr,10,0.02,uniform_nz,114,764,0.08017065427499101,0.05334081872460539,0.05516571575164589,49,2
webis-touche2020,rr,10,0.02,weighted,114,764,0.05334081872460539,0.05334081872460539,0.05516571575164589,49,2
webis-touche2020,rr,10,0.02,active_judge,114,764,0.1510451174313109,0.05334081872460539,0.05516571575164589,49,2
webis-touche2020,rr,10,0.02,strat_pilot,114,764,0.0541674313556297,0.05334081872460539,0.05516571575164589,49,2
webis-touche2020,rr,10,0.02,weighted_cv,114,764,0.043525826437985395,0.05334081872460539,0.05516571575164589,49,2
webis-touche2020,rr,10,0.02,active_cv,114,764,0.08939363868826015,0.05334081872460539,0.05516571575164589,49,2
webis-touche2020,rr,10,0.02,weighted_cvl,114,764,0.04112436875126112,0.05334081872460539,0.05516571575164589,49,2
webis-touche2020,rr,10,0.02,uniform,115,751,0.16143203854250068,0.05397882722021461,0.08555300600385742,49,2
webis-touche2020,rr,10,0.02,uniform_nz,115,751,0.08621618453361317,0.05397882722021461,0.08555300600385742,49,2
webis-touche2020,rr,10,0.02,weighted,115,751,0.05397882722021461,0.05397882722021461,0.08555300600385742,49,2
webis-touche2020,rr,10,0.02,active_judge,115,751,0.16082486308376281,0.05397882722021461,0.08555300600385742,49,2
webis-touche2020,rr,10,0.02,strat_pilot,115,751,0.05515964454898368,0.05397882722021461,0.08555300600385742,49,2
webis-touche2020,rr,10,0.02,weighted_cv,115,751,0.041313641048285554,0.05397882722021461,0.08555300600385742,49,2
webis-touche2020,rr,10,0.02,active_cv,115,751,0.07940254386875753,0.05397882722021461,0.08555300600385742,49,2
webis-touche2020,rr,10,0.02,weighted_cvl,115,751,0.036865736787138385,0.05397882722021461,0.08555300600385742,49,2
webis-touche2020,rr,10,0.02,uniform,116,740,0.08331044595451678,0.04732930419778393,0.05597012017785338,49,2
webis-touche2020,rr,10,0.02,uniform_nz,116,740,0.05462160771040516,0.04732930419778393,0.05597012017785338,49,2
webis-touche2020,rr,10,0.02,weighted,116,740,0.04732930419778393,0.04732930419778393,0.05597012017785338,49,2
webis-touche2020,rr,10,0.02,active_judge,116,740,0.11429368505576498,0.04732930419778393,0.05597012017785338,49,2
webis-touche2020,rr,10,0.02,strat_pilot,116,740,0.04825146079426997,0.04732930419778393,0.05597012017785338,49,2
webis-touche2020,rr,10,0.02,weighted_cv,116,740,0.041941167690051386,0.04732930419778393,0.05597012017785338,49,2
webis-touche2020,rr,10,0.02,active_cv,116,740,0.09401759967262988,0.04732930419778393,0.05597012017785338,49,2
webis-touche2020,rr,10,0.02,weighted_cvl,116,740,0.036464523849373855,0.04732930419778393,0.05597012017785338,49,2
webis-touche2020,rr,10,0.02,uniform,117,748,0.06343420235441348,0.030711404860378766,0.06302190187282393,49,2
webis-touche2020,rr,10,0.02,uniform_nz,117,748,0.039097251866203914,0.030711404860378766,0.06302190187282393,49,2
webis-touche2020,rr,10,0.02,weighted,117,748,0.030711404860378766,0.030711404860378766,0.06302190187282393,49,2
webis-touche2020,rr,10,0.02,active_judge,117,748,0.07593103855767686,0.030711404860378766,0.06302190187282393,49,2
webis-touche2020,rr,10,0.02,strat_pilot,117,748,0.03116835599432751,0.030711404860378766,0.06302190187282393,49,2
webis-touche2020,rr,10,0.02,weighted_cv,117,748,0.025739049336635882,0.030711404860378766,0.06302190187282393,49,2
webis-touche2020,rr,10,0.02,active_cv,117,748,0.04462667232887545,0.030711404860378766,0.06302190187282393,49,2
webis-touche2020,rr,10,0.02,weighted_cvl,117,748,0.022556600653369757,0.030711404860378766,0.06302190187282393,49,2
webis-touche2020,rr,10,0.02,uniform,118,742,0.13743569734937228,0.03901857679417663,0.024097343832637955,49,0
webis-touche2020,rr,10,0.02,uniform_nz,118,742,0.06138370461978917,0.03901857679417663,0.024097343832637955,49,0
webis-touche2020,rr,10,0.02,weighted,118,742,0.03901857679417663,0.03901857679417663,0.024097343832637955,49,0
webis-touche2020,rr,10,0.02,active_judge,118,742,0.11335733890914348,0.03901857679417663,0.024097343832637955,49,0
webis-touche2020,rr,10,0.02,strat_pilot,118,742,0.0397019704381955,0.03901857679417663,0.024097343832637955,49,0
webis-touche2020,rr,10,0.02,weighted_cv,118,742,0.02829910283598519,0.03901857679417663,0.024097343832637955,49,0
webis-touche2020,rr,10,0.02,active_cv,118,742,0.04977545524097072,0.03901857679417663,0.024097343832637955,49,0
webis-touche2020,rr,10,0.02,weighted_cvl,118,742,0.026364170982121106,0.03901857679417663,0.024097343832637955,49,0
webis-touche2020,rr,10,0.02,uniform,119,762,0.06939931958361358,0.03687107525677689,0.06090138294511359,49,2
webis-touche2020,rr,10,0.02,uniform_nz,119,762,0.04394988708681726,0.03687107525677689,0.06090138294511359,49,2
webis-touche2020,rr,10,0.02,weighted,119,762,0.03687107525677689,0.03687107525677689,0.06090138294511359,49,2
webis-touche2020,rr,10,0.02,active_judge,119,762,0.0822715408045451,0.03687107525677689,0.06090138294511359,49,2
webis-touche2020,rr,10,0.02,strat_pilot,119,762,0.03755628944861263,0.03687107525677689,0.06090138294511359,49,2
webis-touche2020,rr,10,0.02,weighted_cv,119,762,0.031025923762300768,0.03687107525677689,0.06090138294511359,49,2
webis-touche2020,rr,10,0.02,active_cv,119,762,0.053121972176894794,0.03687107525677689,0.06090138294511359,49,2
webis-touche2020,rr,10,0.02,weighted_cvl,119,762,0.02766195450903488,0.03687107525677689,0.06090138294511359,49,2
webis-touche2020,rr,10,0.02,uniform,120,755,0.09401074288323456,0.0693120839865614,0.11621997206198939,49,2
webis-touche2020,rr,10,0.02,uniform_nz,120,755,0.0772970475839995,0.0693120839865614,0.11621997206198939,49,2
webis-touche2020,rr,10,0.02,weighted,120,755,0.0693120839865614,0.0693120839865614,0.11621997206198939,49,2
webis-touche2020,rr,10,0.02,active_judge,120,755,0.17533248053565365,0.0693120839865614,0.11621997206198939,49,2
webis-touche2020,rr,10,0.02,strat_pilot,120,755,0.07074422795234285,0.0693120839865614,0.11621997206198939,49,2
webis-touche2020,rr,10,0.02,weighted_cv,120,755,0.0605429185690586,0.0693120839865614,0.11621997206198939,49,2
webis-touche2020,rr,10,0.02,active_cv,120,755,0.12319679341718474,0.0693120839865614,0.11621997206198939,49,2
webis-touche2020,rr,10,0.02,weighted_cvl,120,755,0.053953326703423066,0.0693120839865614,0.11621997206198939,49,2
webis-touche2020,rr,10,0.02,uniform,121,754,0.14909270459129825,0.043502860930878635,0.07060818793636131,49,2
webis-touche2020,rr,10,0.02,uniform_nz,121,754,0.06826898706214381,0.043502860930878635,0.07060818793636131,49,2
webis-touche2020,rr,10,0.02,weighted,121,754,0.043502860930878635,0.043502860930878635,0.07060818793636131,49,2
webis-touche2020,rr,10,0.02,active_judge,121,754,0.11529469981188059,0.043502860930878635,0.07060818793636131,49,2
webis-touche2020,rr,10,0.02,strat_pilot,121,754,0.044227606713225044,0.043502860930878635,0.07060818793636131,49,2
webis-touche2020,rr,10,0.02,weighted_cv,121,754,0.03267725118988092,0.043502860930878635,0.07060818793636131,49,2
webis-touche2020,rr,10,0.02,active_cv,121,754,0.05591235252766578,0.043502860930878635,0.07060818793636131,49,2
webis-touche2020,rr,10,0.02,weighted_cvl,121,754,0.03157925622896125,0.043502860930878635,0.07060818793636131,49,2
webis-touche2020,rr,10,0.02,uniform,122,761,0.08179185882314392,0.05572102220619472,0.07017973979227175,49,2
webis-touche2020,rr,10,0.02,uniform_nz,122,761,0.06858709666241997,0.05572102220619472,0.07017973979227175,49,2
webis-touche2020,rr,10,0.02,weighted,122,761,0.05572102220619472,0.05572102220619472,0.07017973979227175,49,2
webis-touche2020,rr,10,0.02,active_judge,122,761,0.11510708629538802,0.05572102220619472,0.07017973979227175,49,2
webis-touche2020,rr,10,0.02,strat_pilot,122,761,0.05620621171467986,0.05572102220619472,0.07017973979227175,49,2
webis-touche2020,rr,10,0.02,weighted_cv,122,761,0.05203992071452118,0.05572102220619472,0.07017973979227175,49,2
webis-touche2020,rr,10,0.02,active_cv,122,761,0.12605855831407245,0.05572102220619472,0.07017973979227175,49,2
webis-touche2020,rr,10,0.02,weighted_cvl,122,761,0.04754279818196507,0.05572102220619472,0.07017973979227175,49,2
webis-touche2020,rr,10,0.02,uniform,123,763,0.12038815498793412,0.0749820536602607,0.11239716420335785,49,2
webis-touche2020,rr,10,0.02,uniform_nz,123,763,0.08873426901792389,0.0749820536602607,0.11239716420335785,49,2
webis-touche2020,rr,10,0.02,weighted,123,763,0.0749820536602607,0.0749820536602607,0.11239716420335785,49,2
webis-touche2020,rr,10,0.02,active_judge,123,763,0.16169534414421208,0.0749820536602607,0.11239716420335785,49,2
webis-touche2020,rr,10,0.02,strat_pilot,123,763,0.07546873015506625,0.0749820536602607,0.11239716420335785,49,2
webis-touche2020,rr,10,0.02,weighted_cv,123,763,0.06431259760294951,0.0749820536602607,0.11239716420335785,49,2
webis-touche2020,rr,10,0.02,active_cv,123,763,0.12657294344491304,0.0749820536602607,0.11239716420335785,49,2
webis-touche2020,rr,10,0.02,weighted_cvl,123,763,0.05648100862727027,0.0749820536602607,0.11239716420335785,49,2
webis-touche2020,rr,10,0.02,uniform,124,755,0.14799477083277549,0.046293870166250924,0.06184376019739121,49,2
webis-touche2020,rr,10,0.02,uniform_nz,124,755,0.07036404871761426,0.046293870166250924,0.06184376019739121,49,2
webis-touche2020,rr,10,0.02,weighted,124,755,0.046293870166250924,0.046293870166250924,0.06184376019739121,49,2
webis-touche2020,rr,10,0.02,active_judge,124,755,0.13172009978243643,0.046293870166250924,0.06184376019739121,49,2
webis-touche2020,rr,10,0.02,strat_pilot,124,755,0.04737251354908928,0.046293870166250924,0.06184376019739121,49,2
webis-touche2020,rr,10,0.02,weighted_cv,124,755,0.03430114443348133,0.046293870166250924,0.06184376019739121,49,2
webis-touche2020,rr,10,0.02,active_cv,124,755,0.04964249100740667,0.046293870166250924,0.06184376019739121,49,2
webis-touche2020,rr,10,0.02,weighted_cvl,124,755,0.03326172627530397,0.046293870166250924,0.06184376019739121,49,2
webis-touche2020,rr,10,0.02,uniform,125,763,0.08473937747365197,0.046015628493707154,0.05996698087487559,49,2
webis-touche2020,rr,10,0.02,uniform_nz,125,763,0.06429940114711045,0.046015628493707154,0.05996698087487559,49,2
webis-touche2020,rr,10,0.02,weighted,125,763,0.046015628493707154,0.046015628493707154,0.05996698087487559,49,2
webis-touche2020,rr,10,0.02,active_judge,125,763,0.1184705073802393,0.046015628493707154,0.05996698087487559,49,2
webis-touche2020,rr,10,0.02,strat_pilot,125,763,0.046796785817158994,0.046015628493707154,0.05996698087487559,49,2
webis-touche2020,rr,10,0.02,weighted_cv,125,763,0.039614692957015765,0.046015628493707154,0.05996698087487559,49,2
webis-touche2020,rr,10,0.02,active_cv,125,763,0.0772564675946389,0.046015628493707154,0.05996698087487559,49,2
webis-touche2020,rr,10,0.02,weighted_cvl,125,763,0.036694801617750294,0.046015628493707154,0.05996698087487559,49,2
webis-touche2020,rr,10,0.02,uniform,126,772,0.07935080637280172,0.051623065605553006,0.0640681494275854,49,2
webis-touche2020,rr,10,0.02,uniform_nz,126,772,0.05954822100641145,0.051623065605553006,0.0640681494275854,49,2
webis-touche2020,rr,10,0.02,weighted,126,772,0.051623065605553006,0.051623065605553006,0.0640681494275854,49,2
webis-touche2020,rr,10,0.02,active_judge,126,772,0.11781760561791396,0.051623065605553006,0.0640681494275854,49,2
webis-touche2020,rr,10,0.02,strat_pilot,126,772,0.05215909244513365,0.051623065605553006,0.0640681494275854,49,2
webis-touche2020,rr,10,0.02,weighted_cv,126,772,0.04594906749908788,0.051623065605553006,0.0640681494275854,49,2
webis-touche2020,rr,10,0.02,active_cv,126,772,0.08037459824289984,0.051623065605553006,0.0640681494275854,49,2
webis-touche2020,rr,10,0.02,weighted_cvl,126,772,0.042103285473705385,0.051623065605553006,0.0640681494275854,49,2
webis-touche2020,rr,10,0.02,uniform,127,746,0.1501950624542662,0.04908553728371892,0.07139093551787051,49,2
webis-touche2020,rr,10,0.02,uniform_nz,127,746,0.07301904260653343,0.04908553728371892,0.07139093551787051,49,2
webis-touche2020,rr,10,0.02,weighted,127,746,0.04908553728371892,0.04908553728371892,0.07139093551787051,49,2
webis-touche2020,rr,10,0.02,active_judge,127,746,0.1293617336732468,0.04908553728371892,0.07139093551787051,49,2
webis-touche2020,rr,10,0.02,strat_pilot,127,746,0.049494806169330684,0.04908553728371892,0.07139093551787051,49,2
webis-touche2020,rr,10,0.02,weighted_cv,127,746,0.03841784386761317,0.04908553728371892,0.07139093551787051,49,2
webis-touche2020,rr,10,0.02,active_cv,127,746,0.07668537719134111,0.04908553728371892,0.07139093551787051,49,2
webis-touche2020,rr,10,0.02,weighted_cvl,127,746,0.03532286393061167,0.04908553728371892,0.07139093551787051,49,2
webis-touche2020,rr,10,0.02,uniform,128,761,0.06484019929299265,0.03413412049461473,0.04278781647513978,49,2
webis-touche2020,rr,10,0.02,uniform_nz,128,761,0.04235304042023038,0.03413412049461473,0.04278781647513978,49,2
webis-touche2020,rr,10,0.02,weighted,128,761,0.03413412049461473,0.03413412049461473,0.04278781647513978,49,2
webis-touche2020,rr,10,0.02,active_judge,128,761,0.07986247927770711,0.03413412049461473,0.04278781647513978,49,2
webis-touche2020,rr,10,0.02,strat_pilot,128,761,0.034438438661286506,0.03413412049461473,0.04278781647513978,49,2
webis-touche2020,rr,10,0.02,weighted_cv,128,761,0.03150412428653783,0.03413412049461473,0.04278781647513978,49,2
webis-touche2020,rr,10,0.02,active_cv,128,761,0.08243759534931996,0.03413412049461473,0.04278781647513978,49,2
webis-touche2020,rr,10,0.02,weighted_cvl,128,761,0.028986699781848858,0.03413412049461473,0.04278781647513978,49,2
webis-touche2020,rr,10,0.02,uniform,129,758,0.13882531570567153,0.035761957371299016,0.024455715852774666,49,0
webis-touche2020,rr,10,0.02,uniform_nz,129,758,0.05604312370814638,0.035761957371299016,0.024455715852774666,49,0
webis-touche2020,rr,10,0.02,weighted,129,758,0.035761957371299016,0.035761957371299016,0.024455715852774666,49,0
webis-touche2020,rr,10,0.02,active_judge,129,758,0.10633821521654663,0.035761957371299016,0.024455715852774666,49,0
webis-touche2020,rr,10,0.02,strat_pilot,129,758,0.03617205887437365,0.035761957371299016,0.024455715852774666,49,0
webis-touche2020,rr,10,0.02,weighted_cv,129,758,0.02745308987535578,0.035761957371299016,0.024455715852774666,49,0
webis-touche2020,rr,10,0.02,active_cv,129,758,0.06007847812076213,0.035761957371299016,0.024455715852774666,49,0
webis-touche2020,rr,10,0.02,weighted_cvl,129,758,0.02851892588443409,0.035761957371299016,0.024455715852774666,49,0
webis-touche2020,rr,10,0.02,uniform,130,757,0.06769759607618331,0.035510794733498476,0.02714121059389602,49,0
webis-touche2020,rr,10,0.02,uniform_nz,130,757,0.048450055390400946,0.035510794733498476,0.02714121059389602,49,0
webis-touche2020,rr,10,0.02,weighted,130,757,0.035510794733498476,0.035510794733498476,0.02714121059389602,49,0
webis-touche2020,rr,10,0.02,active_judge,130,757,0.09295035807900547,0.035510794733498476,0.02714121059389602,49,0
webis-touche2020,rr,10,0.02,strat_pilot,130,757,0.03583201017632156,0.035510794733498476,0.02714121059389602,49,0
webis-touche2020,rr,10,0.02,weighted_cv,130,757,0.031006991097750958,0.035510794733498476,0.02714121059389602,49,0
webis-touche2020,rr,10,0.02,active_cv,130,757,0.05745289386241822,0.035510794733498476,0.02714121059389602,49,0
webis-touche2020,rr,10,0.02,weighted_cvl,130,757,0.028499026140998883,0.035510794733498476,0.02714121059389602,49,0
webis-touche2020,rr,10,0.02,uniform,131,764,0.06228384828810089,0.03769644039482287,0.02807058717855932,49,0
webis-touche2020,rr,10,0.02,uniform_nz,131,764,0.05128649697292503,0.03769644039482287,0.02807058717855932,49,0
webis-touche2020,rr,10,0.02,weighted,131,764,0.03769644039482287,0.03769644039482287,0.02807058717855932,49,0
webis-touche2020,rr,10,0.02,active_judge,131,764,0.09072015907299326,0.03769644039482287,0.02807058717855932,49,0
webis-touche2020,rr,10,0.02,strat_pilot,131,764,0.037317029864388396,0.03769644039482287,0.02807058717855932,49,0
webis-touche2020,rr,10,0.02,weighted_cv,131,764,0.030641270779605174,0.03769644039482287,0.02807058717855932,49,0
webis-touche2020,rr,10,0.02,active_cv,131,764,0.050349828596460686,0.03769644039482287,0.02807058717855932,49,0
webis-touche2020,rr,10,0.02,weighted_cvl,131,764,0.028734157930232696,0.03769644039482287,0.02807058717855932,49,0
webis-touche2020,rr,10,0.02,uniform,132,759,0.15217911217414798,0.04739185890449254,0.057350330067822336,49,2
webis-touche2020,rr,10,0.02,uniform_nz,132,759,0.0814449216554397,0.04739185890449254,0.057350330067822336,49,2
webis-touche2020,rr,10,0.02,weighted,132,759,0.04739185890449254,0.04739185890449254,0.057350330067822336,49,2
webis-touche2020,rr,10,0.02,active_judge,132,759,0.15156636889125047,0.04739185890449254,0.057350330067822336,49,2
webis-touche2020,rr,10,0.02,strat_pilot,132,759,0.048135880881833557,0.04739185890449254,0.057350330067822336,49,2
webis-touche2020,rr,10,0.02,weighted_cv,132,759,0.03529468904114226,0.04739185890449254,0.057350330067822336,49,2
webis-touche2020,rr,10,0.02,active_cv,132,759,0.07400397573156603,0.04739185890449254,0.057350330067822336,49,2
webis-touche2020,rr,10,0.02,weighted_cvl,132,759,0.03187297358573942,0.04739185890449254,0.057350330067822336,49,2
webis-touche2020,rr,10,0.02,uniform,133,744,0.14728597105598612,0.045349597326959215,0.07957180046189333,49,2
webis-touche2020,rr,10,0.02,uniform_nz,133,744,0.06758278118408659,0.045349597326959215,0.07957180046189333,49,2
webis-touche2020,rr,10,0.02,weighted,133,744,0.045349597326959215,0.045349597326959215,0.07957180046189333,49,2
webis-touche2020,rr,10,0.02,active_judge,133,744,0.1209212426916865,0.045349597326959215,0.07957180046189333,49,2
webis-touche2020,rr,10,0.02,strat_pilot,133,744,0.04656668874406846,0.045349597326959215,0.07957180046189333,49,2
webis-touche2020,rr,10,0.02,weighted_cv,133,744,0.03597026417247954,0.045349597326959215,0.07957180046189333,49,2
webis-touche2020,rr,10,0.02,active_cv,133,744,0.07132024461839859,0.045349597326959215,0.07957180046189333,49,2
webis-touche2020,rr,10,0.02,weighted_cvl,133,744,0.033921965622207575,0.045349597326959215,0.07957180046189333,49,2
webis-touche2020,rr,10,0.02,uniform,134,759,0.14888888519036686,0.05090303616489922,0.07252206112762716,49,2
webis-touche2020,rr,10,0.02,uniform_nz,134,759,0.074544966380779,0.05090303616489922,0.07252206112762716,49,2
webis-touche2020,rr,10,0.02,weighted,134,759,0.05090303616489922,0.05090303616489922,0.07252206112762716,49,2
webis-touche2020,rr,10,0.02,active_judge,134,759,0.14310050453094392,0.05090303616489922,0.07252206112762716,49,2
webis-touche2020,rr,10,0.02,strat_pilot,134,759,0.05206382881587914,0.05090303616489922,0.07252206112762716,49,2
webis-touche2020,rr,10,0.02,weighted_cv,134,759,0.03964880317557528,0.05090303616489922,0.07252206112762716,49,2
webis-touche2020,rr,10,0.02,active_cv,134,759,0.07778531263446828,0.05090303616489922,0.07252206112762716,49,2
webis-touche2020,rr,10,0.02,weighted_cvl,134,759,0.03692700044988496,0.05090303616489922,0.07252206112762716,49,2
webis-touche2020,rr,10,0.02,uniform,135,754,0.08273539435591375,0.04938189240507579,0.0607513750296258,49,2
webis-touche2020,rr,10,0.02,uniform_nz,135,754,0.058449820370757424,0.04938189240507579,0.0607513750296258,49,2
webis-touche2020,rr,10,0.02,weighted,135,754,0.04938189240507579,0.04938189240507579,0.0607513750296258,49,2
webis-touche2020,rr,10,0.02,active_judge,135,754,0.10836793721926348,0.04938189240507579,0.0607513750296258,49,2
webis-touche2020,rr,10,0.02,strat_pilot,135,754,0.04990719002236333,0.04938189240507579,0.0607513750296258,49,2
webis-touche2020,rr,10,0.02,weighted_cv,135,754,0.04301678016890799,0.04938189240507579,0.0607513750296258,49,2
webis-touche2020,rr,10,0.02,active_cv,135,754,0.08563733443766022,0.04938189240507579,0.0607513750296258,49,2
webis-touche2020,rr,10,0.02,weighted_cvl,135,754,0.038166726930443394,0.04938189240507579,0.0607513750296258,49,2
webis-touche2020,rr,10,0.02,uniform,136,760,0.07091218762011971,0.04153926663321193,0.04437708578992736,49,2
webis-touche2020,rr,10,0.02,uniform_nz,136,760,0.060690353686530155,0.04153926663321193,0.04437708578992736,49,2
webis-touche2020,rr,10,0.02,weighted,136,760,0.04153926663321193,0.04153926663321193,0.04437708578992736,49,2
webis-touche2020,rr,10,0.02,active_judge,136,760,0.10474307220639298,0.04153926663321193,0.04437708578992736,49,2
webis-touche2020,rr,10,0.02,strat_pilot,136,760,0.04233542472045042,0.04153926663321193,0.04437708578992736,49,2
webis-touche2020,rr,10,0.02,weighted_cv,136,760,0.03481043742071351,0.04153926663321193,0.04437708578992736,49,2
webis-touche2020,rr,10,0.02,active_cv,136,760,0.07703380332601431,0.04153926663321193,0.04437708578992736,49,2
webis-touche2020,rr,10,0.02,weighted_cvl,136,760,0.032050232231139286,0.04153926663321193,0.04437708578992736,49,2
webis-touche2020,rr,10,0.02,uniform,137,760,0.14726806637776668,0.05105880859955105,0.07722715919271646,49,2
webis-touche2020,rr,10,0.02,uniform_nz,137,760,0.07615590391293676,0.05105880859955105,0.07722715919271646,49,2
webis-touche2020,rr,10,0.02,weighted,137,760,0.05105880859955105,0.05105880859955105,0.07722715919271646,49,2
webis-touche2020,rr,10,0.02,active_judge,137,760,0.13385705819994262,0.05105880859955105,0.07722715919271646,49,2
webis-touche2020,rr,10,0.02,strat_pilot,137,760,0.0519732535519861,0.05105880859955105,0.07722715919271646,49,2
webis-touche2020,rr,10,0.02,weighted_cv,137,760,0.03987029595069862,0.05105880859955105,0.07722715919271646,49,2
webis-touche2020,rr,10,0.02,active_cv,137,760,0.07584080561302453,0.05105880859955105,0.07722715919271646,49,2
webis-touche2020,rr,10,0.02,weighted_cvl,137,760,0.03709704750539276,0.05105880859955105,0.07722715919271646,49,2
webis-touche2020,rr,10,0.02,uniform,138,763,0.0691361653180691,0.03940477121243095,0.023890890241509425,49,0
webis-touche2020,rr,10,0.02,uniform_nz,138,763,0.057818629864170454,0.03940477121243095,0.023890890241509425,49,0
webis-touche2020,rr,10,0.02,weighted,138,763,0.03940477121243095,0.03940477121243095,0.023890890241509425,49,0
webis-touche2020,rr,10,0.02,active_judge,138,763,0.09246574745408279,0.03940477121243095,0.023890890241509425,49,0
webis-touche2020,rr,10,0.02,strat_pilot,138,763,0.03906983044282902,0.03940477121243095,0.023890890241509425,49,0
webis-touche2020,rr,10,0.02,weighted_cv,138,763,0.03180634458785375,0.03940477121243095,0.023890890241509425,49,0
webis-touche2020,rr,10,0.02,active_cv,138,763,0.06130735472010289,0.03940477121243095,0.023890890241509425,49,0
webis-touche2020,rr,10,0.02,weighted_cvl,138,763,0.030543604959713082,0.03940477121243095,0.023890890241509425,49,0
webis-touche2020,rr,10,0.02,uniform,139,760,0.0595539480340447,0.03795363375708098,0.056061086343896935,49,2
webis-touche2020,rr,10,0.02,uniform_nz,139,760,0.04358486082400811,0.03795363375708098,0.056061086343896935,49,2
webis-touche2020,rr,10,0.02,weighted,139,760,0.03795363375708098,0.03795363375708098,0.056061086343896935,49,2
webis-touche2020,rr,10,0.02,active_judge,139,760,0.08684686743583928,0.03795363375708098,0.056061086343896935,49,2
webis-touche2020,rr,10,0.02,strat_pilot,139,760,0.03855364562412582,0.03795363375708098,0.056061086343896935,49,2
webis-touche2020,rr,10,0.02,weighted_cv,139,760,0.0343416185046732,0.03795363375708098,0.056061086343896935,49,2
webis-touche2020,rr,10,0.02,active_cv,139,760,0.06491089075590917,0.03795363375708098,0.056061086343896935,49,2
webis-touche2020,rr,10,0.02,weighted_cvl,139,760,0.029136290335605785,0.03795363375708098,0.056061086343896935,49,2
webis-touche2020,rr,10,0.02,uniform,140,745,0.15479575648819532,0.056792914283427455,0.05196814086762262,49,2
webis-touche2020,rr,10,0.02,uniform_nz,140,745,0.08133806009539707,0.056792914283427455,0.05196814086762262,49,2
webis-touche2020,rr,10,0.02,weighted,140,745,0.056792914283427455,0.056792914283427455,0.05196814086762262,49,2
webis-touche2020,rr,10,0.02,active_judge,140,745,0.15385546249739046,0.056792914283427455,0.05196814086762262,49,2
webis-touche2020,rr,10,0.02,strat_pilot,140,745,0.05777454350890232,0.056792914283427455,0.05196814086762262,49,2
webis-touche2020,rr,10,0.02,weighted_cv,140,745,0.044725617201599545,0.056792914283427455,0.05196814086762262,49,2
webis-touche2020,rr,10,0.02,active_cv,140,745,0.08358538918445153,0.056792914283427455,0.05196814086762262,49,2
webis-touche2020,rr,10,0.02,weighted_cvl,140,745,0.04099214659461185,0.056792914283427455,0.05196814086762262,49,2
webis-touche2020,rr,10,0.02,uniform,141,764,0.06675208932113784,0.034740758348345155,0.06085151477934826,49,2
webis-touche2020,rr,10,0.02,uniform_nz,141,764,0.05038546313239669,0.034740758348345155,0.06085151477934826,49,2
webis-touche2020,rr,10,0.02,weighted,141,764,0.034740758348345155,0.034740758348345155,0.06085151477934826,49,2
webis-touche2020,rr,10,0.02,active_judge,141,764,0.10157363537620653,0.034740758348345155,0.06085151477934826,49,2
webis-touche2020,rr,10,0.02,strat_pilot,141,764,0.0354205151969279,0.034740758348345155,0.06085151477934826,49,2
webis-touche2020,rr,10,0.02,weighted_cv,141,764,0.02934278737567423,0.034740758348345155,0.06085151477934826,49,2
webis-touche2020,rr,10,0.02,active_cv,141,764,0.06388328686570743,0.034740758348345155,0.06085151477934826,49,2
webis-touche2020,rr,10,0.02,weighted_cvl,141,764,0.02670970695881526,0.034740758348345155,0.06085151477934826,49,2
webis-touche2020,rr,10,0.02,uniform,142,784,0.07493133108161847,0.040223639599877854,0.049769377227295505,49,2
webis-touche2020,rr,10,0.02,uniform_nz,142,784,0.048269206006625244,0.040223639599877854,0.049769377227295505,49,2
webis-touche2020,rr,10,0.02,weighted,142,784,0.040223639599877854,0.040223639599877854,0.049769377227295505,49,2
webis-touche2020,rr,10,0.02,active_judge,142,784,0.09383552004046229,0.040223639599877854,0.049769377227295505,49,2
webis-touche2020,rr,10,0.02,strat_pilot,142,784,0.04075537698745164,0.040223639599877854,0.049769377227295505,49,2
webis-touche2020,rr,10,0.02,weighted_cv,142,784,0.03494652125153135,0.040223639599877854,0.049769377227295505,49,2
webis-touche2020,rr,10,0.02,active_cv,142,784,0.07930246538374873,0.040223639599877854,0.049769377227295505,49,2
webis-touche2020,rr,10,0.02,weighted_cvl,142,784,0.03513009466631377,0.040223639599877854,0.049769377227295505,49,2
webis-touche2020,rr,10,0.02,uniform,143,762,0.08765968020170298,0.051479034379748545,0.038805291787102916,49,2
webis-touche2020,rr,10,0.02,uniform_nz,143,762,0.06337307604125525,0.051479034379748545,0.038805291787102916,49,2
webis-touche2020,rr,10,0.02,weighted,143,762,0.051479034379748545,0.051479034379748545,0.038805291787102916,49,2
webis-touche2020,rr,10,0.02,active_judge,143,762,0.10719693987030851,0.051479034379748545,0.038805291787102916,49,2
webis-touche2020,rr,10,0.02,strat_pilot,143,762,0.052067727418133494,0.051479034379748545,0.038805291787102916,49,2
webis-touche2020,rr,10,0.02,weighted_cv,143,762,0.04537533185015568,0.051479034379748545,0.038805291787102916,49,2
webis-touche2020,rr,10,0.02,active_cv,143,762,0.09283725635922169,0.051479034379748545,0.038805291787102916,49,2
webis-touche2020,rr,10,0.02,weighted_cvl,143,762,0.041925390469649194,0.051479034379748545,0.038805291787102916,49,2
webis-touche2020,rr,10,0.02,uniform,144,757,0.1587415711574795,0.05564680536031402,0.06464975604604088,49,2
webis-touche2020,rr,10,0.02,uniform_nz,144,757,0.08145680665951371,0.05564680536031402,0.06464975604604088,49,2
webis-touche2020,rr,10,0.02,weighted,144,757,0.05564680536031402,0.05564680536031402,0.06464975604604088,49,2
webis-touche2020,rr,10,0.02,active_judge,144,757,0.1486401994938496,0.05564680536031402,0.06464975604604088,49,2
webis-touche2020,rr,10,0.02,strat_pilot,144,757,0.057273321598834706,0.05564680536031402,0.06464975604604088,49,2
webis-touche2020,rr,10,0.02,weighted_cv,144,757,0.04388980861472532,0.05564680536031402,0.06464975604604088,49,2
webis-touche2020,rr,10,0.02,active_cv,144,757,0.08226477371432683,0.05564680536031402,0.06464975604604088,49,2
webis-touche2020,rr,10,0.02,weighted_cvl,144,757,0.04027131140366595,0.05564680536031402,0.06464975604604088,49,2
webis-touche2020,rr,10,0.02,uniform,145,748,0.08548152086390216,0.06075131822443665,0.07322330030457622,49,2
webis-touche2020,rr,10,0.02,uniform_nz,145,748,0.0683061901683959,0.06075131822443665,0.07322330030457622,49,2
webis-touche2020,rr,10,0.02,weighted,145,748,0.06075131822443665,0.06075131822443665,0.07322330030457622,49,2
webis-touche2020,rr,10,0.02,active_judge,145,748,0.15143182003805242,0.06075131822443665,0.07322330030457622,49,2
webis-touche2020,rr,10,0.02,strat_pilot,145,748,0.061578359566185056,0.06075131822443665,0.07322330030457622,49,2
webis-touche2020,rr,10,0.02,weighted_cv,145,748,0.05527750527145572,0.06075131822443665,0.07322330030457622,49,2
webis-touche2020,rr,10,0.02,active_cv,145,748,0.1075162140611479,0.06075131822443665,0.07322330030457622,49,2
webis-touche2020,rr,10,0.02,weighted_cvl,145,748,0.049772967783524136,0.06075131822443665,0.07322330030457622,49,2
webis-touche2020,rr,10,0.02,uniform,146,754,0.06526892663124714,0.038908472418349355,0.06071768691429816,49,2
webis-touche2020,rr,10,0.02,uniform_nz,146,754,0.04401698979865392,0.038908472418349355,0.06071768691429816,49,2
webis-touche2020,rr,10,0.02,weighted,146,754,0.038908472418349355,0.038908472418349355,0.06071768691429816,49,2
webis-touche2020,rr,10,0.02,active_judge,146,754,0.09436104869630421,0.038908472418349355,0.06071768691429816,49,2
webis-touche2020,rr,10,0.02,strat_pilot,146,754,0.03929740980113198,0.038908472418349355,0.06071768691429816,49,2
webis-touche2020,rr,10,0.02,weighted_cv,146,754,0.03253854399668854,0.038908472418349355,0.06071768691429816,49,2
webis-touche2020,rr,10,0.02,active_cv,146,754,0.054058445633790544,0.038908472418349355,0.06071768691429816,49,2
webis-touche2020,rr,10,0.02,weighted_cvl,146,754,0.02938928943377626,0.038908472418349355,0.06071768691429816,49,2
webis-touche2020,rr,10,0.02,uniform,147,774,0.07918239148026959,0.04172724761762915,0.05360249884137687,49,2
webis-touche2020,rr,10,0.02,uniform_nz,147,774,0.05023231227952961,0.04172724761762915,0.05360249884137687,49,2
webis-touche2020,rr,10,0.02,weighted,147,774,0.04172724761762915,0.04172724761762915,0.05360249884137687,49,2
webis-touche2020,rr,10,0.02,active_judge,147,774,0.09240293884467313,0.04172724761762915,0.05360249884137687,49,2
webis-touche2020,rr,10,0.02,strat_pilot,147,774,0.04244092062845315,0.04172724761762915,0.05360249884137687,49,2
webis-touche2020,rr,10,0.02,weighted_cv,147,774,0.03475541744203754,0.04172724761762915,0.05360249884137687,49,2
webis-touche2020,rr,10,0.02,active_cv,147,774,0.06201022205385735,0.04172724761762915,0.05360249884137687,49,2
webis-touche2020,rr,10,0.02,weighted_cvl,147,774,0.03274918918117763,0.04172724761762915,0.05360249884137687,49,2
webis-touche2020,rr,10,0.02,uniform,148,761,0.11425521395801244,0.07057801247479192,0.11709060664998484,49,2
webis-touche2020,rr,10,0.02,uniform_nz,148,761,0.08423780775751301,0.07057801247479192,0.11709060664998484,49,2
webis-touche2020,rr,10,0.02,weighted,148,761,0.07057801247479192,0.07057801247479192,0.11709060664998484,49,2
webis-touche2020,rr,10,0.02,active_judge,148,761,0.15131197834576007,0.07057801247479192,0.11709060664998484,49,2
webis-touche2020,rr,10,0.02,strat_pilot,148,761,0.07086854856237783,0.07057801247479192,0.11709060664998484,49,2
webis-touche2020,rr,10,0.02,weighted_cv,148,761,0.06082652202803189,0.07057801247479192,0.11709060664998484,49,2
webis-touche2020,rr,10,0.02,active_cv,148,761,0.14713945608829615,0.07057801247479192,0.11709060664998484,49,2
webis-touche2020,rr,10,0.02,weighted_cvl,148,761,0.05374745776401111,0.07057801247479192,0.11709060664998484,49,2
webis-touche2020,rr,10,0.02,uniform,149,763,0.09035227415151872,0.048162526981405794,0.05167339010605264,49,2
webis-touche2020,rr,10,0.02,uniform_nz,149,763,0.07247305220445274,0.048162526981405794,0.05167339010605264,49,2
webis-touche2020,rr,10,0.02,weighted,149,763,0.048162526981405794,0.048162526981405794,0.05167339010605264,49,2
webis-touche2020,rr,10,0.02,active_judge,149,763,0.1174054072347687,0.048162526981405794,0.05167339010605264,49,2
webis-touche2020,rr,10,0.02,strat_pilot,149,763,0.04824978733544201,0.048162526981405794,0.05167339010605264,49,2
webis-touche2020,rr,10,0.02,weighted_cv,149,763,0.039997727816130126,0.048162526981405794,0.05167339010605264,49,2
webis-touche2020,rr,10,0.02,active_cv,149,763,0.09167127740580441,0.048162526981405794,0.05167339010605264,49,2
webis-touche2020,rr,10,0.02,weighted_cvl,149,763,0.03615110550325126,0.048162526981405794,0.05167339010605264,49,2
webis-touche2020,rr,10,0.02,uniform,150,765,0.15007917702219992,0.040924349241696696,0.025736655673188176,49,0
webis-touche2020,rr,10,0.02,uniform_nz,150,765,0.05826614965805497,0.040924349241696696,0.025736655673188176,49,0
webis-touche2020,rr,10,0.02,weighted,150,765,0.040924349241696696,0.040924349241696696,0.025736655673188176,49,0
webis-touche2020,rr,10,0.02,active_judge,150,765,0.1164261566865576,0.040924349241696696,0.025736655673188176,49,0
webis-touche2020,rr,10,0.02,strat_pilot,150,765,0.04142732526890234,0.040924349241696696,0.025736655673188176,49,0
webis-touche2020,rr,10,0.02,weighted_cv,150,765,0.03297367614051187,0.040924349241696696,0.025736655673188176,49,0
webis-touche2020,rr,10,0.02,active_cv,150,765,0.06747858716359556,0.040924349241696696,0.025736655673188176,49,0
webis-touche2020,rr,10,0.02,weighted_cvl,150,765,0.0328021292442941,0.040924349241696696,0.025736655673188176,49,0
webis-touche2020,rr,10,0.02,uniform,151,760,0.16322304517885883,0.05120242175708436,0.08292476107346884,49,2
webis-touche2020,rr,10,0.02,uniform_nz,151,760,0.08285849121359601,0.05120242175708436,0.08292476107346884,49,2
webis-touche2020,rr,10,0.02,weighted,151,760,0.05120242175708436,0.05120242175708436,0.08292476107346884,49,2
webis-touche2020,rr,10,0.02,active_judge,151,760,0.1607123712426138,0.05120242175708436,0.08292476107346884,49,2
webis-touche2020,rr,10,0.02,strat_pilot,151,760,0.0526336798382714,0.05120242175708436,0.08292476107346884,49,2
webis-touche2020,rr,10,0.02,weighted_cv,151,760,0.037750304554136936,0.05120242175708436,0.08292476107346884,49,2
webis-touche2020,rr,10,0.02,active_cv,151,760,0.05976277251505646,0.05120242175708436,0.08292476107346884,49,2
webis-touche2020,rr,10,0.02,weighted_cvl,151,760,0.03371163636407889,0.05120242175708436,0.08292476107346884,49,2
webis-touche2020,rr,10,0.02,uniform,152,764,0.053321551597959774,0.03278318061873204,0.02659212437888909,49,0
webis-touche2020,rr,10,0.02,uniform_nz,152,764,0.038684317481959385,0.03278318061873204,0.02659212437888909,49,0
webis-touche2020,rr,10,0.02,weighted,152,764,0.03278318061873204,0.03278318061873204,0.02659212437888909,49,0
webis-touche2020,rr,10,0.02,active_judge,152,764,0.06397915034965103,0.03278318061873204,0.02659212437888909,49,0
webis-touche2020,rr,10,0.02,strat_pilot,152,764,0.03344892458178015,0.03278318061873204,0.02659212437888909,49,0
webis-touche2020,rr,10,0.02,weighted_cv,152,764,0.02641148860264783,0.03278318061873204,0.02659212437888909,49,0
webis-touche2020,rr,10,0.02,active_cv,152,764,0.041620830101764796,0.03278318061873204,0.02659212437888909,49,0
webis-touche2020,rr,10,0.02,weighted_cvl,152,764,0.024224172470585413,0.03278318061873204,0.02659212437888909,49,0
webis-touche2020,rr,10,0.02,uniform,153,756,0.07325270041672269,0.04019154947819377,0.051178964095759755,49,2
webis-touche2020,rr,10,0.02,uniform_nz,153,756,0.04797381057823677,0.04019154947819377,0.051178964095759755,49,2
webis-touche2020,rr,10,0.02,weighted,153,756,0.04019154947819377,0.04019154947819377,0.051178964095759755,49,2
webis-touche2020,rr,10,0.02,active_judge,153,756,0.09829290609230332,0.04019154947819377,0.051178964095759755,49,2
webis-touche2020,rr,10,0.02,strat_pilot,153,756,0.04061069986225557,0.04019154947819377,0.051178964095759755,49,2
webis-touche2020,rr,10,0.02,weighted_cv,153,756,0.03520798414006756,0.04019154947819377,0.051178964095759755,49,2
webis-touche2020,rr,10,0.02,active_cv,153,756,0.07247470255943132,0.04019154947819377,0.051178964095759755,49,2
webis-touche2020,rr,10,0.02,weighted_cvl,153,756,0.030940191887072487,0.04019154947819377,0.051178964095759755,49,2
webis-touche2020,rr,10,0.02,uniform,154,752,0.09045932649560813,0.048741092800099514,0.06652505804471075,49,2
webis-touche2020,rr,10,0.02,uniform_nz,154,752,0.06753724641356458,0.048741092800099514,0.06652505804471075,49,2
webis-touche2020,rr,10,0.02,weighted,154,752,0.048741092800099514,0.048741092800099514,0.06652505804471075,49,2
webis-touche2020,rr,10,0.02,active_judge,154,752,0.1216749621308646,0.048741092800099514,0.06652505804471075,49,2
webis-touche2020,rr,10,0.02,strat_pilot,154,752,0.04939714425778825,0.048741092800099514,0.06652505804471075,49,2
webis-touche2020,rr,10,0.02,weighted_cv,154,752,0.04323183157741953,0.048741092800099514,0.06652505804471075,49,2
webis-touche2020,rr,10,0.02,active_cv,154,752,0.09789634447976567,0.048741092800099514,0.06652505804471075,49,2
webis-touche2020,rr,10,0.02,weighted_cvl,154,752,0.03712048195572955,0.048741092800099514,0.06652505804471075,49,2
webis-touche2020,rr,10,0.02,uniform,155,769,0.0918917490685621,0.05213926363958693,0.06926593441531523,49,2
webis-touche2020,rr,10,0.02,uniform_nz,155,769,0.07164154373782346,0.05213926363958693,0.06926593441531523,49,2
webis-touche2020,rr,10,0.02,weighted,155,769,0.05213926363958693,0.05213926363958693,0.06926593441531523,49,2
webis-touche2020,rr,10,0.02,active_judge,155,769,0.1217250063937291,0.05213926363958693,0.06926593441531523,49,2
webis-touche2020,rr,10,0.02,strat_pilot,155,769,0.05287407915733633,0.05213926363958693,0.06926593441531523,49,2
webis-touche2020,rr,10,0.02,weighted_cv,155,769,0.04488947221123043,0.05213926363958693,0.06926593441531523,49,2
webis-touche2020,rr,10,0.02,active_cv,155,769,0.10152661938442062,0.05213926363958693,0.06926593441531523,49,2
webis-touche2020,rr,10,0.02,weighted_cvl,155,769,0.04122952994266273,0.05213926363958693,0.06926593441531523,49,2
webis-touche2020,rr,10,0.02,uniform,156,747,0.17430979207467628,0.06297667592437799,0.0870684788064819,49,2
webis-touche2020,rr,10,0.02,uniform_nz,156,747,0.0948326816579437,0.06297667592437799,0.0870684788064819,49,2
webis-touche2020,rr,10,0.02,weighted,156,747,0.06297667592437799,0.06297667592437799,0.0870684788064819,49,2
webis-touche2020,rr,10,0.02,active_judge,156,747,0.18599918999072784,0.06297667592437799,0.0870684788064819,49,2
webis-touche2020,rr,10,0.02,strat_pilot,156,747,0.06407219159865023,0.06297667592437799,0.0870684788064819,49,2
webis-touche2020,rr,10,0.02,weighted_cv,156,747,0.051875454620440374,0.06297667592437799,0.0870684788064819,49,2
webis-touche2020,rr,10,0.02,active_cv,156,747,0.11571321622409603,0.06297667592437799,0.0870684788064819,49,2
webis-touche2020,rr,10,0.02,weighted_cvl,156,747,0.04691047967937242,0.06297667592437799,0.0870684788064819,49,2
webis-touche2020,rr,10,0.02,uniform,157,750,0.15339694561291722,0.05365810845769401,0.08619345691163903,49,2
webis-touche2020,rr,10,0.02,uniform_nz,157,750,0.07593292156213675,0.05365810845769401,0.08619345691163903,49,2
webis-touche2020,rr,10,0.02,weighted,157,750,0.05365810845769401,0.05365810845769401,0.08619345691163903,49,2
webis-touche2020,rr,10,0.02,active_judge,157,750,0.14807332015072638,0.05365810845769401,0.08619345691163903,49,2
webis-touche2020,rr,10,0.02,strat_pilot,157,750,0.05458347733864556,0.05365810845769401,0.08619345691163903,49,2
webis-touche2020,rr,10,0.02,weighted_cv,157,750,0.04353466798320066,0.05365810845769401,0.08619345691163903,49,2
webis-touche2020,rr,10,0.02,active_cv,157,750,0.07456517901349399,0.05365810845769401,0.08619345691163903,49,2
webis-touche2020,rr,10,0.02,weighted_cvl,157,750,0.04034632753401084,0.05365810845769401,0.08619345691163903,49,2
webis-touche2020,rr,10,0.02,uniform,158,750,0.08613630939751056,0.050024704170311865,0.08128172399495928,49,2
webis-touche2020,rr,10,0.02,uniform_nz,158,750,0.06887103818394316,0.050024704170311865,0.08128172399495928,49,2
webis-touche2020,rr,10,0.02,weighted,158,750,0.050024704170311865,0.050024704170311865,0.08128172399495928,49,2
webis-touche2020,rr,10,0.02,active_judge,158,750,0.11969368068355316,0.050024704170311865,0.08128172399495928,49,2
webis-touche2020,rr,10,0.02,strat_pilot,158,750,0.050606017501684586,0.050024704170311865,0.08128172399495928,49,2
webis-touche2020,rr,10,0.02,weighted_cv,158,750,0.04584937648041524,0.050024704170311865,0.08128172399495928,49,2
webis-touche2020,rr,10,0.02,active_cv,158,750,0.10711202430545667,0.050024704170311865,0.08128172399495928,49,2
webis-touche2020,rr,10,0.02,weighted_cvl,158,750,0.03924055083285855,0.050024704170311865,0.08128172399495928,49,2
webis-touche2020,rr,10,0.02,uniform,159,767,0.1703029304214165,0.053792795400512586,0.0585688633448931,49,2
webis-touche2020,rr,10,0.02,uniform_nz,159,767,0.08882917095103562,0.053792795400512586,0.0585688633448931,49,2
webis-touche2020,rr,10,0.02,weighted,159,767,0.053792795400512586,0.053792795400512586,0.0585688633448931,49,2
webis-touche2020,rr,10,0.02,active_judge,159,767,0.16552880090723987,0.053792795400512586,0.0585688633448931,49,2
webis-touche2020,rr,10,0.02,strat_pilot,159,767,0.05444415545482031,0.053792795400512586,0.0585688633448931,49,2
webis-touche2020,rr,10,0.02,weighted_cv,159,767,0.04038805962431436,0.053792795400512586,0.0585688633448931,49,2
webis-touche2020,rr,10,0.02,active_cv,159,767,0.0757324826933299,0.053792795400512586,0.0585688633448931,49,2
webis-touche2020,rr,10,0.02,weighted_cvl,159,767,0.036349096050871596,0.053792795400512586,0.0585688633448931,49,2
webis-touche2020,rr,10,0.02,uniform,160,752,0.1776600626996923,0.06813484275364394,0.06094592302835336,49,2
webis-touche2020,rr,10,0.02,uniform_nz,160,752,0.10389663201428585,0.06813484275364394,0.06094592302835336,49,2
webis-touche2020,rr,10,0.02,weighted,160,752,0.06813484275364394,0.06813484275364394,0.06094592302835336,49,2
webis-touche2020,rr,10,0.02,active_judge,160,752,0.194582897920687,0.06813484275364394,0.06094592302835336,49,2
webis-touche2020,rr,10,0.02,strat_pilot,160,752,0.06938187684283934,0.06813484275364394,0.06094592302835336,49,2
webis-touche2020,rr,10,0.02,weighted_cv,160,752,0.05476026775383332,0.06813484275364394,0.06094592302835336,49,2
webis-touche2020,rr,10,0.02,active_cv,160,752,0.11722688228891168,0.06813484275364394,0.06094592302835336,49,2
webis-touche2020,rr,10,0.02,weighted_cvl,160,752,0.04858611392287031,0.06813484275364394,0.06094592302835336,49,2
webis-touche2020,rr,10,0.02,uniform,161,763,0.08431407713935005,0.0498103027860031,0.08281757665727581,49,2
webis-touche2020,rr,10,0.02,uniform_nz,161,763,0.06672341884785411,0.0498103027860031,0.08281757665727581,49,2
webis-touche2020,rr,10,0.02,weighted,161,763,0.0498103027860031,0.0498103027860031,0.08281757665727581,49,2
webis-touche2020,rr,10,0.02,active_judge,161,763,0.12838611246502746,0.0498103027860031,0.08281757665727581,49,2
webis-touche2020,rr,10,0.02,strat_pilot,161,763,0.05043262533410063,0.0498103027860031,0.08281757665727581,49,2
webis-touche2020,rr,10,0.02,weighted_cv,161,763,0.04274015559505849,0.0498103027860031,0.08281757665727581,49,2
webis-touche2020,rr,10,0.02,active_cv,161,763,0.08686744311617897,0.0498103027860031,0.08281757665727581,49,2
webis-touche2020,rr,10,0.02,weighted_cvl,161,763,0.036542720732166974,0.0498103027860031,0.08281757665727581,49,2
webis-touche2020,rr,10,0.02,uniform,162,760,0.0645219371588587,0.032960683119841794,0.05385658407515319,49,2
webis-touche2020,rr,10,0.02,uniform_nz,162,760,0.04110335160102639,0.032960683119841794,0.05385658407515319,49,2
webis-touche2020,rr,10,0.02,weighted,162,760,0.032960683119841794,0.032960683119841794,0.05385658407515319,49,2
webis-touche2020,rr,10,0.02,active_judge,162,760,0.07930412256312354,0.032960683119841794,0.05385658407515319,49,2
webis-touche2020,rr,10,0.02,strat_pilot,162,760,0.03364562691788212,0.032960683119841794,0.05385658407515319,49,2
webis-touche2020,rr,10,0.02,weighted_cv,162,760,0.027023527361452814,0.032960683119841794,0.05385658407515319,49,2
webis-touche2020,rr,10,0.02,active_cv,162,760,0.05421166186018631,0.032960683119841794,0.05385658407515319,49,2
webis-touche2020,rr,10,0.02,weighted_cvl,162,760,0.025731579362717204,0.032960683119841794,0.05385658407515319,49,2
webis-touche2020,rr,10,0.02,uniform,163,764,0.09481541754072174,0.07424726919158983,0.10394559368116342,49,2
webis-touche2020,rr,10,0.02,uniform_nz,163,764,0.08487656526003988,0.07424726919158983,0.10394559368116342,49,2
webis-touche2020,rr,10,0.02,weighted,163,764,0.07424726919158983,0.07424726919158983,0.10394559368116342,49,2
webis-touche2020,rr,10,0.02,active_judge,163,764,0.14699181000459866,0.07424726919158983,0.10394559368116342,49,2
webis-touche2020,rr,10,0.02,strat_pilot,163,764,0.07474046062381012,0.07424726919158983,0.10394559368116342,49,2
webis-touche2020,rr,10,0.02,weighted_cv,163,764,0.06493841139473375,0.07424726919158983,0.10394559368116342,49,2
webis-touche2020,rr,10,0.02,active_cv,163,764,0.11563179623929547,0.07424726919158983,0.10394559368116342,49,2
webis-touche2020,rr,10,0.02,weighted_cvl,163,764,0.05794295047522506,0.07424726919158983,0.10394559368116342,49,2
webis-touche2020,rr,10,0.02,uniform,164,751,0.16079307784815283,0.05442467933714923,0.061569655704246495,49,2
webis-touche2020,rr,10,0.02,uniform_nz,164,751,0.08779736035090803,0.05442467933714923,0.061569655704246495,49,2
webis-touche2020,rr,10,0.02,weighted,164,751,0.05442467933714923,0.05442467933714923,0.061569655704246495,49,2
webis-touche2020,rr,10,0.02,active_judge,164,751,0.16217439209609724,0.05442467933714923,0.061569655704246495,49,2
webis-touche2020,rr,10,0.02,strat_pilot,164,751,0.055660220347172995,0.05442467933714923,0.061569655704246495,49,2
webis-touche2020,rr,10,0.02,weighted_cv,164,751,0.040369592141607305,0.05442467933714923,0.061569655704246495,49,2
webis-touche2020,rr,10,0.02,active_cv,164,751,0.07239070609350287,0.05442467933714923,0.061569655704246495,49,2
webis-touche2020,rr,10,0.02,weighted_cvl,164,751,0.03754560757557307,0.05442467933714923,0.061569655704246495,49,2
webis-touche2020,rr,10,0.02,uniform,165,762,0.08231726226485145,0.048460988665695835,0.0606766135954452,49,2
webis-touche2020,rr,10,0.02,uniform_nz,165,762,0.06703249585770968,0.048460988665695835,0.0606766135954452,49,2
webis-touche2020,rr,10,0.02,weighted,165,762,0.048460988665695835,0.048460988665695835,0.0606766135954452,49,2
webis-touche2020,rr,10,0.02,active_judge,165,762,0.1295685102740474,0.048460988665695835,0.0606766135954452,49,2
webis-touche2020,rr,10,0.02,strat_pilot,165,762,0.0493569472805354,0.048460988665695835,0.0606766135954452,49,2
webis-touche2020,rr,10,0.02,weighted_cv,165,762,0.038546820565942885,0.048460988665695835,0.0606766135954452,49,2
webis-touche2020,rr,10,0.02,active_cv,165,762,0.08081489069475728,0.048460988665695835,0.0606766135954452,49,2
webis-touche2020,rr,10,0.02,weighted_cvl,165,762,0.03473345555808118,0.048460988665695835,0.0606766135954452,49,2
webis-touche2020,rr,10,0.02,uniform,166,761,0.16537681650366537,0.05476228237411386,0.0759734085860247,49,2
webis-touche2020,rr,10,0.02,uniform_nz,166,761,0.09100465734002257,0.05476228237411386,0.0759734085860247,49,2
webis-touche2020,rr,10,0.02,weighted,166,761,0.05476228237411386,0.05476228237411386,0.0759734085860247,49,2
webis-touche2020,rr,10,0.02,active_judge,166,761,0.16355930891318177,0.05476228237411386,0.0759734085860247,49,2
webis-touche2020,rr,10,0.02,strat_pilot,166,761,0.05517017961885877,0.05476228237411386,0.0759734085860247,49,2
webis-touche2020,rr,10,0.02,weighted_cv,166,761,0.04218405474682489,0.05476228237411386,0.0759734085860247,49,2
webis-touche2020,rr,10,0.02,active_cv,166,761,0.10514114398054433,0.05476228237411386,0.0759734085860247,49,2
webis-touche2020,rr,10,0.02,weighted_cvl,166,761,0.039810002045012394,0.05476228237411386,0.0759734085860247,49,2
webis-touche2020,rr,10,0.02,uniform,167,756,0.14682121081124674,0.04715153448532806,0.06566554079025474,49,2
webis-touche2020,rr,10,0.02,uniform_nz,167,756,0.07409147022598586,0.04715153448532806,0.06566554079025474,49,2
webis-touche2020,rr,10,0.02,weighted,167,756,0.04715153448532806,0.04715153448532806,0.06566554079025474,49,2
webis-touche2020,rr,10,0.02,active_judge,167,756,0.1364876089122345,0.04715153448532806,0.06566554079025474,49,2
webis-touche2020,rr,10,0.02,strat_pilot,167,756,0.04781750556639915,0.04715153448532806,0.06566554079025474,49,2
webis-touche2020,rr,10,0.02,weighted_cv,167,756,0.03561522878474536,0.04715153448532806,0.06566554079025474,49,2
webis-touche2020,rr,10,0.02,active_cv,167,756,0.0668125135920168,0.04715153448532806,0.06566554079025474,49,2
webis-touche2020,rr,10,0.02,weighted_cvl,167,756,0.03387945655567631,0.04715153448532806,0.06566554079025474,49,2
webis-touche2020,rr,10,0.02,uniform,168,763,0.07242243698026549,0.056295440221078484,0.09267849034710263,49,2
webis-touche2020,rr,10,0.02,uniform_nz,168,763,0.0623407912356498,0.056295440221078484,0.09267849034710263,49,2
webis-touche2020,rr,10,0.02,weighted,168,763,0.056295440221078484,0.056295440221078484,0.09267849034710263,49,2
webis-touche2020,rr,10,0.02,active_judge,168,763,0.1284635426375209,0.056295440221078484,0.09267849034710263,49,2
webis-touche2020,rr,10,0.02,strat_pilot,168,763,0.056809415726866375,0.056295440221078484,0.09267849034710263,49,2
webis-touche2020,rr,10,0.02,weighted_cv,168,763,0.0514932160959151,0.056295440221078484,0.09267849034710263,49,2
webis-touche2020,rr,10,0.02,active_cv,168,763,0.08951686676741435,0.056295440221078484,0.09267849034710263,49,2
webis-touche2020,rr,10,0.02,weighted_cvl,168,763,0.044239808191590214,0.056295440221078484,0.09267849034710263,49,2
webis-touche2020,rr,10,0.02,uniform,169,760,0.05464466939255365,0.03375020930943502,0.05497259422163514,49,2
webis-touche2020,rr,10,0.02,uniform_nz,169,760,0.03914294271691081,0.03375020930943502,0.05497259422163514,49,2
webis-touche2020,rr,10,0.02,weighted,169,760,0.03375020930943502,0.03375020930943502,0.05497259422163514,49,2
webis-touche2020,rr,10,0.02,active_judge,169,760,0.08181039103782137,0.03375020930943502,0.05497259422163514,49,2
webis-touche2020,rr,10,0.02,strat_pilot,169,760,0.03437207109636216,0.03375020930943502,0.05497259422163514,49,2
webis-touche2020,rr,10,0.02,weighted_cv,169,760,0.028867302018067274,0.03375020930943502,0.05497259422163514,49,2
webis-touche2020,rr,10,0.02,active_cv,169,760,0.05545623076058155,0.03375020930943502,0.05497259422163514,49,2
webis-touche2020,rr,10,0.02,weighted_cvl,169,760,0.026719382890020543,0.03375020930943502,0.05497259422163514,49,2
webis-touche2020,rr,10,0.02,uniform,170,768,0.149957752091959,0.05145209535847922,0.06564984558212111,49,2
webis-touche2020,rr,10,0.02,uniform_nz,170,768,0.07555483413693471,0.05145209535847922,0.06564984558212111,49,2
webis-touche2020,rr,10,0.02,weighted,170,768,0.05145209535847922,0.05145209535847922,0.06564984558212111,49,2
webis-touche2020,rr,10,0.02,active_judge,170,768,0.13496814543844385,0.05145209535847922,0.06564984558212111,49,2
webis-touche2020,rr,10,0.02,strat_pilot,170,768,0.05218372446067402,0.05145209535847922,0.06564984558212111,49,2
webis-touche2020,rr,10,0.02,weighted_cv,170,768,0.03846004259224433,0.05145209535847922,0.06564984558212111,49,2
webis-touche2020,rr,10,0.02,active_cv,170,768,0.06041428435610872,0.05145209535847922,0.06564984558212111,49,2
webis-touche2020,rr,10,0.02,weighted_cvl,170,768,0.036361735891464804,0.05145209535847922,0.06564984558212111,49,2
webis-touche2020,rr,10,0.02,uniform,171,750,0.06900294026246181,0.039462766736774756,0.026553009254247646,49,0
webis-touche2020,rr,10,0.02,uniform_nz,171,750,0.053080063227324746,0.039462766736774756,0.026553009254247646,49,0
webis-touche2020,rr,10,0.02,weighted,171,750,0.039462766736774756,0.039462766736774756,0.026553009254247646,49,0
webis-touche2020,rr,10,0.02,active_judge,171,750,0.09800650056776802,0.039462766736774756,0.026553009254247646,49,0
webis-touche2020,rr,10,0.02,strat_pilot,171,750,0.03946585396678705,0.039462766736774756,0.026553009254247646,49,0
webis-touche2020,rr,10,0.02,weighted_cv,171,750,0.03220820646486846,0.039462766736774756,0.026553009254247646,49,0
webis-touche2020,rr,10,0.02,active_cv,171,750,0.0635189774238752,0.039462766736774756,0.026553009254247646,49,0
webis-touche2020,rr,10,0.02,weighted_cvl,171,750,0.030613739255663762,0.039462766736774756,0.026553009254247646,49,0
webis-touche2020,rr,10,0.02,uniform,172,747,0.10407462991038648,0.06924399703374703,0.0919473223456549,49,2
webis-touche2020,rr,10,0.02,uniform_nz,172,747,0.07695490969111711,0.06924399703374703,0.0919473223456549,49,2
webis-touche2020,rr,10,0.02,weighted,172,747,0.06924399703374703,0.06924399703374703,0.0919473223456549,49,2
webis-touche2020,rr,10,0.02,active_judge,172,747,0.13632225401735784,0.06924399703374703,0.0919473223456549,49,2
webis-touche2020,rr,10,0.02,strat_pilot,172,747,0.07019540353062872,0.06924399703374703,0.0919473223456549,49,2
webis-touche2020,rr,10,0.02,weighted_cv,172,747,0.056490486703375364,0.06924399703374703,0.0919473223456549,49,2
webis-touche2020,rr,10,0.02,active_cv,172,747,0.11317589371440318,0.06924399703374703,0.0919473223456549,49,2
webis-touche2020,rr,10,0.02,weighted_cvl,172,747,0.052193416798188876,0.06924399703374703,0.0919473223456549,49,2
webis-touche2020,rr,10,0.02,uniform,173,761,0.07405835143390986,0.04399902656339014,0.039806268263227466,49,2
webis-touche2020,rr,10,0.02,uniform_nz,173,761,0.055653004121660396,0.04399902656339014,0.039806268263227466,49,2
webis-touche2020,rr,10,0.02,weighted,173,761,0.04399902656339014,0.04399902656339014,0.039806268263227466,49,2
webis-touche2020,rr,10,0.02,active_judge,173,761,0.10087133145489184,0.04399902656339014,0.039806268263227466,49,2
webis-touche2020,rr,10,0.02,strat_pilot,173,761,0.04461740120501807,0.04399902656339014,0.039806268263227466,49,2
webis-touche2020,rr,10,0.02,weighted_cv,173,761,0.03726809492831546,0.04399902656339014,0.039806268263227466,49,2
webis-touche2020,rr,10,0.02,active_cv,173,761,0.06876670928294545,0.04399902656339014,0.039806268263227466,49,2
webis-touche2020,rr,10,0.02,weighted_cvl,173,761,0.0355467129630055,0.04399902656339014,0.039806268263227466,49,2
webis-touche2020,rr,10,0.02,uniform,174,755,0.06608674861066458,0.04197584593893248,0.044331210454965325,49,2
webis-touche2020,rr,10,0.02,uniform_nz,174,755,0.05169144698018348,0.04197584593893248,0.044331210454965325,49,2
webis-touche2020,rr,10,0.02,weighted,174,755,0.04197584593893248,0.04197584593893248,0.044331210454965325,49,2
webis-touche2020,rr,10,0.02,active_judge,174,755,0.08779340394167223,0.04197584593893248,0.044331210454965325,49,2
webis-touche2020,rr,10,0.02,strat_pilot,174,755,0.04260604009748063,0.04197584593893248,0.044331210454965325,49,2
webis-touche2020,rr,10,0.02,weighted_cv,174,755,0.037804296389462866,0.04197584593893248,0.044331210454965325,49,2
webis-touche2020,rr,10,0.02,active_cv,174,755,0.0918223957195099,0.04197584593893248,0.044331210454965325,49,2
webis-touche2020,rr,10,0.02,weighted_cvl,174,755,0.035011142971939684,0.04197584593893248,0.044331210454965325,49,2
webis-touche2020,rr,10,0.02,uniform,175,748,0.16873437663027202,0.07661798578241472,0.09604747186669675,49,2
webis-touche2020,rr,10,0.02,uniform_nz,175,748,0.117449743797242,0.07661798578241472,0.09604747186669675,49,2
webis-touche2020,rr,10,0.02,weighted,175,748,0.07661798578241472,0.07661798578241472,0.09604747186669675,49,2
webis-touche2020,rr,10,0.02,active_judge,175,748,0.1804751846629988,0.07661798578241472,0.09604747186669675,49,2
webis-touche2020,rr,10,0.02,strat_pilot,175,748,0.07842136930476586,0.07661798578241472,0.09604747186669675,49,2
webis-touche2020,rr,10,0.02,weighted_cv,175,748,0.06328983322138247,0.07661798578241472,0.09604747186669675,49,2
webis-touche2020,rr,10,0.02,active_cv,175,748,0.12344651430048612,0.07661798578241472,0.09604747186669675,49,2
webis-touche2020,rr,10,0.02,weighted_cvl,175,748,0.05756517425712807,0.07661798578241472,0.09604747186669675,49,2
webis-touche2020,rr,10,0.02,uniform,176,762,0.16481959890349485,0.05284575467961614,0.06351430685757312,49,2
webis-touche2020,rr,10,0.02,uniform_nz,176,762,0.07929703231282421,0.05284575467961614,0.06351430685757312,49,2
webis-touche2020,rr,10,0.02,weighted,176,762,0.05284575467961614,0.05284575467961614,0.06351430685757312,49,2
webis-touche2020,rr,10,0.02,active_judge,176,762,0.14531605579954304,0.05284575467961614,0.06351430685757312,49,2
webis-touche2020,rr,10,0.02,strat_pilot,176,762,0.05336934546502994,0.05284575467961614,0.06351430685757312,49,2
webis-touche2020,rr,10,0.02,weighted_cv,176,762,0.039406653134815436,0.05284575467961614,0.06351430685757312,49,2
webis-touche2020,rr,10,0.02,active_cv,176,762,0.061026385397199776,0.05284575467961614,0.06351430685757312,49,2
webis-touche2020,rr,10,0.02,weighted_cvl,176,762,0.03730620335244685,0.05284575467961614,0.06351430685757312,49,2
webis-touche2020,rr,10,0.02,uniform,177,740,0.16153065021637172,0.05572856894845153,0.056185350353693986,49,2
webis-touche2020,rr,10,0.02,uniform_nz,177,740,0.08246520637557182,0.05572856894845153,0.056185350353693986,49,2
webis-touche2020,rr,10,0.02,weighted,177,740,0.05572856894845153,0.05572856894845153,0.056185350353693986,49,2
webis-touche2020,rr,10,0.02,active_judge,177,740,0.15125182480351057,0.05572856894845153,0.056185350353693986,49,2
webis-touche2020,rr,10,0.02,strat_pilot,177,740,0.05681241427144943,0.05572856894845153,0.056185350353693986,49,2
webis-touche2020,rr,10,0.02,weighted_cv,177,740,0.04559604472215972,0.05572856894845153,0.056185350353693986,49,2
webis-touche2020,rr,10,0.02,active_cv,177,740,0.10995746941154323,0.05572856894845153,0.056185350353693986,49,2
webis-touche2020,rr,10,0.02,weighted_cvl,177,740,0.04426400141905817,0.05572856894845153,0.056185350353693986,49,2
webis-touche2020,rr,10,0.02,uniform,178,764,0.0879658878650353,0.05153317567146905,0.062281081862654075,49,2
webis-touche2020,rr,10,0.02,uniform_nz,178,764,0.07170465665395657,0.05153317567146905,0.062281081862654075,49,2
webis-touche2020,rr,10,0.02,weighted,178,764,0.05153317567146905,0.05153317567146905,0.062281081862654075,49,2
webis-touche2020,rr,10,0.02,active_judge,178,764,0.11579335403257703,0.05153317567146905,0.062281081862654075,49,2
webis-touche2020,rr,10,0.02,strat_pilot,178,764,0.05160574253834811,0.05153317567146905,0.062281081862654075,49,2
webis-touche2020,rr,10,0.02,weighted_cv,178,764,0.04393705585934428,0.05153317567146905,0.062281081862654075,49,2
webis-touche2020,rr,10,0.02,active_cv,178,764,0.08134639446701065,0.05153317567146905,0.062281081862654075,49,2
webis-touche2020,rr,10,0.02,weighted_cvl,178,764,0.03881705450001764,0.05153317567146905,0.062281081862654075,49,2
webis-touche2020,rr,10,0.02,uniform,179,751,0.07243990926915213,0.03982450600221009,0.05871445099610059,49,2
webis-touche2020,rr,10,0.02,uniform_nz,179,751,0.057600025481373066,0.03982450600221009,0.05871445099610059,49,2
webis-touche2020,rr,10,0.02,weighted,179,751,0.03982450600221009,0.03982450600221009,0.05871445099610059,49,2
webis-touche2020,rr,10,0.02,active_judge,179,751,0.10581102765237496,0.03982450600221009,0.05871445099610059,49,2
webis-touche2020,rr,10,0.02,strat_pilot,179,751,0.040694948857657065,0.03982450600221009,0.05871445099610059,49,2
webis-touche2020,rr,10,0.02,weighted_cv,179,751,0.03237705536960843,0.03982450600221009,0.05871445099610059,49,2
webis-touche2020,rr,10,0.02,active_cv,179,751,0.06344493146627848,0.03982450600221009,0.05871445099610059,49,2
webis-touche2020,rr,10,0.02,weighted_cvl,179,751,0.03004217133895041,0.03982450600221009,0.05871445099610059,49,2
webis-touche2020,rr,10,0.02,uniform,180,772,0.08899599424172935,0.04655442495776781,0.045423825503950674,49,2
webis-touche2020,rr,10,0.02,uniform_nz,180,772,0.05690545079132714,0.04655442495776781,0.045423825503950674,49,2
webis-touche2020,rr,10,0.02,weighted,180,772,0.04655442495776781,0.04655442495776781,0.045423825503950674,49,2
webis-touche2020,rr,10,0.02,active_judge,180,772,0.10773264690575571,0.04655442495776781,0.045423825503950674,49,2
webis-touche2020,rr,10,0.02,strat_pilot,180,772,0.04704820027701445,0.04655442495776781,0.045423825503950674,49,2
webis-touche2020,rr,10,0.02,weighted_cv,180,772,0.04038437149094223,0.04655442495776781,0.045423825503950674,49,2
webis-touche2020,rr,10,0.02,active_cv,180,772,0.0776675776332206,0.04655442495776781,0.045423825503950674,49,2
webis-touche2020,rr,10,0.02,weighted_cvl,180,772,0.03609937439418304,0.04655442495776781,0.045423825503950674,49,2
webis-touche2020,rr,10,0.02,uniform,181,757,0.07644162639336063,0.033089167613331326,0.07171284935681219,49,2
webis-touche2020,rr,10,0.02,uniform_nz,181,757,0.050455048985406384,0.033089167613331326,0.07171284935681219,49,2
webis-touche2020,rr,10,0.02,weighted,181,757,0.033089167613331326,0.033089167613331326,0.07171284935681219,49,2
webis-touche2020,rr,10,0.02,active_judge,181,757,0.10247003666150141,0.033089167613331326,0.07171284935681219,49,2
webis-touche2020,rr,10,0.02,strat_pilot,181,757,0.03252913506039223,0.033089167613331326,0.07171284935681219,49,2
webis-touche2020,rr,10,0.02,weighted_cv,181,757,0.028834249758778303,0.033089167613331326,0.07171284935681219,49,2
webis-touche2020,rr,10,0.02,active_cv,181,757,0.06956914193748506,0.033089167613331326,0.07171284935681219,49,2
webis-touche2020,rr,10,0.02,weighted_cvl,181,757,0.025301851142024545,0.033089167613331326,0.07171284935681219,49,2
webis-touche2020,rr,10,0.02,uniform,182,758,0.08205537335811787,0.05261314485420123,0.04446137914821452,49,2
webis-touche2020,rr,10,0.02,uniform_nz,182,758,0.06406637759854612,0.05261314485420123,0.04446137914821452,49,2
webis-touche2020,rr,10,0.02,weighted,182,758,0.05261314485420123,0.05261314485420123,0.04446137914821452,49,2
webis-touche2020,rr,10,0.02,active_judge,182,758,0.11028647590571224,0.05261314485420123,0.04446137914821452,49,2
webis-touche2020,rr,10,0.02,strat_pilot,182,758,0.053350962745243334,0.05261314485420123,0.04446137914821452,49,2
webis-touche2020,rr,10,0.02,weighted_cv,182,758,0.0483917080835658,0.05261314485420123,0.04446137914821452,49,2
webis-touche2020,rr,10,0.02,active_cv,182,758,0.11103298092900753,0.05261314485420123,0.04446137914821452,49,2
webis-touche2020,rr,10,0.02,weighted_cvl,182,758,0.04430045760987547,0.05261314485420123,0.04446137914821452,49,2
webis-touche2020,rr,10,0.02,uniform,183,758,0.16386118419073833,0.0536163494652667,0.06505160369672754,49,2
webis-touche2020,rr,10,0.02,uniform_nz,183,758,0.08626243636934758,0.0536163494652667,0.06505160369672754,49,2
webis-touche2020,rr,10,0.02,weighted,183,758,0.0536163494652667,0.0536163494652667,0.06505160369672754,49,2
webis-touche2020,rr,10,0.02,active_judge,183,758,0.1694414578681021,0.0536163494652667,0.06505160369672754,49,2
webis-touche2020,rr,10,0.02,strat_pilot,183,758,0.05512945791885295,0.0536163494652667,0.06505160369672754,49,2
webis-touche2020,rr,10,0.02,weighted_cv,183,758,0.043146613679806475,0.0536163494652667,0.06505160369672754,49,2
webis-touche2020,rr,10,0.02,active_cv,183,758,0.08539601144993615,0.0536163494652667,0.06505160369672754,49,2
webis-touche2020,rr,10,0.02,weighted_cvl,183,758,0.039114096466854695,0.0536163494652667,0.06505160369672754,49,2
webis-touche2020,rr,10,0.02,uniform,184,756,0.06386648630868057,0.02911202347982379,0.03516127673085204,49,2
webis-touche2020,rr,10,0.02,uniform_nz,184,756,0.03762260366088634,0.02911202347982379,0.03516127673085204,49,2
webis-touche2020,rr,10,0.02,weighted,184,756,0.02911202347982379,0.02911202347982379,0.03516127673085204,49,2
webis-touche2020,rr,10,0.02,active_judge,184,756,0.06415820710923263,0.02911202347982379,0.03516127673085204,49,2
webis-touche2020,rr,10,0.02,strat_pilot,184,756,0.029410986962220154,0.02911202347982379,0.03516127673085204,49,2
webis-touche2020,rr,10,0.02,weighted_cv,184,756,0.025817551451471667,0.02911202347982379,0.03516127673085204,49,2
webis-touche2020,rr,10,0.02,active_cv,184,756,0.05453458464668304,0.02911202347982379,0.03516127673085204,49,2
webis-touche2020,rr,10,0.02,weighted_cvl,184,756,0.02361386931413817,0.02911202347982379,0.03516127673085204,49,2
webis-touche2020,rr,10,0.02,uniform,185,763,0.0794042980390236,0.04035035639596106,0.04005565302990931,49,2
webis-touche2020,rr,10,0.02,uniform_nz,185,763,0.050045195679229534,0.04035035639596106,0.04005565302990931,49,2
webis-touche2020,rr,10,0.02,weighted,185,763,0.04035035639596106,0.04035035639596106,0.04005565302990931,49,2
webis-touche2020,rr,10,0.02,active_judge,185,763,0.09780236606163979,0.04035035639596106,0.04005565302990931,49,2
webis-touche2020,rr,10,0.02,strat_pilot,185,763,0.04072488138418692,0.04035035639596106,0.04005565302990931,49,2
webis-touche2020,rr,10,0.02,weighted_cv,185,763,0.03232134892096539,0.04035035639596106,0.04005565302990931,49,2
webis-touche2020,rr,10,0.02,active_cv,185,763,0.0654771043235012,0.04035035639596106,0.04005565302990931,49,2
webis-touche2020,rr,10,0.02,weighted_cvl,185,763,0.030614414968607173,0.04035035639596106,0.04005565302990931,49,2
webis-touche2020,rr,10,0.02,uniform,186,754,0.16827287780106825,0.05314553005729876,0.07285557122777812,49,2
webis-touche2020,rr,10,0.02,uniform_nz,186,754,0.08701712959233524,0.05314553005729876,0.07285557122777812,49,2
webis-touche2020,rr,10,0.02,weighted,186,754,0.05314553005729876,0.05314553005729876,0.07285557122777812,49,2
webis-touche2020,rr,10,0.02,active_judge,186,754,0.16338986605238667,0.05314553005729876,0.07285557122777812,49,2
webis-touche2020,rr,10,0.02,strat_pilot,186,754,0.05386134038303335,0.05314553005729876,0.07285557122777812,49,2
webis-touche2020,rr,10,0.02,weighted_cv,186,754,0.040842030922885464,0.05314553005729876,0.07285557122777812,49,2
webis-touche2020,rr,10,0.02,active_cv,186,754,0.07613107086304914,0.05314553005729876,0.07285557122777812,49,2
webis-touche2020,rr,10,0.02,weighted_cvl,186,754,0.035550807873845396,0.05314553005729876,0.07285557122777812,49,2
webis-touche2020,rr,10,0.02,uniform,187,768,0.06583630864545473,0.03716935324379369,0.023754881169741858,49,0
webis-touche2020,rr,10,0.02,uniform_nz,187,768,0.04725558752720395,0.03716935324379369,0.023754881169741858,49,0
webis-touche2020,rr,10,0.02,weighted,187,768,0.03716935324379369,0.03716935324379369,0.023754881169741858,49,0
webis-touche2020,rr,10,0.02,active_judge,187,768,0.09267555149970957,0.03716935324379369,0.023754881169741858,49,0
webis-touche2020,rr,10,0.02,strat_pilot,187,768,0.03627992655565045,0.03716935324379369,0.023754881169741858,49,0
webis-touche2020,rr,10,0.02,weighted_cv,187,768,0.034023712194423086,0.03716935324379369,0.023754881169741858,49,0
webis-touche2020,rr,10,0.02,active_cv,187,768,0.07455911596115669,0.03716935324379369,0.023754881169741858,49,0
webis-touche2020,rr,10,0.02,weighted_cvl,187,768,0.03113169599991091,0.03716935324379369,0.023754881169741858,49,0
webis-touche2020,rr,10,0.02,uniform,188,737,0.14948831997923004,0.05000882946178968,0.06995009365133205,49,2
webis-touche2020,rr,10,0.02,uniform_nz,188,737,0.07328824249412945,0.05000882946178968,0.06995009365133205,49,2
webis-touche2020,rr,10,0.02,weighted,188,737,0.05000882946178968,0.05000882946178968,0.06995009365133205,49,2
webis-touche2020,rr,10,0.02,active_judge,188,737,0.15113114999511137,0.05000882946178968,0.06995009365133205,49,2
webis-touche2020,rr,10,0.02,strat_pilot,188,737,0.05118353782127858,0.05000882946178968,0.06995009365133205,49,2
webis-touche2020,rr,10,0.02,weighted_cv,188,737,0.036138746002212466,0.05000882946178968,0.06995009365133205,49,2
webis-touche2020,rr,10,0.02,active_cv,188,737,0.06113998271649834,0.05000882946178968,0.06995009365133205,49,2
webis-touche2020,rr,10,0.02,weighted_cvl,188,737,0.03329680430665376,0.05000882946178968,0.06995009365133205,49,2
webis-touche2020,rr,10,0.02,uniform,189,775,0.1595505067150655,0.05142481900426125,0.08228549571082212,49,2
webis-touche2020,rr,10,0.02,uniform_nz,189,775,0.07495059892472453,0.05142481900426125,0.08228549571082212,49,2
webis-touche2020,rr,10,0.02,weighted,189,775,0.05142481900426125,0.05142481900426125,0.08228549571082212,49,2
webis-touche2020,rr,10,0.02,active_judge,189,775,0.13815043261951415,0.05142481900426125,0.08228549571082212,49,2
webis-touche2020,rr,10,0.02,strat_pilot,189,775,0.052543582806916046,0.05142481900426125,0.08228549571082212,49,2
webis-touche2020,rr,10,0.02,weighted_cv,189,775,0.03999207408825051,0.05142481900426125,0.08228549571082212,49,2
webis-touche2020,rr,10,0.02,active_cv,189,775,0.07663973002487214,0.05142481900426125,0.08228549571082212,49,2
webis-touche2020,rr,10,0.02,weighted_cvl,189,775,0.03654392973569502,0.05142481900426125,0.08228549571082212,49,2
webis-touche2020,rr,10,0.02,uniform,190,745,0.13772906031908455,0.04124896753239663,0.023175314107976647,49,0
webis-touche2020,rr,10,0.02,uniform_nz,190,745,0.05560063861481699,0.04124896753239663,0.023175314107976647,49,0
webis-touche2020,rr,10,0.02,weighted,190,745,0.04124896753239663,0.04124896753239663,0.023175314107976647,49,0
webis-touche2020,rr,10,0.02,active_judge,190,745,0.10397013804266901,0.04124896753239663,0.023175314107976647,49,0
webis-touche2020,rr,10,0.02,strat_pilot,190,745,0.0417657215213797,0.04124896753239663,0.023175314107976647,49,0
webis-touche2020,rr,10,0.02,weighted_cv,190,745,0.03208130343731341,0.04124896753239663,0.023175314107976647,49,0
webis-touche2020,rr,10,0.02,active_cv,190,745,0.05743279073741092,0.04124896753239663,0.023175314107976647,49,0
webis-touche2020,rr,10,0.02,weighted_cvl,190,745,0.031486928163530235,0.04124896753239663,0.023175314107976647,49,0
webis-touche2020,rr,10,0.02,uniform,191,767,0.06480636322300412,0.03693969581484977,0.021629845300897933,49,0
webis-touche2020,rr,10,0.02,uniform_nz,191,767,0.04914232083875079,0.03693969581484977,0.021629845300897933,49,0
webis-touche2020,rr,10,0.02,weighted,191,767,0.03693969581484977,0.03693969581484977,0.021629845300897933,49,0
webis-touche2020,rr,10,0.02,active_judge,191,767,0.0881599154505535,0.03693969581484977,0.021629845300897933,49,0
webis-touche2020,rr,10,0.02,strat_pilot,191,767,0.037117717908355816,0.03693969581484977,0.021629845300897933,49,0
webis-touche2020,rr,10,0.02,weighted_cv,191,767,0.0291722181814549,0.03693969581484977,0.021629845300897933,49,0
webis-touche2020,rr,10,0.02,active_cv,191,767,0.04999856638304552,0.03693969581484977,0.021629845300897933,49,0
webis-touche2020,rr,10,0.02,weighted_cvl,191,767,0.02672496557940785,0.03693969581484977,0.021629845300897933,49,0
webis-touche2020,rr,10,0.02,uniform,192,769,0.08058355170643104,0.04896456487833637,0.08005613999452336,49,2
webis-touche2020,rr,10,0.02,uniform_nz,192,769,0.05788532784850042,0.04896456487833637,0.08005613999452336,49,2
webis-touche2020,rr,10,0.02,weighted,192,769,0.04896456487833637,0.04896456487833637,0.08005613999452336,49,2
webis-touche2020,rr,10,0.02,active_judge,192,769,0.11065642006523621,0.04896456487833637,0.08005613999452336,49,2
webis-touche2020,rr,10,0.02,strat_pilot,192,769,0.04963435150727343,0.04896456487833637,0.08005613999452336,49,2
webis-touche2020,rr,10,0.02,weighted_cv,192,769,0.045185119693571446,0.04896456487833637,0.08005613999452336,49,2
webis-touche2020,rr,10,0.02,active_cv,192,769,0.09724970520462078,0.04896456487833637,0.08005613999452336,49,2
webis-touche2020,rr,10,0.02,weighted_cvl,192,769,0.04207334502268546,0.04896456487833637,0.08005613999452336,49,2
webis-touche2020,rr,10,0.02,uniform,193,768,0.14794226746942385,0.050153474816170704,0.061346556326146454,49,2
webis-touche2020,rr,10,0.02,uniform_nz,193,768,0.07346005683344137,0.050153474816170704,0.061346556326146454,49,2
webis-touche2020,rr,10,0.02,weighted,193,768,0.050153474816170704,0.050153474816170704,0.061346556326146454,49,2
webis-touche2020,rr,10,0.02,active_judge,193,768,0.14154751827170436,0.050153474816170704,0.061346556326146454,49,2
webis-touche2020,rr,10,0.02,strat_pilot,193,768,0.051061257928360484,0.050153474816170704,0.061346556326146454,49,2
webis-touche2020,rr,10,0.02,weighted_cv,193,768,0.03942277814687441,0.050153474816170704,0.061346556326146454,49,2
webis-touche2020,rr,10,0.02,active_cv,193,768,0.07828934557107299,0.050153474816170704,0.061346556326146454,49,2
webis-touche2020,rr,10,0.02,weighted_cvl,193,768,0.03781382612226338,0.050153474816170704,0.061346556326146454,49,2
webis-touche2020,rr,10,0.02,uniform,194,761,0.14966713432806253,0.04645766191797525,0.07034946447601248,49,2
webis-touche2020,rr,10,0.02,uniform_nz,194,761,0.07926307178226952,0.04645766191797525,0.07034946447601248,49,2
webis-touche2020,rr,10,0.02,weighted,194,761,0.04645766191797525,0.04645766191797525,0.07034946447601248,49,2
webis-touche2020,rr,10,0.02,active_judge,194,761,0.13871476249256318,0.04645766191797525,0.07034946447601248,49,2
webis-touche2020,rr,10,0.02,strat_pilot,194,761,0.04715925264904692,0.04645766191797525,0.07034946447601248,49,2
webis-touche2020,rr,10,0.02,weighted_cv,194,761,0.03419468660538941,0.04645766191797525,0.07034946447601248,49,2
webis-touche2020,rr,10,0.02,active_cv,194,761,0.06362911562525284,0.04645766191797525,0.07034946447601248,49,2
webis-touche2020,rr,10,0.02,weighted_cvl,194,761,0.03234274660639849,0.04645766191797525,0.07034946447601248,49,2
webis-touche2020,rr,10,0.02,uniform,195,742,0.0902805560360846,0.05822674948945872,0.05703195326793724,49,2
webis-touche2020,rr,10,0.02,uniform_nz,195,742,0.06678010089471993,0.05822674948945872,0.05703195326793724,49,2
webis-touche2020,rr,10,0.02,weighted,195,742,0.05822674948945872,0.05822674948945872,0.05703195326793724,49,2
webis-touche2020,rr,10,0.02,active_judge,195,742,0.13821988302608532,0.05822674948945872,0.05703195326793724,49,2
webis-touche2020,rr,10,0.02,strat_pilot,195,742,0.05867313663382094,0.05822674948945872,0.05703195326793724,49,2
webis-touche2020,rr,10,0.02,weighted_cv,195,742,0.053269870272149446,0.05822674948945872,0.05703195326793724,49,2
webis-touche2020,rr,10,0.02,active_cv,195,742,0.12364200795069662,0.05822674948945872,0.05703195326793724,49,2
webis-touche2020,rr,10,0.02,weighted_cvl,195,742,0.048713514613646175,0.05822674948945872,0.05703195326793724,49,2
webis-touche2020,rr,10,0.02,uniform,196,764,0.09247253461151603,0.061083972614806026,0.057509007102189216,49,2
webis-touche2020,rr,10,0.02,uniform_nz,196,764,0.07591977845942648,0.061083972614806026,0.057509007102189216,49,2
webis-touche2020,rr,10,0.02,weighted,196,764,0.061083972614806026,0.061083972614806026,0.057509007102189216,49,2
webis-touche2020,rr,10,0.02,active_judge,196,764,0.1306882782125029,0.061083972614806026,0.057509007102189216,49,2
webis-touche2020,rr,10,0.02,strat_pilot,196,764,0.06210252855560029,0.061083972614806026,0.057509007102189216,49,2
webis-touche2020,rr,10,0.02,weighted_cv,196,764,0.055063208193964,0.061083972614806026,0.057509007102189216,49,2
webis-touche2020,rr,10,0.02,active_cv,196,764,0.12103221381483009,0.061083972614806026,0.057509007102189216,49,2
webis-touche2020,rr,10,0.02,weighted_cvl,196,764,0.0519191742621435,0.061083972614806026,0.057509007102189216,49,2
webis-touche2020,rr,10,0.02,uniform,197,766,0.0628100709498389,0.043732252519387185,0.034711341576666645,49,2
webis-touche2020,rr,10,0.02,uniform_nz,197,766,0.0526106120549331,0.043732252519387185,0.034711341576666645,49,2
webis-touche2020,rr,10,0.02,weighted,197,766,0.043732252519387185,0.043732252519387185,0.034711341576666645,49,2
webis-touche2020,rr,10,0.02,active_judge,197,766,0.0955691702861734,0.043732252519387185,0.034711341576666645,49,2
webis-touche2020,rr,10,0.02,strat_pilot,197,766,0.044148225855815126,0.043732252519387185,0.034711341576666645,49,2
webis-touche2020,rr,10,0.02,weighted_cv,197,766,0.03882394443908367,0.043732252519387185,0.034711341576666645,49,2
webis-touche2020,rr,10,0.02,active_cv,197,766,0.07904216019520136,0.043732252519387185,0.034711341576666645,49,2
webis-touche2020,rr,10,0.02,weighted_cvl,197,766,0.035195350725082133,0.043732252519387185,0.034711341576666645,49,2
webis-touche2020,rr,10,0.02,uniform,198,759,0.07417895178476339,0.05207823729859443,0.056556815319283346,49,2
webis-touche2020,rr,10,0.02,uniform_nz,198,759,0.059912934619263544,0.05207823729859443,0.056556815319283346,49,2
webis-touche2020,rr,10,0.02,weighted,198,759,0.05207823729859443,0.05207823729859443,0.056556815319283346,49,2
webis-touche2020,rr,10,0.02,active_judge,198,759,0.11209530863549189,0.05207823729859443,0.056556815319283346,49,2
webis-touche2020,rr,10,0.02,strat_pilot,198,759,0.05279243031342725,0.05207823729859443,0.056556815319283346,49,2
webis-touche2020,rr,10,0.02,weighted_cv,198,759,0.0462185699428178,0.05207823729859443,0.056556815319283346,49,2
webis-touche2020,rr,10,0.02,active_cv,198,759,0.10124815036401454,0.05207823729859443,0.056556815319283346,49,2
webis-touche2020,rr,10,0.02,weighted_cvl,198,759,0.04135496650442657,0.05207823729859443,0.056556815319283346,49,2
webis-touche2020,rr,10,0.02,uniform,199,756,0.08334220101399976,0.04845854610699379,0.06365943711144947,49,2
webis-touche2020,rr,10,0.02,uniform_nz,199,756,0.05678174072443174,0.04845854610699379,0.06365943711144947,49,2
webis-touche2020,rr,10,0.02,weighted,199,756,0.04845854610699379,0.04845854610699379,0.06365943711144947,49,2
webis-touche2020,rr,10,0.02,active_judge,199,756,0.10072320715430547,0.04845854610699379,0.06365943711144947,49,2
webis-touche2020,rr,10,0.02,strat_pilot,199,756,0.04895542850651101,0.04845854610699379,0.06365943711144947,49,2
webis-touche2020,rr,10,0.02,weighted_cv,199,756,0.043141579844677536,0.04845854610699379,0.06365943711144947,49,2
webis-touche2020,rr,10,0.02,active_cv,199,756,0.08682456804061511,0.04845854610699379,0.06365943711144947,49,2
webis-touche2020,rr,10,0.02,weighted_cvl,199,756,0.038782714231407625,0.04845854610699379,0.06365943711144947,49,2
webis-touche2020,rr,10,0.02,uniform,200,751,0.13969413196029734,0.04441752066223293,0.08051887229993301,49,2
webis-touche2020,rr,10,0.02,uniform_nz,200,751,0.06725404392525199,0.04441752066223293,0.08051887229993301,49,2
webis-touche2020,rr,10,0.02,weighted,200,751,0.04441752066223293,0.04441752066223293,0.08051887229993301,49,2
webis-touche2020,rr,10,0.02,active_judge,200,751,0.12985967838997653,0.04441752066223293,0.08051887229993301,49,2
webis-touche2020,rr,10,0.02,strat_pilot,200,751,0.04524266511886947,0.04441752066223293,0.08051887229993301,49,2
webis-touche2020,rr,10,0.02,weighted_cv,200,751,0.03152173617243716,0.04441752066223293,0.08051887229993301,49,2
webis-touche2020,rr,10,0.02,active_cv,200,751,0.04920372731530402,0.04441752066223293,0.08051887229993301,49,2
webis-touche2020,rr,10,0.02,weighted_cvl,200,751,0.030205845743244447,0.04441752066223293,0.08051887229993301,49,2
webis-touche2020,rr,10,0.02,uniform,201,755,0.14642331861818275,0.04992031429589579,0.0557050684853552,49,2
webis-touche2020,rr,10,0.02,uniform_nz,201,755,0.07807255121193586,0.04992031429589579,0.0557050684853552,49,2
webis-touche2020,rr,10,0.02,weighted,201,755,0.04992031429589579,0.04992031429589579,0.0557050684853552,49,2
webis-touche2020,rr,10,0.02,active_judge,201,755,0.12534261054160395,0.04992031429589579,0.0557050684853552,49,2
webis-touche2020,rr,10,0.02,strat_pilot,201,755,0.05034706470489083,0.04992031429589579,0.0557050684853552,49,2
webis-touche2020,rr,10,0.02,weighted_cv,201,755,0.040316256457396636,0.04992031429589579,0.0557050684853552,49,2
webis-touche2020,rr,10,0.02,active_cv,201,755,0.08612027374887325,0.04992031429589579,0.0557050684853552,49,2
webis-touche2020,rr,10,0.02,weighted_cvl,201,755,0.036788127693664074,0.04992031429589579,0.0557050684853552,49,2
webis-touche2020,rr,10,0.02,uniform,202,742,0.07213420630921231,0.036212206043107195,0.06502120047708282,49,2
webis-touche2020,rr,10,0.02,uniform_nz,202,742,0.05301933995044785,0.036212206043107195,0.06502120047708282,49,2
webis-touche2020,rr,10,0.02,weighted,202,742,0.036212206043107195,0.036212206043107195,0.06502120047708282,49,2
webis-touche2020,rr,10,0.02,active_judge,202,742,0.10325605947368532,0.036212206043107195,0.06502120047708282,49,2
webis-touche2020,rr,10,0.02,strat_pilot,202,742,0.037251891823138227,0.036212206043107195,0.06502120047708282,49,2
webis-touche2020,rr,10,0.02,weighted_cv,202,742,0.0300327662300586,0.036212206043107195,0.06502120047708282,49,2
webis-touche2020,rr,10,0.02,active_cv,202,742,0.05716039516178274,0.036212206043107195,0.06502120047708282,49,2
webis-touche2020,rr,10,0.02,weighted_cvl,202,742,0.026641364090229342,0.036212206043107195,0.06502120047708282,49,2
webis-touche2020,rr,10,0.02,uniform,203,750,0.10271598050350321,0.05640012690962398,0.07374934552604831,49,2
webis-touche2020,rr,10,0.02,uniform_nz,203,750,0.07493878919282254,0.05640012690962398,0.07374934552604831,49,2
webis-touche2020,rr,10,0.02,weighted,203,750,0.05640012690962398,0.05640012690962398,0.07374934552604831,49,2
webis-touche2020,rr,10,0.02,active_judge,203,750,0.16715286577498759,0.05640012690962398,0.07374934552604831,49,2
webis-touche2020,rr,10,0.02,strat_pilot,203,750,0.05724498953861643,0.05640012690962398,0.07374934552604831,49,2
webis-touche2020,rr,10,0.02,weighted_cv,203,750,0.04826918090630248,0.05640012690962398,0.07374934552604831,49,2
webis-touche2020,rr,10,0.02,active_cv,203,750,0.10667270255205541,0.05640012690962398,0.07374934552604831,49,2
webis-touche2020,rr,10,0.02,weighted_cvl,203,750,0.04226310031570367,0.05640012690962398,0.07374934552604831,49,2
webis-touche2020,rr,10,0.02,uniform,204,758,0.1480071905311437,0.04492223574830453,0.06180893164146295,49,2
webis-touche2020,rr,10,0.02,uniform_nz,204,758,0.06876797769987172,0.04492223574830453,0.06180893164146295,49,2
webis-touche2020,rr,10,0.02,weighted,204,758,0.04492223574830453,0.04492223574830453,0.06180893164146295,49,2
webis-touche2020,rr,10,0.02,active_judge,204,758,0.13279369771625937,0.04492223574830453,0.06180893164146295,49,2
webis-touche2020,rr,10,0.02,strat_pilot,204,758,0.04576494575559591,0.04492223574830453,0.06180893164146295,49,2
webis-touche2020,rr,10,0.02,weighted_cv,204,758,0.03521927982430055,0.04492223574830453,0.06180893164146295,49,2
webis-touche2020,rr,10,0.02,active_cv,204,758,0.07495922660134817,0.04492223574830453,0.06180893164146295,49,2
webis-touche2020,rr,10,0.02,weighted_cvl,204,758,0.03382912569522193,0.04492223574830453,0.06180893164146295,49,2
webis-touche2020,rr,10,0.02,uniform,205,760,0.1005992142895625,0.052878214023076464,0.05689251265752139,49,2
webis-touche2020,rr,10,0.02,uniform_nz,205,760,0.07509274759769159,0.052878214023076464,0.05689251265752139,49,2
webis-touche2020,rr,10,0.02,weighted,205,760,0.052878214023076464,0.052878214023076464,0.05689251265752139,49,2
webis-touche2020,rr,10,0.02,active_judge,205,760,0.142591350847816,0.052878214023076464,0.05689251265752139,49,2
webis-touche2020,rr,10,0.02,strat_pilot,205,760,0.0528441338296581,0.052878214023076464,0.05689251265752139,49,2
webis-touche2020,rr,10,0.02,weighted_cv,205,760,0.04828631931087877,0.052878214023076464,0.05689251265752139,49,2
webis-touche2020,rr,10,0.02,active_cv,205,760,0.1080691805509522,0.052878214023076464,0.05689251265752139,49,2
webis-touche2020,rr,10,0.02,weighted_cvl,205,760,0.041161532677374386,0.052878214023076464,0.05689251265752139,49,2
webis-touche2020,rr,10,0.02,uniform,206,763,0.09516634612978216,0.05523870170532057,0.045733878264838004,49,2
webis-touche2020,rr,10,0.02,uniform_nz,206,763,0.07512886039651737,0.05523870170532057,0.045733878264838004,49,2
webis-touche2020,rr,10,0.02,weighted,206,763,0.05523870170532057,0.05523870170532057,0.045733878264838004,49,2
webis-touche2020,rr,10,0.02,active_judge,206,763,0.15012615061086215,0.05523870170532057,0.045733878264838004,49,2
webis-touche2020,rr,10,0.02,strat_pilot,206,763,0.05563666024589446,0.05523870170532057,0.045733878264838004,49,2
webis-touche2020,rr,10,0.02,weighted_cv,206,763,0.04749559517989351,0.05523870170532057,0.045733878264838004,49,2
webis-touche2020,rr,10,0.02,active_cv,206,763,0.10944656912990247,0.05523870170532057,0.045733878264838004,49,2
webis-touche2020,rr,10,0.02,weighted_cvl,206,763,0.04266162939286281,0.05523870170532057,0.045733878264838004,49,2
webis-touche2020,rr,10,0.02,uniform,207,751,0.05903690803944626,0.03333799956839821,0.06730364683065249,49,2
webis-touche2020,rr,10,0.02,uniform_nz,207,751,0.04077200682960585,0.03333799956839821,0.06730364683065249,49,2
webis-touche2020,rr,10,0.02,weighted,207,751,0.03333799956839821,0.03333799956839821,0.06730364683065249,49,2
webis-touche2020,rr,10,0.02,active_judge,207,751,0.08185199722800046,0.03333799956839821,0.06730364683065249,49,2
webis-touche2020,rr,10,0.02,strat_pilot,207,751,0.033996470221287836,0.03333799956839821,0.06730364683065249,49,2
webis-touche2020,rr,10,0.02,weighted_cv,207,751,0.029104451558765627,0.03333799956839821,0.06730364683065249,49,2
webis-touche2020,rr,10,0.02,active_cv,207,751,0.05370954914696892,0.03333799956839821,0.06730364683065249,49,2
webis-touche2020,rr,10,0.02,weighted_cvl,207,751,0.02564356532054716,0.03333799956839821,0.06730364683065249,49,2
webis-touche2020,rr,10,0.02,uniform,208,772,0.08996812063781504,0.04882993785250667,0.06808888279476513,49,2
webis-touche2020,rr,10,0.02,uniform_nz,208,772,0.06689190783087835,0.04882993785250667,0.06808888279476513,49,2
webis-touche2020,rr,10,0.02,weighted,208,772,0.04882993785250667,0.04882993785250667,0.06808888279476513,49,2
webis-touche2020,rr,10,0.02,active_judge,208,772,0.12291218312219918,0.04882993785250667,0.06808888279476513,49,2
webis-touche2020,rr,10,0.02,strat_pilot,208,772,0.04909814705517208,0.04882993785250667,0.06808888279476513,49,2
webis-touche2020,rr,10,0.02,weighted_cv,208,772,0.04238934509531202,0.04882993785250667,0.06808888279476513,49,2
webis-touche2020,rr,10,0.02,active_cv,208,772,0.08160572877704976,0.04882993785250667,0.06808888279476513,49,2
webis-touche2020,rr,10,0.02,weighted_cvl,208,772,0.03965305921516797,0.04882993785250667,0.06808888279476513,49,2
webis-touche2020,rr,10,0.02,uniform,209,736,0.09810077337452752,0.05873963151155912,0.07147782344523156,49,2
webis-touche2020,rr,10,0.02,uniform_nz,209,736,0.07294091021971025,0.05873963151155912,0.07147782344523156,49,2
webis-touche2020,rr,10,0.02,weighted,209,736,0.05873963151155912,0.05873963151155912,0.07147782344523156,49,2
webis-touche2020,rr,10,0.02,active_judge,209,736,0.14072530760539187,0.05873963151155912,0.07147782344523156,49,2
webis-touche2020,rr,10,0.02,strat_pilot,209,736,0.05929921575872832,0.05873963151155912,0.07147782344523156,49,2
webis-touche2020,rr,10,0.02,weighted_cv,209,736,0.05211325239145381,0.05873963151155912,0.07147782344523156,49,2
webis-touche2020,rr,10,0.02,active_cv,209,736,0.12790486690835817,0.05873963151155912,0.07147782344523156,49,2
webis-touche2020,rr,10,0.02,weighted_cvl,209,736,0.04764079095812761,0.05873963151155912,0.07147782344523156,49,2
webis-touche2020,rr,10,0.02,uniform,210,781,0.167956359724426,0.0636020404159195,0.06784486328371778,49,2
webis-touche2020,rr,10,0.02,uniform_nz,210,781,0.08950104505737497,0.0636020404159195,0.06784486328371778,49,2
webis-touche2020,rr,10,0.02,weighted,210,781,0.0636020404159195,0.0636020404159195,0.06784486328371778,49,2
webis-touche2020,rr,10,0.02,active_judge,210,781,0.16031028923765206,0.0636020404159195,0.06784486328371778,49,2
webis-touche2020,rr,10,0.02,strat_pilot,210,781,0.06451296508662291,0.0636020404159195,0.06784486328371778,49,2
webis-touche2020,rr,10,0.02,weighted_cv,210,781,0.051194664869857374,0.0636020404159195,0.06784486328371778,49,2
webis-touche2020,rr,10,0.02,active_cv,210,781,0.0967656475663985,0.0636020404159195,0.06784486328371778,49,2
webis-touche2020,rr,10,0.02,weighted_cvl,210,781,0.04872399899902956,0.0636020404159195,0.06784486328371778,49,2
webis-touche2020,rr,10,0.02,uniform,211,763,0.07448173940000129,0.039810420125577214,0.023646202266945304,49,0
webis-touche2020,rr,10,0.02,uniform_nz,211,763,0.0558708968661805,0.039810420125577214,0.023646202266945304,49,0
webis-touche2020,rr,10,0.02,weighted,211,763,0.039810420125577214,0.039810420125577214,0.023646202266945304,49,0
webis-touche2020,rr,10,0.02,active_judge,211,763,0.10695786111054843,0.039810420125577214,0.023646202266945304,49,0
webis-touche2020,rr,10,0.02,strat_pilot,211,763,0.03999797147325228,0.039810420125577214,0.023646202266945304,49,0
webis-touche2020,rr,10,0.02,weighted_cv,211,763,0.03592664472430261,0.039810420125577214,0.023646202266945304,49,0
webis-touche2020,rr,10,0.02,active_cv,211,763,0.08625169155368106,0.039810420125577214,0.023646202266945304,49,0
webis-touche2020,rr,10,0.02,weighted_cvl,211,763,0.03366720401970991,0.039810420125577214,0.023646202266945304,49,0
webis-touche2020,rr,10,0.02,uniform,212,747,0.1536023706278838,0.059203712623448146,0.07122263152672696,49,2
webis-touche2020,rr,10,0.02,uniform_nz,212,747,0.08263082508933883,0.059203712623448146,0.07122263152672696,49,2
webis-touche2020,rr,10,0.02,weighted,212,747,0.059203712623448146,0.059203712623448146,0.07122263152672696,49,2
webis-touche2020,rr,10,0.02,active_judge,212,747,0.15421975490626413,0.059203712623448146,0.07122263152672696,49,2
webis-touche2020,rr,10,0.02,strat_pilot,212,747,0.060040496838385485,0.059203712623448146,0.07122263152672696,49,2
webis-touche2020,rr,10,0.02,weighted_cv,212,747,0.04877849112407094,0.059203712623448146,0.07122263152672696,49,2
webis-touche2020,rr,10,0.02,active_cv,212,747,0.09663357835689727,0.059203712623448146,0.07122263152672696,49,2
webis-touche2020,rr,10,0.02,weighted_cvl,212,747,0.04301740081802937,0.059203712623448146,0.07122263152672696,49,2
webis-touche2020,rr,10,0.02,uniform,213,757,0.14767397920858225,0.04116319554662401,0.04041800859099621,49,2
webis-touche2020,rr,10,0.02,uniform_nz,213,757,0.0664749052570627,0.04116319554662401,0.04041800859099621,49,2
webis-touche2020,rr,10,0.02,weighted,213,757,0.04116319554662401,0.04116319554662401,0.04041800859099621,49,2
webis-touche2020,rr,10,0.02,active_judge,213,757,0.12029420586575461,0.04116319554662401,0.04041800859099621,49,2
webis-touche2020,rr,10,0.02,strat_pilot,213,757,0.04204435809227855,0.04116319554662401,0.04041800859099621,49,2
webis-touche2020,rr,10,0.02,weighted_cv,213,757,0.02966096600573624,0.04116319554662401,0.04041800859099621,49,2
webis-touche2020,rr,10,0.02,active_cv,213,757,0.055207408840565964,0.04116319554662401,0.04041800859099621,49,2
webis-touche2020,rr,10,0.02,weighted_cvl,213,757,0.02787695010372578,0.04116319554662401,0.04041800859099621,49,2
webis-touche2020,rr,10,0.02,uniform,214,763,0.08105209586822455,0.049172900688426446,0.051237537950874185,49,2
webis-touche2020,rr,10,0.02,uniform_nz,214,763,0.06891897160876834,0.049172900688426446,0.051237537950874185,49,2
webis-touche2020,rr,10,0.02,weighted,214,763,0.049172900688426446,0.049172900688426446,0.051237537950874185,49,2
webis-touche2020,rr,10,0.02,active_judge,214,763,0.12360647845113508,0.049172900688426446,0.051237537950874185,49,2
webis-touche2020,rr,10,0.02,strat_pilot,214,763,0.050171155188346826,0.049172900688426446,0.051237537950874185,49,2
webis-touche2020,rr,10,0.02,weighted_cv,214,763,0.041339450991965225,0.049172900688426446,0.051237537950874185,49,2
webis-touche2020,rr,10,0.02,active_cv,214,763,0.08670923501585498,0.049172900688426446,0.051237537950874185,49,2
webis-touche2020,rr,10,0.02,weighted_cvl,214,763,0.036207255712105445,0.049172900688426446,0.051237537950874185,49,2
webis-touche2020,rr,10,0.02,uniform,215,769,0.07566106297469141,0.048518844015321264,0.04806948488911067,49,2
webis-touche2020,rr,10,0.02,uniform_nz,215,769,0.06320315845019583,0.048518844015321264,0.04806948488911067,49,2
webis-touche2020,rr,10,0.02,weighted,215,769,0.048518844015321264,0.048518844015321264,0.04806948488911067,49,2
webis-touche2020,rr,10,0.02,active_judge,215,769,0.10094274813546689,0.048518844015321264,0.04806948488911067,49,2
webis-touche2020,rr,10,0.02,strat_pilot,215,769,0.04884410104564454,0.048518844015321264,0.04806948488911067,49,2
webis-touche2020,rr,10,0.02,weighted_cv,215,769,0.04348685206397493,0.048518844015321264,0.04806948488911067,49,2
webis-touche2020,rr,10,0.02,active_cv,215,769,0.1117414647272632,0.048518844015321264,0.04806948488911067,49,2
webis-touche2020,rr,10,0.02,weighted_cvl,215,769,0.04027434353246213,0.048518844015321264,0.04806948488911067,49,2
webis-touche2020,rr,10,0.02,uniform,216,757,0.07349055417336604,0.04053039766068922,0.06850833428697206,49,2
webis-touche2020,rr,10,0.02,uniform_nz,216,757,0.05831419177044117,0.04053039766068922,0.06850833428697206,49,2
webis-touche2020,rr,10,0.02,weighted,216,757,0.04053039766068922,0.04053039766068922,0.06850833428697206,49,2
webis-touche2020,rr,10,0.02,active_judge,216,757,0.10964203511284636,0.04053039766068922,0.06850833428697206,49,2
webis-touche2020,rr,10,0.02,strat_pilot,216,757,0.04069783071717794,0.04053039766068922,0.06850833428697206,49,2
webis-touche2020,rr,10,0.02,weighted_cv,216,757,0.034189040501805976,0.04053039766068922,0.06850833428697206,49,2
webis-touche2020,rr,10,0.02,active_cv,216,757,0.06701968622842297,0.04053039766068922,0.06850833428697206,49,2
webis-touche2020,rr,10,0.02,weighted_cvl,216,757,0.030480501253295912,0.04053039766068922,0.06850833428697206,49,2
webis-touche2020,rr,10,0.02,uniform,217,748,0.16724607830768862,0.04843520110988474,0.054415264044521,49,2
webis-touche2020,rr,10,0.02,uniform_nz,217,748,0.08372210208252208,0.04843520110988474,0.054415264044521,49,2
webis-touche2020,rr,10,0.02,weighted,217,748,0.04843520110988474,0.04843520110988474,0.054415264044521,49,2
webis-touche2020,rr,10,0.02,active_judge,217,748,0.16210086411131938,0.04843520110988474,0.054415264044521,49,2
webis-touche2020,rr,10,0.02,strat_pilot,217,748,0.049378298077854585,0.04843520110988474,0.054415264044521,49,2
webis-touche2020,rr,10,0.02,weighted_cv,217,748,0.03604682463735662,0.04843520110988474,0.054415264044521,49,2
webis-touche2020,rr,10,0.02,active_cv,217,748,0.06138815896123915,0.04843520110988474,0.054415264044521,49,2
webis-touche2020,rr,10,0.02,weighted_cvl,217,748,0.03228657703157806,0.04843520110988474,0.054415264044521,49,2
webis-touche2020,rr,10,0.02,uniform,218,746,0.07167395957011087,0.038927283203391165,0.07229469864077483,49,2
webis-touche2020,rr,10,0.02,uniform_nz,218,746,0.0472282642176962,0.038927283203391165,0.07229469864077483,49,2
webis-touche2020,rr,10,0.02,weighted,218,746,0.038927283203391165,0.038927283203391165,0.07229469864077483,49,2
webis-touche2020,rr,10,0.02,active_judge,218,746,0.09972685748639024,0.038927283203391165,0.07229469864077483,49,2
webis-touche2020,rr,10,0.02,strat_pilot,218,746,0.039648519943555616,0.038927283203391165,0.07229469864077483,49,2
webis-touche2020,rr,10,0.02,weighted_cv,218,746,0.033682489531831936,0.038927283203391165,0.07229469864077483,49,2
webis-touche2020,rr,10,0.02,active_cv,218,746,0.06369156810670465,0.038927283203391165,0.07229469864077483,49,2
webis-touche2020,rr,10,0.02,weighted_cvl,218,746,0.02977856711994034,0.038927283203391165,0.07229469864077483,49,2
webis-touche2020,rr,10,0.02,uniform,219,747,0.17242598546652363,0.06092527469264768,0.07769987111010465,49,2
webis-touche2020,rr,10,0.02,uniform_nz,219,747,0.09586190753386514,0.06092527469264768,0.07769987111010465,49,2
webis-touche2020,rr,10,0.02,weighted,219,747,0.06092527469264768,0.06092527469264768,0.07769987111010465,49,2
webis-touche2020,rr,10,0.02,active_judge,219,747,0.1768227136008047,0.06092527469264768,0.07769987111010465,49,2
webis-touche2020,rr,10,0.02,strat_pilot,219,747,0.06194658247496543,0.06092527469264768,0.07769987111010465,49,2
webis-touche2020,rr,10,0.02,weighted_cv,219,747,0.04836514335469001,0.06092527469264768,0.07769987111010465,49,2
webis-touche2020,rr,10,0.02,active_cv,219,747,0.09147252379405392,0.06092527469264768,0.07769987111010465,49,2
webis-touche2020,rr,10,0.02,weighted_cvl,219,747,0.04439119539414038,0.06092527469264768,0.07769987111010465,49,2
webis-touche2020,rr,10,0.02,uniform,220,763,0.08126213286720603,0.04359446390151746,0.03039995172812509,49,2
webis-touche2020,rr,10,0.02,uniform_nz,220,763,0.05117163963658859,0.04359446390151746,0.03039995172812509,49,2
webis-touche2020,rr,10,0.02,weighted,220,763,0.04359446390151746,0.04359446390151746,0.03039995172812509,49,2
webis-touche2020,rr,10,0.02,active_judge,220,763,0.10781240641877088,0.04359446390151746,0.03039995172812509,49,2
webis-touche2020,rr,10,0.02,strat_pilot,220,763,0.04407033347209312,0.04359446390151746,0.03039995172812509,49,2
webis-touche2020,rr,10,0.02,weighted_cv,220,763,0.03794756270261525,0.04359446390151746,0.03039995172812509,49,2
webis-touche2020,rr,10,0.02,active_cv,220,763,0.07347169184195042,0.04359446390151746,0.03039995172812509,49,2
webis-touche2020,rr,10,0.02,weighted_cvl,220,763,0.03480819825294211,0.04359446390151746,0.03039995172812509,49,2
webis-touche2020,rr,10,0.02,uniform,221,763,0.07093700518905119,0.028372645479956222,0.055526465822905435,49,2
webis-touche2020,rr,10,0.02,uniform_nz,221,763,0.04461297174271496,0.028372645479956222,0.055526465822905435,49,2
webis-touche2020,rr,10,0.02,weighted,221,763,0.028372645479956222,0.028372645479956222,0.055526465822905435,49,2
webis-touche2020,rr,10,0.02,active_judge,221,763,0.08106487492809164,0.028372645479956222,0.055526465822905435,49,2
webis-touche2020,rr,10,0.02,strat_pilot,221,763,0.028678287223203702,0.028372645479956222,0.055526465822905435,49,2
webis-touche2020,rr,10,0.02,weighted_cv,221,763,0.02557387863417907,0.028372645479956222,0.055526465822905435,49,2
webis-touche2020,rr,10,0.02,active_cv,221,763,0.051372418373952525,0.028372645479956222,0.055526465822905435,49,2
webis-touche2020,rr,10,0.02,weighted_cvl,221,763,0.0223546025456348,0.028372645479956222,0.055526465822905435,49,2
webis-touche2020,rr,10,0.02,uniform,222,756,0.16620576453879887,0.0620718878926602,0.08649889559633468,49,2
webis-touche2020,rr,10,0.02,uniform_nz,222,756,0.08838175412762461,0.0620718878926602,0.08649889559633468,49,2
webis-touche2020,rr,10,0.02,weighted,222,756,0.0620718878926602,0.0620718878926602,0.08649889559633468,49,2
webis-touche2020,rr,10,0.02,active_judge,222,756,0.17164437518455772,0.0620718878926602,0.08649889559633468,49,2
webis-touche2020,rr,10,0.02,strat_pilot,222,756,0.06303421830007505,0.0620718878926602,0.08649889559633468,49,2
webis-touche2020,rr,10,0.02,weighted_cv,222,756,0.050237579795954466,0.0620718878926602,0.08649889559633468,49,2
webis-touche2020,rr,10,0.02,active_cv,222,756,0.08200694155721495,0.0620718878926602,0.08649889559633468,49,2
webis-touche2020,rr,10,0.02,weighted_cvl,222,756,0.04529553932811111,0.0620718878926602,0.08649889559633468,49,2
webis-touche2020,rr,10,0.02,uniform,223,753,0.08305813256597758,0.05187003919515455,0.04415457780666758,49,2
webis-touche2020,rr,10,0.02,uniform_nz,223,753,0.06516660163383152,0.05187003919515455,0.04415457780666758,49,2
webis-touche2020,rr,10,0.02,weighted,223,753,0.05187003919515455,0.05187003919515455,0.04415457780666758,49,2
webis-touche2020,rr,10,0.02,active_judge,223,753,0.11404237801541177,0.05187003919515455,0.04415457780666758,49,2
webis-touche2020,rr,10,0.02,strat_pilot,223,753,0.05213572029136432,0.05187003919515455,0.04415457780666758,49,2
webis-touche2020,rr,10,0.02,weighted_cv,223,753,0.04900992618899401,0.05187003919515455,0.04415457780666758,49,2
webis-touche2020,rr,10,0.02,active_cv,223,753,0.12910844405161212,0.05187003919515455,0.04415457780666758,49,2
webis-touche2020,rr,10,0.02,weighted_cvl,223,753,0.046060685395358854,0.05187003919515455,0.04415457780666758,49,2
webis-touche2020,rr,10,0.02,uniform,224,761,0.1508279035232749,0.04029252147748371,0.03129759473412724,49,0
webis-touche2020,rr,10,0.02,uniform_nz,224,761,0.06225695192581682,0.04029252147748371,0.03129759473412724,49,0
webis-touche2020,rr,10,0.02,weighted,224,761,0.04029252147748371,0.04029252147748371,0.03129759473412724,49,0
webis-touche2020,rr,10,0.02,active_judge,224,761,0.12825164486480733,0.04029252147748371,0.03129759473412724,49,0
webis-touche2020,rr,10,0.02,strat_pilot,224,761,0.040655365816318324,0.04029252147748371,0.03129759473412724,49,0
webis-touche2020,rr,10,0.02,weighted_cv,224,761,0.031997754031615463,0.04029252147748371,0.03129759473412724,49,0
webis-touche2020,rr,10,0.02,active_cv,224,761,0.059939390201003785,0.04029252147748371,0.03129759473412724,49,0
webis-touche2020,rr,10,0.02,weighted_cvl,224,761,0.029434398333947287,0.04029252147748371,0.03129759473412724,49,0
webis-touche2020,rr,10,0.02,uniform,225,769,0.06596063923931347,0.04628847726282173,0.04417735218732996,49,2
webis-touche2020,rr,10,0.02,uniform_nz,225,769,0.05486948235993897,0.04628847726282173,0.04417735218732996,49,2
webis-touche2020,rr,10,0.02,weighted,225,769,0.04628847726282173,0.04628847726282173,0.04417735218732996,49,2
webis-touche2020,rr,10,0.02,active_judge,225,769,0.09566101750008238,0.04628847726282173,0.04417735218732996,49,2
webis-touche2020,rr,10,0.02,strat_pilot,225,769,0.047047372776505045,0.04628847726282173,0.04417735218732996,49,2
webis-touche2020,rr,10,0.02,weighted_cv,225,769,0.04193478541827638,0.04628847726282173,0.04417735218732996,49,2
webis-touche2020,rr,10,0.02,active_cv,225,769,0.09690805367722462,0.04628847726282173,0.04417735218732996,49,2
webis-touche2020,rr,10,0.02,weighted_cvl,225,769,0.0413564856517748,0.04628847726282173,0.04417735218732996,49,2
webis-touche2020,rr,10,0.02,uniform,226,749,0.08963683255086585,0.05142618102031689,0.06367832895232275,49,2
webis-touche2020,rr,10,0.02,uniform_nz,226,749,0.07021798761294946,0.05142618102031689,0.06367832895232275,49,2
webis-touche2020,rr,10,0.02,weighted,226,749,0.05142618102031689,0.05142618102031689,0.06367832895232275,49,2
webis-touche2020,rr,10,0.02,active_judge,226,749,0.1326566493927626,0.05142618102031689,0.06367832895232275,49,2
webis-touche2020,rr,10,0.02,strat_pilot,226,749,0.05211744843901286,0.05142618102031689,0.06367832895232275,49,2
webis-touche2020,rr,10,0.02,weighted_cv,226,749,0.04319702515681353,0.05142618102031689,0.06367832895232275,49,2
webis-touche2020,rr,10,0.02,active_cv,226,749,0.08032105403831374,0.05142618102031689,0.06367832895232275,49,2
webis-touche2020,rr,10,0.02,weighted_cvl,226,749,0.039587576583872845,0.05142618102031689,0.06367832895232275,49,2
webis-touche2020,rr,10,0.02,uniform,227,760,0.07220284368613077,0.042011937611771376,0.02412009559068383,49,0
webis-touche2020,rr,10,0.02,uniform_nz,227,760,0.05572006486953977,0.042011937611771376,0.02412009559068383,49,0
webis-touche2020,rr,10,0.02,weighted,227,760,0.042011937611771376,0.042011937611771376,0.02412009559068383,49,0
webis-touche2020,rr,10,0.02,active_judge,227,760,0.10391719409245792,0.042011937611771376,0.02412009559068383,49,0
webis-touche2020,rr,10,0.02,strat_pilot,227,760,0.042637419059618056,0.042011937611771376,0.02412009559068383,49,0
webis-touche2020,rr,10,0.02,weighted_cv,227,760,0.03345199018296647,0.042011937611771376,0.02412009559068383,49,0
webis-touche2020,rr,10,0.02,active_cv,227,760,0.061598809399986944,0.042011937611771376,0.02412009559068383,49,0
webis-touche2020,rr,10,0.02,weighted_cvl,227,760,0.03143614744257407,0.042011937611771376,0.02412009559068383,49,0
webis-touche2020,rr,10,0.02,uniform,228,754,0.1365654263617926,0.04345564518369732,0.06962818692763839,49,2
webis-touche2020,rr,10,0.02,uniform_nz,228,754,0.06531013926787459,0.04345564518369732,0.06962818692763839,49,2
webis-touche2020,rr,10,0.02,weighted,228,754,0.04345564518369732,0.04345564518369732,0.06962818692763839,49,2
webis-touche2020,rr,10,0.02,active_judge,228,754,0.11939986982619119,0.04345564518369732,0.06962818692763839,49,2
webis-touche2020,rr,10,0.02,strat_pilot,228,754,0.044532978114750106,0.04345564518369732,0.06962818692763839,49,2
webis-touche2020,rr,10,0.02,weighted_cv,228,754,0.03285175826495258,0.04345564518369732,0.06962818692763839,49,2
webis-touche2020,rr,10,0.02,active_cv,228,754,0.05855680492276451,0.04345564518369732,0.06962818692763839,49,2
webis-touche2020,rr,10,0.02,weighted_cvl,228,754,0.03285175826495258,0.04345564518369732,0.06962818692763839,49,2
webis-touche2020,rr,10,0.02,uniform,229,761,0.10888262731224671,0.0555211193686818,0.06113388231422287,49,2
webis-touche2020,rr,10,0.02,uniform_nz,229,761,0.07582189584239844,0.0555211193686818,0.06113388231422287,49,2
webis-touche2020,rr,10,0.02,weighted,229,761,0.0555211193686818,0.0555211193686818,0.06113388231422287,49,2
webis-touche2020,rr,10,0.02,active_judge,229,761,0.14503295042754694,0.0555211193686818,0.06113388231422287,49,2
webis-touche2020,rr,10,0.02,strat_pilot,229,761,0.05538745087452054,0.0555211193686818,0.06113388231422287,49,2
webis-touche2020,rr,10,0.02,weighted_cv,229,761,0.04971690794892283,0.0555211193686818,0.06113388231422287,49,2
webis-touche2020,rr,10,0.02,active_cv,229,761,0.11808603722400512,0.0555211193686818,0.06113388231422287,49,2
webis-touche2020,rr,10,0.02,weighted_cvl,229,761,0.04513955784891223,0.0555211193686818,0.06113388231422287,49,2
webis-touche2020,rr,10,0.02,uniform,230,765,0.138012648049839,0.03483730099920009,0.021552797048153095,49,0
webis-touche2020,rr,10,0.02,uniform_nz,230,765,0.0580918349492878,0.03483730099920009,0.021552797048153095,49,0
webis-touche2020,rr,10,0.02,weighted,230,765,0.03483730099920009,0.03483730099920009,0.021552797048153095,49,0
webis-touche2020,rr,10,0.02,active_judge,230,765,0.09549513638934186,0.03483730099920009,0.021552797048153095,49,0
webis-touche2020,rr,10,0.02,strat_pilot,230,765,0.03520905019576666,0.03483730099920009,0.021552797048153095,49,0
webis-touche2020,rr,10,0.02,weighted_cv,230,765,0.02571382366081045,0.03483730099920009,0.021552797048153095,49,0
webis-touche2020,rr,10,0.02,active_cv,230,765,0.038793747533949305,0.03483730099920009,0.021552797048153095,49,0
webis-touche2020,rr,10,0.02,weighted_cvl,230,765,0.024749092939528768,0.03483730099920009,0.021552797048153095,49,0
webis-touche2020,rr,10,0.02,uniform,231,766,0.08180555848824562,0.04816664455323998,0.05664837279612148,49,2
webis-touche2020,rr,10,0.02,uniform_nz,231,766,0.06403616351444695,0.04816664455323998,0.05664837279612148,49,2
webis-touche2020,rr,10,0.02,weighted,231,766,0.04816664455323998,0.04816664455323998,0.05664837279612148,49,2
webis-touche2020,rr,10,0.02,active_judge,231,766,0.1076071786226898,0.04816664455323998,0.05664837279612148,49,2
webis-touche2020,rr,10,0.02,strat_pilot,231,766,0.04855364188763531,0.04816664455323998,0.05664837279612148,49,2
webis-touche2020,rr,10,0.02,weighted_cv,231,766,0.04505875660543111,0.04816664455323998,0.05664837279612148,49,2
webis-touche2020,rr,10,0.02,active_cv,231,766,0.11386664551457715,0.04816664455323998,0.05664837279612148,49,2
webis-touche2020,rr,10,0.02,weighted_cvl,231,766,0.04225795264165011,0.04816664455323998,0.05664837279612148,49,2
webis-touche2020,rr,10,0.02,uniform,232,774,0.06099168923108025,0.03115022097283726,0.044598153775600266,49,2
webis-touche2020,rr,10,0.02,uniform_nz,232,774,0.03724722279344323,0.03115022097283726,0.044598153775600266,49,2
webis-touche2020,rr,10,0.02,weighted,232,774,0.03115022097283726,0.03115022097283726,0.044598153775600266,49,2
webis-touche2020,rr,10,0.02,active_judge,232,774,0.06104403714268118,0.03115022097283726,0.044598153775600266,49,2
webis-touche2020,rr,10,0.02,strat_pilot,232,774,0.03151535001417578,0.03115022097283726,0.044598153775600266,49,2
webis-touche2020,rr,10,0.02,weighted_cv,232,774,0.026780432357615274,0.03115022097283726,0.044598153775600266,49,2
webis-touche2020,rr,10,0.02,active_cv,232,774,0.042457289768865994,0.03115022097283726,0.044598153775600266,49,2
webis-touche2020,rr,10,0.02,weighted_cvl,232,774,0.024548894347372254,0.03115022097283726,0.044598153775600266,49,2
webis-touche2020,rr,10,0.02,uniform,233,765,0.08345125285779949,0.04947624474111086,0.022343501656582155,49,2
webis-touche2020,rr,10,0.02,uniform_nz,233,765,0.06381877393473323,0.04947624474111086,0.022343501656582155,49,2
webis-touche2020,rr,10,0.02,weighted,233,765,0.04947624474111086,0.04947624474111086,0.022343501656582155,49,2
webis-touche2020,rr,10,0.02,active_judge,233,765,0.11429368829350621,0.04947624474111086,0.022343501656582155,49,2
webis-touche2020,rr,10,0.02,strat_pilot,233,765,0.04966106908708994,0.04947624474111086,0.022343501656582155,49,2
webis-touche2020,rr,10,0.02,weighted_cv,233,765,0.04389045353502595,0.04947624474111086,0.022343501656582155,49,2
webis-touche2020,rr,10,0.02,active_cv,233,765,0.09230357331300312,0.04947624474111086,0.022343501656582155,49,2
webis-touche2020,rr,10,0.02,weighted_cvl,233,765,0.045690958437118845,0.04947624474111086,0.022343501656582155,49,2
webis-touche2020,rr,10,0.02,uniform,234,748,0.06115569500732704,0.03505962220577659,0.05833613498233568,49,2
webis-touche2020,rr,10,0.02,uniform_nz,234,748,0.04201222988871922,0.03505962220577659,0.05833613498233568,49,2
webis-touche2020,rr,10,0.02,weighted,234,748,0.03505962220577659,0.03505962220577659,0.05833613498233568,49,2
webis-touche2020,rr,10,0.02,active_judge,234,748,0.08208654554772149,0.03505962220577659,0.05833613498233568,49,2
webis-touche2020,rr,10,0.02,strat_pilot,234,748,0.035890567271205875,0.03505962220577659,0.05833613498233568,49,2
webis-touche2020,rr,10,0.02,weighted_cv,234,748,0.032970876134034835,0.03505962220577659,0.05833613498233568,49,2
webis-touche2020,rr,10,0.02,active_cv,234,748,0.07175123341669484,0.03505962220577659,0.05833613498233568,49,2
webis-touche2020,rr,10,0.02,weighted_cvl,234,748,0.0310095404319438,0.03505962220577659,0.05833613498233568,49,2
webis-touche2020,rr,10,0.02,uniform,235,744,0.0935588994931755,0.053007326430955425,0.05725990194751131,49,2
webis-touche2020,rr,10,0.02,uniform_nz,235,744,0.0730156293610372,0.053007326430955425,0.05725990194751131,49,2
webis-touche2020,rr,10,0.02,weighted,235,744,0.053007326430955425,0.053007326430955425,0.05725990194751131,49,2
webis-touche2020,rr,10,0.02,active_judge,235,744,0.14589413960393557,0.053007326430955425,0.05725990194751131,49,2
webis-touche2020,rr,10,0.02,strat_pilot,235,744,0.05381509494933941,0.053007326430955425,0.05725990194751131,49,2
webis-touche2020,rr,10,0.02,weighted_cv,235,744,0.04549373776247871,0.053007326430955425,0.05725990194751131,49,2
webis-touche2020,rr,10,0.02,active_cv,235,744,0.10867731495259854,0.053007326430955425,0.05725990194751131,49,2
webis-touche2020,rr,10,0.02,weighted_cvl,235,744,0.038681817320959586,0.053007326430955425,0.05725990194751131,49,2
webis-touche2020,rr,10,0.02,uniform,236,756,0.07307433256878855,0.042601070616160364,0.07525646649980343,49,2
webis-touche2020,rr,10,0.02,uniform_nz,236,756,0.059905817855752684,0.042601070616160364,0.07525646649980343,49,2
webis-touche2020,rr,10,0.02,weighted,236,756,0.042601070616160364,0.042601070616160364,0.07525646649980343,49,2
webis-touche2020,rr,10,0.02,active_judge,236,756,0.10788217116880187,0.042601070616160364,0.07525646649980343,49,2
webis-touche2020,rr,10,0.02,strat_pilot,236,756,0.0434222708366217,0.042601070616160364,0.07525646649980343,49,2
webis-touche2020,rr,10,0.02,weighted_cv,236,756,0.03790913301674381,0.042601070616160364,0.07525646649980343,49,2
webis-touche2020,rr,10,0.02,active_cv,236,756,0.0838825803981996,0.042601070616160364,0.07525646649980343,49,2
webis-touche2020,rr,10,0.02,weighted_cvl,236,756,0.03329777329919059,0.042601070616160364,0.07525646649980343,49,2
webis-touche2020,rr,10,0.02,uniform,237,744,0.1473908628090681,0.04182026400408785,0.06863472616869778,49,2
webis-touche2020,rr,10,0.02,uniform_nz,237,744,0.07673933134484703,0.04182026400408785,0.06863472616869778,49,2
webis-touche2020,rr,10,0.02,weighted,237,744,0.04182026400408785,0.04182026400408785,0.06863472616869778,49,2
webis-touche2020,rr,10,0.02,active_judge,237,744,0.13190116142836128,0.04182026400408785,0.06863472616869778,49,2
webis-touche2020,rr,10,0.02,strat_pilot,237,744,0.04310993191132235,0.04182026400408785,0.06863472616869778,49,2
webis-touche2020,rr,10,0.02,weighted_cv,237,744,0.030860510020155902,0.04182026400408785,0.06863472616869778,49,2
webis-touche2020,rr,10,0.02,active_cv,237,744,0.07948350385928817,0.04182026400408785,0.06863472616869778,49,2
webis-touche2020,rr,10,0.02,weighted_cvl,237,744,0.028376052032447297,0.04182026400408785,0.06863472616869778,49,2
webis-touche2020,rr,10,0.02,uniform,238,749,0.09135408038961963,0.05569266208325667,0.06279597641083035,49,2
webis-touche2020,rr,10,0.02,uniform_nz,238,749,0.07353846646831175,0.05569266208325667,0.06279597641083035,49,2
webis-touche2020,rr,10,0.02,weighted,238,749,0.05569266208325667,0.05569266208325667,0.06279597641083035,49,2
webis-touche2020,rr,10,0.02,active_judge,238,749,0.14252059961742408,0.05569266208325667,0.06279597641083035,49,2
webis-touche2020,rr,10,0.02,strat_pilot,238,749,0.05640152272941854,0.05569266208325667,0.06279597641083035,49,2
webis-touche2020,rr,10,0.02,weighted_cv,238,749,0.04988559634069326,0.05569266208325667,0.06279597641083035,49,2
webis-touche2020,rr,10,0.02,active_cv,238,749,0.10924057319556138,0.05569266208325667,0.06279597641083035,49,2
webis-touche2020,rr,10,0.02,weighted_cvl,238,749,0.04291344501637695,0.05569266208325667,0.06279597641083035,49,2
webis-touche2020,rr,10,0.02,uniform,239,752,0.0688875761746746,0.044648213716211846,0.06194766330322933,49,2
webis-touche2020,rr,10,0.02,uniform_nz,239,752,0.05536922446870855,0.044648213716211846,0.06194766330322933,49,2
webis-touche2020,rr,10,0.02,weighted,239,752,0.044648213716211846,0.044648213716211846,0.06194766330322933,49,2
webis-touche2020,rr,10,0.02,active_judge,239,752,0.09531922534507022,0.044648213716211846,0.06194766330322933,49,2
webis-touche2020,rr,10,0.02,strat_pilot,239,752,0.04558998515776476,0.044648213716211846,0.06194766330322933,49,2
webis-touche2020,rr,10,0.02,weighted_cv,239,752,0.03732257276695746,0.044648213716211846,0.06194766330322933,49,2
webis-touche2020,rr,10,0.02,active_cv,239,752,0.06915396553144815,0.044648213716211846,0.06194766330322933,49,2
webis-touche2020,rr,10,0.02,weighted_cvl,239,752,0.03570330541394216,0.044648213716211846,0.06194766330322933,49,2
webis-touche2020,rr,10,0.02,uniform,240,754,0.14583664938577695,0.047883184853429,0.07577574037452556,49,2
webis-touche2020,rr,10,0.02,uniform_nz,240,754,0.0681657456342765,0.047883184853429,0.07577574037452556,49,2
webis-touche2020,rr,10,0.02,weighted,240,754,0.047883184853429,0.047883184853429,0.07577574037452556,49,2
webis-touche2020,rr,10,0.02,active_judge,240,754,0.1369787570769041,0.047883184853429,0.07577574037452556,49,2
webis-touche2020,rr,10,0.02,strat_pilot,240,754,0.04900544447720723,0.047883184853429,0.07577574037452556,49,2
webis-touche2020,rr,10,0.02,weighted_cv,240,754,0.035743623267077106,0.047883184853429,0.07577574037452556,49,2
webis-touche2020,rr,10,0.02,active_cv,240,754,0.05929679593859044,0.047883184853429,0.07577574037452556,49,2
webis-touche2020,rr,10,0.02,weighted_cvl,240,754,0.032992586680623985,0.047883184853429,0.07577574037452556,49,2
webis-touche2020,rr,10,0.02,uniform,241,768,0.10174774827752009,0.05649592074920447,0.050496675780260375,49,2
webis-touche2020,rr,10,0.02,uniform_nz,241,768,0.07729906200788998,0.05649592074920447,0.050496675780260375,49,2
webis-touche2020,rr,10,0.02,weighted,241,768,0.05649592074920447,0.05649592074920447,0.050496675780260375,49,2
webis-touche2020,rr,10,0.02,active_judge,241,768,0.13755409356416895,0.05649592074920447,0.050496675780260375,49,2
webis-touche2020,rr,10,0.02,strat_pilot,241,768,0.057147784948829064,0.05649592074920447,0.050496675780260375,49,2
webis-touche2020,rr,10,0.02,weighted_cv,241,768,0.0499824728272882,0.05649592074920447,0.050496675780260375,49,2
webis-touche2020,rr,10,0.02,active_cv,241,768,0.10492173623746692,0.05649592074920447,0.050496675780260375,49,2
webis-touche2020,rr,10,0.02,weighted_cvl,241,768,0.04232292554429558,0.05649592074920447,0.050496675780260375,49,2
webis-touche2020,rr,10,0.02,uniform,242,770,0.06058590046104593,0.03687888575833765,0.04750678747786365,49,2
webis-touche2020,rr,10,0.02,uniform_nz,242,770,0.04479626619840516,0.03687888575833765,0.04750678747786365,49,2
webis-touche2020,rr,10,0.02,weighted,242,770,0.03687888575833765,0.03687888575833765,0.04750678747786365,49,2
webis-touche2020,rr,10,0.02,active_judge,242,770,0.08098279684507653,0.03687888575833765,0.04750678747786365,49,2
webis-touche2020,rr,10,0.02,strat_pilot,242,770,0.03754520999103087,0.03687888575833765,0.04750678747786365,49,2
webis-touche2020,rr,10,0.02,weighted_cv,242,770,0.03175837429554967,0.03687888575833765,0.04750678747786365,49,2
webis-touche2020,rr,10,0.02,active_cv,242,770,0.0590906442514332,0.03687888575833765,0.04750678747786365,49,2
webis-touche2020,rr,10,0.02,weighted_cvl,242,770,0.0301150744652057,0.03687888575833765,0.04750678747786365,49,2
webis-touche2020,rr,10,0.02,uniform,243,758,0.18839072113868177,0.06454316816008912,0.06991215077205791,49,2
webis-touche2020,rr,10,0.02,uniform_nz,243,758,0.10478574023682237,0.06454316816008912,0.06991215077205791,49,2
webis-touche2020,rr,10,0.02,weighted,243,758,0.06454316816008912,0.06454316816008912,0.06991215077205791,49,2
webis-touche2020,rr,10,0.02,active_judge,243,758,0.1881513364079475,0.06454316816008912,0.06991215077205791,49,2
webis-touche2020,rr,10,0.02,strat_pilot,243,758,0.0658976809359805,0.06454316816008912,0.06991215077205791,49,2
webis-touche2020,rr,10,0.02,weighted_cv,243,758,0.049394485062649866,0.06454316816008912,0.06991215077205791,49,2
webis-touche2020,rr,10,0.02,active_cv,243,758,0.1017187312846471,0.06454316816008912,0.06991215077205791,49,2
webis-touche2020,rr,10,0.02,weighted_cvl,243,758,0.04653698559507193,0.06454316816008912,0.06991215077205791,49,2
webis-touche2020,rr,10,0.02,uniform,244,756,0.19900413059360395,0.07024275198663561,0.08284420408452915,49,2
webis-touche2020,rr,10,0.02,uniform_nz,244,756,0.11212603842481524,0.07024275198663561,0.08284420408452915,49,2
webis-touche2020,rr,10,0.02,weighted,244,756,0.07024275198663561,0.07024275198663561,0.08284420408452915,49,2
webis-touche2020,rr,10,0.02,active_judge,244,756,0.20405761294241004,0.07024275198663561,0.08284420408452915,49,2
webis-touche2020,rr,10,0.02,strat_pilot,244,756,0.06982439239630536,0.07024275198663561,0.08284420408452915,49,2
webis-touche2020,rr,10,0.02,weighted_cv,244,756,0.057616306765549054,0.07024275198663561,0.08284420408452915,49,2
webis-touche2020,rr,10,0.02,active_cv,244,756,0.136412894022277,0.07024275198663561,0.08284420408452915,49,2
webis-touche2020,rr,10,0.02,weighted_cvl,244,756,0.0533026395816922,0.07024275198663561,0.08284420408452915,49,2
webis-touche2020,rr,10,0.02,uniform,245,759,0.10707156030708787,0.06544830292818306,0.0658110850850789,49,2
webis-touche2020,rr,10,0.02,uniform_nz,245,759,0.08934432037537073,0.06544830292818306,0.0658110850850789,49,2
webis-touche2020,rr,10,0.02,weighted,245,759,0.06544830292818306,0.06544830292818306,0.0658110850850789,49,2
webis-touche2020,rr,10,0.02,active_judge,245,759,0.15648729230641922,0.06544830292818306,0.0658110850850789,49,2
webis-touche2020,rr,10,0.02,strat_pilot,245,759,0.0656264493536943,0.06544830292818306,0.0658110850850789,49,2
webis-touche2020,rr,10,0.02,weighted_cv,245,759,0.05967246143945428,0.06544830292818306,0.0658110850850789,49,2
webis-touche2020,rr,10,0.02,active_cv,245,759,0.14545951883586472,0.06544830292818306,0.0658110850850789,49,2
webis-touche2020,rr,10,0.02,weighted_cvl,245,759,0.0535873912656031,0.06544830292818306,0.0658110850850789,49,2
webis-touche2020,rr,10,0.02,uniform,246,769,0.0913010676907562,0.06337273182715888,0.07341316170070039,49,2
webis-touche2020,rr,10,0.02,uniform_nz,246,769,0.08264374729054169,0.06337273182715888,0.07341316170070039,49,2
webis-touche2020,rr,10,0.02,weighted,246,769,0.06337273182715888,0.06337273182715888,0.07341316170070039,49,2
webis-touche2020,rr,10,0.02,active_judge,246,769,0.13982291200120353,0.06337273182715888,0.07341316170070039,49,2
webis-touche2020,rr,10,0.02,strat_pilot,246,769,0.0640494635853849,0.06337273182715888,0.07341316170070039,49,2
webis-touche2020,rr,10,0.02,weighted_cv,246,769,0.058938775362180965,0.06337273182715888,0.07341316170070039,49,2
webis-touche2020,rr,10,0.02,active_cv,246,769,0.13999490941850043,0.06337273182715888,0.07341316170070039,49,2
webis-touche2020,rr,10,0.02,weighted_cvl,246,769,0.05197808066697794,0.06337273182715888,0.07341316170070039,49,2
webis-touche2020,rr,10,0.02,uniform,247,739,0.1538284925370807,0.049673965426393143,0.08124730718770967,49,2
webis-touche2020,rr,10,0.02,uniform_nz,247,739,0.08072123681653871,0.049673965426393143,0.08124730718770967,49,2
webis-touche2020,rr,10,0.02,weighted,247,739,0.049673965426393143,0.049673965426393143,0.08124730718770967,49,2
webis-touche2020,rr,10,0.02,active_judge,247,739,0.16024620689260552,0.049673965426393143,0.08124730718770967,49,2
webis-touche2020,rr,10,0.02,strat_pilot,247,739,0.051136131796823504,0.049673965426393143,0.08124730718770967,49,2
webis-touche2020,rr,10,0.02,weighted_cv,247,739,0.03741246862752885,0.049673965426393143,0.08124730718770967,49,2
webis-touche2020,rr,10,0.02,active_cv,247,739,0.06580669358924893,0.049673965426393143,0.08124730718770967,49,2
webis-touche2020,rr,10,0.02,weighted_cvl,247,739,0.03530518566260845,0.049673965426393143,0.08124730718770967,49,2
webis-touche2020,rr,10,0.02,uniform,248,759,0.08433362619420368,0.03940067803223625,0.06999242487121071,49,2
webis-touche2020,rr,10,0.02,uniform_nz,248,759,0.05708404717408424,0.03940067803223625,0.06999242487121071,49,2
webis-touche2020,rr,10,0.02,weighted,248,759,0.03940067803223625,0.03940067803223625,0.06999242487121071,49,2
webis-touche2020,rr,10,0.02,active_judge,248,759,0.1129944287053816,0.03940067803223625,0.06999242487121071,49,2
webis-touche2020,rr,10,0.02,strat_pilot,248,759,0.03952091124846704,0.03940067803223625,0.06999242487121071,49,2
webis-touche2020,rr,10,0.02,weighted_cv,248,759,0.03502593014085692,0.03940067803223625,0.06999242487121071,49,2
webis-touche2020,rr,10,0.02,active_cv,248,759,0.08056155688487825,0.03940067803223625,0.06999242487121071,49,2
webis-touche2020,rr,10,0.02,weighted_cvl,248,759,0.03173043724033349,0.03940067803223625,0.06999242487121071,49,2
webis-touche2020,rr,10,0.02,uniform,249,744,0.06076418928948939,0.031109345897098035,0.019727932327390535,49,0
webis-touche2020,rr,10,0.02,uniform_nz,249,744,0.043585284014350516,0.031109345897098035,0.019727932327390535,49,0
webis-touche2020,rr,10,0.02,weighted,249,744,0.031109345897098035,0.031109345897098035,0.019727932327390535,49,0
webis-touche2020,rr,10,0.02,active_judge,249,744,0.06962817139837096,0.031109345897098035,0.019727932327390535,49,0
webis-touche2020,rr,10,0.02,strat_pilot,249,744,0.030750431635565616,0.031109345897098035,0.019727932327390535,49,0
webis-touche2020,rr,10,0.02,weighted_cv,249,744,0.028105815321485938,0.031109345897098035,0.019727932327390535,49,0
webis-touche2020,rr,10,0.02,active_cv,249,744,0.06725853065285867,0.031109345897098035,0.019727932327390535,49,0
webis-touche2020,rr,10,0.02,weighted_cvl,249,744,0.028017111998842485,0.031109345897098035,0.019727932327390535,49,0
webis-touche2020,rr,10,0.02,uniform,250,767,0.08358071243661855,0.05146579902075654,0.052044864062665924,49,2
webis-touche2020,rr,10,0.02,uniform_nz,250,767,0.07082136504354827,0.05146579902075654,0.052044864062665924,49,2
webis-touche2020,rr,10,0.02,weighted,250,767,0.05146579902075654,0.05146579902075654,0.052044864062665924,49,2
webis-touche2020,rr,10,0.02,active_judge,250,767,0.13659071562596223,0.05146579902075654,0.052044864062665924,49,2
webis-touche2020,rr,10,0.02,strat_pilot,250,767,0.05180319368924822,0.05146579902075654,0.052044864062665924,49,2
webis-touche2020,rr,10,0.02,weighted_cv,250,767,0.044929561335367914,0.05146579902075654,0.052044864062665924,49,2
webis-touche2020,rr,10,0.02,active_cv,250,767,0.08811246777412521,0.05146579902075654,0.052044864062665924,49,2
webis-touche2020,rr,10,0.02,weighted_cvl,250,767,0.04168875015463527,0.05146579902075654,0.052044864062665924,49,2
webis-touche2020,rr,10,0.02,uniform,251,746,0.08715021655105097,0.0502176679561015,0.05391778996878943,49,2
webis-touche2020,rr,10,0.02,uniform_nz,251,746,0.06934524878784018,0.0502176679561015,0.05391778996878943,49,2
webis-touche2020,rr,10,0.02,weighted,251,746,0.0502176679561015,0.0502176679561015,0.05391778996878943,49,2
webis-touche2020,rr,10,0.02,active_judge,251,746,0.1425060137139836,0.0502176679561015,0.05391778996878943,49,2
webis-touche2020,rr,10,0.02,strat_pilot,251,746,0.05110876639470745,0.0502176679561015,0.05391778996878943,49,2
webis-touche2020,rr,10,0.02,weighted_cv,251,746,0.0433686526372701,0.0502176679561015,0.05391778996878943,49,2
webis-touche2020,rr,10,0.02,active_cv,251,746,0.0910620160552551,0.0502176679561015,0.05391778996878943,49,2
webis-touche2020,rr,10,0.02,weighted_cvl,251,746,0.03746944032117895,0.0502176679561015,0.05391778996878943,49,2
webis-touche2020,rr,10,0.02,uniform,252,747,0.09249859677851636,0.06799546586973436,0.0929696440613016,49,2
webis-touche2020,rr,10,0.02,uniform_nz,252,747,0.07846943389251733,0.06799546586973436,0.0929696440613016,49,2
webis-touche2020,rr,10,0.02,weighted,252,747,0.06799546586973436,0.06799546586973436,0.0929696440613016,49,2
webis-touche2020,rr,10,0.02,active_judge,252,747,0.15671084811751088,0.06799546586973436,0.0929696440613016,49,2
webis-touche2020,rr,10,0.02,strat_pilot,252,747,0.06926807877120914,0.06799546586973436,0.0929696440613016,49,2
webis-touche2020,rr,10,0.02,weighted_cv,252,747,0.059868187093665884,0.06799546586973436,0.0929696440613016,49,2
webis-touche2020,rr,10,0.02,active_cv,252,747,0.11060147169280739,0.06799546586973436,0.0929696440613016,49,2
webis-touche2020,rr,10,0.02,weighted_cvl,252,747,0.052373577096580415,0.06799546586973436,0.0929696440613016,49,2
webis-touche2020,rr,10,0.02,uniform,253,758,0.07599018263583465,0.03987830198055442,0.07515028197922935,49,2
webis-touche2020,rr,10,0.02,uniform_nz,253,758,0.05628225744767721,0.03987830198055442,0.07515028197922935,49,2
webis-touche2020,rr,10,0.02,weighted,253,758,0.03987830198055442,0.03987830198055442,0.07515028197922935,49,2
webis-touche2020,rr,10,0.02,active_judge,253,758,0.10587950739362036,0.03987830198055442,0.07515028197922935,49,2
webis-touche2020,rr,10,0.02,strat_pilot,253,758,0.03977471932563844,0.03987830198055442,0.07515028197922935,49,2
webis-touche2020,rr,10,0.02,weighted_cv,253,758,0.036204069851873216,0.03987830198055442,0.07515028197922935,49,2
webis-touche2020,rr,10,0.02,active_cv,253,758,0.06766895041102723,0.03987830198055442,0.07515028197922935,49,2
webis-touche2020,rr,10,0.02,weighted_cvl,253,758,0.03138120801451601,0.03987830198055442,0.07515028197922935,49,2
webis-touche2020,rr,10,0.02,uniform,254,769,0.1582995068384781,0.047572117499086505,0.057027684179487906,49,2
webis-touche2020,rr,10,0.02,uniform_nz,254,769,0.07120915674197788,0.047572117499086505,0.057027684179487906,49,2
webis-touche2020,rr,10,0.02,weighted,254,769,0.047572117499086505,0.047572117499086505,0.057027684179487906,49,2
webis-touche2020,rr,10,0.02,active_judge,254,769,0.13373458099574598,0.047572117499086505,0.057027684179487906,49,2
webis-touche2020,rr,10,0.02,strat_pilot,254,769,0.04844347272549454,0.047572117499086505,0.057027684179487906,49,2
webis-touche2020,rr,10,0.02,weighted_cv,254,769,0.03553582014860609,0.047572117499086505,0.057027684179487906,49,2
webis-touche2020,rr,10,0.02,active_cv,254,769,0.05811003973321531,0.047572117499086505,0.057027684179487906,49,2
webis-touche2020,rr,10,0.02,weighted_cvl,254,769,0.03393566883468459,0.047572117499086505,0.057027684179487906,49,2
webis-touche2020,rr,10,0.02,uniform,255,763,0.1579339995296583,0.04954903786424708,0.04894869127260769,49,2
webis-touche2020,rr,10,0.02,uniform_nz,255,763,0.07478803704395591,0.04954903786424708,0.04894869127260769,49,2
webis-touche2020,rr,10,0.02,weighted,255,763,0.04954903786424708,0.04954903786424708,0.04894869127260769,49,2
webis-touche2020,rr,10,0.02,active_judge,255,763,0.14120426299212027,0.04954903786424708,0.04894869127260769,49,2
webis-touche2020,rr,10,0.02,strat_pilot,255,763,0.04994883684375155,0.04954903786424708,0.04894869127260769,49,2
webis-touche2020,rr,10,0.02,weighted_cv,255,763,0.03953559192433951,0.04954903786424708,0.04894869127260769,49,2
webis-touche2020,rr,10,0.02,active_cv,255,763,0.08339657331874382,0.04954903786424708,0.04894869127260769,49,2
webis-touche2020,rr,10,0.02,weighted_cvl,255,763,0.035610643268468835,0.04954903786424708,0.04894869127260769,49,2
webis-touche2020,rr,10,0.02,uniform,256,760,0.1653961630229642,0.06936012963163438,0.047191190464511215,49,2
webis-touche2020,rr,10,0.02,uniform_nz,256,760,0.0945925105005456,0.06936012963163438,0.047191190464511215,49,2
webis-touche2020,rr,10,0.02,weighted,256,760,0.06936012963163438,0.06936012963163438,0.047191190464511215,49,2
webis-touche2020,rr,10,0.02,active_judge,256,760,0.18171424343883977,0.06936012963163438,0.047191190464511215,49,2
webis-touche2020,rr,10,0.02,strat_pilot,256,760,0.07091552137273423,0.06936012963163438,0.047191190464511215,49,2
webis-touche2020,rr,10,0.02,weighted_cv,256,760,0.054447112839478715,0.06936012963163438,0.047191190464511215,49,2
webis-touche2020,rr,10,0.02,active_cv,256,760,0.10329234136779811,0.06936012963163438,0.047191190464511215,49,2
webis-touche2020,rr,10,0.02,weighted_cvl,256,760,0.04991278662978928,0.06936012963163438,0.047191190464511215,49,2
webis-touche2020,rr,10,0.02,uniform,257,767,0.10304950790914336,0.049386054704435134,0.05253220472338119,49,2
webis-touche2020,rr,10,0.02,uniform_nz,257,767,0.06893880716654077,0.049386054704435134,0.05253220472338119,49,2
webis-touche2020,rr,10,0.02,weighted,257,767,0.049386054704435134,0.049386054704435134,0.05253220472338119,49,2
webis-touche2020,rr,10,0.02,active_judge,257,767,0.12726961638130843,0.049386054704435134,0.05253220472338119,49,2
webis-touche2020,rr,10,0.02,strat_pilot,257,767,0.04941068158219782,0.049386054704435134,0.05253220472338119,49,2
webis-touche2020,rr,10,0.02,weighted_cv,257,767,0.04392792912689836,0.049386054704435134,0.05253220472338119,49,2
webis-touche2020,rr,10,0.02,active_cv,257,767,0.10413136745130455,0.049386054704435134,0.05253220472338119,49,2
webis-touche2020,rr,10,0.02,weighted_cvl,257,767,0.03767652874019438,0.049386054704435134,0.05253220472338119,49,2
webis-touche2020,rr,10,0.02,uniform,258,757,0.14587764182252036,0.03896805234329933,0.02123112439675908,49,0
webis-touche2020,rr,10,0.02,uniform_nz,258,757,0.06395256795287221,0.03896805234329933,0.02123112439675908,49,0
webis-touche2020,rr,10,0.02,weighted,258,757,0.03896805234329933,0.03896805234329933,0.02123112439675908,49,0
webis-touche2020,rr,10,0.02,active_judge,258,757,0.10980199737651364,0.03896805234329933,0.02123112439675908,49,0
webis-touche2020,rr,10,0.02,strat_pilot,258,757,0.03816872679239798,0.03896805234329933,0.02123112439675908,49,0
webis-touche2020,rr,10,0.02,weighted_cv,258,757,0.02967265613571187,0.03896805234329933,0.02123112439675908,49,0
webis-touche2020,rr,10,0.02,active_cv,258,757,0.05682836259575247,0.03896805234329933,0.02123112439675908,49,0
webis-touche2020,rr,10,0.02,weighted_cvl,258,757,0.02849210672385908,0.03896805234329933,0.02123112439675908,49,0
webis-touche2020,rr,10,0.02,uniform,259,751,0.08709661516648506,0.04506045252084986,0.020048790433852357,49,0
webis-touche2020,rr,10,0.02,uniform_nz,259,751,0.0659122197387552,0.04506045252084986,0.020048790433852357,49,0
webis-touche2020,rr,10,0.02,weighted,259,751,0.04506045252084986,0.04506045252084986,0.020048790433852357,49,0
webis-touche2020,rr,10,0.02,active_judge,259,751,0.12610488102035555,0.04506045252084986,0.020048790433852357,49,0
webis-touche2020,rr,10,0.02,strat_pilot,259,751,0.044426088399045764,0.04506045252084986,0.020048790433852357,49,0
webis-touche2020,rr,10,0.02,weighted_cv,259,751,0.03858776635407106,0.04506045252084986,0.020048790433852357,49,0
webis-touche2020,rr,10,0.02,active_cv,259,751,0.0851304780849987,0.04506045252084986,0.020048790433852357,49,0
webis-touche2020,rr,10,0.02,weighted_cvl,259,751,0.03624034961576826,0.04506045252084986,0.020048790433852357,49,0
webis-touche2020,rr,10,0.02,uniform,260,755,0.10863984917317526,0.07092489068901467,0.07753004218440869,49,2
webis-touche2020,rr,10,0.02,uniform_nz,260,755,0.08340239035183802,0.07092489068901467,0.07753004218440869,49,2
webis-touche2020,rr,10,0.02,weighted,260,755,0.07092489068901467,0.07092489068901467,0.07753004218440869,49,2
webis-touche2020,rr,10,0.02,active_judge,260,755,0.13688506561328856,0.07092489068901467,0.07753004218440869,49,2
webis-touche2020,rr,10,0.02,strat_pilot,260,755,0.07150018810509087,0.07092489068901467,0.07753004218440869,49,2
webis-touche2020,rr,10,0.02,weighted_cv,260,755,0.06135823134435572,0.07092489068901467,0.07753004218440869,49,2
webis-touche2020,rr,10,0.02,active_cv,260,755,0.12019181355311752,0.07092489068901467,0.07753004218440869,49,2
webis-touche2020,rr,10,0.02,weighted_cvl,260,755,0.056249488864055966,0.07092489068901467,0.07753004218440869,49,2
webis-touche2020,rr,10,0.02,uniform,261,779,0.0854676173611306,0.0521658489903334,0.055019977590124974,49,2
webis-touche2020,rr,10,0.02,uniform_nz,261,779,0.06996654505999349,0.0521658489903334,0.055019977590124974,49,2
webis-touche2020,rr,10,0.02,weighted,261,779,0.0521658489903334,0.0521658489903334,0.055019977590124974,49,2
webis-touche2020,rr,10,0.02,active_judge,261,779,0.13072996891683958,0.0521658489903334,0.055019977590124974,49,2
webis-touche2020,rr,10,0.02,strat_pilot,261,779,0.052835696651290696,0.0521658489903334,0.055019977590124974,49,2
webis-touche2020,rr,10,0.02,weighted_cv,261,779,0.043219410381049136,0.0521658489903334,0.055019977590124974,49,2
webis-touche2020,rr,10,0.02,active_cv,261,779,0.0921044605077592,0.0521658489903334,0.055019977590124974,49,2
webis-touche2020,rr,10,0.02,weighted_cvl,261,779,0.03885229442585974,0.0521658489903334,0.055019977590124974,49,2
webis-touche2020,rr,10,0.02,uniform,262,749,0.14164821271070435,0.0443225311651754,0.07515453643812103,49,2
webis-touche2020,rr,10,0.02,uniform_nz,262,749,0.06667751799318718,0.0443225311651754,0.07515453643812103,49,2
webis-touche2020,rr,10,0.02,weighted,262,749,0.0443225311651754,0.0443225311651754,0.07515453643812103,49,2
webis-touche2020,rr,10,0.02,active_judge,262,749,0.13360031426974203,0.0443225311651754,0.07515453643812103,49,2
webis-touche2020,rr,10,0.02,strat_pilot,262,749,0.044504407094464224,0.0443225311651754,0.07515453643812103,49,2
webis-touche2020,rr,10,0.02,weighted_cv,262,749,0.034813398729944524,0.0443225311651754,0.07515453643812103,49,2
webis-touche2020,rr,10,0.02,active_cv,262,749,0.05646169680164657,0.0443225311651754,0.07515453643812103,49,2
webis-touche2020,rr,10,0.02,weighted_cvl,262,749,0.034374123576421486,0.0443225311651754,0.07515453643812103,49,2
webis-touche2020,rr,10,0.02,uniform,263,767,0.0627771426338545,0.03666375354371195,0.025211315645139173,49,0
webis-touche2020,rr,10,0.02,uniform_nz,263,767,0.04326904881252769,0.03666375354371195,0.025211315645139173,49,0
webis-touche2020,rr,10,0.02,weighted,263,767,0.03666375354371195,0.03666375354371195,0.025211315645139173,49,0
webis-touche2020,rr,10,0.02,active_judge,263,767,0.08875300678083033,0.03666375354371195,0.025211315645139173,49,0
webis-touche2020,rr,10,0.02,strat_pilot,263,767,0.036933846761605806,0.03666375354371195,0.025211315645139173,49,0
webis-touche2020,rr,10,0.02,weighted_cv,263,767,0.03082026066895106,0.03666375354371195,0.025211315645139173,49,0
webis-touche2020,rr,10,0.02,active_cv,263,767,0.05194751764734005,0.03666375354371195,0.025211315645139173,49,0
webis-touche2020,rr,10,0.02,weighted_cvl,263,767,0.027846290110497184,0.03666375354371195,0.025211315645139173,49,0
webis-touche2020,rr,10,0.02,uniform,264,735,0.14285749458272506,0.049451965156201406,0.05707636263518617,49,2
webis-touche2020,rr,10,0.02,uniform_nz,264,735,0.07343302210456933,0.049451965156201406,0.05707636263518617,49,2
webis-touche2020,rr,10,0.02,weighted,264,735,0.049451965156201406,0.049451965156201406,0.05707636263518617,49,2
webis-touche2020,rr,10,0.02,active_judge,264,735,0.13582008455998845,0.049451965156201406,0.05707636263518617,49,2
webis-touche2020,rr,10,0.02,strat_pilot,264,735,0.0503245588960328,0.049451965156201406,0.05707636263518617,49,2
webis-touche2020,rr,10,0.02,weighted_cv,264,735,0.040357861980686985,0.049451965156201406,0.05707636263518617,49,2
webis-touche2020,rr,10,0.02,active_cv,264,735,0.09505337950628293,0.049451965156201406,0.05707636263518617,49,2
webis-touche2020,rr,10,0.02,weighted_cvl,264,735,0.03670115707713526,0.049451965156201406,0.05707636263518617,49,2
webis-touche2020,rr,10,0.02,uniform,265,761,0.08776800109013896,0.04977432994951503,0.06453508425287939,49,2
webis-touche2020,rr,10,0.02,uniform_nz,265,761,0.0606976138784884,0.04977432994951503,0.06453508425287939,49,2
webis-touche2020,rr,10,0.02,weighted,265,761,0.04977432994951503,0.04977432994951503,0.06453508425287939,49,2
webis-touche2020,rr,10,0.02,active_judge,265,761,0.10952396675583156,0.04977432994951503,0.06453508425287939,49,2
webis-touche2020,rr,10,0.02,strat_pilot,265,761,0.05033626402151398,0.04977432994951503,0.06453508425287939,49,2
webis-touche2020,rr,10,0.02,weighted_cv,265,761,0.04414942037120116,0.04977432994951503,0.06453508425287939,49,2
webis-touche2020,rr,10,0.02,active_cv,265,761,0.09648829318736152,0.04977432994951503,0.06453508425287939,49,2
webis-touche2020,rr,10,0.02,weighted_cvl,265,761,0.03887511143406358,0.04977432994951503,0.06453508425287939,49,2
webis-touche2020,rr,10,0.02,uniform,266,743,0.1476957470215104,0.04652364377288826,0.020039271186330018,49,2
webis-touche2020,rr,10,0.02,uniform_nz,266,743,0.06989270724957167,0.04652364377288826,0.020039271186330018,49,2
webis-touche2020,rr,10,0.02,weighted,266,743,0.04652364377288826,0.04652364377288826,0.020039271186330018,49,2
webis-touche2020,rr,10,0.02,active_judge,266,743,0.1314635129819685,0.04652364377288826,0.020039271186330018,49,2
webis-touche2020,rr,10,0.02,strat_pilot,266,743,0.047385565470630574,0.04652364377288826,0.020039271186330018,49,2
webis-touche2020,rr,10,0.02,weighted_cv,266,743,0.03363862530114669,0.04652364377288826,0.020039271186330018,49,2
webis-touche2020,rr,10,0.02,active_cv,266,743,0.05626284701626988,0.04652364377288826,0.020039271186330018,49,2
webis-touche2020,rr,10,0.02,weighted_cvl,266,743,0.030766558186759035,0.04652364377288826,0.020039271186330018,49,2
webis-touche2020,rr,10,0.02,uniform,267,758,0.06540944865197537,0.03697243002458732,0.05069828626688566,49,2
webis-touche2020,rr,10,0.02,uniform_nz,267,758,0.046240673765873576,0.03697243002458732,0.05069828626688566,49,2
webis-touche2020,rr,10,0.02,weighted,267,758,0.03697243002458732,0.03697243002458732,0.05069828626688566,49,2
webis-touche2020,rr,10,0.02,active_judge,267,758,0.07629736535584311,0.03697243002458732,0.05069828626688566,49,2
webis-touche2020,rr,10,0.02,strat_pilot,267,758,0.03723602596902122,0.03697243002458732,0.05069828626688566,49,2
webis-touche2020,rr,10,0.02,weighted_cv,267,758,0.03243605676107085,0.03697243002458732,0.05069828626688566,49,2
webis-touche2020,rr,10,0.02,active_cv,267,758,0.06600695184904883,0.03697243002458732,0.05069828626688566,49,2
webis-touche2020,rr,10,0.02,weighted_cvl,267,758,0.02936959053699948,0.03697243002458732,0.05069828626688566,49,2
webis-touche2020,rr,10,0.02,uniform,268,760,0.08541164697369412,0.04486418906993124,0.07458516758314847,49,2
webis-touche2020,rr,10,0.02,uniform_nz,268,760,0.054285822938922354,0.04486418906993124,0.07458516758314847,49,2
webis-touche2020,rr,10,0.02,weighted,268,760,0.04486418906993124,0.04486418906993124,0.07458516758314847,49,2
webis-touche2020,rr,10,0.02,active_judge,268,760,0.11919708904952242,0.04486418906993124,0.07458516758314847,49,2
webis-touche2020,rr,10,0.02,strat_pilot,268,760,0.04490966568462933,0.04486418906993124,0.07458516758314847,49,2
webis-touche2020,rr,10,0.02,weighted_cv,268,760,0.04097738809113384,0.04486418906993124,0.07458516758314847,49,2
webis-touche2020,rr,10,0.02,active_cv,268,760,0.0884965966797286,0.04486418906993124,0.07458516758314847,49,2
webis-touche2020,rr,10,0.02,weighted_cvl,268,760,0.03596195984377487,0.04486418906993124,0.07458516758314847,49,2
webis-touche2020,rr,10,0.02,uniform,269,760,0.1490956266475408,0.04730766884945274,0.06373218261948238,49,2
webis-touche2020,rr,10,0.02,uniform_nz,269,760,0.0694246412265384,0.04730766884945274,0.06373218261948238,49,2
webis-touche2020,rr,10,0.02,weighted,269,760,0.04730766884945274,0.04730766884945274,0.06373218261948238,49,2
webis-touche2020,rr,10,0.02,active_judge,269,760,0.12825079121664654,0.04730766884945274,0.06373218261948238,49,2
webis-touche2020,rr,10,0.02,strat_pilot,269,760,0.048081029858470306,0.04730766884945274,0.06373218261948238,49,2
webis-touche2020,rr,10,0.02,weighted_cv,269,760,0.03661124591295476,0.04730766884945274,0.06373218261948238,49,2
webis-touche2020,rr,10,0.02,active_cv,269,760,0.0577776576987627,0.04730766884945274,0.06373218261948238,49,2
webis-touche2020,rr,10,0.02,weighted_cvl,269,760,0.033710368825843794,0.04730766884945274,0.06373218261948238,49,2
webis-touche2020,rr,10,0.02,uniform,270,756,0.06119585870519917,0.03512402483534083,0.032561444403549675,49,0
webis-touche2020,rr,10,0.02,uniform_nz,270,756,0.04705077415966247,0.03512402483534083,0.032561444403549675,49,0
webis-touche2020,rr,10,0.02,weighted,270,756,0.03512402483534083,0.03512402483534083,0.032561444403549675,49,0
webis-touche2020,rr,10,0.02,active_judge,270,756,0.08757450084790463,0.03512402483534083,0.032561444403549675,49,0
webis-touche2020,rr,10,0.02,strat_pilot,270,756,0.035513060946111195,0.03512402483534083,0.032561444403549675,49,0
webis-touche2020,rr,10,0.02,weighted_cv,270,756,0.02896373015935545,0.03512402483534083,0.032561444403549675,49,0
webis-touche2020,rr,10,0.02,active_cv,270,756,0.057471855776639734,0.03512402483534083,0.032561444403549675,49,0
webis-touche2020,rr,10,0.02,weighted_cvl,270,756,0.02720445050204002,0.03512402483534083,0.032561444403549675,49,0
webis-touche2020,rr,10,0.02,uniform,271,746,0.08971672421174648,0.05034019909543681,0.06499253030251483,49,2
webis-touche2020,rr,10,0.02,uniform_nz,271,746,0.06941475273247924,0.05034019909543681,0.06499253030251483,49,2
webis-touche2020,rr,10,0.02,weighted,271,746,0.05034019909543681,0.05034019909543681,0.06499253030251483,49,2
webis-touche2020,rr,10,0.02,active_judge,271,746,0.12942599445831818,0.05034019909543681,0.06499253030251483,49,2
webis-touche2020,rr,10,0.02,strat_pilot,271,746,0.05101050816059546,0.05034019909543681,0.06499253030251483,49,2
webis-touche2020,rr,10,0.02,weighted_cv,271,746,0.042863453074573996,0.05034019909543681,0.06499253030251483,49,2
webis-touche2020,rr,10,0.02,active_cv,271,746,0.09179071912334813,0.05034019909543681,0.06499253030251483,49,2
webis-touche2020,rr,10,0.02,weighted_cvl,271,746,0.03769266056311506,0.05034019909543681,0.06499253030251483,49,2
webis-touche2020,rr,10,0.02,uniform,272,750,0.08504034126285553,0.0424646073680887,0.04918555758116937,49,2
webis-touche2020,rr,10,0.02,uniform_nz,272,750,0.06110961534559887,0.0424646073680887,0.04918555758116937,49,2
webis-touche2020,rr,10,0.02,weighted,272,750,0.0424646073680887,0.0424646073680887,0.04918555758116937,49,2
webis-touche2020,rr,10,0.02,active_judge,272,750,0.11430808784472395,0.0424646073680887,0.04918555758116937,49,2
webis-touche2020,rr,10,0.02,strat_pilot,272,750,0.043435071937759695,0.0424646073680887,0.04918555758116937,49,2
webis-touche2020,rr,10,0.02,weighted_cv,272,750,0.03451935065843402,0.0424646073680887,0.04918555758116937,49,2
webis-touche2020,rr,10,0.02,active_cv,272,750,0.07675236218199397,0.0424646073680887,0.04918555758116937,49,2
webis-touche2020,rr,10,0.02,weighted_cvl,272,750,0.03051333061150311,0.0424646073680887,0.04918555758116937,49,2
webis-touche2020,rr,10,0.02,uniform,273,752,0.07732566776990876,0.05010035265246292,0.055578148964001706,49,2
webis-touche2020,rr,10,0.02,uniform_nz,273,752,0.061880922084216236,0.05010035265246292,0.055578148964001706,49,2
webis-touche2020,rr,10,0.02,weighted,273,752,0.05010035265246292,0.05010035265246292,0.055578148964001706,49,2
webis-touche2020,rr,10,0.02,active_judge,273,752,0.11574557904783585,0.05010035265246292,0.055578148964001706,49,2
webis-touche2020,rr,10,0.02,strat_pilot,273,752,0.05086324634269505,0.05010035265246292,0.055578148964001706,49,2
webis-touche2020,rr,10,0.02,weighted_cv,273,752,0.04623087600673038,0.05010035265246292,0.055578148964001706,49,2
webis-touche2020,rr,10,0.02,active_cv,273,752,0.09597122078809292,0.05010035265246292,0.055578148964001706,49,2
webis-touche2020,rr,10,0.02,weighted_cvl,273,752,0.04196306893659356,0.05010035265246292,0.055578148964001706,49,2
webis-touche2020,rr,10,0.02,uniform,274,751,0.07771612246803086,0.045392593228514,0.03846108986472763,49,2
webis-touche2020,rr,10,0.02,uniform_nz,274,751,0.058808821064926145,0.045392593228514,0.03846108986472763,49,2
webis-touche2020,rr,10,0.02,weighted,274,751,0.045392593228514,0.045392593228514,0.03846108986472763,49,2
webis-touche2020,rr,10,0.02,active_judge,274,751,0.1004484881438251,0.045392593228514,0.03846108986472763,49,2
webis-touche2020,rr,10,0.02,strat_pilot,274,751,0.04563843293794559,0.045392593228514,0.03846108986472763,49,2
webis-touche2020,rr,10,0.02,weighted_cv,274,751,0.03830043606099195,0.045392593228514,0.03846108986472763,49,2
webis-touche2020,rr,10,0.02,active_cv,274,751,0.08850905412107206,0.045392593228514,0.03846108986472763,49,2
webis-touche2020,rr,10,0.02,weighted_cvl,274,751,0.03634429572433745,0.045392593228514,0.03846108986472763,49,2
webis-touche2020,rr,10,0.02,uniform,275,764,0.06636546098504008,0.0334490379907874,0.04460420220337435,49,2
webis-touche2020,rr,10,0.02,uniform_nz,275,764,0.040817409958477095,0.0334490379907874,0.04460420220337435,49,2
webis-touche2020,rr,10,0.02,weighted,275,764,0.0334490379907874,0.0334490379907874,0.04460420220337435,49,2
webis-touche2020,rr,10,0.02,active_judge,275,764,0.07114562176626098,0.0334490379907874,0.04460420220337435,49,2
webis-touche2020,rr,10,0.02,strat_pilot,275,764,0.033817077287509725,0.0334490379907874,0.04460420220337435,49,2
webis-touche2020,rr,10,0.02,weighted_cv,275,764,0.02672090158164874,0.0334490379907874,0.04460420220337435,49,2
webis-touche2020,rr,10,0.02,active_cv,275,764,0.056018862779309786,0.0334490379907874,0.04460420220337435,49,2
webis-touche2020,rr,10,0.02,weighted_cvl,275,764,0.024821201401141378,0.0334490379907874,0.04460420220337435,49,2
webis-touche2020,rr,10,0.02,uniform,276,761,0.14343139656706116,0.05088262790792765,0.0677358641816846,49,2
webis-touche2020,rr,10,0.02,uniform_nz,276,761,0.07422792106443717,0.05088262790792765,0.0677358641816846,49,2
webis-touche2020,rr,10,0.02,weighted,276,761,0.05088262790792765,0.05088262790792765,0.0677358641816846,49,2
webis-touche2020,rr,10,0.02,active_judge,276,761,0.13013544045013314,0.05088262790792765,0.0677358641816846,49,2
webis-touche2020,rr,10,0.02,strat_pilot,276,761,0.05120772680615959,0.05088262790792765,0.0677358641816846,49,2
webis-touche2020,rr,10,0.02,weighted_cv,276,761,0.03962951494832455,0.05088262790792765,0.0677358641816846,49,2
webis-touche2020,rr,10,0.02,active_cv,276,761,0.05890201225265995,0.05088262790792765,0.0677358641816846,49,2
webis-touche2020,rr,10,0.02,weighted_cvl,276,761,0.03619811253486599,0.05088262790792765,0.0677358641816846,49,2
webis-touche2020,rr,10,0.02,uniform,277,756,0.08840962653203228,0.047324032491341574,0.06569009148335099,49,2
webis-touche2020,rr,10,0.02,uniform_nz,277,756,0.06458212891903008,0.047324032491341574,0.06569009148335099,49,2
webis-touche2020,rr,10,0.02,weighted,277,756,0.047324032491341574,0.047324032491341574,0.06569009148335099,49,2
webis-touche2020,rr,10,0.02,active_judge,277,756,0.13438930706959087,0.047324032491341574,0.06569009148335099,49,2
webis-touche2020,rr,10,0.02,strat_pilot,277,756,0.04789234714988789,0.047324032491341574,0.06569009148335099,49,2
webis-touche2020,rr,10,0.02,weighted_cv,277,756,0.04086806574254574,0.047324032491341574,0.06569009148335099,49,2
webis-touche2020,rr,10,0.02,active_cv,277,756,0.08225600386708323,0.047324032491341574,0.06569009148335099,49,2
webis-touche2020,rr,10,0.02,weighted_cvl,277,756,0.036008903301613826,0.047324032491341574,0.06569009148335099,49,2
webis-touche2020,rr,10,0.02,uniform,278,746,0.07589738075738264,0.04075080546543496,0.06540816200221908,49,2
webis-touche2020,rr,10,0.02,uniform_nz,278,746,0.057218066409052505,0.04075080546543496,0.06540816200221908,49,2
webis-touche2020,rr,10,0.02,weighted,278,746,0.04075080546543496,0.04075080546543496,0.06540816200221908,49,2
webis-touche2020,rr,10,0.02,active_judge,278,746,0.110391546634144,0.04075080546543496,0.06540816200221908,49,2
webis-touche2020,rr,10,0.02,strat_pilot,278,746,0.040999171401480114,0.04075080546543496,0.06540816200221908,49,2
webis-touche2020,rr,10,0.02,weighted_cv,278,746,0.03622429605151752,0.04075080546543496,0.06540816200221908,49,2
webis-touche2020,rr,10,0.02,active_cv,278,746,0.0867713276025264,0.04075080546543496,0.06540816200221908,49,2
webis-touche2020,rr,10,0.02,weighted_cvl,278,746,0.030551769762232013,0.04075080546543496,0.06540816200221908,49,2
webis-touche2020,rr,10,0.02,uniform,279,762,0.08704200133980354,0.047557387277506746,0.06472040878959709,49,2
webis-touche2020,rr,10,0.02,uniform_nz,279,762,0.0664577342487694,0.047557387277506746,0.06472040878959709,49,2
webis-touche2020,rr,10,0.02,weighted,279,762,0.047557387277506746,0.047557387277506746,0.06472040878959709,49,2
webis-touche2020,rr,10,0.02,active_judge,279,762,0.11098643512785777,0.047557387277506746,0.06472040878959709,49,2
webis-touche2020,rr,10,0.02,strat_pilot,279,762,0.048412009604678875,0.047557387277506746,0.06472040878959709,49,2
webis-touche2020,rr,10,0.02,weighted_cv,279,762,0.04316966657542949,0.047557387277506746,0.06472040878959709,49,2
webis-touche2020,rr,10,0.02,active_cv,279,762,0.09583037867884324,0.047557387277506746,0.06472040878959709,49,2
webis-touche2020,rr,10,0.02,weighted_cvl,279,762,0.038455881891109316,0.047557387277506746,0.06472040878959709,49,2
webis-touche2020,rr,10,0.02,uniform,280,760,0.15911522046992127,0.05872399968825801,0.07676276149031565,49,2
webis-touche2020,rr,10,0.02,uniform_nz,280,760,0.0860216144881236,0.05872399968825801,0.07676276149031565,49,2
webis-touche2020,rr,10,0.02,weighted,280,760,0.05872399968825801,0.05872399968825801,0.07676276149031565,49,2
webis-touche2020,rr,10,0.02,active_judge,280,760,0.15374731916207907,0.05872399968825801,0.07676276149031565,49,2
webis-touche2020,rr,10,0.02,strat_pilot,280,760,0.06040696520150287,0.05872399968825801,0.07676276149031565,49,2
webis-touche2020,rr,10,0.02,weighted_cv,280,760,0.04590949694570499,0.05872399968825801,0.07676276149031565,49,2
webis-touche2020,rr,10,0.02,active_cv,280,760,0.07908598012293264,0.05872399968825801,0.07676276149031565,49,2
webis-touche2020,rr,10,0.02,weighted_cvl,280,760,0.04596442499392492,0.05872399968825801,0.07676276149031565,49,2
webis-touche2020,rr,10,0.02,uniform,281,760,0.09109323130008781,0.05219506068840929,0.0833557263917339,49,2
webis-touche2020,rr,10,0.02,uniform_nz,281,760,0.07231560427247982,0.05219506068840929,0.0833557263917339,49,2
webis-touche2020,rr,10,0.02,weighted,281,760,0.05219506068840929,0.05219506068840929,0.0833557263917339,49,2
webis-touche2020,rr,10,0.02,active_judge,281,760,0.13136585596918554,0.05219506068840929,0.0833557263917339,49,2
webis-touche2020,rr,10,0.02,strat_pilot,281,760,0.05301981279931348,0.05219506068840929,0.0833557263917339,49,2
webis-touche2020,rr,10,0.02,weighted_cv,281,760,0.0455395874484432,0.05219506068840929,0.0833557263917339,49,2
webis-touche2020,rr,10,0.02,active_cv,281,760,0.08837819484184972,0.05219506068840929,0.0833557263917339,49,2
webis-touche2020,rr,10,0.02,weighted_cvl,281,760,0.0399839840049626,0.05219506068840929,0.0833557263917339,49,2
webis-touche2020,rr,10,0.02,uniform,282,765,0.14880329137683052,0.05690250142317883,0.05946739789975758,49,2
webis-touche2020,rr,10,0.02,uniform_nz,282,765,0.08351087162485932,0.05690250142317883,0.05946739789975758,49,2
webis-touche2020,rr,10,0.02,weighted,282,765,0.05690250142317883,0.05690250142317883,0.05946739789975758,49,2
webis-touche2020,rr,10,0.02,active_judge,282,765,0.14477378051684037,0.05690250142317883,0.05946739789975758,49,2
webis-touche2020,rr,10,0.02,strat_pilot,282,765,0.058222342887264154,0.05690250142317883,0.05946739789975758,49,2
webis-touche2020,rr,10,0.02,weighted_cv,282,765,0.04442719412279246,0.05690250142317883,0.05946739789975758,49,2
webis-touche2020,rr,10,0.02,active_cv,282,765,0.092511583423031,0.05690250142317883,0.05946739789975758,49,2
webis-touche2020,rr,10,0.02,weighted_cvl,282,765,0.042421210718233224,0.05690250142317883,0.05946739789975758,49,2
webis-touche2020,rr,10,0.02,uniform,283,751,0.14451690396927902,0.043352390701320256,0.07669092759254624,49,2
webis-touche2020,rr,10,0.02,uniform_nz,283,751,0.06874688311507748,0.043352390701320256,0.07669092759254624,49,2
webis-touche2020,rr,10,0.02,weighted,283,751,0.043352390701320256,0.043352390701320256,0.07669092759254624,49,2
webis-touche2020,rr,10,0.02,active_judge,283,751,0.12962263309468672,0.043352390701320256,0.07669092759254624,49,2
webis-touche2020,rr,10,0.02,strat_pilot,283,751,0.044267659288451014,0.043352390701320256,0.07669092759254624,49,2
webis-touche2020,rr,10,0.02,weighted_cv,283,751,0.0328293781147985,0.043352390701320256,0.07669092759254624,49,2
webis-touche2020,rr,10,0.02,active_cv,283,751,0.05881346920769166,0.043352390701320256,0.07669092759254624,49,2
webis-touche2020,rr,10,0.02,weighted_cvl,283,751,0.03265964868517036,0.043352390701320256,0.07669092759254624,49,2
webis-touche2020,rr,10,0.02,uniform,284,765,0.07249672093262446,0.037746953926625006,0.042672086904385995,49,2
webis-touche2020,rr,10,0.02,uniform_nz,284,765,0.04736883329730335,0.037746953926625006,0.042672086904385995,49,2
webis-touche2020,rr,10,0.02,weighted,284,765,0.037746953926625006,0.037746953926625006,0.042672086904385995,49,2
webis-touche2020,rr,10,0.02,active_judge,284,765,0.0779348205578744,0.037746953926625006,0.042672086904385995,49,2
webis-touche2020,rr,10,0.02,strat_pilot,284,765,0.03810924115729294,0.037746953926625006,0.042672086904385995,49,2
webis-touche2020,rr,10,0.02,weighted_cv,284,765,0.03277306864040635,0.037746953926625006,0.042672086904385995,49,2
webis-touche2020,rr,10,0.02,active_cv,284,765,0.0713769300178876,0.037746953926625006,0.042672086904385995,49,2
webis-touche2020,rr,10,0.02,weighted_cvl,284,765,0.03145125588829833,0.037746953926625006,0.042672086904385995,49,2
webis-touche2020,rr,10,0.02,uniform,285,759,0.06127603975392577,0.03812351352764588,0.06226321190438165,49,2
webis-touche2020,rr,10,0.02,uniform_nz,285,759,0.04828494893134293,0.03812351352764588,0.06226321190438165,49,2
webis-touche2020,rr,10,0.02,weighted,285,759,0.03812351352764588,0.03812351352764588,0.06226321190438165,49,2
webis-touche2020,rr,10,0.02,active_judge,285,759,0.08593842903061621,0.03812351352764588,0.06226321190438165,49,2
webis-touche2020,rr,10,0.02,strat_pilot,285,759,0.03854854796868496,0.03812351352764588,0.06226321190438165,49,2
webis-touche2020,rr,10,0.02,weighted_cv,285,759,0.03467822365900107,0.03812351352764588,0.06226321190438165,49,2
webis-touche2020,rr,10,0.02,active_cv,285,759,0.08294724525256011,0.03812351352764588,0.06226321190438165,49,2
webis-touche2020,rr,10,0.02,weighted_cvl,285,759,0.03263082110807136,0.03812351352764588,0.06226321190438165,49,2
webis-touche2020,rr,10,0.02,uniform,286,766,0.08859422278939184,0.050750978440153104,0.06491799483053352,49,2
webis-touche2020,rr,10,0.02,uniform_nz,286,766,0.07065762847545508,0.050750978440153104,0.06491799483053352,49,2
webis-touche2020,rr,10,0.02,weighted,286,766,0.050750978440153104,0.050750978440153104,0.06491799483053352,49,2
webis-touche2020,rr,10,0.02,active_judge,286,766,0.11965536742150935,0.050750978440153104,0.06491799483053352,49,2
webis-touche2020,rr,10,0.02,strat_pilot,286,766,0.0514493528388527,0.050750978440153104,0.06491799483053352,49,2
webis-touche2020,rr,10,0.02,weighted_cv,286,766,0.04588472738928345,0.050750978440153104,0.06491799483053352,49,2
webis-touche2020,rr,10,0.02,active_cv,286,766,0.09886504184044725,0.050750978440153104,0.06491799483053352,49,2
webis-touche2020,rr,10,0.02,weighted_cvl,286,766,0.04115593352076715,0.050750978440153104,0.06491799483053352,49,2
webis-touche2020,rr,10,0.02,uniform,287,770,0.15245561203069213,0.05398578215880203,0.05823074932749857,49,2
webis-touche2020,rr,10,0.02,uniform_nz,287,770,0.08125390239298512,0.05398578215880203,0.05823074932749857,49,2
webis-touche2020,rr,10,0.02,weighted,287,770,0.05398578215880203,0.05398578215880203,0.05823074932749857,49,2
webis-touche2020,rr,10,0.02,active_judge,287,770,0.14449868365023294,0.05398578215880203,0.05823074932749857,49,2
webis-touche2020,rr,10,0.02,strat_pilot,287,770,0.05460897521975586,0.05398578215880203,0.05823074932749857,49,2
webis-touche2020,rr,10,0.02,weighted_cv,287,770,0.04210633654069455,0.05398578215880203,0.05823074932749857,49,2
webis-touche2020,rr,10,0.02,active_cv,287,770,0.08684840430020879,0.05398578215880203,0.05823074932749857,49,2
webis-touche2020,rr,10,0.02,weighted_cvl,287,770,0.039424063791765426,0.05398578215880203,0.05823074932749857,49,2
webis-touche2020,rr,10,0.02,uniform,288,760,0.16311833189260594,0.05062176565850633,0.05399557370310498,49,2
webis-touche2020,rr,10,0.02,uniform_nz,288,760,0.08634379216838337,0.05062176565850633,0.05399557370310498,49,2
webis-touche2020,rr,10,0.02,weighted,288,760,0.05062176565850633,0.05062176565850633,0.05399557370310498,49,2
webis-touche2020,rr,10,0.02,active_judge,288,760,0.1476919793458858,0.05062176565850633,0.05399557370310498,49,2
webis-touche2020,rr,10,0.02,strat_pilot,288,760,0.051939531551189175,0.05062176565850633,0.05399557370310498,49,2
webis-touche2020,rr,10,0.02,weighted_cv,288,760,0.03864592055492093,0.05062176565850633,0.05399557370310498,49,2
webis-touche2020,rr,10,0.02,active_cv,288,760,0.07795947794402794,0.05062176565850633,0.05399557370310498,49,2
webis-touche2020,rr,10,0.02,weighted_cvl,288,760,0.03474128628228091,0.05062176565850633,0.05399557370310498,49,2
webis-touche2020,rr,10,0.02,uniform,289,758,0.11501112917006946,0.0675070270976812,0.12030060923001179,49,2
webis-touche2020,rr,10,0.02,uniform_nz,289,758,0.08710614561961001,0.0675070270976812,0.12030060923001179,49,2
webis-touche2020,rr,10,0.02,weighted,289,758,0.0675070270976812,0.0675070270976812,0.12030060923001179,49,2
webis-touche2020,rr,10,0.02,active_judge,289,758,0.15508216955582743,0.0675070270976812,0.12030060923001179,49,2
webis-touche2020,rr,10,0.02,strat_pilot,289,758,0.06988906667804858,0.0675070270976812,0.12030060923001179,49,2
webis-touche2020,rr,10,0.02,weighted_cv,289,758,0.05155921034217986,0.0675070270976812,0.12030060923001179,49,2
webis-touche2020,rr,10,0.02,active_cv,289,758,0.10749564694518927,0.0675070270976812,0.12030060923001179,49,2
webis-touche2020,rr,10,0.02,weighted_cvl,289,758,0.047515549512794644,0.0675070270976812,0.12030060923001179,49,2
webis-touche2020,rr,10,0.02,uniform,290,752,0.10138739994030133,0.058629540906493124,0.06521109130595602,49,2
webis-touche2020,rr,10,0.02,uniform_nz,290,752,0.07561509479533302,0.058629540906493124,0.06521109130595602,49,2
webis-touche2020,rr,10,0.02,weighted,290,752,0.058629540906493124,0.058629540906493124,0.06521109130595602,49,2
webis-touche2020,rr,10,0.02,active_judge,290,752,0.12142132572588885,0.058629540906493124,0.06521109130595602,49,2
webis-touche2020,rr,10,0.02,strat_pilot,290,752,0.05954843533630637,0.058629540906493124,0.06521109130595602,49,2
webis-touche2020,rr,10,0.02,weighted_cv,290,752,0.054827492429047185,0.058629540906493124,0.06521109130595602,49,2
webis-touche2020,rr,10,0.02,active_cv,290,752,0.13653192105374895,0.058629540906493124,0.06521109130595602,49,2
webis-touche2020,rr,10,0.02,weighted_cvl,290,752,0.047450671002897675,0.058629540906493124,0.06521109130595602,49,2
webis-touche2020,rr,10,0.02,uniform,291,764,0.09750625535538159,0.05272255961625916,0.048381358049701687,49,2
webis-touche2020,rr,10,0.02,uniform_nz,291,764,0.07166889860572877,0.05272255961625916,0.048381358049701687,49,2
webis-touche2020,rr,10,0.02,weighted,291,764,0.05272255961625916,0.05272255961625916,0.048381358049701687,49,2
webis-touche2020,rr,10,0.02,active_judge,291,764,0.13462920014119054,0.05272255961625916,0.048381358049701687,49,2
webis-touche2020,rr,10,0.02,strat_pilot,291,764,0.05373227755818013,0.05272255961625916,0.048381358049701687,49,2
webis-touche2020,rr,10,0.02,weighted_cv,291,764,0.04301873734302293,0.05272255961625916,0.048381358049701687,49,2
webis-touche2020,rr,10,0.02,active_cv,291,764,0.08601396461930563,0.05272255961625916,0.048381358049701687,49,2
webis-touche2020,rr,10,0.02,weighted_cvl,291,764,0.03868541096078274,0.05272255961625916,0.048381358049701687,49,2
webis-touche2020,rr,10,0.02,uniform,292,769,0.08752014387035827,0.04578896983443501,0.038676791464818124,49,2
webis-touche2020,rr,10,0.02,uniform_nz,292,769,0.0585351909936499,0.04578896983443501,0.038676791464818124,49,2
webis-touche2020,rr,10,0.02,weighted,292,769,0.04578896983443501,0.04578896983443501,0.038676791464818124,49,2
webis-touche2020,rr,10,0.02,active_judge,292,769,0.1013883954089094,0.04578896983443501,0.038676791464818124,49,2
webis-touche2020,rr,10,0.02,strat_pilot,292,769,0.04634592157134444,0.04578896983443501,0.038676791464818124,49,2
webis-touche2020,rr,10,0.02,weighted_cv,292,769,0.03716367160496449,0.04578896983443501,0.038676791464818124,49,2
webis-touche2020,rr,10,0.02,active_cv,292,769,0.07174842942044753,0.04578896983443501,0.038676791464818124,49,2
webis-touche2020,rr,10,0.02,weighted_cvl,292,769,0.03287987829726051,0.04578896983443501,0.038676791464818124,49,2
webis-touche2020,rr,10,0.02,uniform,293,764,0.058250032490465106,0.02846075371164099,0.030732214533197175,49,0
webis-touche2020,rr,10,0.02,uniform_nz,293,764,0.04284693819467185,0.02846075371164099,0.030732214533197175,49,0
webis-touche2020,rr,10,0.02,weighted,293,764,0.02846075371164099,0.02846075371164099,0.030732214533197175,49,0
webis-touche2020,rr,10,0.02,active_judge,293,764,0.06800547169365354,0.02846075371164099,0.030732214533197175,49,0
webis-touche2020,rr,10,0.02,strat_pilot,293,764,0.02815641078616079,0.02846075371164099,0.030732214533197175,49,0
webis-touche2020,rr,10,0.02,weighted_cv,293,764,0.024919545828952925,0.02846075371164099,0.030732214533197175,49,0
webis-touche2020,rr,10,0.02,active_cv,293,764,0.05299611940189286,0.02846075371164099,0.030732214533197175,49,0
webis-touche2020,rr,10,0.02,weighted_cvl,293,764,0.02279526832170613,0.02846075371164099,0.030732214533197175,49,0
webis-touche2020,rr,10,0.02,uniform,294,735,0.1754925344277322,0.0640095507215993,0.07286026245855969,49,2
webis-touche2020,rr,10,0.02,uniform_nz,294,735,0.0983474760307737,0.0640095507215993,0.07286026245855969,49,2
webis-touche2020,rr,10,0.02,weighted,294,735,0.0640095507215993,0.0640095507215993,0.07286026245855969,49,2
webis-touche2020,rr,10,0.02,active_judge,294,735,0.18652296865193368,0.0640095507215993,0.07286026245855969,49,2
webis-touche2020,rr,10,0.02,strat_pilot,294,735,0.06525028994150736,0.0640095507215993,0.07286026245855969,49,2
webis-touche2020,rr,10,0.02,weighted_cv,294,735,0.0509075310951113,0.0640095507215993,0.07286026245855969,49,2
webis-touche2020,rr,10,0.02,active_cv,294,735,0.09565801222130758,0.0640095507215993,0.07286026245855969,49,2
webis-touche2020,rr,10,0.02,weighted_cvl,294,735,0.045756673521113116,0.0640095507215993,0.07286026245855969,49,2
webis-touche2020,rr,10,0.02,uniform,295,757,0.16283174444666507,0.054834074378053946,0.08455571545346417,49,2
webis-touche2020,rr,10,0.02,uniform_nz,295,757,0.0876967453879776,0.054834074378053946,0.08455571545346417,49,2
webis-touche2020,rr,10,0.02,weighted,295,757,0.054834074378053946,0.054834074378053946,0.08455571545346417,49,2
webis-touche2020,rr,10,0.02,active_judge,295,757,0.17596389214207636,0.054834074378053946,0.08455571545346417,49,2
webis-touche2020,rr,10,0.02,strat_pilot,295,757,0.056207172396102914,0.054834074378053946,0.08455571545346417,49,2
webis-touche2020,rr,10,0.02,weighted_cv,295,757,0.04271366997173549,0.054834074378053946,0.08455571545346417,49,2
webis-touche2020,rr,10,0.02,active_cv,295,757,0.09084451832824045,0.054834074378053946,0.08455571545346417,49,2
webis-touche2020,rr,10,0.02,weighted_cvl,295,757,0.03903526605019277,0.054834074378053946,0.08455571545346417,49,2
webis-touche2020,rr,10,0.02,uniform,296,757,0.16843690740862977,0.06404776579056029,0.08218061678317096,49,2
webis-touche2020,rr,10,0.02,uniform_nz,296,757,0.09956398441700459,0.06404776579056029,0.08218061678317096,49,2
webis-touche2020,rr,10,0.02,weighted,296,757,0.06404776579056029,0.06404776579056029,0.08218061678317096,49,2
webis-touche2020,rr,10,0.02,active_judge,296,757,0.17922360963567083,0.06404776579056029,0.08218061678317096,49,2
webis-touche2020,rr,10,0.02,strat_pilot,296,757,0.06571013879556162,0.06404776579056029,0.08218061678317096,49,2
webis-touche2020,rr,10,0.02,weighted_cv,296,757,0.04988212856016446,0.06404776579056029,0.08218061678317096,49,2
webis-touche2020,rr,10,0.02,active_cv,296,757,0.09067282654471172,0.06404776579056029,0.08218061678317096,49,2
webis-touche2020,rr,10,0.02,weighted_cvl,296,757,0.04519507216943129,0.06404776579056029,0.08218061678317096,49,2
webis-touche2020,rr,10,0.02,uniform,297,759,0.07005328966043163,0.039702811540228866,0.02425776347835171,49,0
webis-touche2020,rr,10,0.02,uniform_nz,297,759,0.048490641181584485,0.039702811540228866,0.02425776347835171,49,0
webis-touche2020,rr,10,0.02,weighted,297,759,0.039702811540228866,0.039702811540228866,0.02425776347835171,49,0
webis-touche2020,rr,10,0.02,active_judge,297,759,0.09209222824196432,0.039702811540228866,0.02425776347835171,49,0
webis-touche2020,rr,10,0.02,strat_pilot,297,759,0.040703959366848765,0.039702811540228866,0.02425776347835171,49,0
webis-touche2020,rr,10,0.02,weighted_cv,297,759,0.031510078884613976,0.039702811540228866,0.02425776347835171,49,0
webis-touche2020,rr,10,0.02,active_cv,297,759,0.05929189069296785,0.039702811540228866,0.02425776347835171,49,0
webis-touche2020,rr,10,0.02,weighted_cvl,297,759,0.03158059885364275,0.039702811540228866,0.02425776347835171,49,0
webis-touche2020,rr,10,0.02,uniform,298,765,0.09691947820796147,0.0707670824805979,0.09605650867638978,49,2
webis-touche2020,rr,10,0.02,uniform_nz,298,765,0.08202496462264863,0.0707670824805979,0.09605650867638978,49,2
webis-touche2020,rr,10,0.02,weighted,298,765,0.0707670824805979,0.0707670824805979,0.09605650867638978,49,2
webis-touche2020,rr,10,0.02,active_judge,298,765,0.1533014468014482,0.0707670824805979,0.09605650867638978,49,2
webis-touche2020,rr,10,0.02,strat_pilot,298,765,0.0714843161006612,0.0707670824805979,0.09605650867638978,49,2
webis-touche2020,rr,10,0.02,weighted_cv,298,765,0.06311289434244276,0.0707670824805979,0.09605650867638978,49,2
webis-touche2020,rr,10,0.02,active_cv,298,765,0.13755418371383196,0.0707670824805979,0.09605650867638978,49,2
webis-touche2020,rr,10,0.02,weighted_cvl,298,765,0.05536836917690939,0.0707670824805979,0.09605650867638978,49,2
webis-touche2020,rr,10,0.02,uniform,299,760,0.08899191496003957,0.05551715346475063,0.048754164856819965,49,2
webis-touche2020,rr,10,0.02,uniform_nz,299,760,0.06751878519736476,0.05551715346475063,0.048754164856819965,49,2
webis-touche2020,rr,10,0.02,weighted,299,760,0.05551715346475063,0.05551715346475063,0.048754164856819965,49,2
webis-touche2020,rr,10,0.02,active_judge,299,760,0.1284827713643634,0.05551715346475063,0.048754164856819965,49,2
webis-touche2020,rr,10,0.02,strat_pilot,299,760,0.05669671284393361,0.05551715346475063,0.048754164856819965,49,2
webis-touche2020,rr,10,0.02,weighted_cv,299,760,0.04985396364076768,0.05551715346475063,0.048754164856819965,49,2
webis-touche2020,rr,10,0.02,active_cv,299,760,0.11144547861090912,0.05551715346475063,0.048754164856819965,49,2
webis-touche2020,rr,10,0.02,weighted_cvl,299,760,0.04560690200479613,0.05551715346475063,0.048754164856819965,49,2
