collection,judge,budget_full_eq,eps,method,draw,docs,pilot,act,wrong,regret,v_pilot,v_pilot_ref,slack_pilot,slack_true,n_queries,b,n_sampled
dbpedia-entity,rr,20,0.01,uniform,0,1439,1043,0,0,0.0,1.3911595738847624,0.08477926599840577,0.18671989478060527,0.01,399,4,99
dbpedia-entity,rr,20,0.01,uniform_nz,0,1433,1043,0,0,0.0,0.25324627090942015,0.08477926599840577,0.18671989478060527,0.01,399,4,99
dbpedia-entity,rr,20,0.01,weighted,0,1457,1043,1,0,0.0,0.08477926599840577,0.08477926599840577,0.18671989478060527,0.01,399,4,99
dbpedia-entity,rr,20,0.01,active_judge,0,1428,1043,1,0,0.0,0.4794245322886108,0.08477926599840577,0.18671989478060527,0.01,399,4,99
dbpedia-entity,rr,20,0.01,strat_pilot,0,1446,1043,0,0,0.0,0.08494387842247206,0.08477926599840577,0.18671989478060527,0.01,399,4,99
dbpedia-entity,rr,20,0.01,weighted_cv,0,1415,1043,1,0,0.0,0.0989563418453107,0.08477926599840577,0.18671989478060527,0.01,399,4,99
dbpedia-entity,rr,20,0.01,active_cv,0,1470,1043,1,0,0.0,0.15336297544204305,0.08477926599840577,0.18671989478060527,0.01,399,4,99
dbpedia-entity,rr,20,0.01,weighted_cvl,0,1430,1043,1,0,0.0,0.08477926599840577,0.08477926599840577,0.18671989478060527,0.01,399,4,99
dbpedia-entity,rr,20,0.01,uniform,1,1642,1051,0,0,0.0,0.2246722986292445,0.10323630884012222,0.05018605921082702,0.01,399,4,156
dbpedia-entity,rr,20,0.01,uniform_nz,1,1666,1051,0,0,0.0,0.13772001198613176,0.10323630884012222,0.05018605921082702,0.01,399,4,156
dbpedia-entity,rr,20,0.01,weighted,1,1704,1051,0,0,0.0,0.10323630884012222,0.10323630884012222,0.05018605921082702,0.01,399,4,156
dbpedia-entity,rr,20,0.01,active_judge,1,1638,1051,0,0,0.0,0.2278137016558631,0.10323630884012222,0.05018605921082702,0.01,399,4,156
dbpedia-entity,rr,20,0.01,strat_pilot,1,1642,1051,0,0,0.0,0.10345203249673178,0.10323630884012222,0.05018605921082702,0.01,399,4,156
dbpedia-entity,rr,20,0.01,weighted_cv,1,1686,1051,0,0,0.0,0.0762649053876214,0.10323630884012222,0.05018605921082702,0.01,399,4,156
dbpedia-entity,rr,20,0.01,active_cv,1,1686,1051,0,0,0.0,0.08520625049453431,0.10323630884012222,0.05018605921082702,0.01,399,4,156
dbpedia-entity,rr,20,0.01,weighted_cvl,1,1671,1051,0,0,0.0,0.07223458851091777,0.10323630884012222,0.05018605921082702,0.01,399,4,156
dbpedia-entity,rr,20,0.01,uniform,2,1449,998,0,0,0.0,0.09758116934269907,0.04942755176840626,0.0503803325736796,0.01,399,4,112
dbpedia-entity,rr,20,0.01,uniform_nz,2,1467,998,0,0,0.0,0.06183196399301709,0.04942755176840626,0.0503803325736796,0.01,399,4,112
dbpedia-entity,rr,20,0.01,weighted,2,1490,998,0,0,0.0,0.04942755176840626,0.04942755176840626,0.0503803325736796,0.01,399,4,112
dbpedia-entity,rr,20,0.01,active_judge,2,1431,998,0,0,0.0,0.13208848174791704,0.04942755176840626,0.0503803325736796,0.01,399,4,112
dbpedia-entity,rr,20,0.01,strat_pilot,2,1442,998,1,0,0.0,0.049136221567428084,0.04942755176840626,0.0503803325736796,0.01,399,4,112
dbpedia-entity,rr,20,0.01,weighted_cv,2,1464,998,0,0,0.0,0.0356409549619325,0.04942755176840626,0.0503803325736796,0.01,399,4,112
dbpedia-entity,rr,20,0.01,active_cv,2,1450,998,0,0,0.0,0.03634424835010995,0.04942755176840626,0.0503803325736796,0.01,399,4,112
dbpedia-entity,rr,20,0.01,weighted_cvl,2,1449,998,0,0,0.0,0.03218903925543214,0.04942755176840626,0.0503803325736796,0.01,399,4,112
dbpedia-entity,rr,20,0.01,uniform,3,1712,1069,0,0,0.0,0.259853812859113,0.08703647255488436,0.03071159103391541,0.01,399,4,156
dbpedia-entity,rr,20,0.01,uniform_nz,3,1705,1069,0,0,0.0,0.14461221848694908,0.08703647255488436,0.03071159103391541,0.01,399,4,156
dbpedia-entity,rr,20,0.01,weighted,3,1695,1069,0,0,0.0,0.08703647255488436,0.08703647255488436,0.03071159103391541,0.01,399,4,156
dbpedia-entity,rr,20,0.01,active_judge,3,1695,1069,0,0,0.0,0.22162033242597223,0.08703647255488436,0.03071159103391541,0.01,399,4,156
dbpedia-entity,rr,20,0.01,strat_pilot,3,1695,1069,0,0,0.0,0.08686421176484856,0.08703647255488436,0.03071159103391541,0.01,399,4,156
dbpedia-entity,rr,20,0.01,weighted_cv,3,1703,1069,0,0,0.0,0.07262887308343849,0.08703647255488436,0.03071159103391541,0.01,399,4,156
dbpedia-entity,rr,20,0.01,active_cv,3,1707,1069,1,0,0.0,0.09562836371338465,0.08703647255488436,0.03071159103391541,0.01,399,4,156
dbpedia-entity,rr,20,0.01,weighted_cvl,3,1721,1069,0,0,0.0,0.05627126487503077,0.08703647255488436,0.03071159103391541,0.01,399,4,156
dbpedia-entity,rr,20,0.01,uniform,4,1749,1132,0,0,0.006493517989627828,0.25785178865536323,0.09197521310462703,0.011647064425719026,0.003506482010372172,399,4,156
dbpedia-entity,rr,20,0.01,uniform_nz,4,1741,1132,0,0,0.006493517989627828,0.1385822619325309,0.09197521310462703,0.011647064425719026,0.003506482010372172,399,4,156
dbpedia-entity,rr,20,0.01,weighted,4,1759,1132,0,0,0.006493517989627828,0.09197521310462703,0.09197521310462703,0.011647064425719026,0.003506482010372172,399,4,156
dbpedia-entity,rr,20,0.01,active_judge,4,1793,1132,0,0,0.006493517989627828,0.2257151686771647,0.09197521310462703,0.011647064425719026,0.003506482010372172,399,4,156
dbpedia-entity,rr,20,0.01,strat_pilot,4,1747,1132,0,0,0.006493517989627828,0.09197654649342865,0.09197521310462703,0.011647064425719026,0.003506482010372172,399,4,156
dbpedia-entity,rr,20,0.01,weighted_cv,4,1759,1132,0,0,0.006493517989627828,0.07091041454436946,0.09197521310462703,0.011647064425719026,0.003506482010372172,399,4,156
dbpedia-entity,rr,20,0.01,active_cv,4,1777,1132,0,0,0.006493517989627828,0.09632074849835708,0.09197521310462703,0.011647064425719026,0.003506482010372172,399,4,156
dbpedia-entity,rr,20,0.01,weighted_cvl,4,1786,1132,0,0,0.006493517989627828,0.060394365532155346,0.09197521310462703,0.011647064425719026,0.003506482010372172,399,4,156
dbpedia-entity,rr,20,0.01,uniform,5,1459,988,0,0,0.0,0.1555111429014512,0.03866929761019065,0.047955854594599216,0.01,399,4,112
dbpedia-entity,rr,20,0.01,uniform_nz,5,1412,988,0,0,0.0,0.04266435516604343,0.03866929761019065,0.047955854594599216,0.01,399,4,112
dbpedia-entity,rr,20,0.01,weighted,5,1442,988,0,0,0.0,0.03866929761019065,0.03866929761019065,0.047955854594599216,0.01,399,4,112
dbpedia-entity,rr,20,0.01,active_judge,5,1446,988,0,0,0.0,0.12832508240883658,0.03866929761019065,0.047955854594599216,0.01,399,4,112
dbpedia-entity,rr,20,0.01,strat_pilot,5,1461,988,0,0,0.0,0.038467491949162255,0.03866929761019065,0.047955854594599216,0.01,399,4,112
dbpedia-entity,rr,20,0.01,weighted_cv,5,1433,988,0,0,0.0,0.03908301073911474,0.03866929761019065,0.047955854594599216,0.01,399,4,112
dbpedia-entity,rr,20,0.01,active_cv,5,1445,988,0,0,0.0,0.06392631303863103,0.03866929761019065,0.047955854594599216,0.01,399,4,112
dbpedia-entity,rr,20,0.01,weighted_cvl,5,1421,988,0,0,0.0,0.023421891528496285,0.03866929761019065,0.047955854594599216,0.01,399,4,112
dbpedia-entity,rr,20,0.01,uniform,6,1462,1065,0,0,0.0,0.19739149296338537,0.04265103358855758,0.0671465564513529,0.01,399,4,112
dbpedia-entity,rr,20,0.01,uniform_nz,6,1516,1065,0,0,0.0,0.07316035871791227,0.04265103358855758,0.0671465564513529,0.01,399,4,112
dbpedia-entity,rr,20,0.01,weighted,6,1524,1065,0,0,0.0,0.04265103358855758,0.04265103358855758,0.0671465564513529,0.01,399,4,112
dbpedia-entity,rr,20,0.01,active_judge,6,1491,1065,0,0,0.0,0.17231010752541578,0.04265103358855758,0.0671465564513529,0.01,399,4,112
dbpedia-entity,rr,20,0.01,strat_pilot,6,1554,1065,0,0,0.0,0.040331209823676974,0.04265103358855758,0.0671465564513529,0.01,399,4,112
dbpedia-entity,rr,20,0.01,weighted_cv,6,1507,1065,0,0,0.0,0.05286689602544294,0.04265103358855758,0.0671465564513529,0.01,399,4,112
dbpedia-entity,rr,20,0.01,active_cv,6,1464,1065,0,0,0.0,0.08070259762100898,0.04265103358855758,0.0671465564513529,0.01,399,4,112
dbpedia-entity,rr,20,0.01,weighted_cvl,6,1499,1065,0,0,0.0,0.0323479576629491,0.04265103358855758,0.0671465564513529,0.01,399,4,112
dbpedia-entity,rr,20,0.01,uniform,7,1678,1034,0,0,0.0,0.15820607360108777,0.07956881753388478,0.040520970573450714,0.01,399,4,156
dbpedia-entity,rr,20,0.01,uniform_nz,7,1647,1034,0,0,0.0,0.08990945023177152,0.07956881753388478,0.040520970573450714,0.01,399,4,156
dbpedia-entity,rr,20,0.01,weighted,7,1643,1034,0,0,0.0,0.07956881753388478,0.07956881753388478,0.040520970573450714,0.01,399,4,156
dbpedia-entity,rr,20,0.01,active_judge,7,1687,1034,0,0,0.0,0.17631420592813368,0.07956881753388478,0.040520970573450714,0.01,399,4,156
dbpedia-entity,rr,20,0.01,strat_pilot,7,1624,1034,0,0,0.0,0.07955016961553843,0.07956881753388478,0.040520970573450714,0.01,399,4,156
dbpedia-entity,rr,20,0.01,weighted_cv,7,1634,1034,0,0,0.0,0.0551423450049849,0.07956881753388478,0.040520970573450714,0.01,399,4,156
dbpedia-entity,rr,20,0.01,active_cv,7,1676,1034,0,0,0.0,0.07224013254146619,0.07956881753388478,0.040520970573450714,0.01,399,4,156
dbpedia-entity,rr,20,0.01,weighted_cvl,7,1642,1034,0,0,0.0,0.06033807234345802,0.07956881753388478,0.040520970573450714,0.01,399,4,156
dbpedia-entity,rr,20,0.01,uniform,8,1685,1051,0,0,0.0,0.18648141637379545,0.07591055737938526,0.027030536841749664,0.01,399,4,156
dbpedia-entity,rr,20,0.01,uniform_nz,8,1690,1051,0,0,0.0,0.09429115569066152,0.07591055737938526,0.027030536841749664,0.01,399,4,156
dbpedia-entity,rr,20,0.01,weighted,8,1696,1051,1,0,0.0,0.07591055737938526,0.07591055737938526,0.027030536841749664,0.01,399,4,156
dbpedia-entity,rr,20,0.01,active_judge,8,1671,1051,0,0,0.0,0.21090568790388953,0.07591055737938526,0.027030536841749664,0.01,399,4,156
dbpedia-entity,rr,20,0.01,strat_pilot,8,1674,1051,1,0,0.0,0.07553094981402327,0.07591055737938526,0.027030536841749664,0.01,399,4,156
dbpedia-entity,rr,20,0.01,weighted_cv,8,1650,1051,0,0,0.0,0.07548241660547539,0.07591055737938526,0.027030536841749664,0.01,399,4,156
dbpedia-entity,rr,20,0.01,active_cv,8,1692,1051,1,0,0.0,0.13243891314803963,0.07591055737938526,0.027030536841749664,0.01,399,4,156
dbpedia-entity,rr,20,0.01,weighted_cvl,8,1680,1051,1,0,0.0,0.0654145766023053,0.07591055737938526,0.027030536841749664,0.01,399,4,156
dbpedia-entity,rr,20,0.01,uniform,9,1398,918,0,0,0.017348150004479646,0.3135528807871159,0.07276072508510645,0.025782636768837026,-0.007348150004479645,399,4,112
dbpedia-entity,rr,20,0.01,uniform_nz,9,1395,918,0,0,0.017348150004479646,0.13508099397429946,0.07276072508510645,0.025782636768837026,-0.007348150004479645,399,4,112
dbpedia-entity,rr,20,0.01,weighted,9,1384,918,0,0,0.017348150004479646,0.07276072508510645,0.07276072508510645,0.025782636768837026,-0.007348150004479645,399,4,112
dbpedia-entity,rr,20,0.01,active_judge,9,1357,918,0,0,0.017348150004479646,0.24978876166773353,0.07276072508510645,0.025782636768837026,-0.007348150004479645,399,4,112
dbpedia-entity,rr,20,0.01,strat_pilot,9,1358,918,0,0,0.017348150004479646,0.07274450690316231,0.07276072508510645,0.025782636768837026,-0.007348150004479645,399,4,112
dbpedia-entity,rr,20,0.01,weighted_cv,9,1369,918,0,0,0.017348150004479646,0.09233402636595792,0.07276072508510645,0.025782636768837026,-0.007348150004479645,399,4,112
dbpedia-entity,rr,20,0.01,active_cv,9,1345,918,0,0,0.017348150004479646,0.14652286017181634,0.07276072508510645,0.025782636768837026,-0.007348150004479645,399,4,112
dbpedia-entity,rr,20,0.01,weighted_cvl,9,1375,918,0,0,0.017348150004479646,0.05374545295085405,0.07276072508510645,0.025782636768837026,-0.007348150004479645,399,4,112
dbpedia-entity,rr,20,0.01,uniform,10,1476,1023,0,0,0.014643572358832568,0.27346588166595065,0.043787720414687314,0.03293326563367351,-0.004643572358832568,399,4,112
dbpedia-entity,rr,20,0.01,uniform_nz,10,1486,1023,0,0,0.014643572358832568,0.09014921231083614,0.043787720414687314,0.03293326563367351,-0.004643572358832568,399,4,112
dbpedia-entity,rr,20,0.01,weighted,10,1464,1023,0,0,0.014643572358832568,0.043787720414687314,0.043787720414687314,0.03293326563367351,-0.004643572358832568,399,4,112
dbpedia-entity,rr,20,0.01,active_judge,10,1457,1023,0,0,0.014643572358832568,0.16173749246225597,0.043787720414687314,0.03293326563367351,-0.004643572358832568,399,4,112
dbpedia-entity,rr,20,0.01,strat_pilot,10,1507,1023,0,0,0.014643572358832568,0.04268983318318287,0.043787720414687314,0.03293326563367351,-0.004643572358832568,399,4,112
dbpedia-entity,rr,20,0.01,weighted_cv,10,1481,1023,0,0,0.014643572358832568,0.058809277005324546,0.043787720414687314,0.03293326563367351,-0.004643572358832568,399,4,112
dbpedia-entity,rr,20,0.01,active_cv,10,1490,1023,0,0,0.014643572358832568,0.07684897113970846,0.043787720414687314,0.03293326563367351,-0.004643572358832568,399,4,112
dbpedia-entity,rr,20,0.01,weighted_cvl,10,1462,1023,0,0,0.014643572358832568,0.03381631775035639,0.043787720414687314,0.03293326563367351,-0.004643572358832568,399,4,112
dbpedia-entity,rr,20,0.01,uniform,11,1428,1007,0,0,0.026035504618574123,0.24715722540878854,0.04409340203896022,0.03732286855332993,-0.01603550461857412,399,4,112
dbpedia-entity,rr,20,0.01,uniform_nz,11,1441,1007,0,0,0.026035504618574123,0.08626593208480779,0.04409340203896022,0.03732286855332993,-0.01603550461857412,399,4,112
dbpedia-entity,rr,20,0.01,weighted,11,1479,1007,0,0,0.026035504618574123,0.04409340203896022,0.04409340203896022,0.03732286855332993,-0.01603550461857412,399,4,112
dbpedia-entity,rr,20,0.01,active_judge,11,1461,1007,0,0,0.026035504618574123,0.16721158885373164,0.04409340203896022,0.03732286855332993,-0.01603550461857412,399,4,112
dbpedia-entity,rr,20,0.01,strat_pilot,11,1472,1007,0,0,0.026035504618574123,0.04311187111390214,0.04409340203896022,0.03732286855332993,-0.01603550461857412,399,4,112
dbpedia-entity,rr,20,0.01,weighted_cv,11,1488,1007,0,0,0.026035504618574123,0.04872200613830043,0.04409340203896022,0.03732286855332993,-0.01603550461857412,399,4,112
dbpedia-entity,rr,20,0.01,active_cv,11,1460,1007,0,0,0.026035504618574123,0.08674680899081941,0.04409340203896022,0.03732286855332993,-0.01603550461857412,399,4,112
dbpedia-entity,rr,20,0.01,weighted_cvl,11,1425,1007,0,0,0.026035504618574123,0.035830703967028935,0.04409340203896022,0.03732286855332993,-0.01603550461857412,399,4,112
dbpedia-entity,rr,20,0.01,uniform,12,1503,1025,0,0,0.0,0.10919777650335613,0.042421741334601006,0.03023244239420709,0.01,399,4,112
dbpedia-entity,rr,20,0.01,uniform_nz,12,1464,1025,0,0,0.0,0.049165631734173744,0.042421741334601006,0.03023244239420709,0.01,399,4,112
dbpedia-entity,rr,20,0.01,weighted,12,1468,1025,0,0,0.0,0.042421741334601006,0.042421741334601006,0.03023244239420709,0.01,399,4,112
dbpedia-entity,rr,20,0.01,active_judge,12,1486,1025,0,0,0.0,0.1087593499214921,0.042421741334601006,0.03023244239420709,0.01,399,4,112
dbpedia-entity,rr,20,0.01,strat_pilot,12,1476,1025,0,0,0.0,0.04238021272838397,0.042421741334601006,0.03023244239420709,0.01,399,4,112
dbpedia-entity,rr,20,0.01,weighted_cv,12,1474,1025,0,0,0.0,0.035508612439021606,0.042421741334601006,0.03023244239420709,0.01,399,4,112
dbpedia-entity,rr,20,0.01,active_cv,12,1500,1025,0,0,0.0,0.04407751375586116,0.042421741334601006,0.03023244239420709,0.01,399,4,112
dbpedia-entity,rr,20,0.01,weighted_cvl,12,1488,1025,1,0,0.0,0.032321687129307025,0.042421741334601006,0.03023244239420709,0.01,399,4,112
dbpedia-entity,rr,20,0.01,uniform,13,1495,1068,0,0,0.0,0.3980046124070467,0.05070387919461522,0.022071114748062906,0.01,399,4,111
dbpedia-entity,rr,20,0.01,uniform_nz,13,1483,1068,0,0,0.0,0.17421011612420728,0.05070387919461522,0.022071114748062906,0.01,399,4,111
dbpedia-entity,rr,20,0.01,weighted,13,1526,1068,0,0,0.0,0.05070387919461522,0.05070387919461522,0.022071114748062906,0.01,399,4,111
dbpedia-entity,rr,20,0.01,active_judge,13,1524,1068,0,0,0.0,0.14623169895662072,0.05070387919461522,0.022071114748062906,0.01,399,4,111
dbpedia-entity,rr,20,0.01,strat_pilot,13,1519,1068,0,0,0.0,0.04998879501044194,0.05070387919461522,0.022071114748062906,0.01,399,4,111
dbpedia-entity,rr,20,0.01,weighted_cv,13,1522,1068,0,0,0.0,0.05502049249317882,0.05070387919461522,0.022071114748062906,0.01,399,4,111
dbpedia-entity,rr,20,0.01,active_cv,13,1507,1068,0,0,0.0,0.09484403850679884,0.05070387919461522,0.022071114748062906,0.01,399,4,111
dbpedia-entity,rr,20,0.01,weighted_cvl,13,1530,1068,0,0,0.0,0.048084822491326305,0.05070387919461522,0.022071114748062906,0.01,399,4,111
dbpedia-entity,rr,20,0.01,uniform,14,1680,1065,0,0,0.0,0.22398212660299546,0.08991308199535311,0.03805838443287732,0.01,399,4,156
dbpedia-entity,rr,20,0.01,uniform_nz,14,1712,1065,0,0,0.0,0.12339161657219973,0.08991308199535311,0.03805838443287732,0.01,399,4,156
dbpedia-entity,rr,20,0.01,weighted,14,1728,1065,0,0,0.0,0.08991308199535311,0.08991308199535311,0.03805838443287732,0.01,399,4,156
dbpedia-entity,rr,20,0.01,active_judge,14,1655,1065,0,0,0.0,0.17552864317532968,0.08991308199535311,0.03805838443287732,0.01,399,4,156
dbpedia-entity,rr,20,0.01,strat_pilot,14,1678,1065,0,0,0.0,0.08999587727932817,0.08991308199535311,0.03805838443287732,0.01,399,4,156
dbpedia-entity,rr,20,0.01,weighted_cv,14,1708,1065,1,0,0.0,0.07864120732911799,0.08991308199535311,0.03805838443287732,0.01,399,4,156
dbpedia-entity,rr,20,0.01,active_cv,14,1706,1065,0,0,0.0,0.10581329306355496,0.08991308199535311,0.03805838443287732,0.01,399,4,156
dbpedia-entity,rr,20,0.01,weighted_cvl,14,1681,1065,1,0,0.0,0.06012451880290319,0.08991308199535311,0.03805838443287732,0.01,399,4,156
dbpedia-entity,rr,20,0.01,uniform,15,1622,1021,0,0,0.0,0.15476642127112505,0.07639666645870452,0.019550690204737667,0.01,399,4,156
dbpedia-entity,rr,20,0.01,uniform_nz,15,1683,1021,0,0,0.0,0.09467672604380387,0.07639666645870452,0.019550690204737667,0.01,399,4,156
dbpedia-entity,rr,20,0.01,weighted,15,1678,1021,0,0,0.0,0.07639666645870452,0.07639666645870452,0.019550690204737667,0.01,399,4,156
dbpedia-entity,rr,20,0.01,active_judge,15,1643,1021,0,0,0.0,0.18132053899640868,0.07639666645870452,0.019550690204737667,0.01,399,4,156
dbpedia-entity,rr,20,0.01,strat_pilot,15,1667,1021,0,0,0.0,0.07644933635611689,0.07639666645870452,0.019550690204737667,0.01,399,4,156
dbpedia-entity,rr,20,0.01,weighted_cv,15,1658,1021,0,0,0.0,0.06384579797463612,0.07639666645870452,0.019550690204737667,0.01,399,4,156
dbpedia-entity,rr,20,0.01,active_cv,15,1676,1021,0,0,0.0,0.08923765824796523,0.07639666645870452,0.019550690204737667,0.01,399,4,156
dbpedia-entity,rr,20,0.01,weighted_cvl,15,1604,1021,0,0,0.0,0.05625014450708758,0.07639666645870452,0.019550690204737667,0.01,399,4,156
dbpedia-entity,rr,20,0.01,uniform,16,1490,1035,0,0,0.0,0.15051729879477352,0.06015166946341581,0.06009199577018726,0.01,399,4,111
dbpedia-entity,rr,20,0.01,uniform_nz,16,1492,1035,0,0,0.0,0.06260274007189529,0.06015166946341581,0.06009199577018726,0.01,399,4,111
dbpedia-entity,rr,20,0.01,weighted,16,1482,1035,0,0,0.0,0.06015166946341581,0.06015166946341581,0.06009199577018726,0.01,399,4,111
dbpedia-entity,rr,20,0.01,active_judge,16,1482,1035,1,0,0.0,0.1631553862005939,0.06015166946341581,0.06009199577018726,0.01,399,4,111
dbpedia-entity,rr,20,0.01,strat_pilot,16,1472,1035,0,0,0.0,0.06010160198829173,0.06015166946341581,0.06009199577018726,0.01,399,4,111
dbpedia-entity,rr,20,0.01,weighted_cv,16,1442,1035,0,0,0.0,0.060279090224489074,0.06015166946341581,0.06009199577018726,0.01,399,4,111
dbpedia-entity,rr,20,0.01,active_cv,16,1494,1035,1,0,0.0,0.09851948340154028,0.06015166946341581,0.06009199577018726,0.01,399,4,111
dbpedia-entity,rr,20,0.01,weighted_cvl,16,1466,1035,1,0,0.0,0.05115675400600149,0.06015166946341581,0.06009199577018726,0.01,399,4,111
dbpedia-entity,rr,20,0.01,uniform,17,1663,1066,0,0,0.0,0.15680648261881994,0.07627940270124618,0.06120239155088028,0.01,399,4,156
dbpedia-entity,rr,20,0.01,uniform_nz,17,1682,1066,0,0,0.0,0.08800624748453979,0.07627940270124618,0.06120239155088028,0.01,399,4,156
dbpedia-entity,rr,20,0.01,weighted,17,1696,1066,0,0,0.0,0.07627940270124618,0.07627940270124618,0.06120239155088028,0.01,399,4,156
dbpedia-entity,rr,20,0.01,active_judge,17,1706,1066,0,0,0.0,0.20248443786135054,0.07627940270124618,0.06120239155088028,0.01,399,4,156
dbpedia-entity,rr,20,0.01,strat_pilot,17,1736,1066,0,0,0.0,0.07575552916189376,0.07627940270124618,0.06120239155088028,0.01,399,4,156
dbpedia-entity,rr,20,0.01,weighted_cv,17,1695,1066,0,0,0.0,0.06506151207616731,0.07627940270124618,0.06120239155088028,0.01,399,4,156
dbpedia-entity,rr,20,0.01,active_cv,17,1686,1066,0,0,0.0,0.10581210691168748,0.07627940270124618,0.06120239155088028,0.01,399,4,156
dbpedia-entity,rr,20,0.01,weighted_cvl,17,1674,1066,0,0,0.0,0.054689744368391635,0.07627940270124618,0.06120239155088028,0.01,399,4,156
dbpedia-entity,rr,20,0.01,uniform,18,1706,1078,0,0,0.0,0.16587464721909978,0.07336429676878205,0.05234602587692492,0.01,399,4,156
dbpedia-entity,rr,20,0.01,uniform_nz,18,1666,1078,0,0,0.0,0.08684791541054158,0.07336429676878205,0.05234602587692492,0.01,399,4,156
dbpedia-entity,rr,20,0.01,weighted,18,1723,1078,1,0,0.0,0.07336429676878205,0.07336429676878205,0.05234602587692492,0.01,399,4,156
dbpedia-entity,rr,20,0.01,active_judge,18,1724,1078,0,0,0.0,0.16380745022963378,0.07336429676878205,0.05234602587692492,0.01,399,4,156
dbpedia-entity,rr,20,0.01,strat_pilot,18,1678,1078,0,0,0.0,0.07328374410087704,0.07336429676878205,0.05234602587692492,0.01,399,4,156
dbpedia-entity,rr,20,0.01,weighted_cv,18,1701,1078,0,0,0.0,0.06282734837131132,0.07336429676878205,0.05234602587692492,0.01,399,4,156
dbpedia-entity,rr,20,0.01,active_cv,18,1716,1078,0,0,0.0,0.08951438168431967,0.07336429676878205,0.05234602587692492,0.01,399,4,156
dbpedia-entity,rr,20,0.01,weighted_cvl,18,1691,1078,0,0,0.0,0.060870259617010467,0.07336429676878205,0.05234602587692492,0.01,399,4,156
dbpedia-entity,rr,20,0.01,uniform,19,1674,1053,0,0,0.0,0.19160840722401248,0.08312341447484134,0.040340098699702946,0.01,399,4,156
dbpedia-entity,rr,20,0.01,uniform_nz,19,1690,1053,0,0,0.0,0.1042109635725009,0.08312341447484134,0.040340098699702946,0.01,399,4,156
dbpedia-entity,rr,20,0.01,weighted,19,1681,1053,0,0,0.0,0.08312341447484134,0.08312341447484134,0.040340098699702946,0.01,399,4,156
dbpedia-entity,rr,20,0.01,active_judge,19,1655,1053,0,0,0.0,0.16361135420811454,0.08312341447484134,0.040340098699702946,0.01,399,4,156
dbpedia-entity,rr,20,0.01,strat_pilot,19,1653,1053,1,0,0.0,0.08341681609227494,0.08312341447484134,0.040340098699702946,0.01,399,4,156
dbpedia-entity,rr,20,0.01,weighted_cv,19,1707,1053,1,0,0.0,0.05824070905774055,0.08312341447484134,0.040340098699702946,0.01,399,4,156
dbpedia-entity,rr,20,0.01,active_cv,19,1700,1053,0,0,0.0,0.08598922484637803,0.08312341447484134,0.040340098699702946,0.01,399,4,156
dbpedia-entity,rr,20,0.01,weighted_cvl,19,1640,1053,1,0,0.0,0.0625470230457765,0.08312341447484134,0.040340098699702946,0.01,399,4,156
dbpedia-entity,rr,20,0.01,uniform,20,1602,1011,0,0,0.0067425169828086995,0.3360021992502504,0.08538901361154888,0.05058335047305636,0.0032574830171913007,399,4,156
dbpedia-entity,rr,20,0.01,uniform_nz,20,1627,1011,0,0,0.0067425169828086995,0.181003840160023,0.08538901361154888,0.05058335047305636,0.0032574830171913007,399,4,156
dbpedia-entity,rr,20,0.01,weighted,20,1649,1011,0,0,0.0067425169828086995,0.08538901361154888,0.08538901361154888,0.05058335047305636,0.0032574830171913007,399,4,156
dbpedia-entity,rr,20,0.01,active_judge,20,1661,1011,0,0,0.0067425169828086995,0.26003542143398706,0.08538901361154888,0.05058335047305636,0.0032574830171913007,399,4,156
dbpedia-entity,rr,20,0.01,strat_pilot,20,1630,1011,0,0,0.0067425169828086995,0.08541785796683166,0.08538901361154888,0.05058335047305636,0.0032574830171913007,399,4,156
dbpedia-entity,rr,20,0.01,weighted_cv,20,1633,1011,0,0,0.0067425169828086995,0.09268359131090928,0.08538901361154888,0.05058335047305636,0.0032574830171913007,399,4,156
dbpedia-entity,rr,20,0.01,active_cv,20,1662,1011,0,0,0.0067425169828086995,0.11318407300593929,0.08538901361154888,0.05058335047305636,0.0032574830171913007,399,4,156
dbpedia-entity,rr,20,0.01,weighted_cvl,20,1600,1011,0,0,0.0067425169828086995,0.07610001788029674,0.08538901361154888,0.05058335047305636,0.0032574830171913007,399,4,156
dbpedia-entity,rr,20,0.01,uniform,21,1643,997,0,0,0.0,0.21350348728243845,0.08786994405953544,0.052039614411873054,0.01,399,4,156
dbpedia-entity,rr,20,0.01,uniform_nz,21,1588,997,0,0,0.0,0.12302123614499952,0.08786994405953544,0.052039614411873054,0.01,399,4,156
dbpedia-entity,rr,20,0.01,weighted,21,1622,997,0,0,0.0,0.08786994405953544,0.08786994405953544,0.052039614411873054,0.01,399,4,156
dbpedia-entity,rr,20,0.01,active_judge,21,1570,997,0,0,0.0,0.2389711835804385,0.08786994405953544,0.052039614411873054,0.01,399,4,156
dbpedia-entity,rr,20,0.01,strat_pilot,21,1627,997,0,0,0.0,0.08781574111519251,0.08786994405953544,0.052039614411873054,0.01,399,4,156
dbpedia-entity,rr,20,0.01,weighted_cv,21,1625,997,0,0,0.0,0.07824311404744466,0.08786994405953544,0.052039614411873054,0.01,399,4,156
dbpedia-entity,rr,20,0.01,active_cv,21,1591,997,0,0,0.0,0.11310038110190886,0.08786994405953544,0.052039614411873054,0.01,399,4,156
dbpedia-entity,rr,20,0.01,weighted_cvl,21,1614,997,0,0,0.0,0.05747253531553036,0.08786994405953544,0.052039614411873054,0.01,399,4,156
dbpedia-entity,rr,20,0.01,uniform,22,1426,991,0,0,0.0,0.14126035409715804,0.05106983095949029,0.04598529103585031,0.01,399,4,112
dbpedia-entity,rr,20,0.01,uniform_nz,22,1430,991,0,0,0.0,0.05141474079958275,0.05106983095949029,0.04598529103585031,0.01,399,4,112
dbpedia-entity,rr,20,0.01,weighted,22,1421,991,0,0,0.0,0.05106983095949029,0.05106983095949029,0.04598529103585031,0.01,399,4,112
dbpedia-entity,rr,20,0.01,active_judge,22,1443,991,0,0,0.0,0.11637378545303641,0.05106983095949029,0.04598529103585031,0.01,399,4,112
dbpedia-entity,rr,20,0.01,strat_pilot,22,1458,991,0,0,0.0,0.051011418748922434,0.05106983095949029,0.04598529103585031,0.01,399,4,112
dbpedia-entity,rr,20,0.01,weighted_cv,22,1453,991,0,0,0.0,0.029545713739758905,0.05106983095949029,0.04598529103585031,0.01,399,4,112
dbpedia-entity,rr,20,0.01,active_cv,22,1392,991,0,0,0.0,0.03404275734636519,0.05106983095949029,0.04598529103585031,0.01,399,4,112
dbpedia-entity,rr,20,0.01,weighted_cvl,22,1458,991,0,0,0.0,0.0502835689701465,0.05106983095949029,0.04598529103585031,0.01,399,4,112
dbpedia-entity,rr,20,0.01,uniform,23,1471,1009,0,0,0.01731032110773878,0.4143737800472299,0.06962373588206258,0.024173994500972643,-0.0073103211077387795,399,4,112
dbpedia-entity,rr,20,0.01,uniform_nz,23,1451,1009,0,0,0.01731032110773878,0.14826414808842642,0.06962373588206258,0.024173994500972643,-0.0073103211077387795,399,4,112
dbpedia-entity,rr,20,0.01,weighted,23,1458,1009,0,0,0.01731032110773878,0.06962373588206258,0.06962373588206258,0.024173994500972643,-0.0073103211077387795,399,4,112
dbpedia-entity,rr,20,0.01,active_judge,23,1421,1009,0,0,0.01731032110773878,0.216889795003189,0.06962373588206258,0.024173994500972643,-0.0073103211077387795,399,4,112
dbpedia-entity,rr,20,0.01,strat_pilot,23,1467,1009,0,0,0.01731032110773878,0.06956657518359852,0.06962373588206258,0.024173994500972643,-0.0073103211077387795,399,4,112
dbpedia-entity,rr,20,0.01,weighted_cv,23,1461,1009,0,0,0.01731032110773878,0.06534086454686702,0.06962373588206258,0.024173994500972643,-0.0073103211077387795,399,4,112
dbpedia-entity,rr,20,0.01,active_cv,23,1443,1009,0,0,0.01731032110773878,0.08044239029702553,0.06962373588206258,0.024173994500972643,-0.0073103211077387795,399,4,112
dbpedia-entity,rr,20,0.01,weighted_cvl,23,1456,1009,0,0,0.01731032110773878,0.04312486869240345,0.06962373588206258,0.024173994500972643,-0.0073103211077387795,399,4,112
dbpedia-entity,rr,20,0.01,uniform,24,1699,1047,0,0,0.0,0.1450096457792947,0.060263199914551646,0.03290169176592211,0.01,399,4,156
dbpedia-entity,rr,20,0.01,uniform_nz,24,1656,1047,0,0,0.0,0.06967372649801289,0.060263199914551646,0.03290169176592211,0.01,399,4,156
dbpedia-entity,rr,20,0.01,weighted,24,1665,1047,0,0,0.0,0.060263199914551646,0.060263199914551646,0.03290169176592211,0.01,399,4,156
dbpedia-entity,rr,20,0.01,active_judge,24,1658,1047,0,0,0.0,0.15010145705538222,0.060263199914551646,0.03290169176592211,0.01,399,4,156
dbpedia-entity,rr,20,0.01,strat_pilot,24,1678,1047,0,0,0.0,0.05991598373975441,0.060263199914551646,0.03290169176592211,0.01,399,4,156
dbpedia-entity,rr,20,0.01,weighted_cv,24,1674,1047,1,0,0.0,0.04703254466117785,0.060263199914551646,0.03290169176592211,0.01,399,4,156
dbpedia-entity,rr,20,0.01,active_cv,24,1672,1047,0,0,0.0,0.0628586518196005,0.060263199914551646,0.03290169176592211,0.01,399,4,156
dbpedia-entity,rr,20,0.01,weighted_cvl,24,1662,1047,0,0,0.0,0.03770977304810681,0.060263199914551646,0.03290169176592211,0.01,399,4,156
dbpedia-entity,rr,20,0.01,uniform,25,1641,1036,0,0,0.0,0.14556725164944334,0.07711213900323645,0.029726107070467016,0.01,399,4,156
dbpedia-entity,rr,20,0.01,uniform_nz,25,1654,1036,0,0,0.0,0.08787756639301818,0.07711213900323645,0.029726107070467016,0.01,399,4,156
dbpedia-entity,rr,20,0.01,weighted,25,1662,1036,0,0,0.0,0.07711213900323645,0.07711213900323645,0.029726107070467016,0.01,399,4,156
dbpedia-entity,rr,20,0.01,active_judge,25,1702,1036,0,0,0.0,0.18883569211951584,0.07711213900323645,0.029726107070467016,0.01,399,4,156
dbpedia-entity,rr,20,0.01,strat_pilot,25,1651,1036,0,0,0.0,0.07715196476811087,0.07711213900323645,0.029726107070467016,0.01,399,4,156
dbpedia-entity,rr,20,0.01,weighted_cv,25,1666,1036,0,0,0.0,0.0609884735814783,0.07711213900323645,0.029726107070467016,0.01,399,4,156
dbpedia-entity,rr,20,0.01,active_cv,25,1666,1036,0,0,0.0,0.07279420860027051,0.07711213900323645,0.029726107070467016,0.01,399,4,156
dbpedia-entity,rr,20,0.01,weighted_cvl,25,1627,1036,1,0,0.0,0.06171497281264595,0.07711213900323645,0.029726107070467016,0.01,399,4,156
dbpedia-entity,rr,20,0.01,uniform,26,1747,1093,0,0,0.0,0.22204130662071297,0.09392550354232607,0.03263364378199859,0.01,399,4,156
dbpedia-entity,rr,20,0.01,uniform_nz,26,1681,1093,0,0,0.0,0.11843110559433019,0.09392550354232607,0.03263364378199859,0.01,399,4,156
dbpedia-entity,rr,20,0.01,weighted,26,1701,1093,1,0,0.0,0.09392550354232607,0.09392550354232607,0.03263364378199859,0.01,399,4,156
dbpedia-entity,rr,20,0.01,active_judge,26,1738,1093,0,0,0.0,0.1935189638555997,0.09392550354232607,0.03263364378199859,0.01,399,4,156
dbpedia-entity,rr,20,0.01,strat_pilot,26,1733,1093,0,0,0.0,0.0942725124494735,0.09392550354232607,0.03263364378199859,0.01,399,4,156
dbpedia-entity,rr,20,0.01,weighted_cv,26,1760,1093,0,0,0.0,0.07414498813814614,0.09392550354232607,0.03263364378199859,0.01,399,4,156
dbpedia-entity,rr,20,0.01,active_cv,26,1750,1093,0,0,0.0,0.10046239704284843,0.09392550354232607,0.03263364378199859,0.01,399,4,156
dbpedia-entity,rr,20,0.01,weighted_cvl,26,1676,1093,1,0,0.0,0.07743410631820835,0.09392550354232607,0.03263364378199859,0.01,399,4,156
dbpedia-entity,rr,20,0.01,uniform,27,1656,1030,0,0,0.0,0.20215789754385377,0.07951554150140772,0.008466938891861493,0.01,399,4,156
dbpedia-entity,rr,20,0.01,uniform_nz,27,1706,1030,0,0,0.0,0.12667349607313588,0.07951554150140772,0.008466938891861493,0.01,399,4,156
dbpedia-entity,rr,20,0.01,weighted,27,1656,1030,0,0,0.0,0.07951554150140772,0.07951554150140772,0.008466938891861493,0.01,399,4,156
dbpedia-entity,rr,20,0.01,active_judge,27,1676,1030,0,0,0.0,0.17900642094705865,0.07951554150140772,0.008466938891861493,0.01,399,4,156
dbpedia-entity,rr,20,0.01,strat_pilot,27,1667,1030,0,0,0.0,0.07955336239655177,0.07951554150140772,0.008466938891861493,0.01,399,4,156
dbpedia-entity,rr,20,0.01,weighted_cv,27,1622,1030,0,0,0.0,0.057571154070062455,0.07951554150140772,0.008466938891861493,0.01,399,4,156
dbpedia-entity,rr,20,0.01,active_cv,27,1624,1030,0,0,0.0,0.062205592009136404,0.07951554150140772,0.008466938891861493,0.01,399,4,156
dbpedia-entity,rr,20,0.01,weighted_cvl,27,1658,1030,0,0,0.0,0.05174747062729111,0.07951554150140772,0.008466938891861493,0.01,399,4,156
dbpedia-entity,rr,20,0.01,uniform,28,1739,1128,0,0,0.0,0.1834623968989689,0.07619754871815147,0.03375243118574761,0.01,399,4,156
dbpedia-entity,rr,20,0.01,uniform_nz,28,1734,1128,0,0,0.0,0.0898388983128098,0.07619754871815147,0.03375243118574761,0.01,399,4,156
dbpedia-entity,rr,20,0.01,weighted,28,1759,1128,0,0,0.0,0.07619754871815147,0.07619754871815147,0.03375243118574761,0.01,399,4,156
dbpedia-entity,rr,20,0.01,active_judge,28,1737,1128,0,0,0.0,0.14043001742950031,0.07619754871815147,0.03375243118574761,0.01,399,4,156
dbpedia-entity,rr,20,0.01,strat_pilot,28,1753,1128,0,0,0.0,0.0759047223730537,0.07619754871815147,0.03375243118574761,0.01,399,4,156
dbpedia-entity,rr,20,0.01,weighted_cv,28,1761,1128,1,0,0.0,0.05859826977183902,0.07619754871815147,0.03375243118574761,0.01,399,4,156
dbpedia-entity,rr,20,0.01,active_cv,28,1763,1128,0,0,0.0,0.06965487824615538,0.07619754871815147,0.03375243118574761,0.01,399,4,156
dbpedia-entity,rr,20,0.01,weighted_cvl,28,1760,1128,0,0,0.0,0.052622153655677226,0.07619754871815147,0.03375243118574761,0.01,399,4,156
dbpedia-entity,rr,20,0.01,uniform,29,1725,1060,0,0,0.0,0.3092072514868436,0.0954275421030406,0.031118785271914695,0.01,399,4,156
dbpedia-entity,rr,20,0.01,uniform_nz,29,1696,1060,0,0,0.0,0.16424319799758952,0.0954275421030406,0.031118785271914695,0.01,399,4,156
dbpedia-entity,rr,20,0.01,weighted,29,1683,1060,0,0,0.0,0.0954275421030406,0.0954275421030406,0.031118785271914695,0.01,399,4,156
dbpedia-entity,rr,20,0.01,active_judge,29,1700,1060,0,0,0.0,0.20900226346078687,0.0954275421030406,0.031118785271914695,0.01,399,4,156
dbpedia-entity,rr,20,0.01,strat_pilot,29,1697,1060,0,0,0.0,0.09540283520407508,0.0954275421030406,0.031118785271914695,0.01,399,4,156
dbpedia-entity,rr,20,0.01,weighted_cv,29,1672,1060,0,0,0.0,0.0780439906803935,0.0954275421030406,0.031118785271914695,0.01,399,4,156
dbpedia-entity,rr,20,0.01,active_cv,29,1715,1060,0,0,0.0,0.10696635243792726,0.0954275421030406,0.031118785271914695,0.01,399,4,156
dbpedia-entity,rr,20,0.01,weighted_cvl,29,1696,1060,0,0,0.0,0.05486270881872242,0.0954275421030406,0.031118785271914695,0.01,399,4,156
dbpedia-entity,rr,20,0.01,uniform,30,1706,1070,0,0,0.0,0.2575115384670942,0.09851387655944402,0.019885838331961635,0.01,399,4,156
dbpedia-entity,rr,20,0.01,uniform_nz,30,1669,1070,0,0,0.0,0.14623194624646768,0.09851387655944402,0.019885838331961635,0.01,399,4,156
dbpedia-entity,rr,20,0.01,weighted,30,1754,1070,0,0,0.0,0.09851387655944402,0.09851387655944402,0.019885838331961635,0.01,399,4,156
dbpedia-entity,rr,20,0.01,active_judge,30,1666,1070,1,0,0.0,0.24633021046527528,0.09851387655944402,0.019885838331961635,0.01,399,4,156
dbpedia-entity,rr,20,0.01,strat_pilot,30,1680,1070,0,0,0.0,0.09821464500721941,0.09851387655944402,0.019885838331961635,0.01,399,4,156
dbpedia-entity,rr,20,0.01,weighted_cv,30,1692,1070,0,0,0.0,0.08301754771182739,0.09851387655944402,0.019885838331961635,0.01,399,4,156
dbpedia-entity,rr,20,0.01,active_cv,30,1685,1070,0,0,0.0,0.12421369720263384,0.09851387655944402,0.019885838331961635,0.01,399,4,156
dbpedia-entity,rr,20,0.01,weighted_cvl,30,1693,1070,1,0,0.0,0.05558844526410328,0.09851387655944402,0.019885838331961635,0.01,399,4,156
dbpedia-entity,rr,20,0.01,uniform,31,1667,1026,1,0,0.0,0.18665627296123102,0.08266427170149958,0.05092435913124654,0.01,399,4,156
dbpedia-entity,rr,20,0.01,uniform_nz,31,1657,1026,0,0,0.0,0.1091406747302773,0.08266427170149958,0.05092435913124654,0.01,399,4,156
dbpedia-entity,rr,20,0.01,weighted,31,1659,1026,1,0,0.0,0.08266427170149958,0.08266427170149958,0.05092435913124654,0.01,399,4,156
dbpedia-entity,rr,20,0.01,active_judge,31,1672,1026,0,0,0.0,0.22656085797181164,0.08266427170149958,0.05092435913124654,0.01,399,4,156
dbpedia-entity,rr,20,0.01,strat_pilot,31,1652,1026,0,0,0.0,0.08232985026787665,0.08266427170149958,0.05092435913124654,0.01,399,4,156
dbpedia-entity,rr,20,0.01,weighted_cv,31,1623,1026,1,0,0.0,0.06962808097721405,0.08266427170149958,0.05092435913124654,0.01,399,4,156
dbpedia-entity,rr,20,0.01,active_cv,31,1634,1026,0,0,0.0,0.09596579976440558,0.08266427170149958,0.05092435913124654,0.01,399,4,156
dbpedia-entity,rr,20,0.01,weighted_cvl,31,1675,1026,0,0,0.0,0.05337842280004699,0.08266427170149958,0.05092435913124654,0.01,399,4,156
dbpedia-entity,rr,20,0.01,uniform,32,1406,1013,0,0,0.0,0.7805444112945752,0.05064476136204312,0.08414422651651753,0.01,399,4,99
dbpedia-entity,rr,20,0.01,uniform_nz,32,1370,1013,0,0,0.0,0.20163495656672503,0.05064476136204312,0.08414422651651753,0.01,399,4,99
dbpedia-entity,rr,20,0.01,weighted,32,1394,1013,0,0,0.0,0.05064476136204312,0.05064476136204312,0.08414422651651753,0.01,399,4,99
dbpedia-entity,rr,20,0.01,active_judge,32,1410,1013,0,0,0.0,0.39240548261033037,0.05064476136204312,0.08414422651651753,0.01,399,4,99
dbpedia-entity,rr,20,0.01,strat_pilot,32,1390,1013,0,0,0.0,0.05041812885530421,0.05064476136204312,0.08414422651651753,0.01,399,4,99
dbpedia-entity,rr,20,0.01,weighted_cv,32,1409,1013,0,0,0.0,0.047196622968796134,0.05064476136204312,0.08414422651651753,0.01,399,4,99
dbpedia-entity,rr,20,0.01,active_cv,32,1428,1013,0,0,0.0,0.06867620665592818,0.05064476136204312,0.08414422651651753,0.01,399,4,99
dbpedia-entity,rr,20,0.01,weighted_cvl,32,1432,1013,1,0,0.0,0.03981884327959026,0.05064476136204312,0.08414422651651753,0.01,399,4,99
dbpedia-entity,rr,20,0.01,uniform,33,1647,1010,0,0,0.0,0.22790528292971493,0.10120176591453492,0.10186854562530666,0.01,399,4,156
dbpedia-entity,rr,20,0.01,uniform_nz,33,1645,1010,1,0,0.0,0.12699653797388816,0.10120176591453492,0.10186854562530666,0.01,399,4,156
dbpedia-entity,rr,20,0.01,weighted,33,1654,1010,1,0,0.0,0.10120176591453492,0.10120176591453492,0.10186854562530666,0.01,399,4,156
dbpedia-entity,rr,20,0.01,active_judge,33,1668,1010,0,0,0.0,0.25228500892903444,0.10120176591453492,0.10186854562530666,0.01,399,4,156
dbpedia-entity,rr,20,0.01,strat_pilot,33,1640,1010,0,0,0.0,0.10123489674929483,0.10120176591453492,0.10186854562530666,0.01,399,4,156
dbpedia-entity,rr,20,0.01,weighted_cv,33,1661,1010,0,0,0.0,0.060149085286446566,0.10120176591453492,0.10186854562530666,0.01,399,4,156
dbpedia-entity,rr,20,0.01,active_cv,33,1655,1010,0,0,0.0,0.07575630671219906,0.10120176591453492,0.10186854562530666,0.01,399,4,156
dbpedia-entity,rr,20,0.01,weighted_cvl,33,1626,1010,0,0,0.0,0.04309049788260694,0.10120176591453492,0.10186854562530666,0.01,399,4,156
dbpedia-entity,rr,20,0.01,uniform,34,1475,1016,0,0,0.0,0.13994710451143105,0.043455235666453394,0.05361842449477059,0.01,399,4,112
dbpedia-entity,rr,20,0.01,uniform_nz,34,1478,1016,0,0,0.0,0.04727940926824711,0.043455235666453394,0.05361842449477059,0.01,399,4,112
dbpedia-entity,rr,20,0.01,weighted,34,1479,1016,1,0,0.0,0.043455235666453394,0.043455235666453394,0.05361842449477059,0.01,399,4,112
dbpedia-entity,rr,20,0.01,active_judge,34,1455,1016,1,0,0.0,0.11709076351807897,0.043455235666453394,0.05361842449477059,0.01,399,4,112
dbpedia-entity,rr,20,0.01,strat_pilot,34,1454,1016,0,0,0.0,0.043169044626425755,0.043455235666453394,0.05361842449477059,0.01,399,4,112
dbpedia-entity,rr,20,0.01,weighted_cv,34,1453,1016,0,0,0.0,0.043950747683434,0.043455235666453394,0.05361842449477059,0.01,399,4,112
dbpedia-entity,rr,20,0.01,active_cv,34,1474,1016,0,0,0.0,0.05818284762376384,0.043455235666453394,0.05361842449477059,0.01,399,4,112
dbpedia-entity,rr,20,0.01,weighted_cvl,34,1482,1016,0,0,0.0,0.026322697125105942,0.043455235666453394,0.05361842449477059,0.01,399,4,112
dbpedia-entity,rr,20,0.01,uniform,35,1665,1048,0,0,0.0,0.15211999973052212,0.06912727343252216,0.022254980795665943,0.01,399,4,156
dbpedia-entity,rr,20,0.01,uniform_nz,35,1696,1048,0,0,0.0,0.08250474389678958,0.06912727343252216,0.022254980795665943,0.01,399,4,156
dbpedia-entity,rr,20,0.01,weighted,35,1653,1048,0,0,0.0,0.06912727343252216,0.06912727343252216,0.022254980795665943,0.01,399,4,156
dbpedia-entity,rr,20,0.01,active_judge,35,1660,1048,0,0,0.0,0.14928123683674444,0.06912727343252216,0.022254980795665943,0.01,399,4,156
dbpedia-entity,rr,20,0.01,strat_pilot,35,1664,1048,1,0,0.0,0.0688040978926297,0.06912727343252216,0.022254980795665943,0.01,399,4,156
dbpedia-entity,rr,20,0.01,weighted_cv,35,1675,1048,1,0,0.0,0.06099146985181072,0.06912727343252216,0.022254980795665943,0.01,399,4,156
dbpedia-entity,rr,20,0.01,active_cv,35,1696,1048,0,0,0.0,0.08395269363542408,0.06912727343252216,0.022254980795665943,0.01,399,4,156
dbpedia-entity,rr,20,0.01,weighted_cvl,35,1614,1048,0,0,0.0,0.05026268633866573,0.06912727343252216,0.022254980795665943,0.01,399,4,156
dbpedia-entity,rr,20,0.01,uniform,36,1606,972,1,0,0.0,0.16572281332273947,0.08763354503795584,0.03342229686760571,0.01,399,4,156
dbpedia-entity,rr,20,0.01,uniform_nz,36,1596,972,0,0,0.0,0.10435495494924604,0.08763354503795584,0.03342229686760571,0.01,399,4,156
dbpedia-entity,rr,20,0.01,weighted,36,1625,972,0,0,0.0,0.08763354503795584,0.08763354503795584,0.03342229686760571,0.01,399,4,156
dbpedia-entity,rr,20,0.01,active_judge,36,1579,972,0,0,0.0,0.18350015621690693,0.08763354503795584,0.03342229686760571,0.01,399,4,156
dbpedia-entity,rr,20,0.01,strat_pilot,36,1590,972,0,0,0.0,0.08767332803905617,0.08763354503795584,0.03342229686760571,0.01,399,4,156
dbpedia-entity,rr,20,0.01,weighted_cv,36,1589,972,0,0,0.0,0.0649187744131565,0.08763354503795584,0.03342229686760571,0.01,399,4,156
dbpedia-entity,rr,20,0.01,active_cv,36,1592,972,0,0,0.0,0.09186177068700505,0.08763354503795584,0.03342229686760571,0.01,399,4,156
dbpedia-entity,rr,20,0.01,weighted_cvl,36,1549,972,1,0,0.0,0.045908819018469806,0.08763354503795584,0.03342229686760571,0.01,399,4,156
dbpedia-entity,rr,20,0.01,uniform,37,1671,1060,0,0,0.010347546543558128,0.13639312530282416,0.07054921957283537,0.03978874539072749,-0.000347546543558128,399,4,156
dbpedia-entity,rr,20,0.01,uniform_nz,37,1740,1060,0,0,0.010347546543558128,0.07630183794244322,0.07054921957283537,0.03978874539072749,-0.000347546543558128,399,4,156
dbpedia-entity,rr,20,0.01,weighted,37,1675,1060,0,0,0.010347546543558128,0.07054921957283537,0.07054921957283537,0.03978874539072749,-0.000347546543558128,399,4,156
dbpedia-entity,rr,20,0.01,active_judge,37,1718,1060,1,1,0.010347546543558128,0.12607702170626878,0.07054921957283537,0.03978874539072749,-0.000347546543558128,399,4,156
dbpedia-entity,rr,20,0.01,strat_pilot,37,1717,1060,0,0,0.010347546543558128,0.07058721624521479,0.07054921957283537,0.03978874539072749,-0.000347546543558128,399,4,156
dbpedia-entity,rr,20,0.01,weighted_cv,37,1651,1060,0,0,0.010347546543558128,0.04330479104752878,0.07054921957283537,0.03978874539072749,-0.000347546543558128,399,4,156
dbpedia-entity,rr,20,0.01,active_cv,37,1703,1060,0,0,0.010347546543558128,0.05592971936947253,0.07054921957283537,0.03978874539072749,-0.000347546543558128,399,4,156
dbpedia-entity,rr,20,0.01,weighted_cvl,37,1718,1060,0,0,0.010347546543558128,0.04663039853955776,0.07054921957283537,0.03978874539072749,-0.000347546543558128,399,4,156
dbpedia-entity,rr,20,0.01,uniform,38,1648,1019,0,0,0.0,1.2783364364038818,0.15640991745917218,0.14606981033986283,0.01,399,4,156
dbpedia-entity,rr,20,0.01,uniform_nz,38,1620,1019,0,0,0.0,0.8543945349589961,0.15640991745917218,0.14606981033986283,0.01,399,4,156
dbpedia-entity,rr,20,0.01,weighted,38,1664,1019,0,0,0.0,0.15640991745917218,0.15640991745917218,0.14606981033986283,0.01,399,4,156
dbpedia-entity,rr,20,0.01,active_judge,38,1626,1019,0,0,0.0,0.36203816799482585,0.15640991745917218,0.14606981033986283,0.01,399,4,156
dbpedia-entity,rr,20,0.01,strat_pilot,38,1639,1019,0,0,0.0,0.15699681374771401,0.15640991745917218,0.14606981033986283,0.01,399,4,156
dbpedia-entity,rr,20,0.01,weighted_cv,38,1625,1019,0,0,0.0,0.08802608607466603,0.15640991745917218,0.14606981033986283,0.01,399,4,156
dbpedia-entity,rr,20,0.01,active_cv,38,1607,1019,0,0,0.0,0.08467872511073313,0.15640991745917218,0.14606981033986283,0.01,399,4,156
dbpedia-entity,rr,20,0.01,weighted_cvl,38,1668,1019,0,0,0.0,0.0836159805490222,0.15640991745917218,0.14606981033986283,0.01,399,4,156
dbpedia-entity,rr,20,0.01,uniform,39,1651,1017,0,0,0.0013592108132641223,0.1568137138841958,0.07323720731684531,0.022910854598207166,0.008640789186735878,399,4,156
dbpedia-entity,rr,20,0.01,uniform_nz,39,1624,1017,0,0,0.0013592108132641223,0.0933194592025453,0.07323720731684531,0.022910854598207166,0.008640789186735878,399,4,156
dbpedia-entity,rr,20,0.01,weighted,39,1650,1017,0,0,0.0013592108132641223,0.07323720731684531,0.07323720731684531,0.022910854598207166,0.008640789186735878,399,4,156
dbpedia-entity,rr,20,0.01,active_judge,39,1600,1017,0,0,0.0013592108132641223,0.16534061837575548,0.07323720731684531,0.022910854598207166,0.008640789186735878,399,4,156
dbpedia-entity,rr,20,0.01,strat_pilot,39,1596,1017,0,0,0.0013592108132641223,0.07316925004305505,0.07323720731684531,0.022910854598207166,0.008640789186735878,399,4,156
dbpedia-entity,rr,20,0.01,weighted_cv,39,1647,1017,0,0,0.0013592108132641223,0.0538601783853412,0.07323720731684531,0.022910854598207166,0.008640789186735878,399,4,156
dbpedia-entity,rr,20,0.01,active_cv,39,1661,1017,0,0,0.0013592108132641223,0.06768215454556796,0.07323720731684531,0.022910854598207166,0.008640789186735878,399,4,156
dbpedia-entity,rr,20,0.01,weighted_cvl,39,1641,1017,0,0,0.0013592108132641223,0.042525991563686784,0.07323720731684531,0.022910854598207166,0.008640789186735878,399,4,156
dbpedia-entity,rr,20,0.01,uniform,40,1690,1054,0,0,0.002180128719256935,0.18157369716412455,0.08400111258448376,0.029013711720519496,0.007819871280743065,399,4,156
dbpedia-entity,rr,20,0.01,uniform_nz,40,1732,1054,0,0,0.002180128719256935,0.1015680091827591,0.08400111258448376,0.029013711720519496,0.007819871280743065,399,4,156
dbpedia-entity,rr,20,0.01,weighted,40,1688,1054,0,0,0.002180128719256935,0.08400111258448376,0.08400111258448376,0.029013711720519496,0.007819871280743065,399,4,156
dbpedia-entity,rr,20,0.01,active_judge,40,1709,1054,0,0,0.002180128719256935,0.1635172439084379,0.08400111258448376,0.029013711720519496,0.007819871280743065,399,4,156
dbpedia-entity,rr,20,0.01,strat_pilot,40,1703,1054,0,0,0.002180128719256935,0.08397233324926122,0.08400111258448376,0.029013711720519496,0.007819871280743065,399,4,156
dbpedia-entity,rr,20,0.01,weighted_cv,40,1753,1054,0,0,0.002180128719256935,0.07979676729918381,0.08400111258448376,0.029013711720519496,0.007819871280743065,399,4,156
dbpedia-entity,rr,20,0.01,active_cv,40,1698,1054,0,0,0.002180128719256935,0.10484601812517733,0.08400111258448376,0.029013711720519496,0.007819871280743065,399,4,156
dbpedia-entity,rr,20,0.01,weighted_cvl,40,1693,1054,0,0,0.002180128719256935,0.06151099046292696,0.08400111258448376,0.029013711720519496,0.007819871280743065,399,4,156
dbpedia-entity,rr,20,0.01,uniform,41,1615,961,0,0,0.008072217129038717,0.30099736362757995,0.1119709197026592,0.01841678649728186,0.0019277828709612834,399,4,156
dbpedia-entity,rr,20,0.01,uniform_nz,41,1570,961,0,0,0.008072217129038717,0.18388316044351374,0.1119709197026592,0.01841678649728186,0.0019277828709612834,399,4,156
dbpedia-entity,rr,20,0.01,weighted,41,1581,961,0,0,0.008072217129038717,0.1119709197026592,0.1119709197026592,0.01841678649728186,0.0019277828709612834,399,4,156
dbpedia-entity,rr,20,0.01,active_judge,41,1577,961,0,0,0.008072217129038717,0.31781146196342724,0.1119709197026592,0.01841678649728186,0.0019277828709612834,399,4,156
dbpedia-entity,rr,20,0.01,strat_pilot,41,1609,961,0,0,0.008072217129038717,0.11197981737693255,0.1119709197026592,0.01841678649728186,0.0019277828709612834,399,4,156
dbpedia-entity,rr,20,0.01,weighted_cv,41,1607,961,0,0,0.008072217129038717,0.11011645908673162,0.1119709197026592,0.01841678649728186,0.0019277828709612834,399,4,156
dbpedia-entity,rr,20,0.01,active_cv,41,1547,961,0,0,0.008072217129038717,0.17785785349040092,0.1119709197026592,0.01841678649728186,0.0019277828709612834,399,4,156
dbpedia-entity,rr,20,0.01,weighted_cvl,41,1585,961,0,0,0.008072217129038717,0.07202814123292334,0.1119709197026592,0.01841678649728186,0.0019277828709612834,399,4,156
dbpedia-entity,rr,20,0.01,uniform,42,1613,1006,0,0,0.0,0.20546692071225517,0.07536762795272349,0.03016796635425841,0.01,399,4,156
dbpedia-entity,rr,20,0.01,uniform_nz,42,1668,1006,0,0,0.0,0.12235888465399511,0.07536762795272349,0.03016796635425841,0.01,399,4,156
dbpedia-entity,rr,20,0.01,weighted,42,1599,1006,0,0,0.0,0.07536762795272349,0.07536762795272349,0.03016796635425841,0.01,399,4,156
dbpedia-entity,rr,20,0.01,active_judge,42,1634,1006,0,0,0.0,0.20100736069939057,0.07536762795272349,0.03016796635425841,0.01,399,4,156
dbpedia-entity,rr,20,0.01,strat_pilot,42,1651,1006,0,0,0.0,0.07471244752605143,0.07536762795272349,0.03016796635425841,0.01,399,4,156
dbpedia-entity,rr,20,0.01,weighted_cv,42,1617,1006,0,0,0.0,0.05630713853005298,0.07536762795272349,0.03016796635425841,0.01,399,4,156
dbpedia-entity,rr,20,0.01,active_cv,42,1642,1006,0,0,0.0,0.06205134986366813,0.07536762795272349,0.03016796635425841,0.01,399,4,156
dbpedia-entity,rr,20,0.01,weighted_cvl,42,1666,1006,1,0,0.0,0.047645339373589474,0.07536762795272349,0.03016796635425841,0.01,399,4,156
dbpedia-entity,rr,20,0.01,uniform,43,1676,1012,0,0,0.0,0.1305668277616367,0.0716833799954448,0.0767444071715101,0.01,399,4,156
dbpedia-entity,rr,20,0.01,uniform_nz,43,1630,1012,0,0,0.0,0.0799443453502178,0.0716833799954448,0.0767444071715101,0.01,399,4,156
dbpedia-entity,rr,20,0.01,weighted,43,1579,1012,0,0,0.0,0.0716833799954448,0.0716833799954448,0.0767444071715101,0.01,399,4,156
dbpedia-entity,rr,20,0.01,active_judge,43,1619,1012,0,0,0.0,0.169932111921112,0.0716833799954448,0.0767444071715101,0.01,399,4,156
dbpedia-entity,rr,20,0.01,strat_pilot,43,1650,1012,0,0,0.0,0.07154087484829,0.0716833799954448,0.0767444071715101,0.01,399,4,156
dbpedia-entity,rr,20,0.01,weighted_cv,43,1687,1012,0,0,0.0,0.05926687140964833,0.0716833799954448,0.0767444071715101,0.01,399,4,156
dbpedia-entity,rr,20,0.01,active_cv,43,1651,1012,0,0,0.0,0.07459876806152635,0.0716833799954448,0.0767444071715101,0.01,399,4,156
dbpedia-entity,rr,20,0.01,weighted_cvl,43,1644,1012,0,0,0.0,0.04162531198563467,0.0716833799954448,0.0767444071715101,0.01,399,4,156
dbpedia-entity,rr,20,0.01,uniform,44,1654,983,0,0,0.0,0.1693617256685121,0.05580447899948047,0.015977478446905682,0.01,399,4,156
dbpedia-entity,rr,20,0.01,uniform_nz,44,1601,983,0,0,0.0,0.09667795684677045,0.05580447899948047,0.015977478446905682,0.01,399,4,156
dbpedia-entity,rr,20,0.01,weighted,44,1600,983,0,0,0.0,0.05580447899948047,0.05580447899948047,0.015977478446905682,0.01,399,4,156
dbpedia-entity,rr,20,0.01,active_judge,44,1569,983,0,0,0.0,0.11680238342233426,0.05580447899948047,0.015977478446905682,0.01,399,4,156
dbpedia-entity,rr,20,0.01,strat_pilot,44,1575,983,0,0,0.0,0.0558683758199953,0.05580447899948047,0.015977478446905682,0.01,399,4,156
dbpedia-entity,rr,20,0.01,weighted_cv,44,1582,983,0,0,0.0,0.04166282514287025,0.05580447899948047,0.015977478446905682,0.01,399,4,156
dbpedia-entity,rr,20,0.01,active_cv,44,1621,983,0,0,0.0,0.05713462695559701,0.05580447899948047,0.015977478446905682,0.01,399,4,156
dbpedia-entity,rr,20,0.01,weighted_cvl,44,1639,983,0,0,0.0,0.0369736468444581,0.05580447899948047,0.015977478446905682,0.01,399,4,156
dbpedia-entity,rr,20,0.01,uniform,45,1443,999,0,0,0.0,0.16953219853344603,0.06340074935568654,0.08438032480547254,0.01,399,4,111
dbpedia-entity,rr,20,0.01,uniform_nz,45,1422,999,1,0,0.0,0.07409848462048144,0.06340074935568654,0.08438032480547254,0.01,399,4,111
dbpedia-entity,rr,20,0.01,weighted,45,1482,999,1,0,0.0,0.06340074935568654,0.06340074935568654,0.08438032480547254,0.01,399,4,111
dbpedia-entity,rr,20,0.01,active_judge,45,1460,999,0,0,0.0,0.181697044289097,0.06340074935568654,0.08438032480547254,0.01,399,4,111
dbpedia-entity,rr,20,0.01,strat_pilot,45,1431,999,0,0,0.0,0.06292274052199162,0.06340074935568654,0.08438032480547254,0.01,399,4,111
dbpedia-entity,rr,20,0.01,weighted_cv,45,1441,999,1,0,0.0,0.06732975336363277,0.06340074935568654,0.08438032480547254,0.01,399,4,111
dbpedia-entity,rr,20,0.01,active_cv,45,1442,999,0,0,0.0,0.09772564984163053,0.06340074935568654,0.08438032480547254,0.01,399,4,111
dbpedia-entity,rr,20,0.01,weighted_cvl,45,1415,999,1,0,0.0,0.03600822541358024,0.06340074935568654,0.08438032480547254,0.01,399,4,111
dbpedia-entity,rr,20,0.01,uniform,46,1690,1098,0,0,0.0023075975932407844,0.24089647758333738,0.09230563934290885,0.021972972738222865,0.007692402406759216,399,4,156
dbpedia-entity,rr,20,0.01,uniform_nz,46,1773,1098,0,0,0.0023075975932407844,0.12412567460707628,0.09230563934290885,0.021972972738222865,0.007692402406759216,399,4,156
dbpedia-entity,rr,20,0.01,weighted,46,1689,1098,0,0,0.0023075975932407844,0.09230563934290885,0.09230563934290885,0.021972972738222865,0.007692402406759216,399,4,156
dbpedia-entity,rr,20,0.01,active_judge,46,1732,1098,0,0,0.0023075975932407844,0.1991702708784792,0.09230563934290885,0.021972972738222865,0.007692402406759216,399,4,156
dbpedia-entity,rr,20,0.01,strat_pilot,46,1727,1098,0,0,0.0023075975932407844,0.09224629530908851,0.09230563934290885,0.021972972738222865,0.007692402406759216,399,4,156
dbpedia-entity,rr,20,0.01,weighted_cv,46,1701,1098,0,0,0.0023075975932407844,0.07787855635822437,0.09230563934290885,0.021972972738222865,0.007692402406759216,399,4,156
dbpedia-entity,rr,20,0.01,active_cv,46,1720,1098,0,0,0.0023075975932407844,0.11370790632966117,0.09230563934290885,0.021972972738222865,0.007692402406759216,399,4,156
dbpedia-entity,rr,20,0.01,weighted_cvl,46,1759,1098,0,0,0.0023075975932407844,0.07485543771011882,0.09230563934290885,0.021972972738222865,0.007692402406759216,399,4,156
dbpedia-entity,rr,20,0.01,uniform,47,1606,982,1,0,0.0,0.16312472267766304,0.07458693823879572,0.017160721880670728,0.01,399,4,156
dbpedia-entity,rr,20,0.01,uniform_nz,47,1621,982,1,0,0.0,0.09141894633547115,0.07458693823879572,0.017160721880670728,0.01,399,4,156
dbpedia-entity,rr,20,0.01,weighted,47,1591,982,0,0,0.0,0.07458693823879572,0.07458693823879572,0.017160721880670728,0.01,399,4,156
dbpedia-entity,rr,20,0.01,active_judge,47,1626,982,0,0,0.0,0.2360158463776929,0.07458693823879572,0.017160721880670728,0.01,399,4,156
dbpedia-entity,rr,20,0.01,strat_pilot,47,1598,982,0,0,0.0,0.07415277573232479,0.07458693823879572,0.017160721880670728,0.01,399,4,156
dbpedia-entity,rr,20,0.01,weighted_cv,47,1578,982,1,0,0.0,0.09088943663463603,0.07458693823879572,0.017160721880670728,0.01,399,4,156
dbpedia-entity,rr,20,0.01,active_cv,47,1588,982,1,0,0.0,0.1335780396085664,0.07458693823879572,0.017160721880670728,0.01,399,4,156
dbpedia-entity,rr,20,0.01,weighted_cvl,47,1608,982,1,0,0.0,0.04915454535171919,0.07458693823879572,0.017160721880670728,0.01,399,4,156
dbpedia-entity,rr,20,0.01,uniform,48,1629,999,0,0,0.0,0.10054935965225258,0.05917292972421717,0.0619045006616334,0.01,399,4,156
dbpedia-entity,rr,20,0.01,uniform_nz,48,1630,999,0,0,0.0,0.06397991953033316,0.05917292972421717,0.0619045006616334,0.01,399,4,156
dbpedia-entity,rr,20,0.01,weighted,48,1644,999,0,0,0.0,0.05917292972421717,0.05917292972421717,0.0619045006616334,0.01,399,4,156
dbpedia-entity,rr,20,0.01,active_judge,48,1622,999,0,0,0.0,0.13761269969031648,0.05917292972421717,0.0619045006616334,0.01,399,4,156
dbpedia-entity,rr,20,0.01,strat_pilot,48,1628,999,0,0,0.0,0.059102982437776896,0.05917292972421717,0.0619045006616334,0.01,399,4,156
dbpedia-entity,rr,20,0.01,weighted_cv,48,1638,999,0,0,0.0,0.05296811384887341,0.05917292972421717,0.0619045006616334,0.01,399,4,156
dbpedia-entity,rr,20,0.01,active_cv,48,1591,999,1,0,0.0,0.0733251104800589,0.05917292972421717,0.0619045006616334,0.01,399,4,156
dbpedia-entity,rr,20,0.01,weighted_cvl,48,1662,999,0,0,0.0,0.0369413997058199,0.05917292972421717,0.0619045006616334,0.01,399,4,156
dbpedia-entity,rr,20,0.01,uniform,49,1704,1053,0,0,0.0,0.17689733021339102,0.09401385293367708,0.07154603837348825,0.01,399,4,156
dbpedia-entity,rr,20,0.01,uniform_nz,49,1689,1053,0,0,0.0,0.11551122432862822,0.09401385293367708,0.07154603837348825,0.01,399,4,156
dbpedia-entity,rr,20,0.01,weighted,49,1684,1053,0,0,0.0,0.09401385293367708,0.09401385293367708,0.07154603837348825,0.01,399,4,156
dbpedia-entity,rr,20,0.01,active_judge,49,1694,1053,0,0,0.0,0.23550710694017135,0.09401385293367708,0.07154603837348825,0.01,399,4,156
dbpedia-entity,rr,20,0.01,strat_pilot,49,1667,1053,0,0,0.0,0.09404323542499594,0.09401385293367708,0.07154603837348825,0.01,399,4,156
dbpedia-entity,rr,20,0.01,weighted_cv,49,1695,1053,0,0,0.0,0.07611613869787004,0.09401385293367708,0.07154603837348825,0.01,399,4,156
dbpedia-entity,rr,20,0.01,active_cv,49,1658,1053,1,0,0.0,0.10604186275977882,0.09401385293367708,0.07154603837348825,0.01,399,4,156
dbpedia-entity,rr,20,0.01,weighted_cvl,49,1702,1053,0,0,0.0,0.06674290886679818,0.09401385293367708,0.07154603837348825,0.01,399,4,156
dbpedia-entity,rr,20,0.01,uniform,50,1708,1075,0,0,0.0,0.12943975012861125,0.06752492887317504,0.04514123808305393,0.01,399,4,156
dbpedia-entity,rr,20,0.01,uniform_nz,50,1700,1075,0,0,0.0,0.07351770320124844,0.06752492887317504,0.04514123808305393,0.01,399,4,156
dbpedia-entity,rr,20,0.01,weighted,50,1699,1075,0,0,0.0,0.06752492887317504,0.06752492887317504,0.04514123808305393,0.01,399,4,156
dbpedia-entity,rr,20,0.01,active_judge,50,1698,1075,0,0,0.0,0.1371631294849683,0.06752492887317504,0.04514123808305393,0.01,399,4,156
dbpedia-entity,rr,20,0.01,strat_pilot,50,1686,1075,0,0,0.0,0.06727688169144866,0.06752492887317504,0.04514123808305393,0.01,399,4,156
dbpedia-entity,rr,20,0.01,weighted_cv,50,1693,1075,0,0,0.0,0.06245389623929183,0.06752492887317504,0.04514123808305393,0.01,399,4,156
dbpedia-entity,rr,20,0.01,active_cv,50,1688,1075,0,0,0.0,0.0767783177617267,0.06752492887317504,0.04514123808305393,0.01,399,4,156
dbpedia-entity,rr,20,0.01,weighted_cvl,50,1631,1075,0,0,0.0,0.04837213730509984,0.06752492887317504,0.04514123808305393,0.01,399,4,156
dbpedia-entity,rr,20,0.01,uniform,51,1434,1007,0,0,0.017028735422046748,0.5894177968802474,0.038459511819413775,0.022950869844989008,-0.007028735422046748,399,4,112
dbpedia-entity,rr,20,0.01,uniform_nz,51,1447,1007,0,0,0.017028735422046748,0.25822641244515765,0.038459511819413775,0.022950869844989008,-0.007028735422046748,399,4,112
dbpedia-entity,rr,20,0.01,weighted,51,1474,1007,0,0,0.017028735422046748,0.038459511819413775,0.038459511819413775,0.022950869844989008,-0.007028735422046748,399,4,112
dbpedia-entity,rr,20,0.01,active_judge,51,1453,1007,0,0,0.017028735422046748,0.084873546096911,0.038459511819413775,0.022950869844989008,-0.007028735422046748,399,4,112
dbpedia-entity,rr,20,0.01,strat_pilot,51,1482,1007,0,0,0.017028735422046748,0.0383918894057865,0.038459511819413775,0.022950869844989008,-0.007028735422046748,399,4,112
dbpedia-entity,rr,20,0.01,weighted_cv,51,1477,1007,0,0,0.017028735422046748,0.04193034676966775,0.038459511819413775,0.022950869844989008,-0.007028735422046748,399,4,112
dbpedia-entity,rr,20,0.01,active_cv,51,1444,1007,0,0,0.017028735422046748,0.0695327081153796,0.038459511819413775,0.022950869844989008,-0.007028735422046748,399,4,112
dbpedia-entity,rr,20,0.01,weighted_cvl,51,1433,1007,0,0,0.017028735422046748,0.030997654255489095,0.038459511819413775,0.022950869844989008,-0.007028735422046748,399,4,112
dbpedia-entity,rr,20,0.01,uniform,52,1754,1081,0,0,0.0,0.1625597239230615,0.07926965882675671,0.03065234530451922,0.01,399,4,156
dbpedia-entity,rr,20,0.01,uniform_nz,52,1688,1081,0,0,0.0,0.09236731495115101,0.07926965882675671,0.03065234530451922,0.01,399,4,156
dbpedia-entity,rr,20,0.01,weighted,52,1726,1081,0,0,0.0,0.07926965882675671,0.07926965882675671,0.03065234530451922,0.01,399,4,156
dbpedia-entity,rr,20,0.01,active_judge,52,1722,1081,0,0,0.0,0.16321429412646316,0.07926965882675671,0.03065234530451922,0.01,399,4,156
dbpedia-entity,rr,20,0.01,strat_pilot,52,1708,1081,0,0,0.0,0.07938182869740462,0.07926965882675671,0.03065234530451922,0.01,399,4,156
dbpedia-entity,rr,20,0.01,weighted_cv,52,1730,1081,0,0,0.0,0.07627775762542552,0.07926965882675671,0.03065234530451922,0.01,399,4,156
dbpedia-entity,rr,20,0.01,active_cv,52,1710,1081,1,0,0.0,0.11197482373393552,0.07926965882675671,0.03065234530451922,0.01,399,4,156
dbpedia-entity,rr,20,0.01,weighted_cvl,52,1682,1081,0,0,0.0,0.05185516333215886,0.07926965882675671,0.03065234530451922,0.01,399,4,156
dbpedia-entity,rr,20,0.01,uniform,53,1413,1015,0,0,0.0,0.6239208596982913,0.036977818134359575,0.062254933748741796,0.01,399,4,96
dbpedia-entity,rr,20,0.01,uniform_nz,53,1385,1015,0,0,0.0,0.1671755107515394,0.036977818134359575,0.062254933748741796,0.01,399,4,96
dbpedia-entity,rr,20,0.01,weighted,53,1382,1015,0,0,0.0,0.036977818134359575,0.036977818134359575,0.062254933748741796,0.01,399,4,96
dbpedia-entity,rr,20,0.01,active_judge,53,1353,1015,0,0,0.0,0.3273625305132021,0.036977818134359575,0.062254933748741796,0.01,399,4,96
dbpedia-entity,rr,20,0.01,strat_pilot,53,1420,1015,0,0,0.0,0.036877186219463176,0.036977818134359575,0.062254933748741796,0.01,399,4,96
dbpedia-entity,rr,20,0.01,weighted_cv,53,1377,1015,1,0,0.0,0.03478810757351364,0.036977818134359575,0.062254933748741796,0.01,399,4,96
dbpedia-entity,rr,20,0.01,active_cv,53,1399,1015,0,0,0.0,0.046784734276569415,0.036977818134359575,0.062254933748741796,0.01,399,4,96
dbpedia-entity,rr,20,0.01,weighted_cvl,53,1420,1015,0,0,0.0,0.034405399906049225,0.036977818134359575,0.062254933748741796,0.01,399,4,96
dbpedia-entity,rr,20,0.01,uniform,54,1689,1056,0,0,0.0,0.23591858320092934,0.08800056087597423,0.09433274233654557,0.01,399,4,156
dbpedia-entity,rr,20,0.01,uniform_nz,54,1689,1056,0,0,0.0,0.11101036241247733,0.08800056087597423,0.09433274233654557,0.01,399,4,156
dbpedia-entity,rr,20,0.01,weighted,54,1687,1056,1,0,0.0,0.08800056087597423,0.08800056087597423,0.09433274233654557,0.01,399,4,156
dbpedia-entity,rr,20,0.01,active_judge,54,1698,1056,1,0,0.0,0.187176940244849,0.08800056087597423,0.09433274233654557,0.01,399,4,156
dbpedia-entity,rr,20,0.01,strat_pilot,54,1696,1056,1,0,0.0,0.08759009429899237,0.08800056087597423,0.09433274233654557,0.01,399,4,156
dbpedia-entity,rr,20,0.01,weighted_cv,54,1676,1056,1,0,0.0,0.043148602376478926,0.08800056087597423,0.09433274233654557,0.01,399,4,156
dbpedia-entity,rr,20,0.01,active_cv,54,1703,1056,1,0,0.0,0.04553315951760829,0.08800056087597423,0.09433274233654557,0.01,399,4,156
dbpedia-entity,rr,20,0.01,weighted_cvl,54,1630,1056,1,0,0.0,0.03730625110919528,0.08800056087597423,0.09433274233654557,0.01,399,4,156
dbpedia-entity,rr,20,0.01,uniform,55,1636,993,0,0,0.0,0.13873579571517386,0.07208788185987228,0.016107113403788596,0.01,399,4,156
dbpedia-entity,rr,20,0.01,uniform_nz,55,1595,993,0,0,0.0,0.08966733697931836,0.07208788185987228,0.016107113403788596,0.01,399,4,156
dbpedia-entity,rr,20,0.01,weighted,55,1610,993,0,0,0.0,0.07208788185987228,0.07208788185987228,0.016107113403788596,0.01,399,4,156
dbpedia-entity,rr,20,0.01,active_judge,55,1619,993,0,0,0.0,0.16660619877779534,0.07208788185987228,0.016107113403788596,0.01,399,4,156
dbpedia-entity,rr,20,0.01,strat_pilot,55,1609,993,0,0,0.0,0.07197331089105065,0.07208788185987228,0.016107113403788596,0.01,399,4,156
dbpedia-entity,rr,20,0.01,weighted_cv,55,1644,993,1,0,0.0,0.07316479029492551,0.07208788185987228,0.016107113403788596,0.01,399,4,156
dbpedia-entity,rr,20,0.01,active_cv,55,1621,993,1,0,0.0,0.10680973676931131,0.07208788185987228,0.016107113403788596,0.01,399,4,156
dbpedia-entity,rr,20,0.01,weighted_cvl,55,1614,993,0,0,0.0,0.04899783817806709,0.07208788185987228,0.016107113403788596,0.01,399,4,156
dbpedia-entity,rr,20,0.01,uniform,56,1692,1070,0,0,0.0,0.18247045460124192,0.08639748222163549,0.03619105090271703,0.01,399,4,156
dbpedia-entity,rr,20,0.01,uniform_nz,56,1714,1070,0,0,0.0,0.10718557869108021,0.08639748222163549,0.03619105090271703,0.01,399,4,156
dbpedia-entity,rr,20,0.01,weighted,56,1692,1070,0,0,0.0,0.08639748222163549,0.08639748222163549,0.03619105090271703,0.01,399,4,156
dbpedia-entity,rr,20,0.01,active_judge,56,1697,1070,0,0,0.0,0.19414911319302108,0.08639748222163549,0.03619105090271703,0.01,399,4,156
dbpedia-entity,rr,20,0.01,strat_pilot,56,1646,1070,0,0,0.0,0.0864921051627063,0.08639748222163549,0.03619105090271703,0.01,399,4,156
dbpedia-entity,rr,20,0.01,weighted_cv,56,1682,1070,1,0,0.0,0.06245297510603816,0.08639748222163549,0.03619105090271703,0.01,399,4,156
dbpedia-entity,rr,20,0.01,active_cv,56,1692,1070,0,0,0.0,0.08164872226234302,0.08639748222163549,0.03619105090271703,0.01,399,4,156
dbpedia-entity,rr,20,0.01,weighted_cvl,56,1718,1070,0,0,0.0,0.046834297427472305,0.08639748222163549,0.03619105090271703,0.01,399,4,156
dbpedia-entity,rr,20,0.01,uniform,57,1374,961,0,0,0.0,0.19562232084318593,0.05951457331162713,0.03982692452107344,0.01,399,4,111
dbpedia-entity,rr,20,0.01,uniform_nz,57,1385,961,0,0,0.0,0.08324545505584205,0.05951457331162713,0.03982692452107344,0.01,399,4,111
dbpedia-entity,rr,20,0.01,weighted,57,1411,961,0,0,0.0,0.05951457331162713,0.05951457331162713,0.03982692452107344,0.01,399,4,111
dbpedia-entity,rr,20,0.01,active_judge,57,1386,961,0,0,0.0,0.18105742409361308,0.05951457331162713,0.03982692452107344,0.01,399,4,111
dbpedia-entity,rr,20,0.01,strat_pilot,57,1405,961,0,0,0.0,0.059420322652680865,0.05951457331162713,0.03982692452107344,0.01,399,4,111
dbpedia-entity,rr,20,0.01,weighted_cv,57,1408,961,0,0,0.0,0.054122138176433986,0.05951457331162713,0.03982692452107344,0.01,399,4,111
dbpedia-entity,rr,20,0.01,active_cv,57,1384,961,0,0,0.0,0.07570544405050579,0.05951457331162713,0.03982692452107344,0.01,399,4,111
dbpedia-entity,rr,20,0.01,weighted_cvl,57,1390,961,0,0,0.0,0.04615080008888079,0.05951457331162713,0.03982692452107344,0.01,399,4,111
dbpedia-entity,rr,20,0.01,uniform,58,1622,991,0,0,0.0,0.14455514668973407,0.07675535945607168,0.045870207549774104,0.01,399,4,156
dbpedia-entity,rr,20,0.01,uniform_nz,58,1649,991,0,0,0.0,0.08960771190110725,0.07675535945607168,0.045870207549774104,0.01,399,4,156
dbpedia-entity,rr,20,0.01,weighted,58,1621,991,0,0,0.0,0.07675535945607168,0.07675535945607168,0.045870207549774104,0.01,399,4,156
dbpedia-entity,rr,20,0.01,active_judge,58,1647,991,0,0,0.0,0.19427261687845152,0.07675535945607168,0.045870207549774104,0.01,399,4,156
dbpedia-entity,rr,20,0.01,strat_pilot,58,1600,991,0,0,0.0,0.07673876502034702,0.07675535945607168,0.045870207549774104,0.01,399,4,156
dbpedia-entity,rr,20,0.01,weighted_cv,58,1617,991,0,0,0.0,0.06084054913786048,0.07675535945607168,0.045870207549774104,0.01,399,4,156
dbpedia-entity,rr,20,0.01,active_cv,58,1648,991,0,0,0.0,0.08663934035553118,0.07675535945607168,0.045870207549774104,0.01,399,4,156
dbpedia-entity,rr,20,0.01,weighted_cvl,58,1660,991,0,0,0.0,0.05596107799771054,0.07675535945607168,0.045870207549774104,0.01,399,4,156
dbpedia-entity,rr,20,0.01,uniform,59,1691,1048,0,0,0.0,0.15161217646754988,0.07419725981920419,0.03466158031257999,0.01,399,4,156
dbpedia-entity,rr,20,0.01,uniform_nz,59,1683,1048,0,0,0.0,0.08498056628745221,0.07419725981920419,0.03466158031257999,0.01,399,4,156
dbpedia-entity,rr,20,0.01,weighted,59,1645,1048,0,0,0.0,0.07419725981920419,0.07419725981920419,0.03466158031257999,0.01,399,4,156
dbpedia-entity,rr,20,0.01,active_judge,59,1620,1048,0,0,0.0,0.19469961217440623,0.07419725981920419,0.03466158031257999,0.01,399,4,156
dbpedia-entity,rr,20,0.01,strat_pilot,59,1667,1048,0,0,0.0,0.07409368629641218,0.07419725981920419,0.03466158031257999,0.01,399,4,156
dbpedia-entity,rr,20,0.01,weighted_cv,59,1701,1048,1,0,0.0,0.07283003396726681,0.07419725981920419,0.03466158031257999,0.01,399,4,156
dbpedia-entity,rr,20,0.01,active_cv,59,1687,1048,1,0,0.0,0.09869718847085614,0.07419725981920419,0.03466158031257999,0.01,399,4,156
dbpedia-entity,rr,20,0.01,weighted_cvl,59,1668,1048,0,0,0.0,0.04336717890970537,0.07419725981920419,0.03466158031257999,0.01,399,4,156
dbpedia-entity,rr,20,0.01,uniform,60,1652,1016,0,0,0.0023141930291991075,0.14726987352001183,0.07828128854586974,0.03757474633472411,0.007685806970800893,399,4,156
dbpedia-entity,rr,20,0.01,uniform_nz,60,1627,1016,0,0,0.0023141930291991075,0.08597600911115802,0.07828128854586974,0.03757474633472411,0.007685806970800893,399,4,156
dbpedia-entity,rr,20,0.01,weighted,60,1645,1016,0,0,0.0023141930291991075,0.07828128854586974,0.07828128854586974,0.03757474633472411,0.007685806970800893,399,4,156
dbpedia-entity,rr,20,0.01,active_judge,60,1649,1016,0,0,0.0023141930291991075,0.15207057958238637,0.07828128854586974,0.03757474633472411,0.007685806970800893,399,4,156
dbpedia-entity,rr,20,0.01,strat_pilot,60,1633,1016,0,0,0.0023141930291991075,0.07832703991231307,0.07828128854586974,0.03757474633472411,0.007685806970800893,399,4,156
dbpedia-entity,rr,20,0.01,weighted_cv,60,1642,1016,0,0,0.0023141930291991075,0.05133619267406474,0.07828128854586974,0.03757474633472411,0.007685806970800893,399,4,156
dbpedia-entity,rr,20,0.01,active_cv,60,1596,1016,0,0,0.0023141930291991075,0.06241593839673667,0.07828128854586974,0.03757474633472411,0.007685806970800893,399,4,156
dbpedia-entity,rr,20,0.01,weighted_cvl,60,1620,1016,0,0,0.0023141930291991075,0.04091372003468552,0.07828128854586974,0.03757474633472411,0.007685806970800893,399,4,156
dbpedia-entity,rr,20,0.01,uniform,61,1597,979,0,0,0.0,0.1600844229776715,0.0860704802207791,0.027031923737660515,0.01,399,4,156
dbpedia-entity,rr,20,0.01,uniform_nz,61,1618,979,0,0,0.0,0.11122166657776748,0.0860704802207791,0.027031923737660515,0.01,399,4,156
dbpedia-entity,rr,20,0.01,weighted,61,1642,979,0,0,0.0,0.0860704802207791,0.0860704802207791,0.027031923737660515,0.01,399,4,156
dbpedia-entity,rr,20,0.01,active_judge,61,1600,979,1,0,0.0,0.18738203073998405,0.0860704802207791,0.027031923737660515,0.01,399,4,156
dbpedia-entity,rr,20,0.01,strat_pilot,61,1605,979,0,0,0.0,0.08623525846302735,0.0860704802207791,0.027031923737660515,0.01,399,4,156
dbpedia-entity,rr,20,0.01,weighted_cv,61,1611,979,0,0,0.0,0.05492997296033766,0.0860704802207791,0.027031923737660515,0.01,399,4,156
dbpedia-entity,rr,20,0.01,active_cv,61,1589,979,1,0,0.0,0.06985037314246575,0.0860704802207791,0.027031923737660515,0.01,399,4,156
dbpedia-entity,rr,20,0.01,weighted_cvl,61,1595,979,0,0,0.0,0.044914712248667346,0.0860704802207791,0.027031923737660515,0.01,399,4,156
dbpedia-entity,rr,20,0.01,uniform,62,1613,1013,0,0,0.0008440111087648638,0.11038011559839182,0.06270824382580911,0.049415164785193,0.009155988891235136,399,4,156
dbpedia-entity,rr,20,0.01,uniform_nz,62,1647,1013,0,0,0.0008440111087648638,0.06653805653015202,0.06270824382580911,0.049415164785193,0.009155988891235136,399,4,156
dbpedia-entity,rr,20,0.01,weighted,62,1649,1013,0,0,0.0008440111087648638,0.06270824382580911,0.06270824382580911,0.049415164785193,0.009155988891235136,399,4,156
dbpedia-entity,rr,20,0.01,active_judge,62,1648,1013,0,0,0.0008440111087648638,0.12767783280648048,0.06270824382580911,0.049415164785193,0.009155988891235136,399,4,156
dbpedia-entity,rr,20,0.01,strat_pilot,62,1667,1013,0,0,0.0008440111087648638,0.06287742103479008,0.06270824382580911,0.049415164785193,0.009155988891235136,399,4,156
dbpedia-entity,rr,20,0.01,weighted_cv,62,1633,1013,0,0,0.0008440111087648638,0.06169102293821482,0.06270824382580911,0.049415164785193,0.009155988891235136,399,4,156
dbpedia-entity,rr,20,0.01,active_cv,62,1605,1013,0,0,0.0008440111087648638,0.08244488434499937,0.06270824382580911,0.049415164785193,0.009155988891235136,399,4,156
dbpedia-entity,rr,20,0.01,weighted_cvl,62,1608,1013,0,0,0.0008440111087648638,0.0580903268562061,0.06270824382580911,0.049415164785193,0.009155988891235136,399,4,156
dbpedia-entity,rr,20,0.01,uniform,63,1419,1002,0,0,0.0,1.825898971308078,0.10874879993635196,0.19978259764830977,0.01,399,4,99
dbpedia-entity,rr,20,0.01,uniform_nz,63,1383,1002,0,0,0.0,0.3365239412631797,0.10874879993635196,0.19978259764830977,0.01,399,4,99
dbpedia-entity,rr,20,0.01,weighted,63,1414,1002,1,0,0.0,0.10874879993635196,0.10874879993635196,0.19978259764830977,0.01,399,4,99
dbpedia-entity,rr,20,0.01,active_judge,63,1393,1002,1,0,0.0,0.40266032542138247,0.10874879993635196,0.19978259764830977,0.01,399,4,99
dbpedia-entity,rr,20,0.01,strat_pilot,63,1369,1002,1,0,0.0,0.10887400012844643,0.10874879993635196,0.19978259764830977,0.01,399,4,99
dbpedia-entity,rr,20,0.01,weighted_cv,63,1373,1002,1,0,0.0,0.0890707219486053,0.10874879993635196,0.19978259764830977,0.01,399,4,99
dbpedia-entity,rr,20,0.01,active_cv,63,1376,1002,0,0,0.0,0.11909309212209288,0.10874879993635196,0.19978259764830977,0.01,399,4,99
dbpedia-entity,rr,20,0.01,weighted_cvl,63,1392,1002,0,0,0.0,0.07447562663204413,0.10874879993635196,0.19978259764830977,0.01,399,4,99
dbpedia-entity,rr,20,0.01,uniform,64,1646,1000,0,0,0.0,0.1716974677982018,0.0782656775653364,0.03713976971414042,0.01,399,4,156
dbpedia-entity,rr,20,0.01,uniform_nz,64,1581,1000,0,0,0.0,0.09326132282210697,0.0782656775653364,0.03713976971414042,0.01,399,4,156
dbpedia-entity,rr,20,0.01,weighted,64,1637,1000,0,0,0.0,0.0782656775653364,0.0782656775653364,0.03713976971414042,0.01,399,4,156
dbpedia-entity,rr,20,0.01,active_judge,64,1622,1000,0,0,0.0,0.21521320567827126,0.0782656775653364,0.03713976971414042,0.01,399,4,156
dbpedia-entity,rr,20,0.01,strat_pilot,64,1610,1000,0,0,0.0,0.07820450859341732,0.0782656775653364,0.03713976971414042,0.01,399,4,156
dbpedia-entity,rr,20,0.01,weighted_cv,64,1600,1000,0,0,0.0,0.0740553513773298,0.0782656775653364,0.03713976971414042,0.01,399,4,156
dbpedia-entity,rr,20,0.01,active_cv,64,1619,1000,1,0,0.0,0.09443395962061474,0.0782656775653364,0.03713976971414042,0.01,399,4,156
dbpedia-entity,rr,20,0.01,weighted_cvl,64,1637,1000,0,0,0.0,0.05254580727791849,0.0782656775653364,0.03713976971414042,0.01,399,4,156
dbpedia-entity,rr,20,0.01,uniform,65,1507,1042,0,0,0.0,0.17557315870037948,0.04531541423576285,0.02242599269058437,0.01,399,4,112
dbpedia-entity,rr,20,0.01,uniform_nz,65,1494,1042,0,0,0.0,0.0711868305864144,0.04531541423576285,0.02242599269058437,0.01,399,4,112
dbpedia-entity,rr,20,0.01,weighted,65,1497,1042,0,0,0.0,0.04531541423576285,0.04531541423576285,0.02242599269058437,0.01,399,4,112
dbpedia-entity,rr,20,0.01,active_judge,65,1491,1042,0,0,0.0,0.11560580198613538,0.04531541423576285,0.02242599269058437,0.01,399,4,112
dbpedia-entity,rr,20,0.01,strat_pilot,65,1510,1042,0,0,0.0,0.045041744838829965,0.04531541423576285,0.02242599269058437,0.01,399,4,112
dbpedia-entity,rr,20,0.01,weighted_cv,65,1521,1042,0,0,0.0,0.05131613077135192,0.04531541423576285,0.02242599269058437,0.01,399,4,112
dbpedia-entity,rr,20,0.01,active_cv,65,1485,1042,0,0,0.0,0.07140513476156263,0.04531541423576285,0.02242599269058437,0.01,399,4,112
dbpedia-entity,rr,20,0.01,weighted_cvl,65,1489,1042,0,0,0.0,0.031560428275295954,0.04531541423576285,0.02242599269058437,0.01,399,4,112
dbpedia-entity,rr,20,0.01,uniform,66,1670,1017,0,0,0.0021728372559512987,0.4123464536867963,0.12706344194331645,0.02742211315725432,0.007827162744048701,399,4,156
dbpedia-entity,rr,20,0.01,uniform_nz,66,1647,1017,0,0,0.0021728372559512987,0.22262956418635804,0.12706344194331645,0.02742211315725432,0.007827162744048701,399,4,156
dbpedia-entity,rr,20,0.01,weighted,66,1680,1017,0,0,0.0021728372559512987,0.12706344194331645,0.12706344194331645,0.02742211315725432,0.007827162744048701,399,4,156
dbpedia-entity,rr,20,0.01,active_judge,66,1655,1017,0,0,0.0021728372559512987,0.26077553481546384,0.12706344194331645,0.02742211315725432,0.007827162744048701,399,4,156
dbpedia-entity,rr,20,0.01,strat_pilot,66,1638,1017,0,0,0.0021728372559512987,0.12731561912413175,0.12706344194331645,0.02742211315725432,0.007827162744048701,399,4,156
dbpedia-entity,rr,20,0.01,weighted_cv,66,1664,1017,0,0,0.0021728372559512987,0.09826119184652862,0.12706344194331645,0.02742211315725432,0.007827162744048701,399,4,156
dbpedia-entity,rr,20,0.01,active_cv,66,1617,1017,0,0,0.0021728372559512987,0.12176998919454722,0.12706344194331645,0.02742211315725432,0.007827162744048701,399,4,156
dbpedia-entity,rr,20,0.01,weighted_cvl,66,1648,1017,0,0,0.0021728372559512987,0.07921750402439479,0.12706344194331645,0.02742211315725432,0.007827162744048701,399,4,156
dbpedia-entity,rr,20,0.01,uniform,67,1710,1070,0,0,0.011754697507897649,0.33132171491082507,0.0838538949944962,0.036850954212476625,-0.0017546975078976488,399,4,156
dbpedia-entity,rr,20,0.01,uniform_nz,67,1691,1070,0,0,0.011754697507897649,0.1780504326986613,0.0838538949944962,0.036850954212476625,-0.0017546975078976488,399,4,156
dbpedia-entity,rr,20,0.01,weighted,67,1692,1070,0,0,0.011754697507897649,0.0838538949944962,0.0838538949944962,0.036850954212476625,-0.0017546975078976488,399,4,156
dbpedia-entity,rr,20,0.01,active_judge,67,1714,1070,0,0,0.011754697507897649,0.20302073357753958,0.0838538949944962,0.036850954212476625,-0.0017546975078976488,399,4,156
dbpedia-entity,rr,20,0.01,strat_pilot,67,1666,1070,0,0,0.011754697507897649,0.08392514610462716,0.0838538949944962,0.036850954212476625,-0.0017546975078976488,399,4,156
dbpedia-entity,rr,20,0.01,weighted_cv,67,1691,1070,0,0,0.011754697507897649,0.06551199600576654,0.0838538949944962,0.036850954212476625,-0.0017546975078976488,399,4,156
dbpedia-entity,rr,20,0.01,active_cv,67,1706,1070,0,0,0.011754697507897649,0.08138634322174253,0.0838538949944962,0.036850954212476625,-0.0017546975078976488,399,4,156
dbpedia-entity,rr,20,0.01,weighted_cvl,67,1675,1070,0,0,0.011754697507897649,0.04618613065700429,0.0838538949944962,0.036850954212476625,-0.0017546975078976488,399,4,156
dbpedia-entity,rr,20,0.01,uniform,68,1677,1047,0,0,0.0,0.1234623754108819,0.06058852959399992,0.03440030807844163,0.01,399,4,156
dbpedia-entity,rr,20,0.01,uniform_nz,68,1678,1047,0,0,0.0,0.06476655759070689,0.06058852959399992,0.03440030807844163,0.01,399,4,156
dbpedia-entity,rr,20,0.01,weighted,68,1697,1047,0,0,0.0,0.06058852959399992,0.06058852959399992,0.03440030807844163,0.01,399,4,156
dbpedia-entity,rr,20,0.01,active_judge,68,1657,1047,0,0,0.0,0.1628649856674031,0.06058852959399992,0.03440030807844163,0.01,399,4,156
dbpedia-entity,rr,20,0.01,strat_pilot,68,1661,1047,0,0,0.0,0.06040724566310922,0.06058852959399992,0.03440030807844163,0.01,399,4,156
dbpedia-entity,rr,20,0.01,weighted_cv,68,1675,1047,0,0,0.0,0.03589104216121097,0.06058852959399992,0.03440030807844163,0.01,399,4,156
dbpedia-entity,rr,20,0.01,active_cv,68,1646,1047,0,0,0.0,0.03969754510998361,0.06058852959399992,0.03440030807844163,0.01,399,4,156
dbpedia-entity,rr,20,0.01,weighted_cvl,68,1667,1047,0,0,0.0,0.02690057273015479,0.06058852959399992,0.03440030807844163,0.01,399,4,156
dbpedia-entity,rr,20,0.01,uniform,69,1467,1032,0,0,0.01623101579667524,0.3172907099935635,0.0889114749369877,0.025345765486891436,-0.006231015796675241,399,4,112
dbpedia-entity,rr,20,0.01,uniform_nz,69,1482,1032,0,0,0.01623101579667524,0.1157201891329909,0.0889114749369877,0.025345765486891436,-0.006231015796675241,399,4,112
dbpedia-entity,rr,20,0.01,weighted,69,1468,1032,0,0,0.01623101579667524,0.0889114749369877,0.0889114749369877,0.025345765486891436,-0.006231015796675241,399,4,112
dbpedia-entity,rr,20,0.01,active_judge,69,1486,1032,0,0,0.01623101579667524,0.27180160852879237,0.0889114749369877,0.025345765486891436,-0.006231015796675241,399,4,112
dbpedia-entity,rr,20,0.01,strat_pilot,69,1490,1032,0,0,0.01623101579667524,0.08836589221499269,0.0889114749369877,0.025345765486891436,-0.006231015796675241,399,4,112
dbpedia-entity,rr,20,0.01,weighted_cv,69,1470,1032,0,0,0.01623101579667524,0.07697152831823609,0.0889114749369877,0.025345765486891436,-0.006231015796675241,399,4,112
dbpedia-entity,rr,20,0.01,active_cv,69,1478,1032,0,0,0.01623101579667524,0.11578268318424538,0.0889114749369877,0.025345765486891436,-0.006231015796675241,399,4,112
dbpedia-entity,rr,20,0.01,weighted_cvl,69,1498,1032,0,0,0.01623101579667524,0.05015581549362873,0.0889114749369877,0.025345765486891436,-0.006231015796675241,399,4,112
dbpedia-entity,rr,20,0.01,uniform,70,1705,1059,0,0,0.0004578546506661674,0.17952507250022776,0.07814478812465994,0.016070677827971586,0.009542145349333833,399,4,156
dbpedia-entity,rr,20,0.01,uniform_nz,70,1702,1059,0,0,0.0004578546506661674,0.09268886776393065,0.07814478812465994,0.016070677827971586,0.009542145349333833,399,4,156
dbpedia-entity,rr,20,0.01,weighted,70,1711,1059,0,0,0.0004578546506661674,0.07814478812465994,0.07814478812465994,0.016070677827971586,0.009542145349333833,399,4,156
dbpedia-entity,rr,20,0.01,active_judge,70,1674,1059,0,0,0.0004578546506661674,0.19014608133246017,0.07814478812465994,0.016070677827971586,0.009542145349333833,399,4,156
dbpedia-entity,rr,20,0.01,strat_pilot,70,1651,1059,0,0,0.0004578546506661674,0.07812032997287585,0.07814478812465994,0.016070677827971586,0.009542145349333833,399,4,156
dbpedia-entity,rr,20,0.01,weighted_cv,70,1628,1059,0,0,0.0004578546506661674,0.057065432652301705,0.07814478812465994,0.016070677827971586,0.009542145349333833,399,4,156
dbpedia-entity,rr,20,0.01,active_cv,70,1661,1059,0,0,0.0004578546506661674,0.07383454845481627,0.07814478812465994,0.016070677827971586,0.009542145349333833,399,4,156
dbpedia-entity,rr,20,0.01,weighted_cvl,70,1668,1059,0,0,0.0004578546506661674,0.04345412328309516,0.07814478812465994,0.016070677827971586,0.009542145349333833,399,4,156
dbpedia-entity,rr,20,0.01,uniform,71,1638,1020,0,0,0.0,0.2542237170240467,0.09243543336380305,0.04626814405241852,0.01,399,4,156
dbpedia-entity,rr,20,0.01,uniform_nz,71,1635,1020,1,0,0.0,0.1393459425295704,0.09243543336380305,0.04626814405241852,0.01,399,4,156
dbpedia-entity,rr,20,0.01,weighted,71,1656,1020,0,0,0.0,0.09243543336380305,0.09243543336380305,0.04626814405241852,0.01,399,4,156
dbpedia-entity,rr,20,0.01,active_judge,71,1633,1020,0,0,0.0,0.37371530691318816,0.09243543336380305,0.04626814405241852,0.01,399,4,156
dbpedia-entity,rr,20,0.01,strat_pilot,71,1634,1020,1,0,0.0,0.0922036501078494,0.09243543336380305,0.04626814405241852,0.01,399,4,156
dbpedia-entity,rr,20,0.01,weighted_cv,71,1675,1020,0,0,0.0,0.0970663411036238,0.09243543336380305,0.04626814405241852,0.01,399,4,156
dbpedia-entity,rr,20,0.01,active_cv,71,1653,1020,1,0,0.0,0.13790632021238358,0.09243543336380305,0.04626814405241852,0.01,399,4,156
dbpedia-entity,rr,20,0.01,weighted_cvl,71,1651,1020,1,0,0.0,0.05494482689210163,0.09243543336380305,0.04626814405241852,0.01,399,4,156
dbpedia-entity,rr,20,0.01,uniform,72,1675,1060,0,0,0.0004578546506661674,0.1664769579008401,0.0865267443351701,0.015463723790939826,0.009542145349333833,399,4,156
dbpedia-entity,rr,20,0.01,uniform_nz,72,1700,1060,0,0,0.0004578546506661674,0.09692402721968792,0.0865267443351701,0.015463723790939826,0.009542145349333833,399,4,156
dbpedia-entity,rr,20,0.01,weighted,72,1662,1060,0,0,0.0004578546506661674,0.0865267443351701,0.0865267443351701,0.015463723790939826,0.009542145349333833,399,4,156
dbpedia-entity,rr,20,0.01,active_judge,72,1657,1060,0,0,0.0004578546506661674,0.16432286613118524,0.0865267443351701,0.015463723790939826,0.009542145349333833,399,4,156
dbpedia-entity,rr,20,0.01,strat_pilot,72,1648,1060,0,0,0.0004578546506661674,0.08678027919478115,0.0865267443351701,0.015463723790939826,0.009542145349333833,399,4,156
dbpedia-entity,rr,20,0.01,weighted_cv,72,1686,1060,0,0,0.0004578546506661674,0.0563977475625413,0.0865267443351701,0.015463723790939826,0.009542145349333833,399,4,156
dbpedia-entity,rr,20,0.01,active_cv,72,1659,1060,0,0,0.0004578546506661674,0.0671362206190326,0.0865267443351701,0.015463723790939826,0.009542145349333833,399,4,156
dbpedia-entity,rr,20,0.01,weighted_cvl,72,1645,1060,0,0,0.0004578546506661674,0.043822854633852805,0.0865267443351701,0.015463723790939826,0.009542145349333833,399,4,156
dbpedia-entity,rr,20,0.01,uniform,73,1664,1033,0,0,0.007941174384600957,0.23847860028603468,0.0821048473726763,0.017371809779903137,0.0020588256153990427,399,4,156
dbpedia-entity,rr,20,0.01,uniform_nz,73,1627,1033,0,0,0.007941174384600957,0.11804683006144331,0.0821048473726763,0.017371809779903137,0.0020588256153990427,399,4,156
dbpedia-entity,rr,20,0.01,weighted,73,1639,1033,0,0,0.007941174384600957,0.0821048473726763,0.0821048473726763,0.017371809779903137,0.0020588256153990427,399,4,156
dbpedia-entity,rr,20,0.01,active_judge,73,1668,1033,0,0,0.007941174384600957,0.23126232402520092,0.0821048473726763,0.017371809779903137,0.0020588256153990427,399,4,156
dbpedia-entity,rr,20,0.01,strat_pilot,73,1636,1033,0,0,0.007941174384600957,0.08167159283598331,0.0821048473726763,0.017371809779903137,0.0020588256153990427,399,4,156
dbpedia-entity,rr,20,0.01,weighted_cv,73,1679,1033,0,0,0.007941174384600957,0.06857012904578721,0.0821048473726763,0.017371809779903137,0.0020588256153990427,399,4,156
dbpedia-entity,rr,20,0.01,active_cv,73,1642,1033,0,0,0.007941174384600957,0.09018965745096003,0.0821048473726763,0.017371809779903137,0.0020588256153990427,399,4,156
dbpedia-entity,rr,20,0.01,weighted_cvl,73,1677,1033,0,0,0.007941174384600957,0.04538963624789495,0.0821048473726763,0.017371809779903137,0.0020588256153990427,399,4,156
dbpedia-entity,rr,20,0.01,uniform,74,1680,1061,0,0,0.021011525334039494,0.7051633822904935,0.09635992912801399,0.013875278100190028,-0.011011525334039493,399,4,156
dbpedia-entity,rr,20,0.01,uniform_nz,74,1685,1061,0,0,0.021011525334039494,0.5125720328966274,0.09635992912801399,0.013875278100190028,-0.011011525334039493,399,4,156
dbpedia-entity,rr,20,0.01,weighted,74,1673,1061,0,0,0.021011525334039494,0.09635992912801399,0.09635992912801399,0.013875278100190028,-0.011011525334039493,399,4,156
dbpedia-entity,rr,20,0.01,active_judge,74,1679,1061,0,0,0.021011525334039494,0.27843076743585166,0.09635992912801399,0.013875278100190028,-0.011011525334039493,399,4,156
dbpedia-entity,rr,20,0.01,strat_pilot,74,1692,1061,0,0,0.021011525334039494,0.09658785016053557,0.09635992912801399,0.013875278100190028,-0.011011525334039493,399,4,156
dbpedia-entity,rr,20,0.01,weighted_cv,74,1708,1061,0,0,0.021011525334039494,0.08810729179350599,0.09635992912801399,0.013875278100190028,-0.011011525334039493,399,4,156
dbpedia-entity,rr,20,0.01,active_cv,74,1685,1061,0,0,0.021011525334039494,0.1473835598448266,0.09635992912801399,0.013875278100190028,-0.011011525334039493,399,4,156
dbpedia-entity,rr,20,0.01,weighted_cvl,74,1672,1061,0,0,0.021011525334039494,0.0806058914435577,0.09635992912801399,0.013875278100190028,-0.011011525334039493,399,4,156
dbpedia-entity,rr,20,0.01,uniform,75,1726,1105,0,0,0.006548827646211897,0.21801580814237936,0.08505470218725457,0.014623925376533405,0.0034511723537881036,399,4,156
dbpedia-entity,rr,20,0.01,uniform_nz,75,1727,1105,0,0,0.006548827646211897,0.11343521266552122,0.08505470218725457,0.014623925376533405,0.0034511723537881036,399,4,156
dbpedia-entity,rr,20,0.01,weighted,75,1750,1105,0,0,0.006548827646211897,0.08505470218725457,0.08505470218725457,0.014623925376533405,0.0034511723537881036,399,4,156
dbpedia-entity,rr,20,0.01,active_judge,75,1701,1105,0,0,0.006548827646211897,0.2241302712504134,0.08505470218725457,0.014623925376533405,0.0034511723537881036,399,4,156
dbpedia-entity,rr,20,0.01,strat_pilot,75,1711,1105,0,0,0.006548827646211897,0.08508694380884382,0.08505470218725457,0.014623925376533405,0.0034511723537881036,399,4,156
dbpedia-entity,rr,20,0.01,weighted_cv,75,1753,1105,0,0,0.006548827646211897,0.07943172406604203,0.08505470218725457,0.014623925376533405,0.0034511723537881036,399,4,156
dbpedia-entity,rr,20,0.01,active_cv,75,1750,1105,0,0,0.006548827646211897,0.10268165811086631,0.08505470218725457,0.014623925376533405,0.0034511723537881036,399,4,156
dbpedia-entity,rr,20,0.01,weighted_cvl,75,1717,1105,0,0,0.006548827646211897,0.0513409859586043,0.08505470218725457,0.014623925376533405,0.0034511723537881036,399,4,156
dbpedia-entity,rr,20,0.01,uniform,76,1432,1018,1,0,0.0,0.08423003804862125,0.026643705236234,0.008569053160252289,0.01,399,4,112
dbpedia-entity,rr,20,0.01,uniform_nz,76,1471,1018,0,0,0.0,0.030683404897674814,0.026643705236234,0.008569053160252289,0.01,399,4,112
dbpedia-entity,rr,20,0.01,weighted,76,1447,1018,0,0,0.0,0.026643705236234,0.026643705236234,0.008569053160252289,0.01,399,4,112
dbpedia-entity,rr,20,0.01,active_judge,76,1462,1018,0,0,0.0,0.0560018470250875,0.026643705236234,0.008569053160252289,0.01,399,4,112
dbpedia-entity,rr,20,0.01,strat_pilot,76,1470,1018,0,0,0.0,0.026650639403540878,0.026643705236234,0.008569053160252289,0.01,399,4,112
dbpedia-entity,rr,20,0.01,weighted_cv,76,1431,1018,1,0,0.0,0.02866905275288567,0.026643705236234,0.008569053160252289,0.01,399,4,112
dbpedia-entity,rr,20,0.01,active_cv,76,1448,1018,0,0,0.0,0.04464717663794656,0.026643705236234,0.008569053160252289,0.01,399,4,112
dbpedia-entity,rr,20,0.01,weighted_cvl,76,1450,1018,0,0,0.0,0.02189259700548717,0.026643705236234,0.008569053160252289,0.01,399,4,112
dbpedia-entity,rr,20,0.01,uniform,77,1617,995,0,0,0.028985107428363965,0.3444804387375915,0.09230002979627286,0.013578498843204737,-0.018985107428363963,399,4,156
dbpedia-entity,rr,20,0.01,uniform_nz,77,1597,995,0,0,0.028985107428363965,0.1953462292821302,0.09230002979627286,0.013578498843204737,-0.018985107428363963,399,4,156
dbpedia-entity,rr,20,0.01,weighted,77,1613,995,0,0,0.028985107428363965,0.09230002979627286,0.09230002979627286,0.013578498843204737,-0.018985107428363963,399,4,156
dbpedia-entity,rr,20,0.01,active_judge,77,1589,995,0,0,0.028985107428363965,0.2483136370063313,0.09230002979627286,0.013578498843204737,-0.018985107428363963,399,4,156
dbpedia-entity,rr,20,0.01,strat_pilot,77,1596,995,0,0,0.028985107428363965,0.09245379168881648,0.09230002979627286,0.013578498843204737,-0.018985107428363963,399,4,156
dbpedia-entity,rr,20,0.01,weighted_cv,77,1630,995,0,0,0.028985107428363965,0.10967758146447656,0.09230002979627286,0.013578498843204737,-0.018985107428363963,399,4,156
dbpedia-entity,rr,20,0.01,active_cv,77,1602,995,0,0,0.028985107428363965,0.15999758052382057,0.09230002979627286,0.013578498843204737,-0.018985107428363963,399,4,156
dbpedia-entity,rr,20,0.01,weighted_cvl,77,1638,995,0,0,0.028985107428363965,0.07247258856246232,0.09230002979627286,0.013578498843204737,-0.018985107428363963,399,4,156
dbpedia-entity,rr,20,0.01,uniform,78,1674,1063,0,0,0.0,0.1363063829060216,0.06550066212643174,0.02177436733364027,0.01,399,4,156
dbpedia-entity,rr,20,0.01,uniform_nz,78,1685,1063,0,0,0.0,0.07346335129036385,0.06550066212643174,0.02177436733364027,0.01,399,4,156
dbpedia-entity,rr,20,0.01,weighted,78,1651,1063,0,0,0.0,0.06550066212643174,0.06550066212643174,0.02177436733364027,0.01,399,4,156
dbpedia-entity,rr,20,0.01,active_judge,78,1703,1063,0,0,0.0,0.15606046322463404,0.06550066212643174,0.02177436733364027,0.01,399,4,156
dbpedia-entity,rr,20,0.01,strat_pilot,78,1683,1063,0,0,0.0,0.06574962045945645,0.06550066212643174,0.02177436733364027,0.01,399,4,156
dbpedia-entity,rr,20,0.01,weighted_cv,78,1652,1063,1,0,0.0,0.05429791577531634,0.06550066212643174,0.02177436733364027,0.01,399,4,156
dbpedia-entity,rr,20,0.01,active_cv,78,1679,1063,0,0,0.0,0.07483522882574242,0.06550066212643174,0.02177436733364027,0.01,399,4,156
dbpedia-entity,rr,20,0.01,weighted_cvl,78,1683,1063,0,0,0.0,0.052263661984169076,0.06550066212643174,0.02177436733364027,0.01,399,4,156
dbpedia-entity,rr,20,0.01,uniform,79,1641,1064,0,0,0.0,0.151995054100151,0.07270805130623414,0.03642662033528907,0.01,399,4,156
dbpedia-entity,rr,20,0.01,uniform_nz,79,1695,1064,0,0,0.0,0.0806319730878867,0.07270805130623414,0.03642662033528907,0.01,399,4,156
dbpedia-entity,rr,20,0.01,weighted,79,1732,1064,0,0,0.0,0.07270805130623414,0.07270805130623414,0.03642662033528907,0.01,399,4,156
dbpedia-entity,rr,20,0.01,active_judge,79,1686,1064,0,0,0.0,0.19507718161726204,0.07270805130623414,0.03642662033528907,0.01,399,4,156
dbpedia-entity,rr,20,0.01,strat_pilot,79,1639,1064,0,0,0.0,0.07273829014115094,0.07270805130623414,0.03642662033528907,0.01,399,4,156
dbpedia-entity,rr,20,0.01,weighted_cv,79,1692,1064,0,0,0.0,0.06706835969033068,0.07270805130623414,0.03642662033528907,0.01,399,4,156
dbpedia-entity,rr,20,0.01,active_cv,79,1707,1064,0,0,0.0,0.0918640979413208,0.07270805130623414,0.03642662033528907,0.01,399,4,156
dbpedia-entity,rr,20,0.01,weighted_cvl,79,1645,1064,0,0,0.0,0.06038907968104841,0.07270805130623414,0.03642662033528907,0.01,399,4,156
dbpedia-entity,rr,20,0.01,uniform,80,1769,1066,1,0,0.0,0.2107844961393479,0.08765867300633626,0.025615143415385712,0.01,399,4,156
dbpedia-entity,rr,20,0.01,uniform_nz,80,1720,1066,1,0,0.0,0.1080255500632353,0.08765867300633626,0.025615143415385712,0.01,399,4,156
dbpedia-entity,rr,20,0.01,weighted,80,1702,1066,1,0,0.0,0.08765867300633626,0.08765867300633626,0.025615143415385712,0.01,399,4,156
dbpedia-entity,rr,20,0.01,active_judge,80,1665,1066,0,0,0.0,0.23042426452007816,0.08765867300633626,0.025615143415385712,0.01,399,4,156
dbpedia-entity,rr,20,0.01,strat_pilot,80,1671,1066,1,0,0.0,0.08767671749147928,0.08765867300633626,0.025615143415385712,0.01,399,4,156
dbpedia-entity,rr,20,0.01,weighted_cv,80,1696,1066,1,0,0.0,0.07377514553091213,0.08765867300633626,0.025615143415385712,0.01,399,4,156
dbpedia-entity,rr,20,0.01,active_cv,80,1708,1066,1,0,0.0,0.11562925739511258,0.08765867300633626,0.025615143415385712,0.01,399,4,156
dbpedia-entity,rr,20,0.01,weighted_cvl,80,1674,1066,1,0,0.0,0.05430010452042666,0.08765867300633626,0.025615143415385712,0.01,399,4,156
dbpedia-entity,rr,20,0.01,uniform,81,1680,1051,0,0,0.0,0.22510670259381588,0.09659147174908493,0.059422784373360654,0.01,399,4,156
dbpedia-entity,rr,20,0.01,uniform_nz,81,1660,1051,0,0,0.0,0.12515996167546645,0.09659147174908493,0.059422784373360654,0.01,399,4,156
dbpedia-entity,rr,20,0.01,weighted,81,1703,1051,0,0,0.0,0.09659147174908493,0.09659147174908493,0.059422784373360654,0.01,399,4,156
dbpedia-entity,rr,20,0.01,active_judge,81,1665,1051,0,0,0.0,0.2244548909281116,0.09659147174908493,0.059422784373360654,0.01,399,4,156
dbpedia-entity,rr,20,0.01,strat_pilot,81,1651,1051,0,0,0.0,0.09658586955205353,0.09659147174908493,0.059422784373360654,0.01,399,4,156
dbpedia-entity,rr,20,0.01,weighted_cv,81,1689,1051,0,0,0.0,0.06346092149609062,0.09659147174908493,0.059422784373360654,0.01,399,4,156
dbpedia-entity,rr,20,0.01,active_cv,81,1644,1051,0,0,0.0,0.07311191730130048,0.09659147174908493,0.059422784373360654,0.01,399,4,156
dbpedia-entity,rr,20,0.01,weighted_cvl,81,1642,1051,0,0,0.0,0.049827516684958384,0.09659147174908493,0.059422784373360654,0.01,399,4,156
dbpedia-entity,rr,20,0.01,uniform,82,1587,995,0,0,0.007346973925454192,0.22317068426194356,0.09549882629758037,0.020068354097013588,0.002653026074545808,399,4,156
dbpedia-entity,rr,20,0.01,uniform_nz,82,1599,995,0,0,0.007346973925454192,0.13775199911214905,0.09549882629758037,0.020068354097013588,0.002653026074545808,399,4,156
dbpedia-entity,rr,20,0.01,weighted,82,1615,995,0,0,0.007346973925454192,0.09549882629758037,0.09549882629758037,0.020068354097013588,0.002653026074545808,399,4,156
dbpedia-entity,rr,20,0.01,active_judge,82,1625,995,0,0,0.007346973925454192,0.24073473941097476,0.09549882629758037,0.020068354097013588,0.002653026074545808,399,4,156
dbpedia-entity,rr,20,0.01,strat_pilot,82,1601,995,0,0,0.007346973925454192,0.09553701963519383,0.09549882629758037,0.020068354097013588,0.002653026074545808,399,4,156
dbpedia-entity,rr,20,0.01,weighted_cv,82,1621,995,0,0,0.007346973925454192,0.06575628333851803,0.09549882629758037,0.020068354097013588,0.002653026074545808,399,4,156
dbpedia-entity,rr,20,0.01,active_cv,82,1604,995,0,0,0.007346973925454192,0.07632422491456124,0.09549882629758037,0.020068354097013588,0.002653026074545808,399,4,156
dbpedia-entity,rr,20,0.01,weighted_cvl,82,1583,995,0,0,0.007346973925454192,0.057695922788502794,0.09549882629758037,0.020068354097013588,0.002653026074545808,399,4,156
dbpedia-entity,rr,20,0.01,uniform,83,1697,1041,0,0,0.0,0.21990416778125557,0.07703904029178571,0.025184811533495746,0.01,399,4,156
dbpedia-entity,rr,20,0.01,uniform_nz,83,1667,1041,0,0,0.0,0.1052862736582377,0.07703904029178571,0.025184811533495746,0.01,399,4,156
dbpedia-entity,rr,20,0.01,weighted,83,1669,1041,0,0,0.0,0.07703904029178571,0.07703904029178571,0.025184811533495746,0.01,399,4,156
dbpedia-entity,rr,20,0.01,active_judge,83,1665,1041,0,0,0.0,0.21669765498644802,0.07703904029178571,0.025184811533495746,0.01,399,4,156
dbpedia-entity,rr,20,0.01,strat_pilot,83,1635,1041,0,0,0.0,0.07703080090064156,0.07703904029178571,0.025184811533495746,0.01,399,4,156
dbpedia-entity,rr,20,0.01,weighted_cv,83,1639,1041,1,0,0.0,0.10015727166198049,0.07703904029178571,0.025184811533495746,0.01,399,4,156
dbpedia-entity,rr,20,0.01,active_cv,83,1661,1041,1,0,0.0,0.14968231436249974,0.07703904029178571,0.025184811533495746,0.01,399,4,156
dbpedia-entity,rr,20,0.01,weighted_cvl,83,1677,1041,1,0,0.0,0.05853542126334825,0.07703904029178571,0.025184811533495746,0.01,399,4,156
dbpedia-entity,rr,20,0.01,uniform,84,1649,1016,0,0,0.0035549151667227386,0.1682875034157228,0.07485029094453291,0.06798166942617742,0.006445084833277262,399,4,156
dbpedia-entity,rr,20,0.01,uniform_nz,84,1610,1016,0,0,0.0035549151667227386,0.09422297131621231,0.07485029094453291,0.06798166942617742,0.006445084833277262,399,4,156
dbpedia-entity,rr,20,0.01,weighted,84,1631,1016,0,0,0.0035549151667227386,0.07485029094453291,0.07485029094453291,0.06798166942617742,0.006445084833277262,399,4,156
dbpedia-entity,rr,20,0.01,active_judge,84,1633,1016,1,0,0.0035549151667227386,0.19034734635790457,0.07485029094453291,0.06798166942617742,0.006445084833277262,399,4,156
dbpedia-entity,rr,20,0.01,strat_pilot,84,1608,1016,0,0,0.0035549151667227386,0.07480057727329609,0.07485029094453291,0.06798166942617742,0.006445084833277262,399,4,156
dbpedia-entity,rr,20,0.01,weighted_cv,84,1635,1016,0,0,0.0035549151667227386,0.0662338575857762,0.07485029094453291,0.06798166942617742,0.006445084833277262,399,4,156
dbpedia-entity,rr,20,0.01,active_cv,84,1652,1016,0,0,0.0035549151667227386,0.09252542719213346,0.07485029094453291,0.06798166942617742,0.006445084833277262,399,4,156
dbpedia-entity,rr,20,0.01,weighted_cvl,84,1594,1016,0,0,0.0035549151667227386,0.054897484068700556,0.07485029094453291,0.06798166942617742,0.006445084833277262,399,4,156
dbpedia-entity,rr,20,0.01,uniform,85,1806,1134,0,0,0.0,0.2290197736999084,0.08964567885529906,0.03025668029970824,0.01,399,4,156
dbpedia-entity,rr,20,0.01,uniform_nz,85,1770,1134,0,0,0.0,0.11018595346388349,0.08964567885529906,0.03025668029970824,0.01,399,4,156
dbpedia-entity,rr,20,0.01,weighted,85,1769,1134,0,0,0.0,0.08964567885529906,0.08964567885529906,0.03025668029970824,0.01,399,4,156
dbpedia-entity,rr,20,0.01,active_judge,85,1732,1134,0,0,0.0,0.16233367606737506,0.08964567885529906,0.03025668029970824,0.01,399,4,156
dbpedia-entity,rr,20,0.01,strat_pilot,85,1753,1134,0,0,0.0,0.0896859537885005,0.08964567885529906,0.03025668029970824,0.01,399,4,156
dbpedia-entity,rr,20,0.01,weighted_cv,85,1750,1134,0,0,0.0,0.04807715778514495,0.08964567885529906,0.03025668029970824,0.01,399,4,156
dbpedia-entity,rr,20,0.01,active_cv,85,1745,1134,0,0,0.0,0.05407424596148173,0.08964567885529906,0.03025668029970824,0.01,399,4,156
dbpedia-entity,rr,20,0.01,weighted_cvl,85,1765,1134,1,0,0.0,0.04604726637425514,0.08964567885529906,0.03025668029970824,0.01,399,4,156
dbpedia-entity,rr,20,0.01,uniform,86,1364,991,0,0,0.0,1.618699900971113,0.07266654535599308,0.16501043194912177,0.01,399,4,92
dbpedia-entity,rr,20,0.01,uniform_nz,86,1372,991,1,0,0.0,0.2518599848199997,0.07266654535599308,0.16501043194912177,0.01,399,4,92
dbpedia-entity,rr,20,0.01,weighted,86,1360,991,1,0,0.0,0.07266654535599308,0.07266654535599308,0.16501043194912177,0.01,399,4,92
dbpedia-entity,rr,20,0.01,active_judge,86,1351,991,0,0,0.0,0.4782507588452695,0.07266654535599308,0.16501043194912177,0.01,399,4,92
dbpedia-entity,rr,20,0.01,strat_pilot,86,1377,991,1,0,0.0,0.07278621740630278,0.07266654535599308,0.16501043194912177,0.01,399,4,92
dbpedia-entity,rr,20,0.01,weighted_cv,86,1346,991,1,0,0.0,0.0712316595202905,0.07266654535599308,0.16501043194912177,0.01,399,4,92
dbpedia-entity,rr,20,0.01,active_cv,86,1357,991,1,0,0.0,0.09247621909840487,0.07266654535599308,0.16501043194912177,0.01,399,4,92
dbpedia-entity,rr,20,0.01,weighted_cvl,86,1358,991,1,0,0.0,0.07086397985798171,0.07266654535599308,0.16501043194912177,0.01,399,4,92
dbpedia-entity,rr,20,0.01,uniform,87,1646,1033,0,0,0.015323549429250793,0.3056027162530476,0.08245492093426957,0.024691667529639357,-0.005323549429250793,399,4,156
dbpedia-entity,rr,20,0.01,uniform_nz,87,1700,1033,0,0,0.015323549429250793,0.19345193643027186,0.08245492093426957,0.024691667529639357,-0.005323549429250793,399,4,156
dbpedia-entity,rr,20,0.01,weighted,87,1663,1033,0,0,0.015323549429250793,0.08245492093426957,0.08245492093426957,0.024691667529639357,-0.005323549429250793,399,4,156
dbpedia-entity,rr,20,0.01,active_judge,87,1686,1033,0,0,0.015323549429250793,0.18750815604883714,0.08245492093426957,0.024691667529639357,-0.005323549429250793,399,4,156
dbpedia-entity,rr,20,0.01,strat_pilot,87,1669,1033,0,0,0.015323549429250793,0.082113497524417,0.08245492093426957,0.024691667529639357,-0.005323549429250793,399,4,156
dbpedia-entity,rr,20,0.01,weighted_cv,87,1664,1033,0,0,0.015323549429250793,0.08129451092103616,0.08245492093426957,0.024691667529639357,-0.005323549429250793,399,4,156
dbpedia-entity,rr,20,0.01,active_cv,87,1692,1033,0,0,0.015323549429250793,0.11319163149709566,0.08245492093426957,0.024691667529639357,-0.005323549429250793,399,4,156
dbpedia-entity,rr,20,0.01,weighted_cvl,87,1685,1033,0,0,0.015323549429250793,0.06213154423990762,0.08245492093426957,0.024691667529639357,-0.005323549429250793,399,4,156
dbpedia-entity,rr,20,0.01,uniform,88,1409,939,0,0,0.0023491277953412437,0.2036878452282945,0.06916367415681116,0.010584331027362847,0.0076508722046587565,399,4,113
dbpedia-entity,rr,20,0.01,uniform_nz,88,1405,939,0,0,0.0023491277953412437,0.07966853032710164,0.06916367415681116,0.010584331027362847,0.0076508722046587565,399,4,113
dbpedia-entity,rr,20,0.01,weighted,88,1384,939,0,0,0.0023491277953412437,0.06916367415681116,0.06916367415681116,0.010584331027362847,0.0076508722046587565,399,4,113
dbpedia-entity,rr,20,0.01,active_judge,88,1388,939,0,0,0.0023491277953412437,0.15648077182573125,0.06916367415681116,0.010584331027362847,0.0076508722046587565,399,4,113
dbpedia-entity,rr,20,0.01,strat_pilot,88,1382,939,0,0,0.0023491277953412437,0.06911782778881331,0.06916367415681116,0.010584331027362847,0.0076508722046587565,399,4,113
dbpedia-entity,rr,20,0.01,weighted_cv,88,1388,939,0,0,0.0023491277953412437,0.05074775602641892,0.06916367415681116,0.010584331027362847,0.0076508722046587565,399,4,113
dbpedia-entity,rr,20,0.01,active_cv,88,1421,939,0,0,0.0023491277953412437,0.07964687996624562,0.06916367415681116,0.010584331027362847,0.0076508722046587565,399,4,113
dbpedia-entity,rr,20,0.01,weighted_cvl,88,1347,939,0,0,0.0023491277953412437,0.037119943160371274,0.06916367415681116,0.010584331027362847,0.0076508722046587565,399,4,113
dbpedia-entity,rr,20,0.01,uniform,89,1647,1036,0,0,0.0,0.15744083011182075,0.07439423218356314,0.015795172338219567,0.01,399,4,156
dbpedia-entity,rr,20,0.01,uniform_nz,89,1674,1036,0,0,0.0,0.08772510495611086,0.07439423218356314,0.015795172338219567,0.01,399,4,156
dbpedia-entity,rr,20,0.01,weighted,89,1675,1036,0,0,0.0,0.07439423218356314,0.07439423218356314,0.015795172338219567,0.01,399,4,156
dbpedia-entity,rr,20,0.01,active_judge,89,1650,1036,0,0,0.0,0.15335561065121767,0.07439423218356314,0.015795172338219567,0.01,399,4,156
dbpedia-entity,rr,20,0.01,strat_pilot,89,1652,1036,0,0,0.0,0.07376512006519684,0.07439423218356314,0.015795172338219567,0.01,399,4,156
dbpedia-entity,rr,20,0.01,weighted_cv,89,1663,1036,0,0,0.0,0.06942096246332372,0.07439423218356314,0.015795172338219567,0.01,399,4,156
dbpedia-entity,rr,20,0.01,active_cv,89,1642,1036,0,0,0.0,0.08349406766194364,0.07439423218356314,0.015795172338219567,0.01,399,4,156
dbpedia-entity,rr,20,0.01,weighted_cvl,89,1661,1036,0,0,0.0,0.052794294302829406,0.07439423218356314,0.015795172338219567,0.01,399,4,156
dbpedia-entity,rr,20,0.01,uniform,90,1673,1054,0,0,0.0,0.26164092442777276,0.10133249330531333,0.014874884796596037,0.01,399,4,156
dbpedia-entity,rr,20,0.01,uniform_nz,90,1674,1054,0,0,0.0,0.15156768522672365,0.10133249330531333,0.014874884796596037,0.01,399,4,156
dbpedia-entity,rr,20,0.01,weighted,90,1690,1054,0,0,0.0,0.10133249330531333,0.10133249330531333,0.014874884796596037,0.01,399,4,156
dbpedia-entity,rr,20,0.01,active_judge,90,1661,1054,0,0,0.0,0.2306810108926692,0.10133249330531333,0.014874884796596037,0.01,399,4,156
dbpedia-entity,rr,20,0.01,strat_pilot,90,1686,1054,0,0,0.0,0.10149274162465327,0.10133249330531333,0.014874884796596037,0.01,399,4,156
dbpedia-entity,rr,20,0.01,weighted_cv,90,1670,1054,0,0,0.0,0.0670015877695526,0.10133249330531333,0.014874884796596037,0.01,399,4,156
dbpedia-entity,rr,20,0.01,active_cv,90,1663,1054,0,0,0.0,0.07251767576317295,0.10133249330531333,0.014874884796596037,0.01,399,4,156
dbpedia-entity,rr,20,0.01,weighted_cvl,90,1669,1054,0,0,0.0,0.08797549944301704,0.10133249330531333,0.014874884796596037,0.01,399,4,156
dbpedia-entity,rr,20,0.01,uniform,91,1482,1030,0,0,0.0,0.09315305401861387,0.03711318495595302,0.03196901993580688,0.01,399,4,112
dbpedia-entity,rr,20,0.01,uniform_nz,91,1489,1030,0,0,0.0,0.0419798610058352,0.03711318495595302,0.03196901993580688,0.01,399,4,112
dbpedia-entity,rr,20,0.01,weighted,91,1480,1030,0,0,0.0,0.03711318495595302,0.03711318495595302,0.03196901993580688,0.01,399,4,112
dbpedia-entity,rr,20,0.01,active_judge,91,1485,1030,0,0,0.0,0.07968182963939732,0.03711318495595302,0.03196901993580688,0.01,399,4,112
dbpedia-entity,rr,20,0.01,strat_pilot,91,1516,1030,0,0,0.0,0.03701945505473939,0.03711318495595302,0.03196901993580688,0.01,399,4,112
dbpedia-entity,rr,20,0.01,weighted_cv,91,1476,1030,0,0,0.0,0.029805045683173003,0.03711318495595302,0.03196901993580688,0.01,399,4,112
dbpedia-entity,rr,20,0.01,active_cv,91,1478,1030,0,0,0.0,0.03922072700247237,0.03711318495595302,0.03196901993580688,0.01,399,4,112
dbpedia-entity,rr,20,0.01,weighted_cvl,91,1447,1030,0,0,0.0,0.028332222466102765,0.03711318495595302,0.03196901993580688,0.01,399,4,112
dbpedia-entity,rr,20,0.01,uniform,92,1638,1024,0,0,0.0,0.15830371493931336,0.0696514846046343,0.011766361489072601,0.01,399,4,156
dbpedia-entity,rr,20,0.01,uniform_nz,92,1646,1024,0,0,0.0,0.0805662045055823,0.0696514846046343,0.011766361489072601,0.01,399,4,156
dbpedia-entity,rr,20,0.01,weighted,92,1652,1024,0,0,0.0,0.0696514846046343,0.0696514846046343,0.011766361489072601,0.01,399,4,156
dbpedia-entity,rr,20,0.01,active_judge,92,1693,1024,0,0,0.0,0.18117081661365816,0.0696514846046343,0.011766361489072601,0.01,399,4,156
dbpedia-entity,rr,20,0.01,strat_pilot,92,1663,1024,0,0,0.0,0.06948574582566704,0.0696514846046343,0.011766361489072601,0.01,399,4,156
dbpedia-entity,rr,20,0.01,weighted_cv,92,1650,1024,1,0,0.0,0.04923641849351451,0.0696514846046343,0.011766361489072601,0.01,399,4,156
dbpedia-entity,rr,20,0.01,active_cv,92,1628,1024,0,0,0.0,0.06636614869025297,0.0696514846046343,0.011766361489072601,0.01,399,4,156
dbpedia-entity,rr,20,0.01,weighted_cvl,92,1684,1024,0,0,0.0,0.04259593524185804,0.0696514846046343,0.011766361489072601,0.01,399,4,156
dbpedia-entity,rr,20,0.01,uniform,93,1597,956,0,0,0.003678746646690545,0.26832700670309384,0.08221480398762085,0.01153825777393534,0.006321253353309455,399,4,156
dbpedia-entity,rr,20,0.01,uniform_nz,93,1541,956,0,0,0.003678746646690545,0.1467326561649514,0.08221480398762085,0.01153825777393534,0.006321253353309455,399,4,156
dbpedia-entity,rr,20,0.01,weighted,93,1612,956,0,0,0.003678746646690545,0.08221480398762085,0.08221480398762085,0.01153825777393534,0.006321253353309455,399,4,156
dbpedia-entity,rr,20,0.01,active_judge,93,1589,956,0,0,0.003678746646690545,0.18423509639280117,0.08221480398762085,0.01153825777393534,0.006321253353309455,399,4,156
dbpedia-entity,rr,20,0.01,strat_pilot,93,1567,956,0,0,0.003678746646690545,0.08214230867193692,0.08221480398762085,0.01153825777393534,0.006321253353309455,399,4,156
dbpedia-entity,rr,20,0.01,weighted_cv,93,1559,956,0,0,0.003678746646690545,0.06383239983831665,0.08221480398762085,0.01153825777393534,0.006321253353309455,399,4,156
dbpedia-entity,rr,20,0.01,active_cv,93,1617,956,1,0,0.003678746646690545,0.07932430993231025,0.08221480398762085,0.01153825777393534,0.006321253353309455,399,4,156
dbpedia-entity,rr,20,0.01,weighted_cvl,93,1552,956,0,0,0.003678746646690545,0.044757736679522764,0.08221480398762085,0.01153825777393534,0.006321253353309455,399,4,156
dbpedia-entity,rr,20,0.01,uniform,94,1619,1004,1,0,0.0,0.22690221315629494,0.095456245228493,0.07598534068114898,0.01,399,4,156
dbpedia-entity,rr,20,0.01,uniform_nz,94,1601,1004,0,0,0.0,0.12019310396074186,0.095456245228493,0.07598534068114898,0.01,399,4,156
dbpedia-entity,rr,20,0.01,weighted,94,1646,1004,1,0,0.0,0.095456245228493,0.095456245228493,0.07598534068114898,0.01,399,4,156
dbpedia-entity,rr,20,0.01,active_judge,94,1639,1004,0,0,0.0,0.2364254551049454,0.095456245228493,0.07598534068114898,0.01,399,4,156
dbpedia-entity,rr,20,0.01,strat_pilot,94,1630,1004,0,0,0.0,0.09555449498533929,0.095456245228493,0.07598534068114898,0.01,399,4,156
dbpedia-entity,rr,20,0.01,weighted_cv,94,1658,1004,0,0,0.0,0.06760584135122254,0.095456245228493,0.07598534068114898,0.01,399,4,156
dbpedia-entity,rr,20,0.01,active_cv,94,1602,1004,0,0,0.0,0.0722285127240985,0.095456245228493,0.07598534068114898,0.01,399,4,156
dbpedia-entity,rr,20,0.01,weighted_cvl,94,1602,1004,0,0,0.0,0.06260955830553039,0.095456245228493,0.07598534068114898,0.01,399,4,156
dbpedia-entity,rr,20,0.01,uniform,95,1567,963,0,0,0.0,0.130210979844017,0.07075388796298955,0.04567309890249081,0.01,399,4,156
dbpedia-entity,rr,20,0.01,uniform_nz,95,1602,963,0,0,0.0,0.07790666642170065,0.07075388796298955,0.04567309890249081,0.01,399,4,156
dbpedia-entity,rr,20,0.01,weighted,95,1522,963,0,0,0.0,0.07075388796298955,0.07075388796298955,0.04567309890249081,0.01,399,4,156
dbpedia-entity,rr,20,0.01,active_judge,95,1595,963,0,0,0.0,0.17079595272530207,0.07075388796298955,0.04567309890249081,0.01,399,4,156
dbpedia-entity,rr,20,0.01,strat_pilot,95,1610,963,0,0,0.0,0.07072878505493586,0.07075388796298955,0.04567309890249081,0.01,399,4,156
dbpedia-entity,rr,20,0.01,weighted_cv,95,1559,963,1,0,0.0,0.07516541735269233,0.07075388796298955,0.04567309890249081,0.01,399,4,156
dbpedia-entity,rr,20,0.01,active_cv,95,1612,963,0,0,0.0,0.1098256150943346,0.07075388796298955,0.04567309890249081,0.01,399,4,156
dbpedia-entity,rr,20,0.01,weighted_cvl,95,1592,963,0,0,0.0,0.05847894553117623,0.07075388796298955,0.04567309890249081,0.01,399,4,156
dbpedia-entity,rr,20,0.01,uniform,96,1449,1040,0,0,0.0,0.7713450357044345,0.04114441719162493,0.11023111698695937,0.01,399,4,100
dbpedia-entity,rr,20,0.01,uniform_nz,96,1417,1040,1,0,0.0,0.1838512229267052,0.04114441719162493,0.11023111698695937,0.01,399,4,100
dbpedia-entity,rr,20,0.01,weighted,96,1465,1040,0,0,0.0,0.04114441719162493,0.04114441719162493,0.11023111698695937,0.01,399,4,100
dbpedia-entity,rr,20,0.01,active_judge,96,1444,1040,0,0,0.0,0.40928112580969855,0.04114441719162493,0.11023111698695937,0.01,399,4,100
dbpedia-entity,rr,20,0.01,strat_pilot,96,1423,1040,0,0,0.0,0.0406063992376219,0.04114441719162493,0.11023111698695937,0.01,399,4,100
dbpedia-entity,rr,20,0.01,weighted_cv,96,1436,1040,0,0,0.0,0.049282347239917125,0.04114441719162493,0.11023111698695937,0.01,399,4,100
dbpedia-entity,rr,20,0.01,active_cv,96,1456,1040,0,0,0.0,0.07447559650995553,0.04114441719162493,0.11023111698695937,0.01,399,4,100
dbpedia-entity,rr,20,0.01,weighted_cvl,96,1423,1040,0,0,0.0,0.03463722827206574,0.04114441719162493,0.11023111698695937,0.01,399,4,100
dbpedia-entity,rr,20,0.01,uniform,97,1776,1101,0,0,0.0065125617351562415,0.2627658548061139,0.06288481066084492,0.04438198864904181,0.0034874382648437587,399,4,156
dbpedia-entity,rr,20,0.01,uniform_nz,97,1678,1101,0,0,0.0065125617351562415,0.13557045306173482,0.06288481066084492,0.04438198864904181,0.0034874382648437587,399,4,156
dbpedia-entity,rr,20,0.01,weighted,97,1710,1101,0,0,0.0065125617351562415,0.06288481066084492,0.06288481066084492,0.04438198864904181,0.0034874382648437587,399,4,156
dbpedia-entity,rr,20,0.01,active_judge,97,1747,1101,0,0,0.0065125617351562415,0.1250829330599122,0.06288481066084492,0.04438198864904181,0.0034874382648437587,399,4,156
dbpedia-entity,rr,20,0.01,strat_pilot,97,1714,1101,0,0,0.0065125617351562415,0.06278891379701276,0.06288481066084492,0.04438198864904181,0.0034874382648437587,399,4,156
dbpedia-entity,rr,20,0.01,weighted_cv,97,1729,1101,0,0,0.0065125617351562415,0.07815528733580526,0.06288481066084492,0.04438198864904181,0.0034874382648437587,399,4,156
dbpedia-entity,rr,20,0.01,active_cv,97,1714,1101,0,0,0.0065125617351562415,0.09543920642904682,0.06288481066084492,0.04438198864904181,0.0034874382648437587,399,4,156
dbpedia-entity,rr,20,0.01,weighted_cvl,97,1743,1101,0,0,0.0065125617351562415,0.050344006900941186,0.06288481066084492,0.04438198864904181,0.0034874382648437587,399,4,156
dbpedia-entity,rr,20,0.01,uniform,98,1665,1030,0,0,0.0,0.1862663363215073,0.0768816950654482,0.04222139250423676,0.01,399,4,156
dbpedia-entity,rr,20,0.01,uniform_nz,98,1633,1030,0,0,0.0,0.10544783988880584,0.0768816950654482,0.04222139250423676,0.01,399,4,156
dbpedia-entity,rr,20,0.01,weighted,98,1638,1030,0,0,0.0,0.0768816950654482,0.0768816950654482,0.04222139250423676,0.01,399,4,156
dbpedia-entity,rr,20,0.01,active_judge,98,1685,1030,0,0,0.0,0.21456127789500154,0.0768816950654482,0.04222139250423676,0.01,399,4,156
dbpedia-entity,rr,20,0.01,strat_pilot,98,1635,1030,0,0,0.0,0.07674426358579309,0.0768816950654482,0.04222139250423676,0.01,399,4,156
dbpedia-entity,rr,20,0.01,weighted_cv,98,1651,1030,0,0,0.0,0.06368126996055401,0.0768816950654482,0.04222139250423676,0.01,399,4,156
dbpedia-entity,rr,20,0.01,active_cv,98,1650,1030,0,0,0.0,0.0780447789878892,0.0768816950654482,0.04222139250423676,0.01,399,4,156
dbpedia-entity,rr,20,0.01,weighted_cvl,98,1634,1030,0,0,0.0,0.04548229139614962,0.0768816950654482,0.04222139250423676,0.01,399,4,156
dbpedia-entity,rr,20,0.01,uniform,99,1691,1041,0,0,0.0,0.16843765969852884,0.09171902773899042,0.06550076887993242,0.01,399,4,156
dbpedia-entity,rr,20,0.01,uniform_nz,99,1714,1041,0,0,0.0,0.10739794776089391,0.09171902773899042,0.06550076887993242,0.01,399,4,156
dbpedia-entity,rr,20,0.01,weighted,99,1677,1041,0,0,0.0,0.09171902773899042,0.09171902773899042,0.06550076887993242,0.01,399,4,156
dbpedia-entity,rr,20,0.01,active_judge,99,1632,1041,0,0,0.0,0.160704601273791,0.09171902773899042,0.06550076887993242,0.01,399,4,156
dbpedia-entity,rr,20,0.01,strat_pilot,99,1653,1041,0,0,0.0,0.0917085173859664,0.09171902773899042,0.06550076887993242,0.01,399,4,156
dbpedia-entity,rr,20,0.01,weighted_cv,99,1657,1041,1,0,0.0,0.055566732915869756,0.09171902773899042,0.06550076887993242,0.01,399,4,156
dbpedia-entity,rr,20,0.01,active_cv,99,1661,1041,0,0,0.0,0.0810991803066876,0.09171902773899042,0.06550076887993242,0.01,399,4,156
dbpedia-entity,rr,20,0.01,weighted_cvl,99,1667,1041,0,0,0.0,0.0813511501278249,0.09171902773899042,0.06550076887993242,0.01,399,4,156
dbpedia-entity,rr,20,0.01,uniform,100,1431,1011,0,0,0.0,1.2108682179623287,0.06440852501294389,0.128384089293919,0.01,399,4,100
dbpedia-entity,rr,20,0.01,uniform_nz,100,1376,1011,0,0,0.0,0.28384037118451444,0.06440852501294389,0.128384089293919,0.01,399,4,100
dbpedia-entity,rr,20,0.01,weighted,100,1417,1011,0,0,0.0,0.06440852501294389,0.06440852501294389,0.128384089293919,0.01,399,4,100
dbpedia-entity,rr,20,0.01,active_judge,100,1394,1011,0,0,0.0,0.4597392504687825,0.06440852501294389,0.128384089293919,0.01,399,4,100
dbpedia-entity,rr,20,0.01,strat_pilot,100,1419,1011,0,0,0.0,0.06397433498868581,0.06440852501294389,0.128384089293919,0.01,399,4,100
dbpedia-entity,rr,20,0.01,weighted_cv,100,1419,1011,0,0,0.0,0.06780679906624831,0.06440852501294389,0.128384089293919,0.01,399,4,100
dbpedia-entity,rr,20,0.01,active_cv,100,1410,1011,0,0,0.0,0.08567704847815949,0.06440852501294389,0.128384089293919,0.01,399,4,100
dbpedia-entity,rr,20,0.01,weighted_cvl,100,1407,1011,0,0,0.0,0.05913288752297006,0.06440852501294389,0.128384089293919,0.01,399,4,100
dbpedia-entity,rr,20,0.01,uniform,101,1645,1039,0,0,0.0,0.19699683395259007,0.08176776155431939,0.018906045677830406,0.01,399,4,156
dbpedia-entity,rr,20,0.01,uniform_nz,101,1676,1039,0,0,0.0,0.10677527377722514,0.08176776155431939,0.018906045677830406,0.01,399,4,156
dbpedia-entity,rr,20,0.01,weighted,101,1646,1039,0,0,0.0,0.08176776155431939,0.08176776155431939,0.018906045677830406,0.01,399,4,156
dbpedia-entity,rr,20,0.01,active_judge,101,1667,1039,1,0,0.0,0.1530444321002836,0.08176776155431939,0.018906045677830406,0.01,399,4,156
dbpedia-entity,rr,20,0.01,strat_pilot,101,1649,1039,0,0,0.0,0.08181361201427732,0.08176776155431939,0.018906045677830406,0.01,399,4,156
dbpedia-entity,rr,20,0.01,weighted_cv,101,1685,1039,0,0,0.0,0.05148268743613014,0.08176776155431939,0.018906045677830406,0.01,399,4,156
dbpedia-entity,rr,20,0.01,active_cv,101,1652,1039,0,0,0.0,0.06491330712867051,0.08176776155431939,0.018906045677830406,0.01,399,4,156
dbpedia-entity,rr,20,0.01,weighted_cvl,101,1666,1039,0,0,0.0,0.04545667318566808,0.08176776155431939,0.018906045677830406,0.01,399,4,156
dbpedia-entity,rr,20,0.01,uniform,102,1631,1014,0,0,0.0,0.18539633812737757,0.08468180463641412,0.05593243788450074,0.01,399,4,156
dbpedia-entity,rr,20,0.01,uniform_nz,102,1632,1014,0,0,0.0,0.11221813936742944,0.08468180463641412,0.05593243788450074,0.01,399,4,156
dbpedia-entity,rr,20,0.01,weighted,102,1644,1014,0,0,0.0,0.08468180463641412,0.08468180463641412,0.05593243788450074,0.01,399,4,156
dbpedia-entity,rr,20,0.01,active_judge,102,1643,1014,0,0,0.0,0.19384369785589736,0.08468180463641412,0.05593243788450074,0.01,399,4,156
dbpedia-entity,rr,20,0.01,strat_pilot,102,1644,1014,0,0,0.0,0.08457444762928812,0.08468180463641412,0.05593243788450074,0.01,399,4,156
dbpedia-entity,rr,20,0.01,weighted_cv,102,1665,1014,0,0,0.0,0.0678575473239269,0.08468180463641412,0.05593243788450074,0.01,399,4,156
dbpedia-entity,rr,20,0.01,active_cv,102,1640,1014,0,0,0.0,0.08172087573769315,0.08468180463641412,0.05593243788450074,0.01,399,4,156
dbpedia-entity,rr,20,0.01,weighted_cvl,102,1618,1014,0,0,0.0,0.05916080363336085,0.08468180463641412,0.05593243788450074,0.01,399,4,156
dbpedia-entity,rr,20,0.01,uniform,103,1436,1000,0,0,0.0,0.13932913471876118,0.05405662778761611,0.03396376407054156,0.01,399,4,112
dbpedia-entity,rr,20,0.01,uniform_nz,103,1456,1000,0,0,0.0,0.06222680888996622,0.05405662778761611,0.03396376407054156,0.01,399,4,112
dbpedia-entity,rr,20,0.01,weighted,103,1459,1000,0,0,0.0,0.05405662778761611,0.05405662778761611,0.03396376407054156,0.01,399,4,112
dbpedia-entity,rr,20,0.01,active_judge,103,1470,1000,0,0,0.0,0.13500214986780162,0.05405662778761611,0.03396376407054156,0.01,399,4,112
dbpedia-entity,rr,20,0.01,strat_pilot,103,1459,1000,0,0,0.0,0.053568911260651796,0.05405662778761611,0.03396376407054156,0.01,399,4,112
dbpedia-entity,rr,20,0.01,weighted_cv,103,1438,1000,0,0,0.0,0.038318354005042896,0.05405662778761611,0.03396376407054156,0.01,399,4,112
dbpedia-entity,rr,20,0.01,active_cv,103,1447,1000,0,0,0.0,0.05648660227696149,0.05405662778761611,0.03396376407054156,0.01,399,4,112
dbpedia-entity,rr,20,0.01,weighted_cvl,103,1446,1000,0,0,0.0,0.031129040482337438,0.05405662778761611,0.03396376407054156,0.01,399,4,112
dbpedia-entity,rr,20,0.01,uniform,104,1601,1010,0,0,0.002178333532954435,0.3688351132026507,0.12184185171128044,0.004314324727314031,0.007821666467045565,399,4,156
dbpedia-entity,rr,20,0.01,uniform_nz,104,1664,1010,0,0,0.002178333532954435,0.2009751719437926,0.12184185171128044,0.004314324727314031,0.007821666467045565,399,4,156
dbpedia-entity,rr,20,0.01,weighted,104,1648,1010,0,0,0.002178333532954435,0.12184185171128044,0.12184185171128044,0.004314324727314031,0.007821666467045565,399,4,156
dbpedia-entity,rr,20,0.01,active_judge,104,1620,1010,0,0,0.002178333532954435,0.33746641569213953,0.12184185171128044,0.004314324727314031,0.007821666467045565,399,4,156
dbpedia-entity,rr,20,0.01,strat_pilot,104,1619,1010,0,0,0.002178333532954435,0.12192541422573347,0.12184185171128044,0.004314324727314031,0.007821666467045565,399,4,156
dbpedia-entity,rr,20,0.01,weighted_cv,104,1618,1010,0,0,0.002178333532954435,0.08057880718445029,0.12184185171128044,0.004314324727314031,0.007821666467045565,399,4,156
dbpedia-entity,rr,20,0.01,active_cv,104,1636,1010,0,0,0.002178333532954435,0.13061042905793055,0.12184185171128044,0.004314324727314031,0.007821666467045565,399,4,156
dbpedia-entity,rr,20,0.01,weighted_cvl,104,1641,1010,0,0,0.002178333532954435,0.07913947739736435,0.12184185171128044,0.004314324727314031,0.007821666467045565,399,4,156
dbpedia-entity,rr,20,0.01,uniform,105,1586,1019,1,0,0.0,0.18352032567863236,0.08735905361562697,0.03772645386489126,0.01,399,4,156
dbpedia-entity,rr,20,0.01,uniform_nz,105,1665,1019,0,0,0.0,0.11040123848654333,0.08735905361562697,0.03772645386489126,0.01,399,4,156
dbpedia-entity,rr,20,0.01,weighted,105,1618,1019,1,0,0.0,0.08735905361562697,0.08735905361562697,0.03772645386489126,0.01,399,4,156
dbpedia-entity,rr,20,0.01,active_judge,105,1609,1019,0,0,0.0,0.23424445713655317,0.08735905361562697,0.03772645386489126,0.01,399,4,156
dbpedia-entity,rr,20,0.01,strat_pilot,105,1670,1019,0,0,0.0,0.0871867607847451,0.08735905361562697,0.03772645386489126,0.01,399,4,156
dbpedia-entity,rr,20,0.01,weighted_cv,105,1654,1019,0,0,0.0,0.09902323315774149,0.08735905361562697,0.03772645386489126,0.01,399,4,156
dbpedia-entity,rr,20,0.01,active_cv,105,1666,1019,0,0,0.0,0.13578999096454292,0.08735905361562697,0.03772645386489126,0.01,399,4,156
dbpedia-entity,rr,20,0.01,weighted_cvl,105,1633,1019,1,0,0.0,0.07287688412166918,0.08735905361562697,0.03772645386489126,0.01,399,4,156
dbpedia-entity,rr,20,0.01,uniform,106,1691,1084,0,0,0.0026500454808783824,0.31303302431077634,0.06685993543558347,0.029819926145928974,0.007349954519121618,399,4,156
dbpedia-entity,rr,20,0.01,uniform_nz,106,1735,1084,0,0,0.0026500454808783824,0.17313180053483374,0.06685993543558347,0.029819926145928974,0.007349954519121618,399,4,156
dbpedia-entity,rr,20,0.01,weighted,106,1662,1084,0,0,0.0026500454808783824,0.06685993543558347,0.06685993543558347,0.029819926145928974,0.007349954519121618,399,4,156
dbpedia-entity,rr,20,0.01,active_judge,106,1668,1084,0,0,0.0026500454808783824,0.19034288889254627,0.06685993543558347,0.029819926145928974,0.007349954519121618,399,4,156
dbpedia-entity,rr,20,0.01,strat_pilot,106,1746,1084,0,0,0.0026500454808783824,0.06696103260322772,0.06685993543558347,0.029819926145928974,0.007349954519121618,399,4,156
dbpedia-entity,rr,20,0.01,weighted_cv,106,1711,1084,0,0,0.0026500454808783824,0.07588688058004253,0.06685993543558347,0.029819926145928974,0.007349954519121618,399,4,156
dbpedia-entity,rr,20,0.01,active_cv,106,1711,1084,0,0,0.0026500454808783824,0.12169245959255656,0.06685993543558347,0.029819926145928974,0.007349954519121618,399,4,156
dbpedia-entity,rr,20,0.01,weighted_cvl,106,1701,1084,0,0,0.0026500454808783824,0.04804720187256108,0.06685993543558347,0.029819926145928974,0.007349954519121618,399,4,156
dbpedia-entity,rr,20,0.01,uniform,107,1678,1046,0,0,0.004353763708855707,0.5870480473601731,0.0576437715865785,0.02387071404653076,0.005646236291144293,399,4,156
dbpedia-entity,rr,20,0.01,uniform_nz,107,1659,1046,0,0,0.004353763708855707,0.4487770487083032,0.0576437715865785,0.02387071404653076,0.005646236291144293,399,4,156
dbpedia-entity,rr,20,0.01,weighted,107,1687,1046,0,0,0.004353763708855707,0.0576437715865785,0.0576437715865785,0.02387071404653076,0.005646236291144293,399,4,156
dbpedia-entity,rr,20,0.01,active_judge,107,1684,1046,0,0,0.004353763708855707,0.12268731962627877,0.0576437715865785,0.02387071404653076,0.005646236291144293,399,4,156
dbpedia-entity,rr,20,0.01,strat_pilot,107,1681,1046,0,0,0.004353763708855707,0.05783008357091755,0.0576437715865785,0.02387071404653076,0.005646236291144293,399,4,156
dbpedia-entity,rr,20,0.01,weighted_cv,107,1696,1046,0,0,0.004353763708855707,0.04792195338411619,0.0576437715865785,0.02387071404653076,0.005646236291144293,399,4,156
dbpedia-entity,rr,20,0.01,active_cv,107,1672,1046,0,0,0.004353763708855707,0.05772028918390223,0.0576437715865785,0.02387071404653076,0.005646236291144293,399,4,156
dbpedia-entity,rr,20,0.01,weighted_cvl,107,1625,1046,0,0,0.004353763708855707,0.04792195338411619,0.0576437715865785,0.02387071404653076,0.005646236291144293,399,4,156
dbpedia-entity,rr,20,0.01,uniform,108,1337,983,0,0,0.005506962615060784,0.1038727739186586,0.02573711991210937,0.009926097294518358,0.004493037384939216,399,4,94
dbpedia-entity,rr,20,0.01,uniform_nz,108,1366,983,0,0,0.005506962615060784,0.030360755833676468,0.02573711991210937,0.009926097294518358,0.004493037384939216,399,4,94
dbpedia-entity,rr,20,0.01,weighted,108,1320,983,0,0,0.005506962615060784,0.02573711991210937,0.02573711991210937,0.009926097294518358,0.004493037384939216,399,4,94
dbpedia-entity,rr,20,0.01,active_judge,108,1348,983,0,0,0.005506962615060784,0.07755077867303165,0.02573711991210937,0.009926097294518358,0.004493037384939216,399,4,94
dbpedia-entity,rr,20,0.01,strat_pilot,108,1349,983,0,0,0.005506962615060784,0.025648133172546838,0.02573711991210937,0.009926097294518358,0.004493037384939216,399,4,94
dbpedia-entity,rr,20,0.01,weighted_cv,108,1350,983,0,0,0.005506962615060784,0.030653673459370562,0.02573711991210937,0.009926097294518358,0.004493037384939216,399,4,94
dbpedia-entity,rr,20,0.01,active_cv,108,1336,983,0,0,0.005506962615060784,0.04959557076409205,0.02573711991210937,0.009926097294518358,0.004493037384939216,399,4,94
dbpedia-entity,rr,20,0.01,weighted_cvl,108,1343,983,0,0,0.005506962615060784,0.015569496372935416,0.02573711991210937,0.009926097294518358,0.004493037384939216,399,4,94
dbpedia-entity,rr,20,0.01,uniform,109,1436,987,0,0,0.0076668970965767524,0.27032647091955414,0.0601390025795638,0.028442813746282526,0.0023331029034232478,399,4,112
dbpedia-entity,rr,20,0.01,uniform_nz,109,1415,987,0,0,0.0076668970965767524,0.11079551168965818,0.0601390025795638,0.028442813746282526,0.0023331029034232478,399,4,112
dbpedia-entity,rr,20,0.01,weighted,109,1435,987,0,0,0.0076668970965767524,0.0601390025795638,0.0601390025795638,0.028442813746282526,0.0023331029034232478,399,4,112
dbpedia-entity,rr,20,0.01,active_judge,109,1425,987,0,0,0.0076668970965767524,0.14075156865353508,0.0601390025795638,0.028442813746282526,0.0023331029034232478,399,4,112
dbpedia-entity,rr,20,0.01,strat_pilot,109,1421,987,0,0,0.0076668970965767524,0.05989193986149597,0.0601390025795638,0.028442813746282526,0.0023331029034232478,399,4,112
dbpedia-entity,rr,20,0.01,weighted_cv,109,1416,987,0,0,0.0076668970965767524,0.06666209619397807,0.0601390025795638,0.028442813746282526,0.0023331029034232478,399,4,112
dbpedia-entity,rr,20,0.01,active_cv,109,1447,987,0,0,0.0076668970965767524,0.08656986172396516,0.0601390025795638,0.028442813746282526,0.0023331029034232478,399,4,112
dbpedia-entity,rr,20,0.01,weighted_cvl,109,1423,987,0,0,0.0076668970965767524,0.053098581750159426,0.0601390025795638,0.028442813746282526,0.0023331029034232478,399,4,112
dbpedia-entity,rr,20,0.01,uniform,110,1456,999,0,0,0.025523804464290978,0.08506388647672955,0.02951695599497108,0.008883280556234519,-0.015523804464290978,399,4,112
dbpedia-entity,rr,20,0.01,uniform_nz,110,1411,999,0,0,0.025523804464290978,0.036147805517516084,0.02951695599497108,0.008883280556234519,-0.015523804464290978,399,4,112
dbpedia-entity,rr,20,0.01,weighted,110,1445,999,0,0,0.025523804464290978,0.02951695599497108,0.02951695599497108,0.008883280556234519,-0.015523804464290978,399,4,112
dbpedia-entity,rr,20,0.01,active_judge,110,1421,999,0,0,0.025523804464290978,0.05773020946173504,0.02951695599497108,0.008883280556234519,-0.015523804464290978,399,4,112
dbpedia-entity,rr,20,0.01,strat_pilot,110,1465,999,0,0,0.025523804464290978,0.029516595993651674,0.02951695599497108,0.008883280556234519,-0.015523804464290978,399,4,112
dbpedia-entity,rr,20,0.01,weighted_cv,110,1446,999,0,0,0.025523804464290978,0.028444940707045053,0.02951695599497108,0.008883280556234519,-0.015523804464290978,399,4,112
dbpedia-entity,rr,20,0.01,active_cv,110,1439,999,0,0,0.025523804464290978,0.04419181339045291,0.02951695599497108,0.008883280556234519,-0.015523804464290978,399,4,112
dbpedia-entity,rr,20,0.01,weighted_cvl,110,1431,999,0,0,0.025523804464290978,0.01728062785482672,0.02951695599497108,0.008883280556234519,-0.015523804464290978,399,4,112
dbpedia-entity,rr,20,0.01,uniform,111,1396,976,0,0,0.00886574898321052,0.17406935553250183,0.06754296936708175,0.006815803257476107,0.0011342510167894806,399,4,112
dbpedia-entity,rr,20,0.01,uniform_nz,111,1396,976,0,0,0.00886574898321052,0.07970665323619147,0.06754296936708175,0.006815803257476107,0.0011342510167894806,399,4,112
dbpedia-entity,rr,20,0.01,weighted,111,1427,976,0,0,0.00886574898321052,0.06754296936708175,0.06754296936708175,0.006815803257476107,0.0011342510167894806,399,4,112
dbpedia-entity,rr,20,0.01,active_judge,111,1411,976,0,0,0.00886574898321052,0.21734377825185605,0.06754296936708175,0.006815803257476107,0.0011342510167894806,399,4,112
dbpedia-entity,rr,20,0.01,strat_pilot,111,1410,976,0,0,0.00886574898321052,0.06721382450382427,0.06754296936708175,0.006815803257476107,0.0011342510167894806,399,4,112
dbpedia-entity,rr,20,0.01,weighted_cv,111,1408,976,0,0,0.00886574898321052,0.05850125176088365,0.06754296936708175,0.006815803257476107,0.0011342510167894806,399,4,112
dbpedia-entity,rr,20,0.01,active_cv,111,1440,976,0,0,0.00886574898321052,0.10843130687998839,0.06754296936708175,0.006815803257476107,0.0011342510167894806,399,4,112
dbpedia-entity,rr,20,0.01,weighted_cvl,111,1424,976,0,0,0.00886574898321052,0.03725516230892291,0.06754296936708175,0.006815803257476107,0.0011342510167894806,399,4,112
dbpedia-entity,rr,20,0.01,uniform,112,1693,1048,0,0,0.0,0.2257846525091034,0.09784876137049041,0.061770917095747974,0.01,399,4,156
dbpedia-entity,rr,20,0.01,uniform_nz,112,1700,1048,0,0,0.0,0.12418310789192002,0.09784876137049041,0.061770917095747974,0.01,399,4,156
dbpedia-entity,rr,20,0.01,weighted,112,1679,1048,0,0,0.0,0.09784876137049041,0.09784876137049041,0.061770917095747974,0.01,399,4,156
dbpedia-entity,rr,20,0.01,active_judge,112,1683,1048,1,0,0.0,0.19182651730464628,0.09784876137049041,0.061770917095747974,0.01,399,4,156
dbpedia-entity,rr,20,0.01,strat_pilot,112,1666,1048,0,0,0.0,0.0979614450185827,0.09784876137049041,0.061770917095747974,0.01,399,4,156
dbpedia-entity,rr,20,0.01,weighted_cv,112,1657,1048,1,0,0.0,0.06030079992862262,0.09784876137049041,0.061770917095747974,0.01,399,4,156
dbpedia-entity,rr,20,0.01,active_cv,112,1672,1048,1,0,0.0,0.08031538537411695,0.09784876137049041,0.061770917095747974,0.01,399,4,156
dbpedia-entity,rr,20,0.01,weighted_cvl,112,1667,1048,1,0,0.0,0.050162859525500016,0.09784876137049041,0.061770917095747974,0.01,399,4,156
dbpedia-entity,rr,20,0.01,uniform,113,1636,995,0,0,0.0,0.23992812817912684,0.09540544608541814,0.025173097854818124,0.01,399,4,156
dbpedia-entity,rr,20,0.01,uniform_nz,113,1640,995,0,0,0.0,0.12720429854740045,0.09540544608541814,0.025173097854818124,0.01,399,4,156
dbpedia-entity,rr,20,0.01,weighted,113,1656,995,0,0,0.0,0.09540544608541814,0.09540544608541814,0.025173097854818124,0.01,399,4,156
dbpedia-entity,rr,20,0.01,active_judge,113,1605,995,0,0,0.0,0.19649457316285418,0.09540544608541814,0.025173097854818124,0.01,399,4,156
dbpedia-entity,rr,20,0.01,strat_pilot,113,1586,995,0,0,0.0,0.09543003721042524,0.09540544608541814,0.025173097854818124,0.01,399,4,156
dbpedia-entity,rr,20,0.01,weighted_cv,113,1648,995,0,0,0.0,0.06021410128427357,0.09540544608541814,0.025173097854818124,0.01,399,4,156
dbpedia-entity,rr,20,0.01,active_cv,113,1641,995,0,0,0.0,0.08707272597506073,0.09540544608541814,0.025173097854818124,0.01,399,4,156
dbpedia-entity,rr,20,0.01,weighted_cvl,113,1558,995,0,0,0.0,0.05852627427508318,0.09540544608541814,0.025173097854818124,0.01,399,4,156
dbpedia-entity,rr,20,0.01,uniform,114,1548,973,0,0,0.0,0.15714582459098891,0.07846881274570747,0.05180864521615295,0.01,399,4,156
dbpedia-entity,rr,20,0.01,uniform_nz,114,1587,973,0,0,0.0,0.09993940027668868,0.07846881274570747,0.05180864521615295,0.01,399,4,156
dbpedia-entity,rr,20,0.01,weighted,114,1567,973,1,0,0.0,0.07846881274570747,0.07846881274570747,0.05180864521615295,0.01,399,4,156
dbpedia-entity,rr,20,0.01,active_judge,114,1577,973,0,0,0.0,0.18818178899713736,0.07846881274570747,0.05180864521615295,0.01,399,4,156
dbpedia-entity,rr,20,0.01,strat_pilot,114,1616,973,0,0,0.0,0.0783385743656542,0.07846881274570747,0.05180864521615295,0.01,399,4,156
dbpedia-entity,rr,20,0.01,weighted_cv,114,1606,973,1,0,0.0,0.07838618490113984,0.07846881274570747,0.05180864521615295,0.01,399,4,156
dbpedia-entity,rr,20,0.01,active_cv,114,1596,973,0,0,0.0,0.10448308200728973,0.07846881274570747,0.05180864521615295,0.01,399,4,156
dbpedia-entity,rr,20,0.01,weighted_cvl,114,1564,973,1,0,0.0,0.07174781616851521,0.07846881274570747,0.05180864521615295,0.01,399,4,156
dbpedia-entity,rr,20,0.01,uniform,115,1610,997,1,0,0.0,0.18382412936809683,0.06698737484763292,0.04157632317478864,0.01,399,4,156
dbpedia-entity,rr,20,0.01,uniform_nz,115,1631,997,0,0,0.0,0.08572639516300049,0.06698737484763292,0.04157632317478864,0.01,399,4,156
dbpedia-entity,rr,20,0.01,weighted,115,1574,997,0,0,0.0,0.06698737484763292,0.06698737484763292,0.04157632317478864,0.01,399,4,156
dbpedia-entity,rr,20,0.01,active_judge,115,1649,997,0,0,0.0,0.1746885111083984,0.06698737484763292,0.04157632317478864,0.01,399,4,156
dbpedia-entity,rr,20,0.01,strat_pilot,115,1604,997,0,0,0.0,0.06613716172540918,0.06698737484763292,0.04157632317478864,0.01,399,4,156
dbpedia-entity,rr,20,0.01,weighted_cv,115,1638,997,1,0,0.0,0.08558758858661542,0.06698737484763292,0.04157632317478864,0.01,399,4,156
dbpedia-entity,rr,20,0.01,active_cv,115,1598,997,1,0,0.0,0.12140557835258162,0.06698737484763292,0.04157632317478864,0.01,399,4,156
dbpedia-entity,rr,20,0.01,weighted_cvl,115,1602,997,0,0,0.0,0.05215276552211097,0.06698737484763292,0.04157632317478864,0.01,399,4,156
dbpedia-entity,rr,20,0.01,uniform,116,1745,1088,0,0,0.0,0.30603209280168986,0.09699558346510902,0.02162199153732131,0.01,399,4,156
dbpedia-entity,rr,20,0.01,uniform_nz,116,1725,1088,1,0,0.0,0.1331491203795223,0.09699558346510902,0.02162199153732131,0.01,399,4,156
dbpedia-entity,rr,20,0.01,weighted,116,1697,1088,0,0,0.0,0.09699558346510902,0.09699558346510902,0.02162199153732131,0.01,399,4,156
dbpedia-entity,rr,20,0.01,active_judge,116,1712,1088,0,0,0.0,0.2363694848220325,0.09699558346510902,0.02162199153732131,0.01,399,4,156
dbpedia-entity,rr,20,0.01,strat_pilot,116,1715,1088,0,0,0.0,0.09700215489937107,0.09699558346510902,0.02162199153732131,0.01,399,4,156
dbpedia-entity,rr,20,0.01,weighted_cv,116,1731,1088,0,0,0.0,0.05447181946027102,0.09699558346510902,0.02162199153732131,0.01,399,4,156
dbpedia-entity,rr,20,0.01,active_cv,116,1750,1088,0,0,0.0,0.0887830264505494,0.09699558346510902,0.02162199153732131,0.01,399,4,156
dbpedia-entity,rr,20,0.01,weighted_cvl,116,1698,1088,1,0,0.0,0.05952573108896616,0.09699558346510902,0.02162199153732131,0.01,399,4,156
dbpedia-entity,rr,20,0.01,uniform,117,1743,1097,0,0,0.0027946216246630406,0.24538353392092643,0.09050254336831261,0.018178478738261353,0.0072053783753369596,399,4,156
dbpedia-entity,rr,20,0.01,uniform_nz,117,1688,1097,0,0,0.0027946216246630406,0.11989798045287495,0.09050254336831261,0.018178478738261353,0.0072053783753369596,399,4,156
dbpedia-entity,rr,20,0.01,weighted,117,1688,1097,0,0,0.0027946216246630406,0.09050254336831261,0.09050254336831261,0.018178478738261353,0.0072053783753369596,399,4,156
dbpedia-entity,rr,20,0.01,active_judge,117,1682,1097,0,0,0.0027946216246630406,0.2151858245365313,0.09050254336831261,0.018178478738261353,0.0072053783753369596,399,4,156
dbpedia-entity,rr,20,0.01,strat_pilot,117,1716,1097,0,0,0.0027946216246630406,0.09041056176543602,0.09050254336831261,0.018178478738261353,0.0072053783753369596,399,4,156
dbpedia-entity,rr,20,0.01,weighted_cv,117,1735,1097,0,0,0.0027946216246630406,0.06606873524322716,0.09050254336831261,0.018178478738261353,0.0072053783753369596,399,4,156
dbpedia-entity,rr,20,0.01,active_cv,117,1717,1097,0,0,0.0027946216246630406,0.07886276029830716,0.09050254336831261,0.018178478738261353,0.0072053783753369596,399,4,156
dbpedia-entity,rr,20,0.01,weighted_cvl,117,1706,1097,0,0,0.0027946216246630406,0.05892500894618159,0.09050254336831261,0.018178478738261353,0.0072053783753369596,399,4,156
dbpedia-entity,rr,20,0.01,uniform,118,1632,1009,0,0,0.0,0.2100050162439353,0.08397818210936034,0.02904574925046778,0.01,399,4,156
dbpedia-entity,rr,20,0.01,uniform_nz,118,1654,1009,0,0,0.0,0.12842329068757,0.08397818210936034,0.02904574925046778,0.01,399,4,156
dbpedia-entity,rr,20,0.01,weighted,118,1629,1009,0,0,0.0,0.08397818210936034,0.08397818210936034,0.02904574925046778,0.01,399,4,156
dbpedia-entity,rr,20,0.01,active_judge,118,1606,1009,0,0,0.0,0.2300955726453302,0.08397818210936034,0.02904574925046778,0.01,399,4,156
dbpedia-entity,rr,20,0.01,strat_pilot,118,1623,1009,0,0,0.0,0.08308286615847042,0.08397818210936034,0.02904574925046778,0.01,399,4,156
dbpedia-entity,rr,20,0.01,weighted_cv,118,1657,1009,0,0,0.0,0.07198386046385596,0.08397818210936034,0.02904574925046778,0.01,399,4,156
dbpedia-entity,rr,20,0.01,active_cv,118,1608,1009,0,0,0.0,0.09692503340189443,0.08397818210936034,0.02904574925046778,0.01,399,4,156
dbpedia-entity,rr,20,0.01,weighted_cvl,118,1635,1009,0,0,0.0,0.05665932816521322,0.08397818210936034,0.02904574925046778,0.01,399,4,156
dbpedia-entity,rr,20,0.01,uniform,119,1449,980,0,0,0.0,0.2095289518809232,0.0590819486123757,0.025800843987556936,0.01,399,4,112
dbpedia-entity,rr,20,0.01,uniform_nz,119,1418,980,0,0,0.0,0.08720664220454472,0.0590819486123757,0.025800843987556936,0.01,399,4,112
dbpedia-entity,rr,20,0.01,weighted,119,1406,980,0,0,0.0,0.0590819486123757,0.0590819486123757,0.025800843987556936,0.01,399,4,112
dbpedia-entity,rr,20,0.01,active_judge,119,1419,980,0,0,0.0,0.14849148993748193,0.0590819486123757,0.025800843987556936,0.01,399,4,112
dbpedia-entity,rr,20,0.01,strat_pilot,119,1422,980,0,0,0.0,0.059074536623880916,0.0590819486123757,0.025800843987556936,0.01,399,4,112
dbpedia-entity,rr,20,0.01,weighted_cv,119,1453,980,0,0,0.0,0.03858352559959644,0.0590819486123757,0.025800843987556936,0.01,399,4,112
dbpedia-entity,rr,20,0.01,active_cv,119,1420,980,0,0,0.0,0.058796269206128314,0.0590819486123757,0.025800843987556936,0.01,399,4,112
dbpedia-entity,rr,20,0.01,weighted_cvl,119,1433,980,0,0,0.0,0.031195041890935242,0.0590819486123757,0.025800843987556936,0.01,399,4,112
dbpedia-entity,rr,20,0.01,uniform,120,1637,1011,0,0,0.012629139393541322,0.22520272058449678,0.08569825568195961,0.015737464831046783,-0.002629139393541322,399,4,156
dbpedia-entity,rr,20,0.01,uniform_nz,120,1671,1011,0,0,0.012629139393541322,0.12453193923849173,0.08569825568195961,0.015737464831046783,-0.002629139393541322,399,4,156
dbpedia-entity,rr,20,0.01,weighted,120,1639,1011,0,0,0.012629139393541322,0.08569825568195961,0.08569825568195961,0.015737464831046783,-0.002629139393541322,399,4,156
dbpedia-entity,rr,20,0.01,active_judge,120,1627,1011,0,0,0.012629139393541322,0.18796261098582975,0.08569825568195961,0.015737464831046783,-0.002629139393541322,399,4,156
dbpedia-entity,rr,20,0.01,strat_pilot,120,1617,1011,0,0,0.012629139393541322,0.08563405581487962,0.08569825568195961,0.015737464831046783,-0.002629139393541322,399,4,156
dbpedia-entity,rr,20,0.01,weighted_cv,120,1622,1011,0,0,0.012629139393541322,0.07066258474021221,0.08569825568195961,0.015737464831046783,-0.002629139393541322,399,4,156
dbpedia-entity,rr,20,0.01,active_cv,120,1606,1011,0,0,0.012629139393541322,0.09372949569849849,0.08569825568195961,0.015737464831046783,-0.002629139393541322,399,4,156
dbpedia-entity,rr,20,0.01,weighted_cvl,120,1607,1011,0,0,0.012629139393541322,0.052305185329721095,0.08569825568195961,0.015737464831046783,-0.002629139393541322,399,4,156
dbpedia-entity,rr,20,0.01,uniform,121,1686,1031,0,0,0.0,0.21504020321646894,0.10126992369258722,0.02010884217843921,0.01,399,4,156
dbpedia-entity,rr,20,0.01,uniform_nz,121,1666,1031,0,0,0.0,0.13050411375940701,0.10126992369258722,0.02010884217843921,0.01,399,4,156
dbpedia-entity,rr,20,0.01,weighted,121,1679,1031,0,0,0.0,0.10126992369258722,0.10126992369258722,0.02010884217843921,0.01,399,4,156
dbpedia-entity,rr,20,0.01,active_judge,121,1661,1031,0,0,0.0,0.24708405724284743,0.10126992369258722,0.02010884217843921,0.01,399,4,156
dbpedia-entity,rr,20,0.01,strat_pilot,121,1664,1031,0,0,0.0,0.10134637289462714,0.10126992369258722,0.02010884217843921,0.01,399,4,156
dbpedia-entity,rr,20,0.01,weighted_cv,121,1668,1031,0,0,0.0,0.05207902203486785,0.10126992369258722,0.02010884217843921,0.01,399,4,156
dbpedia-entity,rr,20,0.01,active_cv,121,1629,1031,0,0,0.0,0.06582788307439566,0.10126992369258722,0.02010884217843921,0.01,399,4,156
dbpedia-entity,rr,20,0.01,weighted_cvl,121,1660,1031,0,0,0.0,0.04793696198849347,0.10126992369258722,0.02010884217843921,0.01,399,4,156
dbpedia-entity,rr,20,0.01,uniform,122,1643,996,0,0,0.0,0.1652106654413613,0.09339293699939692,0.07993912832310687,0.01,399,4,156
dbpedia-entity,rr,20,0.01,uniform_nz,122,1637,996,0,0,0.0,0.10697819940108308,0.09339293699939692,0.07993912832310687,0.01,399,4,156
dbpedia-entity,rr,20,0.01,weighted,122,1628,996,0,0,0.0,0.09339293699939692,0.09339293699939692,0.07993912832310687,0.01,399,4,156
dbpedia-entity,rr,20,0.01,active_judge,122,1631,996,0,0,0.0,0.20073987326464532,0.09339293699939692,0.07993912832310687,0.01,399,4,156
dbpedia-entity,rr,20,0.01,strat_pilot,122,1619,996,0,0,0.0,0.09331943108599292,0.09339293699939692,0.07993912832310687,0.01,399,4,156
dbpedia-entity,rr,20,0.01,weighted_cv,122,1611,996,0,0,0.0,0.0887498778247458,0.09339293699939692,0.07993912832310687,0.01,399,4,156
dbpedia-entity,rr,20,0.01,active_cv,122,1611,996,0,0,0.0,0.12228351594161384,0.09339293699939692,0.07993912832310687,0.01,399,4,156
dbpedia-entity,rr,20,0.01,weighted_cvl,122,1581,996,0,0,0.0,0.055040296847258106,0.09339293699939692,0.07993912832310687,0.01,399,4,156
dbpedia-entity,rr,20,0.01,uniform,123,1544,1067,0,0,0.0,0.2063911757528814,0.05162729085047575,0.04058809264799304,0.01,399,4,112
dbpedia-entity,rr,20,0.01,uniform_nz,123,1507,1067,0,0,0.0,0.055827093086923574,0.05162729085047575,0.04058809264799304,0.01,399,4,112
dbpedia-entity,rr,20,0.01,weighted,123,1557,1067,0,0,0.0,0.05162729085047575,0.05162729085047575,0.04058809264799304,0.01,399,4,112
dbpedia-entity,rr,20,0.01,active_judge,123,1538,1067,0,0,0.0,0.12444045821030461,0.05162729085047575,0.04058809264799304,0.01,399,4,112
dbpedia-entity,rr,20,0.01,strat_pilot,123,1504,1067,0,0,0.0,0.05155927050796309,0.05162729085047575,0.04058809264799304,0.01,399,4,112
dbpedia-entity,rr,20,0.01,weighted_cv,123,1511,1067,0,0,0.0,0.03460305923940936,0.05162729085047575,0.04058809264799304,0.01,399,4,112
dbpedia-entity,rr,20,0.01,active_cv,123,1533,1067,0,0,0.0,0.07252755383367213,0.05162729085047575,0.04058809264799304,0.01,399,4,112
dbpedia-entity,rr,20,0.01,weighted_cvl,123,1497,1067,1,0,0.0,0.03810530211541359,0.05162729085047575,0.04058809264799304,0.01,399,4,112
dbpedia-entity,rr,20,0.01,uniform,124,1568,997,0,0,0.0,0.1377215661743824,0.06847204653030148,0.025311904984491568,0.01,399,4,156
dbpedia-entity,rr,20,0.01,uniform_nz,124,1615,997,0,0,0.0,0.07860700137935603,0.06847204653030148,0.025311904984491568,0.01,399,4,156
dbpedia-entity,rr,20,0.01,weighted,124,1640,997,0,0,0.0,0.06847204653030148,0.06847204653030148,0.025311904984491568,0.01,399,4,156
dbpedia-entity,rr,20,0.01,active_judge,124,1600,997,0,0,0.0,0.1659550737980109,0.06847204653030148,0.025311904984491568,0.01,399,4,156
dbpedia-entity,rr,20,0.01,strat_pilot,124,1643,997,0,0,0.0,0.06838430673002345,0.06847204653030148,0.025311904984491568,0.01,399,4,156
dbpedia-entity,rr,20,0.01,weighted_cv,124,1623,997,0,0,0.0,0.05629951406039686,0.06847204653030148,0.025311904984491568,0.01,399,4,156
dbpedia-entity,rr,20,0.01,active_cv,124,1625,997,0,0,0.0,0.09746881557365271,0.06847204653030148,0.025311904984491568,0.01,399,4,156
dbpedia-entity,rr,20,0.01,weighted_cvl,124,1640,997,0,0,0.0,0.05045028620073859,0.06847204653030148,0.025311904984491568,0.01,399,4,156
dbpedia-entity,rr,20,0.01,uniform,125,1623,1036,0,0,0.0,0.2311015023883972,0.08808724617552659,0.01795941468045721,0.01,399,4,156
dbpedia-entity,rr,20,0.01,uniform_nz,125,1711,1036,0,0,0.0,0.11358591200069461,0.08808724617552659,0.01795941468045721,0.01,399,4,156
dbpedia-entity,rr,20,0.01,weighted,125,1600,1036,0,0,0.0,0.08808724617552659,0.08808724617552659,0.01795941468045721,0.01,399,4,156
dbpedia-entity,rr,20,0.01,active_judge,125,1660,1036,0,0,0.0,0.2604977293892464,0.08808724617552659,0.01795941468045721,0.01,399,4,156
dbpedia-entity,rr,20,0.01,strat_pilot,125,1652,1036,1,0,0.0,0.0879959478204704,0.08808724617552659,0.01795941468045721,0.01,399,4,156
dbpedia-entity,rr,20,0.01,weighted_cv,125,1680,1036,1,0,0.0,0.1028112146936738,0.08808724617552659,0.01795941468045721,0.01,399,4,156
dbpedia-entity,rr,20,0.01,active_cv,125,1650,1036,1,0,0.0,0.16460927599165337,0.08808724617552659,0.01795941468045721,0.01,399,4,156
dbpedia-entity,rr,20,0.01,weighted_cvl,125,1630,1036,1,0,0.0,0.07994529669997116,0.08808724617552659,0.01795941468045721,0.01,399,4,156
dbpedia-entity,rr,20,0.01,uniform,126,1604,1003,0,0,0.0,0.2304140069383956,0.08998824811694002,0.05379145478767538,0.01,399,4,156
dbpedia-entity,rr,20,0.01,uniform_nz,126,1640,1003,0,0,0.0,0.13687549226901674,0.08998824811694002,0.05379145478767538,0.01,399,4,156
dbpedia-entity,rr,20,0.01,weighted,126,1639,1003,0,0,0.0,0.08998824811694002,0.08998824811694002,0.05379145478767538,0.01,399,4,156
dbpedia-entity,rr,20,0.01,active_judge,126,1650,1003,1,0,0.0,0.28648966516276037,0.08998824811694002,0.05379145478767538,0.01,399,4,156
dbpedia-entity,rr,20,0.01,strat_pilot,126,1644,1003,0,0,0.0,0.08973458876831404,0.08998824811694002,0.05379145478767538,0.01,399,4,156
dbpedia-entity,rr,20,0.01,weighted_cv,126,1627,1003,1,0,0.0,0.07957724005681753,0.08998824811694002,0.05379145478767538,0.01,399,4,156
dbpedia-entity,rr,20,0.01,active_cv,126,1631,1003,0,0,0.0,0.10985691158461834,0.08998824811694002,0.05379145478767538,0.01,399,4,156
dbpedia-entity,rr,20,0.01,weighted_cvl,126,1657,1003,1,0,0.0,0.04813699052890579,0.08998824811694002,0.05379145478767538,0.01,399,4,156
dbpedia-entity,rr,20,0.01,uniform,127,1679,1093,0,0,0.0,0.19155782723194287,0.07860053923014729,0.03202655758375328,0.01,399,4,156
dbpedia-entity,rr,20,0.01,uniform_nz,127,1770,1093,0,0,0.0,0.08959239832232731,0.07860053923014729,0.03202655758375328,0.01,399,4,156
dbpedia-entity,rr,20,0.01,weighted,127,1725,1093,0,0,0.0,0.07860053923014729,0.07860053923014729,0.03202655758375328,0.01,399,4,156
dbpedia-entity,rr,20,0.01,active_judge,127,1694,1093,0,0,0.0,0.15894412585637568,0.07860053923014729,0.03202655758375328,0.01,399,4,156
dbpedia-entity,rr,20,0.01,strat_pilot,127,1714,1093,0,0,0.0,0.07858917149351877,0.07860053923014729,0.03202655758375328,0.01,399,4,156
dbpedia-entity,rr,20,0.01,weighted_cv,127,1689,1093,0,0,0.0,0.06204062344993919,0.07860053923014729,0.03202655758375328,0.01,399,4,156
dbpedia-entity,rr,20,0.01,active_cv,127,1702,1093,0,0,0.0,0.07877947059797272,0.07860053923014729,0.03202655758375328,0.01,399,4,156
dbpedia-entity,rr,20,0.01,weighted_cvl,127,1746,1093,0,0,0.0,0.07086913818345017,0.07860053923014729,0.03202655758375328,0.01,399,4,156
dbpedia-entity,rr,20,0.01,uniform,128,1759,1072,0,0,0.0,0.1185559904523988,0.07046397971682201,0.03343198569649397,0.01,399,4,156
dbpedia-entity,rr,20,0.01,uniform_nz,128,1677,1072,0,0,0.0,0.07590954910411143,0.07046397971682201,0.03343198569649397,0.01,399,4,156
dbpedia-entity,rr,20,0.01,weighted,128,1722,1072,0,0,0.0,0.07046397971682201,0.07046397971682201,0.03343198569649397,0.01,399,4,156
dbpedia-entity,rr,20,0.01,active_judge,128,1711,1072,0,0,0.0,0.13964963853491968,0.07046397971682201,0.03343198569649397,0.01,399,4,156
dbpedia-entity,rr,20,0.01,strat_pilot,128,1666,1072,0,0,0.0,0.07048704871328498,0.07046397971682201,0.03343198569649397,0.01,399,4,156
dbpedia-entity,rr,20,0.01,weighted_cv,128,1738,1072,0,0,0.0,0.05401158040919032,0.07046397971682201,0.03343198569649397,0.01,399,4,156
dbpedia-entity,rr,20,0.01,active_cv,128,1710,1072,0,0,0.0,0.06783096516802219,0.07046397971682201,0.03343198569649397,0.01,399,4,156
dbpedia-entity,rr,20,0.01,weighted_cvl,128,1699,1072,0,0,0.0,0.05400084368267592,0.07046397971682201,0.03343198569649397,0.01,399,4,156
dbpedia-entity,rr,20,0.01,uniform,129,1618,1045,0,0,0.0,0.19156368940512306,0.09726062716414027,0.03406903599835055,0.01,399,4,156
dbpedia-entity,rr,20,0.01,uniform_nz,129,1661,1045,0,0,0.0,0.12158428686491547,0.09726062716414027,0.03406903599835055,0.01,399,4,156
dbpedia-entity,rr,20,0.01,weighted,129,1711,1045,0,0,0.0,0.09726062716414027,0.09726062716414027,0.03406903599835055,0.01,399,4,156
dbpedia-entity,rr,20,0.01,active_judge,129,1682,1045,0,0,0.0,0.3031103995667691,0.09726062716414027,0.03406903599835055,0.01,399,4,156
dbpedia-entity,rr,20,0.01,strat_pilot,129,1656,1045,0,0,0.0,0.09722116770632551,0.09726062716414027,0.03406903599835055,0.01,399,4,156
dbpedia-entity,rr,20,0.01,weighted_cv,129,1649,1045,0,0,0.0,0.08251965538324688,0.09726062716414027,0.03406903599835055,0.01,399,4,156
dbpedia-entity,rr,20,0.01,active_cv,129,1683,1045,1,0,0.0,0.13857397950094502,0.09726062716414027,0.03406903599835055,0.01,399,4,156
dbpedia-entity,rr,20,0.01,weighted_cvl,129,1676,1045,0,0,0.0,0.07288519009075486,0.09726062716414027,0.03406903599835055,0.01,399,4,156
dbpedia-entity,rr,20,0.01,uniform,130,1512,1031,0,0,0.0,0.156888273068225,0.04157354838751342,0.0010968838280231898,0.01,399,4,112
dbpedia-entity,rr,20,0.01,uniform_nz,130,1486,1031,0,0,0.0,0.044058790054144314,0.04157354838751342,0.0010968838280231898,0.01,399,4,112
dbpedia-entity,rr,20,0.01,weighted,130,1484,1031,0,0,0.0,0.04157354838751342,0.04157354838751342,0.0010968838280231898,0.01,399,4,112
dbpedia-entity,rr,20,0.01,active_judge,130,1461,1031,0,0,0.0,0.0967400006052455,0.04157354838751342,0.0010968838280231898,0.01,399,4,112
dbpedia-entity,rr,20,0.01,strat_pilot,130,1486,1031,0,0,0.0,0.041267706256819345,0.04157354838751342,0.0010968838280231898,0.01,399,4,112
dbpedia-entity,rr,20,0.01,weighted_cv,130,1464,1031,0,0,0.0,0.029419064909278526,0.04157354838751342,0.0010968838280231898,0.01,399,4,112
dbpedia-entity,rr,20,0.01,active_cv,130,1504,1031,0,0,0.0,0.03361991971564805,0.04157354838751342,0.0010968838280231898,0.01,399,4,112
dbpedia-entity,rr,20,0.01,weighted_cvl,130,1472,1031,0,0,0.0,0.021287764134403135,0.04157354838751342,0.0010968838280231898,0.01,399,4,112
dbpedia-entity,rr,20,0.01,uniform,131,1700,1053,0,0,0.0,0.14158074195703024,0.06873104351352616,0.022769396557108162,0.01,399,4,156
dbpedia-entity,rr,20,0.01,uniform_nz,131,1677,1053,0,0,0.0,0.08182667109953021,0.06873104351352616,0.022769396557108162,0.01,399,4,156
dbpedia-entity,rr,20,0.01,weighted,131,1676,1053,0,0,0.0,0.06873104351352616,0.06873104351352616,0.022769396557108162,0.01,399,4,156
dbpedia-entity,rr,20,0.01,active_judge,131,1697,1053,0,0,0.0,0.184525988919903,0.06873104351352616,0.022769396557108162,0.01,399,4,156
dbpedia-entity,rr,20,0.01,strat_pilot,131,1665,1053,0,0,0.0,0.06838674167879533,0.06873104351352616,0.022769396557108162,0.01,399,4,156
dbpedia-entity,rr,20,0.01,weighted_cv,131,1663,1053,0,0,0.0,0.05368755382618816,0.06873104351352616,0.022769396557108162,0.01,399,4,156
dbpedia-entity,rr,20,0.01,active_cv,131,1650,1053,1,0,0.0,0.07950078889147785,0.06873104351352616,0.022769396557108162,0.01,399,4,156
dbpedia-entity,rr,20,0.01,weighted_cvl,131,1655,1053,0,0,0.0,0.040642062988811054,0.06873104351352616,0.022769396557108162,0.01,399,4,156
dbpedia-entity,rr,20,0.01,uniform,132,1630,999,0,0,0.029207467840672963,0.2907370123701277,0.07761587974929499,0.03228187816520662,-0.01920746784067296,399,4,156
dbpedia-entity,rr,20,0.01,uniform_nz,132,1574,999,0,0,0.029207467840672963,0.18036878186982036,0.07761587974929499,0.03228187816520662,-0.01920746784067296,399,4,156
dbpedia-entity,rr,20,0.01,weighted,132,1637,999,0,0,0.029207467840672963,0.07761587974929499,0.07761587974929499,0.03228187816520662,-0.01920746784067296,399,4,156
dbpedia-entity,rr,20,0.01,active_judge,132,1612,999,0,0,0.029207467840672963,0.24981321135206103,0.07761587974929499,0.03228187816520662,-0.01920746784067296,399,4,156
dbpedia-entity,rr,20,0.01,strat_pilot,132,1601,999,0,0,0.029207467840672963,0.07709637273535119,0.07761587974929499,0.03228187816520662,-0.01920746784067296,399,4,156
dbpedia-entity,rr,20,0.01,weighted_cv,132,1661,999,0,0,0.029207467840672963,0.08772488821380194,0.07761587974929499,0.03228187816520662,-0.01920746784067296,399,4,156
dbpedia-entity,rr,20,0.01,active_cv,132,1624,999,0,0,0.029207467840672963,0.12004050692045928,0.07761587974929499,0.03228187816520662,-0.01920746784067296,399,4,156
dbpedia-entity,rr,20,0.01,weighted_cvl,132,1608,999,0,0,0.029207467840672963,0.04776332255739525,0.07761587974929499,0.03228187816520662,-0.01920746784067296,399,4,156
dbpedia-entity,rr,20,0.01,uniform,133,1623,978,0,0,0.0,0.20457268416332802,0.08439820914211406,0.0264589737889767,0.01,399,4,156
dbpedia-entity,rr,20,0.01,uniform_nz,133,1548,978,1,0,0.0,0.13292514386308965,0.08439820914211406,0.0264589737889767,0.01,399,4,156
dbpedia-entity,rr,20,0.01,weighted,133,1597,978,0,0,0.0,0.08439820914211406,0.08439820914211406,0.0264589737889767,0.01,399,4,156
dbpedia-entity,rr,20,0.01,active_judge,133,1581,978,0,0,0.0,0.18756730948288597,0.08439820914211406,0.0264589737889767,0.01,399,4,156
dbpedia-entity,rr,20,0.01,strat_pilot,133,1600,978,0,0,0.0,0.0842539074813268,0.08439820914211406,0.0264589737889767,0.01,399,4,156
dbpedia-entity,rr,20,0.01,weighted_cv,133,1584,978,1,0,0.0,0.0751174235512005,0.08439820914211406,0.0264589737889767,0.01,399,4,156
dbpedia-entity,rr,20,0.01,active_cv,133,1628,978,1,0,0.0,0.09407333401697332,0.08439820914211406,0.0264589737889767,0.01,399,4,156
dbpedia-entity,rr,20,0.01,weighted_cvl,133,1613,978,0,0,0.0,0.06461660285411529,0.08439820914211406,0.0264589737889767,0.01,399,4,156
dbpedia-entity,rr,20,0.01,uniform,134,1627,998,0,0,0.0,0.19563264965513272,0.07003925159781026,0.013421033038937196,0.01,399,4,156
dbpedia-entity,rr,20,0.01,uniform_nz,134,1608,998,0,0,0.0,0.11264839657878536,0.07003925159781026,0.013421033038937196,0.01,399,4,156
dbpedia-entity,rr,20,0.01,weighted,134,1623,998,0,0,0.0,0.07003925159781026,0.07003925159781026,0.013421033038937196,0.01,399,4,156
dbpedia-entity,rr,20,0.01,active_judge,134,1691,998,0,0,0.0,0.21046516146926733,0.07003925159781026,0.013421033038937196,0.01,399,4,156
dbpedia-entity,rr,20,0.01,strat_pilot,134,1676,998,1,0,0.0,0.07000593435964812,0.07003925159781026,0.013421033038937196,0.01,399,4,156
dbpedia-entity,rr,20,0.01,weighted_cv,134,1626,998,0,0,0.0,0.07493596337016348,0.07003925159781026,0.013421033038937196,0.01,399,4,156
dbpedia-entity,rr,20,0.01,active_cv,134,1606,998,0,0,0.0,0.0924342956334639,0.07003925159781026,0.013421033038937196,0.01,399,4,156
dbpedia-entity,rr,20,0.01,weighted_cvl,134,1600,998,0,0,0.0,0.05698040612230674,0.07003925159781026,0.013421033038937196,0.01,399,4,156
dbpedia-entity,rr,20,0.01,uniform,135,1658,1033,0,0,0.002996311172159538,0.3806276824112414,0.09651126172509897,0.024212123435524032,0.007003688827840462,399,4,156
dbpedia-entity,rr,20,0.01,uniform_nz,135,1628,1033,0,0,0.002996311172159538,0.2321707354468289,0.09651126172509897,0.024212123435524032,0.007003688827840462,399,4,156
dbpedia-entity,rr,20,0.01,weighted,135,1665,1033,0,0,0.002996311172159538,0.09651126172509897,0.09651126172509897,0.024212123435524032,0.007003688827840462,399,4,156
dbpedia-entity,rr,20,0.01,active_judge,135,1608,1033,1,0,0.002996311172159538,0.2534816597848183,0.09651126172509897,0.024212123435524032,0.007003688827840462,399,4,156
dbpedia-entity,rr,20,0.01,strat_pilot,135,1664,1033,0,0,0.002996311172159538,0.09625219139747836,0.09651126172509897,0.024212123435524032,0.007003688827840462,399,4,156
dbpedia-entity,rr,20,0.01,weighted_cv,135,1707,1033,0,0,0.002996311172159538,0.10316503109381722,0.09651126172509897,0.024212123435524032,0.007003688827840462,399,4,156
dbpedia-entity,rr,20,0.01,active_cv,135,1663,1033,1,0,0.002996311172159538,0.12730681743959957,0.09651126172509897,0.024212123435524032,0.007003688827840462,399,4,156
dbpedia-entity,rr,20,0.01,weighted_cvl,135,1620,1033,0,0,0.002996311172159538,0.0646653543156406,0.09651126172509897,0.024212123435524032,0.007003688827840462,399,4,156
dbpedia-entity,rr,20,0.01,uniform,136,1632,1020,0,0,0.006562035410123679,0.32810400213669505,0.07512062589886806,0.023870054972348495,0.0034379645898763214,399,4,156
dbpedia-entity,rr,20,0.01,uniform_nz,136,1645,1020,1,0,0.006562035410123679,0.1689841152803659,0.07512062589886806,0.023870054972348495,0.0034379645898763214,399,4,156
dbpedia-entity,rr,20,0.01,weighted,136,1622,1020,0,0,0.006562035410123679,0.07512062589886806,0.07512062589886806,0.023870054972348495,0.0034379645898763214,399,4,156
dbpedia-entity,rr,20,0.01,active_judge,136,1649,1020,0,0,0.006562035410123679,0.23286291528620956,0.07512062589886806,0.023870054972348495,0.0034379645898763214,399,4,156
dbpedia-entity,rr,20,0.01,strat_pilot,136,1712,1020,0,0,0.006562035410123679,0.07518320103199887,0.07512062589886806,0.023870054972348495,0.0034379645898763214,399,4,156
dbpedia-entity,rr,20,0.01,weighted_cv,136,1651,1020,0,0,0.006562035410123679,0.06633549917183071,0.07512062589886806,0.023870054972348495,0.0034379645898763214,399,4,156
dbpedia-entity,rr,20,0.01,active_cv,136,1600,1020,0,0,0.006562035410123679,0.08470689058310374,0.07512062589886806,0.023870054972348495,0.0034379645898763214,399,4,156
dbpedia-entity,rr,20,0.01,weighted_cvl,136,1608,1020,0,0,0.006562035410123679,0.043029208932630306,0.07512062589886806,0.023870054972348495,0.0034379645898763214,399,4,156
dbpedia-entity,rr,20,0.01,uniform,137,1437,1001,0,0,0.0,0.1207779326038779,0.04100942885838803,0.0562225209735288,0.01,399,4,112
dbpedia-entity,rr,20,0.01,uniform_nz,137,1462,1001,0,0,0.0,0.04522165820098255,0.04100942885838803,0.0562225209735288,0.01,399,4,112
dbpedia-entity,rr,20,0.01,weighted,137,1418,1001,1,0,0.0,0.04100942885838803,0.04100942885838803,0.0562225209735288,0.01,399,4,112
dbpedia-entity,rr,20,0.01,active_judge,137,1458,1001,0,0,0.0,0.12155953880181473,0.04100942885838803,0.0562225209735288,0.01,399,4,112
dbpedia-entity,rr,20,0.01,strat_pilot,137,1450,1001,0,0,0.0,0.04105109187221835,0.04100942885838803,0.0562225209735288,0.01,399,4,112
dbpedia-entity,rr,20,0.01,weighted_cv,137,1445,1001,0,0,0.0,0.04671814968425904,0.04100942885838803,0.0562225209735288,0.01,399,4,112
dbpedia-entity,rr,20,0.01,active_cv,137,1449,1001,0,0,0.0,0.05934903093274187,0.04100942885838803,0.0562225209735288,0.01,399,4,112
dbpedia-entity,rr,20,0.01,weighted_cvl,137,1430,1001,0,0,0.0,0.03624497477504222,0.04100942885838803,0.0562225209735288,0.01,399,4,112
dbpedia-entity,rr,20,0.01,uniform,138,1535,959,0,0,0.013055660474796726,0.11397433836681987,0.06333888769211007,0.026767256522030394,-0.003055660474796726,399,4,156
dbpedia-entity,rr,20,0.01,uniform_nz,138,1591,959,0,0,0.013055660474796726,0.07444345421134058,0.06333888769211007,0.026767256522030394,-0.003055660474796726,399,4,156
dbpedia-entity,rr,20,0.01,weighted,138,1600,959,0,0,0.013055660474796726,0.06333888769211007,0.06333888769211007,0.026767256522030394,-0.003055660474796726,399,4,156
dbpedia-entity,rr,20,0.01,active_judge,138,1572,959,0,0,0.013055660474796726,0.15868056279404447,0.06333888769211007,0.026767256522030394,-0.003055660474796726,399,4,156
dbpedia-entity,rr,20,0.01,strat_pilot,138,1605,959,0,0,0.013055660474796726,0.06336093612248099,0.06333888769211007,0.026767256522030394,-0.003055660474796726,399,4,156
dbpedia-entity,rr,20,0.01,weighted_cv,138,1555,959,0,0,0.013055660474796726,0.07836976184398352,0.06333888769211007,0.026767256522030394,-0.003055660474796726,399,4,156
dbpedia-entity,rr,20,0.01,active_cv,138,1570,959,0,0,0.013055660474796726,0.11457739535088929,0.06333888769211007,0.026767256522030394,-0.003055660474796726,399,4,156
dbpedia-entity,rr,20,0.01,weighted_cvl,138,1589,959,0,0,0.013055660474796726,0.042532106745381756,0.06333888769211007,0.026767256522030394,-0.003055660474796726,399,4,156
dbpedia-entity,rr,20,0.01,uniform,139,1673,1041,0,0,0.0,0.19168399372570394,0.09725032578494826,0.08342047692686179,0.01,399,4,156
dbpedia-entity,rr,20,0.01,uniform_nz,139,1691,1041,0,0,0.0,0.11281271200047645,0.09725032578494826,0.08342047692686179,0.01,399,4,156
dbpedia-entity,rr,20,0.01,weighted,139,1688,1041,0,0,0.0,0.09725032578494826,0.09725032578494826,0.08342047692686179,0.01,399,4,156
dbpedia-entity,rr,20,0.01,active_judge,139,1696,1041,0,0,0.0,0.21294788630571615,0.09725032578494826,0.08342047692686179,0.01,399,4,156
dbpedia-entity,rr,20,0.01,strat_pilot,139,1643,1041,0,0,0.0,0.0973409775394467,0.09725032578494826,0.08342047692686179,0.01,399,4,156
dbpedia-entity,rr,20,0.01,weighted_cv,139,1638,1041,0,0,0.0,0.06989906306625623,0.09725032578494826,0.08342047692686179,0.01,399,4,156
dbpedia-entity,rr,20,0.01,active_cv,139,1666,1041,0,0,0.0,0.09251407141686932,0.09725032578494826,0.08342047692686179,0.01,399,4,156
dbpedia-entity,rr,20,0.01,weighted_cvl,139,1632,1041,0,0,0.0,0.08740586077116137,0.09725032578494826,0.08342047692686179,0.01,399,4,156
dbpedia-entity,rr,20,0.01,uniform,140,1609,1009,0,0,0.0,0.1471419994259939,0.06379790175546357,0.021945389473876187,0.01,399,4,156
dbpedia-entity,rr,20,0.01,uniform_nz,140,1670,1009,0,0,0.0,0.07825709806339184,0.06379790175546357,0.021945389473876187,0.01,399,4,156
dbpedia-entity,rr,20,0.01,weighted,140,1682,1009,0,0,0.0,0.06379790175546357,0.06379790175546357,0.021945389473876187,0.01,399,4,156
dbpedia-entity,rr,20,0.01,active_judge,140,1579,1009,0,0,0.0,0.19398407026690326,0.06379790175546357,0.021945389473876187,0.01,399,4,156
dbpedia-entity,rr,20,0.01,strat_pilot,140,1623,1009,0,0,0.0,0.06367689144050023,0.06379790175546357,0.021945389473876187,0.01,399,4,156
dbpedia-entity,rr,20,0.01,weighted_cv,140,1628,1009,0,0,0.0,0.06531883643693767,0.06379790175546357,0.021945389473876187,0.01,399,4,156
dbpedia-entity,rr,20,0.01,active_cv,140,1634,1009,0,0,0.0,0.08584619127199433,0.06379790175546357,0.021945389473876187,0.01,399,4,156
dbpedia-entity,rr,20,0.01,weighted_cvl,140,1631,1009,0,0,0.0,0.03699578830361429,0.06379790175546357,0.021945389473876187,0.01,399,4,156
dbpedia-entity,rr,20,0.01,uniform,141,1492,1046,0,0,0.0,0.12740392459734295,0.04453082245119413,0.050658202370559624,0.01,399,4,112
dbpedia-entity,rr,20,0.01,uniform_nz,141,1498,1046,0,0,0.0,0.05069792767318735,0.04453082245119413,0.050658202370559624,0.01,399,4,112
dbpedia-entity,rr,20,0.01,weighted,141,1495,1046,1,0,0.0,0.04453082245119413,0.04453082245119413,0.050658202370559624,0.01,399,4,112
dbpedia-entity,rr,20,0.01,active_judge,141,1509,1046,0,0,0.0,0.13448088855671664,0.04453082245119413,0.050658202370559624,0.01,399,4,112
dbpedia-entity,rr,20,0.01,strat_pilot,141,1459,1046,0,0,0.0,0.04422119521865232,0.04453082245119413,0.050658202370559624,0.01,399,4,112
dbpedia-entity,rr,20,0.01,weighted_cv,141,1477,1046,0,0,0.0,0.03221812153062429,0.04453082245119413,0.050658202370559624,0.01,399,4,112
dbpedia-entity,rr,20,0.01,active_cv,141,1485,1046,0,0,0.0,0.03973475817655901,0.04453082245119413,0.050658202370559624,0.01,399,4,112
dbpedia-entity,rr,20,0.01,weighted_cvl,141,1515,1046,0,0,0.0,0.021849258408439553,0.04453082245119413,0.050658202370559624,0.01,399,4,112
dbpedia-entity,rr,20,0.01,uniform,142,1648,1018,0,0,0.0,0.2534851827065991,0.11889981165845605,0.020013554301442246,0.01,399,4,156
dbpedia-entity,rr,20,0.01,uniform_nz,142,1689,1018,0,0,0.0,0.15551032597586173,0.11889981165845605,0.020013554301442246,0.01,399,4,156
dbpedia-entity,rr,20,0.01,weighted,142,1617,1018,0,0,0.0,0.11889981165845605,0.11889981165845605,0.020013554301442246,0.01,399,4,156
dbpedia-entity,rr,20,0.01,active_judge,142,1648,1018,0,0,0.0,0.23418913445665995,0.11889981165845605,0.020013554301442246,0.01,399,4,156
dbpedia-entity,rr,20,0.01,strat_pilot,142,1651,1018,0,0,0.0,0.11891143538717568,0.11889981165845605,0.020013554301442246,0.01,399,4,156
dbpedia-entity,rr,20,0.01,weighted_cv,142,1646,1018,0,0,0.0,0.05660359957047325,0.11889981165845605,0.020013554301442246,0.01,399,4,156
dbpedia-entity,rr,20,0.01,active_cv,142,1628,1018,0,0,0.0,0.06320201990602521,0.11889981165845605,0.020013554301442246,0.01,399,4,156
dbpedia-entity,rr,20,0.01,weighted_cvl,142,1628,1018,0,0,0.0,0.05080523980284577,0.11889981165845605,0.020013554301442246,0.01,399,4,156
dbpedia-entity,rr,20,0.01,uniform,143,1680,1085,0,0,0.04638995447060401,0.6853269262469306,0.07251087383464513,0.035925346382167406,-0.03638995447060401,399,4,156
dbpedia-entity,rr,20,0.01,uniform_nz,143,1687,1085,0,0,0.04638995447060401,0.48797906217704384,0.07251087383464513,0.035925346382167406,-0.03638995447060401,399,4,156
dbpedia-entity,rr,20,0.01,weighted,143,1740,1085,0,0,0.04638995447060401,0.07251087383464513,0.07251087383464513,0.035925346382167406,-0.03638995447060401,399,4,156
dbpedia-entity,rr,20,0.01,active_judge,143,1705,1085,0,0,0.04638995447060401,0.2325845942788284,0.07251087383464513,0.035925346382167406,-0.03638995447060401,399,4,156
dbpedia-entity,rr,20,0.01,strat_pilot,143,1677,1085,0,0,0.04638995447060401,0.07241712793057861,0.07251087383464513,0.035925346382167406,-0.03638995447060401,399,4,156
dbpedia-entity,rr,20,0.01,weighted_cv,143,1756,1085,0,0,0.04638995447060401,0.08559380944017396,0.07251087383464513,0.035925346382167406,-0.03638995447060401,399,4,156
dbpedia-entity,rr,20,0.01,active_cv,143,1697,1085,0,0,0.04638995447060401,0.13177281840171293,0.07251087383464513,0.035925346382167406,-0.03638995447060401,399,4,156
dbpedia-entity,rr,20,0.01,weighted_cvl,143,1703,1085,0,0,0.04638995447060401,0.060484297393512,0.07251087383464513,0.035925346382167406,-0.03638995447060401,399,4,156
dbpedia-entity,rr,20,0.01,uniform,144,1682,1025,0,0,0.0,0.14358667595049082,0.07444353604016149,0.0721009375291074,0.01,399,4,156
dbpedia-entity,rr,20,0.01,uniform_nz,144,1659,1025,0,0,0.0,0.08015969969470921,0.07444353604016149,0.0721009375291074,0.01,399,4,156
dbpedia-entity,rr,20,0.01,weighted,144,1674,1025,1,0,0.0,0.07444353604016149,0.07444353604016149,0.0721009375291074,0.01,399,4,156
dbpedia-entity,rr,20,0.01,active_judge,144,1665,1025,0,0,0.0,0.12172990904821171,0.07444353604016149,0.0721009375291074,0.01,399,4,156
dbpedia-entity,rr,20,0.01,strat_pilot,144,1672,1025,0,0,0.0,0.07451618153110892,0.07444353604016149,0.0721009375291074,0.01,399,4,156
dbpedia-entity,rr,20,0.01,weighted_cv,144,1610,1025,1,0,0.0,0.048572715528735155,0.07444353604016149,0.0721009375291074,0.01,399,4,156
dbpedia-entity,rr,20,0.01,active_cv,144,1634,1025,0,0,0.0,0.06253078130455961,0.07444353604016149,0.0721009375291074,0.01,399,4,156
dbpedia-entity,rr,20,0.01,weighted_cvl,144,1607,1025,0,0,0.0,0.07165558877842035,0.07444353604016149,0.0721009375291074,0.01,399,4,156
dbpedia-entity,rr,20,0.01,uniform,145,1643,1031,0,0,0.005367253141665029,0.23244744783584115,0.07455986175825843,0.023827788000725145,0.004632746858334971,399,4,156
dbpedia-entity,rr,20,0.01,uniform_nz,145,1635,1031,0,0,0.005367253141665029,0.12029333307336124,0.07455986175825843,0.023827788000725145,0.004632746858334971,399,4,156
dbpedia-entity,rr,20,0.01,weighted,145,1624,1031,0,0,0.005367253141665029,0.07455986175825843,0.07455986175825843,0.023827788000725145,0.004632746858334971,399,4,156
dbpedia-entity,rr,20,0.01,active_judge,145,1693,1031,0,0,0.005367253141665029,0.23802146352724146,0.07455986175825843,0.023827788000725145,0.004632746858334971,399,4,156
dbpedia-entity,rr,20,0.01,strat_pilot,145,1654,1031,0,0,0.005367253141665029,0.07447078883487496,0.07455986175825843,0.023827788000725145,0.004632746858334971,399,4,156
dbpedia-entity,rr,20,0.01,weighted_cv,145,1656,1031,0,0,0.005367253141665029,0.05734292108617871,0.07455986175825843,0.023827788000725145,0.004632746858334971,399,4,156
dbpedia-entity,rr,20,0.01,active_cv,145,1661,1031,0,0,0.005367253141665029,0.0971650815264316,0.07455986175825843,0.023827788000725145,0.004632746858334971,399,4,156
dbpedia-entity,rr,20,0.01,weighted_cvl,145,1641,1031,0,0,0.005367253141665029,0.04914407125577358,0.07455986175825843,0.023827788000725145,0.004632746858334971,399,4,156
dbpedia-entity,rr,20,0.01,uniform,146,1638,1031,0,0,0.0,0.12827189008174117,0.062351591903210934,0.03769680004705493,0.01,399,4,156
dbpedia-entity,rr,20,0.01,uniform_nz,146,1641,1031,1,0,0.0,0.0716727721602799,0.062351591903210934,0.03769680004705493,0.01,399,4,156
dbpedia-entity,rr,20,0.01,weighted,146,1619,1031,1,0,0.0,0.062351591903210934,0.062351591903210934,0.03769680004705493,0.01,399,4,156
dbpedia-entity,rr,20,0.01,active_judge,146,1662,1031,0,0,0.0,0.1431997259852021,0.062351591903210934,0.03769680004705493,0.01,399,4,156
dbpedia-entity,rr,20,0.01,strat_pilot,146,1609,1031,0,0,0.0,0.062315088858928516,0.062351591903210934,0.03769680004705493,0.01,399,4,156
dbpedia-entity,rr,20,0.01,weighted_cv,146,1651,1031,0,0,0.0,0.05652293340923233,0.062351591903210934,0.03769680004705493,0.01,399,4,156
dbpedia-entity,rr,20,0.01,active_cv,146,1673,1031,0,0,0.0,0.090541070995941,0.062351591903210934,0.03769680004705493,0.01,399,4,156
dbpedia-entity,rr,20,0.01,weighted_cvl,146,1649,1031,0,0,0.0,0.044117243986731516,0.062351591903210934,0.03769680004705493,0.01,399,4,156
dbpedia-entity,rr,20,0.01,uniform,147,1665,1044,0,0,0.0,0.1769687416264833,0.08122580593507459,0.01708687327443461,0.01,399,4,156
dbpedia-entity,rr,20,0.01,uniform_nz,147,1652,1044,0,0,0.0,0.09753731059326673,0.08122580593507459,0.01708687327443461,0.01,399,4,156
dbpedia-entity,rr,20,0.01,weighted,147,1698,1044,0,0,0.0,0.08122580593507459,0.08122580593507459,0.01708687327443461,0.01,399,4,156
dbpedia-entity,rr,20,0.01,active_judge,147,1670,1044,0,0,0.0,0.161403163760155,0.08122580593507459,0.01708687327443461,0.01,399,4,156
dbpedia-entity,rr,20,0.01,strat_pilot,147,1622,1044,0,0,0.0,0.08116321137018911,0.08122580593507459,0.01708687327443461,0.01,399,4,156
dbpedia-entity,rr,20,0.01,weighted_cv,147,1699,1044,0,0,0.0,0.06596102991551481,0.08122580593507459,0.01708687327443461,0.01,399,4,156
dbpedia-entity,rr,20,0.01,active_cv,147,1647,1044,0,0,0.0,0.08595529993718135,0.08122580593507459,0.01708687327443461,0.01,399,4,156
dbpedia-entity,rr,20,0.01,weighted_cvl,147,1661,1044,0,0,0.0,0.057172085147297394,0.08122580593507459,0.01708687327443461,0.01,399,4,156
dbpedia-entity,rr,20,0.01,uniform,148,1526,1063,0,0,0.005159306474944392,0.17583715241519124,0.04097017524826578,0.008842575663396097,0.0048406935250556084,399,4,113
dbpedia-entity,rr,20,0.01,uniform_nz,148,1501,1063,0,0,0.005159306474944392,0.048091027469814286,0.04097017524826578,0.008842575663396097,0.0048406935250556084,399,4,113
dbpedia-entity,rr,20,0.01,weighted,148,1475,1063,0,0,0.005159306474944392,0.04097017524826578,0.04097017524826578,0.008842575663396097,0.0048406935250556084,399,4,113
dbpedia-entity,rr,20,0.01,active_judge,148,1521,1063,0,0,0.005159306474944392,0.1271538624057281,0.04097017524826578,0.008842575663396097,0.0048406935250556084,399,4,113
dbpedia-entity,rr,20,0.01,strat_pilot,148,1544,1063,0,0,0.005159306474944392,0.04065863333956528,0.04097017524826578,0.008842575663396097,0.0048406935250556084,399,4,113
dbpedia-entity,rr,20,0.01,weighted_cv,148,1495,1063,0,0,0.005159306474944392,0.04887652592703466,0.04097017524826578,0.008842575663396097,0.0048406935250556084,399,4,113
dbpedia-entity,rr,20,0.01,active_cv,148,1499,1063,0,0,0.005159306474944392,0.08025856249874626,0.04097017524826578,0.008842575663396097,0.0048406935250556084,399,4,113
dbpedia-entity,rr,20,0.01,weighted_cvl,148,1510,1063,0,0,0.005159306474944392,0.02885868062875545,0.04097017524826578,0.008842575663396097,0.0048406935250556084,399,4,113
dbpedia-entity,rr,20,0.01,uniform,149,1605,959,0,0,0.0,0.12379996196593561,0.06432119645508914,0.04588936844188694,0.01,399,4,156
dbpedia-entity,rr,20,0.01,uniform_nz,149,1567,959,0,0,0.0,0.06868440329554208,0.06432119645508914,0.04588936844188694,0.01,399,4,156
dbpedia-entity,rr,20,0.01,weighted,149,1563,959,0,0,0.0,0.06432119645508914,0.06432119645508914,0.04588936844188694,0.01,399,4,156
dbpedia-entity,rr,20,0.01,active_judge,149,1542,959,0,0,0.0,0.14483708803005224,0.06432119645508914,0.04588936844188694,0.01,399,4,156
dbpedia-entity,rr,20,0.01,strat_pilot,149,1599,959,0,0,0.0,0.0642894087529687,0.06432119645508914,0.04588936844188694,0.01,399,4,156
dbpedia-entity,rr,20,0.01,weighted_cv,149,1579,959,0,0,0.0,0.04853578942076349,0.06432119645508914,0.04588936844188694,0.01,399,4,156
dbpedia-entity,rr,20,0.01,active_cv,149,1569,959,0,0,0.0,0.05616560809770806,0.06432119645508914,0.04588936844188694,0.01,399,4,156
dbpedia-entity,rr,20,0.01,weighted_cvl,149,1575,959,0,0,0.0,0.045279474526226354,0.06432119645508914,0.04588936844188694,0.01,399,4,156
dbpedia-entity,rr,20,0.01,uniform,150,1684,1068,0,0,0.0,0.22590316044704412,0.08410879068779221,0.0255113856550961,0.01,399,4,156
dbpedia-entity,rr,20,0.01,uniform_nz,150,1666,1068,0,0,0.0,0.11466463515991243,0.08410879068779221,0.0255113856550961,0.01,399,4,156
dbpedia-entity,rr,20,0.01,weighted,150,1670,1068,0,0,0.0,0.08410879068779221,0.08410879068779221,0.0255113856550961,0.01,399,4,156
dbpedia-entity,rr,20,0.01,active_judge,150,1719,1068,0,0,0.0,0.23060536794934863,0.08410879068779221,0.0255113856550961,0.01,399,4,156
dbpedia-entity,rr,20,0.01,strat_pilot,150,1715,1068,0,0,0.0,0.08412826017700717,0.08410879068779221,0.0255113856550961,0.01,399,4,156
dbpedia-entity,rr,20,0.01,weighted_cv,150,1698,1068,0,0,0.0,0.0590638298780213,0.08410879068779221,0.0255113856550961,0.01,399,4,156
dbpedia-entity,rr,20,0.01,active_cv,150,1682,1068,0,0,0.0,0.07154295901733572,0.08410879068779221,0.0255113856550961,0.01,399,4,156
dbpedia-entity,rr,20,0.01,weighted_cvl,150,1699,1068,0,0,0.0,0.04861971875139735,0.08410879068779221,0.0255113856550961,0.01,399,4,156
dbpedia-entity,rr,20,0.01,uniform,151,1690,1071,0,0,0.0,0.304012116747465,0.11038978000297903,0.026294610023183784,0.01,399,4,156
dbpedia-entity,rr,20,0.01,uniform_nz,151,1717,1071,1,0,0.0,0.18506973757751774,0.11038978000297903,0.026294610023183784,0.01,399,4,156
dbpedia-entity,rr,20,0.01,weighted,151,1703,1071,0,0,0.0,0.11038978000297903,0.11038978000297903,0.026294610023183784,0.01,399,4,156
dbpedia-entity,rr,20,0.01,active_judge,151,1696,1071,0,0,0.0,0.29032438327035237,0.11038978000297903,0.026294610023183784,0.01,399,4,156
dbpedia-entity,rr,20,0.01,strat_pilot,151,1694,1071,0,0,0.0,0.11045438153279656,0.11038978000297903,0.026294610023183784,0.01,399,4,156
dbpedia-entity,rr,20,0.01,weighted_cv,151,1696,1071,0,0,0.0,0.09023013046209252,0.11038978000297903,0.026294610023183784,0.01,399,4,156
dbpedia-entity,rr,20,0.01,active_cv,151,1656,1071,1,0,0.0,0.12478009681690598,0.11038978000297903,0.026294610023183784,0.01,399,4,156
dbpedia-entity,rr,20,0.01,weighted_cvl,151,1675,1071,1,0,0.0,0.06662948584587718,0.11038978000297903,0.026294610023183784,0.01,399,4,156
dbpedia-entity,rr,20,0.01,uniform,152,1684,1045,0,0,0.0,0.15228140009149974,0.07203984558886056,0.06015628175851136,0.01,399,4,156
dbpedia-entity,rr,20,0.01,uniform_nz,152,1659,1045,0,0,0.0,0.08617484190639244,0.07203984558886056,0.06015628175851136,0.01,399,4,156
dbpedia-entity,rr,20,0.01,weighted,152,1705,1045,0,0,0.0,0.07203984558886056,0.07203984558886056,0.06015628175851136,0.01,399,4,156
dbpedia-entity,rr,20,0.01,active_judge,152,1669,1045,0,0,0.0,0.13670579295674753,0.07203984558886056,0.06015628175851136,0.01,399,4,156
dbpedia-entity,rr,20,0.01,strat_pilot,152,1692,1045,0,0,0.0,0.07204021705186765,0.07203984558886056,0.06015628175851136,0.01,399,4,156
dbpedia-entity,rr,20,0.01,weighted_cv,152,1657,1045,0,0,0.0,0.05282134486385277,0.07203984558886056,0.06015628175851136,0.01,399,4,156
dbpedia-entity,rr,20,0.01,active_cv,152,1677,1045,0,0,0.0,0.060651196725806635,0.07203984558886056,0.06015628175851136,0.01,399,4,156
dbpedia-entity,rr,20,0.01,weighted_cvl,152,1674,1045,0,0,0.0,0.04081605214059618,0.07203984558886056,0.06015628175851136,0.01,399,4,156
dbpedia-entity,rr,20,0.01,uniform,153,1374,988,0,0,0.0,0.1380354960323425,0.029387078210972285,0.03492883559795325,0.01,399,4,100
dbpedia-entity,rr,20,0.01,uniform_nz,153,1385,988,0,0,0.0,0.03774410740580379,0.029387078210972285,0.03492883559795325,0.01,399,4,100
dbpedia-entity,rr,20,0.01,weighted,153,1373,988,0,0,0.0,0.029387078210972285,0.029387078210972285,0.03492883559795325,0.01,399,4,100
dbpedia-entity,rr,20,0.01,active_judge,153,1385,988,0,0,0.0,0.12103850758842846,0.029387078210972285,0.03492883559795325,0.01,399,4,100
dbpedia-entity,rr,20,0.01,strat_pilot,153,1376,988,0,0,0.0,0.02921301567024972,0.029387078210972285,0.03492883559795325,0.01,399,4,100
dbpedia-entity,rr,20,0.01,weighted_cv,153,1374,988,1,0,0.0,0.027926878210235206,0.029387078210972285,0.03492883559795325,0.01,399,4,100
dbpedia-entity,rr,20,0.01,active_cv,153,1377,988,1,0,0.0,0.03894553498583938,0.029387078210972285,0.03492883559795325,0.01,399,4,100
dbpedia-entity,rr,20,0.01,weighted_cvl,153,1372,988,0,0,0.0,0.01851394331733618,0.029387078210972285,0.03492883559795325,0.01,399,4,100
dbpedia-entity,rr,20,0.01,uniform,154,1816,1179,0,0,0.0,0.4586314356079046,0.11918683036415785,0.028313135351683623,0.01,399,4,156
dbpedia-entity,rr,20,0.01,uniform_nz,154,1769,1179,0,0,0.0,0.220231815995088,0.11918683036415785,0.028313135351683623,0.01,399,4,156
dbpedia-entity,rr,20,0.01,weighted,154,1838,1179,0,0,0.0,0.11918683036415785,0.11918683036415785,0.028313135351683623,0.01,399,4,156
dbpedia-entity,rr,20,0.01,active_judge,154,1773,1179,0,0,0.0,0.24941248749395975,0.11918683036415785,0.028313135351683623,0.01,399,4,156
dbpedia-entity,rr,20,0.01,strat_pilot,154,1815,1179,0,0,0.0,0.11921438024488706,0.11918683036415785,0.028313135351683623,0.01,399,4,156
dbpedia-entity,rr,20,0.01,weighted_cv,154,1796,1179,0,0,0.0,0.08181591404468225,0.11918683036415785,0.028313135351683623,0.01,399,4,156
dbpedia-entity,rr,20,0.01,active_cv,154,1788,1179,0,0,0.0,0.10207562626384736,0.11918683036415785,0.028313135351683623,0.01,399,4,156
dbpedia-entity,rr,20,0.01,weighted_cvl,154,1822,1179,0,0,0.0,0.08511117592430058,0.11918683036415785,0.028313135351683623,0.01,399,4,156
dbpedia-entity,rr,20,0.01,uniform,155,1707,1076,0,0,0.0,0.1696378519289169,0.0854003281101435,0.05711256437784206,0.01,399,4,156
dbpedia-entity,rr,20,0.01,uniform_nz,155,1690,1076,0,0,0.0,0.09177296337016416,0.0854003281101435,0.05711256437784206,0.01,399,4,156
dbpedia-entity,rr,20,0.01,weighted,155,1716,1076,0,0,0.0,0.0854003281101435,0.0854003281101435,0.05711256437784206,0.01,399,4,156
dbpedia-entity,rr,20,0.01,active_judge,155,1704,1076,0,0,0.0,0.2013750305477891,0.0854003281101435,0.05711256437784206,0.01,399,4,156
dbpedia-entity,rr,20,0.01,strat_pilot,155,1737,1076,0,0,0.0,0.08541095491179793,0.0854003281101435,0.05711256437784206,0.01,399,4,156
dbpedia-entity,rr,20,0.01,weighted_cv,155,1710,1076,0,0,0.0,0.05376348115051867,0.0854003281101435,0.05711256437784206,0.01,399,4,156
dbpedia-entity,rr,20,0.01,active_cv,155,1717,1076,0,0,0.0,0.06231671610547853,0.0854003281101435,0.05711256437784206,0.01,399,4,156
dbpedia-entity,rr,20,0.01,weighted_cvl,155,1706,1076,1,0,0.0,0.08109435760846231,0.0854003281101435,0.05711256437784206,0.01,399,4,156
dbpedia-entity,rr,20,0.01,uniform,156,1596,992,0,0,0.028331450278396342,0.3317177018870225,0.07419547953628973,0.026343473956921583,-0.01833145027839634,399,4,156
dbpedia-entity,rr,20,0.01,uniform_nz,156,1614,992,0,0,0.028331450278396342,0.18981638078016588,0.07419547953628973,0.026343473956921583,-0.01833145027839634,399,4,156
dbpedia-entity,rr,20,0.01,weighted,156,1580,992,0,0,0.028331450278396342,0.07419547953628973,0.07419547953628973,0.026343473956921583,-0.01833145027839634,399,4,156
dbpedia-entity,rr,20,0.01,active_judge,156,1592,992,0,0,0.028331450278396342,0.19677107159817667,0.07419547953628973,0.026343473956921583,-0.01833145027839634,399,4,156
dbpedia-entity,rr,20,0.01,strat_pilot,156,1588,992,0,0,0.028331450278396342,0.07293654466717994,0.07419547953628973,0.026343473956921583,-0.01833145027839634,399,4,156
dbpedia-entity,rr,20,0.01,weighted_cv,156,1634,992,0,0,0.028331450278396342,0.08556986927540441,0.07419547953628973,0.026343473956921583,-0.01833145027839634,399,4,156
dbpedia-entity,rr,20,0.01,active_cv,156,1622,992,0,0,0.028331450278396342,0.11571243452307449,0.07419547953628973,0.026343473956921583,-0.01833145027839634,399,4,156
dbpedia-entity,rr,20,0.01,weighted_cvl,156,1607,992,0,0,0.028331450278396342,0.0627045117028909,0.07419547953628973,0.026343473956921583,-0.01833145027839634,399,4,156
dbpedia-entity,rr,20,0.01,uniform,157,1478,1029,0,0,0.0,0.12865937413703427,0.04213269787371218,0.03542780495270098,0.01,399,4,112
dbpedia-entity,rr,20,0.01,uniform_nz,157,1479,1029,0,0,0.0,0.04302253119075422,0.04213269787371218,0.03542780495270098,0.01,399,4,112
dbpedia-entity,rr,20,0.01,weighted,157,1470,1029,1,0,0.0,0.04213269787371218,0.04213269787371218,0.03542780495270098,0.01,399,4,112
dbpedia-entity,rr,20,0.01,active_judge,157,1492,1029,0,0,0.0,0.1098018246395767,0.04213269787371218,0.03542780495270098,0.01,399,4,112
dbpedia-entity,rr,20,0.01,strat_pilot,157,1480,1029,0,0,0.0,0.041850332909437626,0.04213269787371218,0.03542780495270098,0.01,399,4,112
dbpedia-entity,rr,20,0.01,weighted_cv,157,1517,1029,0,0,0.0,0.04538669118677106,0.04213269787371218,0.03542780495270098,0.01,399,4,112
dbpedia-entity,rr,20,0.01,active_cv,157,1448,1029,0,0,0.0,0.07027759810427275,0.04213269787371218,0.03542780495270098,0.01,399,4,112
dbpedia-entity,rr,20,0.01,weighted_cvl,157,1479,1029,0,0,0.0,0.038792619762487456,0.04213269787371218,0.03542780495270098,0.01,399,4,112
dbpedia-entity,rr,20,0.01,uniform,158,1659,1049,0,0,0.0,0.14430377645357115,0.07542948159711341,0.01907256996018942,0.01,399,4,156
dbpedia-entity,rr,20,0.01,uniform_nz,158,1682,1049,0,0,0.0,0.08452081022136056,0.07542948159711341,0.01907256996018942,0.01,399,4,156
dbpedia-entity,rr,20,0.01,weighted,158,1655,1049,0,0,0.0,0.07542948159711341,0.07542948159711341,0.01907256996018942,0.01,399,4,156
dbpedia-entity,rr,20,0.01,active_judge,158,1671,1049,0,0,0.0,0.17338171000086763,0.07542948159711341,0.01907256996018942,0.01,399,4,156
dbpedia-entity,rr,20,0.01,strat_pilot,158,1693,1049,0,0,0.0,0.07549198523013936,0.07542948159711341,0.01907256996018942,0.01,399,4,156
dbpedia-entity,rr,20,0.01,weighted_cv,158,1692,1049,0,0,0.0,0.05261696726217975,0.07542948159711341,0.01907256996018942,0.01,399,4,156
dbpedia-entity,rr,20,0.01,active_cv,158,1700,1049,0,0,0.0,0.06061848802660356,0.07542948159711341,0.01907256996018942,0.01,399,4,156
dbpedia-entity,rr,20,0.01,weighted_cvl,158,1652,1049,0,0,0.0,0.04350427714595748,0.07542948159711341,0.01907256996018942,0.01,399,4,156
dbpedia-entity,rr,20,0.01,uniform,159,1628,1032,0,0,0.0,0.20667011969666899,0.09459982525407196,0.04047744657438129,0.01,399,4,156
dbpedia-entity,rr,20,0.01,uniform_nz,159,1667,1032,1,0,0.0,0.11060199257125514,0.09459982525407196,0.04047744657438129,0.01,399,4,156
dbpedia-entity,rr,20,0.01,weighted,159,1648,1032,0,0,0.0,0.09459982525407196,0.09459982525407196,0.04047744657438129,0.01,399,4,156
dbpedia-entity,rr,20,0.01,active_judge,159,1640,1032,0,0,0.0,0.20718821660277564,0.09459982525407196,0.04047744657438129,0.01,399,4,156
dbpedia-entity,rr,20,0.01,strat_pilot,159,1660,1032,0,0,0.0,0.09463039712084104,0.09459982525407196,0.04047744657438129,0.01,399,4,156
dbpedia-entity,rr,20,0.01,weighted_cv,159,1678,1032,0,0,0.0,0.064953837600145,0.09459982525407196,0.04047744657438129,0.01,399,4,156
dbpedia-entity,rr,20,0.01,active_cv,159,1635,1032,0,0,0.0,0.08668989301761867,0.09459982525407196,0.04047744657438129,0.01,399,4,156
dbpedia-entity,rr,20,0.01,weighted_cvl,159,1655,1032,0,0,0.0,0.054079904984113025,0.09459982525407196,0.04047744657438129,0.01,399,4,156
dbpedia-entity,rr,20,0.01,uniform,160,1500,1038,0,0,0.017717130649782253,0.25513562585425503,0.09352073120586843,0.02943173117128227,-0.007717130649782253,399,4,112
dbpedia-entity,rr,20,0.01,uniform_nz,160,1469,1038,0,0,0.017717130649782253,0.10454300877542574,0.09352073120586843,0.02943173117128227,-0.007717130649782253,399,4,112
dbpedia-entity,rr,20,0.01,weighted,160,1512,1038,0,0,0.017717130649782253,0.09352073120586843,0.09352073120586843,0.02943173117128227,-0.007717130649782253,399,4,112
dbpedia-entity,rr,20,0.01,active_judge,160,1474,1038,0,0,0.017717130649782253,0.22144473179156415,0.09352073120586843,0.02943173117128227,-0.007717130649782253,399,4,112
dbpedia-entity,rr,20,0.01,strat_pilot,160,1503,1038,0,0,0.017717130649782253,0.09354955729471108,0.09352073120586843,0.02943173117128227,-0.007717130649782253,399,4,112
dbpedia-entity,rr,20,0.01,weighted_cv,160,1493,1038,0,0,0.017717130649782253,0.06470350660647967,0.09352073120586843,0.02943173117128227,-0.007717130649782253,399,4,112
dbpedia-entity,rr,20,0.01,active_cv,160,1501,1038,0,0,0.017717130649782253,0.10902350956439824,0.09352073120586843,0.02943173117128227,-0.007717130649782253,399,4,112
dbpedia-entity,rr,20,0.01,weighted_cvl,160,1484,1038,0,0,0.017717130649782253,0.06483941170202596,0.09352073120586843,0.02943173117128227,-0.007717130649782253,399,4,112
dbpedia-entity,rr,20,0.01,uniform,161,1615,998,0,0,0.0,0.14274767382918493,0.07936310142762673,0.06808827659384438,0.01,399,4,156
dbpedia-entity,rr,20,0.01,uniform_nz,161,1662,998,0,0,0.0,0.09184902534855324,0.07936310142762673,0.06808827659384438,0.01,399,4,156
dbpedia-entity,rr,20,0.01,weighted,161,1607,998,0,0,0.0,0.07936310142762673,0.07936310142762673,0.06808827659384438,0.01,399,4,156
dbpedia-entity,rr,20,0.01,active_judge,161,1614,998,0,0,0.0,0.18405371774749582,0.07936310142762673,0.06808827659384438,0.01,399,4,156
dbpedia-entity,rr,20,0.01,strat_pilot,161,1590,998,0,0,0.0,0.07922420232797531,0.07936310142762673,0.06808827659384438,0.01,399,4,156
dbpedia-entity,rr,20,0.01,weighted_cv,161,1652,998,0,0,0.0,0.08614002540000072,0.07936310142762673,0.06808827659384438,0.01,399,4,156
dbpedia-entity,rr,20,0.01,active_cv,161,1660,998,0,0,0.0,0.11951803832468562,0.07936310142762673,0.06808827659384438,0.01,399,4,156
dbpedia-entity,rr,20,0.01,weighted_cvl,161,1616,998,0,0,0.0,0.06519949522995232,0.07936310142762673,0.06808827659384438,0.01,399,4,156
dbpedia-entity,rr,20,0.01,uniform,162,1659,984,1,0,0.0,0.12283988526582157,0.06694794949100316,0.0322797677442353,0.01,399,4,156
dbpedia-entity,rr,20,0.01,uniform_nz,162,1564,984,0,0,0.0,0.07945008106464735,0.06694794949100316,0.0322797677442353,0.01,399,4,156
dbpedia-entity,rr,20,0.01,weighted,162,1604,984,0,0,0.0,0.06694794949100316,0.06694794949100316,0.0322797677442353,0.01,399,4,156
dbpedia-entity,rr,20,0.01,active_judge,162,1601,984,0,0,0.0,0.15559242160842668,0.06694794949100316,0.0322797677442353,0.01,399,4,156
dbpedia-entity,rr,20,0.01,strat_pilot,162,1596,984,0,0,0.0,0.06692418838289817,0.06694794949100316,0.0322797677442353,0.01,399,4,156
dbpedia-entity,rr,20,0.01,weighted_cv,162,1593,984,0,0,0.0,0.07228883634582828,0.06694794949100316,0.0322797677442353,0.01,399,4,156
dbpedia-entity,rr,20,0.01,active_cv,162,1644,984,0,0,0.0,0.1093655858887638,0.06694794949100316,0.0322797677442353,0.01,399,4,156
dbpedia-entity,rr,20,0.01,weighted_cvl,162,1585,984,0,0,0.0,0.057649521529251534,0.06694794949100316,0.0322797677442353,0.01,399,4,156
dbpedia-entity,rr,20,0.01,uniform,163,1696,1071,0,0,0.014593031333858919,0.2063676524772954,0.07446540939518595,0.028836283186326,-0.004593031333858919,399,4,156
dbpedia-entity,rr,20,0.01,uniform_nz,163,1681,1071,0,0,0.014593031333858919,0.11751307985142519,0.07446540939518595,0.028836283186326,-0.004593031333858919,399,4,156
dbpedia-entity,rr,20,0.01,weighted,163,1731,1071,0,0,0.014593031333858919,0.07446540939518595,0.07446540939518595,0.028836283186326,-0.004593031333858919,399,4,156
dbpedia-entity,rr,20,0.01,active_judge,163,1684,1071,0,0,0.014593031333858919,0.21392342842473414,0.07446540939518595,0.028836283186326,-0.004593031333858919,399,4,156
dbpedia-entity,rr,20,0.01,strat_pilot,163,1686,1071,0,0,0.014593031333858919,0.07446679190931062,0.07446540939518595,0.028836283186326,-0.004593031333858919,399,4,156
dbpedia-entity,rr,20,0.01,weighted_cv,163,1687,1071,0,0,0.014593031333858919,0.08309490325414999,0.07446540939518595,0.028836283186326,-0.004593031333858919,399,4,156
dbpedia-entity,rr,20,0.01,active_cv,163,1708,1071,0,0,0.014593031333858919,0.13007771622543973,0.07446540939518595,0.028836283186326,-0.004593031333858919,399,4,156
dbpedia-entity,rr,20,0.01,weighted_cvl,163,1750,1071,0,0,0.014593031333858919,0.06186457952987769,0.07446540939518595,0.028836283186326,-0.004593031333858919,399,4,156
dbpedia-entity,rr,20,0.01,uniform,164,1666,1052,0,0,0.0044219581797178,0.3140917925120296,0.08863527347790687,0.007919593211839483,0.0055780418202822,399,4,156
dbpedia-entity,rr,20,0.01,uniform_nz,164,1672,1052,0,0,0.0044219581797178,0.174664852326949,0.08863527347790687,0.007919593211839483,0.0055780418202822,399,4,156
dbpedia-entity,rr,20,0.01,weighted,164,1691,1052,0,0,0.0044219581797178,0.08863527347790687,0.08863527347790687,0.007919593211839483,0.0055780418202822,399,4,156
dbpedia-entity,rr,20,0.01,active_judge,164,1659,1052,1,0,0.0044219581797178,0.20678471867701614,0.08863527347790687,0.007919593211839483,0.0055780418202822,399,4,156
dbpedia-entity,rr,20,0.01,strat_pilot,164,1688,1052,0,0,0.0044219581797178,0.08862111407320572,0.08863527347790687,0.007919593211839483,0.0055780418202822,399,4,156
dbpedia-entity,rr,20,0.01,weighted_cv,164,1675,1052,0,0,0.0044219581797178,0.09118043572856974,0.08863527347790687,0.007919593211839483,0.0055780418202822,399,4,156
dbpedia-entity,rr,20,0.01,active_cv,164,1657,1052,0,0,0.0044219581797178,0.1154287812017439,0.08863527347790687,0.007919593211839483,0.0055780418202822,399,4,156
dbpedia-entity,rr,20,0.01,weighted_cvl,164,1688,1052,0,0,0.0044219581797178,0.05528017669283998,0.08863527347790687,0.007919593211839483,0.0055780418202822,399,4,156
dbpedia-entity,rr,20,0.01,uniform,165,1719,1052,0,0,0.00886574898321052,0.4213303781900657,0.08105553409210953,0.024413449824574076,0.0011342510167894806,399,4,156
dbpedia-entity,rr,20,0.01,uniform_nz,165,1685,1052,0,0,0.00886574898321052,0.24668675024551717,0.08105553409210953,0.024413449824574076,0.0011342510167894806,399,4,156
dbpedia-entity,rr,20,0.01,weighted,165,1660,1052,1,0,0.00886574898321052,0.08105553409210953,0.08105553409210953,0.024413449824574076,0.0011342510167894806,399,4,156
dbpedia-entity,rr,20,0.01,active_judge,165,1651,1052,0,0,0.00886574898321052,0.20783058023371498,0.08105553409210953,0.024413449824574076,0.0011342510167894806,399,4,156
dbpedia-entity,rr,20,0.01,strat_pilot,165,1702,1052,0,0,0.00886574898321052,0.08115590892271195,0.08105553409210953,0.024413449824574076,0.0011342510167894806,399,4,156
dbpedia-entity,rr,20,0.01,weighted_cv,165,1649,1052,0,0,0.00886574898321052,0.07931767371828242,0.08105553409210953,0.024413449824574076,0.0011342510167894806,399,4,156
dbpedia-entity,rr,20,0.01,active_cv,165,1680,1052,0,0,0.00886574898321052,0.08381234023101697,0.08105553409210953,0.024413449824574076,0.0011342510167894806,399,4,156
dbpedia-entity,rr,20,0.01,weighted_cvl,165,1641,1052,0,0,0.00886574898321052,0.047194145348821284,0.08105553409210953,0.024413449824574076,0.0011342510167894806,399,4,156
dbpedia-entity,rr,20,0.01,uniform,166,1612,1012,0,0,0.011426474067520731,0.21383729368038748,0.07232831077225158,0.01504684604448359,-0.0014264740675207308,399,4,156
dbpedia-entity,rr,20,0.01,uniform_nz,166,1640,1012,0,0,0.011426474067520731,0.11121235103192632,0.07232831077225158,0.01504684604448359,-0.0014264740675207308,399,4,156
dbpedia-entity,rr,20,0.01,weighted,166,1629,1012,0,0,0.011426474067520731,0.07232831077225158,0.07232831077225158,0.01504684604448359,-0.0014264740675207308,399,4,156
dbpedia-entity,rr,20,0.01,active_judge,166,1659,1012,0,0,0.011426474067520731,0.22716904627031367,0.07232831077225158,0.01504684604448359,-0.0014264740675207308,399,4,156
dbpedia-entity,rr,20,0.01,strat_pilot,166,1623,1012,0,0,0.011426474067520731,0.07185508246453154,0.07232831077225158,0.01504684604448359,-0.0014264740675207308,399,4,156
dbpedia-entity,rr,20,0.01,weighted_cv,166,1657,1012,0,0,0.011426474067520731,0.08502442195302161,0.07232831077225158,0.01504684604448359,-0.0014264740675207308,399,4,156
dbpedia-entity,rr,20,0.01,active_cv,166,1630,1012,0,0,0.011426474067520731,0.15458928740324918,0.07232831077225158,0.01504684604448359,-0.0014264740675207308,399,4,156
dbpedia-entity,rr,20,0.01,weighted_cvl,166,1641,1012,0,0,0.011426474067520731,0.051066548320420936,0.07232831077225158,0.01504684604448359,-0.0014264740675207308,399,4,156
dbpedia-entity,rr,20,0.01,uniform,167,1709,1063,0,0,0.006676562623225524,0.2381622920117395,0.10360771691226153,0.006581827132298154,0.0033234373767744765,399,4,156
dbpedia-entity,rr,20,0.01,uniform_nz,167,1726,1063,0,0,0.006676562623225524,0.14969233589656672,0.10360771691226153,0.006581827132298154,0.0033234373767744765,399,4,156
dbpedia-entity,rr,20,0.01,weighted,167,1673,1063,1,0,0.006676562623225524,0.10360771691226153,0.10360771691226153,0.006581827132298154,0.0033234373767744765,399,4,156
dbpedia-entity,rr,20,0.01,active_judge,167,1664,1063,0,0,0.006676562623225524,0.21777743593372367,0.10360771691226153,0.006581827132298154,0.0033234373767744765,399,4,156
dbpedia-entity,rr,20,0.01,strat_pilot,167,1685,1063,0,0,0.006676562623225524,0.1035290595292269,0.10360771691226153,0.006581827132298154,0.0033234373767744765,399,4,156
dbpedia-entity,rr,20,0.01,weighted_cv,167,1699,1063,0,0,0.006676562623225524,0.08593591335367698,0.10360771691226153,0.006581827132298154,0.0033234373767744765,399,4,156
dbpedia-entity,rr,20,0.01,active_cv,167,1694,1063,0,0,0.006676562623225524,0.13315515868040964,0.10360771691226153,0.006581827132298154,0.0033234373767744765,399,4,156
dbpedia-entity,rr,20,0.01,weighted_cvl,167,1684,1063,0,0,0.006676562623225524,0.0773715705635436,0.10360771691226153,0.006581827132298154,0.0033234373767744765,399,4,156
dbpedia-entity,rr,20,0.01,uniform,168,1671,1044,0,0,0.0,0.1669719619474026,0.08552343329598475,0.03390406315083504,0.01,399,4,156
dbpedia-entity,rr,20,0.01,uniform_nz,168,1631,1044,1,0,0.0,0.09975046993675392,0.08552343329598475,0.03390406315083504,0.01,399,4,156
dbpedia-entity,rr,20,0.01,weighted,168,1661,1044,0,0,0.0,0.08552343329598475,0.08552343329598475,0.03390406315083504,0.01,399,4,156
dbpedia-entity,rr,20,0.01,active_judge,168,1663,1044,0,0,0.0,0.20739718164362744,0.08552343329598475,0.03390406315083504,0.01,399,4,156
dbpedia-entity,rr,20,0.01,strat_pilot,168,1657,1044,1,0,0.0,0.0857222840973775,0.08552343329598475,0.03390406315083504,0.01,399,4,156
dbpedia-entity,rr,20,0.01,weighted_cv,168,1674,1044,1,0,0.0,0.06641266242560095,0.08552343329598475,0.03390406315083504,0.01,399,4,156
dbpedia-entity,rr,20,0.01,active_cv,168,1665,1044,0,0,0.0,0.09028701602781027,0.08552343329598475,0.03390406315083504,0.01,399,4,156
dbpedia-entity,rr,20,0.01,weighted_cvl,168,1675,1044,1,0,0.0,0.05092144878441105,0.08552343329598475,0.03390406315083504,0.01,399,4,156
dbpedia-entity,rr,20,0.01,uniform,169,1690,1068,0,0,0.0,0.2177567024305537,0.07452653125306705,0.048409771595023,0.01,399,4,156
dbpedia-entity,rr,20,0.01,uniform_nz,169,1697,1068,0,0,0.0,0.11442933113408948,0.07452653125306705,0.048409771595023,0.01,399,4,156
dbpedia-entity,rr,20,0.01,weighted,169,1706,1068,0,0,0.0,0.07452653125306705,0.07452653125306705,0.048409771595023,0.01,399,4,156
dbpedia-entity,rr,20,0.01,active_judge,169,1704,1068,0,0,0.0,0.17151887817007294,0.07452653125306705,0.048409771595023,0.01,399,4,156
dbpedia-entity,rr,20,0.01,strat_pilot,169,1694,1068,0,0,0.0,0.07465897833669999,0.07452653125306705,0.048409771595023,0.01,399,4,156
dbpedia-entity,rr,20,0.01,weighted_cv,169,1706,1068,0,0,0.0,0.06079531009799657,0.07452653125306705,0.048409771595023,0.01,399,4,156
dbpedia-entity,rr,20,0.01,active_cv,169,1702,1068,0,0,0.0,0.07265377355998795,0.07452653125306705,0.048409771595023,0.01,399,4,156
dbpedia-entity,rr,20,0.01,weighted_cvl,169,1686,1068,0,0,0.0,0.041258759973123955,0.07452653125306705,0.048409771595023,0.01,399,4,156
dbpedia-entity,rr,20,0.01,uniform,170,1487,1017,0,0,0.0,0.09943338760671373,0.040635271891558224,0.042529571939868734,0.01,399,4,112
dbpedia-entity,rr,20,0.01,uniform_nz,170,1430,1017,0,0,0.0,0.04353275103970236,0.040635271891558224,0.042529571939868734,0.01,399,4,112
dbpedia-entity,rr,20,0.01,weighted,170,1447,1017,0,0,0.0,0.040635271891558224,0.040635271891558224,0.042529571939868734,0.01,399,4,112
dbpedia-entity,rr,20,0.01,active_judge,170,1443,1017,0,0,0.0,0.10892179168715437,0.040635271891558224,0.042529571939868734,0.01,399,4,112
dbpedia-entity,rr,20,0.01,strat_pilot,170,1447,1017,0,0,0.0,0.040492720235478626,0.040635271891558224,0.042529571939868734,0.01,399,4,112
dbpedia-entity,rr,20,0.01,weighted_cv,170,1455,1017,1,0,0.0,0.04258606427775609,0.040635271891558224,0.042529571939868734,0.01,399,4,112
dbpedia-entity,rr,20,0.01,active_cv,170,1449,1017,0,0,0.0,0.056098735659079656,0.040635271891558224,0.042529571939868734,0.01,399,4,112
dbpedia-entity,rr,20,0.01,weighted_cvl,170,1444,1017,1,0,0.0,0.02640068718788451,0.040635271891558224,0.042529571939868734,0.01,399,4,112
dbpedia-entity,rr,20,0.01,uniform,171,1643,1018,0,0,0.0,0.16977891401533177,0.08543661537309469,0.004416138055843933,0.01,399,4,156
dbpedia-entity,rr,20,0.01,uniform_nz,171,1671,1018,0,0,0.0,0.09992718250628531,0.08543661537309469,0.004416138055843933,0.01,399,4,156
dbpedia-entity,rr,20,0.01,weighted,171,1602,1018,0,0,0.0,0.08543661537309469,0.08543661537309469,0.004416138055843933,0.01,399,4,156
dbpedia-entity,rr,20,0.01,active_judge,171,1615,1018,0,0,0.0,0.16098076054254676,0.08543661537309469,0.004416138055843933,0.01,399,4,156
dbpedia-entity,rr,20,0.01,strat_pilot,171,1637,1018,0,0,0.0,0.08558704680936655,0.08543661537309469,0.004416138055843933,0.01,399,4,156
dbpedia-entity,rr,20,0.01,weighted_cv,171,1633,1018,0,0,0.0,0.06964779123482041,0.08543661537309469,0.004416138055843933,0.01,399,4,156
dbpedia-entity,rr,20,0.01,active_cv,171,1587,1018,0,0,0.0,0.08609666846530022,0.08543661537309469,0.004416138055843933,0.01,399,4,156
dbpedia-entity,rr,20,0.01,weighted_cvl,171,1661,1018,1,0,0.0,0.07734773047635708,0.08543661537309469,0.004416138055843933,0.01,399,4,156
dbpedia-entity,rr,20,0.01,uniform,172,1469,1051,0,0,0.0,0.6125692157808718,0.0219269889595053,0.0650213870666657,0.01,399,4,98
dbpedia-entity,rr,20,0.01,uniform_nz,172,1434,1051,0,0,0.0,0.14965663797564815,0.0219269889595053,0.0650213870666657,0.01,399,4,98
dbpedia-entity,rr,20,0.01,weighted,172,1491,1051,1,0,0.0,0.0219269889595053,0.0219269889595053,0.0650213870666657,0.01,399,4,98
dbpedia-entity,rr,20,0.01,active_judge,172,1416,1051,0,0,0.0,0.30728041905907466,0.0219269889595053,0.0650213870666657,0.01,399,4,98
dbpedia-entity,rr,20,0.01,strat_pilot,172,1452,1051,1,0,0.0,0.021992159354286726,0.0219269889595053,0.0650213870666657,0.01,399,4,98
dbpedia-entity,rr,20,0.01,weighted_cv,172,1465,1051,0,0,0.0,0.03210406674257574,0.0219269889595053,0.0650213870666657,0.01,399,4,98
dbpedia-entity,rr,20,0.01,active_cv,172,1427,1051,1,0,0.0,0.039920493401336646,0.0219269889595053,0.0650213870666657,0.01,399,4,98
dbpedia-entity,rr,20,0.01,weighted_cvl,172,1441,1051,0,0,0.0,0.03210406674257574,0.0219269889595053,0.0650213870666657,0.01,399,4,98
dbpedia-entity,rr,20,0.01,uniform,173,1689,1078,0,0,0.0,0.18277814313155746,0.09041106649400577,0.07823100881319624,0.01,399,4,156
dbpedia-entity,rr,20,0.01,uniform_nz,173,1745,1078,0,0,0.0,0.10292789492455516,0.09041106649400577,0.07823100881319624,0.01,399,4,156
dbpedia-entity,rr,20,0.01,weighted,173,1707,1078,0,0,0.0,0.09041106649400577,0.09041106649400577,0.07823100881319624,0.01,399,4,156
dbpedia-entity,rr,20,0.01,active_judge,173,1746,1078,0,0,0.0,0.16904346152581834,0.09041106649400577,0.07823100881319624,0.01,399,4,156
dbpedia-entity,rr,20,0.01,strat_pilot,173,1723,1078,0,0,0.0,0.09054167671869809,0.09041106649400577,0.07823100881319624,0.01,399,4,156
dbpedia-entity,rr,20,0.01,weighted_cv,173,1710,1078,1,0,0.0,0.07973632771616022,0.09041106649400577,0.07823100881319624,0.01,399,4,156
dbpedia-entity,rr,20,0.01,active_cv,173,1699,1078,0,0,0.0,0.09692241059376135,0.09041106649400577,0.07823100881319624,0.01,399,4,156
dbpedia-entity,rr,20,0.01,weighted_cvl,173,1725,1078,1,0,0.0,0.06719801416685386,0.09041106649400577,0.07823100881319624,0.01,399,4,156
dbpedia-entity,rr,20,0.01,uniform,174,1660,1013,0,0,0.0,0.11506903638927599,0.05514899662944715,0.0381566938262826,0.01,399,4,156
dbpedia-entity,rr,20,0.01,uniform_nz,174,1627,1013,0,0,0.0,0.061632480114894875,0.05514899662944715,0.0381566938262826,0.01,399,4,156
dbpedia-entity,rr,20,0.01,weighted,174,1655,1013,0,0,0.0,0.05514899662944715,0.05514899662944715,0.0381566938262826,0.01,399,4,156
dbpedia-entity,rr,20,0.01,active_judge,174,1689,1013,0,0,0.0,0.14616278557818843,0.05514899662944715,0.0381566938262826,0.01,399,4,156
dbpedia-entity,rr,20,0.01,strat_pilot,174,1613,1013,0,0,0.0,0.05462867020452824,0.05514899662944715,0.0381566938262826,0.01,399,4,156
dbpedia-entity,rr,20,0.01,weighted_cv,174,1612,1013,0,0,0.0,0.05922110905826601,0.05514899662944715,0.0381566938262826,0.01,399,4,156
dbpedia-entity,rr,20,0.01,active_cv,174,1649,1013,0,0,0.0,0.07174150220870076,0.05514899662944715,0.0381566938262826,0.01,399,4,156
dbpedia-entity,rr,20,0.01,weighted_cvl,174,1630,1013,0,0,0.0,0.035490916866470705,0.05514899662944715,0.0381566938262826,0.01,399,4,156
dbpedia-entity,rr,20,0.01,uniform,175,1409,1025,0,0,0.0,2.352185094537906,0.08500230829061747,0.18791232918554898,0.01,399,4,97
dbpedia-entity,rr,20,0.01,uniform_nz,175,1389,1025,0,0,0.0,0.39198183666989267,0.08500230829061747,0.18791232918554898,0.01,399,4,97
dbpedia-entity,rr,20,0.01,weighted,175,1394,1025,0,0,0.0,0.08500230829061747,0.08500230829061747,0.18791232918554898,0.01,399,4,97
dbpedia-entity,rr,20,0.01,active_judge,175,1436,1025,0,0,0.0,0.5451851665164102,0.08500230829061747,0.18791232918554898,0.01,399,4,97
dbpedia-entity,rr,20,0.01,strat_pilot,175,1449,1025,0,0,0.0,0.08493894347456268,0.08500230829061747,0.18791232918554898,0.01,399,4,97
dbpedia-entity,rr,20,0.01,weighted_cv,175,1409,1025,1,0,0.0,0.09180088507484942,0.08500230829061747,0.18791232918554898,0.01,399,4,97
dbpedia-entity,rr,20,0.01,active_cv,175,1440,1025,0,0,0.0,0.11895918505933367,0.08500230829061747,0.18791232918554898,0.01,399,4,97
dbpedia-entity,rr,20,0.01,weighted_cvl,175,1400,1025,0,0,0.0,0.09180088507484942,0.08500230829061747,0.18791232918554898,0.01,399,4,97
dbpedia-entity,rr,20,0.01,uniform,176,1523,1071,0,0,0.0,0.13530583167883842,0.047638936466750284,0.040364099810520186,0.01,399,4,112
dbpedia-entity,rr,20,0.01,uniform_nz,176,1531,1071,0,0,0.0,0.05086058524627204,0.047638936466750284,0.040364099810520186,0.01,399,4,112
dbpedia-entity,rr,20,0.01,weighted,176,1512,1071,0,0,0.0,0.047638936466750284,0.047638936466750284,0.040364099810520186,0.01,399,4,112
dbpedia-entity,rr,20,0.01,active_judge,176,1530,1071,0,0,0.0,0.14517980010364134,0.047638936466750284,0.040364099810520186,0.01,399,4,112
dbpedia-entity,rr,20,0.01,strat_pilot,176,1511,1071,0,0,0.0,0.04737051605521786,0.047638936466750284,0.040364099810520186,0.01,399,4,112
dbpedia-entity,rr,20,0.01,weighted_cv,176,1495,1071,0,0,0.0,0.04157833707173854,0.047638936466750284,0.040364099810520186,0.01,399,4,112
dbpedia-entity,rr,20,0.01,active_cv,176,1509,1071,0,0,0.0,0.06676750928671289,0.047638936466750284,0.040364099810520186,0.01,399,4,112
dbpedia-entity,rr,20,0.01,weighted_cvl,176,1506,1071,0,0,0.0,0.02518884696662197,0.047638936466750284,0.040364099810520186,0.01,399,4,112
dbpedia-entity,rr,20,0.01,uniform,177,1377,1011,0,0,0.0,2.6481902930126098,0.05335889088969881,0.15338129191070368,0.01,399,4,89
dbpedia-entity,rr,20,0.01,uniform_nz,177,1351,1011,0,0,0.0,0.3208004627733613,0.05335889088969881,0.15338129191070368,0.01,399,4,89
dbpedia-entity,rr,20,0.01,weighted,177,1370,1011,1,0,0.0,0.05335889088969881,0.05335889088969881,0.15338129191070368,0.01,399,4,89
dbpedia-entity,rr,20,0.01,active_judge,177,1350,1011,0,0,0.0,0.2630314870890279,0.05335889088969881,0.15338129191070368,0.01,399,4,89
dbpedia-entity,rr,20,0.01,strat_pilot,177,1361,1011,1,0,0.0,0.05323961610471759,0.05335889088969881,0.15338129191070368,0.01,399,4,89
dbpedia-entity,rr,20,0.01,weighted_cv,177,1323,1011,0,0,0.0,0.07857895068079672,0.05335889088969881,0.15338129191070368,0.01,399,4,89
dbpedia-entity,rr,20,0.01,active_cv,177,1388,1011,0,0,0.0,0.08952756816509962,0.05335889088969881,0.15338129191070368,0.01,399,4,89
dbpedia-entity,rr,20,0.01,weighted_cvl,177,1360,1011,1,0,0.0,0.049179577514974995,0.05335889088969881,0.15338129191070368,0.01,399,4,89
dbpedia-entity,rr,20,0.01,uniform,178,1655,1042,0,0,0.0,0.20807609714823103,0.09030886045102929,0.0388976410402302,0.01,399,4,156
dbpedia-entity,rr,20,0.01,uniform_nz,178,1675,1042,0,0,0.0,0.1125607874995915,0.09030886045102929,0.0388976410402302,0.01,399,4,156
dbpedia-entity,rr,20,0.01,weighted,178,1639,1042,0,0,0.0,0.09030886045102929,0.09030886045102929,0.0388976410402302,0.01,399,4,156
dbpedia-entity,rr,20,0.01,active_judge,178,1708,1042,0,0,0.0,0.19408968160484105,0.09030886045102929,0.0388976410402302,0.01,399,4,156
dbpedia-entity,rr,20,0.01,strat_pilot,178,1705,1042,0,0,0.0,0.09045041045215205,0.09030886045102929,0.0388976410402302,0.01,399,4,156
dbpedia-entity,rr,20,0.01,weighted_cv,178,1689,1042,0,0,0.0,0.06721451020947762,0.09030886045102929,0.0388976410402302,0.01,399,4,156
dbpedia-entity,rr,20,0.01,active_cv,178,1687,1042,0,0,0.0,0.08640612312937053,0.09030886045102929,0.0388976410402302,0.01,399,4,156
dbpedia-entity,rr,20,0.01,weighted_cvl,178,1682,1042,0,0,0.0,0.08219346294101193,0.09030886045102929,0.0388976410402302,0.01,399,4,156
dbpedia-entity,rr,20,0.01,uniform,179,1661,1037,0,0,0.0,0.13558825124578835,0.06247015362790907,0.009360872142706858,0.01,399,4,156
dbpedia-entity,rr,20,0.01,uniform_nz,179,1656,1037,0,0,0.0,0.07652062455206152,0.06247015362790907,0.009360872142706858,0.01,399,4,156
dbpedia-entity,rr,20,0.01,weighted,179,1671,1037,0,0,0.0,0.06247015362790907,0.06247015362790907,0.009360872142706858,0.01,399,4,156
dbpedia-entity,rr,20,0.01,active_judge,179,1695,1037,0,0,0.0,0.14258323586075727,0.06247015362790907,0.009360872142706858,0.01,399,4,156
dbpedia-entity,rr,20,0.01,strat_pilot,179,1666,1037,0,0,0.0,0.06249030908204291,0.06247015362790907,0.009360872142706858,0.01,399,4,156
dbpedia-entity,rr,20,0.01,weighted_cv,179,1662,1037,0,0,0.0,0.04131453927048394,0.06247015362790907,0.009360872142706858,0.01,399,4,156
dbpedia-entity,rr,20,0.01,active_cv,179,1656,1037,0,0,0.0,0.04887534600366079,0.06247015362790907,0.009360872142706858,0.01,399,4,156
dbpedia-entity,rr,20,0.01,weighted_cvl,179,1693,1037,0,0,0.0,0.0360420644366288,0.06247015362790907,0.009360872142706858,0.01,399,4,156
dbpedia-entity,rr,20,0.01,uniform,180,1627,992,0,0,0.01932259867071795,0.324612549530504,0.061978835192344504,0.018525885279502857,-0.00932259867071795,399,4,156
dbpedia-entity,rr,20,0.01,uniform_nz,180,1626,992,0,0,0.01932259867071795,0.1861602132502775,0.061978835192344504,0.018525885279502857,-0.00932259867071795,399,4,156
dbpedia-entity,rr,20,0.01,weighted,180,1587,992,0,0,0.01932259867071795,0.061978835192344504,0.061978835192344504,0.018525885279502857,-0.00932259867071795,399,4,156
dbpedia-entity,rr,20,0.01,active_judge,180,1620,992,0,0,0.01932259867071795,0.16807767911533572,0.061978835192344504,0.018525885279502857,-0.00932259867071795,399,4,156
dbpedia-entity,rr,20,0.01,strat_pilot,180,1630,992,0,0,0.01932259867071795,0.061718251413990385,0.061978835192344504,0.018525885279502857,-0.00932259867071795,399,4,156
dbpedia-entity,rr,20,0.01,weighted_cv,180,1620,992,0,0,0.01932259867071795,0.09042078771624935,0.061978835192344504,0.018525885279502857,-0.00932259867071795,399,4,156
dbpedia-entity,rr,20,0.01,active_cv,180,1595,992,0,0,0.01932259867071795,0.11651593959759024,0.061978835192344504,0.018525885279502857,-0.00932259867071795,399,4,156
dbpedia-entity,rr,20,0.01,weighted_cvl,180,1616,992,0,0,0.01932259867071795,0.05172059958029185,0.061978835192344504,0.018525885279502857,-0.00932259867071795,399,4,156
dbpedia-entity,rr,20,0.01,uniform,181,1673,1034,0,0,0.014896480465846629,0.23459013268904177,0.09511356777584565,0.010669710060127513,-0.0048964804658466286,399,4,156
dbpedia-entity,rr,20,0.01,uniform_nz,181,1682,1034,0,0,0.014896480465846629,0.1315660183747053,0.09511356777584565,0.010669710060127513,-0.0048964804658466286,399,4,156
dbpedia-entity,rr,20,0.01,weighted,181,1656,1034,0,0,0.014896480465846629,0.09511356777584565,0.09511356777584565,0.010669710060127513,-0.0048964804658466286,399,4,156
dbpedia-entity,rr,20,0.01,active_judge,181,1665,1034,0,0,0.014896480465846629,0.2036068011611642,0.09511356777584565,0.010669710060127513,-0.0048964804658466286,399,4,156
dbpedia-entity,rr,20,0.01,strat_pilot,181,1633,1034,0,0,0.014896480465846629,0.09499633387269073,0.09511356777584565,0.010669710060127513,-0.0048964804658466286,399,4,156
dbpedia-entity,rr,20,0.01,weighted_cv,181,1685,1034,0,0,0.014896480465846629,0.0879577006224073,0.09511356777584565,0.010669710060127513,-0.0048964804658466286,399,4,156
dbpedia-entity,rr,20,0.01,active_cv,181,1677,1034,0,0,0.014896480465846629,0.13369065650038248,0.09511356777584565,0.010669710060127513,-0.0048964804658466286,399,4,156
dbpedia-entity,rr,20,0.01,weighted_cvl,181,1654,1034,0,0,0.014896480465846629,0.06932473757909612,0.09511356777584565,0.010669710060127513,-0.0048964804658466286,399,4,156
dbpedia-entity,rr,20,0.01,uniform,182,1668,1089,0,0,0.0033111760170672633,0.20433102130276487,0.08309659170396125,0.031866271520711226,0.006688823982932737,399,4,156
dbpedia-entity,rr,20,0.01,uniform_nz,182,1711,1089,0,0,0.0033111760170672633,0.10990789768779874,0.08309659170396125,0.031866271520711226,0.006688823982932737,399,4,156
dbpedia-entity,rr,20,0.01,weighted,182,1721,1089,0,0,0.0033111760170672633,0.08309659170396125,0.08309659170396125,0.031866271520711226,0.006688823982932737,399,4,156
dbpedia-entity,rr,20,0.01,active_judge,182,1715,1089,0,0,0.0033111760170672633,0.17738454498766884,0.08309659170396125,0.031866271520711226,0.006688823982932737,399,4,156
dbpedia-entity,rr,20,0.01,strat_pilot,182,1718,1089,0,0,0.0033111760170672633,0.08313928810968985,0.08309659170396125,0.031866271520711226,0.006688823982932737,399,4,156
dbpedia-entity,rr,20,0.01,weighted_cv,182,1705,1089,0,0,0.0033111760170672633,0.06116054094279401,0.08309659170396125,0.031866271520711226,0.006688823982932737,399,4,156
dbpedia-entity,rr,20,0.01,active_cv,182,1700,1089,0,0,0.0033111760170672633,0.08165533803042895,0.08309659170396125,0.031866271520711226,0.006688823982932737,399,4,156
dbpedia-entity,rr,20,0.01,weighted_cvl,182,1695,1089,0,0,0.0033111760170672633,0.05736236469777223,0.08309659170396125,0.031866271520711226,0.006688823982932737,399,4,156
dbpedia-entity,rr,20,0.01,uniform,183,1571,943,0,0,0.0,0.172479033994367,0.07992082182513621,0.0615574881310657,0.01,399,4,156
dbpedia-entity,rr,20,0.01,uniform_nz,183,1543,943,1,0,0.0,0.09896369384760592,0.07992082182513621,0.0615574881310657,0.01,399,4,156
dbpedia-entity,rr,20,0.01,weighted,183,1552,943,0,0,0.0,0.07992082182513621,0.07992082182513621,0.0615574881310657,0.01,399,4,156
dbpedia-entity,rr,20,0.01,active_judge,183,1567,943,0,0,0.0,0.24377132813543062,0.07992082182513621,0.0615574881310657,0.01,399,4,156
dbpedia-entity,rr,20,0.01,strat_pilot,183,1601,943,0,0,0.0,0.07995532976913014,0.07992082182513621,0.0615574881310657,0.01,399,4,156
dbpedia-entity,rr,20,0.01,weighted_cv,183,1589,943,0,0,0.0,0.06798604183604968,0.07992082182513621,0.0615574881310657,0.01,399,4,156
dbpedia-entity,rr,20,0.01,active_cv,183,1532,943,1,0,0.0,0.10094311784315273,0.07992082182513621,0.0615574881310657,0.01,399,4,156
dbpedia-entity,rr,20,0.01,weighted_cvl,183,1550,943,0,0,0.0,0.06208762629205221,0.07992082182513621,0.0615574881310657,0.01,399,4,156
dbpedia-entity,rr,20,0.01,uniform,184,1715,1071,0,0,0.01690746192034065,0.465812685100666,0.11866787463265638,0.026887887134017165,-0.006907461920340649,399,4,156
dbpedia-entity,rr,20,0.01,uniform_nz,184,1682,1071,0,0,0.01690746192034065,0.2399111719109574,0.11866787463265638,0.026887887134017165,-0.006907461920340649,399,4,156
dbpedia-entity,rr,20,0.01,weighted,184,1690,1071,0,0,0.01690746192034065,0.11866787463265638,0.11866787463265638,0.026887887134017165,-0.006907461920340649,399,4,156
dbpedia-entity,rr,20,0.01,active_judge,184,1705,1071,0,0,0.01690746192034065,0.28402044959377515,0.11866787463265638,0.026887887134017165,-0.006907461920340649,399,4,156
dbpedia-entity,rr,20,0.01,strat_pilot,184,1676,1071,0,0,0.01690746192034065,0.11864223199713715,0.11866787463265638,0.026887887134017165,-0.006907461920340649,399,4,156
dbpedia-entity,rr,20,0.01,weighted_cv,184,1704,1071,0,0,0.01690746192034065,0.06928190790858965,0.11866787463265638,0.026887887134017165,-0.006907461920340649,399,4,156
dbpedia-entity,rr,20,0.01,active_cv,184,1702,1071,0,0,0.01690746192034065,0.07406774613290434,0.11866787463265638,0.026887887134017165,-0.006907461920340649,399,4,156
dbpedia-entity,rr,20,0.01,weighted_cvl,184,1659,1071,0,0,0.01690746192034065,0.05741193981957839,0.11866787463265638,0.026887887134017165,-0.006907461920340649,399,4,156
dbpedia-entity,rr,20,0.01,uniform,185,1664,1023,0,0,0.0,0.36258312958193023,0.11701938900783966,0.030777920505275183,0.01,399,4,156
dbpedia-entity,rr,20,0.01,uniform_nz,185,1653,1023,0,0,0.0,0.190166876645755,0.11701938900783966,0.030777920505275183,0.01,399,4,156
dbpedia-entity,rr,20,0.01,weighted,185,1626,1023,0,0,0.0,0.11701938900783966,0.11701938900783966,0.030777920505275183,0.01,399,4,156
dbpedia-entity,rr,20,0.01,active_judge,185,1652,1023,0,0,0.0,0.2194643907912781,0.11701938900783966,0.030777920505275183,0.01,399,4,156
dbpedia-entity,rr,20,0.01,strat_pilot,185,1662,1023,0,0,0.0,0.11708860004063344,0.11701938900783966,0.030777920505275183,0.01,399,4,156
dbpedia-entity,rr,20,0.01,weighted_cv,185,1627,1023,0,0,0.0,0.08954436045567316,0.11701938900783966,0.030777920505275183,0.01,399,4,156
dbpedia-entity,rr,20,0.01,active_cv,185,1647,1023,0,0,0.0,0.1212384314639934,0.11701938900783966,0.030777920505275183,0.01,399,4,156
dbpedia-entity,rr,20,0.01,weighted_cvl,185,1619,1023,0,0,0.0,0.07908747923467732,0.11701938900783966,0.030777920505275183,0.01,399,4,156
dbpedia-entity,rr,20,0.01,uniform,186,1652,1049,0,0,0.0,0.14651760887330684,0.07852510768697414,0.02502548349704095,0.01,399,4,156
dbpedia-entity,rr,20,0.01,uniform_nz,186,1655,1049,1,0,0.0,0.08839372302219808,0.07852510768697414,0.02502548349704095,0.01,399,4,156
dbpedia-entity,rr,20,0.01,weighted,186,1669,1049,0,0,0.0,0.07852510768697414,0.07852510768697414,0.02502548349704095,0.01,399,4,156
dbpedia-entity,rr,20,0.01,active_judge,186,1640,1049,0,0,0.0,0.16301204787632093,0.07852510768697414,0.02502548349704095,0.01,399,4,156
dbpedia-entity,rr,20,0.01,strat_pilot,186,1746,1049,0,0,0.0,0.07854826146063824,0.07852510768697414,0.02502548349704095,0.01,399,4,156
dbpedia-entity,rr,20,0.01,weighted_cv,186,1686,1049,0,0,0.0,0.054929801494685536,0.07852510768697414,0.02502548349704095,0.01,399,4,156
dbpedia-entity,rr,20,0.01,active_cv,186,1711,1049,0,0,0.0,0.07393016756570546,0.07852510768697414,0.02502548349704095,0.01,399,4,156
dbpedia-entity,rr,20,0.01,weighted_cvl,186,1674,1049,0,0,0.0,0.04322346645083086,0.07852510768697414,0.02502548349704095,0.01,399,4,156
dbpedia-entity,rr,20,0.01,uniform,187,1647,1012,0,0,0.004314930468850786,0.3778050355181016,0.10774435663333673,0.029738623029291346,0.005685069531149214,399,4,156
dbpedia-entity,rr,20,0.01,uniform_nz,187,1614,1012,0,0,0.004314930468850786,0.23192870025104986,0.10774435663333673,0.029738623029291346,0.005685069531149214,399,4,156
dbpedia-entity,rr,20,0.01,weighted,187,1653,1012,0,0,0.004314930468850786,0.10774435663333673,0.10774435663333673,0.029738623029291346,0.005685069531149214,399,4,156
dbpedia-entity,rr,20,0.01,active_judge,187,1697,1012,1,0,0.004314930468850786,0.26832037060903935,0.10774435663333673,0.029738623029291346,0.005685069531149214,399,4,156
dbpedia-entity,rr,20,0.01,strat_pilot,187,1649,1012,0,0,0.004314930468850786,0.10759215243403641,0.10774435663333673,0.029738623029291346,0.005685069531149214,399,4,156
dbpedia-entity,rr,20,0.01,weighted_cv,187,1650,1012,0,0,0.004314930468850786,0.10353617857783119,0.10774435663333673,0.029738623029291346,0.005685069531149214,399,4,156
dbpedia-entity,rr,20,0.01,active_cv,187,1683,1012,0,0,0.004314930468850786,0.1134655939240945,0.10774435663333673,0.029738623029291346,0.005685069531149214,399,4,156
dbpedia-entity,rr,20,0.01,weighted_cvl,187,1636,1012,0,0,0.004314930468850786,0.06550616993786666,0.10774435663333673,0.029738623029291346,0.005685069531149214,399,4,156
dbpedia-entity,rr,20,0.01,uniform,188,1689,1042,0,0,0.006675613350762111,0.3173128201159334,0.09305625439588552,0.04965281911893164,0.0033243866492378895,399,4,156
dbpedia-entity,rr,20,0.01,uniform_nz,188,1668,1042,0,0,0.006675613350762111,0.17060286489769705,0.09305625439588552,0.04965281911893164,0.0033243866492378895,399,4,156
dbpedia-entity,rr,20,0.01,weighted,188,1682,1042,0,0,0.006675613350762111,0.09305625439588552,0.09305625439588552,0.04965281911893164,0.0033243866492378895,399,4,156
dbpedia-entity,rr,20,0.01,active_judge,188,1672,1042,0,0,0.006675613350762111,0.2668600664816817,0.09305625439588552,0.04965281911893164,0.0033243866492378895,399,4,156
dbpedia-entity,rr,20,0.01,strat_pilot,188,1668,1042,0,0,0.006675613350762111,0.09297201051482544,0.09305625439588552,0.04965281911893164,0.0033243866492378895,399,4,156
dbpedia-entity,rr,20,0.01,weighted_cv,188,1675,1042,0,0,0.006675613350762111,0.08687855190748536,0.09305625439588552,0.04965281911893164,0.0033243866492378895,399,4,156
dbpedia-entity,rr,20,0.01,active_cv,188,1676,1042,0,0,0.006675613350762111,0.12404904809274905,0.09305625439588552,0.04965281911893164,0.0033243866492378895,399,4,156
dbpedia-entity,rr,20,0.01,weighted_cvl,188,1635,1042,0,0,0.006675613350762111,0.06519679574688395,0.09305625439588552,0.04965281911893164,0.0033243866492378895,399,4,156
dbpedia-entity,rr,20,0.01,uniform,189,1715,1061,0,0,0.0,0.17613729874740738,0.06815441172992279,0.023747538770175824,0.01,399,4,156
dbpedia-entity,rr,20,0.01,uniform_nz,189,1698,1061,0,0,0.0,0.08689868613983567,0.06815441172992279,0.023747538770175824,0.01,399,4,156
dbpedia-entity,rr,20,0.01,weighted,189,1700,1061,0,0,0.0,0.06815441172992279,0.06815441172992279,0.023747538770175824,0.01,399,4,156
dbpedia-entity,rr,20,0.01,active_judge,189,1676,1061,0,0,0.0,0.1808012645167359,0.06815441172992279,0.023747538770175824,0.01,399,4,156
dbpedia-entity,rr,20,0.01,strat_pilot,189,1715,1061,0,0,0.0,0.0680059045711174,0.06815441172992279,0.023747538770175824,0.01,399,4,156
dbpedia-entity,rr,20,0.01,weighted_cv,189,1666,1061,1,0,0.0,0.0523482098253439,0.06815441172992279,0.023747538770175824,0.01,399,4,156
dbpedia-entity,rr,20,0.01,active_cv,189,1677,1061,0,0,0.0,0.058894729528844426,0.06815441172992279,0.023747538770175824,0.01,399,4,156
dbpedia-entity,rr,20,0.01,weighted_cvl,189,1696,1061,0,0,0.0,0.03636887389722746,0.06815441172992279,0.023747538770175824,0.01,399,4,156
dbpedia-entity,rr,20,0.01,uniform,190,1524,1058,0,0,0.0,0.08414835276557801,0.03726049554775583,0.033374387995905024,0.01,399,4,112
dbpedia-entity,rr,20,0.01,uniform_nz,190,1469,1058,0,0,0.0,0.044584719592955444,0.03726049554775583,0.033374387995905024,0.01,399,4,112
dbpedia-entity,rr,20,0.01,weighted,190,1520,1058,1,0,0.0,0.03726049554775583,0.03726049554775583,0.033374387995905024,0.01,399,4,112
dbpedia-entity,rr,20,0.01,active_judge,190,1513,1058,0,0,0.0,0.10184457367859816,0.03726049554775583,0.033374387995905024,0.01,399,4,112
dbpedia-entity,rr,20,0.01,strat_pilot,190,1501,1058,0,0,0.0,0.037131563848189386,0.03726049554775583,0.033374387995905024,0.01,399,4,112
dbpedia-entity,rr,20,0.01,weighted_cv,190,1459,1058,0,0,0.0,0.03240440040874552,0.03726049554775583,0.033374387995905024,0.01,399,4,112
dbpedia-entity,rr,20,0.01,active_cv,190,1488,1058,0,0,0.0,0.04251851654160875,0.03726049554775583,0.033374387995905024,0.01,399,4,112
dbpedia-entity,rr,20,0.01,weighted_cvl,190,1478,1058,0,0,0.0,0.02303235878896493,0.03726049554775583,0.033374387995905024,0.01,399,4,112
dbpedia-entity,rr,20,0.01,uniform,191,1674,1110,0,0,0.008044931281167733,0.22677766729726692,0.08107609725657246,0.018308017675442424,0.001955068718832267,399,4,156
dbpedia-entity,rr,20,0.01,uniform_nz,191,1789,1110,0,0,0.008044931281167733,0.11235958682236746,0.08107609725657246,0.018308017675442424,0.001955068718832267,399,4,156
dbpedia-entity,rr,20,0.01,weighted,191,1739,1110,0,0,0.008044931281167733,0.08107609725657246,0.08107609725657246,0.018308017675442424,0.001955068718832267,399,4,156
dbpedia-entity,rr,20,0.01,active_judge,191,1744,1110,0,0,0.008044931281167733,0.17490123036661193,0.08107609725657246,0.018308017675442424,0.001955068718832267,399,4,156
dbpedia-entity,rr,20,0.01,strat_pilot,191,1727,1110,0,0,0.008044931281167733,0.08111061863044303,0.08107609725657246,0.018308017675442424,0.001955068718832267,399,4,156
dbpedia-entity,rr,20,0.01,weighted_cv,191,1740,1110,0,0,0.008044931281167733,0.07211917860459369,0.08107609725657246,0.018308017675442424,0.001955068718832267,399,4,156
dbpedia-entity,rr,20,0.01,active_cv,191,1763,1110,0,0,0.008044931281167733,0.08724989677058467,0.08107609725657246,0.018308017675442424,0.001955068718832267,399,4,156
dbpedia-entity,rr,20,0.01,weighted_cvl,191,1709,1110,0,0,0.008044931281167733,0.057675651723813316,0.08107609725657246,0.018308017675442424,0.001955068718832267,399,4,156
dbpedia-entity,rr,20,0.01,uniform,192,1387,925,0,0,0.0,0.12358928117585961,0.04938806845671171,0.046396153520766516,0.01,399,4,112
dbpedia-entity,rr,20,0.01,uniform_nz,192,1394,925,0,0,0.0,0.05579882087999425,0.04938806845671171,0.046396153520766516,0.01,399,4,112
dbpedia-entity,rr,20,0.01,weighted,192,1391,925,0,0,0.0,0.04938806845671171,0.04938806845671171,0.046396153520766516,0.01,399,4,112
dbpedia-entity,rr,20,0.01,active_judge,192,1366,925,0,0,0.0,0.17293261443754102,0.04938806845671171,0.046396153520766516,0.01,399,4,112
dbpedia-entity,rr,20,0.01,strat_pilot,192,1364,925,0,0,0.0,0.0489984538281682,0.04938806845671171,0.046396153520766516,0.01,399,4,112
dbpedia-entity,rr,20,0.01,weighted_cv,192,1389,925,0,0,0.0,0.0681352165515801,0.04938806845671171,0.046396153520766516,0.01,399,4,112
dbpedia-entity,rr,20,0.01,active_cv,192,1352,925,1,0,0.0,0.09630815039921178,0.04938806845671171,0.046396153520766516,0.01,399,4,112
dbpedia-entity,rr,20,0.01,weighted_cvl,192,1366,925,0,0,0.0,0.038556692255458144,0.04938806845671171,0.046396153520766516,0.01,399,4,112
dbpedia-entity,rr,20,0.01,uniform,193,1610,967,0,0,0.0,0.15517812754430402,0.08008151196883762,0.011421772310894555,0.01,399,4,156
dbpedia-entity,rr,20,0.01,uniform_nz,193,1592,967,0,0,0.0,0.09647501564145518,0.08008151196883762,0.011421772310894555,0.01,399,4,156
dbpedia-entity,rr,20,0.01,weighted,193,1606,967,0,0,0.0,0.08008151196883762,0.08008151196883762,0.011421772310894555,0.01,399,4,156
dbpedia-entity,rr,20,0.01,active_judge,193,1587,967,0,0,0.0,0.20636140653915108,0.08008151196883762,0.011421772310894555,0.01,399,4,156
dbpedia-entity,rr,20,0.01,strat_pilot,193,1615,967,0,0,0.0,0.08003278860071639,0.08008151196883762,0.011421772310894555,0.01,399,4,156
dbpedia-entity,rr,20,0.01,weighted_cv,193,1532,967,1,0,0.0,0.06461768714664957,0.08008151196883762,0.011421772310894555,0.01,399,4,156
dbpedia-entity,rr,20,0.01,active_cv,193,1606,967,0,0,0.0,0.07791878145615438,0.08008151196883762,0.011421772310894555,0.01,399,4,156
dbpedia-entity,rr,20,0.01,weighted_cvl,193,1628,967,0,0,0.0,0.05421092685700992,0.08008151196883762,0.011421772310894555,0.01,399,4,156
dbpedia-entity,rr,20,0.01,uniform,194,1672,1040,0,0,0.0,0.23591072256327933,0.09227168959601142,0.03548195048195049,0.01,399,4,156
dbpedia-entity,rr,20,0.01,uniform_nz,194,1699,1040,0,0,0.0,0.14329158213074014,0.09227168959601142,0.03548195048195049,0.01,399,4,156
dbpedia-entity,rr,20,0.01,weighted,194,1657,1040,0,0,0.0,0.09227168959601142,0.09227168959601142,0.03548195048195049,0.01,399,4,156
dbpedia-entity,rr,20,0.01,active_judge,194,1638,1040,0,0,0.0,0.18819221943699085,0.09227168959601142,0.03548195048195049,0.01,399,4,156
dbpedia-entity,rr,20,0.01,strat_pilot,194,1643,1040,0,0,0.0,0.0924860799758093,0.09227168959601142,0.03548195048195049,0.01,399,4,156
dbpedia-entity,rr,20,0.01,weighted_cv,194,1677,1040,0,0,0.0,0.07640474972682972,0.09227168959601142,0.03548195048195049,0.01,399,4,156
dbpedia-entity,rr,20,0.01,active_cv,194,1659,1040,0,0,0.0,0.10264110667582413,0.09227168959601142,0.03548195048195049,0.01,399,4,156
dbpedia-entity,rr,20,0.01,weighted_cvl,194,1698,1040,0,0,0.0,0.06451735692705443,0.09227168959601142,0.03548195048195049,0.01,399,4,156
dbpedia-entity,rr,20,0.01,uniform,195,1587,962,0,0,0.0,0.12779069106484808,0.07244013785558873,0.0308153296312091,0.01,399,4,156
dbpedia-entity,rr,20,0.01,uniform_nz,195,1609,962,0,0,0.0,0.07997927264888119,0.07244013785558873,0.0308153296312091,0.01,399,4,156
dbpedia-entity,rr,20,0.01,weighted,195,1606,962,0,0,0.0,0.07244013785558873,0.07244013785558873,0.0308153296312091,0.01,399,4,156
dbpedia-entity,rr,20,0.01,active_judge,195,1592,962,0,0,0.0,0.1800267334296419,0.07244013785558873,0.0308153296312091,0.01,399,4,156
dbpedia-entity,rr,20,0.01,strat_pilot,195,1603,962,0,0,0.0,0.07254930291083447,0.07244013785558873,0.0308153296312091,0.01,399,4,156
dbpedia-entity,rr,20,0.01,weighted_cv,195,1575,962,0,0,0.0,0.051243379608891304,0.07244013785558873,0.0308153296312091,0.01,399,4,156
dbpedia-entity,rr,20,0.01,active_cv,195,1558,962,0,0,0.0,0.06604516225485485,0.07244013785558873,0.0308153296312091,0.01,399,4,156
dbpedia-entity,rr,20,0.01,weighted_cvl,195,1589,962,0,0,0.0,0.045880134593740254,0.07244013785558873,0.0308153296312091,0.01,399,4,156
dbpedia-entity,rr,20,0.01,uniform,196,1729,1110,0,0,0.0,0.49398096197192026,0.12307268003644141,0.02418259050965338,0.01,399,4,156
dbpedia-entity,rr,20,0.01,uniform_nz,196,1749,1110,0,0,0.0,0.264488221388863,0.12307268003644141,0.02418259050965338,0.01,399,4,156
dbpedia-entity,rr,20,0.01,weighted,196,1730,1110,0,0,0.0,0.12307268003644141,0.12307268003644141,0.02418259050965338,0.01,399,4,156
dbpedia-entity,rr,20,0.01,active_judge,196,1713,1110,0,0,0.0,0.30218560718898185,0.12307268003644141,0.02418259050965338,0.01,399,4,156
dbpedia-entity,rr,20,0.01,strat_pilot,196,1767,1110,0,0,0.0,0.12307979212292272,0.12307268003644141,0.02418259050965338,0.01,399,4,156
dbpedia-entity,rr,20,0.01,weighted_cv,196,1754,1110,0,0,0.0,0.1100098201596164,0.12307268003644141,0.02418259050965338,0.01,399,4,156
dbpedia-entity,rr,20,0.01,active_cv,196,1760,1110,0,0,0.0,0.13841424778938502,0.12307268003644141,0.02418259050965338,0.01,399,4,156
dbpedia-entity,rr,20,0.01,weighted_cvl,196,1707,1110,0,0,0.0,0.08088049176560397,0.12307268003644141,0.02418259050965338,0.01,399,4,156
dbpedia-entity,rr,20,0.01,uniform,197,1610,995,0,0,0.0,0.2088895182405579,0.08497973589490385,0.025546395572897528,0.01,399,4,156
dbpedia-entity,rr,20,0.01,uniform_nz,197,1630,995,0,0,0.0,0.11567351941701443,0.08497973589490385,0.025546395572897528,0.01,399,4,156
dbpedia-entity,rr,20,0.01,weighted,197,1635,995,0,0,0.0,0.08497973589490385,0.08497973589490385,0.025546395572897528,0.01,399,4,156
dbpedia-entity,rr,20,0.01,active_judge,197,1589,995,0,0,0.0,0.1804323989835695,0.08497973589490385,0.025546395572897528,0.01,399,4,156
dbpedia-entity,rr,20,0.01,strat_pilot,197,1617,995,0,0,0.0,0.08507140440252292,0.08497973589490385,0.025546395572897528,0.01,399,4,156
dbpedia-entity,rr,20,0.01,weighted_cv,197,1623,995,0,0,0.0,0.07353604336856849,0.08497973589490385,0.025546395572897528,0.01,399,4,156
dbpedia-entity,rr,20,0.01,active_cv,197,1618,995,0,0,0.0,0.09674966710116106,0.08497973589490385,0.025546395572897528,0.01,399,4,156
dbpedia-entity,rr,20,0.01,weighted_cvl,197,1605,995,0,0,0.0,0.05138679446813549,0.08497973589490385,0.025546395572897528,0.01,399,4,156
dbpedia-entity,rr,20,0.01,uniform,198,1651,1045,0,0,0.0,0.2694822765615954,0.09960770143237173,0.014549960170921946,0.01,399,4,156
dbpedia-entity,rr,20,0.01,uniform_nz,198,1713,1045,1,0,0.0,0.16243713219387257,0.09960770143237173,0.014549960170921946,0.01,399,4,156
dbpedia-entity,rr,20,0.01,weighted,198,1679,1045,1,0,0.0,0.09960770143237173,0.09960770143237173,0.014549960170921946,0.01,399,4,156
dbpedia-entity,rr,20,0.01,active_judge,198,1621,1045,0,0,0.0,0.21689421730493103,0.09960770143237173,0.014549960170921946,0.01,399,4,156
dbpedia-entity,rr,20,0.01,strat_pilot,198,1668,1045,0,0,0.0,0.09930949949636644,0.09960770143237173,0.014549960170921946,0.01,399,4,156
dbpedia-entity,rr,20,0.01,weighted_cv,198,1695,1045,1,0,0.0,0.08419711099584996,0.09960770143237173,0.014549960170921946,0.01,399,4,156
dbpedia-entity,rr,20,0.01,active_cv,198,1700,1045,0,0,0.0,0.09175295707754767,0.09960770143237173,0.014549960170921946,0.01,399,4,156
dbpedia-entity,rr,20,0.01,weighted_cvl,198,1657,1045,1,0,0.0,0.08449088432981618,0.09960770143237173,0.014549960170921946,0.01,399,4,156
dbpedia-entity,rr,20,0.01,uniform,199,1591,1009,0,0,0.0,0.19456960559221187,0.08051957687604575,0.023461681123664573,0.01,399,4,156
dbpedia-entity,rr,20,0.01,uniform_nz,199,1664,1009,0,0,0.0,0.10743047616882943,0.08051957687604575,0.023461681123664573,0.01,399,4,156
dbpedia-entity,rr,20,0.01,weighted,199,1642,1009,0,0,0.0,0.08051957687604575,0.08051957687604575,0.023461681123664573,0.01,399,4,156
dbpedia-entity,rr,20,0.01,active_judge,199,1622,1009,0,0,0.0,0.14509444433033533,0.08051957687604575,0.023461681123664573,0.01,399,4,156
dbpedia-entity,rr,20,0.01,strat_pilot,199,1627,1009,0,0,0.0,0.08051194809142273,0.08051957687604575,0.023461681123664573,0.01,399,4,156
dbpedia-entity,rr,20,0.01,weighted_cv,199,1648,1009,0,0,0.0,0.055769035638016454,0.08051957687604575,0.023461681123664573,0.01,399,4,156
dbpedia-entity,rr,20,0.01,active_cv,199,1619,1009,1,0,0.0,0.06768781043361304,0.08051957687604575,0.023461681123664573,0.01,399,4,156
dbpedia-entity,rr,20,0.01,weighted_cvl,199,1608,1009,0,0,0.0,0.05329561268976142,0.08051957687604575,0.023461681123664573,0.01,399,4,156
dbpedia-entity,rr,20,0.01,uniform,200,1459,995,0,0,0.0,0.19641906084636127,0.061547825139006127,0.060144168219092166,0.01,399,4,111
dbpedia-entity,rr,20,0.01,uniform_nz,200,1443,995,0,0,0.0,0.07460345511417787,0.061547825139006127,0.060144168219092166,0.01,399,4,111
dbpedia-entity,rr,20,0.01,weighted,200,1422,995,1,0,0.0,0.061547825139006127,0.061547825139006127,0.060144168219092166,0.01,399,4,111
dbpedia-entity,rr,20,0.01,active_judge,200,1447,995,0,0,0.0,0.18805930355362105,0.061547825139006127,0.060144168219092166,0.01,399,4,111
dbpedia-entity,rr,20,0.01,strat_pilot,200,1427,995,0,0,0.0,0.06096383115962425,0.061547825139006127,0.060144168219092166,0.01,399,4,111
dbpedia-entity,rr,20,0.01,weighted_cv,200,1427,995,0,0,0.0,0.06736319892682845,0.061547825139006127,0.060144168219092166,0.01,399,4,111
dbpedia-entity,rr,20,0.01,active_cv,200,1430,995,0,0,0.0,0.0900152103801298,0.061547825139006127,0.060144168219092166,0.01,399,4,111
dbpedia-entity,rr,20,0.01,weighted_cvl,200,1471,995,1,0,0.0,0.04484261073857905,0.061547825139006127,0.060144168219092166,0.01,399,4,111
dbpedia-entity,rr,20,0.01,uniform,201,1426,993,0,0,0.0,0.09005081148006956,0.028632271289525047,0.019422053263607065,0.01,399,4,112
dbpedia-entity,rr,20,0.01,uniform_nz,201,1428,993,0,0,0.0,0.03055643435928614,0.028632271289525047,0.019422053263607065,0.01,399,4,112
dbpedia-entity,rr,20,0.01,weighted,201,1437,993,0,0,0.0,0.028632271289525047,0.028632271289525047,0.019422053263607065,0.01,399,4,112
dbpedia-entity,rr,20,0.01,active_judge,201,1441,993,0,0,0.0,0.09498846791477174,0.028632271289525047,0.019422053263607065,0.01,399,4,112
dbpedia-entity,rr,20,0.01,strat_pilot,201,1394,993,0,0,0.0,0.02817499506616738,0.028632271289525047,0.019422053263607065,0.01,399,4,112
dbpedia-entity,rr,20,0.01,weighted_cv,201,1426,993,0,0,0.0,0.03186900124134808,0.028632271289525047,0.019422053263607065,0.01,399,4,112
dbpedia-entity,rr,20,0.01,active_cv,201,1432,993,0,0,0.0,0.0446892692430097,0.028632271289525047,0.019422053263607065,0.01,399,4,112
dbpedia-entity,rr,20,0.01,weighted_cvl,201,1410,993,0,0,0.0,0.021142333938331554,0.028632271289525047,0.019422053263607065,0.01,399,4,112
dbpedia-entity,rr,20,0.01,uniform,202,1656,1022,0,0,0.0,0.4104907853592706,0.0922140674751302,0.046862431814831206,0.01,399,4,156
dbpedia-entity,rr,20,0.01,uniform_nz,202,1642,1022,0,0,0.0,0.22402922017339452,0.0922140674751302,0.046862431814831206,0.01,399,4,156
dbpedia-entity,rr,20,0.01,weighted,202,1636,1022,0,0,0.0,0.0922140674751302,0.0922140674751302,0.046862431814831206,0.01,399,4,156
dbpedia-entity,rr,20,0.01,active_judge,202,1627,1022,0,0,0.0,0.2204801094538512,0.0922140674751302,0.046862431814831206,0.01,399,4,156
dbpedia-entity,rr,20,0.01,strat_pilot,202,1668,1022,0,0,0.0,0.09226023190703768,0.0922140674751302,0.046862431814831206,0.01,399,4,156
dbpedia-entity,rr,20,0.01,weighted_cv,202,1646,1022,0,0,0.0,0.07349020730656244,0.0922140674751302,0.046862431814831206,0.01,399,4,156
dbpedia-entity,rr,20,0.01,active_cv,202,1644,1022,0,0,0.0,0.08448991679638332,0.0922140674751302,0.046862431814831206,0.01,399,4,156
dbpedia-entity,rr,20,0.01,weighted_cvl,202,1640,1022,0,0,0.0,0.05934619784511883,0.0922140674751302,0.046862431814831206,0.01,399,4,156
dbpedia-entity,rr,20,0.01,uniform,203,1438,983,0,0,0.0,0.1286831342152531,0.04328806086453943,0.022674827355676372,0.01,399,4,112
dbpedia-entity,rr,20,0.01,uniform_nz,203,1450,983,0,0,0.0,0.04732567099653379,0.04328806086453943,0.022674827355676372,0.01,399,4,112
dbpedia-entity,rr,20,0.01,weighted,203,1411,983,0,0,0.0,0.04328806086453943,0.04328806086453943,0.022674827355676372,0.01,399,4,112
dbpedia-entity,rr,20,0.01,active_judge,203,1442,983,0,0,0.0,0.09737541186268464,0.04328806086453943,0.022674827355676372,0.01,399,4,112
dbpedia-entity,rr,20,0.01,strat_pilot,203,1434,983,0,0,0.0,0.04327358008783674,0.04328806086453943,0.022674827355676372,0.01,399,4,112
dbpedia-entity,rr,20,0.01,weighted_cv,203,1421,983,0,0,0.0,0.0316022086893196,0.04328806086453943,0.022674827355676372,0.01,399,4,112
dbpedia-entity,rr,20,0.01,active_cv,203,1423,983,0,0,0.0,0.04017889720436183,0.04328806086453943,0.022674827355676372,0.01,399,4,112
dbpedia-entity,rr,20,0.01,weighted_cvl,203,1455,983,0,0,0.0,0.03282930061559508,0.04328806086453943,0.022674827355676372,0.01,399,4,112
dbpedia-entity,rr,20,0.01,uniform,204,1614,1001,0,0,0.017431240039035012,0.6417849751007354,0.06968935624368602,0.0628643963744583,-0.007431240039035012,399,4,156
dbpedia-entity,rr,20,0.01,uniform_nz,204,1643,1001,0,0,0.017431240039035012,0.4752552591461833,0.06968935624368602,0.0628643963744583,-0.007431240039035012,399,4,156
dbpedia-entity,rr,20,0.01,weighted,204,1628,1001,0,0,0.017431240039035012,0.06968935624368602,0.06968935624368602,0.0628643963744583,-0.007431240039035012,399,4,156
dbpedia-entity,rr,20,0.01,active_judge,204,1640,1001,0,0,0.017431240039035012,0.16009112537635498,0.06968935624368602,0.0628643963744583,-0.007431240039035012,399,4,156
dbpedia-entity,rr,20,0.01,strat_pilot,204,1626,1001,0,0,0.017431240039035012,0.06935090377444592,0.06968935624368602,0.0628643963744583,-0.007431240039035012,399,4,156
dbpedia-entity,rr,20,0.01,weighted_cv,204,1601,1001,0,0,0.017431240039035012,0.06393673295607624,0.06968935624368602,0.0628643963744583,-0.007431240039035012,399,4,156
dbpedia-entity,rr,20,0.01,active_cv,204,1621,1001,0,0,0.017431240039035012,0.08014382360173276,0.06968935624368602,0.0628643963744583,-0.007431240039035012,399,4,156
dbpedia-entity,rr,20,0.01,weighted_cvl,204,1629,1001,0,0,0.017431240039035012,0.05787217253092446,0.06968935624368602,0.0628643963744583,-0.007431240039035012,399,4,156
dbpedia-entity,rr,20,0.01,uniform,205,1431,1006,0,0,0.015963171036771806,0.09758440237571911,0.030872714428806514,0.014767554762626506,-0.005963171036771806,399,4,112
dbpedia-entity,rr,20,0.01,uniform_nz,205,1442,1006,0,0,0.015963171036771806,0.039095002029083545,0.030872714428806514,0.014767554762626506,-0.005963171036771806,399,4,112
dbpedia-entity,rr,20,0.01,weighted,205,1456,1006,0,0,0.015963171036771806,0.030872714428806514,0.030872714428806514,0.014767554762626506,-0.005963171036771806,399,4,112
dbpedia-entity,rr,20,0.01,active_judge,205,1456,1006,0,0,0.015963171036771806,0.0825508325586155,0.030872714428806514,0.014767554762626506,-0.005963171036771806,399,4,112
dbpedia-entity,rr,20,0.01,strat_pilot,205,1486,1006,0,0,0.015963171036771806,0.03079112395122442,0.030872714428806514,0.014767554762626506,-0.005963171036771806,399,4,112
dbpedia-entity,rr,20,0.01,weighted_cv,205,1448,1006,0,0,0.015963171036771806,0.03662195108713236,0.030872714428806514,0.014767554762626506,-0.005963171036771806,399,4,112
dbpedia-entity,rr,20,0.01,active_cv,205,1442,1006,0,0,0.015963171036771806,0.05823746505630336,0.030872714428806514,0.014767554762626506,-0.005963171036771806,399,4,112
dbpedia-entity,rr,20,0.01,weighted_cvl,205,1471,1006,0,0,0.015963171036771806,0.020195562047609906,0.030872714428806514,0.014767554762626506,-0.005963171036771806,399,4,112
dbpedia-entity,rr,20,0.01,uniform,206,1682,1022,0,0,0.0,0.1327867303067046,0.0771309030439549,0.04167709947057774,0.01,399,4,156
dbpedia-entity,rr,20,0.01,uniform_nz,206,1633,1022,1,0,0.0,0.08592838382114044,0.0771309030439549,0.04167709947057774,0.01,399,4,156
dbpedia-entity,rr,20,0.01,weighted,206,1635,1022,0,0,0.0,0.0771309030439549,0.0771309030439549,0.04167709947057774,0.01,399,4,156
dbpedia-entity,rr,20,0.01,active_judge,206,1616,1022,0,0,0.0,0.17265729661280843,0.0771309030439549,0.04167709947057774,0.01,399,4,156
dbpedia-entity,rr,20,0.01,strat_pilot,206,1682,1022,0,0,0.0,0.07718951633305857,0.0771309030439549,0.04167709947057774,0.01,399,4,156
dbpedia-entity,rr,20,0.01,weighted_cv,206,1671,1022,0,0,0.0,0.05334764895576739,0.0771309030439549,0.04167709947057774,0.01,399,4,156
dbpedia-entity,rr,20,0.01,active_cv,206,1628,1022,0,0,0.0,0.06319086544045946,0.0771309030439549,0.04167709947057774,0.01,399,4,156
dbpedia-entity,rr,20,0.01,weighted_cvl,206,1670,1022,0,0,0.0,0.060909976404125356,0.0771309030439549,0.04167709947057774,0.01,399,4,156
dbpedia-entity,rr,20,0.01,uniform,207,1616,999,0,0,0.0,0.12390687031125677,0.07038115063227052,0.02814017488172825,0.01,399,4,156
dbpedia-entity,rr,20,0.01,uniform_nz,207,1630,999,0,0,0.0,0.07701396944441596,0.07038115063227052,0.02814017488172825,0.01,399,4,156
dbpedia-entity,rr,20,0.01,weighted,207,1629,999,0,0,0.0,0.07038115063227052,0.07038115063227052,0.02814017488172825,0.01,399,4,156
dbpedia-entity,rr,20,0.01,active_judge,207,1620,999,0,0,0.0,0.16779509467862147,0.07038115063227052,0.02814017488172825,0.01,399,4,156
dbpedia-entity,rr,20,0.01,strat_pilot,207,1633,999,0,0,0.0,0.07049982649249602,0.07038115063227052,0.02814017488172825,0.01,399,4,156
dbpedia-entity,rr,20,0.01,weighted_cv,207,1648,999,0,0,0.0,0.05693135489690301,0.07038115063227052,0.02814017488172825,0.01,399,4,156
dbpedia-entity,rr,20,0.01,active_cv,207,1605,999,0,0,0.0,0.07065737558232797,0.07038115063227052,0.02814017488172825,0.01,399,4,156
dbpedia-entity,rr,20,0.01,weighted_cvl,207,1612,999,0,0,0.0,0.05380304139995014,0.07038115063227052,0.02814017488172825,0.01,399,4,156
dbpedia-entity,rr,20,0.01,uniform,208,1526,1050,0,0,0.0,0.1929263903383321,0.04717069724606607,0.018371575298474045,0.01,399,4,112
dbpedia-entity,rr,20,0.01,uniform_nz,208,1529,1050,0,0,0.0,0.07295634446977609,0.04717069724606607,0.018371575298474045,0.01,399,4,112
dbpedia-entity,rr,20,0.01,weighted,208,1504,1050,0,0,0.0,0.04717069724606607,0.04717069724606607,0.018371575298474045,0.01,399,4,112
dbpedia-entity,rr,20,0.01,active_judge,208,1483,1050,0,0,0.0,0.13445172970797684,0.04717069724606607,0.018371575298474045,0.01,399,4,112
dbpedia-entity,rr,20,0.01,strat_pilot,208,1524,1050,0,0,0.0,0.04694752512137703,0.04717069724606607,0.018371575298474045,0.01,399,4,112
dbpedia-entity,rr,20,0.01,weighted_cv,208,1497,1050,0,0,0.0,0.04521834148116586,0.04717069724606607,0.018371575298474045,0.01,399,4,112
dbpedia-entity,rr,20,0.01,active_cv,208,1504,1050,0,0,0.0,0.08224214426585943,0.04717069724606607,0.018371575298474045,0.01,399,4,112
dbpedia-entity,rr,20,0.01,weighted_cvl,208,1516,1050,0,0,0.0,0.025725726878849005,0.04717069724606607,0.018371575298474045,0.01,399,4,112
dbpedia-entity,rr,20,0.01,uniform,209,1494,1000,0,0,0.0,0.12633747089378633,0.049991387291354855,0.045303764118413505,0.01,399,4,112
dbpedia-entity,rr,20,0.01,uniform_nz,209,1435,1000,0,0,0.0,0.0560761902269832,0.049991387291354855,0.045303764118413505,0.01,399,4,112
dbpedia-entity,rr,20,0.01,weighted,209,1468,1000,0,0,0.0,0.049991387291354855,0.049991387291354855,0.045303764118413505,0.01,399,4,112
dbpedia-entity,rr,20,0.01,active_judge,209,1449,1000,0,0,0.0,0.15852643803439476,0.049991387291354855,0.045303764118413505,0.01,399,4,112
dbpedia-entity,rr,20,0.01,strat_pilot,209,1455,1000,0,0,0.0,0.0499543194110849,0.049991387291354855,0.045303764118413505,0.01,399,4,112
dbpedia-entity,rr,20,0.01,weighted_cv,209,1448,1000,1,0,0.0,0.035836752885159875,0.049991387291354855,0.045303764118413505,0.01,399,4,112
dbpedia-entity,rr,20,0.01,active_cv,209,1450,1000,0,0,0.0,0.06377119493782006,0.049991387291354855,0.045303764118413505,0.01,399,4,112
dbpedia-entity,rr,20,0.01,weighted_cvl,209,1454,1000,0,0,0.0,0.029239670856533794,0.049991387291354855,0.045303764118413505,0.01,399,4,112
dbpedia-entity,rr,20,0.01,uniform,210,1582,973,0,0,0.0,0.16083004325933528,0.08358992483481383,0.03362481462952589,0.01,399,4,156
dbpedia-entity,rr,20,0.01,uniform_nz,210,1669,973,0,0,0.0,0.10378035529638577,0.08358992483481383,0.03362481462952589,0.01,399,4,156
dbpedia-entity,rr,20,0.01,weighted,210,1605,973,0,0,0.0,0.08358992483481383,0.08358992483481383,0.03362481462952589,0.01,399,4,156
dbpedia-entity,rr,20,0.01,active_judge,210,1612,973,0,0,0.0,0.19495749084771266,0.08358992483481383,0.03362481462952589,0.01,399,4,156
dbpedia-entity,rr,20,0.01,strat_pilot,210,1552,973,0,0,0.0,0.08350747869268486,0.08358992483481383,0.03362481462952589,0.01,399,4,156
dbpedia-entity,rr,20,0.01,weighted_cv,210,1577,973,0,0,0.0,0.07296730579707987,0.08358992483481383,0.03362481462952589,0.01,399,4,156
dbpedia-entity,rr,20,0.01,active_cv,210,1600,973,0,0,0.0,0.09607460245946278,0.08358992483481383,0.03362481462952589,0.01,399,4,156
dbpedia-entity,rr,20,0.01,weighted_cvl,210,1597,973,0,0,0.0,0.04859424763853599,0.08358992483481383,0.03362481462952589,0.01,399,4,156
dbpedia-entity,rr,20,0.01,uniform,211,1731,1089,0,0,0.005677631478051337,0.19655550241521297,0.09286020180132162,0.03034890147004849,0.004322368521948663,399,4,156
dbpedia-entity,rr,20,0.01,uniform_nz,211,1691,1089,0,0,0.005677631478051337,0.11683993317496126,0.09286020180132162,0.03034890147004849,0.004322368521948663,399,4,156
dbpedia-entity,rr,20,0.01,weighted,211,1724,1089,0,0,0.005677631478051337,0.09286020180132162,0.09286020180132162,0.03034890147004849,0.004322368521948663,399,4,156
dbpedia-entity,rr,20,0.01,active_judge,211,1679,1089,0,0,0.005677631478051337,0.15600824305774103,0.09286020180132162,0.03034890147004849,0.004322368521948663,399,4,156
dbpedia-entity,rr,20,0.01,strat_pilot,211,1697,1089,0,0,0.005677631478051337,0.0928609659970929,0.09286020180132162,0.03034890147004849,0.004322368521948663,399,4,156
dbpedia-entity,rr,20,0.01,weighted_cv,211,1715,1089,0,0,0.005677631478051337,0.057711877575497686,0.09286020180132162,0.03034890147004849,0.004322368521948663,399,4,156
dbpedia-entity,rr,20,0.01,active_cv,211,1709,1089,0,0,0.005677631478051337,0.08132895968569677,0.09286020180132162,0.03034890147004849,0.004322368521948663,399,4,156
dbpedia-entity,rr,20,0.01,weighted_cvl,211,1660,1089,0,0,0.005677631478051337,0.06779988531708621,0.09286020180132162,0.03034890147004849,0.004322368521948663,399,4,156
dbpedia-entity,rr,20,0.01,uniform,212,1683,1056,1,0,0.0,0.13798156020104627,0.06831809939206374,0.06727743623517869,0.01,399,4,156
dbpedia-entity,rr,20,0.01,uniform_nz,212,1650,1056,0,0,0.0,0.07695605691460836,0.06831809939206374,0.06727743623517869,0.01,399,4,156
dbpedia-entity,rr,20,0.01,weighted,212,1677,1056,0,0,0.0,0.06831809939206374,0.06831809939206374,0.06727743623517869,0.01,399,4,156
dbpedia-entity,rr,20,0.01,active_judge,212,1682,1056,0,0,0.0,0.12380978077035146,0.06831809939206374,0.06727743623517869,0.01,399,4,156
dbpedia-entity,rr,20,0.01,strat_pilot,212,1709,1056,0,0,0.0,0.0684845588908026,0.06831809939206374,0.06727743623517869,0.01,399,4,156
dbpedia-entity,rr,20,0.01,weighted_cv,212,1684,1056,0,0,0.0,0.04846856522280787,0.06831809939206374,0.06727743623517869,0.01,399,4,156
dbpedia-entity,rr,20,0.01,active_cv,212,1712,1056,0,0,0.0,0.07016652494099045,0.06831809939206374,0.06727743623517869,0.01,399,4,156
dbpedia-entity,rr,20,0.01,weighted_cvl,212,1727,1056,0,0,0.0,0.04673764803536061,0.06831809939206374,0.06727743623517869,0.01,399,4,156
dbpedia-entity,rr,20,0.01,uniform,213,1658,1031,0,0,0.0,0.2067494018517586,0.07193579205929954,0.02502800862160061,0.01,399,4,156
dbpedia-entity,rr,20,0.01,uniform_nz,213,1665,1031,0,0,0.0,0.12381199929636759,0.07193579205929954,0.02502800862160061,0.01,399,4,156
dbpedia-entity,rr,20,0.01,weighted,213,1652,1031,0,0,0.0,0.07193579205929954,0.07193579205929954,0.02502800862160061,0.01,399,4,156
dbpedia-entity,rr,20,0.01,active_judge,213,1629,1031,0,0,0.0,0.1759764511373409,0.07193579205929954,0.02502800862160061,0.01,399,4,156
dbpedia-entity,rr,20,0.01,strat_pilot,213,1633,1031,0,0,0.0,0.0716660286689296,0.07193579205929954,0.02502800862160061,0.01,399,4,156
dbpedia-entity,rr,20,0.01,weighted_cv,213,1643,1031,1,0,0.0,0.07347996762252902,0.07193579205929954,0.02502800862160061,0.01,399,4,156
dbpedia-entity,rr,20,0.01,active_cv,213,1676,1031,1,0,0.0,0.08382108199565888,0.07193579205929954,0.02502800862160061,0.01,399,4,156
dbpedia-entity,rr,20,0.01,weighted_cvl,213,1658,1031,1,0,0.0,0.04118529553982393,0.07193579205929954,0.02502800862160061,0.01,399,4,156
dbpedia-entity,rr,20,0.01,uniform,214,1595,977,0,0,0.0,0.14485464118516353,0.08014930560034995,0.05901058854209315,0.01,399,4,156
dbpedia-entity,rr,20,0.01,uniform_nz,214,1634,977,0,0,0.0,0.10622960550508749,0.08014930560034995,0.05901058854209315,0.01,399,4,156
dbpedia-entity,rr,20,0.01,weighted,214,1607,977,0,0,0.0,0.08014930560034995,0.08014930560034995,0.05901058854209315,0.01,399,4,156
dbpedia-entity,rr,20,0.01,active_judge,214,1610,977,0,0,0.0,0.22637372562237124,0.08014930560034995,0.05901058854209315,0.01,399,4,156
dbpedia-entity,rr,20,0.01,strat_pilot,214,1624,977,1,0,0.0,0.07985674641429549,0.08014930560034995,0.05901058854209315,0.01,399,4,156
dbpedia-entity,rr,20,0.01,weighted_cv,214,1602,977,1,0,0.0,0.05707650629143333,0.08014930560034995,0.05901058854209315,0.01,399,4,156
dbpedia-entity,rr,20,0.01,active_cv,214,1588,977,0,0,0.0,0.07736458128899129,0.08014930560034995,0.05901058854209315,0.01,399,4,156
dbpedia-entity,rr,20,0.01,weighted_cvl,214,1611,977,1,0,0.0,0.04286670619296807,0.08014930560034995,0.05901058854209315,0.01,399,4,156
dbpedia-entity,rr,20,0.01,uniform,215,1592,968,0,0,0.01823189713122636,0.17955532081291797,0.07335128803063468,0.014184679255499707,-0.00823189713122636,399,4,156
dbpedia-entity,rr,20,0.01,uniform_nz,215,1585,968,0,0,0.01823189713122636,0.10363683142710814,0.07335128803063468,0.014184679255499707,-0.00823189713122636,399,4,156
dbpedia-entity,rr,20,0.01,weighted,215,1596,968,0,0,0.01823189713122636,0.07335128803063468,0.07335128803063468,0.014184679255499707,-0.00823189713122636,399,4,156
dbpedia-entity,rr,20,0.01,active_judge,215,1590,968,0,0,0.01823189713122636,0.21168344542165038,0.07335128803063468,0.014184679255499707,-0.00823189713122636,399,4,156
dbpedia-entity,rr,20,0.01,strat_pilot,215,1613,968,0,0,0.01823189713122636,0.07333351547672211,0.07335128803063468,0.014184679255499707,-0.00823189713122636,399,4,156
dbpedia-entity,rr,20,0.01,weighted_cv,215,1595,968,0,0,0.01823189713122636,0.05700945833330503,0.07335128803063468,0.014184679255499707,-0.00823189713122636,399,4,156
dbpedia-entity,rr,20,0.01,active_cv,215,1592,968,0,0,0.01823189713122636,0.08224740526905583,0.07335128803063468,0.014184679255499707,-0.00823189713122636,399,4,156
dbpedia-entity,rr,20,0.01,weighted_cvl,215,1597,968,0,0,0.01823189713122636,0.03911358210034961,0.07335128803063468,0.014184679255499707,-0.00823189713122636,399,4,156
dbpedia-entity,rr,20,0.01,uniform,216,1628,990,0,0,0.0,0.2317641304734268,0.0968849777808994,0.05572234786151642,0.01,399,4,156
dbpedia-entity,rr,20,0.01,uniform_nz,216,1594,990,0,0,0.0,0.13326737306201203,0.0968849777808994,0.05572234786151642,0.01,399,4,156
dbpedia-entity,rr,20,0.01,weighted,216,1580,990,0,0,0.0,0.0968849777808994,0.0968849777808994,0.05572234786151642,0.01,399,4,156
dbpedia-entity,rr,20,0.01,active_judge,216,1620,990,0,0,0.0,0.2176681338125385,0.0968849777808994,0.05572234786151642,0.01,399,4,156
dbpedia-entity,rr,20,0.01,strat_pilot,216,1635,990,0,0,0.0,0.09707041545601229,0.0968849777808994,0.05572234786151642,0.01,399,4,156
dbpedia-entity,rr,20,0.01,weighted_cv,216,1609,990,0,0,0.0,0.0884093148200916,0.0968849777808994,0.05572234786151642,0.01,399,4,156
dbpedia-entity,rr,20,0.01,active_cv,216,1616,990,0,0,0.0,0.11935212360036415,0.0968849777808994,0.05572234786151642,0.01,399,4,156
dbpedia-entity,rr,20,0.01,weighted_cvl,216,1606,990,0,0,0.0,0.08158934472322923,0.0968849777808994,0.05572234786151642,0.01,399,4,156
dbpedia-entity,rr,20,0.01,uniform,217,1785,1123,0,0,0.0,0.20040925802661297,0.08435508127500903,0.030799019119772807,0.01,399,4,156
dbpedia-entity,rr,20,0.01,uniform_nz,217,1742,1123,0,0,0.0,0.09624875274836156,0.08435508127500903,0.030799019119772807,0.01,399,4,156
dbpedia-entity,rr,20,0.01,weighted,217,1786,1123,0,0,0.0,0.08435508127500903,0.08435508127500903,0.030799019119772807,0.01,399,4,156
dbpedia-entity,rr,20,0.01,active_judge,217,1754,1123,0,0,0.0,0.19789706558166364,0.08435508127500903,0.030799019119772807,0.01,399,4,156
dbpedia-entity,rr,20,0.01,strat_pilot,217,1763,1123,0,0,0.0,0.08440698659239303,0.08435508127500903,0.030799019119772807,0.01,399,4,156
dbpedia-entity,rr,20,0.01,weighted_cv,217,1735,1123,0,0,0.0,0.06910674938105495,0.08435508127500903,0.030799019119772807,0.01,399,4,156
dbpedia-entity,rr,20,0.01,active_cv,217,1742,1123,0,0,0.0,0.08552129074185556,0.08435508127500903,0.030799019119772807,0.01,399,4,156
dbpedia-entity,rr,20,0.01,weighted_cvl,217,1770,1123,1,0,0.0,0.05055466105287117,0.08435508127500903,0.030799019119772807,0.01,399,4,156
dbpedia-entity,rr,20,0.01,uniform,218,1650,1043,0,0,0.0,0.3849106421200106,0.104291625724562,0.03195471780712056,0.01,399,4,156
dbpedia-entity,rr,20,0.01,uniform_nz,218,1704,1043,0,0,0.0,0.1843536189907316,0.104291625724562,0.03195471780712056,0.01,399,4,156
dbpedia-entity,rr,20,0.01,weighted,218,1682,1043,1,0,0.0,0.104291625724562,0.104291625724562,0.03195471780712056,0.01,399,4,156
dbpedia-entity,rr,20,0.01,active_judge,218,1683,1043,0,0,0.0,0.26548166821129265,0.104291625724562,0.03195471780712056,0.01,399,4,156
dbpedia-entity,rr,20,0.01,strat_pilot,218,1660,1043,0,0,0.0,0.10427538391395144,0.104291625724562,0.03195471780712056,0.01,399,4,156
dbpedia-entity,rr,20,0.01,weighted_cv,218,1689,1043,1,0,0.0,0.1048609191759351,0.104291625724562,0.03195471780712056,0.01,399,4,156
dbpedia-entity,rr,20,0.01,active_cv,218,1693,1043,1,0,0.0,0.14561881510351204,0.104291625724562,0.03195471780712056,0.01,399,4,156
dbpedia-entity,rr,20,0.01,weighted_cvl,218,1673,1043,0,0,0.0,0.08523264372925812,0.104291625724562,0.03195471780712056,0.01,399,4,156
dbpedia-entity,rr,20,0.01,uniform,219,1628,1034,0,0,0.0,0.2128501161418565,0.09232909601526337,0.03633956870579912,0.01,399,4,156
dbpedia-entity,rr,20,0.01,uniform_nz,219,1669,1034,0,0,0.0,0.11405231687132471,0.09232909601526337,0.03633956870579912,0.01,399,4,156
dbpedia-entity,rr,20,0.01,weighted,219,1661,1034,0,0,0.0,0.09232909601526337,0.09232909601526337,0.03633956870579912,0.01,399,4,156
dbpedia-entity,rr,20,0.01,active_judge,219,1675,1034,0,0,0.0,0.21208335472479822,0.09232909601526337,0.03633956870579912,0.01,399,4,156
dbpedia-entity,rr,20,0.01,strat_pilot,219,1665,1034,0,0,0.0,0.09238649798711676,0.09232909601526337,0.03633956870579912,0.01,399,4,156
dbpedia-entity,rr,20,0.01,weighted_cv,219,1656,1034,0,0,0.0,0.07269773732880509,0.09232909601526337,0.03633956870579912,0.01,399,4,156
dbpedia-entity,rr,20,0.01,active_cv,219,1650,1034,0,0,0.0,0.08976563358367487,0.09232909601526337,0.03633956870579912,0.01,399,4,156
dbpedia-entity,rr,20,0.01,weighted_cvl,219,1628,1034,0,0,0.0,0.055500832078418535,0.09232909601526337,0.03633956870579912,0.01,399,4,156
dbpedia-entity,rr,20,0.01,uniform,220,1516,1062,0,0,0.0,0.142992940395058,0.046367399861253766,0.037155710464533996,0.01,399,4,111
dbpedia-entity,rr,20,0.01,uniform_nz,220,1490,1062,0,0,0.0,0.058010312261552156,0.046367399861253766,0.037155710464533996,0.01,399,4,111
dbpedia-entity,rr,20,0.01,weighted,220,1518,1062,0,0,0.0,0.046367399861253766,0.046367399861253766,0.037155710464533996,0.01,399,4,111
dbpedia-entity,rr,20,0.01,active_judge,220,1511,1062,1,0,0.0,0.10515159503811736,0.046367399861253766,0.037155710464533996,0.01,399,4,111
dbpedia-entity,rr,20,0.01,strat_pilot,220,1523,1062,0,0,0.0,0.0463675581023546,0.046367399861253766,0.037155710464533996,0.01,399,4,111
dbpedia-entity,rr,20,0.01,weighted_cv,220,1508,1062,0,0,0.0,0.05555798780048099,0.046367399861253766,0.037155710464533996,0.01,399,4,111
dbpedia-entity,rr,20,0.01,active_cv,220,1534,1062,1,0,0.0,0.07601083295150882,0.046367399861253766,0.037155710464533996,0.01,399,4,111
dbpedia-entity,rr,20,0.01,weighted_cvl,220,1514,1062,1,0,0.0,0.03859752261817409,0.046367399861253766,0.037155710464533996,0.01,399,4,111
dbpedia-entity,rr,20,0.01,uniform,221,1407,982,0,0,0.0,0.0866028261645488,0.03864957706341348,0.025384091653010973,0.01,399,4,112
dbpedia-entity,rr,20,0.01,uniform_nz,221,1412,982,0,0,0.0,0.042307523352946685,0.03864957706341348,0.025384091653010973,0.01,399,4,112
dbpedia-entity,rr,20,0.01,weighted,221,1440,982,0,0,0.0,0.03864957706341348,0.03864957706341348,0.025384091653010973,0.01,399,4,112
dbpedia-entity,rr,20,0.01,active_judge,221,1447,982,0,0,0.0,0.08492382410690594,0.03864957706341348,0.025384091653010973,0.01,399,4,112
dbpedia-entity,rr,20,0.01,strat_pilot,221,1426,982,0,0,0.0,0.03861045220215014,0.03864957706341348,0.025384091653010973,0.01,399,4,112
dbpedia-entity,rr,20,0.01,weighted_cv,221,1441,982,1,0,0.0,0.03860008703553527,0.03864957706341348,0.025384091653010973,0.01,399,4,112
dbpedia-entity,rr,20,0.01,active_cv,221,1445,982,1,0,0.0,0.04936718167787789,0.03864957706341348,0.025384091653010973,0.01,399,4,112
dbpedia-entity,rr,20,0.01,weighted_cvl,221,1383,982,1,0,0.0,0.026646232870567572,0.03864957706341348,0.025384091653010973,0.01,399,4,112
dbpedia-entity,rr,20,0.01,uniform,222,1443,1002,0,0,0.01849627776535534,0.42305936567212205,0.07119111766075328,0.020711991789511264,-0.00849627776535534,399,4,112
dbpedia-entity,rr,20,0.01,uniform_nz,222,1431,1002,0,0,0.01849627776535534,0.17075174580968489,0.07119111766075328,0.020711991789511264,-0.00849627776535534,399,4,112
dbpedia-entity,rr,20,0.01,weighted,222,1440,1002,0,0,0.01849627776535534,0.07119111766075328,0.07119111766075328,0.020711991789511264,-0.00849627776535534,399,4,112
dbpedia-entity,rr,20,0.01,active_judge,222,1461,1002,0,0,0.01849627776535534,0.19657436785429827,0.07119111766075328,0.020711991789511264,-0.00849627776535534,399,4,112
dbpedia-entity,rr,20,0.01,strat_pilot,222,1474,1002,0,0,0.01849627776535534,0.07126379285439692,0.07119111766075328,0.020711991789511264,-0.00849627776535534,399,4,112
dbpedia-entity,rr,20,0.01,weighted_cv,222,1435,1002,0,0,0.01849627776535534,0.06381511232212031,0.07119111766075328,0.020711991789511264,-0.00849627776535534,399,4,112
dbpedia-entity,rr,20,0.01,active_cv,222,1453,1002,0,0,0.01849627776535534,0.07094328678887944,0.07119111766075328,0.020711991789511264,-0.00849627776535534,399,4,112
dbpedia-entity,rr,20,0.01,weighted_cvl,222,1478,1002,0,0,0.01849627776535534,0.04026265039270932,0.07119111766075328,0.020711991789511264,-0.00849627776535534,399,4,112
dbpedia-entity,rr,20,0.01,uniform,223,1675,1048,0,0,0.0,0.15877672171909868,0.07741197320643103,0.0244221883827147,0.01,399,4,156
dbpedia-entity,rr,20,0.01,uniform_nz,223,1643,1048,0,0,0.0,0.08624358622517363,0.07741197320643103,0.0244221883827147,0.01,399,4,156
dbpedia-entity,rr,20,0.01,weighted,223,1658,1048,0,0,0.0,0.07741197320643103,0.07741197320643103,0.0244221883827147,0.01,399,4,156
dbpedia-entity,rr,20,0.01,active_judge,223,1686,1048,0,0,0.0,0.14479177157018666,0.07741197320643103,0.0244221883827147,0.01,399,4,156
dbpedia-entity,rr,20,0.01,strat_pilot,223,1701,1048,0,0,0.0,0.07751805836642049,0.07741197320643103,0.0244221883827147,0.01,399,4,156
dbpedia-entity,rr,20,0.01,weighted_cv,223,1704,1048,0,0,0.0,0.048274712243313866,0.07741197320643103,0.0244221883827147,0.01,399,4,156
dbpedia-entity,rr,20,0.01,active_cv,223,1680,1048,0,0,0.0,0.05441224842104175,0.07741197320643103,0.0244221883827147,0.01,399,4,156
dbpedia-entity,rr,20,0.01,weighted_cvl,223,1677,1048,0,0,0.0,0.05073131407144558,0.07741197320643103,0.0244221883827147,0.01,399,4,156
dbpedia-entity,rr,20,0.01,uniform,224,1653,1048,1,0,0.0,0.12268217391494358,0.0595578878318022,0.04295283289484904,0.01,399,4,156
dbpedia-entity,rr,20,0.01,uniform_nz,224,1644,1048,0,0,0.0,0.06793954396316582,0.0595578878318022,0.04295283289484904,0.01,399,4,156
dbpedia-entity,rr,20,0.01,weighted,224,1664,1048,0,0,0.0,0.0595578878318022,0.0595578878318022,0.04295283289484904,0.01,399,4,156
dbpedia-entity,rr,20,0.01,active_judge,224,1685,1048,0,0,0.0,0.1533206839441629,0.0595578878318022,0.04295283289484904,0.01,399,4,156
dbpedia-entity,rr,20,0.01,strat_pilot,224,1655,1048,0,0,0.0,0.0596453334841325,0.0595578878318022,0.04295283289484904,0.01,399,4,156
dbpedia-entity,rr,20,0.01,weighted_cv,224,1705,1048,0,0,0.0,0.06791182152392246,0.0595578878318022,0.04295283289484904,0.01,399,4,156
dbpedia-entity,rr,20,0.01,active_cv,224,1694,1048,0,0,0.0,0.10857321784330014,0.0595578878318022,0.04295283289484904,0.01,399,4,156
dbpedia-entity,rr,20,0.01,weighted_cvl,224,1666,1048,0,0,0.0,0.045077711233295924,0.0595578878318022,0.04295283289484904,0.01,399,4,156
dbpedia-entity,rr,20,0.01,uniform,225,1677,1047,0,0,0.0,0.18274235739509517,0.08024696645986985,0.05471313442001348,0.01,399,4,156
dbpedia-entity,rr,20,0.01,uniform_nz,225,1654,1047,0,0,0.0,0.10484255759849766,0.08024696645986985,0.05471313442001348,0.01,399,4,156
dbpedia-entity,rr,20,0.01,weighted,225,1681,1047,0,0,0.0,0.08024696645986985,0.08024696645986985,0.05471313442001348,0.01,399,4,156
dbpedia-entity,rr,20,0.01,active_judge,225,1710,1047,0,0,0.0,0.20638641781991338,0.08024696645986985,0.05471313442001348,0.01,399,4,156
dbpedia-entity,rr,20,0.01,strat_pilot,225,1661,1047,0,0,0.0,0.08031041901554174,0.08024696645986985,0.05471313442001348,0.01,399,4,156
dbpedia-entity,rr,20,0.01,weighted_cv,225,1610,1047,0,0,0.0,0.05485998062245194,0.08024696645986985,0.05471313442001348,0.01,399,4,156
dbpedia-entity,rr,20,0.01,active_cv,225,1660,1047,0,0,0.0,0.06646392575850606,0.08024696645986985,0.05471313442001348,0.01,399,4,156
dbpedia-entity,rr,20,0.01,weighted_cvl,225,1690,1047,0,0,0.0,0.04145228292349644,0.08024696645986985,0.05471313442001348,0.01,399,4,156
dbpedia-entity,rr,20,0.01,uniform,226,1556,917,0,0,0.0,0.10476083954996818,0.06563954049298458,0.03426810596367799,0.01,399,4,156
dbpedia-entity,rr,20,0.01,uniform_nz,226,1540,917,0,0,0.0,0.07030212622328068,0.06563954049298458,0.03426810596367799,0.01,399,4,156
dbpedia-entity,rr,20,0.01,weighted,226,1558,917,0,0,0.0,0.06563954049298458,0.06563954049298458,0.03426810596367799,0.01,399,4,156
dbpedia-entity,rr,20,0.01,active_judge,226,1526,917,0,0,0.0,0.1372019120029956,0.06563954049298458,0.03426810596367799,0.01,399,4,156
dbpedia-entity,rr,20,0.01,strat_pilot,226,1547,917,0,0,0.0,0.06567944633192728,0.06563954049298458,0.03426810596367799,0.01,399,4,156
dbpedia-entity,rr,20,0.01,weighted_cv,226,1536,917,0,0,0.0,0.05480324695899408,0.06563954049298458,0.03426810596367799,0.01,399,4,156
dbpedia-entity,rr,20,0.01,active_cv,226,1531,917,0,0,0.0,0.0817838018707164,0.06563954049298458,0.03426810596367799,0.01,399,4,156
dbpedia-entity,rr,20,0.01,weighted_cvl,226,1523,917,0,0,0.0,0.04608246338911231,0.06563954049298458,0.03426810596367799,0.01,399,4,156
dbpedia-entity,rr,20,0.01,uniform,227,1618,1016,0,0,0.0,0.34705747584192914,0.07085369694080648,0.02781411083670645,0.01,399,4,156
dbpedia-entity,rr,20,0.01,uniform_nz,227,1658,1016,0,0,0.0,0.26139859076338257,0.07085369694080648,0.02781411083670645,0.01,399,4,156
dbpedia-entity,rr,20,0.01,weighted,227,1642,1016,0,0,0.0,0.07085369694080648,0.07085369694080648,0.02781411083670645,0.01,399,4,156
dbpedia-entity,rr,20,0.01,active_judge,227,1658,1016,0,0,0.0,0.16038138722534184,0.07085369694080648,0.02781411083670645,0.01,399,4,156
dbpedia-entity,rr,20,0.01,strat_pilot,227,1668,1016,0,0,0.0,0.07097962674814948,0.07085369694080648,0.02781411083670645,0.01,399,4,156
dbpedia-entity,rr,20,0.01,weighted_cv,227,1638,1016,0,0,0.0,0.07325276723887436,0.07085369694080648,0.02781411083670645,0.01,399,4,156
dbpedia-entity,rr,20,0.01,active_cv,227,1652,1016,0,0,0.0,0.10143229894589167,0.07085369694080648,0.02781411083670645,0.01,399,4,156
dbpedia-entity,rr,20,0.01,weighted_cvl,227,1653,1016,0,0,0.0,0.06050244283534206,0.07085369694080648,0.02781411083670645,0.01,399,4,156
dbpedia-entity,rr,20,0.01,uniform,228,1686,1038,0,0,0.0006106080597220731,0.10399584571748917,0.059789457997673566,0.058739261906304234,0.009389391940277927,399,4,156
dbpedia-entity,rr,20,0.01,uniform_nz,228,1649,1038,0,0,0.0006106080597220731,0.06392811046359347,0.059789457997673566,0.058739261906304234,0.009389391940277927,399,4,156
dbpedia-entity,rr,20,0.01,weighted,228,1645,1038,0,0,0.0006106080597220731,0.059789457997673566,0.059789457997673566,0.058739261906304234,0.009389391940277927,399,4,156
dbpedia-entity,rr,20,0.01,active_judge,228,1675,1038,0,0,0.0006106080597220731,0.12491353361937815,0.059789457997673566,0.058739261906304234,0.009389391940277927,399,4,156
dbpedia-entity,rr,20,0.01,strat_pilot,228,1651,1038,0,0,0.0006106080597220731,0.05982321099137851,0.059789457997673566,0.058739261906304234,0.009389391940277927,399,4,156
dbpedia-entity,rr,20,0.01,weighted_cv,228,1673,1038,0,0,0.0006106080597220731,0.04031732621406946,0.059789457997673566,0.058739261906304234,0.009389391940277927,399,4,156
dbpedia-entity,rr,20,0.01,active_cv,228,1679,1038,0,0,0.0006106080597220731,0.049074208859449256,0.059789457997673566,0.058739261906304234,0.009389391940277927,399,4,156
dbpedia-entity,rr,20,0.01,weighted_cvl,228,1662,1038,0,0,0.0006106080597220731,0.043854552741277676,0.059789457997673566,0.058739261906304234,0.009389391940277927,399,4,156
dbpedia-entity,rr,20,0.01,uniform,229,1675,1065,0,0,0.0,0.20927003393028665,0.08145854563016075,0.026894718703929225,0.01,399,4,156
dbpedia-entity,rr,20,0.01,uniform_nz,229,1675,1065,1,0,0.0,0.10115699682816814,0.08145854563016075,0.026894718703929225,0.01,399,4,156
dbpedia-entity,rr,20,0.01,weighted,229,1701,1065,1,0,0.0,0.08145854563016075,0.08145854563016075,0.026894718703929225,0.01,399,4,156
dbpedia-entity,rr,20,0.01,active_judge,229,1688,1065,0,0,0.0,0.21044901086920662,0.08145854563016075,0.026894718703929225,0.01,399,4,156
dbpedia-entity,rr,20,0.01,strat_pilot,229,1695,1065,0,0,0.0,0.08065419861852609,0.08145854563016075,0.026894718703929225,0.01,399,4,156
dbpedia-entity,rr,20,0.01,weighted_cv,229,1683,1065,0,0,0.0,0.07668539430132562,0.08145854563016075,0.026894718703929225,0.01,399,4,156
dbpedia-entity,rr,20,0.01,active_cv,229,1729,1065,0,0,0.0,0.12078992337093752,0.08145854563016075,0.026894718703929225,0.01,399,4,156
dbpedia-entity,rr,20,0.01,weighted_cvl,229,1677,1065,1,0,0.0,0.06508632602055796,0.08145854563016075,0.026894718703929225,0.01,399,4,156
dbpedia-entity,rr,20,0.01,uniform,230,1623,1017,0,0,0.0193652961407349,0.6286932246643239,0.06969981915518585,0.05438611584780316,-0.0093652961407349,399,4,156
dbpedia-entity,rr,20,0.01,uniform_nz,230,1659,1017,0,0,0.0193652961407349,0.46821144404306886,0.06969981915518585,0.05438611584780316,-0.0093652961407349,399,4,156
dbpedia-entity,rr,20,0.01,weighted,230,1613,1017,0,0,0.0193652961407349,0.06969981915518585,0.06969981915518585,0.05438611584780316,-0.0093652961407349,399,4,156
dbpedia-entity,rr,20,0.01,active_judge,230,1627,1017,0,0,0.0193652961407349,0.13639877652502091,0.06969981915518585,0.05438611584780316,-0.0093652961407349,399,4,156
dbpedia-entity,rr,20,0.01,strat_pilot,230,1607,1017,0,0,0.0193652961407349,0.07023626385256007,0.06969981915518585,0.05438611584780316,-0.0093652961407349,399,4,156
dbpedia-entity,rr,20,0.01,weighted_cv,230,1593,1017,0,0,0.0193652961407349,0.06702319869636764,0.06969981915518585,0.05438611584780316,-0.0093652961407349,399,4,156
dbpedia-entity,rr,20,0.01,active_cv,230,1635,1017,0,0,0.0193652961407349,0.08311283063570371,0.06969981915518585,0.05438611584780316,-0.0093652961407349,399,4,156
dbpedia-entity,rr,20,0.01,weighted_cvl,230,1646,1017,0,0,0.0193652961407349,0.06702319869636764,0.06969981915518585,0.05438611584780316,-0.0093652961407349,399,4,156
dbpedia-entity,rr,20,0.01,uniform,231,1695,1084,0,0,0.01614325985711873,0.2894172473554418,0.0816716405330504,0.06239492579282533,-0.00614325985711873,399,4,156
dbpedia-entity,rr,20,0.01,uniform_nz,231,1732,1084,0,0,0.01614325985711873,0.1387915777613979,0.0816716405330504,0.06239492579282533,-0.00614325985711873,399,4,156
dbpedia-entity,rr,20,0.01,weighted,231,1763,1084,0,0,0.01614325985711873,0.0816716405330504,0.0816716405330504,0.06239492579282533,-0.00614325985711873,399,4,156
dbpedia-entity,rr,20,0.01,active_judge,231,1727,1084,0,0,0.01614325985711873,0.18771034363964129,0.0816716405330504,0.06239492579282533,-0.00614325985711873,399,4,156
dbpedia-entity,rr,20,0.01,strat_pilot,231,1697,1084,0,0,0.01614325985711873,0.08136179554372362,0.0816716405330504,0.06239492579282533,-0.00614325985711873,399,4,156
dbpedia-entity,rr,20,0.01,weighted_cv,231,1745,1084,0,0,0.01614325985711873,0.09407494081836827,0.0816716405330504,0.06239492579282533,-0.00614325985711873,399,4,156
dbpedia-entity,rr,20,0.01,active_cv,231,1692,1084,0,0,0.01614325985711873,0.11348466679492382,0.0816716405330504,0.06239492579282533,-0.00614325985711873,399,4,156
dbpedia-entity,rr,20,0.01,weighted_cvl,231,1670,1084,0,0,0.01614325985711873,0.05834745738517109,0.0816716405330504,0.06239492579282533,-0.00614325985711873,399,4,156
dbpedia-entity,rr,20,0.01,uniform,232,1672,1026,0,0,0.005154419953848577,0.2968136880190698,0.08436517612006438,0.03944626899560486,0.004845580046151423,399,4,156
dbpedia-entity,rr,20,0.01,uniform_nz,232,1659,1026,0,0,0.005154419953848577,0.1372918189594386,0.08436517612006438,0.03944626899560486,0.004845580046151423,399,4,156
dbpedia-entity,rr,20,0.01,weighted,232,1609,1026,0,0,0.005154419953848577,0.08436517612006438,0.08436517612006438,0.03944626899560486,0.004845580046151423,399,4,156
dbpedia-entity,rr,20,0.01,active_judge,232,1606,1026,0,0,0.005154419953848577,0.2161036787849449,0.08436517612006438,0.03944626899560486,0.004845580046151423,399,4,156
dbpedia-entity,rr,20,0.01,strat_pilot,232,1667,1026,0,0,0.005154419953848577,0.08435169654458313,0.08436517612006438,0.03944626899560486,0.004845580046151423,399,4,156
dbpedia-entity,rr,20,0.01,weighted_cv,232,1648,1026,0,0,0.005154419953848577,0.07988362770088667,0.08436517612006438,0.03944626899560486,0.004845580046151423,399,4,156
dbpedia-entity,rr,20,0.01,active_cv,232,1627,1026,0,0,0.005154419953848577,0.08890389287889902,0.08436517612006438,0.03944626899560486,0.004845580046151423,399,4,156
dbpedia-entity,rr,20,0.01,weighted_cvl,232,1687,1026,0,0,0.005154419953848577,0.05623458009954585,0.08436517612006438,0.03944626899560486,0.004845580046151423,399,4,156
dbpedia-entity,rr,20,0.01,uniform,233,1716,1061,0,0,0.0003334835725949947,0.26844960842650106,0.10056135046721024,0.011875090967877951,0.009666516427405005,399,4,156
dbpedia-entity,rr,20,0.01,uniform_nz,233,1737,1061,0,0,0.0003334835725949947,0.14577944425622164,0.10056135046721024,0.011875090967877951,0.009666516427405005,399,4,156
dbpedia-entity,rr,20,0.01,weighted,233,1689,1061,0,0,0.0003334835725949947,0.10056135046721024,0.10056135046721024,0.011875090967877951,0.009666516427405005,399,4,156
dbpedia-entity,rr,20,0.01,active_judge,233,1718,1061,0,0,0.0003334835725949947,0.22217653565134468,0.10056135046721024,0.011875090967877951,0.009666516427405005,399,4,156
dbpedia-entity,rr,20,0.01,strat_pilot,233,1671,1061,1,0,0.0003334835725949947,0.10059405745249003,0.10056135046721024,0.011875090967877951,0.009666516427405005,399,4,156
dbpedia-entity,rr,20,0.01,weighted_cv,233,1642,1061,0,0,0.0003334835725949947,0.07648363793323107,0.10056135046721024,0.011875090967877951,0.009666516427405005,399,4,156
dbpedia-entity,rr,20,0.01,active_cv,233,1696,1061,0,0,0.0003334835725949947,0.10253446426944217,0.10056135046721024,0.011875090967877951,0.009666516427405005,399,4,156
dbpedia-entity,rr,20,0.01,weighted_cvl,233,1665,1061,0,0,0.0003334835725949947,0.06422075171575341,0.10056135046721024,0.011875090967877951,0.009666516427405005,399,4,156
dbpedia-entity,rr,20,0.01,uniform,234,1432,983,0,0,0.04083648051038097,0.6250036018711651,0.07245357161389242,0.010902390539304956,-0.030836480510380966,399,4,111
dbpedia-entity,rr,20,0.01,uniform_nz,234,1425,983,0,0,0.04083648051038097,0.3078177607477953,0.07245357161389242,0.010902390539304956,-0.030836480510380966,399,4,111
dbpedia-entity,rr,20,0.01,weighted,234,1447,983,0,0,0.04083648051038097,0.07245357161389242,0.07245357161389242,0.010902390539304956,-0.030836480510380966,399,4,111
dbpedia-entity,rr,20,0.01,active_judge,234,1420,983,0,0,0.04083648051038097,0.21889335903627627,0.07245357161389242,0.010902390539304956,-0.030836480510380966,399,4,111
dbpedia-entity,rr,20,0.01,strat_pilot,234,1427,983,0,0,0.04083648051038097,0.07251017702204335,0.07245357161389242,0.010902390539304956,-0.030836480510380966,399,4,111
dbpedia-entity,rr,20,0.01,weighted_cv,234,1405,983,0,0,0.04083648051038097,0.060926144560215875,0.07245357161389242,0.010902390539304956,-0.030836480510380966,399,4,111
dbpedia-entity,rr,20,0.01,active_cv,234,1467,983,0,0,0.04083648051038097,0.08328061379380738,0.07245357161389242,0.010902390539304956,-0.030836480510380966,399,4,111
dbpedia-entity,rr,20,0.01,weighted_cvl,234,1403,983,0,0,0.04083648051038097,0.05130734473930765,0.07245357161389242,0.010902390539304956,-0.030836480510380966,399,4,111
dbpedia-entity,rr,20,0.01,uniform,235,1617,1006,0,0,0.0,0.13517853277345276,0.06228596451651276,0.04953257280626377,0.01,399,4,156
dbpedia-entity,rr,20,0.01,uniform_nz,235,1642,1006,0,0,0.0,0.07553298748704487,0.06228596451651276,0.04953257280626377,0.01,399,4,156
dbpedia-entity,rr,20,0.01,weighted,235,1608,1006,0,0,0.0,0.06228596451651276,0.06228596451651276,0.04953257280626377,0.01,399,4,156
dbpedia-entity,rr,20,0.01,active_judge,235,1612,1006,0,0,0.0,0.13433496103948422,0.06228596451651276,0.04953257280626377,0.01,399,4,156
dbpedia-entity,rr,20,0.01,strat_pilot,235,1637,1006,1,0,0.0,0.06251477156031975,0.06228596451651276,0.04953257280626377,0.01,399,4,156
dbpedia-entity,rr,20,0.01,weighted_cv,235,1627,1006,0,0,0.0,0.06312444648304312,0.06228596451651276,0.04953257280626377,0.01,399,4,156
dbpedia-entity,rr,20,0.01,active_cv,235,1662,1006,0,0,0.0,0.08115791629302346,0.06228596451651276,0.04953257280626377,0.01,399,4,156
dbpedia-entity,rr,20,0.01,weighted_cvl,235,1646,1006,0,0,0.0,0.05536123301560333,0.06228596451651276,0.04953257280626377,0.01,399,4,156
dbpedia-entity,rr,20,0.01,uniform,236,1638,1033,0,0,0.0,0.2518893739077119,0.0949902640933232,0.06030062795892174,0.01,399,4,156
dbpedia-entity,rr,20,0.01,uniform_nz,236,1659,1033,0,0,0.0,0.14907631520124634,0.0949902640933232,0.06030062795892174,0.01,399,4,156
dbpedia-entity,rr,20,0.01,weighted,236,1648,1033,0,0,0.0,0.0949902640933232,0.0949902640933232,0.06030062795892174,0.01,399,4,156
dbpedia-entity,rr,20,0.01,active_judge,236,1607,1033,0,0,0.0,0.28691554111428796,0.0949902640933232,0.06030062795892174,0.01,399,4,156
dbpedia-entity,rr,20,0.01,strat_pilot,236,1654,1033,1,0,0.0,0.09499854622959426,0.0949902640933232,0.06030062795892174,0.01,399,4,156
dbpedia-entity,rr,20,0.01,weighted_cv,236,1702,1033,0,0,0.0,0.08797741647630061,0.0949902640933232,0.06030062795892174,0.01,399,4,156
dbpedia-entity,rr,20,0.01,active_cv,236,1652,1033,0,0,0.0,0.13526752229984407,0.0949902640933232,0.06030062795892174,0.01,399,4,156
dbpedia-entity,rr,20,0.01,weighted_cvl,236,1649,1033,0,0,0.0,0.07759680937869744,0.0949902640933232,0.06030062795892174,0.01,399,4,156
dbpedia-entity,rr,20,0.01,uniform,237,1660,1014,0,0,0.0,0.20842796731056829,0.08344875005271983,0.017976209201228527,0.01,399,4,156
dbpedia-entity,rr,20,0.01,uniform_nz,237,1606,1014,0,0,0.0,0.13064950847023432,0.08344875005271983,0.017976209201228527,0.01,399,4,156
dbpedia-entity,rr,20,0.01,weighted,237,1652,1014,0,0,0.0,0.08344875005271983,0.08344875005271983,0.017976209201228527,0.01,399,4,156
dbpedia-entity,rr,20,0.01,active_judge,237,1626,1014,0,0,0.0,0.20249204361276796,0.08344875005271983,0.017976209201228527,0.01,399,4,156
dbpedia-entity,rr,20,0.01,strat_pilot,237,1642,1014,1,0,0.0,0.08318467031376753,0.08344875005271983,0.017976209201228527,0.01,399,4,156
dbpedia-entity,rr,20,0.01,weighted_cv,237,1629,1014,0,0,0.0,0.07224560676340008,0.08344875005271983,0.017976209201228527,0.01,399,4,156
dbpedia-entity,rr,20,0.01,active_cv,237,1622,1014,0,0,0.0,0.06951791063271272,0.08344875005271983,0.017976209201228527,0.01,399,4,156
dbpedia-entity,rr,20,0.01,weighted_cvl,237,1629,1014,1,0,0.0,0.058968424035731416,0.08344875005271983,0.017976209201228527,0.01,399,4,156
dbpedia-entity,rr,20,0.01,uniform,238,1496,1068,0,0,0.0,0.11278053638638849,0.039612604495066685,0.018020163902516845,0.01,399,4,112
dbpedia-entity,rr,20,0.01,uniform_nz,238,1503,1068,0,0,0.0,0.04659706371603817,0.039612604495066685,0.018020163902516845,0.01,399,4,112
dbpedia-entity,rr,20,0.01,weighted,238,1510,1068,0,0,0.0,0.039612604495066685,0.039612604495066685,0.018020163902516845,0.01,399,4,112
dbpedia-entity,rr,20,0.01,active_judge,238,1521,1068,0,0,0.0,0.09434655564393457,0.039612604495066685,0.018020163902516845,0.01,399,4,112
dbpedia-entity,rr,20,0.01,strat_pilot,238,1538,1068,0,0,0.0,0.03958414019762442,0.039612604495066685,0.018020163902516845,0.01,399,4,112
dbpedia-entity,rr,20,0.01,weighted_cv,238,1518,1068,0,0,0.0,0.02765990549811062,0.039612604495066685,0.018020163902516845,0.01,399,4,112
dbpedia-entity,rr,20,0.01,active_cv,238,1527,1068,0,0,0.0,0.03929171092594083,0.039612604495066685,0.018020163902516845,0.01,399,4,112
dbpedia-entity,rr,20,0.01,weighted_cvl,238,1536,1068,0,0,0.0,0.022973733428815302,0.039612604495066685,0.018020163902516845,0.01,399,4,112
dbpedia-entity,rr,20,0.01,uniform,239,1654,1014,0,0,0.0,0.15841960170392538,0.0837906787413547,0.02725394919970702,0.01,399,4,156
dbpedia-entity,rr,20,0.01,uniform_nz,239,1635,1014,0,0,0.0,0.09890966713593247,0.0837906787413547,0.02725394919970702,0.01,399,4,156
dbpedia-entity,rr,20,0.01,weighted,239,1599,1014,0,0,0.0,0.0837906787413547,0.0837906787413547,0.02725394919970702,0.01,399,4,156
dbpedia-entity,rr,20,0.01,active_judge,239,1626,1014,0,0,0.0,0.17405050900674246,0.0837906787413547,0.02725394919970702,0.01,399,4,156
dbpedia-entity,rr,20,0.01,strat_pilot,239,1637,1014,0,0,0.0,0.08381318897158192,0.0837906787413547,0.02725394919970702,0.01,399,4,156
dbpedia-entity,rr,20,0.01,weighted_cv,239,1644,1014,0,0,0.0,0.0652776337016713,0.0837906787413547,0.02725394919970702,0.01,399,4,156
dbpedia-entity,rr,20,0.01,active_cv,239,1620,1014,0,0,0.0,0.0874977654109493,0.0837906787413547,0.02725394919970702,0.01,399,4,156
dbpedia-entity,rr,20,0.01,weighted_cvl,239,1606,1014,1,0,0.0,0.04481220399844207,0.0837906787413547,0.02725394919970702,0.01,399,4,156
dbpedia-entity,rr,20,0.01,uniform,240,1563,973,0,0,0.0,0.1804595685167778,0.0632199193382796,0.045100124730436855,0.01,399,4,156
dbpedia-entity,rr,20,0.01,uniform_nz,240,1598,973,0,0,0.0,0.1007639368095891,0.0632199193382796,0.045100124730436855,0.01,399,4,156
dbpedia-entity,rr,20,0.01,weighted,240,1619,973,0,0,0.0,0.0632199193382796,0.0632199193382796,0.045100124730436855,0.01,399,4,156
dbpedia-entity,rr,20,0.01,active_judge,240,1579,973,0,0,0.0,0.16441783823771045,0.0632199193382796,0.045100124730436855,0.01,399,4,156
dbpedia-entity,rr,20,0.01,strat_pilot,240,1616,973,0,0,0.0,0.06296798100171874,0.0632199193382796,0.045100124730436855,0.01,399,4,156
dbpedia-entity,rr,20,0.01,weighted_cv,240,1577,973,0,0,0.0,0.05263249306662645,0.0632199193382796,0.045100124730436855,0.01,399,4,156
dbpedia-entity,rr,20,0.01,active_cv,240,1594,973,0,0,0.0,0.06626935963085027,0.0632199193382796,0.045100124730436855,0.01,399,4,156
dbpedia-entity,rr,20,0.01,weighted_cvl,240,1575,973,1,0,0.0,0.036317911685039554,0.0632199193382796,0.045100124730436855,0.01,399,4,156
dbpedia-entity,rr,20,0.01,uniform,241,1642,1017,0,0,0.0,0.19952468074000387,0.08392595167732189,0.049971826279211914,0.01,399,4,156
dbpedia-entity,rr,20,0.01,uniform_nz,241,1651,1017,1,0,0.0,0.12656137378825327,0.08392595167732189,0.049971826279211914,0.01,399,4,156
dbpedia-entity,rr,20,0.01,weighted,241,1654,1017,0,0,0.0,0.08392595167732189,0.08392595167732189,0.049971826279211914,0.01,399,4,156
dbpedia-entity,rr,20,0.01,active_judge,241,1646,1017,0,0,0.0,0.23137173696677485,0.08392595167732189,0.049971826279211914,0.01,399,4,156
dbpedia-entity,rr,20,0.01,strat_pilot,241,1635,1017,0,0,0.0,0.08383730448865195,0.08392595167732189,0.049971826279211914,0.01,399,4,156
dbpedia-entity,rr,20,0.01,weighted_cv,241,1649,1017,0,0,0.0,0.05944574386866051,0.08392595167732189,0.049971826279211914,0.01,399,4,156
dbpedia-entity,rr,20,0.01,active_cv,241,1625,1017,0,0,0.0,0.0835836897749213,0.08392595167732189,0.049971826279211914,0.01,399,4,156
dbpedia-entity,rr,20,0.01,weighted_cvl,241,1661,1017,0,0,0.0,0.04717007559025517,0.08392595167732189,0.049971826279211914,0.01,399,4,156
dbpedia-entity,rr,20,0.01,uniform,242,1643,1007,0,0,0.0,0.26258612228404976,0.09642748286922524,0.022489082722311936,0.01,399,4,156
dbpedia-entity,rr,20,0.01,uniform_nz,242,1633,1007,0,0,0.0,0.14590320173081595,0.09642748286922524,0.022489082722311936,0.01,399,4,156
dbpedia-entity,rr,20,0.01,weighted,242,1661,1007,0,0,0.0,0.09642748286922524,0.09642748286922524,0.022489082722311936,0.01,399,4,156
dbpedia-entity,rr,20,0.01,active_judge,242,1597,1007,0,0,0.0,0.2181056755131982,0.09642748286922524,0.022489082722311936,0.01,399,4,156
dbpedia-entity,rr,20,0.01,strat_pilot,242,1594,1007,0,0,0.0,0.09624413754313381,0.09642748286922524,0.022489082722311936,0.01,399,4,156
dbpedia-entity,rr,20,0.01,weighted_cv,242,1637,1007,0,0,0.0,0.08228682544916663,0.09642748286922524,0.022489082722311936,0.01,399,4,156
dbpedia-entity,rr,20,0.01,active_cv,242,1611,1007,1,0,0.0,0.10049785238678197,0.09642748286922524,0.022489082722311936,0.01,399,4,156
dbpedia-entity,rr,20,0.01,weighted_cvl,242,1620,1007,0,0,0.0,0.0720807513212835,0.09642748286922524,0.022489082722311936,0.01,399,4,156
dbpedia-entity,rr,20,0.01,uniform,243,1315,981,0,0,0.017707488948202454,0.18426957915355652,0.033505752920005495,0.004074474287322587,-0.007707488948202454,399,4,94
dbpedia-entity,rr,20,0.01,uniform_nz,243,1334,981,0,0,0.017707488948202454,0.04368322465693652,0.033505752920005495,0.004074474287322587,-0.007707488948202454,399,4,94
dbpedia-entity,rr,20,0.01,weighted,243,1370,981,0,0,0.017707488948202454,0.033505752920005495,0.033505752920005495,0.004074474287322587,-0.007707488948202454,399,4,94
dbpedia-entity,rr,20,0.01,active_judge,243,1367,981,0,0,0.017707488948202454,0.10057489211108624,0.033505752920005495,0.004074474287322587,-0.007707488948202454,399,4,94
dbpedia-entity,rr,20,0.01,strat_pilot,243,1374,981,0,0,0.017707488948202454,0.03291204029897853,0.033505752920005495,0.004074474287322587,-0.007707488948202454,399,4,94
dbpedia-entity,rr,20,0.01,weighted_cv,243,1374,981,0,0,0.017707488948202454,0.04377090590306137,0.033505752920005495,0.004074474287322587,-0.007707488948202454,399,4,94
dbpedia-entity,rr,20,0.01,active_cv,243,1342,981,0,0,0.017707488948202454,0.06633347251030859,0.033505752920005495,0.004074474287322587,-0.007707488948202454,399,4,94
dbpedia-entity,rr,20,0.01,weighted_cvl,243,1319,981,0,0,0.017707488948202454,0.02490713864648041,0.033505752920005495,0.004074474287322587,-0.007707488948202454,399,4,94
dbpedia-entity,rr,20,0.01,uniform,244,1627,1024,0,0,0.0,0.20138218518352127,0.09080121733752704,0.0051508498023843385,0.01,399,4,156
dbpedia-entity,rr,20,0.01,uniform_nz,244,1687,1024,0,0,0.0,0.12335781253007387,0.09080121733752704,0.0051508498023843385,0.01,399,4,156
dbpedia-entity,rr,20,0.01,weighted,244,1643,1024,0,0,0.0,0.09080121733752704,0.09080121733752704,0.0051508498023843385,0.01,399,4,156
dbpedia-entity,rr,20,0.01,active_judge,244,1684,1024,0,0,0.0,0.20727355526213312,0.09080121733752704,0.0051508498023843385,0.01,399,4,156
dbpedia-entity,rr,20,0.01,strat_pilot,244,1669,1024,0,0,0.0,0.09080956636951906,0.09080121733752704,0.0051508498023843385,0.01,399,4,156
dbpedia-entity,rr,20,0.01,weighted_cv,244,1653,1024,0,0,0.0,0.06019881784233707,0.09080121733752704,0.0051508498023843385,0.01,399,4,156
dbpedia-entity,rr,20,0.01,active_cv,244,1656,1024,0,0,0.0,0.072483352308474,0.09080121733752704,0.0051508498023843385,0.01,399,4,156
dbpedia-entity,rr,20,0.01,weighted_cvl,244,1635,1024,0,0,0.0,0.04790236561156975,0.09080121733752704,0.0051508498023843385,0.01,399,4,156
dbpedia-entity,rr,20,0.01,uniform,245,1708,1042,0,0,0.0,0.15958378935635206,0.07834986738118963,0.03758813588195711,0.01,399,4,156
dbpedia-entity,rr,20,0.01,uniform_nz,245,1692,1042,0,0,0.0,0.10591163798009189,0.07834986738118963,0.03758813588195711,0.01,399,4,156
dbpedia-entity,rr,20,0.01,weighted,245,1625,1042,1,0,0.0,0.07834986738118963,0.07834986738118963,0.03758813588195711,0.01,399,4,156
dbpedia-entity,rr,20,0.01,active_judge,245,1633,1042,0,0,0.0,0.19974776525316845,0.07834986738118963,0.03758813588195711,0.01,399,4,156
dbpedia-entity,rr,20,0.01,strat_pilot,245,1699,1042,1,0,0.0,0.0782543189349983,0.07834986738118963,0.03758813588195711,0.01,399,4,156
dbpedia-entity,rr,20,0.01,weighted_cv,245,1669,1042,0,0,0.0,0.0797654521880199,0.07834986738118963,0.03758813588195711,0.01,399,4,156
dbpedia-entity,rr,20,0.01,active_cv,245,1671,1042,0,0,0.0,0.11761129936364378,0.07834986738118963,0.03758813588195711,0.01,399,4,156
dbpedia-entity,rr,20,0.01,weighted_cvl,245,1666,1042,0,0,0.0,0.05063903296348314,0.07834986738118963,0.03758813588195711,0.01,399,4,156
dbpedia-entity,rr,20,0.01,uniform,246,1598,990,0,0,0.0,0.12987572954362864,0.076077981259254,0.03540427444831155,0.01,399,4,156
dbpedia-entity,rr,20,0.01,uniform_nz,246,1642,990,0,0,0.0,0.08447021570497137,0.076077981259254,0.03540427444831155,0.01,399,4,156
dbpedia-entity,rr,20,0.01,weighted,246,1595,990,0,0,0.0,0.076077981259254,0.076077981259254,0.03540427444831155,0.01,399,4,156
dbpedia-entity,rr,20,0.01,active_judge,246,1644,990,0,0,0.0,0.14963932030766075,0.076077981259254,0.03540427444831155,0.01,399,4,156
dbpedia-entity,rr,20,0.01,strat_pilot,246,1572,990,0,0,0.0,0.076088457897398,0.076077981259254,0.03540427444831155,0.01,399,4,156
dbpedia-entity,rr,20,0.01,weighted_cv,246,1619,990,0,0,0.0,0.049199193548488056,0.076077981259254,0.03540427444831155,0.01,399,4,156
dbpedia-entity,rr,20,0.01,active_cv,246,1607,990,0,0,0.0,0.06320080315993584,0.076077981259254,0.03540427444831155,0.01,399,4,156
dbpedia-entity,rr,20,0.01,weighted_cvl,246,1680,990,1,0,0.0,0.04198658319502251,0.076077981259254,0.03540427444831155,0.01,399,4,156
dbpedia-entity,rr,20,0.01,uniform,247,1666,1017,0,0,0.0,0.3011486519388323,0.1279407482426995,0.028015757502030336,0.01,399,4,156
dbpedia-entity,rr,20,0.01,uniform_nz,247,1628,1017,0,0,0.0,0.18949533551678469,0.1279407482426995,0.028015757502030336,0.01,399,4,156
dbpedia-entity,rr,20,0.01,weighted,247,1654,1017,0,0,0.0,0.1279407482426995,0.1279407482426995,0.028015757502030336,0.01,399,4,156
dbpedia-entity,rr,20,0.01,active_judge,247,1639,1017,0,0,0.0,0.32437247874983716,0.1279407482426995,0.028015757502030336,0.01,399,4,156
dbpedia-entity,rr,20,0.01,strat_pilot,247,1628,1017,0,0,0.0,0.12795207227720048,0.1279407482426995,0.028015757502030336,0.01,399,4,156
dbpedia-entity,rr,20,0.01,weighted_cv,247,1607,1017,0,0,0.0,0.06426678508177923,0.1279407482426995,0.028015757502030336,0.01,399,4,156
dbpedia-entity,rr,20,0.01,active_cv,247,1648,1017,0,0,0.0,0.12082108436977838,0.1279407482426995,0.028015757502030336,0.01,399,4,156
dbpedia-entity,rr,20,0.01,weighted_cvl,247,1632,1017,0,0,0.0,0.05401578668579121,0.1279407482426995,0.028015757502030336,0.01,399,4,156
dbpedia-entity,rr,20,0.01,uniform,248,1569,948,0,0,0.0,0.13565272145488236,0.07556235460766784,0.015000675517096293,0.01,399,4,156
dbpedia-entity,rr,20,0.01,uniform_nz,248,1559,948,1,0,0.0,0.08920006020847024,0.07556235460766784,0.015000675517096293,0.01,399,4,156
dbpedia-entity,rr,20,0.01,weighted,248,1577,948,0,0,0.0,0.07556235460766784,0.07556235460766784,0.015000675517096293,0.01,399,4,156
dbpedia-entity,rr,20,0.01,active_judge,248,1587,948,0,0,0.0,0.17351155037831156,0.07556235460766784,0.015000675517096293,0.01,399,4,156
dbpedia-entity,rr,20,0.01,strat_pilot,248,1576,948,0,0,0.0,0.07557148862321811,0.07556235460766784,0.015000675517096293,0.01,399,4,156
dbpedia-entity,rr,20,0.01,weighted_cv,248,1555,948,1,0,0.0,0.06038218504464934,0.07556235460766784,0.015000675517096293,0.01,399,4,156
dbpedia-entity,rr,20,0.01,active_cv,248,1587,948,0,0,0.0,0.08143826819856881,0.07556235460766784,0.015000675517096293,0.01,399,4,156
dbpedia-entity,rr,20,0.01,weighted_cvl,248,1568,948,0,0,0.0,0.0537673185436923,0.07556235460766784,0.015000675517096293,0.01,399,4,156
dbpedia-entity,rr,20,0.01,uniform,249,1602,998,0,0,0.0,0.1693248309947371,0.07873302423582802,0.035702538648831654,0.01,399,4,156
dbpedia-entity,rr,20,0.01,uniform_nz,249,1600,998,0,0,0.0,0.1019745031994134,0.07873302423582802,0.035702538648831654,0.01,399,4,156
dbpedia-entity,rr,20,0.01,weighted,249,1623,998,0,0,0.0,0.07873302423582802,0.07873302423582802,0.035702538648831654,0.01,399,4,156
dbpedia-entity,rr,20,0.01,active_judge,249,1616,998,0,0,0.0,0.17101947395425476,0.07873302423582802,0.035702538648831654,0.01,399,4,156
dbpedia-entity,rr,20,0.01,strat_pilot,249,1601,998,0,0,0.0,0.07856718371776177,0.07873302423582802,0.035702538648831654,0.01,399,4,156
dbpedia-entity,rr,20,0.01,weighted_cv,249,1618,998,0,0,0.0,0.0705813492431883,0.07873302423582802,0.035702538648831654,0.01,399,4,156
dbpedia-entity,rr,20,0.01,active_cv,249,1643,998,0,0,0.0,0.09923972458926786,0.07873302423582802,0.035702538648831654,0.01,399,4,156
dbpedia-entity,rr,20,0.01,weighted_cvl,249,1604,998,1,0,0.0,0.056765357039282836,0.07873302423582802,0.035702538648831654,0.01,399,4,156
dbpedia-entity,rr,20,0.01,uniform,250,1681,1062,0,0,0.0,0.198263993148612,0.07370325046792019,0.044467048758289156,0.01,399,4,156
dbpedia-entity,rr,20,0.01,uniform_nz,250,1688,1062,0,0,0.0,0.08683151199258972,0.07370325046792019,0.044467048758289156,0.01,399,4,156
dbpedia-entity,rr,20,0.01,weighted,250,1698,1062,1,0,0.0,0.07370325046792019,0.07370325046792019,0.044467048758289156,0.01,399,4,156
dbpedia-entity,rr,20,0.01,active_judge,250,1691,1062,0,0,0.0,0.2050065539096253,0.07370325046792019,0.044467048758289156,0.01,399,4,156
dbpedia-entity,rr,20,0.01,strat_pilot,250,1682,1062,0,0,0.0,0.07299009941013193,0.07370325046792019,0.044467048758289156,0.01,399,4,156
dbpedia-entity,rr,20,0.01,weighted_cv,250,1680,1062,0,0,0.0,0.07021618662981308,0.07370325046792019,0.044467048758289156,0.01,399,4,156
dbpedia-entity,rr,20,0.01,active_cv,250,1689,1062,0,0,0.0,0.10799127261538236,0.07370325046792019,0.044467048758289156,0.01,399,4,156
dbpedia-entity,rr,20,0.01,weighted_cvl,250,1702,1062,1,0,0.0,0.04283539165273788,0.07370325046792019,0.044467048758289156,0.01,399,4,156
dbpedia-entity,rr,20,0.01,uniform,251,1628,1035,0,0,0.0,0.10848751208488779,0.05590808627494037,0.0163199599248361,0.01,399,4,156
dbpedia-entity,rr,20,0.01,uniform_nz,251,1676,1035,1,0,0.0,0.0606982473111238,0.05590808627494037,0.0163199599248361,0.01,399,4,156
dbpedia-entity,rr,20,0.01,weighted,251,1677,1035,0,0,0.0,0.05590808627494037,0.05590808627494037,0.0163199599248361,0.01,399,4,156
dbpedia-entity,rr,20,0.01,active_judge,251,1659,1035,0,0,0.0,0.13140545102590243,0.05590808627494037,0.0163199599248361,0.01,399,4,156
dbpedia-entity,rr,20,0.01,strat_pilot,251,1669,1035,0,0,0.0,0.05594598577630344,0.05590808627494037,0.0163199599248361,0.01,399,4,156
dbpedia-entity,rr,20,0.01,weighted_cv,251,1632,1035,0,0,0.0,0.04815784777704925,0.05590808627494037,0.0163199599248361,0.01,399,4,156
dbpedia-entity,rr,20,0.01,active_cv,251,1612,1035,0,0,0.0,0.0692897301265568,0.05590808627494037,0.0163199599248361,0.01,399,4,156
dbpedia-entity,rr,20,0.01,weighted_cvl,251,1647,1035,0,0,0.0,0.03296782005935761,0.05590808627494037,0.0163199599248361,0.01,399,4,156
dbpedia-entity,rr,20,0.01,uniform,252,1634,1025,0,0,0.017302007690904064,0.26165219243770765,0.07422725212471129,0.016511032869779,-0.007302007690904064,399,4,156
dbpedia-entity,rr,20,0.01,uniform_nz,252,1685,1025,0,0,0.017302007690904064,0.1455541094276877,0.07422725212471129,0.016511032869779,-0.007302007690904064,399,4,156
dbpedia-entity,rr,20,0.01,weighted,252,1672,1025,0,0,0.017302007690904064,0.07422725212471129,0.07422725212471129,0.016511032869779,-0.007302007690904064,399,4,156
dbpedia-entity,rr,20,0.01,active_judge,252,1658,1025,0,0,0.017302007690904064,0.15172603266137286,0.07422725212471129,0.016511032869779,-0.007302007690904064,399,4,156
dbpedia-entity,rr,20,0.01,strat_pilot,252,1636,1025,0,0,0.017302007690904064,0.07398651286696012,0.07422725212471129,0.016511032869779,-0.007302007690904064,399,4,156
dbpedia-entity,rr,20,0.01,weighted_cv,252,1582,1025,0,0,0.017302007690904064,0.0759575591534859,0.07422725212471129,0.016511032869779,-0.007302007690904064,399,4,156
dbpedia-entity,rr,20,0.01,active_cv,252,1662,1025,0,0,0.017302007690904064,0.09845701249424554,0.07422725212471129,0.016511032869779,-0.007302007690904064,399,4,156
dbpedia-entity,rr,20,0.01,weighted_cvl,252,1673,1025,0,0,0.017302007690904064,0.04959383828259521,0.07422725212471129,0.016511032869779,-0.007302007690904064,399,4,156
dbpedia-entity,rr,20,0.01,uniform,253,1665,1046,0,0,0.0,0.2648253550043786,0.08253651622084715,0.03873717760642314,0.01,399,4,156
dbpedia-entity,rr,20,0.01,uniform_nz,253,1656,1046,0,0,0.0,0.1378482076263535,0.08253651622084715,0.03873717760642314,0.01,399,4,156
dbpedia-entity,rr,20,0.01,weighted,253,1666,1046,1,0,0.0,0.08253651622084715,0.08253651622084715,0.03873717760642314,0.01,399,4,156
dbpedia-entity,rr,20,0.01,active_judge,253,1664,1046,0,0,0.0,0.2643198247881761,0.08253651622084715,0.03873717760642314,0.01,399,4,156
dbpedia-entity,rr,20,0.01,strat_pilot,253,1646,1046,0,0,0.0,0.08228908381836611,0.08253651622084715,0.03873717760642314,0.01,399,4,156
dbpedia-entity,rr,20,0.01,weighted_cv,253,1674,1046,0,0,0.0,0.09369825072852943,0.08253651622084715,0.03873717760642314,0.01,399,4,156
dbpedia-entity,rr,20,0.01,active_cv,253,1671,1046,0,0,0.0,0.12726489003783398,0.08253651622084715,0.03873717760642314,0.01,399,4,156
dbpedia-entity,rr,20,0.01,weighted_cvl,253,1682,1046,1,0,0.0,0.052953684286129885,0.08253651622084715,0.03873717760642314,0.01,399,4,156
dbpedia-entity,rr,20,0.01,uniform,254,1635,1023,0,0,0.0,0.11668680415839897,0.06533219115451921,0.023426072295942714,0.01,399,4,156
dbpedia-entity,rr,20,0.01,uniform_nz,254,1671,1023,0,0,0.0,0.07399235830833936,0.06533219115451921,0.023426072295942714,0.01,399,4,156
dbpedia-entity,rr,20,0.01,weighted,254,1656,1023,0,0,0.0,0.06533219115451921,0.06533219115451921,0.023426072295942714,0.01,399,4,156
dbpedia-entity,rr,20,0.01,active_judge,254,1623,1023,0,0,0.0,0.1406348480530414,0.06533219115451921,0.023426072295942714,0.01,399,4,156
dbpedia-entity,rr,20,0.01,strat_pilot,254,1661,1023,0,0,0.0,0.0653523267336906,0.06533219115451921,0.023426072295942714,0.01,399,4,156
dbpedia-entity,rr,20,0.01,weighted_cv,254,1682,1023,0,0,0.0,0.04710715754222986,0.06533219115451921,0.023426072295942714,0.01,399,4,156
dbpedia-entity,rr,20,0.01,active_cv,254,1627,1023,0,0,0.0,0.06857145693883467,0.06533219115451921,0.023426072295942714,0.01,399,4,156
dbpedia-entity,rr,20,0.01,weighted_cvl,254,1602,1023,0,0,0.0,0.04730684326409485,0.06533219115451921,0.023426072295942714,0.01,399,4,156
dbpedia-entity,rr,20,0.01,uniform,255,1650,1003,0,0,0.0,0.16145365216725366,0.07670532251331855,0.0383567295315175,0.01,399,4,156
dbpedia-entity,rr,20,0.01,uniform_nz,255,1618,1003,0,0,0.0,0.09421044339904124,0.07670532251331855,0.0383567295315175,0.01,399,4,156
dbpedia-entity,rr,20,0.01,weighted,255,1650,1003,1,0,0.0,0.07670532251331855,0.07670532251331855,0.0383567295315175,0.01,399,4,156
dbpedia-entity,rr,20,0.01,active_judge,255,1629,1003,0,0,0.0,0.17647698880345494,0.07670532251331855,0.0383567295315175,0.01,399,4,156
dbpedia-entity,rr,20,0.01,strat_pilot,255,1607,1003,0,0,0.0,0.0767171129099249,0.07670532251331855,0.0383567295315175,0.01,399,4,156
dbpedia-entity,rr,20,0.01,weighted_cv,255,1576,1003,0,0,0.0,0.06436252602602814,0.07670532251331855,0.0383567295315175,0.01,399,4,156
dbpedia-entity,rr,20,0.01,active_cv,255,1652,1003,0,0,0.0,0.09078713704645759,0.07670532251331855,0.0383567295315175,0.01,399,4,156
dbpedia-entity,rr,20,0.01,weighted_cvl,255,1641,1003,0,0,0.0,0.06422653965609634,0.07670532251331855,0.0383567295315175,0.01,399,4,156
dbpedia-entity,rr,20,0.01,uniform,256,1560,952,0,0,0.0,0.1044041526376736,0.06690902132941819,0.05033225263055994,0.01,399,4,156
dbpedia-entity,rr,20,0.01,uniform_nz,256,1572,952,0,0,0.0,0.07424774543263607,0.06690902132941819,0.05033225263055994,0.01,399,4,156
dbpedia-entity,rr,20,0.01,weighted,256,1540,952,0,0,0.0,0.06690902132941819,0.06690902132941819,0.05033225263055994,0.01,399,4,156
dbpedia-entity,rr,20,0.01,active_judge,256,1572,952,0,0,0.0,0.13977995199563362,0.06690902132941819,0.05033225263055994,0.01,399,4,156
dbpedia-entity,rr,20,0.01,strat_pilot,256,1586,952,0,0,0.0,0.06688822728987487,0.06690902132941819,0.05033225263055994,0.01,399,4,156
dbpedia-entity,rr,20,0.01,weighted_cv,256,1551,952,0,0,0.0,0.04196112414275316,0.06690902132941819,0.05033225263055994,0.01,399,4,156
dbpedia-entity,rr,20,0.01,active_cv,256,1534,952,0,0,0.0,0.05199390390079757,0.06690902132941819,0.05033225263055994,0.01,399,4,156
dbpedia-entity,rr,20,0.01,weighted_cvl,256,1572,952,0,0,0.0,0.05189645812583212,0.06690902132941819,0.05033225263055994,0.01,399,4,156
dbpedia-entity,rr,20,0.01,uniform,257,1664,1031,0,0,0.0,0.14312654464269703,0.07435858189603593,0.02935900532654233,0.01,399,4,156
dbpedia-entity,rr,20,0.01,uniform_nz,257,1665,1031,0,0,0.0,0.07700074657413095,0.07435858189603593,0.02935900532654233,0.01,399,4,156
dbpedia-entity,rr,20,0.01,weighted,257,1678,1031,0,0,0.0,0.07435858189603593,0.07435858189603593,0.02935900532654233,0.01,399,4,156
dbpedia-entity,rr,20,0.01,active_judge,257,1670,1031,0,0,0.0,0.1617174605934605,0.07435858189603593,0.02935900532654233,0.01,399,4,156
dbpedia-entity,rr,20,0.01,strat_pilot,257,1673,1031,0,0,0.0,0.07429369781048163,0.07435858189603593,0.02935900532654233,0.01,399,4,156
dbpedia-entity,rr,20,0.01,weighted_cv,257,1651,1031,0,0,0.0,0.07490644440197063,0.07435858189603593,0.02935900532654233,0.01,399,4,156
dbpedia-entity,rr,20,0.01,active_cv,257,1619,1031,0,0,0.0,0.11094509946502766,0.07435858189603593,0.02935900532654233,0.01,399,4,156
dbpedia-entity,rr,20,0.01,weighted_cvl,257,1622,1031,0,0,0.0,0.0577800705356075,0.07435858189603593,0.02935900532654233,0.01,399,4,156
dbpedia-entity,rr,20,0.01,uniform,258,1724,1045,0,0,0.0,0.19196628357679751,0.08168687027915696,0.06089319315218767,0.01,399,4,156
dbpedia-entity,rr,20,0.01,uniform_nz,258,1666,1045,0,0,0.0,0.10434298335272392,0.08168687027915696,0.06089319315218767,0.01,399,4,156
dbpedia-entity,rr,20,0.01,weighted,258,1686,1045,1,0,0.0,0.08168687027915696,0.08168687027915696,0.06089319315218767,0.01,399,4,156
dbpedia-entity,rr,20,0.01,active_judge,258,1665,1045,0,0,0.0,0.25321580882492356,0.08168687027915696,0.06089319315218767,0.01,399,4,156
dbpedia-entity,rr,20,0.01,strat_pilot,258,1637,1045,1,0,0.0,0.0816366186820941,0.08168687027915696,0.06089319315218767,0.01,399,4,156
dbpedia-entity,rr,20,0.01,weighted_cv,258,1713,1045,1,0,0.0,0.06343300892599983,0.08168687027915696,0.06089319315218767,0.01,399,4,156
dbpedia-entity,rr,20,0.01,active_cv,258,1705,1045,0,0,0.0,0.09767326361520685,0.08168687027915696,0.06089319315218767,0.01,399,4,156
dbpedia-entity,rr,20,0.01,weighted_cvl,258,1681,1045,1,0,0.0,0.05246069895749914,0.08168687027915696,0.06089319315218767,0.01,399,4,156
dbpedia-entity,rr,20,0.01,uniform,259,1628,982,0,0,0.0,0.18268677955749427,0.06544329740461627,0.04357698550689973,0.01,399,4,156
dbpedia-entity,rr,20,0.01,uniform_nz,259,1616,982,0,0,0.0,0.10530507050818842,0.06544329740461627,0.04357698550689973,0.01,399,4,156
dbpedia-entity,rr,20,0.01,weighted,259,1608,982,1,0,0.0,0.06544329740461627,0.06544329740461627,0.04357698550689973,0.01,399,4,156
dbpedia-entity,rr,20,0.01,active_judge,259,1618,982,0,0,0.0,0.17425658949255327,0.06544329740461627,0.04357698550689973,0.01,399,4,156
dbpedia-entity,rr,20,0.01,strat_pilot,259,1594,982,0,0,0.0,0.06509651895895353,0.06544329740461627,0.04357698550689973,0.01,399,4,156
dbpedia-entity,rr,20,0.01,weighted_cv,259,1617,982,0,0,0.0,0.07030433284632635,0.06544329740461627,0.04357698550689973,0.01,399,4,156
dbpedia-entity,rr,20,0.01,active_cv,259,1576,982,0,0,0.0,0.0986598881996259,0.06544329740461627,0.04357698550689973,0.01,399,4,156
dbpedia-entity,rr,20,0.01,weighted_cvl,259,1639,982,1,0,0.0,0.04370996396224541,0.06544329740461627,0.04357698550689973,0.01,399,4,156
dbpedia-entity,rr,20,0.01,uniform,260,1682,1048,0,0,0.0,0.11075833691586501,0.061047352410981005,0.017684022945640664,0.01,399,4,156
dbpedia-entity,rr,20,0.01,uniform_nz,260,1656,1048,0,0,0.0,0.0689071150366907,0.061047352410981005,0.017684022945640664,0.01,399,4,156
dbpedia-entity,rr,20,0.01,weighted,260,1654,1048,0,0,0.0,0.061047352410981005,0.061047352410981005,0.017684022945640664,0.01,399,4,156
dbpedia-entity,rr,20,0.01,active_judge,260,1658,1048,0,0,0.0,0.1405754738808805,0.061047352410981005,0.017684022945640664,0.01,399,4,156
dbpedia-entity,rr,20,0.01,strat_pilot,260,1643,1048,0,0,0.0,0.061103326364969936,0.061047352410981005,0.017684022945640664,0.01,399,4,156
dbpedia-entity,rr,20,0.01,weighted_cv,260,1661,1048,0,0,0.0,0.055116793628757675,0.061047352410981005,0.017684022945640664,0.01,399,4,156
dbpedia-entity,rr,20,0.01,active_cv,260,1719,1048,0,0,0.0,0.08743336261085095,0.061047352410981005,0.017684022945640664,0.01,399,4,156
dbpedia-entity,rr,20,0.01,weighted_cvl,260,1662,1048,0,0,0.0,0.03975991290143284,0.061047352410981005,0.017684022945640664,0.01,399,4,156
dbpedia-entity,rr,20,0.01,uniform,261,1400,948,0,0,0.0,0.09531930888423992,0.04918263361816475,0.03320046413039514,0.01,399,4,112
dbpedia-entity,rr,20,0.01,uniform_nz,261,1391,948,0,0,0.0,0.0570724272299649,0.04918263361816475,0.03320046413039514,0.01,399,4,112
dbpedia-entity,rr,20,0.01,weighted,261,1414,948,0,0,0.0,0.04918263361816475,0.04918263361816475,0.03320046413039514,0.01,399,4,112
dbpedia-entity,rr,20,0.01,active_judge,261,1397,948,0,0,0.0,0.174583565361676,0.04918263361816475,0.03320046413039514,0.01,399,4,112
dbpedia-entity,rr,20,0.01,strat_pilot,261,1396,948,0,0,0.0,0.04889978811892418,0.04918263361816475,0.03320046413039514,0.01,399,4,112
dbpedia-entity,rr,20,0.01,weighted_cv,261,1402,948,0,0,0.0,0.055177915232404784,0.04918263361816475,0.03320046413039514,0.01,399,4,112
dbpedia-entity,rr,20,0.01,active_cv,261,1407,948,0,0,0.0,0.08045279672854093,0.04918263361816475,0.03320046413039514,0.01,399,4,112
dbpedia-entity,rr,20,0.01,weighted_cvl,261,1371,948,0,0,0.0,0.03726551698432372,0.04918263361816475,0.03320046413039514,0.01,399,4,112
dbpedia-entity,rr,20,0.01,uniform,262,1430,983,0,0,0.0,0.14248243299337834,0.06603115754496611,0.04606082969318263,0.01,399,4,112
dbpedia-entity,rr,20,0.01,uniform_nz,262,1474,983,0,0,0.0,0.07462739427275605,0.06603115754496611,0.04606082969318263,0.01,399,4,112
dbpedia-entity,rr,20,0.01,weighted,262,1421,983,1,0,0.0,0.06603115754496611,0.06603115754496611,0.04606082969318263,0.01,399,4,112
dbpedia-entity,rr,20,0.01,active_judge,262,1418,983,0,0,0.0,0.149314895090573,0.06603115754496611,0.04606082969318263,0.01,399,4,112
dbpedia-entity,rr,20,0.01,strat_pilot,262,1424,983,0,0,0.0,0.06603297245092374,0.06603115754496611,0.04606082969318263,0.01,399,4,112
dbpedia-entity,rr,20,0.01,weighted_cv,262,1406,983,1,0,0.0,0.035309783568786966,0.06603115754496611,0.04606082969318263,0.01,399,4,112
dbpedia-entity,rr,20,0.01,active_cv,262,1388,983,0,0,0.0,0.04317273747002592,0.06603115754496611,0.04606082969318263,0.01,399,4,112
dbpedia-entity,rr,20,0.01,weighted_cvl,262,1414,983,0,0,0.0,0.048193939430528535,0.06603115754496611,0.04606082969318263,0.01,399,4,112
dbpedia-entity,rr,20,0.01,uniform,263,1639,1017,0,0,0.002624021807128396,0.19837704144763754,0.09186517918827891,0.06840471474944228,0.007375978192871604,399,4,156
dbpedia-entity,rr,20,0.01,uniform_nz,263,1633,1017,0,0,0.002624021807128396,0.12739003311892533,0.09186517918827891,0.06840471474944228,0.007375978192871604,399,4,156
dbpedia-entity,rr,20,0.01,weighted,263,1636,1017,0,0,0.002624021807128396,0.09186517918827891,0.09186517918827891,0.06840471474944228,0.007375978192871604,399,4,156
dbpedia-entity,rr,20,0.01,active_judge,263,1626,1017,0,0,0.002624021807128396,0.223424184922568,0.09186517918827891,0.06840471474944228,0.007375978192871604,399,4,156
dbpedia-entity,rr,20,0.01,strat_pilot,263,1651,1017,0,0,0.002624021807128396,0.09191289435911865,0.09186517918827891,0.06840471474944228,0.007375978192871604,399,4,156
dbpedia-entity,rr,20,0.01,weighted_cv,263,1649,1017,1,0,0.002624021807128396,0.06834541282326563,0.09186517918827891,0.06840471474944228,0.007375978192871604,399,4,156
dbpedia-entity,rr,20,0.01,active_cv,263,1650,1017,0,0,0.002624021807128396,0.09674937866305365,0.09186517918827891,0.06840471474944228,0.007375978192871604,399,4,156
dbpedia-entity,rr,20,0.01,weighted_cvl,263,1686,1017,0,0,0.002624021807128396,0.06726092700196215,0.09186517918827891,0.06840471474944228,0.007375978192871604,399,4,156
dbpedia-entity,rr,20,0.01,uniform,264,1604,1006,1,0,0.0,0.18094172405351894,0.08806544926458033,0.040893051537510855,0.01,399,4,156
dbpedia-entity,rr,20,0.01,uniform_nz,264,1668,1006,0,0,0.0,0.10425234618552506,0.08806544926458033,0.040893051537510855,0.01,399,4,156
dbpedia-entity,rr,20,0.01,weighted,264,1626,1006,0,0,0.0,0.08806544926458033,0.08806544926458033,0.040893051537510855,0.01,399,4,156
dbpedia-entity,rr,20,0.01,active_judge,264,1594,1006,0,0,0.0,0.18544064427396506,0.08806544926458033,0.040893051537510855,0.01,399,4,156
dbpedia-entity,rr,20,0.01,strat_pilot,264,1628,1006,0,0,0.0,0.08804189165444333,0.08806544926458033,0.040893051537510855,0.01,399,4,156
dbpedia-entity,rr,20,0.01,weighted_cv,264,1605,1006,0,0,0.0,0.06930921747945182,0.08806544926458033,0.040893051537510855,0.01,399,4,156
dbpedia-entity,rr,20,0.01,active_cv,264,1630,1006,0,0,0.0,0.09005476076707547,0.08806544926458033,0.040893051537510855,0.01,399,4,156
dbpedia-entity,rr,20,0.01,weighted_cvl,264,1635,1006,0,0,0.0,0.06241128725544483,0.08806544926458033,0.040893051537510855,0.01,399,4,156
dbpedia-entity,rr,20,0.01,uniform,265,1381,913,0,0,0.0,0.2095815176845374,0.07188676545726118,0.03468043509452179,0.01,399,4,111
dbpedia-entity,rr,20,0.01,uniform_nz,265,1351,913,0,0,0.0,0.10584889584270525,0.07188676545726118,0.03468043509452179,0.01,399,4,111
dbpedia-entity,rr,20,0.01,weighted,265,1354,913,0,0,0.0,0.07188676545726118,0.07188676545726118,0.03468043509452179,0.01,399,4,111
dbpedia-entity,rr,20,0.01,active_judge,265,1342,913,0,0,0.0,0.2051935717416614,0.07188676545726118,0.03468043509452179,0.01,399,4,111
dbpedia-entity,rr,20,0.01,strat_pilot,265,1353,913,0,0,0.0,0.07189079392464712,0.07188676545726118,0.03468043509452179,0.01,399,4,111
dbpedia-entity,rr,20,0.01,weighted_cv,265,1365,913,0,0,0.0,0.055887129641583023,0.07188676545726118,0.03468043509452179,0.01,399,4,111
dbpedia-entity,rr,20,0.01,active_cv,265,1363,913,1,0,0.0,0.06303622685706453,0.07188676545726118,0.03468043509452179,0.01,399,4,111
dbpedia-entity,rr,20,0.01,weighted_cvl,265,1333,913,1,0,0.0,0.053104375586978336,0.07188676545726118,0.03468043509452179,0.01,399,4,111
dbpedia-entity,rr,20,0.01,uniform,266,1611,992,0,0,0.0,0.16143406123051474,0.08660862827455455,0.038203468722976426,0.01,399,4,156
dbpedia-entity,rr,20,0.01,uniform_nz,266,1625,992,0,0,0.0,0.10557812962802449,0.08660862827455455,0.038203468722976426,0.01,399,4,156
dbpedia-entity,rr,20,0.01,weighted,266,1619,992,1,0,0.0,0.08660862827455455,0.08660862827455455,0.038203468722976426,0.01,399,4,156
dbpedia-entity,rr,20,0.01,active_judge,266,1608,992,0,0,0.0,0.20370181959044312,0.08660862827455455,0.038203468722976426,0.01,399,4,156
dbpedia-entity,rr,20,0.01,strat_pilot,266,1596,992,0,0,0.0,0.08660517531471869,0.08660862827455455,0.038203468722976426,0.01,399,4,156
dbpedia-entity,rr,20,0.01,weighted_cv,266,1589,992,0,0,0.0,0.0769908373592451,0.08660862827455455,0.038203468722976426,0.01,399,4,156
dbpedia-entity,rr,20,0.01,active_cv,266,1622,992,0,0,0.0,0.10795620570784462,0.08660862827455455,0.038203468722976426,0.01,399,4,156
dbpedia-entity,rr,20,0.01,weighted_cvl,266,1621,992,0,0,0.0,0.05859570968353649,0.08660862827455455,0.038203468722976426,0.01,399,4,156
dbpedia-entity,rr,20,0.01,uniform,267,1634,1049,0,0,0.0,0.20547672918014254,0.07354547790368851,0.01733464027100287,0.01,399,4,156
dbpedia-entity,rr,20,0.01,uniform_nz,267,1667,1049,0,0,0.0,0.1154483283199422,0.07354547790368851,0.01733464027100287,0.01,399,4,156
dbpedia-entity,rr,20,0.01,weighted,267,1682,1049,0,0,0.0,0.07354547790368851,0.07354547790368851,0.01733464027100287,0.01,399,4,156
dbpedia-entity,rr,20,0.01,active_judge,267,1670,1049,0,0,0.0,0.16205993306940372,0.07354547790368851,0.01733464027100287,0.01,399,4,156
dbpedia-entity,rr,20,0.01,strat_pilot,267,1658,1049,0,0,0.0,0.0736970315530235,0.07354547790368851,0.01733464027100287,0.01,399,4,156
dbpedia-entity,rr,20,0.01,weighted_cv,267,1658,1049,0,0,0.0,0.06802617331582851,0.07354547790368851,0.01733464027100287,0.01,399,4,156
dbpedia-entity,rr,20,0.01,active_cv,267,1656,1049,0,0,0.0,0.08794396770373997,0.07354547790368851,0.01733464027100287,0.01,399,4,156
dbpedia-entity,rr,20,0.01,weighted_cvl,267,1698,1049,0,0,0.0,0.060487545045404434,0.07354547790368851,0.01733464027100287,0.01,399,4,156
dbpedia-entity,rr,20,0.01,uniform,268,1643,1037,0,0,0.0,0.21097027989813172,0.08218264779748626,0.013120996694846374,0.01,399,4,156
dbpedia-entity,rr,20,0.01,uniform_nz,268,1620,1037,0,0,0.0,0.1145726530293141,0.08218264779748626,0.013120996694846374,0.01,399,4,156
dbpedia-entity,rr,20,0.01,weighted,268,1666,1037,0,0,0.0,0.08218264779748626,0.08218264779748626,0.013120996694846374,0.01,399,4,156
dbpedia-entity,rr,20,0.01,active_judge,268,1663,1037,0,0,0.0,0.17936000025013626,0.08218264779748626,0.013120996694846374,0.01,399,4,156
dbpedia-entity,rr,20,0.01,strat_pilot,268,1626,1037,0,0,0.0,0.08221951603007494,0.08218264779748626,0.013120996694846374,0.01,399,4,156
dbpedia-entity,rr,20,0.01,weighted_cv,268,1661,1037,0,0,0.0,0.08005408326429267,0.08218264779748626,0.013120996694846374,0.01,399,4,156
dbpedia-entity,rr,20,0.01,active_cv,268,1643,1037,0,0,0.0,0.11581116275333381,0.08218264779748626,0.013120996694846374,0.01,399,4,156
dbpedia-entity,rr,20,0.01,weighted_cvl,268,1654,1037,0,0,0.0,0.06483393029706784,0.08218264779748626,0.013120996694846374,0.01,399,4,156
dbpedia-entity,rr,20,0.01,uniform,269,1679,1044,1,0,0.0,0.16439110598582415,0.0830602246443773,0.022731451296241212,0.01,399,4,156
dbpedia-entity,rr,20,0.01,uniform_nz,269,1675,1044,0,0,0.0,0.09749082723620996,0.0830602246443773,0.022731451296241212,0.01,399,4,156
dbpedia-entity,rr,20,0.01,weighted,269,1698,1044,0,0,0.0,0.0830602246443773,0.0830602246443773,0.022731451296241212,0.01,399,4,156
dbpedia-entity,rr,20,0.01,active_judge,269,1637,1044,0,0,0.0,0.17947593616038943,0.0830602246443773,0.022731451296241212,0.01,399,4,156
dbpedia-entity,rr,20,0.01,strat_pilot,269,1636,1044,0,0,0.0,0.08313556701937411,0.0830602246443773,0.022731451296241212,0.01,399,4,156
dbpedia-entity,rr,20,0.01,weighted_cv,269,1678,1044,0,0,0.0,0.04637744171666249,0.0830602246443773,0.022731451296241212,0.01,399,4,156
dbpedia-entity,rr,20,0.01,active_cv,269,1655,1044,0,0,0.0,0.07468513895392398,0.0830602246443773,0.022731451296241212,0.01,399,4,156
dbpedia-entity,rr,20,0.01,weighted_cvl,269,1665,1044,0,0,0.0,0.0618697971490376,0.0830602246443773,0.022731451296241212,0.01,399,4,156
dbpedia-entity,rr,20,0.01,uniform,270,1656,1030,0,0,0.0,0.23125086937066905,0.08330422429246262,0.033412764100897975,0.01,399,4,156
dbpedia-entity,rr,20,0.01,uniform_nz,270,1631,1030,0,0,0.0,0.12567953095222728,0.08330422429246262,0.033412764100897975,0.01,399,4,156
dbpedia-entity,rr,20,0.01,weighted,270,1628,1030,0,0,0.0,0.08330422429246262,0.08330422429246262,0.033412764100897975,0.01,399,4,156
dbpedia-entity,rr,20,0.01,active_judge,270,1631,1030,0,0,0.0,0.19859345584824226,0.08330422429246262,0.033412764100897975,0.01,399,4,156
dbpedia-entity,rr,20,0.01,strat_pilot,270,1662,1030,0,0,0.0,0.08339419529323652,0.08330422429246262,0.033412764100897975,0.01,399,4,156
dbpedia-entity,rr,20,0.01,weighted_cv,270,1644,1030,0,0,0.0,0.07170791208371567,0.08330422429246262,0.033412764100897975,0.01,399,4,156
dbpedia-entity,rr,20,0.01,active_cv,270,1652,1030,0,0,0.0,0.10176978935728778,0.08330422429246262,0.033412764100897975,0.01,399,4,156
dbpedia-entity,rr,20,0.01,weighted_cvl,270,1631,1030,0,0,0.0,0.06172088273355127,0.08330422429246262,0.033412764100897975,0.01,399,4,156
dbpedia-entity,rr,20,0.01,uniform,271,1407,1012,0,0,0.001057729958525322,0.7287328092304688,0.034667327910292214,0.04618122424568447,0.008942270041474678,399,4,95
dbpedia-entity,rr,20,0.01,uniform_nz,271,1344,1012,0,0,0.001057729958525322,0.21193953967526014,0.034667327910292214,0.04618122424568447,0.008942270041474678,399,4,95
dbpedia-entity,rr,20,0.01,weighted,271,1383,1012,0,0,0.001057729958525322,0.034667327910292214,0.034667327910292214,0.04618122424568447,0.008942270041474678,399,4,95
dbpedia-entity,rr,20,0.01,active_judge,271,1368,1012,0,0,0.001057729958525322,0.24558921818837928,0.034667327910292214,0.04618122424568447,0.008942270041474678,399,4,95
dbpedia-entity,rr,20,0.01,strat_pilot,271,1393,1012,0,0,0.001057729958525322,0.034736568765358466,0.034667327910292214,0.04618122424568447,0.008942270041474678,399,4,95
dbpedia-entity,rr,20,0.01,weighted_cv,271,1376,1012,0,0,0.001057729958525322,0.032669591287985585,0.034667327910292214,0.04618122424568447,0.008942270041474678,399,4,95
dbpedia-entity,rr,20,0.01,active_cv,271,1383,1012,0,0,0.001057729958525322,0.04328833740163625,0.034667327910292214,0.04618122424568447,0.008942270041474678,399,4,95
dbpedia-entity,rr,20,0.01,weighted_cvl,271,1379,1012,0,0,0.001057729958525322,0.031523876084275204,0.034667327910292214,0.04618122424568447,0.008942270041474678,399,4,95
dbpedia-entity,rr,20,0.01,uniform,272,1630,1008,0,0,0.0,0.3400188926513953,0.140084094664771,0.026766086182017687,0.01,399,4,156
dbpedia-entity,rr,20,0.01,uniform_nz,272,1636,1008,0,0,0.0,0.18393484246242936,0.140084094664771,0.026766086182017687,0.01,399,4,156
dbpedia-entity,rr,20,0.01,weighted,272,1586,1008,0,0,0.0,0.140084094664771,0.140084094664771,0.026766086182017687,0.01,399,4,156
dbpedia-entity,rr,20,0.01,active_judge,272,1656,1008,0,0,0.0,0.24389822300051237,0.140084094664771,0.026766086182017687,0.01,399,4,156
dbpedia-entity,rr,20,0.01,strat_pilot,272,1657,1008,0,0,0.0,0.13999404905212495,0.140084094664771,0.026766086182017687,0.01,399,4,156
dbpedia-entity,rr,20,0.01,weighted_cv,272,1666,1008,0,0,0.0,0.05574311811187218,0.140084094664771,0.026766086182017687,0.01,399,4,156
dbpedia-entity,rr,20,0.01,active_cv,272,1640,1008,0,0,0.0,0.05998967884483639,0.140084094664771,0.026766086182017687,0.01,399,4,156
dbpedia-entity,rr,20,0.01,weighted_cvl,272,1678,1008,0,0,0.0,0.05167040984665257,0.140084094664771,0.026766086182017687,0.01,399,4,156
dbpedia-entity,rr,20,0.01,uniform,273,1585,986,0,0,0.0,0.21128792852229333,0.09760463260574771,0.07360135396671831,0.01,399,4,156
dbpedia-entity,rr,20,0.01,uniform_nz,273,1636,986,1,0,0.0,0.12188862524311764,0.09760463260574771,0.07360135396671831,0.01,399,4,156
dbpedia-entity,rr,20,0.01,weighted,273,1629,986,0,0,0.0,0.09760463260574771,0.09760463260574771,0.07360135396671831,0.01,399,4,156
dbpedia-entity,rr,20,0.01,active_judge,273,1595,986,0,0,0.0,0.22612477121912739,0.09760463260574771,0.07360135396671831,0.01,399,4,156
dbpedia-entity,rr,20,0.01,strat_pilot,273,1629,986,1,0,0.0,0.09771119237585049,0.09760463260574771,0.07360135396671831,0.01,399,4,156
dbpedia-entity,rr,20,0.01,weighted_cv,273,1598,986,1,0,0.0,0.08401853570524731,0.09760463260574771,0.07360135396671831,0.01,399,4,156
dbpedia-entity,rr,20,0.01,active_cv,273,1636,986,0,0,0.0,0.10895739548111613,0.09760463260574771,0.07360135396671831,0.01,399,4,156
dbpedia-entity,rr,20,0.01,weighted_cvl,273,1612,986,0,0,0.0,0.0860682239269791,0.09760463260574771,0.07360135396671831,0.01,399,4,156
dbpedia-entity,rr,20,0.01,uniform,274,1804,1164,0,0,0.0,0.1988585897752843,0.08473143793169853,0.06292062780958421,0.01,399,4,156
dbpedia-entity,rr,20,0.01,uniform_nz,274,1791,1164,0,0,0.0,0.09952114082279535,0.08473143793169853,0.06292062780958421,0.01,399,4,156
dbpedia-entity,rr,20,0.01,weighted,274,1781,1164,0,0,0.0,0.08473143793169853,0.08473143793169853,0.06292062780958421,0.01,399,4,156
dbpedia-entity,rr,20,0.01,active_judge,274,1794,1164,1,0,0.0,0.16696967905306237,0.08473143793169853,0.06292062780958421,0.01,399,4,156
dbpedia-entity,rr,20,0.01,strat_pilot,274,1829,1164,0,0,0.0,0.08477221026363445,0.08473143793169853,0.06292062780958421,0.01,399,4,156
dbpedia-entity,rr,20,0.01,weighted_cv,274,1776,1164,1,0,0.0,0.05091213864888648,0.08473143793169853,0.06292062780958421,0.01,399,4,156
dbpedia-entity,rr,20,0.01,active_cv,274,1800,1164,0,0,0.0,0.0735819027302633,0.08473143793169853,0.06292062780958421,0.01,399,4,156
dbpedia-entity,rr,20,0.01,weighted_cvl,274,1797,1164,0,0,0.0,0.05287065401224097,0.08473143793169853,0.06292062780958421,0.01,399,4,156
dbpedia-entity,rr,20,0.01,uniform,275,1535,1052,0,0,0.0,0.10536364288901745,0.032012392084446166,0.014171076098688534,0.01,399,4,112
dbpedia-entity,rr,20,0.01,uniform_nz,275,1494,1052,0,0,0.0,0.03549705481278269,0.032012392084446166,0.014171076098688534,0.01,399,4,112
dbpedia-entity,rr,20,0.01,weighted,275,1516,1052,0,0,0.0,0.032012392084446166,0.032012392084446166,0.014171076098688534,0.01,399,4,112
dbpedia-entity,rr,20,0.01,active_judge,275,1519,1052,0,0,0.0,0.09339433656994638,0.032012392084446166,0.014171076098688534,0.01,399,4,112
dbpedia-entity,rr,20,0.01,strat_pilot,275,1505,1052,0,0,0.0,0.031973225706957174,0.032012392084446166,0.014171076098688534,0.01,399,4,112
dbpedia-entity,rr,20,0.01,weighted_cv,275,1505,1052,0,0,0.0,0.03117933692601093,0.032012392084446166,0.014171076098688534,0.01,399,4,112
dbpedia-entity,rr,20,0.01,active_cv,275,1521,1052,0,0,0.0,0.054179054602107014,0.032012392084446166,0.014171076098688534,0.01,399,4,112
dbpedia-entity,rr,20,0.01,weighted_cvl,275,1475,1052,0,0,0.0,0.020034377000506864,0.032012392084446166,0.014171076098688534,0.01,399,4,112
dbpedia-entity,rr,20,0.01,uniform,276,1626,998,0,0,0.0,0.19169961967866125,0.0832492524721519,0.05567587752860106,0.01,399,4,156
dbpedia-entity,rr,20,0.01,uniform_nz,276,1631,998,0,0,0.0,0.11130006185962164,0.0832492524721519,0.05567587752860106,0.01,399,4,156
dbpedia-entity,rr,20,0.01,weighted,276,1603,998,0,0,0.0,0.0832492524721519,0.0832492524721519,0.05567587752860106,0.01,399,4,156
dbpedia-entity,rr,20,0.01,active_judge,276,1630,998,0,0,0.0,0.21834955582227994,0.0832492524721519,0.05567587752860106,0.01,399,4,156
dbpedia-entity,rr,20,0.01,strat_pilot,276,1620,998,1,0,0.0,0.0831143319568833,0.0832492524721519,0.05567587752860106,0.01,399,4,156
dbpedia-entity,rr,20,0.01,weighted_cv,276,1616,998,1,0,0.0,0.07923372776967323,0.0832492524721519,0.05567587752860106,0.01,399,4,156
dbpedia-entity,rr,20,0.01,active_cv,276,1608,998,0,0,0.0,0.10997135703936096,0.0832492524721519,0.05567587752860106,0.01,399,4,156
dbpedia-entity,rr,20,0.01,weighted_cvl,276,1645,998,0,0,0.0,0.06804969097668502,0.0832492524721519,0.05567587752860106,0.01,399,4,156
dbpedia-entity,rr,20,0.01,uniform,277,1404,976,0,0,0.0,0.2184223882421128,0.06369688471326904,0.041251981719809185,0.01,399,4,111
dbpedia-entity,rr,20,0.01,uniform_nz,277,1442,976,0,0,0.0,0.08156476415238464,0.06369688471326904,0.041251981719809185,0.01,399,4,111
dbpedia-entity,rr,20,0.01,weighted,277,1442,976,1,0,0.0,0.06369688471326904,0.06369688471326904,0.041251981719809185,0.01,399,4,111
dbpedia-entity,rr,20,0.01,active_judge,277,1442,976,0,0,0.0,0.14878386759274256,0.06369688471326904,0.041251981719809185,0.01,399,4,111
dbpedia-entity,rr,20,0.01,strat_pilot,277,1433,976,1,0,0.0,0.06331775332841247,0.06369688471326904,0.041251981719809185,0.01,399,4,111
dbpedia-entity,rr,20,0.01,weighted_cv,277,1386,976,0,0,0.0,0.05337477791397862,0.06369688471326904,0.041251981719809185,0.01,399,4,111
dbpedia-entity,rr,20,0.01,active_cv,277,1434,976,1,0,0.0,0.06795408436552756,0.06369688471326904,0.041251981719809185,0.01,399,4,111
dbpedia-entity,rr,20,0.01,weighted_cvl,277,1438,976,0,0,0.0,0.045592285543783515,0.06369688471326904,0.041251981719809185,0.01,399,4,111
dbpedia-entity,rr,20,0.01,uniform,278,1603,1026,0,0,0.016038860764372775,0.48290058976186556,0.11267260759032678,0.032486131856425474,-0.006038860764372775,399,4,156
dbpedia-entity,rr,20,0.01,uniform_nz,278,1650,1026,0,0,0.016038860764372775,0.2805253492620776,0.11267260759032678,0.032486131856425474,-0.006038860764372775,399,4,156
dbpedia-entity,rr,20,0.01,weighted,278,1620,1026,0,0,0.016038860764372775,0.11267260759032678,0.11267260759032678,0.032486131856425474,-0.006038860764372775,399,4,156
dbpedia-entity,rr,20,0.01,active_judge,278,1655,1026,0,0,0.016038860764372775,0.2715837907402302,0.11267260759032678,0.032486131856425474,-0.006038860764372775,399,4,156
dbpedia-entity,rr,20,0.01,strat_pilot,278,1686,1026,0,0,0.016038860764372775,0.11247776659333002,0.11267260759032678,0.032486131856425474,-0.006038860764372775,399,4,156
dbpedia-entity,rr,20,0.01,weighted_cv,278,1622,1026,0,0,0.016038860764372775,0.11001525373946434,0.11267260759032678,0.032486131856425474,-0.006038860764372775,399,4,156
dbpedia-entity,rr,20,0.01,active_cv,278,1619,1026,0,0,0.016038860764372775,0.1382389542833297,0.11267260759032678,0.032486131856425474,-0.006038860764372775,399,4,156
dbpedia-entity,rr,20,0.01,weighted_cvl,278,1640,1026,0,0,0.016038860764372775,0.07189171115767885,0.11267260759032678,0.032486131856425474,-0.006038860764372775,399,4,156
dbpedia-entity,rr,20,0.01,uniform,279,1665,1058,0,0,0.0,0.15156321718436339,0.07621443673817198,0.023793420175575494,0.01,399,4,156
dbpedia-entity,rr,20,0.01,uniform_nz,279,1680,1058,0,0,0.0,0.08805554691722448,0.07621443673817198,0.023793420175575494,0.01,399,4,156
dbpedia-entity,rr,20,0.01,weighted,279,1680,1058,0,0,0.0,0.07621443673817198,0.07621443673817198,0.023793420175575494,0.01,399,4,156
dbpedia-entity,rr,20,0.01,active_judge,279,1681,1058,0,0,0.0,0.16569043320568605,0.07621443673817198,0.023793420175575494,0.01,399,4,156
dbpedia-entity,rr,20,0.01,strat_pilot,279,1695,1058,1,0,0.0,0.07630262890877915,0.07621443673817198,0.023793420175575494,0.01,399,4,156
dbpedia-entity,rr,20,0.01,weighted_cv,279,1703,1058,0,0,0.0,0.05863109943397243,0.07621443673817198,0.023793420175575494,0.01,399,4,156
dbpedia-entity,rr,20,0.01,active_cv,279,1656,1058,0,0,0.0,0.07295252055365298,0.07621443673817198,0.023793420175575494,0.01,399,4,156
dbpedia-entity,rr,20,0.01,weighted_cvl,279,1676,1058,0,0,0.0,0.043459350657477254,0.07621443673817198,0.023793420175575494,0.01,399,4,156
dbpedia-entity,rr,20,0.01,uniform,280,1660,1023,0,0,0.0,0.13736217041538487,0.07201151361998212,0.04502380433025068,0.01,399,4,156
dbpedia-entity,rr,20,0.01,uniform_nz,280,1615,1023,0,0,0.0,0.08073757279491191,0.07201151361998212,0.04502380433025068,0.01,399,4,156
dbpedia-entity,rr,20,0.01,weighted,280,1661,1023,0,0,0.0,0.07201151361998212,0.07201151361998212,0.04502380433025068,0.01,399,4,156
dbpedia-entity,rr,20,0.01,active_judge,280,1649,1023,0,0,0.0,0.1782033329614363,0.07201151361998212,0.04502380433025068,0.01,399,4,156
dbpedia-entity,rr,20,0.01,strat_pilot,280,1653,1023,0,0,0.0,0.07176986992268625,0.07201151361998212,0.04502380433025068,0.01,399,4,156
dbpedia-entity,rr,20,0.01,weighted_cv,280,1641,1023,0,0,0.0,0.07331010392264647,0.07201151361998212,0.04502380433025068,0.01,399,4,156
dbpedia-entity,rr,20,0.01,active_cv,280,1643,1023,0,0,0.0,0.12335051176931691,0.07201151361998212,0.04502380433025068,0.01,399,4,156
dbpedia-entity,rr,20,0.01,weighted_cvl,280,1667,1023,0,0,0.0,0.04778998661234311,0.07201151361998212,0.04502380433025068,0.01,399,4,156
dbpedia-entity,rr,20,0.01,uniform,281,1648,1021,0,0,0.0,0.15048075873167735,0.08452962546984916,0.08230893769417053,0.01,399,4,156
dbpedia-entity,rr,20,0.01,uniform_nz,281,1663,1021,0,0,0.0,0.09767570230446673,0.08452962546984916,0.08230893769417053,0.01,399,4,156
dbpedia-entity,rr,20,0.01,weighted,281,1622,1021,0,0,0.0,0.08452962546984916,0.08452962546984916,0.08230893769417053,0.01,399,4,156
dbpedia-entity,rr,20,0.01,active_judge,281,1639,1021,0,0,0.0,0.18298919007196093,0.08452962546984916,0.08230893769417053,0.01,399,4,156
dbpedia-entity,rr,20,0.01,strat_pilot,281,1667,1021,0,0,0.0,0.08450532142037119,0.08452962546984916,0.08230893769417053,0.01,399,4,156
dbpedia-entity,rr,20,0.01,weighted_cv,281,1647,1021,0,0,0.0,0.0691298507185378,0.08452962546984916,0.08230893769417053,0.01,399,4,156
dbpedia-entity,rr,20,0.01,active_cv,281,1643,1021,0,0,0.0,0.09027876152557934,0.08452962546984916,0.08230893769417053,0.01,399,4,156
dbpedia-entity,rr,20,0.01,weighted_cvl,281,1627,1021,0,0,0.0,0.06242218378191178,0.08452962546984916,0.08230893769417053,0.01,399,4,156
dbpedia-entity,rr,20,0.01,uniform,282,1533,1081,0,0,0.0,0.2146060745821574,0.05394731664687782,0.06701444388944389,0.01,399,4,111
dbpedia-entity,rr,20,0.01,uniform_nz,282,1520,1081,0,0,0.0,0.06084632188519708,0.05394731664687782,0.06701444388944389,0.01,399,4,111
dbpedia-entity,rr,20,0.01,weighted,282,1521,1081,0,0,0.0,0.05394731664687782,0.05394731664687782,0.06701444388944389,0.01,399,4,111
dbpedia-entity,rr,20,0.01,active_judge,282,1543,1081,1,0,0.0,0.13355787282918544,0.05394731664687782,0.06701444388944389,0.01,399,4,111
dbpedia-entity,rr,20,0.01,strat_pilot,282,1506,1081,1,0,0.0,0.05397416977727456,0.05394731664687782,0.06701444388944389,0.01,399,4,111
dbpedia-entity,rr,20,0.01,weighted_cv,282,1505,1081,1,0,0.0,0.057945740001013823,0.05394731664687782,0.06701444388944389,0.01,399,4,111
dbpedia-entity,rr,20,0.01,active_cv,282,1508,1081,1,0,0.0,0.09585312826921515,0.05394731664687782,0.06701444388944389,0.01,399,4,111
dbpedia-entity,rr,20,0.01,weighted_cvl,282,1544,1081,1,0,0.0,0.04614285133939847,0.05394731664687782,0.06701444388944389,0.01,399,4,111
dbpedia-entity,rr,20,0.01,uniform,283,1462,1073,0,0,0.0,0.19702051633089304,0.026774628240087462,0.019073329787002553,0.01,399,4,96
dbpedia-entity,rr,20,0.01,uniform_nz,283,1438,1073,0,0,0.0,0.042155214126863204,0.026774628240087462,0.019073329787002553,0.01,399,4,96
dbpedia-entity,rr,20,0.01,weighted,283,1451,1073,0,0,0.0,0.026774628240087462,0.026774628240087462,0.019073329787002553,0.01,399,4,96
dbpedia-entity,rr,20,0.01,active_judge,283,1438,1073,0,0,0.0,0.07302366757064041,0.026774628240087462,0.019073329787002553,0.01,399,4,96
dbpedia-entity,rr,20,0.01,strat_pilot,283,1424,1073,0,0,0.0,0.02673177296840638,0.026774628240087462,0.019073329787002553,0.01,399,4,96
dbpedia-entity,rr,20,0.01,weighted_cv,283,1434,1073,0,0,0.0,0.021050717559092155,0.026774628240087462,0.019073329787002553,0.01,399,4,96
dbpedia-entity,rr,20,0.01,active_cv,283,1460,1073,0,0,0.0,0.021217471004812916,0.026774628240087462,0.019073329787002553,0.01,399,4,96
dbpedia-entity,rr,20,0.01,weighted_cvl,283,1436,1073,0,0,0.0,0.016294791730295844,0.026774628240087462,0.019073329787002553,0.01,399,4,96
dbpedia-entity,rr,20,0.01,uniform,284,1738,1098,0,0,0.0,0.20987954391312186,0.08382345507526857,0.023112703048069685,0.01,399,4,156
dbpedia-entity,rr,20,0.01,uniform_nz,284,1696,1098,0,0,0.0,0.1083326142036652,0.08382345507526857,0.023112703048069685,0.01,399,4,156
dbpedia-entity,rr,20,0.01,weighted,284,1729,1098,0,0,0.0,0.08382345507526857,0.08382345507526857,0.023112703048069685,0.01,399,4,156
dbpedia-entity,rr,20,0.01,active_judge,284,1721,1098,0,0,0.0,0.21995815303935604,0.08382345507526857,0.023112703048069685,0.01,399,4,156
dbpedia-entity,rr,20,0.01,strat_pilot,284,1709,1098,0,0,0.0,0.08365872871337454,0.08382345507526857,0.023112703048069685,0.01,399,4,156
dbpedia-entity,rr,20,0.01,weighted_cv,284,1715,1098,0,0,0.0,0.07257183774145223,0.08382345507526857,0.023112703048069685,0.01,399,4,156
dbpedia-entity,rr,20,0.01,active_cv,284,1740,1098,0,0,0.0,0.09920615461880929,0.08382345507526857,0.023112703048069685,0.01,399,4,156
dbpedia-entity,rr,20,0.01,weighted_cvl,284,1736,1098,0,0,0.0,0.06475972688498802,0.08382345507526857,0.023112703048069685,0.01,399,4,156
dbpedia-entity,rr,20,0.01,uniform,285,1608,1006,0,0,0.0,0.18750919620520015,0.09642179967739502,0.03856055622679661,0.01,399,4,156
dbpedia-entity,rr,20,0.01,uniform_nz,285,1625,1006,0,0,0.0,0.1179795419790957,0.09642179967739502,0.03856055622679661,0.01,399,4,156
dbpedia-entity,rr,20,0.01,weighted,285,1620,1006,0,0,0.0,0.09642179967739502,0.09642179967739502,0.03856055622679661,0.01,399,4,156
dbpedia-entity,rr,20,0.01,active_judge,285,1638,1006,0,0,0.0,0.2037248531382288,0.09642179967739502,0.03856055622679661,0.01,399,4,156
dbpedia-entity,rr,20,0.01,strat_pilot,285,1631,1006,1,0,0.0,0.09644915640279636,0.09642179967739502,0.03856055622679661,0.01,399,4,156
dbpedia-entity,rr,20,0.01,weighted_cv,285,1574,1006,0,0,0.0,0.06996365083011433,0.09642179967739502,0.03856055622679661,0.01,399,4,156
dbpedia-entity,rr,20,0.01,active_cv,285,1681,1006,0,0,0.0,0.09128693382369986,0.09642179967739502,0.03856055622679661,0.01,399,4,156
dbpedia-entity,rr,20,0.01,weighted_cvl,285,1630,1006,0,0,0.0,0.058314443785889195,0.09642179967739502,0.03856055622679661,0.01,399,4,156
dbpedia-entity,rr,20,0.01,uniform,286,1667,1016,0,0,0.0,0.16378647778714056,0.07778312923735797,0.02878611475917999,0.01,399,4,156
dbpedia-entity,rr,20,0.01,uniform_nz,286,1694,1016,0,0,0.0,0.09819865380092292,0.07778312923735797,0.02878611475917999,0.01,399,4,156
dbpedia-entity,rr,20,0.01,weighted,286,1642,1016,0,0,0.0,0.07778312923735797,0.07778312923735797,0.02878611475917999,0.01,399,4,156
dbpedia-entity,rr,20,0.01,active_judge,286,1657,1016,0,0,0.0,0.18097147208950698,0.07778312923735797,0.02878611475917999,0.01,399,4,156
dbpedia-entity,rr,20,0.01,strat_pilot,286,1662,1016,0,0,0.0,0.07776019394093883,0.07778312923735797,0.02878611475917999,0.01,399,4,156
dbpedia-entity,rr,20,0.01,weighted_cv,286,1620,1016,0,0,0.0,0.05991022716234018,0.07778312923735797,0.02878611475917999,0.01,399,4,156
dbpedia-entity,rr,20,0.01,active_cv,286,1648,1016,0,0,0.0,0.08432847508905135,0.07778312923735797,0.02878611475917999,0.01,399,4,156
dbpedia-entity,rr,20,0.01,weighted_cvl,286,1645,1016,1,0,0.0,0.053957996278193934,0.07778312923735797,0.02878611475917999,0.01,399,4,156
dbpedia-entity,rr,20,0.01,uniform,287,1329,967,0,0,0.0,0.24610750857360691,0.030124445874609086,0.06262981146596032,0.01,399,4,94
dbpedia-entity,rr,20,0.01,uniform_nz,287,1366,967,1,0,0.0,0.05102787891466446,0.030124445874609086,0.06262981146596032,0.01,399,4,94
dbpedia-entity,rr,20,0.01,weighted,287,1341,967,1,0,0.0,0.030124445874609086,0.030124445874609086,0.06262981146596032,0.01,399,4,94
dbpedia-entity,rr,20,0.01,active_judge,287,1328,967,0,0,0.0,0.12002905726189192,0.030124445874609086,0.06262981146596032,0.01,399,4,94
dbpedia-entity,rr,20,0.01,strat_pilot,287,1331,967,1,0,0.0,0.030214905607774047,0.030124445874609086,0.06262981146596032,0.01,399,4,94
dbpedia-entity,rr,20,0.01,weighted_cv,287,1335,967,1,0,0.0,0.05748730360585386,0.030124445874609086,0.06262981146596032,0.01,399,4,94
dbpedia-entity,rr,20,0.01,active_cv,287,1336,967,1,0,0.0,0.11518296123359517,0.030124445874609086,0.06262981146596032,0.01,399,4,94
dbpedia-entity,rr,20,0.01,weighted_cvl,287,1347,967,1,0,0.0,0.023220408278718224,0.030124445874609086,0.06262981146596032,0.01,399,4,94
dbpedia-entity,rr,20,0.01,uniform,288,1443,1080,0,0,0.0,0.4154858467948162,0.030213789951420413,0.03173279831847608,0.01,399,4,97
dbpedia-entity,rr,20,0.01,uniform_nz,288,1460,1080,0,0,0.0,0.12006007908196104,0.030213789951420413,0.03173279831847608,0.01,399,4,97
dbpedia-entity,rr,20,0.01,weighted,288,1446,1080,0,0,0.0,0.030213789951420413,0.030213789951420413,0.03173279831847608,0.01,399,4,97
dbpedia-entity,rr,20,0.01,active_judge,288,1445,1080,0,0,0.0,0.12412924779014081,0.030213789951420413,0.03173279831847608,0.01,399,4,97
dbpedia-entity,rr,20,0.01,strat_pilot,288,1460,1080,0,0,0.0,0.02944763785686825,0.030213789951420413,0.03173279831847608,0.01,399,4,97
dbpedia-entity,rr,20,0.01,weighted_cv,288,1492,1080,0,0,0.0,0.05262161503437966,0.030213789951420413,0.03173279831847608,0.01,399,4,97
dbpedia-entity,rr,20,0.01,active_cv,288,1479,1080,0,0,0.0,0.061873222671174365,0.030213789951420413,0.03173279831847608,0.01,399,4,97
dbpedia-entity,rr,20,0.01,weighted_cvl,288,1469,1080,1,0,0.0,0.04897905649716289,0.030213789951420413,0.03173279831847608,0.01,399,4,97
dbpedia-entity,rr,20,0.01,uniform,289,1419,974,0,0,0.0,0.0973809430351005,0.0314252156740032,0.009255301889522524,0.01,399,4,112
dbpedia-entity,rr,20,0.01,uniform_nz,289,1414,974,0,0,0.0,0.03686787446853348,0.0314252156740032,0.009255301889522524,0.01,399,4,112
dbpedia-entity,rr,20,0.01,weighted,289,1431,974,0,0,0.0,0.0314252156740032,0.0314252156740032,0.009255301889522524,0.01,399,4,112
dbpedia-entity,rr,20,0.01,active_judge,289,1398,974,0,0,0.0,0.09115392032495769,0.0314252156740032,0.009255301889522524,0.01,399,4,112
dbpedia-entity,rr,20,0.01,strat_pilot,289,1441,974,0,0,0.0,0.0313110837943609,0.0314252156740032,0.009255301889522524,0.01,399,4,112
dbpedia-entity,rr,20,0.01,weighted_cv,289,1416,974,0,0,0.0,0.035122178689182076,0.0314252156740032,0.009255301889522524,0.01,399,4,112
dbpedia-entity,rr,20,0.01,active_cv,289,1433,974,0,0,0.0,0.04347039399105409,0.0314252156740032,0.009255301889522524,0.01,399,4,112
dbpedia-entity,rr,20,0.01,weighted_cvl,289,1443,974,0,0,0.0,0.028180588401274187,0.0314252156740032,0.009255301889522524,0.01,399,4,112
dbpedia-entity,rr,20,0.01,uniform,290,1675,1038,0,0,0.013474654611870973,0.14574073936518472,0.060347848081188274,0.007937788475714167,-0.003474654611870973,399,4,156
dbpedia-entity,rr,20,0.01,uniform_nz,290,1660,1038,0,0,0.013474654611870973,0.07737268632079009,0.060347848081188274,0.007937788475714167,-0.003474654611870973,399,4,156
dbpedia-entity,rr,20,0.01,weighted,290,1613,1038,0,0,0.013474654611870973,0.060347848081188274,0.060347848081188274,0.007937788475714167,-0.003474654611870973,399,4,156
dbpedia-entity,rr,20,0.01,active_judge,290,1657,1038,0,0,0.013474654611870973,0.22534257053370652,0.060347848081188274,0.007937788475714167,-0.003474654611870973,399,4,156
dbpedia-entity,rr,20,0.01,strat_pilot,290,1662,1038,0,0,0.013474654611870973,0.05987097276863553,0.060347848081188274,0.007937788475714167,-0.003474654611870973,399,4,156
dbpedia-entity,rr,20,0.01,weighted_cv,290,1671,1038,0,0,0.013474654611870973,0.0894507235335212,0.060347848081188274,0.007937788475714167,-0.003474654611870973,399,4,156
dbpedia-entity,rr,20,0.01,active_cv,290,1644,1038,0,0,0.013474654611870973,0.11883978697712509,0.060347848081188274,0.007937788475714167,-0.003474654611870973,399,4,156
dbpedia-entity,rr,20,0.01,weighted_cvl,290,1647,1038,0,0,0.013474654611870973,0.05902890410831825,0.060347848081188274,0.007937788475714167,-0.003474654611870973,399,4,156
dbpedia-entity,rr,20,0.01,uniform,291,1688,1070,0,0,0.010013833304032937,0.18209425544433483,0.07955240613554124,0.009699650235515627,-1.3833304032937269e-05,399,4,156
dbpedia-entity,rr,20,0.01,uniform_nz,291,1703,1070,0,0,0.010013833304032937,0.108045872974036,0.07955240613554124,0.009699650235515627,-1.3833304032937269e-05,399,4,156
dbpedia-entity,rr,20,0.01,weighted,291,1706,1070,0,0,0.010013833304032937,0.07955240613554124,0.07955240613554124,0.009699650235515627,-1.3833304032937269e-05,399,4,156
dbpedia-entity,rr,20,0.01,active_judge,291,1665,1070,0,0,0.010013833304032937,0.19261671293336663,0.07955240613554124,0.009699650235515627,-1.3833304032937269e-05,399,4,156
dbpedia-entity,rr,20,0.01,strat_pilot,291,1691,1070,0,0,0.010013833304032937,0.07949788416815652,0.07955240613554124,0.009699650235515627,-1.3833304032937269e-05,399,4,156
dbpedia-entity,rr,20,0.01,weighted_cv,291,1676,1070,0,0,0.010013833304032937,0.059780206189582,0.07955240613554124,0.009699650235515627,-1.3833304032937269e-05,399,4,156
dbpedia-entity,rr,20,0.01,active_cv,291,1694,1070,0,0,0.010013833304032937,0.09286007361582774,0.07955240613554124,0.009699650235515627,-1.3833304032937269e-05,399,4,156
dbpedia-entity,rr,20,0.01,weighted_cvl,291,1672,1070,0,0,0.010013833304032937,0.04629133964065748,0.07955240613554124,0.009699650235515627,-1.3833304032937269e-05,399,4,156
dbpedia-entity,rr,20,0.01,uniform,292,1664,1049,1,0,0.0,0.2038731358562008,0.09631269829927153,0.047592564659902144,0.01,399,4,156
dbpedia-entity,rr,20,0.01,uniform_nz,292,1713,1049,0,0,0.0,0.11680923256041412,0.09631269829927153,0.047592564659902144,0.01,399,4,156
dbpedia-entity,rr,20,0.01,weighted,292,1658,1049,0,0,0.0,0.09631269829927153,0.09631269829927153,0.047592564659902144,0.01,399,4,156
dbpedia-entity,rr,20,0.01,active_judge,292,1671,1049,0,0,0.0,0.21672805711835763,0.09631269829927153,0.047592564659902144,0.01,399,4,156
dbpedia-entity,rr,20,0.01,strat_pilot,292,1629,1049,0,0,0.0,0.09643465942584496,0.09631269829927153,0.047592564659902144,0.01,399,4,156
dbpedia-entity,rr,20,0.01,weighted_cv,292,1668,1049,0,0,0.0,0.06910462496481143,0.09631269829927153,0.047592564659902144,0.01,399,4,156
dbpedia-entity,rr,20,0.01,active_cv,292,1620,1049,0,0,0.0,0.09384125216812186,0.09631269829927153,0.047592564659902144,0.01,399,4,156
dbpedia-entity,rr,20,0.01,weighted_cvl,292,1656,1049,0,0,0.0,0.07498857997802294,0.09631269829927153,0.047592564659902144,0.01,399,4,156
dbpedia-entity,rr,20,0.01,uniform,293,1471,1042,0,0,0.0,0.7416646443806453,0.0537128207870383,0.08897129057732774,0.01,399,4,104
dbpedia-entity,rr,20,0.01,uniform_nz,293,1483,1042,0,0,0.0,0.18987347497400714,0.0537128207870383,0.08897129057732774,0.01,399,4,104
dbpedia-entity,rr,20,0.01,weighted,293,1454,1042,0,0,0.0,0.0537128207870383,0.0537128207870383,0.08897129057732774,0.01,399,4,104
dbpedia-entity,rr,20,0.01,active_judge,293,1445,1042,0,0,0.0,0.39311889548000567,0.0537128207870383,0.08897129057732774,0.01,399,4,104
dbpedia-entity,rr,20,0.01,strat_pilot,293,1462,1042,1,0,0.0,0.05372432317117026,0.0537128207870383,0.08897129057732774,0.01,399,4,104
dbpedia-entity,rr,20,0.01,weighted_cv,293,1450,1042,0,0,0.0,0.02938679441507911,0.0537128207870383,0.08897129057732774,0.01,399,4,104
dbpedia-entity,rr,20,0.01,active_cv,293,1468,1042,1,0,0.0,0.031404708615216236,0.0537128207870383,0.08897129057732774,0.01,399,4,104
dbpedia-entity,rr,20,0.01,weighted_cvl,293,1496,1042,1,0,0.0,0.02938679441507911,0.0537128207870383,0.08897129057732774,0.01,399,4,104
dbpedia-entity,rr,20,0.01,uniform,294,1681,1032,0,0,0.0,0.2660444301294892,0.10643466422709288,0.023744337877464796,0.01,399,4,156
dbpedia-entity,rr,20,0.01,uniform_nz,294,1643,1032,0,0,0.0,0.15126121305193213,0.10643466422709288,0.023744337877464796,0.01,399,4,156
dbpedia-entity,rr,20,0.01,weighted,294,1633,1032,0,0,0.0,0.10643466422709288,0.10643466422709288,0.023744337877464796,0.01,399,4,156
dbpedia-entity,rr,20,0.01,active_judge,294,1667,1032,0,0,0.0,0.21967128797330698,0.10643466422709288,0.023744337877464796,0.01,399,4,156
dbpedia-entity,rr,20,0.01,strat_pilot,294,1673,1032,1,0,0.0,0.10659446988321322,0.10643466422709288,0.023744337877464796,0.01,399,4,156
dbpedia-entity,rr,20,0.01,weighted_cv,294,1649,1032,0,0,0.0,0.07065038036730752,0.10643466422709288,0.023744337877464796,0.01,399,4,156
dbpedia-entity,rr,20,0.01,active_cv,294,1653,1032,1,0,0.0,0.08573939884571964,0.10643466422709288,0.023744337877464796,0.01,399,4,156
dbpedia-entity,rr,20,0.01,weighted_cvl,294,1678,1032,0,0,0.0,0.08952552397015455,0.10643466422709288,0.023744337877464796,0.01,399,4,156
dbpedia-entity,rr,20,0.01,uniform,295,1602,1040,0,0,0.0,0.1192990756653383,0.06966705824230615,0.015241622740263524,0.01,399,4,156
dbpedia-entity,rr,20,0.01,uniform_nz,295,1675,1040,1,0,0.0,0.0748315137937999,0.06966705824230615,0.015241622740263524,0.01,399,4,156
dbpedia-entity,rr,20,0.01,weighted,295,1666,1040,1,0,0.0,0.06966705824230615,0.06966705824230615,0.015241622740263524,0.01,399,4,156
dbpedia-entity,rr,20,0.01,active_judge,295,1639,1040,0,0,0.0,0.12332052565499718,0.06966705824230615,0.015241622740263524,0.01,399,4,156
dbpedia-entity,rr,20,0.01,strat_pilot,295,1643,1040,0,0,0.0,0.06970260872013623,0.06966705824230615,0.015241622740263524,0.01,399,4,156
dbpedia-entity,rr,20,0.01,weighted_cv,295,1666,1040,0,0,0.0,0.04945950051062427,0.06966705824230615,0.015241622740263524,0.01,399,4,156
dbpedia-entity,rr,20,0.01,active_cv,295,1651,1040,0,0,0.0,0.0812119343902616,0.06966705824230615,0.015241622740263524,0.01,399,4,156
dbpedia-entity,rr,20,0.01,weighted_cvl,295,1696,1040,0,0,0.0,0.05882508954587924,0.06966705824230615,0.015241622740263524,0.01,399,4,156
dbpedia-entity,rr,20,0.01,uniform,296,1701,1074,0,0,0.0,0.19668531751103271,0.0832308283771743,0.017295112653084786,0.01,399,4,156
dbpedia-entity,rr,20,0.01,uniform_nz,296,1732,1074,0,0,0.0,0.10774479143592985,0.0832308283771743,0.017295112653084786,0.01,399,4,156
dbpedia-entity,rr,20,0.01,weighted,296,1707,1074,0,0,0.0,0.0832308283771743,0.0832308283771743,0.017295112653084786,0.01,399,4,156
dbpedia-entity,rr,20,0.01,active_judge,296,1727,1074,0,0,0.0,0.18840240090436544,0.0832308283771743,0.017295112653084786,0.01,399,4,156
dbpedia-entity,rr,20,0.01,strat_pilot,296,1683,1074,0,0,0.0,0.08332427299019071,0.0832308283771743,0.017295112653084786,0.01,399,4,156
dbpedia-entity,rr,20,0.01,weighted_cv,296,1686,1074,1,0,0.0,0.060560467435458024,0.0832308283771743,0.017295112653084786,0.01,399,4,156
dbpedia-entity,rr,20,0.01,active_cv,296,1678,1074,0,0,0.0,0.07610655937783772,0.0832308283771743,0.017295112653084786,0.01,399,4,156
dbpedia-entity,rr,20,0.01,weighted_cvl,296,1699,1074,0,0,0.0,0.05039516238823509,0.0832308283771743,0.017295112653084786,0.01,399,4,156
dbpedia-entity,rr,20,0.01,uniform,297,1599,996,0,0,0.01835474512407831,0.4619645436858949,0.09415245397726071,0.01841545464552842,-0.008354745124078309,399,4,156
dbpedia-entity,rr,20,0.01,uniform_nz,297,1624,996,0,0,0.01835474512407831,0.28285358785516845,0.09415245397726071,0.01841545464552842,-0.008354745124078309,399,4,156
dbpedia-entity,rr,20,0.01,weighted,297,1599,996,0,0,0.01835474512407831,0.09415245397726071,0.09415245397726071,0.01841545464552842,-0.008354745124078309,399,4,156
dbpedia-entity,rr,20,0.01,active_judge,297,1668,996,0,0,0.01835474512407831,0.20484373310288576,0.09415245397726071,0.01841545464552842,-0.008354745124078309,399,4,156
dbpedia-entity,rr,20,0.01,strat_pilot,297,1588,996,0,0,0.01835474512407831,0.09432628623278108,0.09415245397726071,0.01841545464552842,-0.008354745124078309,399,4,156
dbpedia-entity,rr,20,0.01,weighted_cv,297,1589,996,0,0,0.01835474512407831,0.0924551463703013,0.09415245397726071,0.01841545464552842,-0.008354745124078309,399,4,156
dbpedia-entity,rr,20,0.01,active_cv,297,1611,996,0,0,0.01835474512407831,0.12875866757005036,0.09415245397726071,0.01841545464552842,-0.008354745124078309,399,4,156
dbpedia-entity,rr,20,0.01,weighted_cvl,297,1622,996,0,0,0.01835474512407831,0.0536270882322896,0.09415245397726071,0.01841545464552842,-0.008354745124078309,399,4,156
dbpedia-entity,rr,20,0.01,uniform,298,1459,1079,0,0,0.0,0.7582526162497341,0.043798348758010884,0.11963762158034603,0.01,399,4,95
dbpedia-entity,rr,20,0.01,uniform_nz,298,1449,1079,1,0,0.0,0.17101360666946813,0.043798348758010884,0.11963762158034603,0.01,399,4,95
dbpedia-entity,rr,20,0.01,weighted,298,1453,1079,1,0,0.0,0.043798348758010884,0.043798348758010884,0.11963762158034603,0.01,399,4,95
dbpedia-entity,rr,20,0.01,active_judge,298,1456,1079,0,0,0.0,0.209911595985219,0.043798348758010884,0.11963762158034603,0.01,399,4,95
dbpedia-entity,rr,20,0.01,strat_pilot,298,1438,1079,1,0,0.0,0.04279184017989248,0.043798348758010884,0.11963762158034603,0.01,399,4,95
dbpedia-entity,rr,20,0.01,weighted_cv,298,1462,1079,1,0,0.0,0.07929665137904784,0.043798348758010884,0.11963762158034603,0.01,399,4,95
dbpedia-entity,rr,20,0.01,active_cv,298,1461,1079,1,0,0.0,0.12098665468272611,0.043798348758010884,0.11963762158034603,0.01,399,4,95
dbpedia-entity,rr,20,0.01,weighted_cvl,298,1441,1079,1,0,0.0,0.03372903141921435,0.043798348758010884,0.11963762158034603,0.01,399,4,95
dbpedia-entity,rr,20,0.01,uniform,299,1677,1025,0,0,0.0,0.14925756100645338,0.08230509757746467,0.06007819619977329,0.01,399,4,156
dbpedia-entity,rr,20,0.01,uniform_nz,299,1681,1025,0,0,0.0,0.08747392963385732,0.08230509757746467,0.06007819619977329,0.01,399,4,156
dbpedia-entity,rr,20,0.01,weighted,299,1668,1025,1,0,0.0,0.08230509757746467,0.08230509757746467,0.06007819619977329,0.01,399,4,156
dbpedia-entity,rr,20,0.01,active_judge,299,1676,1025,0,0,0.0,0.15856035113616412,0.08230509757746467,0.06007819619977329,0.01,399,4,156
dbpedia-entity,rr,20,0.01,strat_pilot,299,1616,1025,0,0,0.0,0.08238672382504468,0.08230509757746467,0.06007819619977329,0.01,399,4,156
dbpedia-entity,rr,20,0.01,weighted_cv,299,1632,1025,0,0,0.0,0.0697254492642198,0.08230509757746467,0.06007819619977329,0.01,399,4,156
dbpedia-entity,rr,20,0.01,active_cv,299,1642,1025,0,0,0.0,0.08289197507807565,0.08230509757746467,0.06007819619977329,0.01,399,4,156
dbpedia-entity,rr,20,0.01,weighted_cvl,299,1631,1025,0,0,0.0,0.06771573709836967,0.08230509757746467,0.06007819619977329,0.01,399,4,156
dbpedia-entity,rr,20,0.02,uniform,0,1699,1068,0,0,0.0,0.17418255255507867,0.08932891698886421,0.06104562606223202,0.02,399,4,156
dbpedia-entity,rr,20,0.02,uniform_nz,0,1652,1068,0,0,0.0,0.10726791220760716,0.08932891698886421,0.06104562606223202,0.02,399,4,156
dbpedia-entity,rr,20,0.02,weighted,0,1668,1068,0,0,0.0,0.08932891698886421,0.08932891698886421,0.06104562606223202,0.02,399,4,156
dbpedia-entity,rr,20,0.02,active_judge,0,1692,1068,0,0,0.0,0.23247566119894686,0.08932891698886421,0.06104562606223202,0.02,399,4,156
dbpedia-entity,rr,20,0.02,strat_pilot,0,1714,1068,1,0,0.0,0.08926614030594504,0.08932891698886421,0.06104562606223202,0.02,399,4,156
dbpedia-entity,rr,20,0.02,weighted_cv,0,1708,1068,0,0,0.0,0.0667308242591115,0.08932891698886421,0.06104562606223202,0.02,399,4,156
dbpedia-entity,rr,20,0.02,active_cv,0,1724,1068,0,0,0.0,0.08092548199764953,0.08932891698886421,0.06104562606223202,0.02,399,4,156
dbpedia-entity,rr,20,0.02,weighted_cvl,0,1676,1068,1,0,0.0,0.04272099275772551,0.08932891698886421,0.06104562606223202,0.02,399,4,156
dbpedia-entity,rr,20,0.02,uniform,1,1440,1010,0,0,0.0,0.12721887168428656,0.051879899616250905,0.058371808593658786,0.02,399,4,112
dbpedia-entity,rr,20,0.02,uniform_nz,1,1465,1010,0,0,0.0,0.062148233388875984,0.051879899616250905,0.058371808593658786,0.02,399,4,112
dbpedia-entity,rr,20,0.02,weighted,1,1472,1010,0,0,0.0,0.051879899616250905,0.051879899616250905,0.058371808593658786,0.02,399,4,112
dbpedia-entity,rr,20,0.02,active_judge,1,1428,1010,0,0,0.0,0.13075235524562567,0.051879899616250905,0.058371808593658786,0.02,399,4,112
dbpedia-entity,rr,20,0.02,strat_pilot,1,1432,1010,1,0,0.0,0.05147063442030122,0.051879899616250905,0.058371808593658786,0.02,399,4,112
dbpedia-entity,rr,20,0.02,weighted_cv,1,1474,1010,0,0,0.0,0.0504959777706786,0.051879899616250905,0.058371808593658786,0.02,399,4,112
dbpedia-entity,rr,20,0.02,active_cv,1,1428,1010,0,0,0.0,0.08092063552122401,0.051879899616250905,0.058371808593658786,0.02,399,4,112
dbpedia-entity,rr,20,0.02,weighted_cvl,1,1452,1010,0,0,0.0,0.03900041308243193,0.051879899616250905,0.058371808593658786,0.02,399,4,112
dbpedia-entity,rr,20,0.02,uniform,2,1679,1034,1,0,0.0,0.19297747303602536,0.08400768581318693,0.017506319313342466,0.02,399,4,156
dbpedia-entity,rr,20,0.02,uniform_nz,2,1688,1034,0,0,0.0,0.10825192051048879,0.08400768581318693,0.017506319313342466,0.02,399,4,156
dbpedia-entity,rr,20,0.02,weighted,2,1686,1034,1,0,0.0,0.08400768581318693,0.08400768581318693,0.017506319313342466,0.02,399,4,156
dbpedia-entity,rr,20,0.02,active_judge,2,1657,1034,0,0,0.0,0.16443803637934978,0.08400768581318693,0.017506319313342466,0.02,399,4,156
dbpedia-entity,rr,20,0.02,strat_pilot,2,1676,1034,0,0,0.0,0.08415860836540658,0.08400768581318693,0.017506319313342466,0.02,399,4,156
dbpedia-entity,rr,20,0.02,weighted_cv,2,1635,1034,0,0,0.0,0.06268350342064158,0.08400768581318693,0.017506319313342466,0.02,399,4,156
dbpedia-entity,rr,20,0.02,active_cv,2,1637,1034,0,0,0.0,0.08449316344851203,0.08400768581318693,0.017506319313342466,0.02,399,4,156
dbpedia-entity,rr,20,0.02,weighted_cvl,2,1670,1034,0,0,0.0,0.04658546989049371,0.08400768581318693,0.017506319313342466,0.02,399,4,156
dbpedia-entity,rr,20,0.02,uniform,3,1636,1020,0,0,0.0,0.1440683337587735,0.06894493711844821,0.04962751155120586,0.02,399,4,156
dbpedia-entity,rr,20,0.02,uniform_nz,3,1672,1020,0,0,0.0,0.07729884795859533,0.06894493711844821,0.04962751155120586,0.02,399,4,156
dbpedia-entity,rr,20,0.02,weighted,3,1642,1020,1,0,0.0,0.06894493711844821,0.06894493711844821,0.04962751155120586,0.02,399,4,156
dbpedia-entity,rr,20,0.02,active_judge,3,1640,1020,0,0,0.0,0.1729118247035702,0.06894493711844821,0.04962751155120586,0.02,399,4,156
dbpedia-entity,rr,20,0.02,strat_pilot,3,1642,1020,0,0,0.0,0.06903270259401577,0.06894493711844821,0.04962751155120586,0.02,399,4,156
dbpedia-entity,rr,20,0.02,weighted_cv,3,1670,1020,0,0,0.0,0.07003052779429586,0.06894493711844821,0.04962751155120586,0.02,399,4,156
dbpedia-entity,rr,20,0.02,active_cv,3,1662,1020,0,0,0.0,0.09168387457030858,0.06894493711844821,0.04962751155120586,0.02,399,4,156
dbpedia-entity,rr,20,0.02,weighted_cvl,3,1683,1020,0,0,0.0,0.053138914304986885,0.06894493711844821,0.04962751155120586,0.02,399,4,156
dbpedia-entity,rr,20,0.02,uniform,4,1682,1038,0,0,0.0,0.13573049199092008,0.06345654148022756,0.02651085244532416,0.02,399,4,156
dbpedia-entity,rr,20,0.02,uniform_nz,4,1668,1038,0,0,0.0,0.07339546826255508,0.06345654148022756,0.02651085244532416,0.02,399,4,156
dbpedia-entity,rr,20,0.02,weighted,4,1627,1038,1,0,0.0,0.06345654148022756,0.06345654148022756,0.02651085244532416,0.02,399,4,156
dbpedia-entity,rr,20,0.02,active_judge,4,1663,1038,0,0,0.0,0.15986356179560193,0.06345654148022756,0.02651085244532416,0.02,399,4,156
dbpedia-entity,rr,20,0.02,strat_pilot,4,1709,1038,0,0,0.0,0.06324320099710494,0.06345654148022756,0.02651085244532416,0.02,399,4,156
dbpedia-entity,rr,20,0.02,weighted_cv,4,1674,1038,0,0,0.0,0.06162675585394639,0.06345654148022756,0.02651085244532416,0.02,399,4,156
dbpedia-entity,rr,20,0.02,active_cv,4,1671,1038,0,0,0.0,0.07643668303107709,0.06345654148022756,0.02651085244532416,0.02,399,4,156
dbpedia-entity,rr,20,0.02,weighted_cvl,4,1709,1038,0,0,0.0,0.04336155802739529,0.06345654148022756,0.02651085244532416,0.02,399,4,156
dbpedia-entity,rr,20,0.02,uniform,5,1719,1074,0,0,0.005393065538769448,0.41366365013957795,0.08675300699357029,0.04431225549892016,0.014606934461230552,399,4,156
dbpedia-entity,rr,20,0.02,uniform_nz,5,1676,1074,0,0,0.005393065538769448,0.2082292732982471,0.08675300699357029,0.04431225549892016,0.014606934461230552,399,4,156
dbpedia-entity,rr,20,0.02,weighted,5,1678,1074,0,0,0.005393065538769448,0.08675300699357029,0.08675300699357029,0.04431225549892016,0.014606934461230552,399,4,156
dbpedia-entity,rr,20,0.02,active_judge,5,1709,1074,1,0,0.005393065538769448,0.17353602757531447,0.08675300699357029,0.04431225549892016,0.014606934461230552,399,4,156
dbpedia-entity,rr,20,0.02,strat_pilot,5,1701,1074,0,0,0.005393065538769448,0.08677329750627787,0.08675300699357029,0.04431225549892016,0.014606934461230552,399,4,156
dbpedia-entity,rr,20,0.02,weighted_cv,5,1692,1074,0,0,0.005393065538769448,0.05506670004565002,0.08675300699357029,0.04431225549892016,0.014606934461230552,399,4,156
dbpedia-entity,rr,20,0.02,active_cv,5,1690,1074,0,0,0.005393065538769448,0.0588279969772885,0.08675300699357029,0.04431225549892016,0.014606934461230552,399,4,156
dbpedia-entity,rr,20,0.02,weighted_cvl,5,1657,1074,0,0,0.005393065538769448,0.04897794989295102,0.08675300699357029,0.04431225549892016,0.014606934461230552,399,4,156
dbpedia-entity,rr,20,0.02,uniform,6,1730,1078,0,0,0.00632717502488378,0.15192864208845094,0.06993903775794905,0.03681086422027909,0.01367282497511622,399,4,156
dbpedia-entity,rr,20,0.02,uniform_nz,6,1700,1078,1,0,0.00632717502488378,0.07490885318400362,0.06993903775794905,0.03681086422027909,0.01367282497511622,399,4,156
dbpedia-entity,rr,20,0.02,weighted,6,1736,1078,0,0,0.00632717502488378,0.06993903775794905,0.06993903775794905,0.03681086422027909,0.01367282497511622,399,4,156
dbpedia-entity,rr,20,0.02,active_judge,6,1660,1078,0,0,0.00632717502488378,0.15424231656595386,0.06993903775794905,0.03681086422027909,0.01367282497511622,399,4,156
dbpedia-entity,rr,20,0.02,strat_pilot,6,1757,1078,0,0,0.00632717502488378,0.06989638494537352,0.06993903775794905,0.03681086422027909,0.01367282497511622,399,4,156
dbpedia-entity,rr,20,0.02,weighted_cv,6,1687,1078,0,0,0.00632717502488378,0.047805645300595244,0.06993903775794905,0.03681086422027909,0.01367282497511622,399,4,156
dbpedia-entity,rr,20,0.02,active_cv,6,1712,1078,0,0,0.00632717502488378,0.06900243135793364,0.06993903775794905,0.03681086422027909,0.01367282497511622,399,4,156
dbpedia-entity,rr,20,0.02,weighted_cvl,6,1687,1078,0,0,0.00632717502488378,0.041555573476408064,0.06993903775794905,0.03681086422027909,0.01367282497511622,399,4,156
dbpedia-entity,rr,20,0.02,uniform,7,1434,968,0,0,0.015978023544489517,0.21271602440808443,0.03916765861637657,0.025303818950997873,0.0040219764555104835,399,4,112
dbpedia-entity,rr,20,0.02,uniform_nz,7,1436,968,0,0,0.015978023544489517,0.08492812409320787,0.03916765861637657,0.025303818950997873,0.0040219764555104835,399,4,112
dbpedia-entity,rr,20,0.02,weighted,7,1418,968,1,0,0.015978023544489517,0.03916765861637657,0.03916765861637657,0.025303818950997873,0.0040219764555104835,399,4,112
dbpedia-entity,rr,20,0.02,active_judge,7,1443,968,0,0,0.015978023544489517,0.10569620276256034,0.03916765861637657,0.025303818950997873,0.0040219764555104835,399,4,112
dbpedia-entity,rr,20,0.02,strat_pilot,7,1429,968,0,0,0.015978023544489517,0.03895526918779816,0.03916765861637657,0.025303818950997873,0.0040219764555104835,399,4,112
dbpedia-entity,rr,20,0.02,weighted_cv,7,1415,968,0,0,0.015978023544489517,0.04190234743967538,0.03916765861637657,0.025303818950997873,0.0040219764555104835,399,4,112
dbpedia-entity,rr,20,0.02,active_cv,7,1421,968,0,0,0.015978023544489517,0.057420813218139966,0.03916765861637657,0.025303818950997873,0.0040219764555104835,399,4,112
dbpedia-entity,rr,20,0.02,weighted_cvl,7,1398,968,0,0,0.015978023544489517,0.026773732858532805,0.03916765861637657,0.025303818950997873,0.0040219764555104835,399,4,112
dbpedia-entity,rr,20,0.02,uniform,8,1457,1023,0,0,0.0,0.10774183505611842,0.03127158593118127,0.04186022087556615,0.02,399,4,111
dbpedia-entity,rr,20,0.02,uniform_nz,8,1485,1023,0,0,0.0,0.03877441509915226,0.03127158593118127,0.04186022087556615,0.02,399,4,111
dbpedia-entity,rr,20,0.02,weighted,8,1465,1023,0,0,0.0,0.03127158593118127,0.03127158593118127,0.04186022087556615,0.02,399,4,111
dbpedia-entity,rr,20,0.02,active_judge,8,1490,1023,1,0,0.0,0.08511971530138247,0.03127158593118127,0.04186022087556615,0.02,399,4,111
dbpedia-entity,rr,20,0.02,strat_pilot,8,1497,1023,1,0,0.0,0.031179679295950204,0.03127158593118127,0.04186022087556615,0.02,399,4,111
dbpedia-entity,rr,20,0.02,weighted_cv,8,1447,1023,0,0,0.0,0.050336410011239695,0.03127158593118127,0.04186022087556615,0.02,399,4,111
dbpedia-entity,rr,20,0.02,active_cv,8,1467,1023,0,0,0.0,0.07756696580019347,0.03127158593118127,0.04186022087556615,0.02,399,4,111
dbpedia-entity,rr,20,0.02,weighted_cvl,8,1477,1023,1,0,0.0,0.027065777132711955,0.03127158593118127,0.04186022087556615,0.02,399,4,111
dbpedia-entity,rr,20,0.02,uniform,9,1674,1033,0,0,0.0,0.14321168917501154,0.07367967154104632,0.047984909770984616,0.02,399,4,156
dbpedia-entity,rr,20,0.02,uniform_nz,9,1658,1033,1,0,0.0,0.08371395803093526,0.07367967154104632,0.047984909770984616,0.02,399,4,156
dbpedia-entity,rr,20,0.02,weighted,9,1678,1033,0,0,0.0,0.07367967154104632,0.07367967154104632,0.047984909770984616,0.02,399,4,156
dbpedia-entity,rr,20,0.02,active_judge,9,1642,1033,0,0,0.0,0.2043170202945795,0.07367967154104632,0.047984909770984616,0.02,399,4,156
dbpedia-entity,rr,20,0.02,strat_pilot,9,1686,1033,1,0,0.0,0.07372993584153677,0.07367967154104632,0.047984909770984616,0.02,399,4,156
dbpedia-entity,rr,20,0.02,weighted_cv,9,1663,1033,0,0,0.0,0.06775012978648036,0.07367967154104632,0.047984909770984616,0.02,399,4,156
dbpedia-entity,rr,20,0.02,active_cv,9,1650,1033,0,0,0.0,0.08488569032258204,0.07367967154104632,0.047984909770984616,0.02,399,4,156
dbpedia-entity,rr,20,0.02,weighted_cvl,9,1613,1033,0,0,0.0,0.04718812803352053,0.07367967154104632,0.047984909770984616,0.02,399,4,156
dbpedia-entity,rr,20,0.02,uniform,10,1608,1003,0,0,0.0,0.17034605270604145,0.07732960966064265,0.051854838135730594,0.02,399,4,156
dbpedia-entity,rr,20,0.02,uniform_nz,10,1628,1003,0,0,0.0,0.09992759647082254,0.07732960966064265,0.051854838135730594,0.02,399,4,156
dbpedia-entity,rr,20,0.02,weighted,10,1606,1003,0,0,0.0,0.07732960966064265,0.07732960966064265,0.051854838135730594,0.02,399,4,156
dbpedia-entity,rr,20,0.02,active_judge,10,1604,1003,0,0,0.0,0.23581019274145146,0.07732960966064265,0.051854838135730594,0.02,399,4,156
dbpedia-entity,rr,20,0.02,strat_pilot,10,1629,1003,0,0,0.0,0.07701439134462958,0.07732960966064265,0.051854838135730594,0.02,399,4,156
dbpedia-entity,rr,20,0.02,weighted_cv,10,1634,1003,0,0,0.0,0.07619199784698213,0.07732960966064265,0.051854838135730594,0.02,399,4,156
dbpedia-entity,rr,20,0.02,active_cv,10,1613,1003,0,0,0.0,0.11980326035607221,0.07732960966064265,0.051854838135730594,0.02,399,4,156
dbpedia-entity,rr,20,0.02,weighted_cvl,10,1664,1003,0,0,0.0,0.06658343940372738,0.07732960966064265,0.051854838135730594,0.02,399,4,156
dbpedia-entity,rr,20,0.02,uniform,11,1666,1033,0,0,0.0,0.18263206678119123,0.07935309317314092,0.044482308949745294,0.02,399,4,156
dbpedia-entity,rr,20,0.02,uniform_nz,11,1665,1033,0,0,0.0,0.10635559471411912,0.07935309317314092,0.044482308949745294,0.02,399,4,156
dbpedia-entity,rr,20,0.02,weighted,11,1639,1033,0,0,0.0,0.07935309317314092,0.07935309317314092,0.044482308949745294,0.02,399,4,156
dbpedia-entity,rr,20,0.02,active_judge,11,1667,1033,0,0,0.0,0.19824516869419334,0.07935309317314092,0.044482308949745294,0.02,399,4,156
dbpedia-entity,rr,20,0.02,strat_pilot,11,1641,1033,1,0,0.0,0.0792443793387469,0.07935309317314092,0.044482308949745294,0.02,399,4,156
dbpedia-entity,rr,20,0.02,weighted_cv,11,1643,1033,0,0,0.0,0.06403004089147013,0.07935309317314092,0.044482308949745294,0.02,399,4,156
dbpedia-entity,rr,20,0.02,active_cv,11,1618,1033,0,0,0.0,0.08636708747833345,0.07935309317314092,0.044482308949745294,0.02,399,4,156
dbpedia-entity,rr,20,0.02,weighted_cvl,11,1614,1033,0,0,0.0,0.05280843348009251,0.07935309317314092,0.044482308949745294,0.02,399,4,156
dbpedia-entity,rr,20,0.02,uniform,12,1683,1013,0,0,0.014668576858553606,0.7057518284767275,0.08162282601044132,0.054366083695497974,0.005331423141446395,399,4,156
dbpedia-entity,rr,20,0.02,uniform_nz,12,1618,1013,0,0,0.014668576858553606,0.5085096884549118,0.08162282601044132,0.054366083695497974,0.005331423141446395,399,4,156
dbpedia-entity,rr,20,0.02,weighted,12,1649,1013,0,0,0.014668576858553606,0.08162282601044132,0.08162282601044132,0.054366083695497974,0.005331423141446395,399,4,156
dbpedia-entity,rr,20,0.02,active_judge,12,1643,1013,0,0,0.014668576858553606,0.18879378905327998,0.08162282601044132,0.054366083695497974,0.005331423141446395,399,4,156
dbpedia-entity,rr,20,0.02,strat_pilot,12,1610,1013,0,0,0.014668576858553606,0.08133323816001362,0.08162282601044132,0.054366083695497974,0.005331423141446395,399,4,156
dbpedia-entity,rr,20,0.02,weighted_cv,12,1629,1013,0,0,0.014668576858553606,0.09152121722228587,0.08162282601044132,0.054366083695497974,0.005331423141446395,399,4,156
dbpedia-entity,rr,20,0.02,active_cv,12,1632,1013,1,0,0.014668576858553606,0.11424317807699183,0.08162282601044132,0.054366083695497974,0.005331423141446395,399,4,156
dbpedia-entity,rr,20,0.02,weighted_cvl,12,1636,1013,0,0,0.014668576858553606,0.05788341889684199,0.08162282601044132,0.054366083695497974,0.005331423141446395,399,4,156
dbpedia-entity,rr,20,0.02,uniform,13,1658,1093,0,0,0.0,0.14131083045062437,0.06863441333202344,0.03267288436899606,0.02,399,4,156
dbpedia-entity,rr,20,0.02,uniform_nz,13,1713,1093,0,0,0.0,0.07433617549286606,0.06863441333202344,0.03267288436899606,0.02,399,4,156
dbpedia-entity,rr,20,0.02,weighted,13,1701,1093,0,0,0.0,0.06863441333202344,0.06863441333202344,0.03267288436899606,0.02,399,4,156
dbpedia-entity,rr,20,0.02,active_judge,13,1702,1093,0,0,0.0,0.14241544562144598,0.06863441333202344,0.03267288436899606,0.02,399,4,156
dbpedia-entity,rr,20,0.02,strat_pilot,13,1750,1093,0,0,0.0,0.06866282542217002,0.06863441333202344,0.03267288436899606,0.02,399,4,156
dbpedia-entity,rr,20,0.02,weighted_cv,13,1700,1093,0,0,0.0,0.05679620521137618,0.06863441333202344,0.03267288436899606,0.02,399,4,156
dbpedia-entity,rr,20,0.02,active_cv,13,1721,1093,0,0,0.0,0.07630509903622736,0.06863441333202344,0.03267288436899606,0.02,399,4,156
dbpedia-entity,rr,20,0.02,weighted_cvl,13,1723,1093,0,0,0.0,0.05161143718079101,0.06863441333202344,0.03267288436899606,0.02,399,4,156
dbpedia-entity,rr,20,0.02,uniform,14,1442,987,1,0,0.0,0.17230270044665671,0.049275967590954095,0.03732370591897445,0.02,399,4,111
dbpedia-entity,rr,20,0.02,uniform_nz,14,1419,987,1,0,0.0,0.05195278110634888,0.049275967590954095,0.03732370591897445,0.02,399,4,111
dbpedia-entity,rr,20,0.02,weighted,14,1439,987,1,0,0.0,0.049275967590954095,0.049275967590954095,0.03732370591897445,0.02,399,4,111
dbpedia-entity,rr,20,0.02,active_judge,14,1434,987,1,0,0.0,0.1355111472838577,0.049275967590954095,0.03732370591897445,0.02,399,4,111
dbpedia-entity,rr,20,0.02,strat_pilot,14,1444,987,0,0,0.0,0.04908097389143692,0.049275967590954095,0.03732370591897445,0.02,399,4,111
dbpedia-entity,rr,20,0.02,weighted_cv,14,1407,987,1,0,0.0,0.03366404806145872,0.049275967590954095,0.03732370591897445,0.02,399,4,111
dbpedia-entity,rr,20,0.02,active_cv,14,1435,987,1,0,0.0,0.05277404827913984,0.049275967590954095,0.03732370591897445,0.02,399,4,111
dbpedia-entity,rr,20,0.02,weighted_cvl,14,1437,987,1,0,0.0,0.030311968194156696,0.049275967590954095,0.03732370591897445,0.02,399,4,111
dbpedia-entity,rr,20,0.02,uniform,15,1407,1030,0,0,0.0,0.14579299497620132,0.045129423805378724,0.0264707067957842,0.02,399,4,95
dbpedia-entity,rr,20,0.02,uniform_nz,15,1381,1030,0,0,0.0,0.05485632008710445,0.045129423805378724,0.0264707067957842,0.02,399,4,95
dbpedia-entity,rr,20,0.02,weighted,15,1400,1030,0,0,0.0,0.045129423805378724,0.045129423805378724,0.0264707067957842,0.02,399,4,95
dbpedia-entity,rr,20,0.02,active_judge,15,1387,1030,0,0,0.0,0.12535575196964227,0.045129423805378724,0.0264707067957842,0.02,399,4,95
dbpedia-entity,rr,20,0.02,strat_pilot,15,1392,1030,0,0,0.0,0.04503240452773285,0.045129423805378724,0.0264707067957842,0.02,399,4,95
dbpedia-entity,rr,20,0.02,weighted_cv,15,1420,1030,0,0,0.0,0.029304434750425278,0.045129423805378724,0.0264707067957842,0.02,399,4,95
dbpedia-entity,rr,20,0.02,active_cv,15,1410,1030,0,0,0.0,0.03851148338027691,0.045129423805378724,0.0264707067957842,0.02,399,4,95
dbpedia-entity,rr,20,0.02,weighted_cvl,15,1400,1030,0,0,0.0,0.02058069477303972,0.045129423805378724,0.0264707067957842,0.02,399,4,95
dbpedia-entity,rr,20,0.02,uniform,16,1682,1036,0,0,0.0,0.2090886593175359,0.07628839951156705,0.03333812998296778,0.02,399,4,156
dbpedia-entity,rr,20,0.02,uniform_nz,16,1693,1036,0,0,0.0,0.12698188382343778,0.07628839951156705,0.03333812998296778,0.02,399,4,156
dbpedia-entity,rr,20,0.02,weighted,16,1661,1036,0,0,0.0,0.07628839951156705,0.07628839951156705,0.03333812998296778,0.02,399,4,156
dbpedia-entity,rr,20,0.02,active_judge,16,1673,1036,0,0,0.0,0.17988635813197124,0.07628839951156705,0.03333812998296778,0.02,399,4,156
dbpedia-entity,rr,20,0.02,strat_pilot,16,1677,1036,0,0,0.0,0.07609550276128782,0.07628839951156705,0.03333812998296778,0.02,399,4,156
dbpedia-entity,rr,20,0.02,weighted_cv,16,1657,1036,0,0,0.0,0.06870135157359747,0.07628839951156705,0.03333812998296778,0.02,399,4,156
dbpedia-entity,rr,20,0.02,active_cv,16,1653,1036,0,0,0.0,0.08643132659651094,0.07628839951156705,0.03333812998296778,0.02,399,4,156
dbpedia-entity,rr,20,0.02,weighted_cvl,16,1637,1036,1,0,0.0,0.054278322599337514,0.07628839951156705,0.03333812998296778,0.02,399,4,156
dbpedia-entity,rr,20,0.02,uniform,17,1616,974,0,0,0.0020759924482231518,0.18024496773892756,0.07887880181008594,0.022891280233818683,0.01792400755177685,399,4,156
dbpedia-entity,rr,20,0.02,uniform_nz,17,1558,974,0,0,0.0020759924482231518,0.09923307703079443,0.07887880181008594,0.022891280233818683,0.01792400755177685,399,4,156
dbpedia-entity,rr,20,0.02,weighted,17,1608,974,0,0,0.0020759924482231518,0.07887880181008594,0.07887880181008594,0.022891280233818683,0.01792400755177685,399,4,156
dbpedia-entity,rr,20,0.02,active_judge,17,1556,974,0,0,0.0020759924482231518,0.23540519246868521,0.07887880181008594,0.022891280233818683,0.01792400755177685,399,4,156
dbpedia-entity,rr,20,0.02,strat_pilot,17,1560,974,0,0,0.0020759924482231518,0.07887920105285853,0.07887880181008594,0.022891280233818683,0.01792400755177685,399,4,156
dbpedia-entity,rr,20,0.02,weighted_cv,17,1617,974,0,0,0.0020759924482231518,0.0642913010631079,0.07887880181008594,0.022891280233818683,0.01792400755177685,399,4,156
dbpedia-entity,rr,20,0.02,active_cv,17,1607,974,0,0,0.0020759924482231518,0.08277348973399878,0.07887880181008594,0.022891280233818683,0.01792400755177685,399,4,156
dbpedia-entity,rr,20,0.02,weighted_cvl,17,1559,974,1,0,0.0020759924482231518,0.0477858869016671,0.07887880181008594,0.022891280233818683,0.01792400755177685,399,4,156
dbpedia-entity,rr,20,0.02,uniform,18,1678,1054,0,0,0.0,0.32645964031801655,0.11781321252710023,0.04571127890975495,0.02,399,4,156
dbpedia-entity,rr,20,0.02,uniform_nz,18,1677,1054,0,0,0.0,0.16725967742563047,0.11781321252710023,0.04571127890975495,0.02,399,4,156
dbpedia-entity,rr,20,0.02,weighted,18,1664,1054,1,0,0.0,0.11781321252710023,0.11781321252710023,0.04571127890975495,0.02,399,4,156
dbpedia-entity,rr,20,0.02,active_judge,18,1688,1054,0,0,0.0,0.20170193460939573,0.11781321252710023,0.04571127890975495,0.02,399,4,156
dbpedia-entity,rr,20,0.02,strat_pilot,18,1658,1054,0,0,0.0,0.11780388397677169,0.11781321252710023,0.04571127890975495,0.02,399,4,156
dbpedia-entity,rr,20,0.02,weighted_cv,18,1684,1054,0,0,0.0,0.06824565413390246,0.11781321252710023,0.04571127890975495,0.02,399,4,156
dbpedia-entity,rr,20,0.02,active_cv,18,1693,1054,0,0,0.0,0.08513179591391601,0.11781321252710023,0.04571127890975495,0.02,399,4,156
dbpedia-entity,rr,20,0.02,weighted_cvl,18,1681,1054,0,0,0.0,0.08129778980339263,0.11781321252710023,0.04571127890975495,0.02,399,4,156
dbpedia-entity,rr,20,0.02,uniform,19,1657,1024,0,0,0.0,0.1301525999878364,0.0687516255225675,0.06830456100491791,0.02,399,4,156
dbpedia-entity,rr,20,0.02,uniform_nz,19,1631,1024,1,0,0.0,0.08072367439611416,0.0687516255225675,0.06830456100491791,0.02,399,4,156
dbpedia-entity,rr,20,0.02,weighted,19,1604,1024,0,0,0.0,0.0687516255225675,0.0687516255225675,0.06830456100491791,0.02,399,4,156
dbpedia-entity,rr,20,0.02,active_judge,19,1634,1024,0,0,0.0,0.20040729620144432,0.0687516255225675,0.06830456100491791,0.02,399,4,156
dbpedia-entity,rr,20,0.02,strat_pilot,19,1643,1024,0,0,0.0,0.06825999573935533,0.0687516255225675,0.06830456100491791,0.02,399,4,156
dbpedia-entity,rr,20,0.02,weighted_cv,19,1594,1024,1,0,0.0,0.08840762478950895,0.0687516255225675,0.06830456100491791,0.02,399,4,156
dbpedia-entity,rr,20,0.02,active_cv,19,1651,1024,0,0,0.0,0.12426741702482488,0.0687516255225675,0.06830456100491791,0.02,399,4,156
dbpedia-entity,rr,20,0.02,weighted_cvl,19,1646,1024,0,0,0.0,0.060541782039328376,0.0687516255225675,0.06830456100491791,0.02,399,4,156
dbpedia-entity,rr,20,0.02,uniform,20,1661,1067,1,0,0.0,0.16665988450257246,0.06317282011998922,0.032438957885939305,0.02,399,4,156
dbpedia-entity,rr,20,0.02,uniform_nz,20,1695,1067,0,0,0.0,0.07922476255599911,0.06317282011998922,0.032438957885939305,0.02,399,4,156
dbpedia-entity,rr,20,0.02,weighted,20,1706,1067,1,0,0.0,0.06317282011998922,0.06317282011998922,0.032438957885939305,0.02,399,4,156
dbpedia-entity,rr,20,0.02,active_judge,20,1729,1067,0,0,0.0,0.1928754335497851,0.06317282011998922,0.032438957885939305,0.02,399,4,156
dbpedia-entity,rr,20,0.02,strat_pilot,20,1699,1067,1,0,0.0,0.06227802574565226,0.06317282011998922,0.032438957885939305,0.02,399,4,156
dbpedia-entity,rr,20,0.02,weighted_cv,20,1714,1067,1,0,0.0,0.061771673056292345,0.06317282011998922,0.032438957885939305,0.02,399,4,156
dbpedia-entity,rr,20,0.02,active_cv,20,1688,1067,1,0,0.0,0.09013425642185331,0.06317282011998922,0.032438957885939305,0.02,399,4,156
dbpedia-entity,rr,20,0.02,weighted_cvl,20,1696,1067,1,0,0.0,0.03870514963697941,0.06317282011998922,0.032438957885939305,0.02,399,4,156
dbpedia-entity,rr,20,0.02,uniform,21,1658,1048,0,0,0.0,0.17281451830885702,0.09199718143792034,0.06806986327613639,0.02,399,4,156
dbpedia-entity,rr,20,0.02,uniform_nz,21,1705,1048,0,0,0.0,0.1052805463048907,0.09199718143792034,0.06806986327613639,0.02,399,4,156
dbpedia-entity,rr,20,0.02,weighted,21,1686,1048,1,0,0.0,0.09199718143792034,0.09199718143792034,0.06806986327613639,0.02,399,4,156
dbpedia-entity,rr,20,0.02,active_judge,21,1730,1048,0,0,0.0,0.2426668576225232,0.09199718143792034,0.06806986327613639,0.02,399,4,156
dbpedia-entity,rr,20,0.02,strat_pilot,21,1659,1048,0,0,0.0,0.09213940959620699,0.09199718143792034,0.06806986327613639,0.02,399,4,156
dbpedia-entity,rr,20,0.02,weighted_cv,21,1663,1048,1,0,0.0,0.08309166421090182,0.09199718143792034,0.06806986327613639,0.02,399,4,156
dbpedia-entity,rr,20,0.02,active_cv,21,1675,1048,0,0,0.0,0.1518119207616847,0.09199718143792034,0.06806986327613639,0.02,399,4,156
dbpedia-entity,rr,20,0.02,weighted_cvl,21,1702,1048,0,0,0.0,0.07989162610601382,0.09199718143792034,0.06806986327613639,0.02,399,4,156
dbpedia-entity,rr,20,0.02,uniform,22,1571,942,0,0,0.0,0.12322908857411105,0.06559217562214063,0.06031988091229984,0.02,399,4,156
dbpedia-entity,rr,20,0.02,uniform_nz,22,1558,942,1,0,0.0,0.0789153383153508,0.06559217562214063,0.06031988091229984,0.02,399,4,156
dbpedia-entity,rr,20,0.02,weighted,22,1561,942,0,0,0.0,0.06559217562214063,0.06559217562214063,0.06031988091229984,0.02,399,4,156
dbpedia-entity,rr,20,0.02,active_judge,22,1548,942,0,0,0.0,0.13353303324570281,0.06559217562214063,0.06031988091229984,0.02,399,4,156
dbpedia-entity,rr,20,0.02,strat_pilot,22,1578,942,0,0,0.0,0.06577635914769737,0.06559217562214063,0.06031988091229984,0.02,399,4,156
dbpedia-entity,rr,20,0.02,weighted_cv,22,1570,942,0,0,0.0,0.04431200282501992,0.06559217562214063,0.06031988091229984,0.02,399,4,156
dbpedia-entity,rr,20,0.02,active_cv,22,1564,942,0,0,0.0,0.052070056279794594,0.06559217562214063,0.06031988091229984,0.02,399,4,156
dbpedia-entity,rr,20,0.02,weighted_cvl,22,1567,942,0,0,0.0,0.04065334657112135,0.06559217562214063,0.06031988091229984,0.02,399,4,156
dbpedia-entity,rr,20,0.02,uniform,23,1343,995,0,0,0.0,0.6146003696819854,0.07795440003895596,0.1252862496980144,0.02,399,4,91
dbpedia-entity,rr,20,0.02,uniform_nz,23,1363,995,1,0,0.0,0.17713508930038277,0.07795440003895596,0.1252862496980144,0.02,399,4,91
dbpedia-entity,rr,20,0.02,weighted,23,1362,995,1,0,0.0,0.07795440003895596,0.07795440003895596,0.1252862496980144,0.02,399,4,91
dbpedia-entity,rr,20,0.02,active_judge,23,1372,995,0,0,0.0,0.2990065077859991,0.07795440003895596,0.1252862496980144,0.02,399,4,91
dbpedia-entity,rr,20,0.02,strat_pilot,23,1357,995,1,0,0.0,0.07757116948542067,0.07795440003895596,0.1252862496980144,0.02,399,4,91
dbpedia-entity,rr,20,0.02,weighted_cv,23,1340,995,1,0,0.0,0.08624091506203635,0.07795440003895596,0.1252862496980144,0.02,399,4,91
dbpedia-entity,rr,20,0.02,active_cv,23,1354,995,1,0,0.0,0.11083624742222713,0.07795440003895596,0.1252862496980144,0.02,399,4,91
dbpedia-entity,rr,20,0.02,weighted_cvl,23,1366,995,1,0,0.0,0.056928270672836366,0.07795440003895596,0.1252862496980144,0.02,399,4,91
dbpedia-entity,rr,20,0.02,uniform,24,1443,1006,0,0,0.0,0.21339869001807873,0.04832709370487516,0.022188688178189864,0.02,399,4,112
dbpedia-entity,rr,20,0.02,uniform_nz,24,1449,1006,1,0,0.0,0.06917632220126749,0.04832709370487516,0.022188688178189864,0.02,399,4,112
dbpedia-entity,rr,20,0.02,weighted,24,1458,1006,1,0,0.0,0.04832709370487516,0.04832709370487516,0.022188688178189864,0.02,399,4,112
dbpedia-entity,rr,20,0.02,active_judge,24,1474,1006,0,0,0.0,0.1438840140463506,0.04832709370487516,0.022188688178189864,0.02,399,4,112
dbpedia-entity,rr,20,0.02,strat_pilot,24,1444,1006,0,0,0.0,0.04831237832292614,0.04832709370487516,0.022188688178189864,0.02,399,4,112
dbpedia-entity,rr,20,0.02,weighted_cv,24,1463,1006,0,0,0.0,0.054455199342728224,0.04832709370487516,0.022188688178189864,0.02,399,4,112
dbpedia-entity,rr,20,0.02,active_cv,24,1480,1006,0,0,0.0,0.06687711093266706,0.04832709370487516,0.022188688178189864,0.02,399,4,112
dbpedia-entity,rr,20,0.02,weighted_cvl,24,1464,1006,0,0,0.0,0.030841246954269104,0.04832709370487516,0.022188688178189864,0.02,399,4,112
dbpedia-entity,rr,20,0.02,uniform,25,1645,1016,1,0,0.0,0.16109661832364236,0.08379962621336959,0.0949145675445985,0.02,399,4,156
dbpedia-entity,rr,20,0.02,uniform_nz,25,1611,1016,0,0,0.0,0.1036082925617636,0.08379962621336959,0.0949145675445985,0.02,399,4,156
dbpedia-entity,rr,20,0.02,weighted,25,1660,1016,0,0,0.0,0.08379962621336959,0.08379962621336959,0.0949145675445985,0.02,399,4,156
dbpedia-entity,rr,20,0.02,active_judge,25,1680,1016,0,0,0.0,0.20409291510540273,0.08379962621336959,0.0949145675445985,0.02,399,4,156
dbpedia-entity,rr,20,0.02,strat_pilot,25,1638,1016,0,0,0.0,0.08362709648780838,0.08379962621336959,0.0949145675445985,0.02,399,4,156
dbpedia-entity,rr,20,0.02,weighted_cv,25,1653,1016,1,0,0.0,0.06501650498588205,0.08379962621336959,0.0949145675445985,0.02,399,4,156
dbpedia-entity,rr,20,0.02,active_cv,25,1624,1016,0,0,0.0,0.08347364690030959,0.08379962621336959,0.0949145675445985,0.02,399,4,156
dbpedia-entity,rr,20,0.02,weighted_cvl,25,1633,1016,1,0,0.0,0.047871423796014265,0.08379962621336959,0.0949145675445985,0.02,399,4,156
dbpedia-entity,rr,20,0.02,uniform,26,1453,1052,0,0,0.0,0.6925760274852318,0.03597281378028368,0.06574031595638172,0.02,399,4,97
dbpedia-entity,rr,20,0.02,uniform_nz,26,1449,1052,0,0,0.0,0.1806859836999113,0.03597281378028368,0.06574031595638172,0.02,399,4,97
dbpedia-entity,rr,20,0.02,weighted,26,1450,1052,0,0,0.0,0.03597281378028368,0.03597281378028368,0.06574031595638172,0.02,399,4,97
dbpedia-entity,rr,20,0.02,active_judge,26,1422,1052,0,0,0.0,0.39939867438167587,0.03597281378028368,0.06574031595638172,0.02,399,4,97
dbpedia-entity,rr,20,0.02,strat_pilot,26,1425,1052,0,0,0.0,0.03561303396760544,0.03597281378028368,0.06574031595638172,0.02,399,4,97
dbpedia-entity,rr,20,0.02,weighted_cv,26,1430,1052,0,0,0.0,0.04299684914813222,0.03597281378028368,0.06574031595638172,0.02,399,4,97
dbpedia-entity,rr,20,0.02,active_cv,26,1424,1052,0,0,0.0,0.05354302313455121,0.03597281378028368,0.06574031595638172,0.02,399,4,97
dbpedia-entity,rr,20,0.02,weighted_cvl,26,1447,1052,0,0,0.0,0.04299684914813222,0.03597281378028368,0.06574031595638172,0.02,399,4,97
dbpedia-entity,rr,20,0.02,uniform,27,1499,1116,0,0,0.0,0.14300830609077347,0.018791900423801577,0.06204422714181766,0.02,399,4,97
dbpedia-entity,rr,20,0.02,uniform_nz,27,1512,1116,0,0,0.0,0.02171759256179346,0.018791900423801577,0.06204422714181766,0.02,399,4,97
dbpedia-entity,rr,20,0.02,weighted,27,1487,1116,1,0,0.0,0.018791900423801577,0.018791900423801577,0.06204422714181766,0.02,399,4,97
dbpedia-entity,rr,20,0.02,active_judge,27,1488,1116,0,0,0.0,0.05086446907477967,0.018791900423801577,0.06204422714181766,0.02,399,4,97
dbpedia-entity,rr,20,0.02,strat_pilot,27,1507,1116,0,0,0.0,0.018599416556266436,0.018791900423801577,0.06204422714181766,0.02,399,4,97
dbpedia-entity,rr,20,0.02,weighted_cv,27,1507,1116,1,0,0.0,0.013711446086820903,0.018791900423801577,0.06204422714181766,0.02,399,4,97
dbpedia-entity,rr,20,0.02,active_cv,27,1515,1116,0,0,0.0,0.020482780066775574,0.018791900423801577,0.06204422714181766,0.02,399,4,97
dbpedia-entity,rr,20,0.02,weighted_cvl,27,1516,1116,1,0,0.0,0.011183591500952326,0.018791900423801577,0.06204422714181766,0.02,399,4,97
dbpedia-entity,rr,20,0.02,uniform,28,1476,1055,0,0,0.0,0.0816909934376501,0.032735167844876255,0.03303530906085084,0.02,399,4,112
dbpedia-entity,rr,20,0.02,uniform_nz,28,1503,1055,0,0,0.0,0.036055503458454305,0.032735167844876255,0.03303530906085084,0.02,399,4,112
dbpedia-entity,rr,20,0.02,weighted,28,1505,1055,0,0,0.0,0.032735167844876255,0.032735167844876255,0.03303530906085084,0.02,399,4,112
dbpedia-entity,rr,20,0.02,active_judge,28,1479,1055,0,0,0.0,0.08883017986941155,0.032735167844876255,0.03303530906085084,0.02,399,4,112
dbpedia-entity,rr,20,0.02,strat_pilot,28,1487,1055,0,0,0.0,0.032719749043604585,0.032735167844876255,0.03303530906085084,0.02,399,4,112
dbpedia-entity,rr,20,0.02,weighted_cv,28,1532,1055,1,0,0.0,0.022368689734062013,0.032735167844876255,0.03303530906085084,0.02,399,4,112
dbpedia-entity,rr,20,0.02,active_cv,28,1475,1055,0,0,0.0,0.030838749396126297,0.032735167844876255,0.03303530906085084,0.02,399,4,112
dbpedia-entity,rr,20,0.02,weighted_cvl,28,1516,1055,0,0,0.0,0.016295500533405904,0.032735167844876255,0.03303530906085084,0.02,399,4,112
dbpedia-entity,rr,20,0.02,uniform,29,1615,1009,0,0,0.0,0.17237443301164895,0.08785958161146006,0.04002032794309682,0.02,399,4,156
dbpedia-entity,rr,20,0.02,uniform_nz,29,1600,1009,1,0,0.0,0.11251489148076887,0.08785958161146006,0.04002032794309682,0.02,399,4,156
dbpedia-entity,rr,20,0.02,weighted,29,1633,1009,1,0,0.0,0.08785958161146006,0.08785958161146006,0.04002032794309682,0.02,399,4,156
dbpedia-entity,rr,20,0.02,active_judge,29,1655,1009,0,0,0.0,0.21117226278308882,0.08785958161146006,0.04002032794309682,0.02,399,4,156
dbpedia-entity,rr,20,0.02,strat_pilot,29,1612,1009,0,0,0.0,0.08804752195870905,0.08785958161146006,0.04002032794309682,0.02,399,4,156
dbpedia-entity,rr,20,0.02,weighted_cv,29,1613,1009,1,0,0.0,0.07390836773037962,0.08785958161146006,0.04002032794309682,0.02,399,4,156
dbpedia-entity,rr,20,0.02,active_cv,29,1646,1009,0,0,0.0,0.1030303721631646,0.08785958161146006,0.04002032794309682,0.02,399,4,156
dbpedia-entity,rr,20,0.02,weighted_cvl,29,1606,1009,1,0,0.0,0.07131727082364363,0.08785958161146006,0.04002032794309682,0.02,399,4,156
dbpedia-entity,rr,20,0.02,uniform,30,1741,1091,0,0,0.0,0.15369355272294488,0.07844508482626494,0.05436422782308864,0.02,399,4,156
dbpedia-entity,rr,20,0.02,uniform_nz,30,1759,1091,1,0,0.0,0.08398374888858677,0.07844508482626494,0.05436422782308864,0.02,399,4,156
dbpedia-entity,rr,20,0.02,weighted,30,1682,1091,0,0,0.0,0.07844508482626494,0.07844508482626494,0.05436422782308864,0.02,399,4,156
dbpedia-entity,rr,20,0.02,active_judge,30,1689,1091,0,0,0.0,0.19009798378181655,0.07844508482626494,0.05436422782308864,0.02,399,4,156
dbpedia-entity,rr,20,0.02,strat_pilot,30,1711,1091,0,0,0.0,0.07854288069245993,0.07844508482626494,0.05436422782308864,0.02,399,4,156
dbpedia-entity,rr,20,0.02,weighted_cv,30,1688,1091,0,0,0.0,0.0704786068932913,0.07844508482626494,0.05436422782308864,0.02,399,4,156
dbpedia-entity,rr,20,0.02,active_cv,30,1725,1091,1,0,0.0,0.10637448160076235,0.07844508482626494,0.05436422782308864,0.02,399,4,156
dbpedia-entity,rr,20,0.02,weighted_cvl,30,1678,1091,0,0,0.0,0.06585951977803653,0.07844508482626494,0.05436422782308864,0.02,399,4,156
dbpedia-entity,rr,20,0.02,uniform,31,1716,1106,0,0,0.015843561675529583,0.24302533431738754,0.08328429937952243,0.03327427089853629,0.004156438324470418,399,4,156
dbpedia-entity,rr,20,0.02,uniform_nz,31,1711,1106,0,0,0.015843561675529583,0.12156262548571398,0.08328429937952243,0.03327427089853629,0.004156438324470418,399,4,156
dbpedia-entity,rr,20,0.02,weighted,31,1724,1106,0,0,0.015843561675529583,0.08328429937952243,0.08328429937952243,0.03327427089853629,0.004156438324470418,399,4,156
dbpedia-entity,rr,20,0.02,active_judge,31,1741,1106,0,0,0.015843561675529583,0.21656042608754805,0.08328429937952243,0.03327427089853629,0.004156438324470418,399,4,156
dbpedia-entity,rr,20,0.02,strat_pilot,31,1672,1106,0,0,0.015843561675529583,0.08300100759176418,0.08328429937952243,0.03327427089853629,0.004156438324470418,399,4,156
dbpedia-entity,rr,20,0.02,weighted_cv,31,1718,1106,0,0,0.015843561675529583,0.06067674403741102,0.08328429937952243,0.03327427089853629,0.004156438324470418,399,4,156
dbpedia-entity,rr,20,0.02,active_cv,31,1738,1106,0,0,0.015843561675529583,0.07388536733973222,0.08328429937952243,0.03327427089853629,0.004156438324470418,399,4,156
dbpedia-entity,rr,20,0.02,weighted_cvl,31,1742,1106,0,0,0.015843561675529583,0.05171768192353245,0.08328429937952243,0.03327427089853629,0.004156438324470418,399,4,156
dbpedia-entity,rr,20,0.02,uniform,32,1700,1078,0,0,0.0,0.2052919833532207,0.07754377725457876,0.025190577308305546,0.02,399,4,156
dbpedia-entity,rr,20,0.02,uniform_nz,32,1696,1078,0,0,0.0,0.10368811291231209,0.07754377725457876,0.025190577308305546,0.02,399,4,156
dbpedia-entity,rr,20,0.02,weighted,32,1699,1078,1,0,0.0,0.07754377725457876,0.07754377725457876,0.025190577308305546,0.02,399,4,156
dbpedia-entity,rr,20,0.02,active_judge,32,1729,1078,0,0,0.0,0.13220127779643223,0.07754377725457876,0.025190577308305546,0.02,399,4,156
dbpedia-entity,rr,20,0.02,strat_pilot,32,1692,1078,0,0,0.0,0.07752860131757541,0.07754377725457876,0.025190577308305546,0.02,399,4,156
dbpedia-entity,rr,20,0.02,weighted_cv,32,1721,1078,0,0,0.0,0.041742950277656884,0.07754377725457876,0.025190577308305546,0.02,399,4,156
dbpedia-entity,rr,20,0.02,active_cv,32,1702,1078,0,0,0.0,0.03873611202857417,0.07754377725457876,0.025190577308305546,0.02,399,4,156
dbpedia-entity,rr,20,0.02,weighted_cvl,32,1704,1078,0,0,0.0,0.034180148858018046,0.07754377725457876,0.025190577308305546,0.02,399,4,156
dbpedia-entity,rr,20,0.02,uniform,33,1647,1034,0,0,0.0,0.18252946336187076,0.07898676121111863,0.03447800337777116,0.02,399,4,156
dbpedia-entity,rr,20,0.02,uniform_nz,33,1634,1034,0,0,0.0,0.08911253811456277,0.07898676121111863,0.03447800337777116,0.02,399,4,156
dbpedia-entity,rr,20,0.02,weighted,33,1611,1034,0,0,0.0,0.07898676121111863,0.07898676121111863,0.03447800337777116,0.02,399,4,156
dbpedia-entity,rr,20,0.02,active_judge,33,1645,1034,0,0,0.0,0.21268300235386098,0.07898676121111863,0.03447800337777116,0.02,399,4,156
dbpedia-entity,rr,20,0.02,strat_pilot,33,1645,1034,0,0,0.0,0.07906030294278864,0.07898676121111863,0.03447800337777116,0.02,399,4,156
dbpedia-entity,rr,20,0.02,weighted_cv,33,1677,1034,0,0,0.0,0.05412857807551941,0.07898676121111863,0.03447800337777116,0.02,399,4,156
dbpedia-entity,rr,20,0.02,active_cv,33,1651,1034,0,0,0.0,0.09713533697825256,0.07898676121111863,0.03447800337777116,0.02,399,4,156
dbpedia-entity,rr,20,0.02,weighted_cvl,33,1683,1034,0,0,0.0,0.04930219304121526,0.07898676121111863,0.03447800337777116,0.02,399,4,156
dbpedia-entity,rr,20,0.02,uniform,34,1569,980,0,0,0.0,0.6681349975266759,0.08010182143640523,0.09758260557587521,0.02,399,4,156
dbpedia-entity,rr,20,0.02,uniform_nz,34,1568,980,0,0,0.0,0.48943151776975224,0.08010182143640523,0.09758260557587521,0.02,399,4,156
dbpedia-entity,rr,20,0.02,weighted,34,1611,980,0,0,0.0,0.08010182143640523,0.08010182143640523,0.09758260557587521,0.02,399,4,156
dbpedia-entity,rr,20,0.02,active_judge,34,1557,980,0,0,0.0,0.20714739734609378,0.08010182143640523,0.09758260557587521,0.02,399,4,156
dbpedia-entity,rr,20,0.02,strat_pilot,34,1600,980,0,0,0.0,0.08011089340315451,0.08010182143640523,0.09758260557587521,0.02,399,4,156
dbpedia-entity,rr,20,0.02,weighted_cv,34,1604,980,0,0,0.0,0.05461836207649782,0.08010182143640523,0.09758260557587521,0.02,399,4,156
dbpedia-entity,rr,20,0.02,active_cv,34,1608,980,0,0,0.0,0.0651584138292218,0.08010182143640523,0.09758260557587521,0.02,399,4,156
dbpedia-entity,rr,20,0.02,weighted_cvl,34,1602,980,0,0,0.0,0.048672775244104516,0.08010182143640523,0.09758260557587521,0.02,399,4,156
dbpedia-entity,rr,20,0.02,uniform,35,1502,1060,1,0,0.0,0.12895197801949942,0.04131143132232171,0.0529918361693478,0.02,399,4,111
dbpedia-entity,rr,20,0.02,uniform_nz,35,1483,1060,1,0,0.0,0.044445519011993576,0.04131143132232171,0.0529918361693478,0.02,399,4,111
dbpedia-entity,rr,20,0.02,weighted,35,1551,1060,0,0,0.0,0.04131143132232171,0.04131143132232171,0.0529918361693478,0.02,399,4,111
dbpedia-entity,rr,20,0.02,active_judge,35,1510,1060,0,0,0.0,0.11085095634579485,0.04131143132232171,0.0529918361693478,0.02,399,4,111
dbpedia-entity,rr,20,0.02,strat_pilot,35,1488,1060,0,0,0.0,0.04077133767882616,0.04131143132232171,0.0529918361693478,0.02,399,4,111
dbpedia-entity,rr,20,0.02,weighted_cv,35,1489,1060,1,0,0.0,0.05585253236393959,0.04131143132232171,0.0529918361693478,0.02,399,4,111
dbpedia-entity,rr,20,0.02,active_cv,35,1479,1060,1,0,0.0,0.07625820956829708,0.04131143132232171,0.0529918361693478,0.02,399,4,111
dbpedia-entity,rr,20,0.02,weighted_cvl,35,1461,1060,1,0,0.0,0.030285761089814806,0.04131143132232171,0.0529918361693478,0.02,399,4,111
dbpedia-entity,rr,20,0.02,uniform,36,1725,1089,0,0,0.00886574898321052,0.26115450649318633,0.08506385403768953,0.021209901209901214,0.01113425101678948,399,4,156
dbpedia-entity,rr,20,0.02,uniform_nz,36,1742,1089,0,0,0.00886574898321052,0.11816136928135404,0.08506385403768953,0.021209901209901214,0.01113425101678948,399,4,156
dbpedia-entity,rr,20,0.02,weighted,36,1715,1089,1,0,0.00886574898321052,0.08506385403768953,0.08506385403768953,0.021209901209901214,0.01113425101678948,399,4,156
dbpedia-entity,rr,20,0.02,active_judge,36,1715,1089,0,0,0.00886574898321052,0.21242461781100133,0.08506385403768953,0.021209901209901214,0.01113425101678948,399,4,156
dbpedia-entity,rr,20,0.02,strat_pilot,36,1717,1089,0,0,0.00886574898321052,0.08468675128130096,0.08506385403768953,0.021209901209901214,0.01113425101678948,399,4,156
dbpedia-entity,rr,20,0.02,weighted_cv,36,1700,1089,0,0,0.00886574898321052,0.08699244468108266,0.08506385403768953,0.021209901209901214,0.01113425101678948,399,4,156
dbpedia-entity,rr,20,0.02,active_cv,36,1746,1089,0,0,0.00886574898321052,0.12918224289250874,0.08506385403768953,0.021209901209901214,0.01113425101678948,399,4,156
dbpedia-entity,rr,20,0.02,weighted_cvl,36,1676,1089,0,0,0.00886574898321052,0.0638114084653829,0.08506385403768953,0.021209901209901214,0.01113425101678948,399,4,156
dbpedia-entity,rr,20,0.02,uniform,37,1702,1090,0,0,0.011496680378095814,0.2124669560752001,0.07481857544189965,0.03408967584702878,0.008503319621904187,399,4,156
dbpedia-entity,rr,20,0.02,uniform_nz,37,1699,1090,0,0,0.011496680378095814,0.1003738410472712,0.07481857544189965,0.03408967584702878,0.008503319621904187,399,4,156
dbpedia-entity,rr,20,0.02,weighted,37,1713,1090,0,0,0.011496680378095814,0.07481857544189965,0.07481857544189965,0.03408967584702878,0.008503319621904187,399,4,156
dbpedia-entity,rr,20,0.02,active_judge,37,1747,1090,0,0,0.011496680378095814,0.17312726367230036,0.07481857544189965,0.03408967584702878,0.008503319621904187,399,4,156
dbpedia-entity,rr,20,0.02,strat_pilot,37,1745,1090,0,0,0.011496680378095814,0.07481291612447095,0.07481857544189965,0.03408967584702878,0.008503319621904187,399,4,156
dbpedia-entity,rr,20,0.02,weighted_cv,37,1735,1090,0,0,0.011496680378095814,0.05934987277722072,0.07481857544189965,0.03408967584702878,0.008503319621904187,399,4,156
dbpedia-entity,rr,20,0.02,active_cv,37,1706,1090,0,0,0.011496680378095814,0.07768970805073058,0.07481857544189965,0.03408967584702878,0.008503319621904187,399,4,156
dbpedia-entity,rr,20,0.02,weighted_cvl,37,1686,1090,0,0,0.011496680378095814,0.0572238081322294,0.07481857544189965,0.03408967584702878,0.008503319621904187,399,4,156
dbpedia-entity,rr,20,0.02,uniform,38,1637,1022,0,0,0.0023141930291991075,0.1329255992918781,0.0630603562437774,0.026624740838020883,0.017685806970800893,399,4,156
dbpedia-entity,rr,20,0.02,uniform_nz,38,1650,1022,1,0,0.0023141930291991075,0.07693061320984461,0.0630603562437774,0.026624740838020883,0.017685806970800893,399,4,156
dbpedia-entity,rr,20,0.02,weighted,38,1682,1022,0,0,0.0023141930291991075,0.0630603562437774,0.0630603562437774,0.026624740838020883,0.017685806970800893,399,4,156
dbpedia-entity,rr,20,0.02,active_judge,38,1659,1022,0,0,0.0023141930291991075,0.14083669412691774,0.0630603562437774,0.026624740838020883,0.017685806970800893,399,4,156
dbpedia-entity,rr,20,0.02,strat_pilot,38,1625,1022,0,0,0.0023141930291991075,0.0630463498584628,0.0630603562437774,0.026624740838020883,0.017685806970800893,399,4,156
dbpedia-entity,rr,20,0.02,weighted_cv,38,1636,1022,0,0,0.0023141930291991075,0.05509940996451895,0.0630603562437774,0.026624740838020883,0.017685806970800893,399,4,156
dbpedia-entity,rr,20,0.02,active_cv,38,1638,1022,0,0,0.0023141930291991075,0.07935638159683969,0.0630603562437774,0.026624740838020883,0.017685806970800893,399,4,156
dbpedia-entity,rr,20,0.02,weighted_cvl,38,1649,1022,0,0,0.0023141930291991075,0.03546214098058757,0.0630603562437774,0.026624740838020883,0.017685806970800893,399,4,156
dbpedia-entity,rr,20,0.02,uniform,39,1764,1123,0,0,0.0,0.24471370129117914,0.09821495451800757,0.027624420066268994,0.02,399,4,156
dbpedia-entity,rr,20,0.02,uniform_nz,39,1727,1123,1,0,0.0,0.13033013706757207,0.09821495451800757,0.027624420066268994,0.02,399,4,156
dbpedia-entity,rr,20,0.02,weighted,39,1768,1123,0,0,0.0,0.09821495451800757,0.09821495451800757,0.027624420066268994,0.02,399,4,156
dbpedia-entity,rr,20,0.02,active_judge,39,1754,1123,0,0,0.0,0.2028672491017715,0.09821495451800757,0.027624420066268994,0.02,399,4,156
dbpedia-entity,rr,20,0.02,strat_pilot,39,1794,1123,0,0,0.0,0.09819023812362769,0.09821495451800757,0.027624420066268994,0.02,399,4,156
dbpedia-entity,rr,20,0.02,weighted_cv,39,1718,1123,1,0,0.0,0.08122618316631987,0.09821495451800757,0.027624420066268994,0.02,399,4,156
dbpedia-entity,rr,20,0.02,active_cv,39,1755,1123,0,0,0.0,0.10621764219762934,0.09821495451800757,0.027624420066268994,0.02,399,4,156
dbpedia-entity,rr,20,0.02,weighted_cvl,39,1719,1123,0,0,0.0,0.08605839677334155,0.09821495451800757,0.027624420066268994,0.02,399,4,156
dbpedia-entity,rr,20,0.02,uniform,40,1656,1045,0,0,0.0,0.1641939887959886,0.08354092381719544,0.0660909032151797,0.02,399,4,156
dbpedia-entity,rr,20,0.02,uniform_nz,40,1665,1045,0,0,0.0,0.0978503016236113,0.08354092381719544,0.0660909032151797,0.02,399,4,156
dbpedia-entity,rr,20,0.02,weighted,40,1652,1045,1,0,0.0,0.08354092381719544,0.08354092381719544,0.0660909032151797,0.02,399,4,156
dbpedia-entity,rr,20,0.02,active_judge,40,1660,1045,0,0,0.0,0.2049964555408516,0.08354092381719544,0.0660909032151797,0.02,399,4,156
dbpedia-entity,rr,20,0.02,strat_pilot,40,1709,1045,0,0,0.0,0.08356622174433012,0.08354092381719544,0.0660909032151797,0.02,399,4,156
dbpedia-entity,rr,20,0.02,weighted_cv,40,1679,1045,0,0,0.0,0.07431582048246402,0.08354092381719544,0.0660909032151797,0.02,399,4,156
dbpedia-entity,rr,20,0.02,active_cv,40,1663,1045,0,0,0.0,0.08550550611561585,0.08354092381719544,0.0660909032151797,0.02,399,4,156
dbpedia-entity,rr,20,0.02,weighted_cvl,40,1684,1045,0,0,0.0,0.07416523960828776,0.08354092381719544,0.0660909032151797,0.02,399,4,156
dbpedia-entity,rr,20,0.02,uniform,41,1338,1007,0,0,0.0,0.7201531294654506,0.0623856578233936,0.11997782446311858,0.02,399,4,88
dbpedia-entity,rr,20,0.02,uniform_nz,41,1345,1007,0,0,0.0,0.1287799986890559,0.0623856578233936,0.11997782446311858,0.02,399,4,88
dbpedia-entity,rr,20,0.02,weighted,41,1355,1007,1,0,0.0,0.0623856578233936,0.0623856578233936,0.11997782446311858,0.02,399,4,88
dbpedia-entity,rr,20,0.02,active_judge,41,1364,1007,0,0,0.0,0.24098610260518688,0.0623856578233936,0.11997782446311858,0.02,399,4,88
dbpedia-entity,rr,20,0.02,strat_pilot,41,1361,1007,1,0,0.0,0.06105493468649621,0.0623856578233936,0.11997782446311858,0.02,399,4,88
dbpedia-entity,rr,20,0.02,weighted_cv,41,1399,1007,1,0,0.0,0.05599832802384719,0.0623856578233936,0.11997782446311858,0.02,399,4,88
dbpedia-entity,rr,20,0.02,active_cv,41,1362,1007,1,0,0.0,0.14421983783177,0.0623856578233936,0.11997782446311858,0.02,399,4,88
dbpedia-entity,rr,20,0.02,weighted_cvl,41,1378,1007,1,0,0.0,0.0623856578233936,0.0623856578233936,0.11997782446311858,0.02,399,4,88
dbpedia-entity,rr,20,0.02,uniform,42,1714,1042,0,0,0.004693719552972819,0.3016416437171007,0.07107303233652466,0.03915665769845336,0.015306280447027181,399,4,156
dbpedia-entity,rr,20,0.02,uniform_nz,42,1663,1042,0,0,0.004693719552972819,0.18855671587158016,0.07107303233652466,0.03915665769845336,0.015306280447027181,399,4,156
dbpedia-entity,rr,20,0.02,weighted,42,1664,1042,0,0,0.004693719552972819,0.07107303233652466,0.07107303233652466,0.03915665769845336,0.015306280447027181,399,4,156
dbpedia-entity,rr,20,0.02,active_judge,42,1652,1042,0,0,0.004693719552972819,0.15221070688298768,0.07107303233652466,0.03915665769845336,0.015306280447027181,399,4,156
dbpedia-entity,rr,20,0.02,strat_pilot,42,1655,1042,0,0,0.004693719552972819,0.0712727996857992,0.07107303233652466,0.03915665769845336,0.015306280447027181,399,4,156
dbpedia-entity,rr,20,0.02,weighted_cv,42,1663,1042,0,0,0.004693719552972819,0.058493919838988606,0.07107303233652466,0.03915665769845336,0.015306280447027181,399,4,156
dbpedia-entity,rr,20,0.02,active_cv,42,1671,1042,0,0,0.004693719552972819,0.0693130412009241,0.07107303233652466,0.03915665769845336,0.015306280447027181,399,4,156
dbpedia-entity,rr,20,0.02,weighted_cvl,42,1679,1042,0,0,0.004693719552972819,0.03941696926655349,0.07107303233652466,0.03915665769845336,0.015306280447027181,399,4,156
dbpedia-entity,rr,20,0.02,uniform,43,1631,1013,0,0,0.0,0.15887479171248758,0.0861637384193878,0.011306918765460675,0.02,399,4,156
dbpedia-entity,rr,20,0.02,uniform_nz,43,1652,1013,1,0,0.0,0.0999564549249488,0.0861637384193878,0.011306918765460675,0.02,399,4,156
dbpedia-entity,rr,20,0.02,weighted,43,1615,1013,0,0,0.0,0.0861637384193878,0.0861637384193878,0.011306918765460675,0.02,399,4,156
dbpedia-entity,rr,20,0.02,active_judge,43,1668,1013,1,0,0.0,0.1795569517112226,0.0861637384193878,0.011306918765460675,0.02,399,4,156
dbpedia-entity,rr,20,0.02,strat_pilot,43,1600,1013,0,0,0.0,0.08635333489998345,0.0861637384193878,0.011306918765460675,0.02,399,4,156
dbpedia-entity,rr,20,0.02,weighted_cv,43,1639,1013,0,0,0.0,0.06609468511069587,0.0861637384193878,0.011306918765460675,0.02,399,4,156
dbpedia-entity,rr,20,0.02,active_cv,43,1612,1013,0,0,0.0,0.09769578025306637,0.0861637384193878,0.011306918765460675,0.02,399,4,156
dbpedia-entity,rr,20,0.02,weighted_cvl,43,1637,1013,0,0,0.0,0.056617610941885055,0.0861637384193878,0.011306918765460675,0.02,399,4,156
dbpedia-entity,rr,20,0.02,uniform,44,1609,971,0,0,0.0007979400487619914,0.18261117216027845,0.08682159481937465,0.04529748035516329,0.01920205995123801,399,4,156
dbpedia-entity,rr,20,0.02,uniform_nz,44,1593,971,1,0,0.0007979400487619914,0.09866745138618681,0.08682159481937465,0.04529748035516329,0.01920205995123801,399,4,156
dbpedia-entity,rr,20,0.02,weighted,44,1596,971,0,0,0.0007979400487619914,0.08682159481937465,0.08682159481937465,0.04529748035516329,0.01920205995123801,399,4,156
dbpedia-entity,rr,20,0.02,active_judge,44,1619,971,0,0,0.0007979400487619914,0.200993721890307,0.08682159481937465,0.04529748035516329,0.01920205995123801,399,4,156
dbpedia-entity,rr,20,0.02,strat_pilot,44,1588,971,0,0,0.0007979400487619914,0.08685571513924065,0.08682159481937465,0.04529748035516329,0.01920205995123801,399,4,156
dbpedia-entity,rr,20,0.02,weighted_cv,44,1590,971,0,0,0.0007979400487619914,0.05787525118334162,0.08682159481937465,0.04529748035516329,0.01920205995123801,399,4,156
dbpedia-entity,rr,20,0.02,active_cv,44,1583,971,0,0,0.0007979400487619914,0.07245581376291396,0.08682159481937465,0.04529748035516329,0.01920205995123801,399,4,156
dbpedia-entity,rr,20,0.02,weighted_cvl,44,1559,971,0,0,0.0007979400487619914,0.052701760214636816,0.08682159481937465,0.04529748035516329,0.01920205995123801,399,4,156
dbpedia-entity,rr,20,0.02,uniform,45,1666,1031,0,0,0.0,0.13878582161695566,0.07340251690143314,0.03611596562927388,0.02,399,4,156
dbpedia-entity,rr,20,0.02,uniform_nz,45,1690,1031,0,0,0.0,0.08356014264646858,0.07340251690143314,0.03611596562927388,0.02,399,4,156
dbpedia-entity,rr,20,0.02,weighted,45,1668,1031,0,0,0.0,0.07340251690143314,0.07340251690143314,0.03611596562927388,0.02,399,4,156
dbpedia-entity,rr,20,0.02,active_judge,45,1676,1031,0,0,0.0,0.19548292681089008,0.07340251690143314,0.03611596562927388,0.02,399,4,156
dbpedia-entity,rr,20,0.02,strat_pilot,45,1628,1031,0,0,0.0,0.07319944847957816,0.07340251690143314,0.03611596562927388,0.02,399,4,156
dbpedia-entity,rr,20,0.02,weighted_cv,45,1680,1031,1,0,0.0,0.06545961300370236,0.07340251690143314,0.03611596562927388,0.02,399,4,156
dbpedia-entity,rr,20,0.02,active_cv,45,1598,1031,0,0,0.0,0.08153866100312736,0.07340251690143314,0.03611596562927388,0.02,399,4,156
dbpedia-entity,rr,20,0.02,weighted_cvl,45,1645,1031,0,0,0.0,0.048299299027101436,0.07340251690143314,0.03611596562927388,0.02,399,4,156
dbpedia-entity,rr,20,0.02,uniform,46,1621,977,0,0,0.003518176316738675,0.23454470862488863,0.08994314978018475,0.04460989606281705,0.016481823683261326,399,4,156
dbpedia-entity,rr,20,0.02,uniform_nz,46,1595,977,0,0,0.003518176316738675,0.14246839878955903,0.08994314978018475,0.04460989606281705,0.016481823683261326,399,4,156
dbpedia-entity,rr,20,0.02,weighted,46,1610,977,0,0,0.003518176316738675,0.08994314978018475,0.08994314978018475,0.04460989606281705,0.016481823683261326,399,4,156
dbpedia-entity,rr,20,0.02,active_judge,46,1615,977,0,0,0.003518176316738675,0.24218628712916707,0.08994314978018475,0.04460989606281705,0.016481823683261326,399,4,156
dbpedia-entity,rr,20,0.02,strat_pilot,46,1552,977,1,0,0.003518176316738675,0.09005737254107861,0.08994314978018475,0.04460989606281705,0.016481823683261326,399,4,156
dbpedia-entity,rr,20,0.02,weighted_cv,46,1602,977,1,0,0.003518176316738675,0.09231886458863954,0.08994314978018475,0.04460989606281705,0.016481823683261326,399,4,156
dbpedia-entity,rr,20,0.02,active_cv,46,1627,977,0,0,0.003518176316738675,0.10516181516734083,0.08994314978018475,0.04460989606281705,0.016481823683261326,399,4,156
dbpedia-entity,rr,20,0.02,weighted_cvl,46,1597,977,0,0,0.003518176316738675,0.06100093613610774,0.08994314978018475,0.04460989606281705,0.016481823683261326,399,4,156
dbpedia-entity,rr,20,0.02,uniform,47,1723,1042,0,0,0.0,0.1736689954054329,0.08285187887738651,0.06983064492731407,0.02,399,4,156
dbpedia-entity,rr,20,0.02,uniform_nz,47,1640,1042,0,0,0.0,0.09223980856299718,0.08285187887738651,0.06983064492731407,0.02,399,4,156
dbpedia-entity,rr,20,0.02,weighted,47,1695,1042,1,0,0.0,0.08285187887738651,0.08285187887738651,0.06983064492731407,0.02,399,4,156
dbpedia-entity,rr,20,0.02,active_judge,47,1664,1042,0,0,0.0,0.16645833677949345,0.08285187887738651,0.06983064492731407,0.02,399,4,156
dbpedia-entity,rr,20,0.02,strat_pilot,47,1660,1042,0,0,0.0,0.0827044211672725,0.08285187887738651,0.06983064492731407,0.02,399,4,156
dbpedia-entity,rr,20,0.02,weighted_cv,47,1667,1042,0,0,0.0,0.06332401105449174,0.08285187887738651,0.06983064492731407,0.02,399,4,156
dbpedia-entity,rr,20,0.02,active_cv,47,1686,1042,0,0,0.0,0.08899452642213757,0.08285187887738651,0.06983064492731407,0.02,399,4,156
dbpedia-entity,rr,20,0.02,weighted_cvl,47,1694,1042,1,0,0.0,0.05835802381927947,0.08285187887738651,0.06983064492731407,0.02,399,4,156
dbpedia-entity,rr,20,0.02,uniform,48,1673,1031,0,0,0.0,0.1529847538735971,0.0806061103044162,0.034404649520075554,0.02,399,4,156
dbpedia-entity,rr,20,0.02,uniform_nz,48,1639,1031,0,0,0.0,0.09091850321723387,0.0806061103044162,0.034404649520075554,0.02,399,4,156
dbpedia-entity,rr,20,0.02,weighted,48,1655,1031,1,0,0.0,0.0806061103044162,0.0806061103044162,0.034404649520075554,0.02,399,4,156
dbpedia-entity,rr,20,0.02,active_judge,48,1663,1031,0,0,0.0,0.1767301194693463,0.0806061103044162,0.034404649520075554,0.02,399,4,156
dbpedia-entity,rr,20,0.02,strat_pilot,48,1677,1031,1,0,0.0,0.08073497557571085,0.0806061103044162,0.034404649520075554,0.02,399,4,156
dbpedia-entity,rr,20,0.02,weighted_cv,48,1606,1031,1,0,0.0,0.05263058010286166,0.0806061103044162,0.034404649520075554,0.02,399,4,156
dbpedia-entity,rr,20,0.02,active_cv,48,1694,1031,0,0,0.0,0.0750926032108662,0.0806061103044162,0.034404649520075554,0.02,399,4,156
dbpedia-entity,rr,20,0.02,weighted_cvl,48,1638,1031,1,0,0.0,0.05401916494627621,0.0806061103044162,0.034404649520075554,0.02,399,4,156
dbpedia-entity,rr,20,0.02,uniform,49,1691,1072,0,0,0.0009547446254346559,0.3708763562589718,0.10600085037491672,0.04112834343383544,0.019045255374565345,399,4,156
dbpedia-entity,rr,20,0.02,uniform_nz,49,1693,1072,0,0,0.0009547446254346559,0.19643017549662492,0.10600085037491672,0.04112834343383544,0.019045255374565345,399,4,156
dbpedia-entity,rr,20,0.02,weighted,49,1720,1072,0,0,0.0009547446254346559,0.10600085037491672,0.10600085037491672,0.04112834343383544,0.019045255374565345,399,4,156
dbpedia-entity,rr,20,0.02,active_judge,49,1667,1072,0,0,0.0009547446254346559,0.21558600654268506,0.10600085037491672,0.04112834343383544,0.019045255374565345,399,4,156
dbpedia-entity,rr,20,0.02,strat_pilot,49,1677,1072,0,0,0.0009547446254346559,0.10585137170259587,0.10600085037491672,0.04112834343383544,0.019045255374565345,399,4,156
dbpedia-entity,rr,20,0.02,weighted_cv,49,1700,1072,0,0,0.0009547446254346559,0.07449095608409989,0.10600085037491672,0.04112834343383544,0.019045255374565345,399,4,156
dbpedia-entity,rr,20,0.02,active_cv,49,1724,1072,0,0,0.0009547446254346559,0.12562957081204465,0.10600085037491672,0.04112834343383544,0.019045255374565345,399,4,156
dbpedia-entity,rr,20,0.02,weighted_cvl,49,1718,1072,0,0,0.0009547446254346559,0.063251437028725,0.10600085037491672,0.04112834343383544,0.019045255374565345,399,4,156
dbpedia-entity,rr,20,0.02,uniform,50,1515,1065,0,0,0.0,0.16372734651683848,0.04831089912739163,0.018361086564410312,0.02,399,4,112
dbpedia-entity,rr,20,0.02,uniform_nz,50,1493,1065,0,0,0.0,0.055377251034254046,0.04831089912739163,0.018361086564410312,0.02,399,4,112
dbpedia-entity,rr,20,0.02,weighted,50,1489,1065,1,0,0.0,0.04831089912739163,0.04831089912739163,0.018361086564410312,0.02,399,4,112
dbpedia-entity,rr,20,0.02,active_judge,50,1485,1065,0,0,0.0,0.11216421190064567,0.04831089912739163,0.018361086564410312,0.02,399,4,112
dbpedia-entity,rr,20,0.02,strat_pilot,50,1469,1065,0,0,0.0,0.04830992659096675,0.04831089912739163,0.018361086564410312,0.02,399,4,112
dbpedia-entity,rr,20,0.02,weighted_cv,50,1537,1065,0,0,0.0,0.0347375392974489,0.04831089912739163,0.018361086564410312,0.02,399,4,112
dbpedia-entity,rr,20,0.02,active_cv,50,1504,1065,0,0,0.0,0.05771655507233062,0.04831089912739163,0.018361086564410312,0.02,399,4,112
dbpedia-entity,rr,20,0.02,weighted_cvl,50,1495,1065,1,0,0.0,0.04048881041223762,0.04831089912739163,0.018361086564410312,0.02,399,4,112
dbpedia-entity,rr,20,0.02,uniform,51,1667,1049,0,0,0.0,0.2616014545598222,0.10464765035219217,0.022761463753488247,0.02,399,4,156
dbpedia-entity,rr,20,0.02,uniform_nz,51,1650,1049,0,0,0.0,0.1290136574636363,0.10464765035219217,0.022761463753488247,0.02,399,4,156
dbpedia-entity,rr,20,0.02,weighted,51,1678,1049,0,0,0.0,0.10464765035219217,0.10464765035219217,0.022761463753488247,0.02,399,4,156
dbpedia-entity,rr,20,0.02,active_judge,51,1650,1049,0,0,0.0,0.21548702750190102,0.10464765035219217,0.022761463753488247,0.02,399,4,156
dbpedia-entity,rr,20,0.02,strat_pilot,51,1726,1049,0,0,0.0,0.1046817369513112,0.10464765035219217,0.022761463753488247,0.02,399,4,156
dbpedia-entity,rr,20,0.02,weighted_cv,51,1653,1049,0,0,0.0,0.0749210185067966,0.10464765035219217,0.022761463753488247,0.02,399,4,156
dbpedia-entity,rr,20,0.02,active_cv,51,1679,1049,0,0,0.0,0.09878129755863263,0.10464765035219217,0.022761463753488247,0.02,399,4,156
dbpedia-entity,rr,20,0.02,weighted_cvl,51,1671,1049,1,0,0.0,0.061400620845698375,0.10464765035219217,0.022761463753488247,0.02,399,4,156
dbpedia-entity,rr,20,0.02,uniform,52,1451,1047,0,0,0.0,1.0113838169300933,0.04015631625664278,0.1035568108362226,0.02,399,4,97
dbpedia-entity,rr,20,0.02,uniform_nz,52,1432,1047,0,0,0.0,0.23232582925997197,0.04015631625664278,0.1035568108362226,0.02,399,4,97
dbpedia-entity,rr,20,0.02,weighted,52,1413,1047,0,0,0.0,0.04015631625664278,0.04015631625664278,0.1035568108362226,0.02,399,4,97
dbpedia-entity,rr,20,0.02,active_judge,52,1431,1047,0,0,0.0,0.37162317862329897,0.04015631625664278,0.1035568108362226,0.02,399,4,97
dbpedia-entity,rr,20,0.02,strat_pilot,52,1417,1047,0,0,0.0,0.0400140215137897,0.04015631625664278,0.1035568108362226,0.02,399,4,97
dbpedia-entity,rr,20,0.02,weighted_cv,52,1420,1047,0,0,0.0,0.03824420902621277,0.04015631625664278,0.1035568108362226,0.02,399,4,97
dbpedia-entity,rr,20,0.02,active_cv,52,1410,1047,0,0,0.0,0.04155497928601072,0.04015631625664278,0.1035568108362226,0.02,399,4,97
dbpedia-entity,rr,20,0.02,weighted_cvl,52,1420,1047,1,0,0.0,0.03816563328880273,0.04015631625664278,0.1035568108362226,0.02,399,4,97
dbpedia-entity,rr,20,0.02,uniform,53,1649,1039,0,0,0.0,0.19999167816632119,0.08246044856350687,0.05771618169904709,0.02,399,4,156
dbpedia-entity,rr,20,0.02,uniform_nz,53,1637,1039,0,0,0.0,0.11102521341112333,0.08246044856350687,0.05771618169904709,0.02,399,4,156
dbpedia-entity,rr,20,0.02,weighted,53,1727,1039,0,0,0.0,0.08246044856350687,0.08246044856350687,0.05771618169904709,0.02,399,4,156
dbpedia-entity,rr,20,0.02,active_judge,53,1673,1039,0,0,0.0,0.19456371605395448,0.08246044856350687,0.05771618169904709,0.02,399,4,156
dbpedia-entity,rr,20,0.02,strat_pilot,53,1639,1039,1,0,0.0,0.08256013583440532,0.08246044856350687,0.05771618169904709,0.02,399,4,156
dbpedia-entity,rr,20,0.02,weighted_cv,53,1670,1039,1,0,0.0,0.0859362359564759,0.08246044856350687,0.05771618169904709,0.02,399,4,156
dbpedia-entity,rr,20,0.02,active_cv,53,1691,1039,0,0,0.0,0.1109374948972051,0.08246044856350687,0.05771618169904709,0.02,399,4,156
dbpedia-entity,rr,20,0.02,weighted_cvl,53,1661,1039,0,0,0.0,0.05831597807124143,0.08246044856350687,0.05771618169904709,0.02,399,4,156
dbpedia-entity,rr,20,0.02,uniform,54,1667,1043,1,0,0.0,0.17994237929033924,0.08283129665695785,0.035805478703887894,0.02,399,4,156
dbpedia-entity,rr,20,0.02,uniform_nz,54,1697,1043,0,0,0.0,0.10255139932588267,0.08283129665695785,0.035805478703887894,0.02,399,4,156
dbpedia-entity,rr,20,0.02,weighted,54,1651,1043,0,0,0.0,0.08283129665695785,0.08283129665695785,0.035805478703887894,0.02,399,4,156
dbpedia-entity,rr,20,0.02,active_judge,54,1680,1043,0,0,0.0,0.18145151262218237,0.08283129665695785,0.035805478703887894,0.02,399,4,156
dbpedia-entity,rr,20,0.02,strat_pilot,54,1662,1043,0,0,0.0,0.08289860063170469,0.08283129665695785,0.035805478703887894,0.02,399,4,156
dbpedia-entity,rr,20,0.02,weighted_cv,54,1630,1043,0,0,0.0,0.0680400210705681,0.08283129665695785,0.035805478703887894,0.02,399,4,156
dbpedia-entity,rr,20,0.02,active_cv,54,1656,1043,1,0,0.0,0.1026099785876455,0.08283129665695785,0.035805478703887894,0.02,399,4,156
dbpedia-entity,rr,20,0.02,weighted_cvl,54,1649,1043,0,0,0.0,0.04458106461865242,0.08283129665695785,0.035805478703887894,0.02,399,4,156
dbpedia-entity,rr,20,0.02,uniform,55,1326,964,0,0,0.0,0.2788689443072821,0.04746505928104736,0.08830282870724047,0.02,399,4,90
dbpedia-entity,rr,20,0.02,uniform_nz,55,1351,964,0,0,0.0,0.06399290861651885,0.04746505928104736,0.08830282870724047,0.02,399,4,90
dbpedia-entity,rr,20,0.02,weighted,55,1314,964,1,0,0.0,0.04746505928104736,0.04746505928104736,0.08830282870724047,0.02,399,4,90
dbpedia-entity,rr,20,0.02,active_judge,55,1332,964,0,0,0.0,0.19194502212800696,0.04746505928104736,0.08830282870724047,0.02,399,4,90
dbpedia-entity,rr,20,0.02,strat_pilot,55,1316,964,0,0,0.0,0.04652264815065223,0.04746505928104736,0.08830282870724047,0.02,399,4,90
dbpedia-entity,rr,20,0.02,weighted_cv,55,1329,964,0,0,0.0,0.05971159059737169,0.04746505928104736,0.08830282870724047,0.02,399,4,90
dbpedia-entity,rr,20,0.02,active_cv,55,1336,964,0,0,0.0,0.06866902468479888,0.04746505928104736,0.08830282870724047,0.02,399,4,90
dbpedia-entity,rr,20,0.02,weighted_cvl,55,1311,964,1,0,0.0,0.04746505928104736,0.04746505928104736,0.08830282870724047,0.02,399,4,90
dbpedia-entity,rr,20,0.02,uniform,56,1695,1081,0,0,0.0,0.32081162794489515,0.10362790143340597,0.08050789488289489,0.02,399,4,156
dbpedia-entity,rr,20,0.02,uniform_nz,56,1693,1081,0,0,0.0,0.14840522041013338,0.10362790143340597,0.08050789488289489,0.02,399,4,156
dbpedia-entity,rr,20,0.02,weighted,56,1690,1081,1,0,0.0,0.10362790143340597,0.10362790143340597,0.08050789488289489,0.02,399,4,156
dbpedia-entity,rr,20,0.02,active_judge,56,1693,1081,1,0,0.0,0.3189954404781889,0.10362790143340597,0.08050789488289489,0.02,399,4,156
dbpedia-entity,rr,20,0.02,strat_pilot,56,1697,1081,1,0,0.0,0.10271374644294559,0.10362790143340597,0.08050789488289489,0.02,399,4,156
dbpedia-entity,rr,20,0.02,weighted_cv,56,1744,1081,1,0,0.0,0.11098824451062894,0.10362790143340597,0.08050789488289489,0.02,399,4,156
dbpedia-entity,rr,20,0.02,active_cv,56,1695,1081,1,0,0.0,0.1378662773046001,0.10362790143340597,0.08050789488289489,0.02,399,4,156
dbpedia-entity,rr,20,0.02,weighted_cvl,56,1705,1081,1,0,0.0,0.06447061179053773,0.10362790143340597,0.08050789488289489,0.02,399,4,156
dbpedia-entity,rr,20,0.02,uniform,57,1409,961,0,0,0.0,0.10194031045629,0.0502382015509585,0.056087800612181424,0.02,399,4,112
dbpedia-entity,rr,20,0.02,uniform_nz,57,1403,961,0,0,0.0,0.052728883111421855,0.0502382015509585,0.056087800612181424,0.02,399,4,112
dbpedia-entity,rr,20,0.02,weighted,57,1380,961,1,0,0.0,0.0502382015509585,0.0502382015509585,0.056087800612181424,0.02,399,4,112
dbpedia-entity,rr,20,0.02,active_judge,57,1408,961,0,0,0.0,0.08690610574468274,0.0502382015509585,0.056087800612181424,0.02,399,4,112
dbpedia-entity,rr,20,0.02,strat_pilot,57,1423,961,0,0,0.0,0.05016836335289092,0.0502382015509585,0.056087800612181424,0.02,399,4,112
dbpedia-entity,rr,20,0.02,weighted_cv,57,1354,961,0,0,0.0,0.046576713582749306,0.0502382015509585,0.056087800612181424,0.02,399,4,112
dbpedia-entity,rr,20,0.02,active_cv,57,1427,961,0,0,0.0,0.07255853473329207,0.0502382015509585,0.056087800612181424,0.02,399,4,112
dbpedia-entity,rr,20,0.02,weighted_cvl,57,1392,961,0,0,0.0,0.03198371106928196,0.0502382015509585,0.056087800612181424,0.02,399,4,112
dbpedia-entity,rr,20,0.02,uniform,58,1659,1028,0,0,0.0,0.16791479784043267,0.07756192629277629,0.04784107144816922,0.02,399,4,156
dbpedia-entity,rr,20,0.02,uniform_nz,58,1646,1028,1,0,0.0,0.10154842587152597,0.07756192629277629,0.04784107144816922,0.02,399,4,156
dbpedia-entity,rr,20,0.02,weighted,58,1659,1028,1,0,0.0,0.07756192629277629,0.07756192629277629,0.04784107144816922,0.02,399,4,156
dbpedia-entity,rr,20,0.02,active_judge,58,1662,1028,0,0,0.0,0.2097808112826752,0.07756192629277629,0.04784107144816922,0.02,399,4,156
dbpedia-entity,rr,20,0.02,strat_pilot,58,1650,1028,0,0,0.0,0.07760103481029823,0.07756192629277629,0.04784107144816922,0.02,399,4,156
dbpedia-entity,rr,20,0.02,weighted_cv,58,1657,1028,1,0,0.0,0.09225483655391199,0.07756192629277629,0.04784107144816922,0.02,399,4,156
dbpedia-entity,rr,20,0.02,active_cv,58,1663,1028,1,0,0.0,0.12500450214261133,0.07756192629277629,0.04784107144816922,0.02,399,4,156
dbpedia-entity,rr,20,0.02,weighted_cvl,58,1677,1028,1,0,0.0,0.053444560179394786,0.07756192629277629,0.04784107144816922,0.02,399,4,156
dbpedia-entity,rr,20,0.02,uniform,59,1662,1005,0,0,0.0,0.1787169125380363,0.07329122202191549,0.02974259765253943,0.02,399,4,156
dbpedia-entity,rr,20,0.02,uniform_nz,59,1646,1005,0,0,0.0,0.0974400069125777,0.07329122202191549,0.02974259765253943,0.02,399,4,156
dbpedia-entity,rr,20,0.02,weighted,59,1625,1005,0,0,0.0,0.07329122202191549,0.07329122202191549,0.02974259765253943,0.02,399,4,156
dbpedia-entity,rr,20,0.02,active_judge,59,1655,1005,0,0,0.0,0.20106704692826244,0.07329122202191549,0.02974259765253943,0.02,399,4,156
dbpedia-entity,rr,20,0.02,strat_pilot,59,1628,1005,0,0,0.0,0.073269599589796,0.07329122202191549,0.02974259765253943,0.02,399,4,156
dbpedia-entity,rr,20,0.02,weighted_cv,59,1670,1005,0,0,0.0,0.05431690140518679,0.07329122202191549,0.02974259765253943,0.02,399,4,156
dbpedia-entity,rr,20,0.02,active_cv,59,1624,1005,0,0,0.0,0.06873379107350834,0.07329122202191549,0.02974259765253943,0.02,399,4,156
dbpedia-entity,rr,20,0.02,weighted_cvl,59,1615,1005,0,0,0.0,0.043517173925004114,0.07329122202191549,0.02974259765253943,0.02,399,4,156
dbpedia-entity,rr,20,0.02,uniform,60,1657,1020,0,0,0.0002530895351433582,0.2996714416913512,0.10961816296927603,0.052145935588984615,0.019746910464856642,399,4,156
dbpedia-entity,rr,20,0.02,uniform_nz,60,1649,1020,0,0,0.0002530895351433582,0.1681053430333396,0.10961816296927603,0.052145935588984615,0.019746910464856642,399,4,156
dbpedia-entity,rr,20,0.02,weighted,60,1632,1020,0,0,0.0002530895351433582,0.10961816296927603,0.10961816296927603,0.052145935588984615,0.019746910464856642,399,4,156
dbpedia-entity,rr,20,0.02,active_judge,60,1628,1020,0,0,0.0002530895351433582,0.23941007741577564,0.10961816296927603,0.052145935588984615,0.019746910464856642,399,4,156
dbpedia-entity,rr,20,0.02,strat_pilot,60,1656,1020,0,0,0.0002530895351433582,0.10964025866524225,0.10961816296927603,0.052145935588984615,0.019746910464856642,399,4,156
dbpedia-entity,rr,20,0.02,weighted_cv,60,1653,1020,0,0,0.0002530895351433582,0.09323424162449424,0.10961816296927603,0.052145935588984615,0.019746910464856642,399,4,156
dbpedia-entity,rr,20,0.02,active_cv,60,1641,1020,0,0,0.0002530895351433582,0.11313153911022633,0.10961816296927603,0.052145935588984615,0.019746910464856642,399,4,156
dbpedia-entity,rr,20,0.02,weighted_cvl,60,1649,1020,1,0,0.0002530895351433582,0.08720517478927219,0.10961816296927603,0.052145935588984615,0.019746910464856642,399,4,156
dbpedia-entity,rr,20,0.02,uniform,61,1605,1007,0,0,0.0,0.1503365615427163,0.07329458265590436,0.050485309062191536,0.02,399,4,156
dbpedia-entity,rr,20,0.02,uniform_nz,61,1684,1007,0,0,0.0,0.08296235458557583,0.07329458265590436,0.050485309062191536,0.02,399,4,156
dbpedia-entity,rr,20,0.02,weighted,61,1624,1007,0,0,0.0,0.07329458265590436,0.07329458265590436,0.050485309062191536,0.02,399,4,156
dbpedia-entity,rr,20,0.02,active_judge,61,1641,1007,1,0,0.0,0.1911876758294179,0.07329458265590436,0.050485309062191536,0.02,399,4,156
dbpedia-entity,rr,20,0.02,strat_pilot,61,1668,1007,0,0,0.0,0.0733173533315364,0.07329458265590436,0.050485309062191536,0.02,399,4,156
dbpedia-entity,rr,20,0.02,weighted_cv,61,1651,1007,0,0,0.0,0.04829970860392094,0.07329458265590436,0.050485309062191536,0.02,399,4,156
dbpedia-entity,rr,20,0.02,active_cv,61,1642,1007,0,0,0.0,0.05682153962328433,0.07329458265590436,0.050485309062191536,0.02,399,4,156
dbpedia-entity,rr,20,0.02,weighted_cvl,61,1661,1007,0,0,0.0,0.04690225496537369,0.07329458265590436,0.050485309062191536,0.02,399,4,156
dbpedia-entity,rr,20,0.02,uniform,62,1683,1041,0,0,0.0,0.1939591317288037,0.09110402391463657,0.028002656537536745,0.02,399,4,156
dbpedia-entity,rr,20,0.02,uniform_nz,62,1695,1041,1,0,0.0,0.1135751121099269,0.09110402391463657,0.028002656537536745,0.02,399,4,156
dbpedia-entity,rr,20,0.02,weighted,62,1654,1041,0,0,0.0,0.09110402391463657,0.09110402391463657,0.028002656537536745,0.02,399,4,156
dbpedia-entity,rr,20,0.02,active_judge,62,1661,1041,1,0,0.0,0.20964466988240238,0.09110402391463657,0.028002656537536745,0.02,399,4,156
dbpedia-entity,rr,20,0.02,strat_pilot,62,1657,1041,1,0,0.0,0.09113250124658791,0.09110402391463657,0.028002656537536745,0.02,399,4,156
dbpedia-entity,rr,20,0.02,weighted_cv,62,1655,1041,0,0,0.0,0.05473197707235922,0.09110402391463657,0.028002656537536745,0.02,399,4,156
dbpedia-entity,rr,20,0.02,active_cv,62,1647,1041,0,0,0.0,0.09147212381471294,0.09110402391463657,0.028002656537536745,0.02,399,4,156
dbpedia-entity,rr,20,0.02,weighted_cvl,62,1681,1041,1,0,0.0,0.04677120750268094,0.09110402391463657,0.028002656537536745,0.02,399,4,156
dbpedia-entity,rr,20,0.02,uniform,63,1667,1058,0,0,0.011451045299522289,0.819811407617429,0.0966483133062858,0.09518450581440217,0.008548954700477712,399,4,156
dbpedia-entity,rr,20,0.02,uniform_nz,63,1710,1058,0,0,0.011451045299522289,0.5720799377097497,0.0966483133062858,0.09518450581440217,0.008548954700477712,399,4,156
dbpedia-entity,rr,20,0.02,weighted,63,1641,1058,0,0,0.011451045299522289,0.0966483133062858,0.0966483133062858,0.09518450581440217,0.008548954700477712,399,4,156
dbpedia-entity,rr,20,0.02,active_judge,63,1698,1058,0,0,0.011451045299522289,0.27113605875891056,0.0966483133062858,0.09518450581440217,0.008548954700477712,399,4,156
dbpedia-entity,rr,20,0.02,strat_pilot,63,1685,1058,0,0,0.011451045299522289,0.09650774108323626,0.0966483133062858,0.09518450581440217,0.008548954700477712,399,4,156
dbpedia-entity,rr,20,0.02,weighted_cv,63,1653,1058,0,0,0.011451045299522289,0.06479956028153616,0.0966483133062858,0.09518450581440217,0.008548954700477712,399,4,156
dbpedia-entity,rr,20,0.02,active_cv,63,1656,1058,0,0,0.011451045299522289,0.06320718665864208,0.0966483133062858,0.09518450581440217,0.008548954700477712,399,4,156
dbpedia-entity,rr,20,0.02,weighted_cvl,63,1723,1058,0,0,0.011451045299522289,0.05570856572665765,0.0966483133062858,0.09518450581440217,0.008548954700477712,399,4,156
dbpedia-entity,rr,20,0.02,uniform,64,1424,970,0,0,0.0,0.17491226780224664,0.05875296746364548,0.031726104588591944,0.02,399,4,112
dbpedia-entity,rr,20,0.02,uniform_nz,64,1414,970,0,0,0.0,0.06938842739231739,0.05875296746364548,0.031726104588591944,0.02,399,4,112
dbpedia-entity,rr,20,0.02,weighted,64,1426,970,0,0,0.0,0.05875296746364548,0.05875296746364548,0.031726104588591944,0.02,399,4,112
dbpedia-entity,rr,20,0.02,active_judge,64,1441,970,0,0,0.0,0.15222327557043863,0.05875296746364548,0.031726104588591944,0.02,399,4,112
dbpedia-entity,rr,20,0.02,strat_pilot,64,1428,970,0,0,0.0,0.05867149055796145,0.05875296746364548,0.031726104588591944,0.02,399,4,112
dbpedia-entity,rr,20,0.02,weighted_cv,64,1402,970,0,0,0.0,0.05358817520585255,0.05875296746364548,0.031726104588591944,0.02,399,4,112
dbpedia-entity,rr,20,0.02,active_cv,64,1396,970,0,0,0.0,0.06652327987570517,0.05875296746364548,0.031726104588591944,0.02,399,4,112
dbpedia-entity,rr,20,0.02,weighted_cvl,64,1437,970,0,0,0.0,0.046275646583338374,0.05875296746364548,0.031726104588591944,0.02,399,4,112
dbpedia-entity,rr,20,0.02,uniform,65,1597,993,1,0,0.0,0.22784266239705087,0.09608288754732104,0.0696644619999883,0.02,399,4,156
dbpedia-entity,rr,20,0.02,uniform_nz,65,1633,993,0,0,0.0,0.12622562843639776,0.09608288754732104,0.0696644619999883,0.02,399,4,156
dbpedia-entity,rr,20,0.02,weighted,65,1598,993,1,0,0.0,0.09608288754732104,0.09608288754732104,0.0696644619999883,0.02,399,4,156
dbpedia-entity,rr,20,0.02,active_judge,65,1647,993,0,0,0.0,0.22408306713857162,0.09608288754732104,0.0696644619999883,0.02,399,4,156
dbpedia-entity,rr,20,0.02,strat_pilot,65,1639,993,1,0,0.0,0.09614774594325542,0.09608288754732104,0.0696644619999883,0.02,399,4,156
dbpedia-entity,rr,20,0.02,weighted_cv,65,1609,993,1,0,0.0,0.09150187850233311,0.09608288754732104,0.0696644619999883,0.02,399,4,156
dbpedia-entity,rr,20,0.02,active_cv,65,1581,993,1,0,0.0,0.13216034749031685,0.09608288754732104,0.0696644619999883,0.02,399,4,156
dbpedia-entity,rr,20,0.02,weighted_cvl,65,1618,993,1,0,0.0,0.0819131996866006,0.09608288754732104,0.0696644619999883,0.02,399,4,156
dbpedia-entity,rr,20,0.02,uniform,66,1676,1034,0,0,0.0,0.22438788873357707,0.0999541022938559,0.05166755554124369,0.02,399,4,156
dbpedia-entity,rr,20,0.02,uniform_nz,66,1689,1034,1,0,0.0,0.12596017147179883,0.0999541022938559,0.05166755554124369,0.02,399,4,156
dbpedia-entity,rr,20,0.02,weighted,66,1630,1034,0,0,0.0,0.0999541022938559,0.0999541022938559,0.05166755554124369,0.02,399,4,156
dbpedia-entity,rr,20,0.02,active_judge,66,1668,1034,1,0,0.0,0.2380325632157446,0.0999541022938559,0.05166755554124369,0.02,399,4,156
dbpedia-entity,rr,20,0.02,strat_pilot,66,1644,1034,1,0,0.0,0.09988825879730456,0.0999541022938559,0.05166755554124369,0.02,399,4,156
dbpedia-entity,rr,20,0.02,weighted_cv,66,1629,1034,1,0,0.0,0.091776421242763,0.0999541022938559,0.05166755554124369,0.02,399,4,156
dbpedia-entity,rr,20,0.02,active_cv,66,1652,1034,1,0,0.0,0.11870751463377069,0.0999541022938559,0.05166755554124369,0.02,399,4,156
dbpedia-entity,rr,20,0.02,weighted_cvl,66,1606,1034,1,0,0.0,0.09122148781907984,0.0999541022938559,0.05166755554124369,0.02,399,4,156
dbpedia-entity,rr,20,0.02,uniform,67,1657,1005,0,0,0.0021728372559512987,0.8163970250159529,0.09791698942779542,0.07134605934141537,0.0178271627440487,399,4,156
dbpedia-entity,rr,20,0.02,uniform_nz,67,1666,1005,0,0,0.0021728372559512987,0.5707079276201293,0.09791698942779542,0.07134605934141537,0.0178271627440487,399,4,156
dbpedia-entity,rr,20,0.02,weighted,67,1641,1005,0,0,0.0021728372559512987,0.09791698942779542,0.09791698942779542,0.07134605934141537,0.0178271627440487,399,4,156
dbpedia-entity,rr,20,0.02,active_judge,67,1610,1005,0,0,0.0021728372559512987,0.21722976962225027,0.09791698942779542,0.07134605934141537,0.0178271627440487,399,4,156
dbpedia-entity,rr,20,0.02,strat_pilot,67,1640,1005,0,0,0.0021728372559512987,0.09791388408270235,0.09791698942779542,0.07134605934141537,0.0178271627440487,399,4,156
dbpedia-entity,rr,20,0.02,weighted_cv,67,1642,1005,0,0,0.0021728372559512987,0.07159915082221298,0.09791698942779542,0.07134605934141537,0.0178271627440487,399,4,156
dbpedia-entity,rr,20,0.02,active_cv,67,1635,1005,0,0,0.0021728372559512987,0.07680380378587763,0.09791698942779542,0.07134605934141537,0.0178271627440487,399,4,156
dbpedia-entity,rr,20,0.02,weighted_cvl,67,1602,1005,0,0,0.0021728372559512987,0.05528270872211458,0.09791698942779542,0.07134605934141537,0.0178271627440487,399,4,156
dbpedia-entity,rr,20,0.02,uniform,68,1700,1066,0,0,0.0,0.16873970356515558,0.07880499585668839,0.046466088614426214,0.02,399,4,156
dbpedia-entity,rr,20,0.02,uniform_nz,68,1704,1066,0,0,0.0,0.09382444516591741,0.07880499585668839,0.046466088614426214,0.02,399,4,156
dbpedia-entity,rr,20,0.02,weighted,68,1721,1066,0,0,0.0,0.07880499585668839,0.07880499585668839,0.046466088614426214,0.02,399,4,156
dbpedia-entity,rr,20,0.02,active_judge,68,1692,1066,0,0,0.0,0.19025619122594822,0.07880499585668839,0.046466088614426214,0.02,399,4,156
dbpedia-entity,rr,20,0.02,strat_pilot,68,1701,1066,0,0,0.0,0.07876238013349243,0.07880499585668839,0.046466088614426214,0.02,399,4,156
dbpedia-entity,rr,20,0.02,weighted_cv,68,1704,1066,0,0,0.0,0.06458341305476274,0.07880499585668839,0.046466088614426214,0.02,399,4,156
dbpedia-entity,rr,20,0.02,active_cv,68,1700,1066,0,0,0.0,0.09350039258187157,0.07880499585668839,0.046466088614426214,0.02,399,4,156
dbpedia-entity,rr,20,0.02,weighted_cvl,68,1634,1066,1,0,0.0,0.05317300082624682,0.07880499585668839,0.046466088614426214,0.02,399,4,156
dbpedia-entity,rr,20,0.02,uniform,69,1707,1064,0,0,0.0,0.1750672313364488,0.07133901563806891,0.034297160527810684,0.02,399,4,156
dbpedia-entity,rr,20,0.02,uniform_nz,69,1702,1064,0,0,0.0,0.09110009833627551,0.07133901563806891,0.034297160527810684,0.02,399,4,156
dbpedia-entity,rr,20,0.02,weighted,69,1648,1064,0,0,0.0,0.07133901563806891,0.07133901563806891,0.034297160527810684,0.02,399,4,156
dbpedia-entity,rr,20,0.02,active_judge,69,1692,1064,1,0,0.0,0.18881880289347155,0.07133901563806891,0.034297160527810684,0.02,399,4,156
dbpedia-entity,rr,20,0.02,strat_pilot,69,1684,1064,0,0,0.0,0.0714180164912495,0.07133901563806891,0.034297160527810684,0.02,399,4,156
dbpedia-entity,rr,20,0.02,weighted_cv,69,1706,1064,0,0,0.0,0.07979962211051875,0.07133901563806891,0.034297160527810684,0.02,399,4,156
dbpedia-entity,rr,20,0.02,active_cv,69,1710,1064,0,0,0.0,0.11482232353162865,0.07133901563806891,0.034297160527810684,0.02,399,4,156
dbpedia-entity,rr,20,0.02,weighted_cvl,69,1644,1064,0,0,0.0,0.0536078248232668,0.07133901563806891,0.034297160527810684,0.02,399,4,156
dbpedia-entity,rr,20,0.02,uniform,70,1657,1069,0,0,0.0,0.14071566281044717,0.061081029946364385,0.05076665640095267,0.02,399,4,156
dbpedia-entity,rr,20,0.02,uniform_nz,70,1653,1069,0,0,0.0,0.06994463629167487,0.061081029946364385,0.05076665640095267,0.02,399,4,156
dbpedia-entity,rr,20,0.02,weighted,70,1690,1069,0,0,0.0,0.061081029946364385,0.061081029946364385,0.05076665640095267,0.02,399,4,156
dbpedia-entity,rr,20,0.02,active_judge,70,1681,1069,0,0,0.0,0.1579219945120569,0.061081029946364385,0.05076665640095267,0.02,399,4,156
dbpedia-entity,rr,20,0.02,strat_pilot,70,1666,1069,0,0,0.0,0.06065287113667713,0.061081029946364385,0.05076665640095267,0.02,399,4,156
dbpedia-entity,rr,20,0.02,weighted_cv,70,1726,1069,0,0,0.0,0.06910154443685664,0.061081029946364385,0.05076665640095267,0.02,399,4,156
dbpedia-entity,rr,20,0.02,active_cv,70,1717,1069,0,0,0.0,0.09259359716594952,0.061081029946364385,0.05076665640095267,0.02,399,4,156
dbpedia-entity,rr,20,0.02,weighted_cvl,70,1718,1069,1,0,0.0,0.046738917569274466,0.061081029946364385,0.05076665640095267,0.02,399,4,156
dbpedia-entity,rr,20,0.02,uniform,71,1745,1125,0,0,0.016148151979672287,0.3382909050557695,0.07863904158287785,0.025291654767660952,0.003851848020327713,399,4,156
dbpedia-entity,rr,20,0.02,uniform_nz,71,1774,1125,0,0,0.016148151979672287,0.17904127766727473,0.07863904158287785,0.025291654767660952,0.003851848020327713,399,4,156
dbpedia-entity,rr,20,0.02,weighted,71,1724,1125,0,0,0.016148151979672287,0.07863904158287785,0.07863904158287785,0.025291654767660952,0.003851848020327713,399,4,156
dbpedia-entity,rr,20,0.02,active_judge,71,1738,1125,0,0,0.016148151979672287,0.1882629509451228,0.07863904158287785,0.025291654767660952,0.003851848020327713,399,4,156
dbpedia-entity,rr,20,0.02,strat_pilot,71,1747,1125,0,0,0.016148151979672287,0.07827752878070646,0.07863904158287785,0.025291654767660952,0.003851848020327713,399,4,156
dbpedia-entity,rr,20,0.02,weighted_cv,71,1761,1125,0,0,0.016148151979672287,0.08567239954895405,0.07863904158287785,0.025291654767660952,0.003851848020327713,399,4,156
dbpedia-entity,rr,20,0.02,active_cv,71,1718,1125,0,0,0.016148151979672287,0.1112336417651812,0.07863904158287785,0.025291654767660952,0.003851848020327713,399,4,156
dbpedia-entity,rr,20,0.02,weighted_cvl,71,1739,1125,0,0,0.016148151979672287,0.06082991145013544,0.07863904158287785,0.025291654767660952,0.003851848020327713,399,4,156
dbpedia-entity,rr,20,0.02,uniform,72,1575,950,0,0,0.0,0.18061272479429244,0.07881740527780182,0.031936832771655974,0.02,399,4,156
dbpedia-entity,rr,20,0.02,uniform_nz,72,1567,950,0,0,0.0,0.11255286669691715,0.07881740527780182,0.031936832771655974,0.02,399,4,156
dbpedia-entity,rr,20,0.02,weighted,72,1594,950,0,0,0.0,0.07881740527780182,0.07881740527780182,0.031936832771655974,0.02,399,4,156
dbpedia-entity,rr,20,0.02,active_judge,72,1562,950,0,0,0.0,0.17777595381317823,0.07881740527780182,0.031936832771655974,0.02,399,4,156
dbpedia-entity,rr,20,0.02,strat_pilot,72,1566,950,0,0,0.0,0.07845534865159427,0.07881740527780182,0.031936832771655974,0.02,399,4,156
dbpedia-entity,rr,20,0.02,weighted_cv,72,1556,950,1,0,0.0,0.07830585481623013,0.07881740527780182,0.031936832771655974,0.02,399,4,156
dbpedia-entity,rr,20,0.02,active_cv,72,1578,950,0,0,0.0,0.09932408877551065,0.07881740527780182,0.031936832771655974,0.02,399,4,156
dbpedia-entity,rr,20,0.02,weighted_cvl,72,1577,950,1,0,0.0,0.057048009657613516,0.07881740527780182,0.031936832771655974,0.02,399,4,156
dbpedia-entity,rr,20,0.02,uniform,73,1506,1044,0,0,0.0,0.12647261390162073,0.047748326515815884,0.027399252449562046,0.02,399,4,112
dbpedia-entity,rr,20,0.02,uniform_nz,73,1522,1044,1,0,0.0,0.05374036639318096,0.047748326515815884,0.027399252449562046,0.02,399,4,112
dbpedia-entity,rr,20,0.02,weighted,73,1484,1044,1,0,0.0,0.047748326515815884,0.047748326515815884,0.027399252449562046,0.02,399,4,112
dbpedia-entity,rr,20,0.02,active_judge,73,1475,1044,0,0,0.0,0.1598123092917217,0.047748326515815884,0.027399252449562046,0.02,399,4,112
dbpedia-entity,rr,20,0.02,strat_pilot,73,1494,1044,0,0,0.0,0.047706899224865526,0.047748326515815884,0.027399252449562046,0.02,399,4,112
dbpedia-entity,rr,20,0.02,weighted_cv,73,1486,1044,0,0,0.0,0.04167130753350604,0.047748326515815884,0.027399252449562046,0.02,399,4,112
dbpedia-entity,rr,20,0.02,active_cv,73,1487,1044,0,0,0.0,0.05627162893546166,0.047748326515815884,0.027399252449562046,0.02,399,4,112
dbpedia-entity,rr,20,0.02,weighted_cvl,73,1492,1044,1,0,0.0,0.0326124776992758,0.047748326515815884,0.027399252449562046,0.02,399,4,112
dbpedia-entity,rr,20,0.02,uniform,74,1680,1068,0,0,0.007346973925454192,0.258363235911785,0.09480216650291948,0.015374321726067876,0.012653026074545808,399,4,156
dbpedia-entity,rr,20,0.02,uniform_nz,74,1671,1068,0,0,0.007346973925454192,0.13380925084241682,0.09480216650291948,0.015374321726067876,0.012653026074545808,399,4,156
dbpedia-entity,rr,20,0.02,weighted,74,1711,1068,0,0,0.007346973925454192,0.09480216650291948,0.09480216650291948,0.015374321726067876,0.012653026074545808,399,4,156
dbpedia-entity,rr,20,0.02,active_judge,74,1742,1068,0,0,0.007346973925454192,0.20472667482236692,0.09480216650291948,0.015374321726067876,0.012653026074545808,399,4,156
dbpedia-entity,rr,20,0.02,strat_pilot,74,1684,1068,0,0,0.007346973925454192,0.0948900097424833,0.09480216650291948,0.015374321726067876,0.012653026074545808,399,4,156
dbpedia-entity,rr,20,0.02,weighted_cv,74,1658,1068,0,0,0.007346973925454192,0.07906422797347376,0.09480216650291948,0.015374321726067876,0.012653026074545808,399,4,156
dbpedia-entity,rr,20,0.02,active_cv,74,1734,1068,0,0,0.007346973925454192,0.11324702811736809,0.09480216650291948,0.015374321726067876,0.012653026074545808,399,4,156
dbpedia-entity,rr,20,0.02,weighted_cvl,74,1725,1068,0,0,0.007346973925454192,0.0681564169205484,0.09480216650291948,0.015374321726067876,0.012653026074545808,399,4,156
dbpedia-entity,rr,20,0.02,uniform,75,1576,944,0,0,0.0026340531985670768,0.19200383953785508,0.08285694371084866,0.06482783141765663,0.017365946801432924,399,4,156
dbpedia-entity,rr,20,0.02,uniform_nz,75,1561,944,1,0,0.0026340531985670768,0.1085478497475926,0.08285694371084866,0.06482783141765663,0.017365946801432924,399,4,156
dbpedia-entity,rr,20,0.02,weighted,75,1568,944,0,0,0.0026340531985670768,0.08285694371084866,0.08285694371084866,0.06482783141765663,0.017365946801432924,399,4,156
dbpedia-entity,rr,20,0.02,active_judge,75,1595,944,0,0,0.0026340531985670768,0.18174534421634775,0.08285694371084866,0.06482783141765663,0.017365946801432924,399,4,156
dbpedia-entity,rr,20,0.02,strat_pilot,75,1552,944,0,0,0.0026340531985670768,0.0830519294195576,0.08285694371084866,0.06482783141765663,0.017365946801432924,399,4,156
dbpedia-entity,rr,20,0.02,weighted_cv,75,1566,944,0,0,0.0026340531985670768,0.05645896943968367,0.08285694371084866,0.06482783141765663,0.017365946801432924,399,4,156
dbpedia-entity,rr,20,0.02,active_cv,75,1576,944,0,0,0.0026340531985670768,0.06893431091225428,0.08285694371084866,0.06482783141765663,0.017365946801432924,399,4,156
dbpedia-entity,rr,20,0.02,weighted_cvl,75,1568,944,0,0,0.0026340531985670768,0.05781199788674083,0.08285694371084866,0.06482783141765663,0.017365946801432924,399,4,156
dbpedia-entity,rr,20,0.02,uniform,76,1676,1053,1,0,0.0,0.17778124858469385,0.07740191451290805,0.04492127599049903,0.02,399,4,156
dbpedia-entity,rr,20,0.02,uniform_nz,76,1691,1053,0,0,0.0,0.09974260083147872,0.07740191451290805,0.04492127599049903,0.02,399,4,156
dbpedia-entity,rr,20,0.02,weighted,76,1619,1053,0,0,0.0,0.07740191451290805,0.07740191451290805,0.04492127599049903,0.02,399,4,156
dbpedia-entity,rr,20,0.02,active_judge,76,1644,1053,0,0,0.0,0.20038577054838558,0.07740191451290805,0.04492127599049903,0.02,399,4,156
dbpedia-entity,rr,20,0.02,strat_pilot,76,1708,1053,0,0,0.0,0.07723268322947067,0.07740191451290805,0.04492127599049903,0.02,399,4,156
dbpedia-entity,rr,20,0.02,weighted_cv,76,1669,1053,0,0,0.0,0.06230447940077759,0.07740191451290805,0.04492127599049903,0.02,399,4,156
dbpedia-entity,rr,20,0.02,active_cv,76,1695,1053,0,0,0.0,0.08545207522549811,0.07740191451290805,0.04492127599049903,0.02,399,4,156
dbpedia-entity,rr,20,0.02,weighted_cvl,76,1668,1053,0,0,0.0,0.043801536867222726,0.07740191451290805,0.04492127599049903,0.02,399,4,156
dbpedia-entity,rr,20,0.02,uniform,77,1531,1046,0,0,0.0,0.16055278665534062,0.04101222483024225,0.04392856207239278,0.02,399,4,111
dbpedia-entity,rr,20,0.02,uniform_nz,77,1506,1046,0,0,0.0,0.06025990265443545,0.04101222483024225,0.04392856207239278,0.02,399,4,111
dbpedia-entity,rr,20,0.02,weighted,77,1518,1046,0,0,0.0,0.04101222483024225,0.04101222483024225,0.04392856207239278,0.02,399,4,111
dbpedia-entity,rr,20,0.02,active_judge,77,1500,1046,0,0,0.0,0.10864207932666062,0.04101222483024225,0.04392856207239278,0.02,399,4,111
dbpedia-entity,rr,20,0.02,strat_pilot,77,1505,1046,1,0,0.0,0.040872032870563624,0.04101222483024225,0.04392856207239278,0.02,399,4,111
dbpedia-entity,rr,20,0.02,weighted_cv,77,1477,1046,0,0,0.0,0.05207650049486732,0.04101222483024225,0.04392856207239278,0.02,399,4,111
dbpedia-entity,rr,20,0.02,active_cv,77,1506,1046,1,0,0.0,0.07338042173009658,0.04101222483024225,0.04392856207239278,0.02,399,4,111
dbpedia-entity,rr,20,0.02,weighted_cvl,77,1467,1046,1,0,0.0,0.026876172657758886,0.04101222483024225,0.04392856207239278,0.02,399,4,111
dbpedia-entity,rr,20,0.02,uniform,78,1647,1053,0,0,0.0,0.20541919208098794,0.1013382880252915,0.05144860051713046,0.02,399,4,156
dbpedia-entity,rr,20,0.02,uniform_nz,78,1703,1053,1,0,0.0,0.11465262398257203,0.1013382880252915,0.05144860051713046,0.02,399,4,156
dbpedia-entity,rr,20,0.02,weighted,78,1652,1053,1,0,0.0,0.1013382880252915,0.1013382880252915,0.05144860051713046,0.02,399,4,156
dbpedia-entity,rr,20,0.02,active_judge,78,1662,1053,0,0,0.0,0.19518676763498868,0.1013382880252915,0.05144860051713046,0.02,399,4,156
dbpedia-entity,rr,20,0.02,strat_pilot,78,1734,1053,1,0,0.0,0.10149445907968443,0.1013382880252915,0.05144860051713046,0.02,399,4,156
dbpedia-entity,rr,20,0.02,weighted_cv,78,1688,1053,0,0,0.0,0.04831317581086957,0.1013382880252915,0.05144860051713046,0.02,399,4,156
dbpedia-entity,rr,20,0.02,active_cv,78,1677,1053,0,0,0.0,0.06029661493272419,0.1013382880252915,0.05144860051713046,0.02,399,4,156
dbpedia-entity,rr,20,0.02,weighted_cvl,78,1680,1053,0,0,0.0,0.04214220245992614,0.1013382880252915,0.05144860051713046,0.02,399,4,156
dbpedia-entity,rr,20,0.02,uniform,79,1589,993,0,0,0.008970771534926536,0.23560400649698518,0.08980196167134631,0.029023066716565165,0.011029228465073464,399,4,156
dbpedia-entity,rr,20,0.02,uniform_nz,79,1644,993,0,0,0.008970771534926536,0.1282590812655681,0.08980196167134631,0.029023066716565165,0.011029228465073464,399,4,156
dbpedia-entity,rr,20,0.02,weighted,79,1599,993,0,0,0.008970771534926536,0.08980196167134631,0.08980196167134631,0.029023066716565165,0.011029228465073464,399,4,156
dbpedia-entity,rr,20,0.02,active_judge,79,1656,993,0,0,0.008970771534926536,0.2105851433475867,0.08980196167134631,0.029023066716565165,0.011029228465073464,399,4,156
dbpedia-entity,rr,20,0.02,strat_pilot,79,1606,993,0,0,0.008970771534926536,0.08999309208921843,0.08980196167134631,0.029023066716565165,0.011029228465073464,399,4,156
dbpedia-entity,rr,20,0.02,weighted_cv,79,1623,993,0,0,0.008970771534926536,0.0881463418495283,0.08980196167134631,0.029023066716565165,0.011029228465073464,399,4,156
dbpedia-entity,rr,20,0.02,active_cv,79,1597,993,0,0,0.008970771534926536,0.1314792072733259,0.08980196167134631,0.029023066716565165,0.011029228465073464,399,4,156
dbpedia-entity,rr,20,0.02,weighted_cvl,79,1610,993,0,0,0.008970771534926536,0.06950514584461523,0.08980196167134631,0.029023066716565165,0.011029228465073464,399,4,156
dbpedia-entity,rr,20,0.02,uniform,80,1476,1057,0,0,0.0,0.19433265932493768,0.04298797308411588,0.025299292623337914,0.02,399,4,112
dbpedia-entity,rr,20,0.02,uniform_nz,80,1511,1057,1,0,0.0,0.06578182170939757,0.04298797308411588,0.025299292623337914,0.02,399,4,112
dbpedia-entity,rr,20,0.02,weighted,80,1492,1057,0,0,0.0,0.04298797308411588,0.04298797308411588,0.025299292623337914,0.02,399,4,112
dbpedia-entity,rr,20,0.02,active_judge,80,1493,1057,0,0,0.0,0.1162813497165061,0.04298797308411588,0.025299292623337914,0.02,399,4,112
dbpedia-entity,rr,20,0.02,strat_pilot,80,1528,1057,0,0,0.0,0.04260845112653168,0.04298797308411588,0.025299292623337914,0.02,399,4,112
dbpedia-entity,rr,20,0.02,weighted_cv,80,1478,1057,0,0,0.0,0.040630752483359935,0.04298797308411588,0.025299292623337914,0.02,399,4,112
dbpedia-entity,rr,20,0.02,active_cv,80,1511,1057,0,0,0.0,0.045241541849576614,0.04298797308411588,0.025299292623337914,0.02,399,4,112
dbpedia-entity,rr,20,0.02,weighted_cvl,80,1536,1057,1,0,0.0,0.027159605883510258,0.04298797308411588,0.025299292623337914,0.02,399,4,112
dbpedia-entity,rr,20,0.02,uniform,81,1701,1013,0,0,0.014157879979795618,0.6555494571918578,0.07688957948925976,0.05054826730716823,0.0058421200202043826,399,4,156
dbpedia-entity,rr,20,0.02,uniform_nz,81,1617,1013,0,0,0.014157879979795618,0.48914451453698343,0.07688957948925976,0.05054826730716823,0.0058421200202043826,399,4,156
dbpedia-entity,rr,20,0.02,weighted,81,1668,1013,0,0,0.014157879979795618,0.07688957948925976,0.07688957948925976,0.05054826730716823,0.0058421200202043826,399,4,156
dbpedia-entity,rr,20,0.02,active_judge,81,1628,1013,0,0,0.014157879979795618,0.1747429493473234,0.07688957948925976,0.05054826730716823,0.0058421200202043826,399,4,156
dbpedia-entity,rr,20,0.02,strat_pilot,81,1632,1013,0,0,0.014157879979795618,0.0770320012718966,0.07688957948925976,0.05054826730716823,0.0058421200202043826,399,4,156
dbpedia-entity,rr,20,0.02,weighted_cv,81,1658,1013,0,0,0.014157879979795618,0.07572683507682947,0.07688957948925976,0.05054826730716823,0.0058421200202043826,399,4,156
dbpedia-entity,rr,20,0.02,active_cv,81,1644,1013,1,0,0.014157879979795618,0.09711477697070044,0.07688957948925976,0.05054826730716823,0.0058421200202043826,399,4,156
dbpedia-entity,rr,20,0.02,weighted_cvl,81,1616,1013,0,0,0.014157879979795618,0.07572683507682947,0.07688957948925976,0.05054826730716823,0.0058421200202043826,399,4,156
dbpedia-entity,rr,20,0.02,uniform,82,1599,972,0,0,0.007065158889746015,0.35268082035000453,0.1066676691974781,0.021222571328860747,0.012934841110253986,399,4,156
dbpedia-entity,rr,20,0.02,uniform_nz,82,1626,972,0,0,0.007065158889746015,0.19714036538109653,0.1066676691974781,0.021222571328860747,0.012934841110253986,399,4,156
dbpedia-entity,rr,20,0.02,weighted,82,1604,972,0,0,0.007065158889746015,0.1066676691974781,0.1066676691974781,0.021222571328860747,0.012934841110253986,399,4,156
dbpedia-entity,rr,20,0.02,active_judge,82,1592,972,0,0,0.007065158889746015,0.22677012574756633,0.1066676691974781,0.021222571328860747,0.012934841110253986,399,4,156
dbpedia-entity,rr,20,0.02,strat_pilot,82,1584,972,0,0,0.007065158889746015,0.10667000844766586,0.1066676691974781,0.021222571328860747,0.012934841110253986,399,4,156
dbpedia-entity,rr,20,0.02,weighted_cv,82,1606,972,0,0,0.007065158889746015,0.07530130490793122,0.1066676691974781,0.021222571328860747,0.012934841110253986,399,4,156
dbpedia-entity,rr,20,0.02,active_cv,82,1590,972,1,0,0.007065158889746015,0.10602122185068903,0.1066676691974781,0.021222571328860747,0.012934841110253986,399,4,156
dbpedia-entity,rr,20,0.02,weighted_cvl,82,1599,972,0,0,0.007065158889746015,0.05995968283187558,0.1066676691974781,0.021222571328860747,0.012934841110253986,399,4,156
dbpedia-entity,rr,20,0.02,uniform,83,1602,991,1,0,0.0,0.15172545445366933,0.0839548188020332,0.055092750847586344,0.02,399,4,156
dbpedia-entity,rr,20,0.02,uniform_nz,83,1603,991,1,0,0.0,0.0989178341793469,0.0839548188020332,0.055092750847586344,0.02,399,4,156
dbpedia-entity,rr,20,0.02,weighted,83,1598,991,0,0,0.0,0.0839548188020332,0.0839548188020332,0.055092750847586344,0.02,399,4,156
dbpedia-entity,rr,20,0.02,active_judge,83,1600,991,0,0,0.0,0.19094224764229167,0.0839548188020332,0.055092750847586344,0.02,399,4,156
dbpedia-entity,rr,20,0.02,strat_pilot,83,1609,991,1,0,0.0,0.08388758247402929,0.0839548188020332,0.055092750847586344,0.02,399,4,156
dbpedia-entity,rr,20,0.02,weighted_cv,83,1619,991,1,0,0.0,0.06863485362373989,0.0839548188020332,0.055092750847586344,0.02,399,4,156
dbpedia-entity,rr,20,0.02,active_cv,83,1627,991,0,0,0.0,0.09979070438456371,0.0839548188020332,0.055092750847586344,0.02,399,4,156
dbpedia-entity,rr,20,0.02,weighted_cvl,83,1569,991,0,0,0.0,0.06717142267903695,0.0839548188020332,0.055092750847586344,0.02,399,4,156
dbpedia-entity,rr,20,0.02,uniform,84,1692,1079,0,0,0.0,0.12783660940515248,0.07273255718453624,0.06048219140757381,0.02,399,4,156
dbpedia-entity,rr,20,0.02,uniform_nz,84,1678,1079,0,0,0.0,0.07410115964398475,0.07273255718453624,0.06048219140757381,0.02,399,4,156
dbpedia-entity,rr,20,0.02,weighted,84,1710,1079,1,0,0.0,0.07273255718453624,0.07273255718453624,0.06048219140757381,0.02,399,4,156
dbpedia-entity,rr,20,0.02,active_judge,84,1666,1079,0,0,0.0,0.13459614181008578,0.07273255718453624,0.06048219140757381,0.02,399,4,156
dbpedia-entity,rr,20,0.02,strat_pilot,84,1653,1079,1,0,0.0,0.07280571394350704,0.07273255718453624,0.06048219140757381,0.02,399,4,156
dbpedia-entity,rr,20,0.02,weighted_cv,84,1714,1079,0,0,0.0,0.052244950602612715,0.07273255718453624,0.06048219140757381,0.02,399,4,156
dbpedia-entity,rr,20,0.02,active_cv,84,1703,1079,1,0,0.0,0.06532832496239346,0.07273255718453624,0.06048219140757381,0.02,399,4,156
dbpedia-entity,rr,20,0.02,weighted_cvl,84,1649,1079,0,0,0.0,0.06086266604181252,0.07273255718453624,0.06048219140757381,0.02,399,4,156
dbpedia-entity,rr,20,0.02,uniform,85,1604,986,0,0,0.004043051351372395,0.37178121732274644,0.10117497085387736,0.034428693394213325,0.015956948648627605,399,4,156
dbpedia-entity,rr,20,0.02,uniform_nz,85,1636,986,0,0,0.004043051351372395,0.2267287748176423,0.10117497085387736,0.034428693394213325,0.015956948648627605,399,4,156
dbpedia-entity,rr,20,0.02,weighted,85,1616,986,0,0,0.004043051351372395,0.10117497085387736,0.10117497085387736,0.034428693394213325,0.015956948648627605,399,4,156
dbpedia-entity,rr,20,0.02,active_judge,85,1621,986,0,0,0.004043051351372395,0.2503275835012585,0.10117497085387736,0.034428693394213325,0.015956948648627605,399,4,156
dbpedia-entity,rr,20,0.02,strat_pilot,85,1613,986,1,0,0.004043051351372395,0.10112774960923603,0.10117497085387736,0.034428693394213325,0.015956948648627605,399,4,156
dbpedia-entity,rr,20,0.02,weighted_cv,85,1626,986,0,0,0.004043051351372395,0.0875811050675729,0.10117497085387736,0.034428693394213325,0.015956948648627605,399,4,156
dbpedia-entity,rr,20,0.02,active_cv,85,1584,986,0,0,0.004043051351372395,0.10574766679271312,0.10117497085387736,0.034428693394213325,0.015956948648627605,399,4,156
dbpedia-entity,rr,20,0.02,weighted_cvl,85,1559,986,1,0,0.004043051351372395,0.06118352134042539,0.10117497085387736,0.034428693394213325,0.015956948648627605,399,4,156
dbpedia-entity,rr,20,0.02,uniform,86,1401,967,0,0,0.0,0.10207486667694136,0.039483755548742575,0.06296013395149605,0.02,399,4,112
dbpedia-entity,rr,20,0.02,uniform_nz,86,1423,967,1,0,0.0,0.04855359289675398,0.039483755548742575,0.06296013395149605,0.02,399,4,112
dbpedia-entity,rr,20,0.02,weighted,86,1417,967,0,0,0.0,0.039483755548742575,0.039483755548742575,0.06296013395149605,0.02,399,4,112
dbpedia-entity,rr,20,0.02,active_judge,86,1408,967,1,0,0.0,0.1332130843917502,0.039483755548742575,0.06296013395149605,0.02,399,4,112
dbpedia-entity,rr,20,0.02,strat_pilot,86,1411,967,1,0,0.0,0.03926064264260665,0.039483755548742575,0.06296013395149605,0.02,399,4,112
dbpedia-entity,rr,20,0.02,weighted_cv,86,1401,967,1,0,0.0,0.042322686496385084,0.039483755548742575,0.06296013395149605,0.02,399,4,112
dbpedia-entity,rr,20,0.02,active_cv,86,1379,967,1,0,0.0,0.06678583928401967,0.039483755548742575,0.06296013395149605,0.02,399,4,112
dbpedia-entity,rr,20,0.02,weighted_cvl,86,1405,967,1,0,0.0,0.029114872874954345,0.039483755548742575,0.06296013395149605,0.02,399,4,112
dbpedia-entity,rr,20,0.02,uniform,87,1441,1037,0,0,0.0004764884406737724,0.5458425049251605,0.02380126466120499,0.0758701383157905,0.019523511559326228,399,4,95
dbpedia-entity,rr,20,0.02,uniform_nz,87,1387,1037,0,0,0.0004764884406737724,0.13357437735493363,0.02380126466120499,0.0758701383157905,0.019523511559326228,399,4,95
dbpedia-entity,rr,20,0.02,weighted,87,1414,1037,0,0,0.0004764884406737724,0.02380126466120499,0.02380126466120499,0.0758701383157905,0.019523511559326228,399,4,95
dbpedia-entity,rr,20,0.02,active_judge,87,1397,1037,0,0,0.0004764884406737724,0.24638490563604742,0.02380126466120499,0.0758701383157905,0.019523511559326228,399,4,95
dbpedia-entity,rr,20,0.02,strat_pilot,87,1407,1037,0,0,0.0004764884406737724,0.02346728131530701,0.02380126466120499,0.0758701383157905,0.019523511559326228,399,4,95
dbpedia-entity,rr,20,0.02,weighted_cv,87,1402,1037,0,0,0.0004764884406737724,0.0401933406646916,0.02380126466120499,0.0758701383157905,0.019523511559326228,399,4,95
dbpedia-entity,rr,20,0.02,active_cv,87,1419,1037,0,0,0.0004764884406737724,0.06344995314861221,0.02380126466120499,0.0758701383157905,0.019523511559326228,399,4,95
dbpedia-entity,rr,20,0.02,weighted_cvl,87,1414,1037,0,0,0.0004764884406737724,0.03406082239896078,0.02380126466120499,0.0758701383157905,0.019523511559326228,399,4,95
dbpedia-entity,rr,20,0.02,uniform,88,1711,1091,0,0,0.0,0.2108619880278682,0.09790287260489801,0.03276024482996845,0.02,399,4,156
dbpedia-entity,rr,20,0.02,uniform_nz,88,1720,1091,0,0,0.0,0.1127205489812444,0.09790287260489801,0.03276024482996845,0.02,399,4,156
dbpedia-entity,rr,20,0.02,weighted,88,1716,1091,0,0,0.0,0.09790287260489801,0.09790287260489801,0.03276024482996845,0.02,399,4,156
dbpedia-entity,rr,20,0.02,active_judge,88,1684,1091,0,0,0.0,0.24115537894621922,0.09790287260489801,0.03276024482996845,0.02,399,4,156
dbpedia-entity,rr,20,0.02,strat_pilot,88,1704,1091,0,0,0.0,0.09795565062016143,0.09790287260489801,0.03276024482996845,0.02,399,4,156
dbpedia-entity,rr,20,0.02,weighted_cv,88,1706,1091,1,0,0.0,0.06657005081433354,0.09790287260489801,0.03276024482996845,0.02,399,4,156
dbpedia-entity,rr,20,0.02,active_cv,88,1695,1091,0,0,0.0,0.08224580567315902,0.09790287260489801,0.03276024482996845,0.02,399,4,156
dbpedia-entity,rr,20,0.02,weighted_cvl,88,1711,1091,0,0,0.0,0.06698089464169767,0.09790287260489801,0.03276024482996845,0.02,399,4,156
dbpedia-entity,rr,20,0.02,uniform,89,1633,999,0,0,0.0,0.19330034678042893,0.07468055080623409,0.021733334733721733,0.02,399,4,156
dbpedia-entity,rr,20,0.02,uniform_nz,89,1627,999,0,0,0.0,0.11948797871801187,0.07468055080623409,0.021733334733721733,0.02,399,4,156
dbpedia-entity,rr,20,0.02,weighted,89,1607,999,1,0,0.0,0.07468055080623409,0.07468055080623409,0.021733334733721733,0.02,399,4,156
dbpedia-entity,rr,20,0.02,active_judge,89,1677,999,1,0,0.0,0.1857730036888548,0.07468055080623409,0.021733334733721733,0.02,399,4,156
dbpedia-entity,rr,20,0.02,strat_pilot,89,1624,999,1,0,0.0,0.07432748639543955,0.07468055080623409,0.021733334733721733,0.02,399,4,156
dbpedia-entity,rr,20,0.02,weighted_cv,89,1650,999,1,0,0.0,0.07213790794724563,0.07468055080623409,0.021733334733721733,0.02,399,4,156
dbpedia-entity,rr,20,0.02,active_cv,89,1642,999,0,0,0.0,0.08896880716167242,0.07468055080623409,0.021733334733721733,0.02,399,4,156
dbpedia-entity,rr,20,0.02,weighted_cvl,89,1628,999,0,0,0.0,0.05824935930381496,0.07468055080623409,0.021733334733721733,0.02,399,4,156
dbpedia-entity,rr,20,0.02,uniform,90,1722,1077,0,0,0.01742079726543433,0.2691810702538301,0.096519825829182,0.024627746264743174,0.0025792027345656714,399,4,156
dbpedia-entity,rr,20,0.02,uniform_nz,90,1703,1077,0,0,0.01742079726543433,0.13908333033685352,0.096519825829182,0.024627746264743174,0.0025792027345656714,399,4,156
dbpedia-entity,rr,20,0.02,weighted,90,1684,1077,0,0,0.01742079726543433,0.096519825829182,0.096519825829182,0.024627746264743174,0.0025792027345656714,399,4,156
dbpedia-entity,rr,20,0.02,active_judge,90,1660,1077,0,0,0.01742079726543433,0.1600183671813245,0.096519825829182,0.024627746264743174,0.0025792027345656714,399,4,156
dbpedia-entity,rr,20,0.02,strat_pilot,90,1720,1077,0,0,0.01742079726543433,0.09671269066578474,0.096519825829182,0.024627746264743174,0.0025792027345656714,399,4,156
dbpedia-entity,rr,20,0.02,weighted_cv,90,1696,1077,0,0,0.01742079726543433,0.07714319397083372,0.096519825829182,0.024627746264743174,0.0025792027345656714,399,4,156
dbpedia-entity,rr,20,0.02,active_cv,90,1743,1077,0,0,0.01742079726543433,0.09970457216114424,0.096519825829182,0.024627746264743174,0.0025792027345656714,399,4,156
dbpedia-entity,rr,20,0.02,weighted_cvl,90,1731,1077,0,0,0.01742079726543433,0.08289632919167426,0.096519825829182,0.024627746264743174,0.0025792027345656714,399,4,156
dbpedia-entity,rr,20,0.02,uniform,91,1709,1066,0,0,0.0,0.25761556219756737,0.1126542430183721,0.07408956270655354,0.02,399,4,156
dbpedia-entity,rr,20,0.02,uniform_nz,91,1667,1066,0,0,0.0,0.1371555120484092,0.1126542430183721,0.07408956270655354,0.02,399,4,156
dbpedia-entity,rr,20,0.02,weighted,91,1702,1066,0,0,0.0,0.1126542430183721,0.1126542430183721,0.07408956270655354,0.02,399,4,156
dbpedia-entity,rr,20,0.02,active_judge,91,1685,1066,0,0,0.0,0.245844686778165,0.1126542430183721,0.07408956270655354,0.02,399,4,156
dbpedia-entity,rr,20,0.02,strat_pilot,91,1694,1066,1,0,0.0,0.11277757713317285,0.1126542430183721,0.07408956270655354,0.02,399,4,156
dbpedia-entity,rr,20,0.02,weighted_cv,91,1679,1066,0,0,0.0,0.08950906408719414,0.1126542430183721,0.07408956270655354,0.02,399,4,156
dbpedia-entity,rr,20,0.02,active_cv,91,1716,1066,0,0,0.0,0.11520084962673716,0.1126542430183721,0.07408956270655354,0.02,399,4,156
dbpedia-entity,rr,20,0.02,weighted_cvl,91,1665,1066,0,0,0.0,0.10180323666250177,0.1126542430183721,0.07408956270655354,0.02,399,4,156
dbpedia-entity,rr,20,0.02,uniform,92,1597,1024,0,0,0.0023141930291991075,0.15746841120971963,0.08216157945343674,0.038251867674112774,0.017685806970800893,399,4,156
dbpedia-entity,rr,20,0.02,uniform_nz,92,1657,1024,0,0,0.0023141930291991075,0.09479688708099779,0.08216157945343674,0.038251867674112774,0.017685806970800893,399,4,156
dbpedia-entity,rr,20,0.02,weighted,92,1658,1024,0,0,0.0023141930291991075,0.08216157945343674,0.08216157945343674,0.038251867674112774,0.017685806970800893,399,4,156
dbpedia-entity,rr,20,0.02,active_judge,92,1609,1024,0,0,0.0023141930291991075,0.18136450176420776,0.08216157945343674,0.038251867674112774,0.017685806970800893,399,4,156
dbpedia-entity,rr,20,0.02,strat_pilot,92,1630,1024,0,0,0.0023141930291991075,0.08219868587816459,0.08216157945343674,0.038251867674112774,0.017685806970800893,399,4,156
dbpedia-entity,rr,20,0.02,weighted_cv,92,1636,1024,1,0,0.0023141930291991075,0.06626572699958722,0.08216157945343674,0.038251867674112774,0.017685806970800893,399,4,156
dbpedia-entity,rr,20,0.02,active_cv,92,1664,1024,0,0,0.0023141930291991075,0.11156294629381928,0.08216157945343674,0.038251867674112774,0.017685806970800893,399,4,156
dbpedia-entity,rr,20,0.02,weighted_cvl,92,1659,1024,0,0,0.0023141930291991075,0.06853936575162163,0.08216157945343674,0.038251867674112774,0.017685806970800893,399,4,156
dbpedia-entity,rr,20,0.02,uniform,93,1445,1030,0,0,0.01656554028906987,0.3013896936133107,0.06606982683307025,0.042851435863533724,0.0034344597109301316,399,4,112
dbpedia-entity,rr,20,0.02,uniform_nz,93,1469,1030,0,0,0.01656554028906987,0.13115985388039056,0.06606982683307025,0.042851435863533724,0.0034344597109301316,399,4,112
dbpedia-entity,rr,20,0.02,weighted,93,1461,1030,0,0,0.01656554028906987,0.06606982683307025,0.06606982683307025,0.042851435863533724,0.0034344597109301316,399,4,112
dbpedia-entity,rr,20,0.02,active_judge,93,1466,1030,0,0,0.01656554028906987,0.16022513957565104,0.06606982683307025,0.042851435863533724,0.0034344597109301316,399,4,112
dbpedia-entity,rr,20,0.02,strat_pilot,93,1466,1030,0,0,0.01656554028906987,0.06586394495770209,0.06606982683307025,0.042851435863533724,0.0034344597109301316,399,4,112
dbpedia-entity,rr,20,0.02,weighted_cv,93,1486,1030,0,0,0.01656554028906987,0.044427865796804064,0.06606982683307025,0.042851435863533724,0.0034344597109301316,399,4,112
dbpedia-entity,rr,20,0.02,active_cv,93,1459,1030,0,0,0.01656554028906987,0.05760908492901713,0.06606982683307025,0.042851435863533724,0.0034344597109301316,399,4,112
dbpedia-entity,rr,20,0.02,weighted_cvl,93,1461,1030,0,0,0.01656554028906987,0.02921335780716961,0.06606982683307025,0.042851435863533724,0.0034344597109301316,399,4,112
dbpedia-entity,rr,20,0.02,uniform,94,1554,954,0,0,0.0,0.11716332845133763,0.059828005388329795,0.07610052054031727,0.02,399,4,156
dbpedia-entity,rr,20,0.02,uniform_nz,94,1562,954,0,0,0.0,0.07061230123257156,0.059828005388329795,0.07610052054031727,0.02,399,4,156
dbpedia-entity,rr,20,0.02,weighted,94,1583,954,0,0,0.0,0.059828005388329795,0.059828005388329795,0.07610052054031727,0.02,399,4,156
dbpedia-entity,rr,20,0.02,active_judge,94,1579,954,1,0,0.0,0.18110744798154088,0.059828005388329795,0.07610052054031727,0.02,399,4,156
dbpedia-entity,rr,20,0.02,strat_pilot,94,1588,954,1,0,0.0,0.059425877520019835,0.059828005388329795,0.07610052054031727,0.02,399,4,156
dbpedia-entity,rr,20,0.02,weighted_cv,94,1577,954,1,0,0.0,0.07422404117306615,0.059828005388329795,0.07610052054031727,0.02,399,4,156
dbpedia-entity,rr,20,0.02,active_cv,94,1570,954,1,0,0.0,0.10150858099759205,0.059828005388329795,0.07610052054031727,0.02,399,4,156
dbpedia-entity,rr,20,0.02,weighted_cvl,94,1580,954,1,0,0.0,0.0411646091913316,0.059828005388329795,0.07610052054031727,0.02,399,4,156
dbpedia-entity,rr,20,0.02,uniform,95,1643,992,0,0,0.0,0.21211081237217502,0.06637410163470317,0.04515252787763657,0.02,399,4,156
dbpedia-entity,rr,20,0.02,uniform_nz,95,1617,992,1,0,0.0,0.11415115076898989,0.06637410163470317,0.04515252787763657,0.02,399,4,156
dbpedia-entity,rr,20,0.02,weighted,95,1621,992,1,0,0.0,0.06637410163470317,0.06637410163470317,0.04515252787763657,0.02,399,4,156
dbpedia-entity,rr,20,0.02,active_judge,95,1647,992,0,0,0.0,0.18794495319734014,0.06637410163470317,0.04515252787763657,0.02,399,4,156
dbpedia-entity,rr,20,0.02,strat_pilot,95,1627,992,1,0,0.0,0.06615561143766094,0.06637410163470317,0.04515252787763657,0.02,399,4,156
dbpedia-entity,rr,20,0.02,weighted_cv,95,1607,992,1,0,0.0,0.08656951748142325,0.06637410163470317,0.04515252787763657,0.02,399,4,156
dbpedia-entity,rr,20,0.02,active_cv,95,1617,992,1,0,0.0,0.11197874677867829,0.06637410163470317,0.04515252787763657,0.02,399,4,156
dbpedia-entity,rr,20,0.02,weighted_cvl,95,1616,992,1,0,0.0,0.050472812013250636,0.06637410163470317,0.04515252787763657,0.02,399,4,156
dbpedia-entity,rr,20,0.02,uniform,96,1652,1019,0,0,0.003518176316738675,0.18220247238637435,0.06889690347680075,0.018976865096211593,0.016481823683261326,399,4,156
dbpedia-entity,rr,20,0.02,uniform_nz,96,1681,1019,0,0,0.003518176316738675,0.09469058989453887,0.06889690347680075,0.018976865096211593,0.016481823683261326,399,4,156
dbpedia-entity,rr,20,0.02,weighted,96,1616,1019,0,0,0.003518176316738675,0.06889690347680075,0.06889690347680075,0.018976865096211593,0.016481823683261326,399,4,156
dbpedia-entity,rr,20,0.02,active_judge,96,1670,1019,0,0,0.003518176316738675,0.20439755397476195,0.06889690347680075,0.018976865096211593,0.016481823683261326,399,4,156
dbpedia-entity,rr,20,0.02,strat_pilot,96,1647,1019,0,0,0.003518176316738675,0.06887549759076658,0.06889690347680075,0.018976865096211593,0.016481823683261326,399,4,156
dbpedia-entity,rr,20,0.02,weighted_cv,96,1685,1019,0,0,0.003518176316738675,0.06641346300638942,0.06889690347680075,0.018976865096211593,0.016481823683261326,399,4,156
dbpedia-entity,rr,20,0.02,active_cv,96,1621,1019,0,0,0.003518176316738675,0.09330120285742513,0.06889690347680075,0.018976865096211593,0.016481823683261326,399,4,156
dbpedia-entity,rr,20,0.02,weighted_cvl,96,1632,1019,0,0,0.003518176316738675,0.06455417346809364,0.06889690347680075,0.018976865096211593,0.016481823683261326,399,4,156
dbpedia-entity,rr,20,0.02,uniform,97,1654,1030,0,0,0.0,0.15116669941957647,0.07892068339481162,0.04491954420341267,0.02,399,4,156
dbpedia-entity,rr,20,0.02,uniform_nz,97,1667,1030,0,0,0.0,0.09528119401950406,0.07892068339481162,0.04491954420341267,0.02,399,4,156
dbpedia-entity,rr,20,0.02,weighted,97,1632,1030,0,0,0.0,0.07892068339481162,0.07892068339481162,0.04491954420341267,0.02,399,4,156
dbpedia-entity,rr,20,0.02,active_judge,97,1643,1030,0,0,0.0,0.21865192860077096,0.07892068339481162,0.04491954420341267,0.02,399,4,156
dbpedia-entity,rr,20,0.02,strat_pilot,97,1661,1030,1,0,0.0,0.0788352044426381,0.07892068339481162,0.04491954420341267,0.02,399,4,156
dbpedia-entity,rr,20,0.02,weighted_cv,97,1608,1030,1,0,0.0,0.08502956065619525,0.07892068339481162,0.04491954420341267,0.02,399,4,156
dbpedia-entity,rr,20,0.02,active_cv,97,1631,1030,0,0,0.0,0.12694502203212,0.07892068339481162,0.04491954420341267,0.02,399,4,156
dbpedia-entity,rr,20,0.02,weighted_cvl,97,1670,1030,1,0,0.0,0.057421020633622845,0.07892068339481162,0.04491954420341267,0.02,399,4,156
dbpedia-entity,rr,20,0.02,uniform,98,1635,975,0,0,0.0,0.17898521838124157,0.09050181871151276,0.05306031802847663,0.02,399,4,156
dbpedia-entity,rr,20,0.02,uniform_nz,98,1589,975,1,0,0.0,0.1069868070944314,0.09050181871151276,0.05306031802847663,0.02,399,4,156
dbpedia-entity,rr,20,0.02,weighted,98,1639,975,0,0,0.0,0.09050181871151276,0.09050181871151276,0.05306031802847663,0.02,399,4,156
dbpedia-entity,rr,20,0.02,active_judge,98,1633,975,1,0,0.0,0.23344397414905896,0.09050181871151276,0.05306031802847663,0.02,399,4,156
dbpedia-entity,rr,20,0.02,strat_pilot,98,1580,975,1,0,0.0,0.09042722605622988,0.09050181871151276,0.05306031802847663,0.02,399,4,156
dbpedia-entity,rr,20,0.02,weighted_cv,98,1598,975,0,0,0.0,0.0808784052396537,0.09050181871151276,0.05306031802847663,0.02,399,4,156
dbpedia-entity,rr,20,0.02,active_cv,98,1583,975,0,0,0.0,0.11922859699663246,0.09050181871151276,0.05306031802847663,0.02,399,4,156
dbpedia-entity,rr,20,0.02,weighted_cvl,98,1626,975,1,0,0.0,0.07369956482037743,0.09050181871151276,0.05306031802847663,0.02,399,4,156
dbpedia-entity,rr,20,0.02,uniform,99,1684,1079,1,0,0.0,0.1306052908222195,0.05729619259061571,0.027722291821413517,0.02,399,4,156
dbpedia-entity,rr,20,0.02,uniform_nz,99,1673,1079,0,0,0.0,0.06890151637538776,0.05729619259061571,0.027722291821413517,0.02,399,4,156
dbpedia-entity,rr,20,0.02,weighted,99,1690,1079,0,0,0.0,0.05729619259061571,0.05729619259061571,0.027722291821413517,0.02,399,4,156
dbpedia-entity,rr,20,0.02,active_judge,99,1699,1079,0,0,0.0,0.16343583992896424,0.05729619259061571,0.027722291821413517,0.02,399,4,156
dbpedia-entity,rr,20,0.02,strat_pilot,99,1740,1079,0,0,0.0,0.05713645251986856,0.05729619259061571,0.027722291821413517,0.02,399,4,156
dbpedia-entity,rr,20,0.02,weighted_cv,99,1732,1079,0,0,0.0,0.08396096595422077,0.05729619259061571,0.027722291821413517,0.02,399,4,156
dbpedia-entity,rr,20,0.02,active_cv,99,1691,1079,0,0,0.0,0.13601815925348387,0.05729619259061571,0.027722291821413517,0.02,399,4,156
dbpedia-entity,rr,20,0.02,weighted_cvl,99,1706,1079,0,0,0.0,0.053716923791588864,0.05729619259061571,0.027722291821413517,0.02,399,4,156
dbpedia-entity,rr,20,0.02,uniform,100,1436,1011,0,0,0.0,0.11213001001635574,0.04040272940083994,0.07188326528742739,0.02,399,4,112
dbpedia-entity,rr,20,0.02,uniform_nz,100,1464,1011,1,0,0.0,0.040995296556194896,0.04040272940083994,0.07188326528742739,0.02,399,4,112
dbpedia-entity,rr,20,0.02,weighted,100,1472,1011,1,0,0.0,0.04040272940083994,0.04040272940083994,0.07188326528742739,0.02,399,4,112
dbpedia-entity,rr,20,0.02,active_judge,100,1435,1011,0,0,0.0,0.10384078575282121,0.04040272940083994,0.07188326528742739,0.02,399,4,112
dbpedia-entity,rr,20,0.02,strat_pilot,100,1474,1011,1,0,0.0,0.04019588016395047,0.04040272940083994,0.07188326528742739,0.02,399,4,112
dbpedia-entity,rr,20,0.02,weighted_cv,100,1486,1011,1,0,0.0,0.03713100029343994,0.04040272940083994,0.07188326528742739,0.02,399,4,112
dbpedia-entity,rr,20,0.02,active_cv,100,1491,1011,1,0,0.0,0.04804754899905074,0.04040272940083994,0.07188326528742739,0.02,399,4,112
dbpedia-entity,rr,20,0.02,weighted_cvl,100,1474,1011,1,0,0.0,0.028048408706311,0.04040272940083994,0.07188326528742739,0.02,399,4,112
dbpedia-entity,rr,20,0.02,uniform,101,1528,939,0,0,0.0,0.135294653978672,0.07737939981671729,0.08236999642522876,0.02,399,4,156
dbpedia-entity,rr,20,0.02,uniform_nz,101,1533,939,0,0,0.0,0.08610109299993561,0.07737939981671729,0.08236999642522876,0.02,399,4,156
dbpedia-entity,rr,20,0.02,weighted,101,1551,939,0,0,0.0,0.07737939981671729,0.07737939981671729,0.08236999642522876,0.02,399,4,156
dbpedia-entity,rr,20,0.02,active_judge,101,1543,939,0,0,0.0,0.2038479765435237,0.07737939981671729,0.08236999642522876,0.02,399,4,156
dbpedia-entity,rr,20,0.02,strat_pilot,101,1570,939,0,0,0.0,0.07739097167957268,0.07737939981671729,0.08236999642522876,0.02,399,4,156
dbpedia-entity,rr,20,0.02,weighted_cv,101,1552,939,0,0,0.0,0.0731257084261139,0.07737939981671729,0.08236999642522876,0.02,399,4,156
dbpedia-entity,rr,20,0.02,active_cv,101,1554,939,0,0,0.0,0.09980370418813637,0.07737939981671729,0.08236999642522876,0.02,399,4,156
dbpedia-entity,rr,20,0.02,weighted_cvl,101,1535,939,0,0,0.0,0.07737939981671729,0.07737939981671729,0.08236999642522876,0.02,399,4,156
dbpedia-entity,rr,20,0.02,uniform,102,1320,978,0,0,0.0,1.7659360566258688,0.0727695856509391,0.21458257020757024,0.02,399,4,90
dbpedia-entity,rr,20,0.02,uniform_nz,102,1346,978,1,0,0.0,0.35998951617167496,0.0727695856509391,0.21458257020757024,0.02,399,4,90
dbpedia-entity,rr,20,0.02,weighted,102,1364,978,1,0,0.0,0.0727695856509391,0.0727695856509391,0.21458257020757024,0.02,399,4,90
dbpedia-entity,rr,20,0.02,active_judge,102,1330,978,0,0,0.0,0.4087882190293528,0.0727695856509391,0.21458257020757024,0.02,399,4,90
dbpedia-entity,rr,20,0.02,strat_pilot,102,1327,978,0,0,0.0,0.07258171130488629,0.0727695856509391,0.21458257020757024,0.02,399,4,90
dbpedia-entity,rr,20,0.02,weighted_cv,102,1340,978,0,0,0.0,0.07801803252661565,0.0727695856509391,0.21458257020757024,0.02,399,4,90
dbpedia-entity,rr,20,0.02,active_cv,102,1314,978,1,0,0.0,0.13052756992266476,0.0727695856509391,0.21458257020757024,0.02,399,4,90
dbpedia-entity,rr,20,0.02,weighted_cvl,102,1332,978,1,0,0.0,0.05465888387888733,0.0727695856509391,0.21458257020757024,0.02,399,4,90
dbpedia-entity,rr,20,0.02,uniform,103,1655,1013,1,0,0.00290002066233519,0.4498191019630653,0.1010769932207309,0.029358383993899662,0.01709997933766481,399,4,156
dbpedia-entity,rr,20,0.02,uniform_nz,103,1636,1013,0,0,0.00290002066233519,0.25182687229856116,0.1010769932207309,0.029358383993899662,0.01709997933766481,399,4,156
dbpedia-entity,rr,20,0.02,weighted,103,1608,1013,0,0,0.00290002066233519,0.1010769932207309,0.1010769932207309,0.029358383993899662,0.01709997933766481,399,4,156
dbpedia-entity,rr,20,0.02,active_judge,103,1596,1013,0,0,0.00290002066233519,0.2665392681223896,0.1010769932207309,0.029358383993899662,0.01709997933766481,399,4,156
dbpedia-entity,rr,20,0.02,strat_pilot,103,1680,1013,1,0,0.00290002066233519,0.10127675075371231,0.1010769932207309,0.029358383993899662,0.01709997933766481,399,4,156
dbpedia-entity,rr,20,0.02,weighted_cv,103,1617,1013,0,0,0.00290002066233519,0.07095324513135201,0.1010769932207309,0.029358383993899662,0.01709997933766481,399,4,156
dbpedia-entity,rr,20,0.02,active_cv,103,1628,1013,0,0,0.00290002066233519,0.08190868273387354,0.1010769932207309,0.029358383993899662,0.01709997933766481,399,4,156
dbpedia-entity,rr,20,0.02,weighted_cvl,103,1667,1013,0,0,0.00290002066233519,0.04948595961864689,0.1010769932207309,0.029358383993899662,0.01709997933766481,399,4,156
dbpedia-entity,rr,20,0.02,uniform,104,1708,1091,0,0,0.0,0.23030698768405128,0.08719053740586719,0.014182959848116947,0.02,399,4,156
dbpedia-entity,rr,20,0.02,uniform_nz,104,1703,1091,0,0,0.0,0.132581362771005,0.08719053740586719,0.014182959848116947,0.02,399,4,156
dbpedia-entity,rr,20,0.02,weighted,104,1713,1091,0,0,0.0,0.08719053740586719,0.08719053740586719,0.014182959848116947,0.02,399,4,156
dbpedia-entity,rr,20,0.02,active_judge,104,1705,1091,0,0,0.0,0.1989960125427143,0.08719053740586719,0.014182959848116947,0.02,399,4,156
dbpedia-entity,rr,20,0.02,strat_pilot,104,1692,1091,0,0,0.0,0.08717015544453781,0.08719053740586719,0.014182959848116947,0.02,399,4,156
dbpedia-entity,rr,20,0.02,weighted_cv,104,1718,1091,0,0,0.0,0.07259459671424875,0.08719053740586719,0.014182959848116947,0.02,399,4,156
dbpedia-entity,rr,20,0.02,active_cv,104,1732,1091,0,0,0.0,0.10729464434709546,0.08719053740586719,0.014182959848116947,0.02,399,4,156
dbpedia-entity,rr,20,0.02,weighted_cvl,104,1723,1091,1,0,0.0,0.05425642674406941,0.08719053740586719,0.014182959848116947,0.02,399,4,156
dbpedia-entity,rr,20,0.02,uniform,105,1578,989,0,0,0.010807567705172938,0.12836856332128246,0.06019912531761644,0.029349589150672747,0.009192432294827062,399,4,156
dbpedia-entity,rr,20,0.02,uniform_nz,105,1608,989,0,0,0.010807567705172938,0.07433766445289983,0.06019912531761644,0.029349589150672747,0.009192432294827062,399,4,156
dbpedia-entity,rr,20,0.02,weighted,105,1612,989,0,0,0.010807567705172938,0.06019912531761644,0.06019912531761644,0.029349589150672747,0.009192432294827062,399,4,156
dbpedia-entity,rr,20,0.02,active_judge,105,1644,989,0,0,0.010807567705172938,0.13913054261463437,0.06019912531761644,0.029349589150672747,0.009192432294827062,399,4,156
dbpedia-entity,rr,20,0.02,strat_pilot,105,1597,989,0,0,0.010807567705172938,0.059742231872724004,0.06019912531761644,0.029349589150672747,0.009192432294827062,399,4,156
dbpedia-entity,rr,20,0.02,weighted_cv,105,1636,989,0,0,0.010807567705172938,0.06798569952037911,0.06019912531761644,0.029349589150672747,0.009192432294827062,399,4,156
dbpedia-entity,rr,20,0.02,active_cv,105,1607,989,0,0,0.010807567705172938,0.08797065400310089,0.06019912531761644,0.029349589150672747,0.009192432294827062,399,4,156
dbpedia-entity,rr,20,0.02,weighted_cvl,105,1557,989,0,0,0.010807567705172938,0.04941845037260005,0.06019912531761644,0.029349589150672747,0.009192432294827062,399,4,156
dbpedia-entity,rr,20,0.02,uniform,106,1638,992,0,0,0.0,0.13066962608688337,0.06955527731423568,0.02337053096147523,0.02,399,4,156
dbpedia-entity,rr,20,0.02,uniform_nz,106,1646,992,0,0,0.0,0.08147500087642486,0.06955527731423568,0.02337053096147523,0.02,399,4,156
dbpedia-entity,rr,20,0.02,weighted,106,1601,992,0,0,0.0,0.06955527731423568,0.06955527731423568,0.02337053096147523,0.02,399,4,156
dbpedia-entity,rr,20,0.02,active_judge,106,1653,992,0,0,0.0,0.16818166534823525,0.06955527731423568,0.02337053096147523,0.02,399,4,156
dbpedia-entity,rr,20,0.02,strat_pilot,106,1600,992,1,0,0.0,0.06955565776108683,0.06955527731423568,0.02337053096147523,0.02,399,4,156
dbpedia-entity,rr,20,0.02,weighted_cv,106,1621,992,1,0,0.0,0.06956023182159218,0.06955527731423568,0.02337053096147523,0.02,399,4,156
dbpedia-entity,rr,20,0.02,active_cv,106,1566,992,0,0,0.0,0.11497404762512109,0.06955527731423568,0.02337053096147523,0.02,399,4,156
dbpedia-entity,rr,20,0.02,weighted_cvl,106,1662,992,1,0,0.0,0.04306197504739284,0.06955527731423568,0.02337053096147523,0.02,399,4,156
dbpedia-entity,rr,20,0.02,uniform,107,1667,1035,0,0,0.0,0.1690631895671325,0.0768963359265089,0.0655076957785936,0.02,399,4,156
dbpedia-entity,rr,20,0.02,uniform_nz,107,1628,1035,0,0,0.0,0.09360849944879221,0.0768963359265089,0.0655076957785936,0.02,399,4,156
dbpedia-entity,rr,20,0.02,weighted,107,1683,1035,1,0,0.0,0.0768963359265089,0.0768963359265089,0.0655076957785936,0.02,399,4,156
dbpedia-entity,rr,20,0.02,active_judge,107,1697,1035,0,0,0.0,0.19060705743435982,0.0768963359265089,0.0655076957785936,0.02,399,4,156
dbpedia-entity,rr,20,0.02,strat_pilot,107,1627,1035,1,0,0.0,0.07670125412187973,0.0768963359265089,0.0655076957785936,0.02,399,4,156
dbpedia-entity,rr,20,0.02,weighted_cv,107,1703,1035,0,0,0.0,0.08320492472961859,0.0768963359265089,0.0655076957785936,0.02,399,4,156
dbpedia-entity,rr,20,0.02,active_cv,107,1672,1035,0,0,0.0,0.13591946182473053,0.0768963359265089,0.0655076957785936,0.02,399,4,156
dbpedia-entity,rr,20,0.02,weighted_cvl,107,1647,1035,1,0,0.0,0.05824725421620912,0.0768963359265089,0.0655076957785936,0.02,399,4,156
dbpedia-entity,rr,20,0.02,uniform,108,1676,1023,0,0,0.005459789520569414,0.1517617673690453,0.069226271541148,0.019017459793388584,0.014540210479430587,399,4,156
dbpedia-entity,rr,20,0.02,uniform_nz,108,1664,1023,0,0,0.005459789520569414,0.08441122663854031,0.069226271541148,0.019017459793388584,0.014540210479430587,399,4,156
dbpedia-entity,rr,20,0.02,weighted,108,1650,1023,0,0,0.005459789520569414,0.069226271541148,0.069226271541148,0.019017459793388584,0.014540210479430587,399,4,156
dbpedia-entity,rr,20,0.02,active_judge,108,1617,1023,0,0,0.005459789520569414,0.17949889455055326,0.069226271541148,0.019017459793388584,0.014540210479430587,399,4,156
dbpedia-entity,rr,20,0.02,strat_pilot,108,1698,1023,0,0,0.005459789520569414,0.0693236204071831,0.069226271541148,0.019017459793388584,0.014540210479430587,399,4,156
dbpedia-entity,rr,20,0.02,weighted_cv,108,1658,1023,0,0,0.005459789520569414,0.058841416324272165,0.069226271541148,0.019017459793388584,0.014540210479430587,399,4,156
dbpedia-entity,rr,20,0.02,active_cv,108,1655,1023,0,0,0.005459789520569414,0.09473789054122886,0.069226271541148,0.019017459793388584,0.014540210479430587,399,4,156
dbpedia-entity,rr,20,0.02,weighted_cvl,108,1657,1023,0,0,0.005459789520569414,0.05635099635023039,0.069226271541148,0.019017459793388584,0.014540210479430587,399,4,156
dbpedia-entity,rr,20,0.02,uniform,109,1427,955,0,0,0.0,0.10374614796043824,0.04123071309587796,0.013431668950244797,0.02,399,4,112
dbpedia-entity,rr,20,0.02,uniform_nz,109,1403,955,0,0,0.0,0.04741811556740052,0.04123071309587796,0.013431668950244797,0.02,399,4,112
dbpedia-entity,rr,20,0.02,weighted,109,1422,955,0,0,0.0,0.04123071309587796,0.04123071309587796,0.013431668950244797,0.02,399,4,112
dbpedia-entity,rr,20,0.02,active_judge,109,1387,955,0,0,0.0,0.10020215798265056,0.04123071309587796,0.013431668950244797,0.02,399,4,112
dbpedia-entity,rr,20,0.02,strat_pilot,109,1418,955,0,0,0.0,0.04117202576414868,0.04123071309587796,0.013431668950244797,0.02,399,4,112
dbpedia-entity,rr,20,0.02,weighted_cv,109,1389,955,0,0,0.0,0.03794116671599788,0.04123071309587796,0.013431668950244797,0.02,399,4,112
dbpedia-entity,rr,20,0.02,active_cv,109,1379,955,1,0,0.0,0.05046179054134279,0.04123071309587796,0.013431668950244797,0.02,399,4,112
dbpedia-entity,rr,20,0.02,weighted_cvl,109,1403,955,0,0,0.0,0.03751635933953641,0.04123071309587796,0.013431668950244797,0.02,399,4,112
dbpedia-entity,rr,20,0.02,uniform,110,1528,931,0,0,0.0,0.11378386896160382,0.07952880231740436,0.050328384643437335,0.02,399,4,156
dbpedia-entity,rr,20,0.02,uniform_nz,110,1557,931,1,0,0.0,0.09020710387368971,0.07952880231740436,0.050328384643437335,0.02,399,4,156
dbpedia-entity,rr,20,0.02,weighted,110,1547,931,0,0,0.0,0.07952880231740436,0.07952880231740436,0.050328384643437335,0.02,399,4,156
dbpedia-entity,rr,20,0.02,active_judge,110,1564,931,0,0,0.0,0.1503427947695112,0.07952880231740436,0.050328384643437335,0.02,399,4,156
dbpedia-entity,rr,20,0.02,strat_pilot,110,1539,931,0,0,0.0,0.07955223275694048,0.07952880231740436,0.050328384643437335,0.02,399,4,156
dbpedia-entity,rr,20,0.02,weighted_cv,110,1571,931,0,0,0.0,0.06108858640182455,0.07952880231740436,0.050328384643437335,0.02,399,4,156
dbpedia-entity,rr,20,0.02,active_cv,110,1569,931,1,0,0.0,0.08300167351104001,0.07952880231740436,0.050328384643437335,0.02,399,4,156
dbpedia-entity,rr,20,0.02,weighted_cvl,110,1557,931,0,0,0.0,0.0672172729649543,0.07952880231740436,0.050328384643437335,0.02,399,4,156
dbpedia-entity,rr,20,0.02,uniform,111,1715,1088,0,0,0.008072217129038717,0.3846212101472503,0.09605977309231367,0.03513472400343111,0.011927782870961284,399,4,156
dbpedia-entity,rr,20,0.02,uniform_nz,111,1739,1088,0,0,0.008072217129038717,0.1888517542373788,0.09605977309231367,0.03513472400343111,0.011927782870961284,399,4,156
dbpedia-entity,rr,20,0.02,weighted,111,1734,1088,0,0,0.008072217129038717,0.09605977309231367,0.09605977309231367,0.03513472400343111,0.011927782870961284,399,4,156
dbpedia-entity,rr,20,0.02,active_judge,111,1702,1088,0,0,0.008072217129038717,0.20503184285588744,0.09605977309231367,0.03513472400343111,0.011927782870961284,399,4,156
dbpedia-entity,rr,20,0.02,strat_pilot,111,1719,1088,0,0,0.008072217129038717,0.09618021065895707,0.09605977309231367,0.03513472400343111,0.011927782870961284,399,4,156
dbpedia-entity,rr,20,0.02,weighted_cv,111,1708,1088,0,0,0.008072217129038717,0.08835169227256948,0.09605977309231367,0.03513472400343111,0.011927782870961284,399,4,156
dbpedia-entity,rr,20,0.02,active_cv,111,1684,1088,0,0,0.008072217129038717,0.11102311263252998,0.09605977309231367,0.03513472400343111,0.011927782870961284,399,4,156
dbpedia-entity,rr,20,0.02,weighted_cvl,111,1720,1088,0,0,0.008072217129038717,0.07306558763279705,0.09605977309231367,0.03513472400343111,0.011927782870961284,399,4,156
dbpedia-entity,rr,20,0.02,uniform,112,1613,1002,0,0,0.0,0.13645924912637333,0.07104870635329945,0.051100704561369864,0.02,399,4,156
dbpedia-entity,rr,20,0.02,uniform_nz,112,1626,1002,0,0,0.0,0.08228224013276793,0.07104870635329945,0.051100704561369864,0.02,399,4,156
dbpedia-entity,rr,20,0.02,weighted,112,1622,1002,0,0,0.0,0.07104870635329945,0.07104870635329945,0.051100704561369864,0.02,399,4,156
dbpedia-entity,rr,20,0.02,active_judge,112,1653,1002,0,0,0.0,0.17017910283684387,0.07104870635329945,0.051100704561369864,0.02,399,4,156
dbpedia-entity,rr,20,0.02,strat_pilot,112,1595,1002,0,0,0.0,0.0711101317328795,0.07104870635329945,0.051100704561369864,0.02,399,4,156
dbpedia-entity,rr,20,0.02,weighted_cv,112,1656,1002,0,0,0.0,0.05555217150147176,0.07104870635329945,0.051100704561369864,0.02,399,4,156
dbpedia-entity,rr,20,0.02,active_cv,112,1602,1002,1,0,0.0,0.06574872653532175,0.07104870635329945,0.051100704561369864,0.02,399,4,156
dbpedia-entity,rr,20,0.02,weighted_cvl,112,1589,1002,1,0,0.0,0.059909305205340636,0.07104870635329945,0.051100704561369864,0.02,399,4,156
dbpedia-entity,rr,20,0.02,uniform,113,1640,1046,0,0,0.0,0.2705635004815135,0.10122520485613411,0.03171071137995254,0.02,399,4,156
dbpedia-entity,rr,20,0.02,uniform_nz,113,1660,1046,0,0,0.0,0.13786758997891335,0.10122520485613411,0.03171071137995254,0.02,399,4,156
dbpedia-entity,rr,20,0.02,weighted,113,1648,1046,0,0,0.0,0.10122520485613411,0.10122520485613411,0.03171071137995254,0.02,399,4,156
dbpedia-entity,rr,20,0.02,active_judge,113,1697,1046,0,0,0.0,0.2718645266585791,0.10122520485613411,0.03171071137995254,0.02,399,4,156
dbpedia-entity,rr,20,0.02,strat_pilot,113,1642,1046,0,0,0.0,0.10127410133200451,0.10122520485613411,0.03171071137995254,0.02,399,4,156
dbpedia-entity,rr,20,0.02,weighted_cv,113,1701,1046,0,0,0.0,0.06744404518477962,0.10122520485613411,0.03171071137995254,0.02,399,4,156
dbpedia-entity,rr,20,0.02,active_cv,113,1730,1046,0,0,0.0,0.12682867854393814,0.10122520485613411,0.03171071137995254,0.02,399,4,156
dbpedia-entity,rr,20,0.02,weighted_cvl,113,1665,1046,0,0,0.0,0.05747716396807775,0.10122520485613411,0.03171071137995254,0.02,399,4,156
dbpedia-entity,rr,20,0.02,uniform,114,1641,1015,1,0,0.0,0.16152863113723726,0.08148316053556492,0.047417694934799026,0.02,399,4,156
dbpedia-entity,rr,20,0.02,uniform_nz,114,1607,1015,0,0,0.0,0.09877583348773467,0.08148316053556492,0.047417694934799026,0.02,399,4,156
dbpedia-entity,rr,20,0.02,weighted,114,1629,1015,0,0,0.0,0.08148316053556492,0.08148316053556492,0.047417694934799026,0.02,399,4,156
dbpedia-entity,rr,20,0.02,active_judge,114,1607,1015,0,0,0.0,0.20025063246288405,0.08148316053556492,0.047417694934799026,0.02,399,4,156
dbpedia-entity,rr,20,0.02,strat_pilot,114,1649,1015,0,0,0.0,0.0812064513688007,0.08148316053556492,0.047417694934799026,0.02,399,4,156
dbpedia-entity,rr,20,0.02,weighted_cv,114,1662,1015,0,0,0.0,0.07925137425792976,0.08148316053556492,0.047417694934799026,0.02,399,4,156
dbpedia-entity,rr,20,0.02,active_cv,114,1650,1015,1,0,0.0,0.11316741469306175,0.08148316053556492,0.047417694934799026,0.02,399,4,156
dbpedia-entity,rr,20,0.02,weighted_cvl,114,1650,1015,0,0,0.0,0.06315717681069803,0.08148316053556492,0.047417694934799026,0.02,399,4,156
dbpedia-entity,rr,20,0.02,uniform,115,1641,1023,0,0,0.0,0.13931706391826207,0.05720729113209701,0.0638736902969303,0.02,399,4,156
dbpedia-entity,rr,20,0.02,uniform_nz,115,1679,1023,0,0,0.0,0.07922279007909064,0.05720729113209701,0.0638736902969303,0.02,399,4,156
dbpedia-entity,rr,20,0.02,weighted,115,1630,1023,0,0,0.0,0.05720729113209701,0.05720729113209701,0.0638736902969303,0.02,399,4,156
dbpedia-entity,rr,20,0.02,active_judge,115,1647,1023,1,0,0.0,0.13940424672372523,0.05720729113209701,0.0638736902969303,0.02,399,4,156
dbpedia-entity,rr,20,0.02,strat_pilot,115,1635,1023,0,0,0.0,0.0569648696487197,0.05720729113209701,0.0638736902969303,0.02,399,4,156
dbpedia-entity,rr,20,0.02,weighted_cv,115,1646,1023,0,0,0.0,0.06885539350118289,0.05720729113209701,0.0638736902969303,0.02,399,4,156
dbpedia-entity,rr,20,0.02,active_cv,115,1651,1023,0,0,0.0,0.09954155611627771,0.05720729113209701,0.0638736902969303,0.02,399,4,156
dbpedia-entity,rr,20,0.02,weighted_cvl,115,1646,1023,0,0,0.0,0.04153235263248326,0.05720729113209701,0.0638736902969303,0.02,399,4,156
dbpedia-entity,rr,20,0.02,uniform,116,1733,1125,0,0,0.0,0.1914476929834315,0.07924882440765257,0.08146544653317098,0.02,399,4,156
dbpedia-entity,rr,20,0.02,uniform_nz,116,1750,1125,0,0,0.0,0.09328216789251591,0.07924882440765257,0.08146544653317098,0.02,399,4,156
dbpedia-entity,rr,20,0.02,weighted,116,1705,1125,0,0,0.0,0.07924882440765257,0.07924882440765257,0.08146544653317098,0.02,399,4,156
dbpedia-entity,rr,20,0.02,active_judge,116,1749,1125,0,0,0.0,0.19905870644210572,0.07924882440765257,0.08146544653317098,0.02,399,4,156
dbpedia-entity,rr,20,0.02,strat_pilot,116,1734,1125,0,0,0.0,0.07931992247280209,0.07924882440765257,0.08146544653317098,0.02,399,4,156
dbpedia-entity,rr,20,0.02,weighted_cv,116,1759,1125,0,0,0.0,0.04544959231278622,0.07924882440765257,0.08146544653317098,0.02,399,4,156
dbpedia-entity,rr,20,0.02,active_cv,116,1740,1125,1,0,0.0,0.05463474887029035,0.07924882440765257,0.08146544653317098,0.02,399,4,156
dbpedia-entity,rr,20,0.02,weighted_cvl,116,1759,1125,0,0,0.0,0.04119326679840493,0.07924882440765257,0.08146544653317098,0.02,399,4,156
dbpedia-entity,rr,20,0.02,uniform,117,1649,1024,0,0,0.0,0.19731077997646335,0.0771306897272855,0.06676798928579113,0.02,399,4,156
dbpedia-entity,rr,20,0.02,uniform_nz,117,1677,1024,1,0,0.0,0.12154554538362752,0.0771306897272855,0.06676798928579113,0.02,399,4,156
dbpedia-entity,rr,20,0.02,weighted,117,1653,1024,0,0,0.0,0.0771306897272855,0.0771306897272855,0.06676798928579113,0.02,399,4,156
dbpedia-entity,rr,20,0.02,active_judge,117,1633,1024,0,0,0.0,0.21934042027596773,0.0771306897272855,0.06676798928579113,0.02,399,4,156
dbpedia-entity,rr,20,0.02,strat_pilot,117,1642,1024,0,0,0.0,0.07677095524474069,0.0771306897272855,0.06676798928579113,0.02,399,4,156
dbpedia-entity,rr,20,0.02,weighted_cv,117,1681,1024,1,0,0.0,0.07542774997561937,0.0771306897272855,0.06676798928579113,0.02,399,4,156
dbpedia-entity,rr,20,0.02,active_cv,117,1645,1024,0,0,0.0,0.10593569858795204,0.0771306897272855,0.06676798928579113,0.02,399,4,156
dbpedia-entity,rr,20,0.02,weighted_cvl,117,1664,1024,1,0,0.0,0.053586601681201815,0.0771306897272855,0.06676798928579113,0.02,399,4,156
dbpedia-entity,rr,20,0.02,uniform,118,1465,1025,0,0,0.0,0.16269812544422446,0.0406802626457187,0.034613709079338355,0.02,399,4,111
dbpedia-entity,rr,20,0.02,uniform_nz,118,1455,1025,0,0,0.0,0.06038893682871499,0.0406802626457187,0.034613709079338355,0.02,399,4,111
dbpedia-entity,rr,20,0.02,weighted,118,1489,1025,0,0,0.0,0.0406802626457187,0.0406802626457187,0.034613709079338355,0.02,399,4,111
dbpedia-entity,rr,20,0.02,active_judge,118,1462,1025,0,0,0.0,0.09766920789469005,0.0406802626457187,0.034613709079338355,0.02,399,4,111
dbpedia-entity,rr,20,0.02,strat_pilot,118,1469,1025,1,0,0.0,0.04049010201007969,0.0406802626457187,0.034613709079338355,0.02,399,4,111
dbpedia-entity,rr,20,0.02,weighted_cv,118,1492,1025,0,0,0.0,0.051794352867858474,0.0406802626457187,0.034613709079338355,0.02,399,4,111
dbpedia-entity,rr,20,0.02,active_cv,118,1483,1025,0,0,0.0,0.05995026579818411,0.0406802626457187,0.034613709079338355,0.02,399,4,111
dbpedia-entity,rr,20,0.02,weighted_cvl,118,1456,1025,0,0,0.0,0.02676323392661,0.0406802626457187,0.034613709079338355,0.02,399,4,111
dbpedia-entity,rr,20,0.02,uniform,119,1462,1036,0,0,0.0,0.14456596424469323,0.04478551724128562,0.04628623770987516,0.02,399,4,111
dbpedia-entity,rr,20,0.02,uniform_nz,119,1471,1036,1,0,0.0,0.04868644307088695,0.04478551724128562,0.04628623770987516,0.02,399,4,111
dbpedia-entity,rr,20,0.02,weighted,119,1483,1036,0,0,0.0,0.04478551724128562,0.04478551724128562,0.04628623770987516,0.02,399,4,111
dbpedia-entity,rr,20,0.02,active_judge,119,1463,1036,1,0,0.0,0.13632498223735187,0.04478551724128562,0.04628623770987516,0.02,399,4,111
dbpedia-entity,rr,20,0.02,strat_pilot,119,1491,1036,0,0,0.0,0.044845931957274945,0.04478551724128562,0.04628623770987516,0.02,399,4,111
dbpedia-entity,rr,20,0.02,weighted_cv,119,1470,1036,1,0,0.0,0.05033720023938043,0.04478551724128562,0.04628623770987516,0.02,399,4,111
dbpedia-entity,rr,20,0.02,active_cv,119,1466,1036,0,0,0.0,0.07877214855133138,0.04478551724128562,0.04628623770987516,0.02,399,4,111
dbpedia-entity,rr,20,0.02,weighted_cvl,119,1457,1036,1,0,0.0,0.03107147641513855,0.04478551724128562,0.04628623770987516,0.02,399,4,111
dbpedia-entity,rr,20,0.02,uniform,120,1583,958,0,0,0.0,0.1522022284983704,0.07635738301598388,0.03956405352296852,0.02,399,4,156
dbpedia-entity,rr,20,0.02,uniform_nz,120,1581,958,0,0,0.0,0.08968870418002058,0.07635738301598388,0.03956405352296852,0.02,399,4,156
dbpedia-entity,rr,20,0.02,weighted,120,1592,958,0,0,0.0,0.07635738301598388,0.07635738301598388,0.03956405352296852,0.02,399,4,156
dbpedia-entity,rr,20,0.02,active_judge,120,1568,958,0,0,0.0,0.16407961111993954,0.07635738301598388,0.03956405352296852,0.02,399,4,156
dbpedia-entity,rr,20,0.02,strat_pilot,120,1615,958,0,0,0.0,0.0764176593972399,0.07635738301598388,0.03956405352296852,0.02,399,4,156
dbpedia-entity,rr,20,0.02,weighted_cv,120,1552,958,0,0,0.0,0.040963804378167636,0.07635738301598388,0.03956405352296852,0.02,399,4,156
dbpedia-entity,rr,20,0.02,active_cv,120,1575,958,0,0,0.0,0.05072618534799991,0.07635738301598388,0.03956405352296852,0.02,399,4,156
dbpedia-entity,rr,20,0.02,weighted_cvl,120,1545,958,0,0,0.0,0.0360368924182595,0.07635738301598388,0.03956405352296852,0.02,399,4,156
dbpedia-entity,rr,20,0.02,uniform,121,1627,1019,0,0,0.019452385011947515,0.24954612770980864,0.09285945388448655,0.019859801739565797,0.0005476149880524854,399,4,156
dbpedia-entity,rr,20,0.02,uniform_nz,121,1637,1019,0,0,0.019452385011947515,0.132978236672171,0.09285945388448655,0.019859801739565797,0.0005476149880524854,399,4,156
dbpedia-entity,rr,20,0.02,weighted,121,1645,1019,0,0,0.019452385011947515,0.09285945388448655,0.09285945388448655,0.019859801739565797,0.0005476149880524854,399,4,156
dbpedia-entity,rr,20,0.02,active_judge,121,1654,1019,0,0,0.019452385011947515,0.17332355283463585,0.09285945388448655,0.019859801739565797,0.0005476149880524854,399,4,156
dbpedia-entity,rr,20,0.02,strat_pilot,121,1630,1019,0,0,0.019452385011947515,0.09295102079925051,0.09285945388448655,0.019859801739565797,0.0005476149880524854,399,4,156
dbpedia-entity,rr,20,0.02,weighted_cv,121,1643,1019,0,0,0.019452385011947515,0.07603219106597499,0.09285945388448655,0.019859801739565797,0.0005476149880524854,399,4,156
dbpedia-entity,rr,20,0.02,active_cv,121,1667,1019,0,0,0.019452385011947515,0.09315562230882199,0.09285945388448655,0.019859801739565797,0.0005476149880524854,399,4,156
dbpedia-entity,rr,20,0.02,weighted_cvl,121,1624,1019,0,0,0.019452385011947515,0.07280008183636809,0.09285945388448655,0.019859801739565797,0.0005476149880524854,399,4,156
dbpedia-entity,rr,20,0.02,uniform,122,1435,1030,1,0,0.00805652741959828,0.24268875484987315,0.08047880914621994,0.026720604041491777,0.01194347258040172,399,4,112
dbpedia-entity,rr,20,0.02,uniform_nz,122,1478,1030,0,0,0.00805652741959828,0.09085535254959942,0.08047880914621994,0.026720604041491777,0.01194347258040172,399,4,112
dbpedia-entity,rr,20,0.02,weighted,122,1459,1030,0,0,0.00805652741959828,0.08047880914621994,0.08047880914621994,0.026720604041491777,0.01194347258040172,399,4,112
dbpedia-entity,rr,20,0.02,active_judge,122,1484,1030,0,0,0.00805652741959828,0.21144431818541837,0.08047880914621994,0.026720604041491777,0.01194347258040172,399,4,112
dbpedia-entity,rr,20,0.02,strat_pilot,122,1464,1030,0,0,0.00805652741959828,0.08036166196187242,0.08047880914621994,0.026720604041491777,0.01194347258040172,399,4,112
dbpedia-entity,rr,20,0.02,weighted_cv,122,1445,1030,0,0,0.00805652741959828,0.07503378728743607,0.08047880914621994,0.026720604041491777,0.01194347258040172,399,4,112
dbpedia-entity,rr,20,0.02,active_cv,122,1447,1030,0,0,0.00805652741959828,0.11543798575373394,0.08047880914621994,0.026720604041491777,0.01194347258040172,399,4,112
dbpedia-entity,rr,20,0.02,weighted_cvl,122,1464,1030,0,0,0.00805652741959828,0.04533219944617931,0.08047880914621994,0.026720604041491777,0.01194347258040172,399,4,112
dbpedia-entity,rr,20,0.02,uniform,123,1685,1117,0,0,0.0,0.21390944701357392,0.09459529313010624,0.031675149301400876,0.02,399,4,156
dbpedia-entity,rr,20,0.02,uniform_nz,123,1743,1117,0,0,0.0,0.12443696386515861,0.09459529313010624,0.031675149301400876,0.02,399,4,156
dbpedia-entity,rr,20,0.02,weighted,123,1763,1117,0,0,0.0,0.09459529313010624,0.09459529313010624,0.031675149301400876,0.02,399,4,156
dbpedia-entity,rr,20,0.02,active_judge,123,1767,1117,0,0,0.0,0.17641423139039633,0.09459529313010624,0.031675149301400876,0.02,399,4,156
dbpedia-entity,rr,20,0.02,strat_pilot,123,1750,1117,0,0,0.0,0.09466682597311518,0.09459529313010624,0.031675149301400876,0.02,399,4,156
dbpedia-entity,rr,20,0.02,weighted_cv,123,1774,1117,0,0,0.0,0.050982833750702325,0.09459529313010624,0.031675149301400876,0.02,399,4,156
dbpedia-entity,rr,20,0.02,active_cv,123,1713,1117,0,0,0.0,0.06168864277545523,0.09459529313010624,0.031675149301400876,0.02,399,4,156
dbpedia-entity,rr,20,0.02,weighted_cvl,123,1721,1117,0,0,0.0,0.04811846275875542,0.09459529313010624,0.031675149301400876,0.02,399,4,156
dbpedia-entity,rr,20,0.02,uniform,124,1725,1073,0,0,0.0047485555857254,0.1408087699347678,0.07765424587769276,0.05102194115544189,0.0152514444142746,399,4,156
dbpedia-entity,rr,20,0.02,uniform_nz,124,1706,1073,0,0,0.0047485555857254,0.08873363661036218,0.07765424587769276,0.05102194115544189,0.0152514444142746,399,4,156
dbpedia-entity,rr,20,0.02,weighted,124,1697,1073,0,0,0.0047485555857254,0.07765424587769276,0.07765424587769276,0.05102194115544189,0.0152514444142746,399,4,156
dbpedia-entity,rr,20,0.02,active_judge,124,1673,1073,0,0,0.0047485555857254,0.1491252129764434,0.07765424587769276,0.05102194115544189,0.0152514444142746,399,4,156
dbpedia-entity,rr,20,0.02,strat_pilot,124,1689,1073,0,0,0.0047485555857254,0.07779831682240004,0.07765424587769276,0.05102194115544189,0.0152514444142746,399,4,156
dbpedia-entity,rr,20,0.02,weighted_cv,124,1700,1073,1,0,0.0047485555857254,0.05769690843797413,0.07765424587769276,0.05102194115544189,0.0152514444142746,399,4,156
dbpedia-entity,rr,20,0.02,active_cv,124,1720,1073,0,0,0.0047485555857254,0.07981124363291973,0.07765424587769276,0.05102194115544189,0.0152514444142746,399,4,156
dbpedia-entity,rr,20,0.02,weighted_cvl,124,1716,1073,0,0,0.0047485555857254,0.0685596710706325,0.07765424587769276,0.05102194115544189,0.0152514444142746,399,4,156
dbpedia-entity,rr,20,0.02,uniform,125,1635,1008,0,0,0.0,0.20453092990447247,0.09041589914733622,0.051630290150026986,0.02,399,4,156
dbpedia-entity,rr,20,0.02,uniform_nz,125,1626,1008,0,0,0.0,0.1194345698126685,0.09041589914733622,0.051630290150026986,0.02,399,4,156
dbpedia-entity,rr,20,0.02,weighted,125,1639,1008,1,0,0.0,0.09041589914733622,0.09041589914733622,0.051630290150026986,0.02,399,4,156
dbpedia-entity,rr,20,0.02,active_judge,125,1629,1008,0,0,0.0,0.2444023928026478,0.09041589914733622,0.051630290150026986,0.02,399,4,156
dbpedia-entity,rr,20,0.02,strat_pilot,125,1653,1008,1,0,0.0,0.09042195352732077,0.09041589914733622,0.051630290150026986,0.02,399,4,156
dbpedia-entity,rr,20,0.02,weighted_cv,125,1636,1008,1,0,0.0,0.08785675621456839,0.09041589914733622,0.051630290150026986,0.02,399,4,156
dbpedia-entity,rr,20,0.02,active_cv,125,1636,1008,1,0,0.0,0.15637403489672977,0.09041589914733622,0.051630290150026986,0.02,399,4,156
dbpedia-entity,rr,20,0.02,weighted_cvl,125,1671,1008,1,0,0.0,0.05892998627555292,0.09041589914733622,0.051630290150026986,0.02,399,4,156
dbpedia-entity,rr,20,0.02,uniform,126,1688,1075,0,0,0.0,0.3054844263842094,0.11320850410664621,0.031074622284980348,0.02,399,4,156
dbpedia-entity,rr,20,0.02,uniform_nz,126,1691,1075,0,0,0.0,0.16821790044680124,0.11320850410664621,0.031074622284980348,0.02,399,4,156
dbpedia-entity,rr,20,0.02,weighted,126,1703,1075,1,0,0.0,0.11320850410664621,0.11320850410664621,0.031074622284980348,0.02,399,4,156
dbpedia-entity,rr,20,0.02,active_judge,126,1708,1075,0,0,0.0,0.28812200039332997,0.11320850410664621,0.031074622284980348,0.02,399,4,156
dbpedia-entity,rr,20,0.02,strat_pilot,126,1677,1075,1,0,0.0,0.11333494593493354,0.11320850410664621,0.031074622284980348,0.02,399,4,156
dbpedia-entity,rr,20,0.02,weighted_cv,126,1681,1075,0,0,0.0,0.0669158346828648,0.11320850410664621,0.031074622284980348,0.02,399,4,156
dbpedia-entity,rr,20,0.02,active_cv,126,1724,1075,0,0,0.0,0.11627748635127796,0.11320850410664621,0.031074622284980348,0.02,399,4,156
dbpedia-entity,rr,20,0.02,weighted_cvl,126,1672,1075,0,0,0.0,0.052442561758402485,0.11320850410664621,0.031074622284980348,0.02,399,4,156
dbpedia-entity,rr,20,0.02,uniform,127,1333,986,0,0,0.0,1.1046089626782325,0.07896279292219999,0.16528290745202512,0.02,399,4,90
dbpedia-entity,rr,20,0.02,uniform_nz,127,1371,986,0,0,0.0,0.20807603271510366,0.07896279292219999,0.16528290745202512,0.02,399,4,90
dbpedia-entity,rr,20,0.02,weighted,127,1347,986,1,0,0.0,0.07896279292219999,0.07896279292219999,0.16528290745202512,0.02,399,4,90
dbpedia-entity,rr,20,0.02,active_judge,127,1339,986,0,0,0.0,0.39484775185657006,0.07896279292219999,0.16528290745202512,0.02,399,4,90
dbpedia-entity,rr,20,0.02,strat_pilot,127,1334,986,0,0,0.0,0.07839089626624224,0.07896279292219999,0.16528290745202512,0.02,399,4,90
dbpedia-entity,rr,20,0.02,weighted_cv,127,1310,986,1,0,0.0,0.059818171716251825,0.07896279292219999,0.16528290745202512,0.02,399,4,90
dbpedia-entity,rr,20,0.02,active_cv,127,1353,986,0,0,0.0,0.15923273764860246,0.07896279292219999,0.16528290745202512,0.02,399,4,90
dbpedia-entity,rr,20,0.02,weighted_cvl,127,1327,986,1,0,0.0,0.04117429757596844,0.07896279292219999,0.16528290745202512,0.02,399,4,90
dbpedia-entity,rr,20,0.02,uniform,128,1644,995,0,0,0.0011817496583804155,0.11378009648354093,0.06588123124924508,0.03443833843357737,0.018818250341619585,399,4,156
dbpedia-entity,rr,20,0.02,uniform_nz,128,1644,995,0,0,0.0011817496583804155,0.072816133573636,0.06588123124924508,0.03443833843357737,0.018818250341619585,399,4,156
dbpedia-entity,rr,20,0.02,weighted,128,1649,995,1,0,0.0011817496583804155,0.06588123124924508,0.06588123124924508,0.03443833843357737,0.018818250341619585,399,4,156
dbpedia-entity,rr,20,0.02,active_judge,128,1615,995,0,0,0.0011817496583804155,0.16636789903397944,0.06588123124924508,0.03443833843357737,0.018818250341619585,399,4,156
dbpedia-entity,rr,20,0.02,strat_pilot,128,1642,995,0,0,0.0011817496583804155,0.06581996620639581,0.06588123124924508,0.03443833843357737,0.018818250341619585,399,4,156
dbpedia-entity,rr,20,0.02,weighted_cv,128,1626,995,0,0,0.0011817496583804155,0.05771869217950267,0.06588123124924508,0.03443833843357737,0.018818250341619585,399,4,156
dbpedia-entity,rr,20,0.02,active_cv,128,1616,995,0,0,0.0011817496583804155,0.07418646496896608,0.06588123124924508,0.03443833843357737,0.018818250341619585,399,4,156
dbpedia-entity,rr,20,0.02,weighted_cvl,128,1606,995,0,0,0.0011817496583804155,0.036778583885623925,0.06588123124924508,0.03443833843357737,0.018818250341619585,399,4,156
dbpedia-entity,rr,20,0.02,uniform,129,1490,1038,0,0,0.0,0.14012718790586828,0.05461262209119553,0.0529177960197697,0.02,399,4,111
dbpedia-entity,rr,20,0.02,uniform_nz,129,1468,1038,0,0,0.0,0.05895793892319301,0.05461262209119553,0.0529177960197697,0.02,399,4,111
dbpedia-entity,rr,20,0.02,weighted,129,1472,1038,0,0,0.0,0.05461262209119553,0.05461262209119553,0.0529177960197697,0.02,399,4,111
dbpedia-entity,rr,20,0.02,active_judge,129,1482,1038,0,0,0.0,0.1642387772085238,0.05461262209119553,0.0529177960197697,0.02,399,4,111
dbpedia-entity,rr,20,0.02,strat_pilot,129,1487,1038,0,0,0.0,0.054568223410894644,0.05461262209119553,0.0529177960197697,0.02,399,4,111
dbpedia-entity,rr,20,0.02,weighted_cv,129,1486,1038,0,0,0.0,0.05123580720633762,0.05461262209119553,0.0529177960197697,0.02,399,4,111
dbpedia-entity,rr,20,0.02,active_cv,129,1469,1038,0,0,0.0,0.08230873884999039,0.05461262209119553,0.0529177960197697,0.02,399,4,111
dbpedia-entity,rr,20,0.02,weighted_cvl,129,1497,1038,0,0,0.0,0.04276518621101015,0.05461262209119553,0.0529177960197697,0.02,399,4,111
dbpedia-entity,rr,20,0.02,uniform,130,1656,1074,0,0,0.0,0.12679790299239796,0.06728851411926896,0.0495187559625478,0.02,399,4,156
dbpedia-entity,rr,20,0.02,uniform_nz,130,1691,1074,0,0,0.0,0.07622169619146757,0.06728851411926896,0.0495187559625478,0.02,399,4,156
dbpedia-entity,rr,20,0.02,weighted,130,1703,1074,0,0,0.0,0.06728851411926896,0.06728851411926896,0.0495187559625478,0.02,399,4,156
dbpedia-entity,rr,20,0.02,active_judge,130,1674,1074,0,0,0.0,0.14106080878792746,0.06728851411926896,0.0495187559625478,0.02,399,4,156
dbpedia-entity,rr,20,0.02,strat_pilot,130,1709,1074,1,0,0.0,0.06729520752191512,0.06728851411926896,0.0495187559625478,0.02,399,4,156
dbpedia-entity,rr,20,0.02,weighted_cv,130,1707,1074,0,0,0.0,0.04723237629945155,0.06728851411926896,0.0495187559625478,0.02,399,4,156
dbpedia-entity,rr,20,0.02,active_cv,130,1688,1074,0,0,0.0,0.05966697653977386,0.06728851411926896,0.0495187559625478,0.02,399,4,156
dbpedia-entity,rr,20,0.02,weighted_cvl,130,1703,1074,1,0,0.0,0.057064217520966666,0.06728851411926896,0.0495187559625478,0.02,399,4,156
dbpedia-entity,rr,20,0.02,uniform,131,1744,1104,0,0,0.0,0.1251478811479941,0.055090883471302664,0.04166547498049046,0.02,399,4,156
dbpedia-entity,rr,20,0.02,uniform_nz,131,1704,1104,0,0,0.0,0.06135143193473699,0.055090883471302664,0.04166547498049046,0.02,399,4,156
dbpedia-entity,rr,20,0.02,weighted,131,1766,1104,1,0,0.0,0.055090883471302664,0.055090883471302664,0.04166547498049046,0.02,399,4,156
dbpedia-entity,rr,20,0.02,active_judge,131,1695,1104,1,0,0.0,0.12195059210450701,0.055090883471302664,0.04166547498049046,0.02,399,4,156
dbpedia-entity,rr,20,0.02,strat_pilot,131,1725,1104,0,0,0.0,0.05517775695241474,0.055090883471302664,0.04166547498049046,0.02,399,4,156
dbpedia-entity,rr,20,0.02,weighted_cv,131,1728,1104,0,0,0.0,0.04168322341456132,0.055090883471302664,0.04166547498049046,0.02,399,4,156
dbpedia-entity,rr,20,0.02,active_cv,131,1730,1104,0,0,0.0,0.048711288791049245,0.055090883471302664,0.04166547498049046,0.02,399,4,156
dbpedia-entity,rr,20,0.02,weighted_cvl,131,1694,1104,0,0,0.0,0.038405401826394375,0.055090883471302664,0.04166547498049046,0.02,399,4,156
dbpedia-entity,rr,20,0.02,uniform,132,1668,1034,0,0,0.0,0.12780561083993294,0.06725936660823616,0.05010317637898985,0.02,399,4,156
dbpedia-entity,rr,20,0.02,uniform_nz,132,1678,1034,0,0,0.0,0.07963821097354633,0.06725936660823616,0.05010317637898985,0.02,399,4,156
dbpedia-entity,rr,20,0.02,weighted,132,1705,1034,0,0,0.0,0.06725936660823616,0.06725936660823616,0.05010317637898985,0.02,399,4,156
dbpedia-entity,rr,20,0.02,active_judge,132,1649,1034,0,0,0.0,0.14279485268634562,0.06725936660823616,0.05010317637898985,0.02,399,4,156
dbpedia-entity,rr,20,0.02,strat_pilot,132,1664,1034,0,0,0.0,0.06705428469051142,0.06725936660823616,0.05010317637898985,0.02,399,4,156
dbpedia-entity,rr,20,0.02,weighted_cv,132,1662,1034,0,0,0.0,0.060203867472318165,0.06725936660823616,0.05010317637898985,0.02,399,4,156
dbpedia-entity,rr,20,0.02,active_cv,132,1639,1034,0,0,0.0,0.07376203251703761,0.06725936660823616,0.05010317637898985,0.02,399,4,156
dbpedia-entity,rr,20,0.02,weighted_cvl,132,1673,1034,0,0,0.0,0.038095853386962926,0.06725936660823616,0.05010317637898985,0.02,399,4,156
dbpedia-entity,rr,20,0.02,uniform,133,1745,1134,1,0,0.0,0.23497192803677,0.10014890274833091,0.06834392468379853,0.02,399,4,156
dbpedia-entity,rr,20,0.02,uniform_nz,133,1753,1134,0,0,0.0,0.12610675222251638,0.10014890274833091,0.06834392468379853,0.02,399,4,156
dbpedia-entity,rr,20,0.02,weighted,133,1733,1134,1,0,0.0,0.10014890274833091,0.10014890274833091,0.06834392468379853,0.02,399,4,156
dbpedia-entity,rr,20,0.02,active_judge,133,1765,1134,0,0,0.0,0.20471982958345855,0.10014890274833091,0.06834392468379853,0.02,399,4,156
dbpedia-entity,rr,20,0.02,strat_pilot,133,1731,1134,1,0,0.0,0.10011205777726676,0.10014890274833091,0.06834392468379853,0.02,399,4,156
dbpedia-entity,rr,20,0.02,weighted_cv,133,1725,1134,1,0,0.0,0.08141893345721138,0.10014890274833091,0.06834392468379853,0.02,399,4,156
dbpedia-entity,rr,20,0.02,active_cv,133,1752,1134,1,0,0.0,0.10995697196361953,0.10014890274833091,0.06834392468379853,0.02,399,4,156
dbpedia-entity,rr,20,0.02,weighted_cvl,133,1723,1134,1,0,0.0,0.07118373770025135,0.10014890274833091,0.06834392468379853,0.02,399,4,156
dbpedia-entity,rr,20,0.02,uniform,134,1597,1005,0,0,0.011426474067520731,0.18840657485059845,0.08081554911453527,0.026501279473280695,0.00857352593247927,399,4,156
dbpedia-entity,rr,20,0.02,uniform_nz,134,1646,1005,0,0,0.011426474067520731,0.11255735874177022,0.08081554911453527,0.026501279473280695,0.00857352593247927,399,4,156
dbpedia-entity,rr,20,0.02,weighted,134,1602,1005,0,0,0.011426474067520731,0.08081554911453527,0.08081554911453527,0.026501279473280695,0.00857352593247927,399,4,156
dbpedia-entity,rr,20,0.02,active_judge,134,1682,1005,0,0,0.011426474067520731,0.21338083025584936,0.08081554911453527,0.026501279473280695,0.00857352593247927,399,4,156
dbpedia-entity,rr,20,0.02,strat_pilot,134,1651,1005,0,0,0.011426474067520731,0.08075568791339374,0.08081554911453527,0.026501279473280695,0.00857352593247927,399,4,156
dbpedia-entity,rr,20,0.02,weighted_cv,134,1625,1005,0,0,0.011426474067520731,0.11228810356249408,0.08081554911453527,0.026501279473280695,0.00857352593247927,399,4,156
dbpedia-entity,rr,20,0.02,active_cv,134,1612,1005,0,0,0.011426474067520731,0.15644209679830318,0.08081554911453527,0.026501279473280695,0.00857352593247927,399,4,156
dbpedia-entity,rr,20,0.02,weighted_cvl,134,1663,1005,0,0,0.011426474067520731,0.05302244427357541,0.08081554911453527,0.026501279473280695,0.00857352593247927,399,4,156
dbpedia-entity,rr,20,0.02,uniform,135,1622,975,0,0,0.0021950892337572747,0.24533871784536218,0.09197759924210684,0.0412700460322136,0.017804910766242726,399,4,156
dbpedia-entity,rr,20,0.02,uniform_nz,135,1615,975,0,0,0.0021950892337572747,0.1287388393511395,0.09197759924210684,0.0412700460322136,0.017804910766242726,399,4,156
dbpedia-entity,rr,20,0.02,weighted,135,1595,975,0,0,0.0021950892337572747,0.09197759924210684,0.09197759924210684,0.0412700460322136,0.017804910766242726,399,4,156
dbpedia-entity,rr,20,0.02,active_judge,135,1625,975,0,0,0.0021950892337572747,0.21665330517715206,0.09197759924210684,0.0412700460322136,0.017804910766242726,399,4,156
dbpedia-entity,rr,20,0.02,strat_pilot,135,1598,975,1,0,0.0021950892337572747,0.09199860751883987,0.09197759924210684,0.0412700460322136,0.017804910766242726,399,4,156
dbpedia-entity,rr,20,0.02,weighted_cv,135,1550,975,1,0,0.0021950892337572747,0.06846561869985127,0.09197759924210684,0.0412700460322136,0.017804910766242726,399,4,156
dbpedia-entity,rr,20,0.02,active_cv,135,1559,975,0,0,0.0021950892337572747,0.09816168457487126,0.09197759924210684,0.0412700460322136,0.017804910766242726,399,4,156
dbpedia-entity,rr,20,0.02,weighted_cvl,135,1589,975,1,0,0.0021950892337572747,0.05244845173029718,0.09197759924210684,0.0412700460322136,0.017804910766242726,399,4,156
dbpedia-entity,rr,20,0.02,uniform,136,1468,1008,0,0,0.0,0.1663617323369031,0.06818047520353275,0.06594424655040149,0.02,399,4,111
dbpedia-entity,rr,20,0.02,uniform_nz,136,1449,1008,1,0,0.0,0.08947130897604312,0.06818047520353275,0.06594424655040149,0.02,399,4,111
dbpedia-entity,rr,20,0.02,weighted,136,1450,1008,1,0,0.0,0.06818047520353275,0.06818047520353275,0.06594424655040149,0.02,399,4,111
dbpedia-entity,rr,20,0.02,active_judge,136,1471,1008,1,0,0.0,0.17685848492838088,0.06818047520353275,0.06594424655040149,0.02,399,4,111
dbpedia-entity,rr,20,0.02,strat_pilot,136,1504,1008,1,0,0.0,0.06774873609868151,0.06818047520353275,0.06594424655040149,0.02,399,4,111
dbpedia-entity,rr,20,0.02,weighted_cv,136,1490,1008,1,0,0.0,0.06824612941824074,0.06818047520353275,0.06594424655040149,0.02,399,4,111
dbpedia-entity,rr,20,0.02,active_cv,136,1442,1008,1,0,0.0,0.11858668366208583,0.06818047520353275,0.06594424655040149,0.02,399,4,111
dbpedia-entity,rr,20,0.02,weighted_cvl,136,1474,1008,1,0,0.0,0.04926335049722839,0.06818047520353275,0.06594424655040149,0.02,399,4,111
dbpedia-entity,rr,20,0.02,uniform,137,1565,983,0,0,0.028345220968858775,0.3072297403291418,0.0821614191579054,0.029399245362480664,-0.008345220968858775,399,4,156
dbpedia-entity,rr,20,0.02,uniform_nz,137,1640,983,0,0,0.028345220968858775,0.17367549265315813,0.0821614191579054,0.029399245362480664,-0.008345220968858775,399,4,156
dbpedia-entity,rr,20,0.02,weighted,137,1598,983,0,0,0.028345220968858775,0.0821614191579054,0.0821614191579054,0.029399245362480664,-0.008345220968858775,399,4,156
dbpedia-entity,rr,20,0.02,active_judge,137,1582,983,0,0,0.028345220968858775,0.22823141804363675,0.0821614191579054,0.029399245362480664,-0.008345220968858775,399,4,156
dbpedia-entity,rr,20,0.02,strat_pilot,137,1612,983,0,0,0.028345220968858775,0.08227209262235954,0.0821614191579054,0.029399245362480664,-0.008345220968858775,399,4,156
dbpedia-entity,rr,20,0.02,weighted_cv,137,1584,983,0,0,0.028345220968858775,0.08822500346857906,0.0821614191579054,0.029399245362480664,-0.008345220968858775,399,4,156
dbpedia-entity,rr,20,0.02,active_cv,137,1596,983,0,0,0.028345220968858775,0.10748313894130535,0.0821614191579054,0.029399245362480664,-0.008345220968858775,399,4,156
dbpedia-entity,rr,20,0.02,weighted_cvl,137,1612,983,0,0,0.028345220968858775,0.04853002910216277,0.0821614191579054,0.029399245362480664,-0.008345220968858775,399,4,156
dbpedia-entity,rr,20,0.02,uniform,138,1660,998,0,0,0.0,0.14919307179773247,0.06952356759709746,0.02433787832394642,0.02,399,4,156
dbpedia-entity,rr,20,0.02,uniform_nz,138,1657,998,0,0,0.0,0.08053573089894195,0.06952356759709746,0.02433787832394642,0.02,399,4,156
dbpedia-entity,rr,20,0.02,weighted,138,1670,998,1,0,0.0,0.06952356759709746,0.06952356759709746,0.02433787832394642,0.02,399,4,156
dbpedia-entity,rr,20,0.02,active_judge,138,1643,998,0,0,0.0,0.14702935471875225,0.06952356759709746,0.02433787832394642,0.02,399,4,156
dbpedia-entity,rr,20,0.02,strat_pilot,138,1630,998,1,0,0.0,0.06963361694114739,0.06952356759709746,0.02433787832394642,0.02,399,4,156
dbpedia-entity,rr,20,0.02,weighted_cv,138,1664,998,0,0,0.0,0.05432510643744158,0.06952356759709746,0.02433787832394642,0.02,399,4,156
dbpedia-entity,rr,20,0.02,active_cv,138,1608,998,0,0,0.0,0.08664362710652287,0.06952356759709746,0.02433787832394642,0.02,399,4,156
dbpedia-entity,rr,20,0.02,weighted_cvl,138,1617,998,1,0,0.0,0.05145557620700062,0.06952356759709746,0.02433787832394642,0.02,399,4,156
dbpedia-entity,rr,20,0.02,uniform,139,1362,979,0,0,0.0,0.5916146575276633,0.03346489019905855,0.038634479865567506,0.02,399,4,96
dbpedia-entity,rr,20,0.02,uniform_nz,139,1387,979,0,0,0.0,0.15072271964032427,0.03346489019905855,0.038634479865567506,0.02,399,4,96
dbpedia-entity,rr,20,0.02,weighted,139,1380,979,0,0,0.0,0.03346489019905855,0.03346489019905855,0.038634479865567506,0.02,399,4,96
dbpedia-entity,rr,20,0.02,active_judge,139,1380,979,0,0,0.0,0.29239518189085534,0.03346489019905855,0.038634479865567506,0.02,399,4,96
dbpedia-entity,rr,20,0.02,strat_pilot,139,1354,979,0,0,0.0,0.03337717286193479,0.03346489019905855,0.038634479865567506,0.02,399,4,96
dbpedia-entity,rr,20,0.02,weighted_cv,139,1348,979,0,0,0.0,0.03613361708038708,0.03346489019905855,0.038634479865567506,0.02,399,4,96
dbpedia-entity,rr,20,0.02,active_cv,139,1344,979,0,0,0.0,0.04556504973185517,0.03346489019905855,0.038634479865567506,0.02,399,4,96
dbpedia-entity,rr,20,0.02,weighted_cvl,139,1374,979,1,0,0.0,0.02685530033992877,0.03346489019905855,0.038634479865567506,0.02,399,4,96
dbpedia-entity,rr,20,0.02,uniform,140,1680,1098,1,0,0.0,0.2924910914942056,0.09985205008059977,0.038438123583819275,0.02,399,4,156
dbpedia-entity,rr,20,0.02,uniform_nz,140,1751,1098,0,0,0.0,0.14180576803490172,0.09985205008059977,0.038438123583819275,0.02,399,4,156
dbpedia-entity,rr,20,0.02,weighted,140,1731,1098,0,0,0.0,0.09985205008059977,0.09985205008059977,0.038438123583819275,0.02,399,4,156
dbpedia-entity,rr,20,0.02,active_judge,140,1703,1098,0,0,0.0,0.22927182230442286,0.09985205008059977,0.038438123583819275,0.02,399,4,156
dbpedia-entity,rr,20,0.02,strat_pilot,140,1680,1098,0,0,0.0,0.09992213926166034,0.09985205008059977,0.038438123583819275,0.02,399,4,156
dbpedia-entity,rr,20,0.02,weighted_cv,140,1743,1098,1,0,0.0,0.09774638410872763,0.09985205008059977,0.038438123583819275,0.02,399,4,156
dbpedia-entity,rr,20,0.02,active_cv,140,1715,1098,1,0,0.0,0.13995109309468223,0.09985205008059977,0.038438123583819275,0.02,399,4,156
dbpedia-entity,rr,20,0.02,weighted_cvl,140,1737,1098,1,0,0.0,0.08470378749345552,0.09985205008059977,0.038438123583819275,0.02,399,4,156
dbpedia-entity,rr,20,0.02,uniform,141,1560,984,0,0,0.0026802733881089447,0.12321209468094219,0.06199294837519651,0.029842740090401568,0.017319726611891056,399,4,156
dbpedia-entity,rr,20,0.02,uniform_nz,141,1601,984,1,0,0.0026802733881089447,0.07283170890816135,0.06199294837519651,0.029842740090401568,0.017319726611891056,399,4,156
dbpedia-entity,rr,20,0.02,weighted,141,1613,984,1,0,0.0026802733881089447,0.06199294837519651,0.06199294837519651,0.029842740090401568,0.017319726611891056,399,4,156
dbpedia-entity,rr,20,0.02,active_judge,141,1616,984,0,0,0.0026802733881089447,0.1263444143509352,0.06199294837519651,0.029842740090401568,0.017319726611891056,399,4,156
dbpedia-entity,rr,20,0.02,strat_pilot,141,1591,984,0,0,0.0026802733881089447,0.06202295570332571,0.06199294837519651,0.029842740090401568,0.017319726611891056,399,4,156
dbpedia-entity,rr,20,0.02,weighted_cv,141,1608,984,0,0,0.0026802733881089447,0.06108632672686733,0.06199294837519651,0.029842740090401568,0.017319726611891056,399,4,156
dbpedia-entity,rr,20,0.02,active_cv,141,1620,984,0,0,0.0026802733881089447,0.09457231803990454,0.06199294837519651,0.029842740090401568,0.017319726611891056,399,4,156
dbpedia-entity,rr,20,0.02,weighted_cvl,141,1593,984,0,0,0.0026802733881089447,0.04337336780966807,0.06199294837519651,0.029842740090401568,0.017319726611891056,399,4,156
dbpedia-entity,rr,20,0.02,uniform,142,1318,956,0,0,0.0,0.3990427359060865,0.02511398488863293,0.07056760579768169,0.02,399,4,91
dbpedia-entity,rr,20,0.02,uniform_nz,142,1322,956,0,0,0.0,0.09535133558536237,0.02511398488863293,0.07056760579768169,0.02,399,4,91
dbpedia-entity,rr,20,0.02,weighted,142,1321,956,1,0,0.0,0.02511398488863293,0.02511398488863293,0.07056760579768169,0.02,399,4,91
dbpedia-entity,rr,20,0.02,active_judge,142,1320,956,1,0,0.0,0.11504908841702703,0.02511398488863293,0.07056760579768169,0.02,399,4,91
dbpedia-entity,rr,20,0.02,strat_pilot,142,1322,956,0,0,0.0,0.02415891293834172,0.02511398488863293,0.07056760579768169,0.02,399,4,91
dbpedia-entity,rr,20,0.02,weighted_cv,142,1316,956,0,0,0.0,0.055471360045916795,0.02511398488863293,0.07056760579768169,0.02,399,4,91
dbpedia-entity,rr,20,0.02,active_cv,142,1326,956,0,0,0.0,0.08923657037298997,0.02511398488863293,0.07056760579768169,0.02,399,4,91
dbpedia-entity,rr,20,0.02,weighted_cvl,142,1281,956,0,0,0.0,0.04694191658901184,0.02511398488863293,0.07056760579768169,0.02,399,4,91
dbpedia-entity,rr,20,0.02,uniform,143,1645,1043,0,0,0.0,0.16069190096765462,0.0713176782910579,0.027711930461642095,0.02,399,4,156
dbpedia-entity,rr,20,0.02,uniform_nz,143,1662,1043,0,0,0.0,0.0881060263308061,0.0713176782910579,0.027711930461642095,0.02,399,4,156
dbpedia-entity,rr,20,0.02,weighted,143,1635,1043,0,0,0.0,0.0713176782910579,0.0713176782910579,0.027711930461642095,0.02,399,4,156
dbpedia-entity,rr,20,0.02,active_judge,143,1686,1043,1,0,0.0,0.21042971255219706,0.0713176782910579,0.027711930461642095,0.02,399,4,156
dbpedia-entity,rr,20,0.02,strat_pilot,143,1663,1043,1,0,0.0,0.07108195731065169,0.0713176782910579,0.027711930461642095,0.02,399,4,156
dbpedia-entity,rr,20,0.02,weighted_cv,143,1714,1043,0,0,0.0,0.05728821501321217,0.0713176782910579,0.027711930461642095,0.02,399,4,156
dbpedia-entity,rr,20,0.02,active_cv,143,1708,1043,1,0,0.0,0.07684856937769446,0.0713176782910579,0.027711930461642095,0.02,399,4,156
dbpedia-entity,rr,20,0.02,weighted_cvl,143,1675,1043,0,0,0.0,0.04177494592020181,0.0713176782910579,0.027711930461642095,0.02,399,4,156
dbpedia-entity,rr,20,0.02,uniform,144,1604,981,0,0,0.0,0.1424227528623334,0.08372072644869052,0.03683546471775036,0.02,399,4,156
dbpedia-entity,rr,20,0.02,uniform_nz,144,1608,981,0,0,0.0,0.09856126549612318,0.08372072644869052,0.03683546471775036,0.02,399,4,156
dbpedia-entity,rr,20,0.02,weighted,144,1571,981,0,0,0.0,0.08372072644869052,0.08372072644869052,0.03683546471775036,0.02,399,4,156
dbpedia-entity,rr,20,0.02,active_judge,144,1548,981,0,0,0.0,0.18685680142519268,0.08372072644869052,0.03683546471775036,0.02,399,4,156
dbpedia-entity,rr,20,0.02,strat_pilot,144,1574,981,0,0,0.0,0.08367571115975171,0.08372072644869052,0.03683546471775036,0.02,399,4,156
dbpedia-entity,rr,20,0.02,weighted_cv,144,1627,981,0,0,0.0,0.057735484381296755,0.08372072644869052,0.03683546471775036,0.02,399,4,156
dbpedia-entity,rr,20,0.02,active_cv,144,1634,981,0,0,0.0,0.08054311109462435,0.08372072644869052,0.03683546471775036,0.02,399,4,156
dbpedia-entity,rr,20,0.02,weighted_cvl,144,1598,981,0,0,0.0,0.0608326219009212,0.08372072644869052,0.03683546471775036,0.02,399,4,156
dbpedia-entity,rr,20,0.02,uniform,145,1583,974,0,0,0.0,0.19736916508909136,0.08466241764361963,0.021301858463236168,0.02,399,4,156
dbpedia-entity,rr,20,0.02,uniform_nz,145,1594,974,0,0,0.0,0.1300418003078126,0.08466241764361963,0.021301858463236168,0.02,399,4,156
dbpedia-entity,rr,20,0.02,weighted,145,1614,974,0,0,0.0,0.08466241764361963,0.08466241764361963,0.021301858463236168,0.02,399,4,156
dbpedia-entity,rr,20,0.02,active_judge,145,1580,974,0,0,0.0,0.22207859473043082,0.08466241764361963,0.021301858463236168,0.02,399,4,156
dbpedia-entity,rr,20,0.02,strat_pilot,145,1610,974,0,0,0.0,0.08451322327723251,0.08466241764361963,0.021301858463236168,0.02,399,4,156
dbpedia-entity,rr,20,0.02,weighted_cv,145,1626,974,0,0,0.0,0.06712710376043204,0.08466241764361963,0.021301858463236168,0.02,399,4,156
dbpedia-entity,rr,20,0.02,active_cv,145,1631,974,0,0,0.0,0.07468528621002636,0.08466241764361963,0.021301858463236168,0.02,399,4,156
dbpedia-entity,rr,20,0.02,weighted_cvl,145,1590,974,0,0,0.0,0.053366010710478896,0.08466241764361963,0.021301858463236168,0.02,399,4,156
dbpedia-entity,rr,20,0.02,uniform,146,1631,1028,0,0,0.0,0.14589562749563942,0.07814991639234392,0.05932152154385795,0.02,399,4,156
dbpedia-entity,rr,20,0.02,uniform_nz,146,1644,1028,1,0,0.0,0.08395004757376541,0.07814991639234392,0.05932152154385795,0.02,399,4,156
dbpedia-entity,rr,20,0.02,weighted,146,1652,1028,0,0,0.0,0.07814991639234392,0.07814991639234392,0.05932152154385795,0.02,399,4,156
dbpedia-entity,rr,20,0.02,active_judge,146,1625,1028,0,0,0.0,0.18630960230193763,0.07814991639234392,0.05932152154385795,0.02,399,4,156
dbpedia-entity,rr,20,0.02,strat_pilot,146,1593,1028,0,0,0.0,0.07801063202033284,0.07814991639234392,0.05932152154385795,0.02,399,4,156
dbpedia-entity,rr,20,0.02,weighted_cv,146,1651,1028,0,0,0.0,0.07838593267048957,0.07814991639234392,0.05932152154385795,0.02,399,4,156
dbpedia-entity,rr,20,0.02,active_cv,146,1633,1028,0,0,0.0,0.09234826956892153,0.07814991639234392,0.05932152154385795,0.02,399,4,156
dbpedia-entity,rr,20,0.02,weighted_cvl,146,1636,1028,1,0,0.0,0.06227256127502615,0.07814991639234392,0.05932152154385795,0.02,399,4,156
dbpedia-entity,rr,20,0.02,uniform,147,1740,1120,0,0,0.0076668970965767524,0.33665159410247153,0.11568920441031798,0.03247084944240989,0.012333102903423248,399,4,156
dbpedia-entity,rr,20,0.02,uniform_nz,147,1748,1120,0,0,0.0076668970965767524,0.17019592647385803,0.11568920441031798,0.03247084944240989,0.012333102903423248,399,4,156
dbpedia-entity,rr,20,0.02,weighted,147,1749,1120,0,0,0.0076668970965767524,0.11568920441031798,0.11568920441031798,0.03247084944240989,0.012333102903423248,399,4,156
dbpedia-entity,rr,20,0.02,active_judge,147,1735,1120,0,0,0.0076668970965767524,0.22261328187224888,0.11568920441031798,0.03247084944240989,0.012333102903423248,399,4,156
dbpedia-entity,rr,20,0.02,strat_pilot,147,1737,1120,0,0,0.0076668970965767524,0.1156245064358336,0.11568920441031798,0.03247084944240989,0.012333102903423248,399,4,156
dbpedia-entity,rr,20,0.02,weighted_cv,147,1734,1120,0,0,0.0076668970965767524,0.09347476497321001,0.11568920441031798,0.03247084944240989,0.012333102903423248,399,4,156
dbpedia-entity,rr,20,0.02,active_cv,147,1744,1120,0,0,0.0076668970965767524,0.10907204334823584,0.11568920441031798,0.03247084944240989,0.012333102903423248,399,4,156
dbpedia-entity,rr,20,0.02,weighted_cvl,147,1740,1120,0,0,0.0076668970965767524,0.07144427840756729,0.11568920441031798,0.03247084944240989,0.012333102903423248,399,4,156
dbpedia-entity,rr,20,0.02,uniform,148,1649,996,0,0,0.0035711896190874226,0.14354151527025524,0.07909126029322115,0.048332455580419646,0.016428810380912578,399,4,156
dbpedia-entity,rr,20,0.02,uniform_nz,148,1623,996,0,0,0.0035711896190874226,0.08565340639874894,0.07909126029322115,0.048332455580419646,0.016428810380912578,399,4,156
dbpedia-entity,rr,20,0.02,weighted,148,1649,996,1,0,0.0035711896190874226,0.07909126029322115,0.07909126029322115,0.048332455580419646,0.016428810380912578,399,4,156
dbpedia-entity,rr,20,0.02,active_judge,148,1641,996,0,0,0.0035711896190874226,0.16283326425087016,0.07909126029322115,0.048332455580419646,0.016428810380912578,399,4,156
dbpedia-entity,rr,20,0.02,strat_pilot,148,1665,996,0,0,0.0035711896190874226,0.07922682106296693,0.07909126029322115,0.048332455580419646,0.016428810380912578,399,4,156
dbpedia-entity,rr,20,0.02,weighted_cv,148,1673,996,1,0,0.0035711896190874226,0.053642232597780816,0.07909126029322115,0.048332455580419646,0.016428810380912578,399,4,156
dbpedia-entity,rr,20,0.02,active_cv,148,1596,996,0,0,0.0035711896190874226,0.06931401525427268,0.07909126029322115,0.048332455580419646,0.016428810380912578,399,4,156
dbpedia-entity,rr,20,0.02,weighted_cvl,148,1610,996,0,0,0.0035711896190874226,0.058497795564265466,0.07909126029322115,0.048332455580419646,0.016428810380912578,399,4,156
dbpedia-entity,rr,20,0.02,uniform,149,1664,1004,0,0,0.0,0.130741039318103,0.07065613324122018,0.035095746509405834,0.02,399,4,156
dbpedia-entity,rr,20,0.02,uniform_nz,149,1644,1004,0,0,0.0,0.08236147918941507,0.07065613324122018,0.035095746509405834,0.02,399,4,156
dbpedia-entity,rr,20,0.02,weighted,149,1622,1004,1,0,0.0,0.07065613324122018,0.07065613324122018,0.035095746509405834,0.02,399,4,156
dbpedia-entity,rr,20,0.02,active_judge,149,1635,1004,0,0,0.0,0.15464831981141622,0.07065613324122018,0.035095746509405834,0.02,399,4,156
dbpedia-entity,rr,20,0.02,strat_pilot,149,1634,1004,0,0,0.0,0.07072989098670664,0.07065613324122018,0.035095746509405834,0.02,399,4,156
dbpedia-entity,rr,20,0.02,weighted_cv,149,1668,1004,0,0,0.0,0.07048622120485994,0.07065613324122018,0.035095746509405834,0.02,399,4,156
dbpedia-entity,rr,20,0.02,active_cv,149,1628,1004,1,0,0.0,0.09019283327021484,0.07065613324122018,0.035095746509405834,0.02,399,4,156
dbpedia-entity,rr,20,0.02,weighted_cvl,149,1627,1004,0,0,0.0,0.05496684258708837,0.07065613324122018,0.035095746509405834,0.02,399,4,156
dbpedia-entity,rr,20,0.02,uniform,150,1676,1067,0,0,0.00535807517908965,0.3017006820731154,0.09616139657473238,0.023612397473172,0.01464192482091035,399,4,156
dbpedia-entity,rr,20,0.02,uniform_nz,150,1671,1067,0,0,0.00535807517908965,0.16686805618307674,0.09616139657473238,0.023612397473172,0.01464192482091035,399,4,156
dbpedia-entity,rr,20,0.02,weighted,150,1697,1067,0,0,0.00535807517908965,0.09616139657473238,0.09616139657473238,0.023612397473172,0.01464192482091035,399,4,156
dbpedia-entity,rr,20,0.02,active_judge,150,1724,1067,0,0,0.00535807517908965,0.18905248751186043,0.09616139657473238,0.023612397473172,0.01464192482091035,399,4,156
dbpedia-entity,rr,20,0.02,strat_pilot,150,1695,1067,0,0,0.00535807517908965,0.09614969761587887,0.09616139657473238,0.023612397473172,0.01464192482091035,399,4,156
dbpedia-entity,rr,20,0.02,weighted_cv,150,1734,1067,0,0,0.00535807517908965,0.054567285148005885,0.09616139657473238,0.023612397473172,0.01464192482091035,399,4,156
dbpedia-entity,rr,20,0.02,active_cv,150,1689,1067,0,0,0.00535807517908965,0.06307592610455158,0.09616139657473238,0.023612397473172,0.01464192482091035,399,4,156
dbpedia-entity,rr,20,0.02,weighted_cvl,150,1703,1067,0,0,0.00535807517908965,0.04605758154405752,0.09616139657473238,0.023612397473172,0.01464192482091035,399,4,156
dbpedia-entity,rr,20,0.02,uniform,151,1638,1009,0,0,0.005303368422124755,0.18817314948186858,0.0871030075063742,0.029041868889320824,0.014696631577875246,399,4,156
dbpedia-entity,rr,20,0.02,uniform_nz,151,1638,1009,0,0,0.005303368422124755,0.11501873664572208,0.0871030075063742,0.029041868889320824,0.014696631577875246,399,4,156
dbpedia-entity,rr,20,0.02,weighted,151,1641,1009,1,0,0.005303368422124755,0.0871030075063742,0.0871030075063742,0.029041868889320824,0.014696631577875246,399,4,156
dbpedia-entity,rr,20,0.02,active_judge,151,1584,1009,0,0,0.005303368422124755,0.26051882351613764,0.0871030075063742,0.029041868889320824,0.014696631577875246,399,4,156
dbpedia-entity,rr,20,0.02,strat_pilot,151,1576,1009,1,0,0.005303368422124755,0.08698225278702226,0.0871030075063742,0.029041868889320824,0.014696631577875246,399,4,156
dbpedia-entity,rr,20,0.02,weighted_cv,151,1640,1009,0,0,0.005303368422124755,0.07579410490163811,0.0871030075063742,0.029041868889320824,0.014696631577875246,399,4,156
dbpedia-entity,rr,20,0.02,active_cv,151,1637,1009,0,0,0.005303368422124755,0.13875807674979118,0.0871030075063742,0.029041868889320824,0.014696631577875246,399,4,156
dbpedia-entity,rr,20,0.02,weighted_cvl,151,1635,1009,0,0,0.005303368422124755,0.05123218741490472,0.0871030075063742,0.029041868889320824,0.014696631577875246,399,4,156
dbpedia-entity,rr,20,0.02,uniform,152,1610,968,0,0,0.0,0.11523334217509476,0.06208975829555528,0.035151732936344056,0.02,399,4,156
dbpedia-entity,rr,20,0.02,uniform_nz,152,1554,968,1,0,0.0,0.06933420371620946,0.06208975829555528,0.035151732936344056,0.02,399,4,156
dbpedia-entity,rr,20,0.02,weighted,152,1547,968,0,0,0.0,0.06208975829555528,0.06208975829555528,0.035151732936344056,0.02,399,4,156
dbpedia-entity,rr,20,0.02,active_judge,152,1551,968,0,0,0.0,0.13199235494798053,0.06208975829555528,0.035151732936344056,0.02,399,4,156
dbpedia-entity,rr,20,0.02,strat_pilot,152,1606,968,0,0,0.0,0.06195261199980352,0.06208975829555528,0.035151732936344056,0.02,399,4,156
dbpedia-entity,rr,20,0.02,weighted_cv,152,1553,968,0,0,0.0,0.05877036871824835,0.06208975829555528,0.035151732936344056,0.02,399,4,156
dbpedia-entity,rr,20,0.02,active_cv,152,1560,968,0,0,0.0,0.07872041220182176,0.06208975829555528,0.035151732936344056,0.02,399,4,156
dbpedia-entity,rr,20,0.02,weighted_cvl,152,1573,968,0,0,0.0,0.051649576362241344,0.06208975829555528,0.035151732936344056,0.02,399,4,156
dbpedia-entity,rr,20,0.02,uniform,153,1637,1007,0,0,0.010204494363778516,0.16965433733181107,0.06944960597308232,0.03867710242746672,0.009795505636221485,399,4,156
dbpedia-entity,rr,20,0.02,uniform_nz,153,1651,1007,0,0,0.010204494363778516,0.09349907255072389,0.06944960597308232,0.03867710242746672,0.009795505636221485,399,4,156
dbpedia-entity,rr,20,0.02,weighted,153,1650,1007,0,0,0.010204494363778516,0.06944960597308232,0.06944960597308232,0.03867710242746672,0.009795505636221485,399,4,156
dbpedia-entity,rr,20,0.02,active_judge,153,1628,1007,0,0,0.010204494363778516,0.14176380765541685,0.06944960597308232,0.03867710242746672,0.009795505636221485,399,4,156
dbpedia-entity,rr,20,0.02,strat_pilot,153,1677,1007,0,0,0.010204494363778516,0.06920384925187521,0.06944960597308232,0.03867710242746672,0.009795505636221485,399,4,156
dbpedia-entity,rr,20,0.02,weighted_cv,153,1619,1007,0,0,0.010204494363778516,0.07468319704376164,0.06944960597308232,0.03867710242746672,0.009795505636221485,399,4,156
dbpedia-entity,rr,20,0.02,active_cv,153,1625,1007,0,0,0.010204494363778516,0.11766305788561957,0.06944960597308232,0.03867710242746672,0.009795505636221485,399,4,156
dbpedia-entity,rr,20,0.02,weighted_cvl,153,1607,1007,0,0,0.010204494363778516,0.04961459471303877,0.06944960597308232,0.03867710242746672,0.009795505636221485,399,4,156
dbpedia-entity,rr,20,0.02,uniform,154,1718,1116,0,0,0.0,0.36039207668199563,0.11180938006514847,0.03576345397899669,0.02,399,4,156
dbpedia-entity,rr,20,0.02,uniform_nz,154,1737,1116,0,0,0.0,0.1966031857822082,0.11180938006514847,0.03576345397899669,0.02,399,4,156
dbpedia-entity,rr,20,0.02,weighted,154,1742,1116,0,0,0.0,0.11180938006514847,0.11180938006514847,0.03576345397899669,0.02,399,4,156
dbpedia-entity,rr,20,0.02,active_judge,154,1756,1116,0,0,0.0,0.25838028401206486,0.11180938006514847,0.03576345397899669,0.02,399,4,156
dbpedia-entity,rr,20,0.02,strat_pilot,154,1689,1116,0,0,0.0,0.11172561218331653,0.11180938006514847,0.03576345397899669,0.02,399,4,156
dbpedia-entity,rr,20,0.02,weighted_cv,154,1734,1116,0,0,0.0,0.07547098844300812,0.11180938006514847,0.03576345397899669,0.02,399,4,156
dbpedia-entity,rr,20,0.02,active_cv,154,1761,1116,0,0,0.0,0.09836649827042002,0.11180938006514847,0.03576345397899669,0.02,399,4,156
dbpedia-entity,rr,20,0.02,weighted_cvl,154,1773,1116,0,0,0.0,0.070226357884035,0.11180938006514847,0.03576345397899669,0.02,399,4,156
dbpedia-entity,rr,20,0.02,uniform,155,1634,1006,0,0,0.0,0.24429717473669363,0.10196343158261842,0.049765659265204945,0.02,399,4,156
dbpedia-entity,rr,20,0.02,uniform_nz,155,1611,1006,0,0,0.0,0.139094747064716,0.10196343158261842,0.049765659265204945,0.02,399,4,156
dbpedia-entity,rr,20,0.02,weighted,155,1621,1006,1,0,0.0,0.10196343158261842,0.10196343158261842,0.049765659265204945,0.02,399,4,156
dbpedia-entity,rr,20,0.02,active_judge,155,1639,1006,0,0,0.0,0.23075268892809692,0.10196343158261842,0.049765659265204945,0.02,399,4,156
dbpedia-entity,rr,20,0.02,strat_pilot,155,1630,1006,0,0,0.0,0.10206696465548906,0.10196343158261842,0.049765659265204945,0.02,399,4,156
dbpedia-entity,rr,20,0.02,weighted_cv,155,1626,1006,1,0,0.0,0.08683697370338887,0.10196343158261842,0.049765659265204945,0.02,399,4,156
dbpedia-entity,rr,20,0.02,active_cv,155,1594,1006,0,0,0.0,0.12166522342614572,0.10196343158261842,0.049765659265204945,0.02,399,4,156
dbpedia-entity,rr,20,0.02,weighted_cvl,155,1637,1006,0,0,0.0,0.07825450041102333,0.10196343158261842,0.049765659265204945,0.02,399,4,156
dbpedia-entity,rr,20,0.02,uniform,156,1620,993,1,0,0.0,0.1379923839929308,0.07131403552423683,0.05791738906108501,0.02,399,4,156
dbpedia-entity,rr,20,0.02,uniform_nz,156,1640,993,0,0,0.0,0.08160061970065365,0.07131403552423683,0.05791738906108501,0.02,399,4,156
dbpedia-entity,rr,20,0.02,weighted,156,1681,993,0,0,0.0,0.07131403552423683,0.07131403552423683,0.05791738906108501,0.02,399,4,156
dbpedia-entity,rr,20,0.02,active_judge,156,1591,993,0,0,0.0,0.1994880327370895,0.07131403552423683,0.05791738906108501,0.02,399,4,156
dbpedia-entity,rr,20,0.02,strat_pilot,156,1604,993,1,0,0.0,0.07095461070795153,0.07131403552423683,0.05791738906108501,0.02,399,4,156
dbpedia-entity,rr,20,0.02,weighted_cv,156,1622,993,0,0,0.0,0.06315929076280888,0.07131403552423683,0.05791738906108501,0.02,399,4,156
dbpedia-entity,rr,20,0.02,active_cv,156,1617,993,1,0,0.0,0.09355651261887668,0.07131403552423683,0.05791738906108501,0.02,399,4,156
dbpedia-entity,rr,20,0.02,weighted_cvl,156,1636,993,0,0,0.0,0.06525057539349646,0.07131403552423683,0.05791738906108501,0.02,399,4,156
dbpedia-entity,rr,20,0.02,uniform,157,1545,1073,0,0,0.022606175574335585,0.2989427305296282,0.050707042600948646,0.021479521940048252,-0.002606175574335585,399,4,112
dbpedia-entity,rr,20,0.02,uniform_nz,157,1532,1073,0,0,0.022606175574335585,0.09633433378505311,0.050707042600948646,0.021479521940048252,-0.002606175574335585,399,4,112
dbpedia-entity,rr,20,0.02,weighted,157,1536,1073,0,0,0.022606175574335585,0.050707042600948646,0.050707042600948646,0.021479521940048252,-0.002606175574335585,399,4,112
dbpedia-entity,rr,20,0.02,active_judge,157,1537,1073,0,0,0.022606175574335585,0.14625452137739717,0.050707042600948646,0.021479521940048252,-0.002606175574335585,399,4,112
dbpedia-entity,rr,20,0.02,strat_pilot,157,1503,1073,0,0,0.022606175574335585,0.050688700267933616,0.050707042600948646,0.021479521940048252,-0.002606175574335585,399,4,112
dbpedia-entity,rr,20,0.02,weighted_cv,157,1514,1073,0,0,0.022606175574335585,0.04421968426918773,0.050707042600948646,0.021479521940048252,-0.002606175574335585,399,4,112
dbpedia-entity,rr,20,0.02,active_cv,157,1524,1073,0,0,0.022606175574335585,0.052832591455429165,0.050707042600948646,0.021479521940048252,-0.002606175574335585,399,4,112
dbpedia-entity,rr,20,0.02,weighted_cvl,157,1537,1073,0,0,0.022606175574335585,0.027653139023767266,0.050707042600948646,0.021479521940048252,-0.002606175574335585,399,4,112
dbpedia-entity,rr,20,0.02,uniform,158,1476,1010,1,0,0.0,0.12386134856636417,0.04122753639063721,0.024100417068716695,0.02,399,4,113
dbpedia-entity,rr,20,0.02,uniform_nz,158,1433,1010,0,0,0.0,0.04724097183695036,0.04122753639063721,0.024100417068716695,0.02,399,4,113
dbpedia-entity,rr,20,0.02,weighted,158,1471,1010,0,0,0.0,0.04122753639063721,0.04122753639063721,0.024100417068716695,0.02,399,4,113
dbpedia-entity,rr,20,0.02,active_judge,158,1448,1010,0,0,0.0,0.10841864777808294,0.04122753639063721,0.024100417068716695,0.02,399,4,113
dbpedia-entity,rr,20,0.02,strat_pilot,158,1450,1010,0,0,0.0,0.041280171793422006,0.04122753639063721,0.024100417068716695,0.02,399,4,113
dbpedia-entity,rr,20,0.02,weighted_cv,158,1465,1010,0,0,0.0,0.030797118572885772,0.04122753639063721,0.024100417068716695,0.02,399,4,113
dbpedia-entity,rr,20,0.02,active_cv,158,1466,1010,0,0,0.0,0.04369540255454536,0.04122753639063721,0.024100417068716695,0.02,399,4,113
dbpedia-entity,rr,20,0.02,weighted_cvl,158,1440,1010,1,0,0.0,0.0275574265854882,0.04122753639063721,0.024100417068716695,0.02,399,4,113
dbpedia-entity,rr,20,0.02,uniform,159,1657,1015,0,0,0.015914173757851813,0.2356980822823107,0.08499771955004076,0.03066349146070509,0.004085826242148188,399,4,156
dbpedia-entity,rr,20,0.02,uniform_nz,159,1650,1015,0,0,0.015914173757851813,0.1297340467219929,0.08499771955004076,0.03066349146070509,0.004085826242148188,399,4,156
dbpedia-entity,rr,20,0.02,weighted,159,1694,1015,0,0,0.015914173757851813,0.08499771955004076,0.08499771955004076,0.03066349146070509,0.004085826242148188,399,4,156
dbpedia-entity,rr,20,0.02,active_judge,159,1617,1015,0,0,0.015914173757851813,0.27435493264102834,0.08499771955004076,0.03066349146070509,0.004085826242148188,399,4,156
dbpedia-entity,rr,20,0.02,strat_pilot,159,1640,1015,0,0,0.015914173757851813,0.0847592925228949,0.08499771955004076,0.03066349146070509,0.004085826242148188,399,4,156
dbpedia-entity,rr,20,0.02,weighted_cv,159,1615,1015,0,0,0.015914173757851813,0.08779065517965635,0.08499771955004076,0.03066349146070509,0.004085826242148188,399,4,156
dbpedia-entity,rr,20,0.02,active_cv,159,1648,1015,0,0,0.015914173757851813,0.10767593788816923,0.08499771955004076,0.03066349146070509,0.004085826242148188,399,4,156
dbpedia-entity,rr,20,0.02,weighted_cvl,159,1662,1015,0,0,0.015914173757851813,0.061227529975200624,0.08499771955004076,0.03066349146070509,0.004085826242148188,399,4,156
dbpedia-entity,rr,20,0.02,uniform,160,1451,1009,0,0,0.010013833304032937,0.4376171252355886,0.05671585251575169,0.07274437468009161,0.009986166695967063,399,4,112
dbpedia-entity,rr,20,0.02,uniform_nz,160,1463,1009,0,0,0.010013833304032937,0.13804657257226038,0.05671585251575169,0.07274437468009161,0.009986166695967063,399,4,112
dbpedia-entity,rr,20,0.02,weighted,160,1453,1009,0,0,0.010013833304032937,0.05671585251575169,0.05671585251575169,0.07274437468009161,0.009986166695967063,399,4,112
dbpedia-entity,rr,20,0.02,active_judge,160,1469,1009,0,0,0.010013833304032937,0.2384347129655767,0.05671585251575169,0.07274437468009161,0.009986166695967063,399,4,112
dbpedia-entity,rr,20,0.02,strat_pilot,160,1454,1009,0,0,0.010013833304032937,0.05555594476873993,0.05671585251575169,0.07274437468009161,0.009986166695967063,399,4,112
dbpedia-entity,rr,20,0.02,weighted_cv,160,1446,1009,1,0,0.010013833304032937,0.05225300888861399,0.05671585251575169,0.07274437468009161,0.009986166695967063,399,4,112
dbpedia-entity,rr,20,0.02,active_cv,160,1449,1009,0,0,0.010013833304032937,0.05939885335993141,0.05671585251575169,0.07274437468009161,0.009986166695967063,399,4,112
dbpedia-entity,rr,20,0.02,weighted_cvl,160,1463,1009,1,0,0.010013833304032937,0.030949802394546744,0.05671585251575169,0.07274437468009161,0.009986166695967063,399,4,112
dbpedia-entity,rr,20,0.02,uniform,161,1673,1028,0,0,0.0,0.1314881976071791,0.06479742847277399,0.03961850095673623,0.02,399,4,156
dbpedia-entity,rr,20,0.02,uniform_nz,161,1672,1028,0,0,0.0,0.07125504138213046,0.06479742847277399,0.03961850095673623,0.02,399,4,156
dbpedia-entity,rr,20,0.02,weighted,161,1653,1028,0,0,0.0,0.06479742847277399,0.06479742847277399,0.03961850095673623,0.02,399,4,156
dbpedia-entity,rr,20,0.02,active_judge,161,1658,1028,0,0,0.0,0.1418967043408049,0.06479742847277399,0.03961850095673623,0.02,399,4,156
dbpedia-entity,rr,20,0.02,strat_pilot,161,1642,1028,0,0,0.0,0.06481350959142664,0.06479742847277399,0.03961850095673623,0.02,399,4,156
dbpedia-entity,rr,20,0.02,weighted_cv,161,1615,1028,0,0,0.0,0.05708693377719396,0.06479742847277399,0.03961850095673623,0.02,399,4,156
dbpedia-entity,rr,20,0.02,active_cv,161,1672,1028,0,0,0.0,0.07981217338026311,0.06479742847277399,0.03961850095673623,0.02,399,4,156
dbpedia-entity,rr,20,0.02,weighted_cvl,161,1617,1028,1,0,0.0,0.04058093683204826,0.06479742847277399,0.03961850095673623,0.02,399,4,156
dbpedia-entity,rr,20,0.02,uniform,162,1658,1032,0,0,0.0,0.12939087744909025,0.066159114501963,0.03759653833254517,0.02,399,4,156
dbpedia-entity,rr,20,0.02,uniform_nz,162,1668,1032,0,0,0.0,0.07322052576985541,0.066159114501963,0.03759653833254517,0.02,399,4,156
dbpedia-entity,rr,20,0.02,weighted,162,1664,1032,1,0,0.0,0.066159114501963,0.066159114501963,0.03759653833254517,0.02,399,4,156
dbpedia-entity,rr,20,0.02,active_judge,162,1633,1032,0,0,0.0,0.13647187265871624,0.066159114501963,0.03759653833254517,0.02,399,4,156
dbpedia-entity,rr,20,0.02,strat_pilot,162,1642,1032,0,0,0.0,0.06612639120407314,0.066159114501963,0.03759653833254517,0.02,399,4,156
dbpedia-entity,rr,20,0.02,weighted_cv,162,1648,1032,0,0,0.0,0.046404314595950645,0.066159114501963,0.03759653833254517,0.02,399,4,156
dbpedia-entity,rr,20,0.02,active_cv,162,1647,1032,0,0,0.0,0.054330887415569865,0.066159114501963,0.03759653833254517,0.02,399,4,156
dbpedia-entity,rr,20,0.02,weighted_cvl,162,1649,1032,0,0,0.0,0.0334089609880595,0.066159114501963,0.03759653833254517,0.02,399,4,156
dbpedia-entity,rr,20,0.02,uniform,163,1673,1043,0,0,0.022861513030065672,0.2841037305233879,0.09031059591747863,0.019794309792374804,-0.0028615130300656717,399,4,156
dbpedia-entity,rr,20,0.02,uniform_nz,163,1672,1043,0,0,0.022861513030065672,0.15275655057654897,0.09031059591747863,0.019794309792374804,-0.0028615130300656717,399,4,156
dbpedia-entity,rr,20,0.02,weighted,163,1664,1043,0,0,0.022861513030065672,0.09031059591747863,0.09031059591747863,0.019794309792374804,-0.0028615130300656717,399,4,156
dbpedia-entity,rr,20,0.02,active_judge,163,1673,1043,0,0,0.022861513030065672,0.2167530587510976,0.09031059591747863,0.019794309792374804,-0.0028615130300656717,399,4,156
dbpedia-entity,rr,20,0.02,strat_pilot,163,1678,1043,1,1,0.022861513030065672,0.09036308951139857,0.09031059591747863,0.019794309792374804,-0.0028615130300656717,399,4,156
dbpedia-entity,rr,20,0.02,weighted_cv,163,1669,1043,0,0,0.022861513030065672,0.06682743263533909,0.09031059591747863,0.019794309792374804,-0.0028615130300656717,399,4,156
dbpedia-entity,rr,20,0.02,active_cv,163,1688,1043,0,0,0.022861513030065672,0.10204627719492503,0.09031059591747863,0.019794309792374804,-0.0028615130300656717,399,4,156
dbpedia-entity,rr,20,0.02,weighted_cvl,163,1644,1043,0,0,0.022861513030065672,0.06488114332779901,0.09031059591747863,0.019794309792374804,-0.0028615130300656717,399,4,156
dbpedia-entity,rr,20,0.02,uniform,164,1647,1023,0,0,0.007096307274173319,0.2495727624697855,0.09838270751996496,0.04473833846437393,0.012903692725826681,399,4,156
dbpedia-entity,rr,20,0.02,uniform_nz,164,1697,1023,0,0,0.007096307274173319,0.14856748737348696,0.09838270751996496,0.04473833846437393,0.012903692725826681,399,4,156
dbpedia-entity,rr,20,0.02,weighted,164,1637,1023,0,0,0.007096307274173319,0.09838270751996496,0.09838270751996496,0.04473833846437393,0.012903692725826681,399,4,156
dbpedia-entity,rr,20,0.02,active_judge,164,1647,1023,0,0,0.007096307274173319,0.20801731087981165,0.09838270751996496,0.04473833846437393,0.012903692725826681,399,4,156
dbpedia-entity,rr,20,0.02,strat_pilot,164,1636,1023,0,0,0.007096307274173319,0.0982561181070903,0.09838270751996496,0.04473833846437393,0.012903692725826681,399,4,156
dbpedia-entity,rr,20,0.02,weighted_cv,164,1648,1023,0,0,0.007096307274173319,0.0965963367103538,0.09838270751996496,0.04473833846437393,0.012903692725826681,399,4,156
dbpedia-entity,rr,20,0.02,active_cv,164,1645,1023,0,0,0.007096307274173319,0.13094557451224303,0.09838270751996496,0.04473833846437393,0.012903692725826681,399,4,156
dbpedia-entity,rr,20,0.02,weighted_cvl,164,1632,1023,0,0,0.007096307274173319,0.08152137981656257,0.09838270751996496,0.04473833846437393,0.012903692725826681,399,4,156
dbpedia-entity,rr,20,0.02,uniform,165,1598,969,0,0,0.0,0.18059918753242402,0.08547328518075267,0.050541188955501214,0.02,399,4,156
dbpedia-entity,rr,20,0.02,uniform_nz,165,1602,969,0,0,0.0,0.11615336391731139,0.08547328518075267,0.050541188955501214,0.02,399,4,156
dbpedia-entity,rr,20,0.02,weighted,165,1595,969,0,0,0.0,0.08547328518075267,0.08547328518075267,0.050541188955501214,0.02,399,4,156
dbpedia-entity,rr,20,0.02,active_judge,165,1590,969,0,0,0.0,0.26073987309887,0.08547328518075267,0.050541188955501214,0.02,399,4,156
dbpedia-entity,rr,20,0.02,strat_pilot,165,1602,969,0,0,0.0,0.0854201465677189,0.08547328518075267,0.050541188955501214,0.02,399,4,156
dbpedia-entity,rr,20,0.02,weighted_cv,165,1589,969,0,0,0.0,0.06629145943383907,0.08547328518075267,0.050541188955501214,0.02,399,4,156
dbpedia-entity,rr,20,0.02,active_cv,165,1612,969,0,0,0.0,0.11243989369093395,0.08547328518075267,0.050541188955501214,0.02,399,4,156
dbpedia-entity,rr,20,0.02,weighted_cvl,165,1588,969,0,0,0.0,0.05222172917774028,0.08547328518075267,0.050541188955501214,0.02,399,4,156
dbpedia-entity,rr,20,0.02,uniform,166,1625,980,0,0,0.0,0.2923864752087524,0.09646647194504107,0.07043722848753808,0.02,399,4,156
dbpedia-entity,rr,20,0.02,uniform_nz,166,1620,980,1,0,0.0,0.16944346473128324,0.09646647194504107,0.07043722848753808,0.02,399,4,156
dbpedia-entity,rr,20,0.02,weighted,166,1621,980,1,0,0.0,0.09646647194504107,0.09646647194504107,0.07043722848753808,0.02,399,4,156
dbpedia-entity,rr,20,0.02,active_judge,166,1594,980,0,0,0.0,0.28202226096615657,0.09646647194504107,0.07043722848753808,0.02,399,4,156
dbpedia-entity,rr,20,0.02,strat_pilot,166,1594,980,0,0,0.0,0.09508472491449946,0.09646647194504107,0.07043722848753808,0.02,399,4,156
dbpedia-entity,rr,20,0.02,weighted_cv,166,1605,980,1,0,0.0,0.10396218587195097,0.09646647194504107,0.07043722848753808,0.02,399,4,156
dbpedia-entity,rr,20,0.02,active_cv,166,1604,980,1,0,0.0,0.12669776356890022,0.09646647194504107,0.07043722848753808,0.02,399,4,156
dbpedia-entity,rr,20,0.02,weighted_cvl,166,1628,980,1,0,0.0,0.07223156032239526,0.09646647194504107,0.07043722848753808,0.02,399,4,156
dbpedia-entity,rr,20,0.02,uniform,167,1701,1052,0,0,0.0,0.17481468250105797,0.07876164128740715,0.03724742637456109,0.02,399,4,156
dbpedia-entity,rr,20,0.02,uniform_nz,167,1679,1052,0,0,0.0,0.10302246511726407,0.07876164128740715,0.03724742637456109,0.02,399,4,156
dbpedia-entity,rr,20,0.02,weighted,167,1676,1052,1,0,0.0,0.07876164128740715,0.07876164128740715,0.03724742637456109,0.02,399,4,156
dbpedia-entity,rr,20,0.02,active_judge,167,1664,1052,1,0,0.0,0.23936506262154963,0.07876164128740715,0.03724742637456109,0.02,399,4,156
dbpedia-entity,rr,20,0.02,strat_pilot,167,1688,1052,1,0,0.0,0.07865292048970314,0.07876164128740715,0.03724742637456109,0.02,399,4,156
dbpedia-entity,rr,20,0.02,weighted_cv,167,1681,1052,1,0,0.0,0.0717142429685714,0.07876164128740715,0.03724742637456109,0.02,399,4,156
dbpedia-entity,rr,20,0.02,active_cv,167,1691,1052,0,0,0.0,0.1023997389621418,0.07876164128740715,0.03724742637456109,0.02,399,4,156
dbpedia-entity,rr,20,0.02,weighted_cvl,167,1666,1052,1,0,0.0,0.04375465795939036,0.07876164128740715,0.03724742637456109,0.02,399,4,156
dbpedia-entity,rr,20,0.02,uniform,168,1586,955,0,0,0.0,0.18707086893072417,0.07436947124694013,0.02902134011075691,0.02,399,4,156
dbpedia-entity,rr,20,0.02,uniform_nz,168,1583,955,0,0,0.0,0.11058112474832735,0.07436947124694013,0.02902134011075691,0.02,399,4,156
dbpedia-entity,rr,20,0.02,weighted,168,1585,955,0,0,0.0,0.07436947124694013,0.07436947124694013,0.02902134011075691,0.02,399,4,156
dbpedia-entity,rr,20,0.02,active_judge,168,1579,955,0,0,0.0,0.240620275457694,0.07436947124694013,0.02902134011075691,0.02,399,4,156
dbpedia-entity,rr,20,0.02,strat_pilot,168,1554,955,0,0,0.0,0.07388395540417805,0.07436947124694013,0.02902134011075691,0.02,399,4,156
dbpedia-entity,rr,20,0.02,weighted_cv,168,1583,955,0,0,0.0,0.08247151718933099,0.07436947124694013,0.02902134011075691,0.02,399,4,156
dbpedia-entity,rr,20,0.02,active_cv,168,1583,955,0,0,0.0,0.09781615454318346,0.07436947124694013,0.02902134011075691,0.02,399,4,156
dbpedia-entity,rr,20,0.02,weighted_cvl,168,1547,955,0,0,0.0,0.04525683314514772,0.07436947124694013,0.02902134011075691,0.02,399,4,156
dbpedia-entity,rr,20,0.02,uniform,169,1392,1012,0,0,0.0,0.15532362324207225,0.03289096874893528,0.028905069603599017,0.02,399,4,95
dbpedia-entity,rr,20,0.02,uniform_nz,169,1402,1012,1,0,0.0,0.052553045206513625,0.03289096874893528,0.028905069603599017,0.02,399,4,95
dbpedia-entity,rr,20,0.02,weighted,169,1375,1012,1,0,0.0,0.03289096874893528,0.03289096874893528,0.028905069603599017,0.02,399,4,95
dbpedia-entity,rr,20,0.02,active_judge,169,1379,1012,0,0,0.0,0.08253850522578243,0.03289096874893528,0.028905069603599017,0.02,399,4,95
dbpedia-entity,rr,20,0.02,strat_pilot,169,1383,1012,0,0,0.0,0.03250752483330131,0.03289096874893528,0.028905069603599017,0.02,399,4,95
dbpedia-entity,rr,20,0.02,weighted_cv,169,1391,1012,0,0,0.0,0.030424300247633384,0.03289096874893528,0.028905069603599017,0.02,399,4,95
dbpedia-entity,rr,20,0.02,active_cv,169,1385,1012,1,0,0.0,0.038401600653637194,0.03289096874893528,0.028905069603599017,0.02,399,4,95
dbpedia-entity,rr,20,0.02,weighted_cvl,169,1373,1012,0,0,0.0,0.020150325758887956,0.03289096874893528,0.028905069603599017,0.02,399,4,95
dbpedia-entity,rr,20,0.02,uniform,170,1739,1110,0,0,0.0,0.16246738609042552,0.0608904775980474,0.03780808242736161,0.02,399,4,156
dbpedia-entity,rr,20,0.02,uniform_nz,170,1733,1110,0,0,0.0,0.06974296780897855,0.0608904775980474,0.03780808242736161,0.02,399,4,156
dbpedia-entity,rr,20,0.02,weighted,170,1736,1110,1,0,0.0,0.0608904775980474,0.0608904775980474,0.03780808242736161,0.02,399,4,156
dbpedia-entity,rr,20,0.02,active_judge,170,1731,1110,1,0,0.0,0.17917378173890697,0.0608904775980474,0.03780808242736161,0.02,399,4,156
dbpedia-entity,rr,20,0.02,strat_pilot,170,1733,1110,0,0,0.0,0.06070023453693204,0.0608904775980474,0.03780808242736161,0.02,399,4,156
dbpedia-entity,rr,20,0.02,weighted_cv,170,1731,1110,1,0,0.0,0.04734751743858997,0.0608904775980474,0.03780808242736161,0.02,399,4,156
dbpedia-entity,rr,20,0.02,active_cv,170,1740,1110,0,0,0.0,0.06549048072899963,0.0608904775980474,0.03780808242736161,0.02,399,4,156
dbpedia-entity,rr,20,0.02,weighted_cvl,170,1749,1110,1,0,0.0,0.04403452382504989,0.0608904775980474,0.03780808242736161,0.02,399,4,156
dbpedia-entity,rr,20,0.02,uniform,171,1675,1036,0,0,0.0,0.11795969132443092,0.06799865773291074,0.020809992536575117,0.02,399,4,156
dbpedia-entity,rr,20,0.02,uniform_nz,171,1671,1036,0,0,0.0,0.07247609484835378,0.06799865773291074,0.020809992536575117,0.02,399,4,156
dbpedia-entity,rr,20,0.02,weighted,171,1665,1036,0,0,0.0,0.06799865773291074,0.06799865773291074,0.020809992536575117,0.02,399,4,156
dbpedia-entity,rr,20,0.02,active_judge,171,1651,1036,0,0,0.0,0.1411662397429084,0.06799865773291074,0.020809992536575117,0.02,399,4,156
dbpedia-entity,rr,20,0.02,strat_pilot,171,1648,1036,0,0,0.0,0.06807325519105407,0.06799865773291074,0.020809992536575117,0.02,399,4,156
dbpedia-entity,rr,20,0.02,weighted_cv,171,1634,1036,0,0,0.0,0.04459778153093958,0.06799865773291074,0.020809992536575117,0.02,399,4,156
dbpedia-entity,rr,20,0.02,active_cv,171,1689,1036,1,0,0.0,0.057132996096147214,0.06799865773291074,0.020809992536575117,0.02,399,4,156
dbpedia-entity,rr,20,0.02,weighted_cvl,171,1683,1036,0,0,0.0,0.03673044847303218,0.06799865773291074,0.020809992536575117,0.02,399,4,156
dbpedia-entity,rr,20,0.02,uniform,172,1554,938,0,0,0.0,0.12504444391821562,0.06117139193788933,0.04348153852019958,0.02,399,4,156
dbpedia-entity,rr,20,0.02,uniform_nz,172,1567,938,0,0,0.0,0.07335808203322298,0.06117139193788933,0.04348153852019958,0.02,399,4,156
dbpedia-entity,rr,20,0.02,weighted,172,1565,938,0,0,0.0,0.06117139193788933,0.06117139193788933,0.04348153852019958,0.02,399,4,156
dbpedia-entity,rr,20,0.02,active_judge,172,1534,938,0,0,0.0,0.14637838703898381,0.06117139193788933,0.04348153852019958,0.02,399,4,156
dbpedia-entity,rr,20,0.02,strat_pilot,172,1572,938,1,0,0.0,0.06107319896603949,0.06117139193788933,0.04348153852019958,0.02,399,4,156
dbpedia-entity,rr,20,0.02,weighted_cv,172,1562,938,1,0,0.0,0.043286860638152486,0.06117139193788933,0.04348153852019958,0.02,399,4,156
dbpedia-entity,rr,20,0.02,active_cv,172,1561,938,0,0,0.0,0.05214528792161881,0.06117139193788933,0.04348153852019958,0.02,399,4,156
dbpedia-entity,rr,20,0.02,weighted_cvl,172,1491,938,1,0,0.0,0.031325099948656634,0.06117139193788933,0.04348153852019958,0.02,399,4,156
dbpedia-entity,rr,20,0.02,uniform,173,1668,1049,0,0,0.013804223449610298,0.4766617731023942,0.09910485019083053,0.04875006587506078,0.006195776550389703,399,4,156
dbpedia-entity,rr,20,0.02,uniform_nz,173,1694,1049,0,0,0.013804223449610298,0.27078513578830526,0.09910485019083053,0.04875006587506078,0.006195776550389703,399,4,156
dbpedia-entity,rr,20,0.02,weighted,173,1676,1049,0,0,0.013804223449610298,0.09910485019083053,0.09910485019083053,0.04875006587506078,0.006195776550389703,399,4,156
dbpedia-entity,rr,20,0.02,active_judge,173,1658,1049,0,0,0.013804223449610298,0.2442295543201925,0.09910485019083053,0.04875006587506078,0.006195776550389703,399,4,156
dbpedia-entity,rr,20,0.02,strat_pilot,173,1618,1049,0,0,0.013804223449610298,0.09824823533166566,0.09910485019083053,0.04875006587506078,0.006195776550389703,399,4,156
dbpedia-entity,rr,20,0.02,weighted_cv,173,1634,1049,0,0,0.013804223449610298,0.098643578150501,0.09910485019083053,0.04875006587506078,0.006195776550389703,399,4,156
dbpedia-entity,rr,20,0.02,active_cv,173,1655,1049,0,0,0.013804223449610298,0.11294148539963204,0.09910485019083053,0.04875006587506078,0.006195776550389703,399,4,156
dbpedia-entity,rr,20,0.02,weighted_cvl,173,1664,1049,0,0,0.013804223449610298,0.06823326645424818,0.09910485019083053,0.04875006587506078,0.006195776550389703,399,4,156
dbpedia-entity,rr,20,0.02,uniform,174,1381,980,0,0,0.0,0.09905455598717108,0.028981051453584317,0.05127852045615203,0.02,399,4,98
dbpedia-entity,rr,20,0.02,uniform_nz,174,1390,980,0,0,0.0,0.030604691123574328,0.028981051453584317,0.05127852045615203,0.02,399,4,98
dbpedia-entity,rr,20,0.02,weighted,174,1410,980,1,0,0.0,0.028981051453584317,0.028981051453584317,0.05127852045615203,0.02,399,4,98
dbpedia-entity,rr,20,0.02,active_judge,174,1366,980,0,0,0.0,0.07623807352824179,0.028981051453584317,0.05127852045615203,0.02,399,4,98
dbpedia-entity,rr,20,0.02,strat_pilot,174,1358,980,0,0,0.0,0.028909060624775003,0.028981051453584317,0.05127852045615203,0.02,399,4,98
dbpedia-entity,rr,20,0.02,weighted_cv,174,1349,980,0,0,0.0,0.02456172932774031,0.028981051453584317,0.05127852045615203,0.02,399,4,98
dbpedia-entity,rr,20,0.02,active_cv,174,1372,980,0,0,0.0,0.03798609556272203,0.028981051453584317,0.05127852045615203,0.02,399,4,98
dbpedia-entity,rr,20,0.02,weighted_cvl,174,1337,980,1,0,0.0,0.014711752728076866,0.028981051453584317,0.05127852045615203,0.02,399,4,98
dbpedia-entity,rr,20,0.02,uniform,175,1742,1122,0,0,0.0,0.20700451871386044,0.08535036792454169,0.07512513662205002,0.02,399,4,156
dbpedia-entity,rr,20,0.02,uniform_nz,175,1749,1122,0,0,0.0,0.09715742353125968,0.08535036792454169,0.07512513662205002,0.02,399,4,156
dbpedia-entity,rr,20,0.02,weighted,175,1775,1122,0,0,0.0,0.08535036792454169,0.08535036792454169,0.07512513662205002,0.02,399,4,156
dbpedia-entity,rr,20,0.02,active_judge,175,1793,1122,1,0,0.0,0.19128871753959414,0.08535036792454169,0.07512513662205002,0.02,399,4,156
dbpedia-entity,rr,20,0.02,strat_pilot,175,1785,1122,1,0,0.0,0.0856639336131538,0.08535036792454169,0.07512513662205002,0.02,399,4,156
dbpedia-entity,rr,20,0.02,weighted_cv,175,1745,1122,1,0,0.0,0.07070171158782328,0.08535036792454169,0.07512513662205002,0.02,399,4,156
dbpedia-entity,rr,20,0.02,active_cv,175,1762,1122,0,0,0.0,0.10170495837224189,0.08535036792454169,0.07512513662205002,0.02,399,4,156
dbpedia-entity,rr,20,0.02,weighted_cvl,175,1754,1122,0,0,0.0,0.06859487325739194,0.08535036792454169,0.07512513662205002,0.02,399,4,156
dbpedia-entity,rr,20,0.02,uniform,176,1705,1092,0,0,0.0,0.20393999708050817,0.08414686655479706,0.061166425519068535,0.02,399,4,156
dbpedia-entity,rr,20,0.02,uniform_nz,176,1746,1092,1,0,0.0,0.10454676216121653,0.08414686655479706,0.061166425519068535,0.02,399,4,156
dbpedia-entity,rr,20,0.02,weighted,176,1737,1092,0,0,0.0,0.08414686655479706,0.08414686655479706,0.061166425519068535,0.02,399,4,156
dbpedia-entity,rr,20,0.02,active_judge,176,1668,1092,0,0,0.0,0.18770345690880527,0.08414686655479706,0.061166425519068535,0.02,399,4,156
dbpedia-entity,rr,20,0.02,strat_pilot,176,1736,1092,0,0,0.0,0.0840295006820225,0.08414686655479706,0.061166425519068535,0.02,399,4,156
dbpedia-entity,rr,20,0.02,weighted_cv,176,1697,1092,0,0,0.0,0.0695685842733553,0.08414686655479706,0.061166425519068535,0.02,399,4,156
dbpedia-entity,rr,20,0.02,active_cv,176,1707,1092,0,0,0.0,0.08452152834262243,0.08414686655479706,0.061166425519068535,0.02,399,4,156
dbpedia-entity,rr,20,0.02,weighted_cvl,176,1717,1092,0,0,0.0,0.048329373298374986,0.08414686655479706,0.061166425519068535,0.02,399,4,156
dbpedia-entity,rr,20,0.02,uniform,177,1652,1052,0,0,0.0,0.17898188405433876,0.08697452354128965,0.06175790267030677,0.02,399,4,156
dbpedia-entity,rr,20,0.02,uniform_nz,177,1705,1052,0,0,0.0,0.10376383654983665,0.08697452354128965,0.06175790267030677,0.02,399,4,156
dbpedia-entity,rr,20,0.02,weighted,177,1655,1052,1,0,0.0,0.08697452354128965,0.08697452354128965,0.06175790267030677,0.02,399,4,156
dbpedia-entity,rr,20,0.02,active_judge,177,1694,1052,0,0,0.0,0.20807626468493892,0.08697452354128965,0.06175790267030677,0.02,399,4,156
dbpedia-entity,rr,20,0.02,strat_pilot,177,1730,1052,0,0,0.0,0.08692774353729808,0.08697452354128965,0.06175790267030677,0.02,399,4,156
dbpedia-entity,rr,20,0.02,weighted_cv,177,1668,1052,0,0,0.0,0.07815466760484555,0.08697452354128965,0.06175790267030677,0.02,399,4,156
dbpedia-entity,rr,20,0.02,active_cv,177,1684,1052,0,0,0.0,0.11474879146736194,0.08697452354128965,0.06175790267030677,0.02,399,4,156
dbpedia-entity,rr,20,0.02,weighted_cvl,177,1693,1052,1,0,0.0,0.047982422053975425,0.08697452354128965,0.06175790267030677,0.02,399,4,156
dbpedia-entity,rr,20,0.02,uniform,178,1594,954,0,0,0.0038906786012553596,0.17136781580329036,0.07332367106712845,0.044818541784115866,0.01610932139874464,399,4,156
dbpedia-entity,rr,20,0.02,uniform_nz,178,1564,954,0,0,0.0038906786012553596,0.10949388537278781,0.07332367106712845,0.044818541784115866,0.01610932139874464,399,4,156
dbpedia-entity,rr,20,0.02,weighted,178,1562,954,0,0,0.0038906786012553596,0.07332367106712845,0.07332367106712845,0.044818541784115866,0.01610932139874464,399,4,156
dbpedia-entity,rr,20,0.02,active_judge,178,1575,954,0,0,0.0038906786012553596,0.17790125587421704,0.07332367106712845,0.044818541784115866,0.01610932139874464,399,4,156
dbpedia-entity,rr,20,0.02,strat_pilot,178,1568,954,0,0,0.0038906786012553596,0.07341092261492002,0.07332367106712845,0.044818541784115866,0.01610932139874464,399,4,156
dbpedia-entity,rr,20,0.02,weighted_cv,178,1570,954,0,0,0.0038906786012553596,0.04107666552400453,0.07332367106712845,0.044818541784115866,0.01610932139874464,399,4,156
dbpedia-entity,rr,20,0.02,active_cv,178,1609,954,0,0,0.0038906786012553596,0.04502944835624707,0.07332367106712845,0.044818541784115866,0.01610932139874464,399,4,156
dbpedia-entity,rr,20,0.02,weighted_cvl,178,1559,954,0,0,0.0038906786012553596,0.04822872458358304,0.07332367106712845,0.044818541784115866,0.01610932139874464,399,4,156
dbpedia-entity,rr,20,0.02,uniform,179,1683,1044,0,0,0.0,0.1633099805487846,0.07756874388928754,0.04931262256253678,0.02,399,4,156
dbpedia-entity,rr,20,0.02,uniform_nz,179,1699,1044,0,0,0.0,0.09068395237371245,0.07756874388928754,0.04931262256253678,0.02,399,4,156
dbpedia-entity,rr,20,0.02,weighted,179,1673,1044,1,0,0.0,0.07756874388928754,0.07756874388928754,0.04931262256253678,0.02,399,4,156
dbpedia-entity,rr,20,0.02,active_judge,179,1671,1044,0,0,0.0,0.17020526196131555,0.07756874388928754,0.04931262256253678,0.02,399,4,156
dbpedia-entity,rr,20,0.02,strat_pilot,179,1679,1044,1,0,0.0,0.07762048873948131,0.07756874388928754,0.04931262256253678,0.02,399,4,156
dbpedia-entity,rr,20,0.02,weighted_cv,179,1663,1044,1,0,0.0,0.07554031409354653,0.07756874388928754,0.04931262256253678,0.02,399,4,156
dbpedia-entity,rr,20,0.02,active_cv,179,1692,1044,0,0,0.0,0.08745328964590489,0.07756874388928754,0.04931262256253678,0.02,399,4,156
dbpedia-entity,rr,20,0.02,weighted_cvl,179,1672,1044,1,0,0.0,0.04483043609578197,0.07756874388928754,0.04931262256253678,0.02,399,4,156
dbpedia-entity,rr,20,0.02,uniform,180,1645,1041,0,0,0.0,0.16688881843438458,0.07863965795612915,0.0708595908174923,0.02,399,4,156
dbpedia-entity,rr,20,0.02,uniform_nz,180,1627,1041,1,0,0.0,0.09461470701600956,0.07863965795612915,0.0708595908174923,0.02,399,4,156
dbpedia-entity,rr,20,0.02,weighted,180,1682,1041,0,0,0.0,0.07863965795612915,0.07863965795612915,0.0708595908174923,0.02,399,4,156
dbpedia-entity,rr,20,0.02,active_judge,180,1634,1041,0,0,0.0,0.18815397975761988,0.07863965795612915,0.0708595908174923,0.02,399,4,156
dbpedia-entity,rr,20,0.02,strat_pilot,180,1697,1041,0,0,0.0,0.07837228472136104,0.07863965795612915,0.0708595908174923,0.02,399,4,156
dbpedia-entity,rr,20,0.02,weighted_cv,180,1628,1041,0,0,0.0,0.057123308731100275,0.07863965795612915,0.0708595908174923,0.02,399,4,156
dbpedia-entity,rr,20,0.02,active_cv,180,1648,1041,0,0,0.0,0.06600615472262031,0.07863965795612915,0.0708595908174923,0.02,399,4,156
dbpedia-entity,rr,20,0.02,weighted_cvl,180,1662,1041,0,0,0.0,0.03979915361535756,0.07863965795612915,0.0708595908174923,0.02,399,4,156
dbpedia-entity,rr,20,0.02,uniform,181,1589,959,0,0,0.016205274843812678,0.16451942238943507,0.07640818888996999,0.0341317035647531,0.0037947251561873223,399,4,156
dbpedia-entity,rr,20,0.02,uniform_nz,181,1567,959,0,0,0.016205274843812678,0.10463934948982408,0.07640818888996999,0.0341317035647531,0.0037947251561873223,399,4,156
dbpedia-entity,rr,20,0.02,weighted,181,1592,959,0,0,0.016205274843812678,0.07640818888996999,0.07640818888996999,0.0341317035647531,0.0037947251561873223,399,4,156
dbpedia-entity,rr,20,0.02,active_judge,181,1581,959,0,0,0.016205274843812678,0.15356444853591472,0.07640818888996999,0.0341317035647531,0.0037947251561873223,399,4,156
dbpedia-entity,rr,20,0.02,strat_pilot,181,1578,959,0,0,0.016205274843812678,0.07627457695313394,0.07640818888996999,0.0341317035647531,0.0037947251561873223,399,4,156
dbpedia-entity,rr,20,0.02,weighted_cv,181,1587,959,0,0,0.016205274843812678,0.06263889685385919,0.07640818888996999,0.0341317035647531,0.0037947251561873223,399,4,156
dbpedia-entity,rr,20,0.02,active_cv,181,1575,959,0,0,0.016205274843812678,0.07729770029937591,0.07640818888996999,0.0341317035647531,0.0037947251561873223,399,4,156
dbpedia-entity,rr,20,0.02,weighted_cvl,181,1554,959,0,0,0.016205274843812678,0.047506863391549206,0.07640818888996999,0.0341317035647531,0.0037947251561873223,399,4,156
dbpedia-entity,rr,20,0.02,uniform,182,1637,999,0,0,0.0,0.2130910068406076,0.08204603145356718,0.032000120926843914,0.02,399,4,156
dbpedia-entity,rr,20,0.02,uniform_nz,182,1639,999,1,0,0.0,0.12757991617670922,0.08204603145356718,0.032000120926843914,0.02,399,4,156
dbpedia-entity,rr,20,0.02,weighted,182,1622,999,1,0,0.0,0.08204603145356718,0.08204603145356718,0.032000120926843914,0.02,399,4,156
dbpedia-entity,rr,20,0.02,active_judge,182,1607,999,0,0,0.0,0.23015532645342446,0.08204603145356718,0.032000120926843914,0.02,399,4,156
dbpedia-entity,rr,20,0.02,strat_pilot,182,1642,999,1,0,0.0,0.08184486854435102,0.08204603145356718,0.032000120926843914,0.02,399,4,156
dbpedia-entity,rr,20,0.02,weighted_cv,182,1600,999,1,0,0.0,0.08983517759592388,0.08204603145356718,0.032000120926843914,0.02,399,4,156
dbpedia-entity,rr,20,0.02,active_cv,182,1603,999,0,0,0.0,0.14654403775870362,0.08204603145356718,0.032000120926843914,0.02,399,4,156
dbpedia-entity,rr,20,0.02,weighted_cvl,182,1622,999,0,0,0.0,0.054313723491735376,0.08204603145356718,0.032000120926843914,0.02,399,4,156
dbpedia-entity,rr,20,0.02,uniform,183,1638,1018,1,0,0.0,0.18012943828019995,0.08860683425634522,0.06734323128795124,0.02,399,4,156
dbpedia-entity,rr,20,0.02,uniform_nz,183,1595,1018,1,0,0.0,0.11544999203841036,0.08860683425634522,0.06734323128795124,0.02,399,4,156
dbpedia-entity,rr,20,0.02,weighted,183,1678,1018,0,0,0.0,0.08860683425634522,0.08860683425634522,0.06734323128795124,0.02,399,4,156
dbpedia-entity,rr,20,0.02,active_judge,183,1620,1018,0,0,0.0,0.24413752960435361,0.08860683425634522,0.06734323128795124,0.02,399,4,156
dbpedia-entity,rr,20,0.02,strat_pilot,183,1662,1018,1,0,0.0,0.08848884793616815,0.08860683425634522,0.06734323128795124,0.02,399,4,156
dbpedia-entity,rr,20,0.02,weighted_cv,183,1658,1018,1,0,0.0,0.08796917085421183,0.08860683425634522,0.06734323128795124,0.02,399,4,156
dbpedia-entity,rr,20,0.02,active_cv,183,1637,1018,0,0,0.0,0.12758762813839847,0.08860683425634522,0.06734323128795124,0.02,399,4,156
dbpedia-entity,rr,20,0.02,weighted_cvl,183,1679,1018,1,0,0.0,0.05130617721026416,0.08860683425634522,0.06734323128795124,0.02,399,4,156
dbpedia-entity,rr,20,0.02,uniform,184,1684,1051,0,0,0.004646818675047071,0.7146860580081557,0.11080705981049188,0.050127197295576104,0.01535318132495293,399,4,156
dbpedia-entity,rr,20,0.02,uniform_nz,184,1684,1051,0,0,0.004646818675047071,0.3867758332879675,0.11080705981049188,0.050127197295576104,0.01535318132495293,399,4,156
dbpedia-entity,rr,20,0.02,weighted,184,1714,1051,0,0,0.004646818675047071,0.11080705981049188,0.11080705981049188,0.050127197295576104,0.01535318132495293,399,4,156
dbpedia-entity,rr,20,0.02,active_judge,184,1650,1051,0,0,0.004646818675047071,0.28701320819021897,0.11080705981049188,0.050127197295576104,0.01535318132495293,399,4,156
dbpedia-entity,rr,20,0.02,strat_pilot,184,1681,1051,1,0,0.004646818675047071,0.11055861605870594,0.11080705981049188,0.050127197295576104,0.01535318132495293,399,4,156
dbpedia-entity,rr,20,0.02,weighted_cv,184,1649,1051,0,0,0.004646818675047071,0.10548644329578716,0.11080705981049188,0.050127197295576104,0.01535318132495293,399,4,156
dbpedia-entity,rr,20,0.02,active_cv,184,1679,1051,0,0,0.004646818675047071,0.11725487236689161,0.11080705981049188,0.050127197295576104,0.01535318132495293,399,4,156
dbpedia-entity,rr,20,0.02,weighted_cvl,184,1658,1051,0,0,0.004646818675047071,0.07094538006627399,0.11080705981049188,0.050127197295576104,0.01535318132495293,399,4,156
dbpedia-entity,rr,20,0.02,uniform,185,1689,1087,0,0,0.01769768970025637,0.7599486098106357,0.08137928270701829,0.06592007880320576,0.002302310299743631,399,4,156
dbpedia-entity,rr,20,0.02,uniform_nz,185,1697,1087,0,0,0.01769768970025637,0.5571064178697114,0.08137928270701829,0.06592007880320576,0.002302310299743631,399,4,156
dbpedia-entity,rr,20,0.02,weighted,185,1745,1087,0,0,0.01769768970025637,0.08137928270701829,0.08137928270701829,0.06592007880320576,0.002302310299743631,399,4,156
dbpedia-entity,rr,20,0.02,active_judge,185,1691,1087,0,0,0.01769768970025637,0.1794416533507158,0.08137928270701829,0.06592007880320576,0.002302310299743631,399,4,156
dbpedia-entity,rr,20,0.02,strat_pilot,185,1703,1087,0,0,0.01769768970025637,0.08127166760622755,0.08137928270701829,0.06592007880320576,0.002302310299743631,399,4,156
dbpedia-entity,rr,20,0.02,weighted_cv,185,1681,1087,0,0,0.01769768970025637,0.07411111332454842,0.08137928270701829,0.06592007880320576,0.002302310299743631,399,4,156
dbpedia-entity,rr,20,0.02,active_cv,185,1720,1087,0,0,0.01769768970025637,0.08614607230753996,0.08137928270701829,0.06592007880320576,0.002302310299743631,399,4,156
dbpedia-entity,rr,20,0.02,weighted_cvl,185,1708,1087,0,0,0.01769768970025637,0.07411111332454842,0.08137928270701829,0.06592007880320576,0.002302310299743631,399,4,156
dbpedia-entity,rr,20,0.02,uniform,186,1656,1014,0,0,0.004700574107186439,0.20208781920554938,0.0850331148099807,0.01750561795888476,0.015299425892813561,399,4,156
dbpedia-entity,rr,20,0.02,uniform_nz,186,1620,1014,0,0,0.004700574107186439,0.12797336907150136,0.0850331148099807,0.01750561795888476,0.015299425892813561,399,4,156
dbpedia-entity,rr,20,0.02,weighted,186,1630,1014,0,0,0.004700574107186439,0.0850331148099807,0.0850331148099807,0.01750561795888476,0.015299425892813561,399,4,156
dbpedia-entity,rr,20,0.02,active_judge,186,1648,1014,0,0,0.004700574107186439,0.2302501437677135,0.0850331148099807,0.01750561795888476,0.015299425892813561,399,4,156
dbpedia-entity,rr,20,0.02,strat_pilot,186,1619,1014,1,0,0.004700574107186439,0.08508349002721752,0.0850331148099807,0.01750561795888476,0.015299425892813561,399,4,156
dbpedia-entity,rr,20,0.02,weighted_cv,186,1633,1014,0,0,0.004700574107186439,0.06375905655663436,0.0850331148099807,0.01750561795888476,0.015299425892813561,399,4,156
dbpedia-entity,rr,20,0.02,active_cv,186,1638,1014,1,0,0.004700574107186439,0.10625665622067018,0.0850331148099807,0.01750561795888476,0.015299425892813561,399,4,156
dbpedia-entity,rr,20,0.02,weighted_cvl,186,1637,1014,0,0,0.004700574107186439,0.055187432582711436,0.0850331148099807,0.01750561795888476,0.015299425892813561,399,4,156
dbpedia-entity,rr,20,0.02,uniform,187,1769,1107,0,0,0.00768925059186687,0.3029558287620898,0.10130125271197392,0.03788874135733828,0.01231074940813313,399,4,156
dbpedia-entity,rr,20,0.02,uniform_nz,187,1712,1107,0,0,0.00768925059186687,0.16030903274748165,0.10130125271197392,0.03788874135733828,0.01231074940813313,399,4,156
dbpedia-entity,rr,20,0.02,weighted,187,1724,1107,0,0,0.00768925059186687,0.10130125271197392,0.10130125271197392,0.03788874135733828,0.01231074940813313,399,4,156
dbpedia-entity,rr,20,0.02,active_judge,187,1731,1107,0,0,0.00768925059186687,0.1726784373512935,0.10130125271197392,0.03788874135733828,0.01231074940813313,399,4,156
dbpedia-entity,rr,20,0.02,strat_pilot,187,1734,1107,0,0,0.00768925059186687,0.10135413270801248,0.10130125271197392,0.03788874135733828,0.01231074940813313,399,4,156
dbpedia-entity,rr,20,0.02,weighted_cv,187,1742,1107,0,0,0.00768925059186687,0.055358510345964264,0.10130125271197392,0.03788874135733828,0.01231074940813313,399,4,156
dbpedia-entity,rr,20,0.02,active_cv,187,1753,1107,0,0,0.00768925059186687,0.06554346057234901,0.10130125271197392,0.03788874135733828,0.01231074940813313,399,4,156
dbpedia-entity,rr,20,0.02,weighted_cvl,187,1722,1107,0,0,0.00768925059186687,0.05001368103603985,0.10130125271197392,0.03788874135733828,0.01231074940813313,399,4,156
dbpedia-entity,rr,20,0.02,uniform,188,1653,995,0,0,0.0,0.15822538588166576,0.08565605610450257,0.08986558369208172,0.02,399,4,156
dbpedia-entity,rr,20,0.02,uniform_nz,188,1587,995,0,0,0.0,0.09719828525606743,0.08565605610450257,0.08986558369208172,0.02,399,4,156
dbpedia-entity,rr,20,0.02,weighted,188,1602,995,0,0,0.0,0.08565605610450257,0.08565605610450257,0.08986558369208172,0.02,399,4,156
dbpedia-entity,rr,20,0.02,active_judge,188,1621,995,0,0,0.0,0.23523277485896363,0.08565605610450257,0.08986558369208172,0.02,399,4,156
dbpedia-entity,rr,20,0.02,strat_pilot,188,1603,995,0,0,0.0,0.08573693024506672,0.08565605610450257,0.08986558369208172,0.02,399,4,156
dbpedia-entity,rr,20,0.02,weighted_cv,188,1625,995,0,0,0.0,0.06596911450833612,0.08565605610450257,0.08986558369208172,0.02,399,4,156
dbpedia-entity,rr,20,0.02,active_cv,188,1652,995,1,0,0.0,0.08664657046222482,0.08565605610450257,0.08986558369208172,0.02,399,4,156
dbpedia-entity,rr,20,0.02,weighted_cvl,188,1633,995,0,0,0.0,0.06810989355174349,0.08565605610450257,0.08986558369208172,0.02,399,4,156
dbpedia-entity,rr,20,0.02,uniform,189,1577,996,0,0,0.0,0.6879327582450794,0.1058402274280518,0.07856407668695294,0.02,399,4,156
dbpedia-entity,rr,20,0.02,uniform_nz,189,1578,996,0,0,0.0,0.518664600983438,0.1058402274280518,0.07856407668695294,0.02,399,4,156
dbpedia-entity,rr,20,0.02,weighted,189,1575,996,0,0,0.0,0.1058402274280518,0.1058402274280518,0.07856407668695294,0.02,399,4,156
dbpedia-entity,rr,20,0.02,active_judge,189,1598,996,0,0,0.0,0.23354023568673962,0.1058402274280518,0.07856407668695294,0.02,399,4,156
dbpedia-entity,rr,20,0.02,strat_pilot,189,1581,996,0,0,0.0,0.10584976813886948,0.1058402274280518,0.07856407668695294,0.02,399,4,156
dbpedia-entity,rr,20,0.02,weighted_cv,189,1593,996,1,0,0.0,0.08265681180096528,0.1058402274280518,0.07856407668695294,0.02,399,4,156
dbpedia-entity,rr,20,0.02,active_cv,189,1612,996,1,0,0.0,0.1084207623761035,0.1058402274280518,0.07856407668695294,0.02,399,4,156
dbpedia-entity,rr,20,0.02,weighted_cvl,189,1652,996,0,0,0.0,0.07203144860974217,0.1058402274280518,0.07856407668695294,0.02,399,4,156
dbpedia-entity,rr,20,0.02,uniform,190,1703,1078,0,0,0.0,0.18294563146094067,0.0859214093173218,0.0563586001656223,0.02,399,4,156
dbpedia-entity,rr,20,0.02,uniform_nz,190,1709,1078,0,0,0.0,0.1087768955472785,0.0859214093173218,0.0563586001656223,0.02,399,4,156
dbpedia-entity,rr,20,0.02,weighted,190,1732,1078,0,0,0.0,0.0859214093173218,0.0859214093173218,0.0563586001656223,0.02,399,4,156
dbpedia-entity,rr,20,0.02,active_judge,190,1681,1078,0,0,0.0,0.17981585281735354,0.0859214093173218,0.0563586001656223,0.02,399,4,156
dbpedia-entity,rr,20,0.02,strat_pilot,190,1695,1078,0,0,0.0,0.08566466086349829,0.0859214093173218,0.0563586001656223,0.02,399,4,156
dbpedia-entity,rr,20,0.02,weighted_cv,190,1716,1078,1,0,0.0,0.06560379744572761,0.0859214093173218,0.0563586001656223,0.02,399,4,156
dbpedia-entity,rr,20,0.02,active_cv,190,1738,1078,0,0,0.0,0.10007753016147769,0.0859214093173218,0.0563586001656223,0.02,399,4,156
dbpedia-entity,rr,20,0.02,weighted_cvl,190,1702,1078,0,0,0.0,0.049662998587830874,0.0859214093173218,0.0563586001656223,0.02,399,4,156
dbpedia-entity,rr,20,0.02,uniform,191,1454,969,0,0,0.0,0.10955366373613673,0.04092138295498893,0.028032461432873315,0.02,399,4,112
dbpedia-entity,rr,20,0.02,uniform_nz,191,1391,969,1,0,0.0,0.045781387105521695,0.04092138295498893,0.028032461432873315,0.02,399,4,112
dbpedia-entity,rr,20,0.02,weighted,191,1394,969,1,0,0.0,0.04092138295498893,0.04092138295498893,0.028032461432873315,0.02,399,4,112
dbpedia-entity,rr,20,0.02,active_judge,191,1432,969,0,0,0.0,0.10763893372191428,0.04092138295498893,0.028032461432873315,0.02,399,4,112
dbpedia-entity,rr,20,0.02,strat_pilot,191,1382,969,1,0,0.0,0.04092183873849715,0.04092138295498893,0.028032461432873315,0.02,399,4,112
dbpedia-entity,rr,20,0.02,weighted_cv,191,1406,969,0,0,0.0,0.03704848495067693,0.04092138295498893,0.028032461432873315,0.02,399,4,112
dbpedia-entity,rr,20,0.02,active_cv,191,1407,969,0,0,0.0,0.06771004220929916,0.04092138295498893,0.028032461432873315,0.02,399,4,112
dbpedia-entity,rr,20,0.02,weighted_cvl,191,1418,969,1,0,0.0,0.026690645476598707,0.04092138295498893,0.028032461432873315,0.02,399,4,112
dbpedia-entity,rr,20,0.02,uniform,192,1623,1009,0,0,0.014157879979795618,0.28985424849010377,0.07833253480468741,0.021518912542588975,0.0058421200202043826,399,4,156
dbpedia-entity,rr,20,0.02,uniform_nz,192,1621,1009,0,0,0.014157879979795618,0.1824673529516721,0.07833253480468741,0.021518912542588975,0.0058421200202043826,399,4,156
dbpedia-entity,rr,20,0.02,weighted,192,1636,1009,0,0,0.014157879979795618,0.07833253480468741,0.07833253480468741,0.021518912542588975,0.0058421200202043826,399,4,156
dbpedia-entity,rr,20,0.02,active_judge,192,1599,1009,0,0,0.014157879979795618,0.14881773154764405,0.07833253480468741,0.021518912542588975,0.0058421200202043826,399,4,156
dbpedia-entity,rr,20,0.02,strat_pilot,192,1601,1009,0,0,0.014157879979795618,0.0783864346898258,0.07833253480468741,0.021518912542588975,0.0058421200202043826,399,4,156
dbpedia-entity,rr,20,0.02,weighted_cv,192,1644,1009,0,0,0.014157879979795618,0.07146542136662803,0.07833253480468741,0.021518912542588975,0.0058421200202043826,399,4,156
dbpedia-entity,rr,20,0.02,active_cv,192,1654,1009,0,0,0.014157879979795618,0.08744349331537868,0.07833253480468741,0.021518912542588975,0.0058421200202043826,399,4,156
dbpedia-entity,rr,20,0.02,weighted_cvl,192,1632,1009,0,0,0.014157879979795618,0.0452570197761995,0.07833253480468741,0.021518912542588975,0.0058421200202043826,399,4,156
dbpedia-entity,rr,20,0.02,uniform,193,1630,999,0,0,0.0,0.22589878095466265,0.09154205374108368,0.05325399527373212,0.02,399,4,156
dbpedia-entity,rr,20,0.02,uniform_nz,193,1640,999,0,0,0.0,0.12404518482135307,0.09154205374108368,0.05325399527373212,0.02,399,4,156
dbpedia-entity,rr,20,0.02,weighted,193,1619,999,0,0,0.0,0.09154205374108368,0.09154205374108368,0.05325399527373212,0.02,399,4,156
dbpedia-entity,rr,20,0.02,active_judge,193,1619,999,0,0,0.0,0.24698634180794782,0.09154205374108368,0.05325399527373212,0.02,399,4,156
dbpedia-entity,rr,20,0.02,strat_pilot,193,1625,999,0,0,0.0,0.091629357200722,0.09154205374108368,0.05325399527373212,0.02,399,4,156
dbpedia-entity,rr,20,0.02,weighted_cv,193,1627,999,0,0,0.0,0.07213576855167259,0.09154205374108368,0.05325399527373212,0.02,399,4,156
dbpedia-entity,rr,20,0.02,active_cv,193,1647,999,0,0,0.0,0.10380542798793617,0.09154205374108368,0.05325399527373212,0.02,399,4,156
dbpedia-entity,rr,20,0.02,weighted_cvl,193,1630,999,0,0,0.0,0.05224318178881082,0.09154205374108368,0.05325399527373212,0.02,399,4,156
dbpedia-entity,rr,20,0.02,uniform,194,1643,1029,0,0,0.0,0.11728881276285774,0.06004986712417633,0.05276230800948306,0.02,399,4,156
dbpedia-entity,rr,20,0.02,uniform_nz,194,1650,1029,0,0,0.0,0.0680106647692549,0.06004986712417633,0.05276230800948306,0.02,399,4,156
dbpedia-entity,rr,20,0.02,weighted,194,1690,1029,0,0,0.0,0.06004986712417633,0.06004986712417633,0.05276230800948306,0.02,399,4,156
dbpedia-entity,rr,20,0.02,active_judge,194,1687,1029,0,0,0.0,0.13036423164089578,0.06004986712417633,0.05276230800948306,0.02,399,4,156
dbpedia-entity,rr,20,0.02,strat_pilot,194,1671,1029,1,0,0.0,0.059953507957110554,0.06004986712417633,0.05276230800948306,0.02,399,4,156
dbpedia-entity,rr,20,0.02,weighted_cv,194,1593,1029,1,0,0.0,0.061509761579142584,0.06004986712417633,0.05276230800948306,0.02,399,4,156
dbpedia-entity,rr,20,0.02,active_cv,194,1688,1029,1,0,0.0,0.08670972489904427,0.06004986712417633,0.05276230800948306,0.02,399,4,156
dbpedia-entity,rr,20,0.02,weighted_cvl,194,1662,1029,1,0,0.0,0.05171310273087717,0.06004986712417633,0.05276230800948306,0.02,399,4,156
dbpedia-entity,rr,20,0.02,uniform,195,1599,989,0,0,0.0,0.15909240487735604,0.07349620714727866,0.04982759156907764,0.02,399,4,156
dbpedia-entity,rr,20,0.02,uniform_nz,195,1627,989,0,0,0.0,0.0884980283677738,0.07349620714727866,0.04982759156907764,0.02,399,4,156
dbpedia-entity,rr,20,0.02,weighted,195,1604,989,0,0,0.0,0.07349620714727866,0.07349620714727866,0.04982759156907764,0.02,399,4,156
dbpedia-entity,rr,20,0.02,active_judge,195,1642,989,1,0,0.0,0.20015954106328326,0.07349620714727866,0.04982759156907764,0.02,399,4,156
dbpedia-entity,rr,20,0.02,strat_pilot,195,1627,989,0,0,0.0,0.07335199829857517,0.07349620714727866,0.04982759156907764,0.02,399,4,156
dbpedia-entity,rr,20,0.02,weighted_cv,195,1589,989,0,0,0.0,0.062048564278587556,0.07349620714727866,0.04982759156907764,0.02,399,4,156
dbpedia-entity,rr,20,0.02,active_cv,195,1639,989,0,0,0.0,0.07187258871899845,0.07349620714727866,0.04982759156907764,0.02,399,4,156
dbpedia-entity,rr,20,0.02,weighted_cvl,195,1612,989,1,0,0.0,0.043069613726864985,0.07349620714727866,0.04982759156907764,0.02,399,4,156
dbpedia-entity,rr,20,0.02,uniform,196,1640,1035,0,0,0.0,0.15360719685351945,0.06793289497898655,0.04713760096113037,0.02,399,4,156
dbpedia-entity,rr,20,0.02,uniform_nz,196,1671,1035,0,0,0.0,0.082093299657845,0.06793289497898655,0.04713760096113037,0.02,399,4,156
dbpedia-entity,rr,20,0.02,weighted,196,1671,1035,1,0,0.0,0.06793289497898655,0.06793289497898655,0.04713760096113037,0.02,399,4,156
dbpedia-entity,rr,20,0.02,active_judge,196,1660,1035,0,0,0.0,0.1920256586731675,0.06793289497898655,0.04713760096113037,0.02,399,4,156
dbpedia-entity,rr,20,0.02,strat_pilot,196,1618,1035,0,0,0.0,0.06772375647948808,0.06793289497898655,0.04713760096113037,0.02,399,4,156
dbpedia-entity,rr,20,0.02,weighted_cv,196,1617,1035,0,0,0.0,0.0737953751301763,0.06793289497898655,0.04713760096113037,0.02,399,4,156
dbpedia-entity,rr,20,0.02,active_cv,196,1671,1035,0,0,0.0,0.11882461510559757,0.06793289497898655,0.04713760096113037,0.02,399,4,156
dbpedia-entity,rr,20,0.02,weighted_cvl,196,1683,1035,0,0,0.0,0.061440898748353415,0.06793289497898655,0.04713760096113037,0.02,399,4,156
dbpedia-entity,rr,20,0.02,uniform,197,1698,1099,0,0,0.006460756346959029,0.22436043092463853,0.0765847538886534,0.023048152885614185,0.013539243653040971,399,4,156
dbpedia-entity,rr,20,0.02,uniform_nz,197,1718,1099,0,0,0.006460756346959029,0.11959700310120765,0.0765847538886534,0.023048152885614185,0.013539243653040971,399,4,156
dbpedia-entity,rr,20,0.02,weighted,197,1724,1099,0,0,0.006460756346959029,0.0765847538886534,0.0765847538886534,0.023048152885614185,0.013539243653040971,399,4,156
dbpedia-entity,rr,20,0.02,active_judge,197,1724,1099,0,0,0.006460756346959029,0.15884745706792783,0.0765847538886534,0.023048152885614185,0.013539243653040971,399,4,156
dbpedia-entity,rr,20,0.02,strat_pilot,197,1694,1099,0,0,0.006460756346959029,0.07671406466037797,0.0765847538886534,0.023048152885614185,0.013539243653040971,399,4,156
dbpedia-entity,rr,20,0.02,weighted_cv,197,1715,1099,0,0,0.006460756346959029,0.06801451184450674,0.0765847538886534,0.023048152885614185,0.013539243653040971,399,4,156
dbpedia-entity,rr,20,0.02,active_cv,197,1703,1099,0,0,0.006460756346959029,0.08570914850307232,0.0765847538886534,0.023048152885614185,0.013539243653040971,399,4,156
dbpedia-entity,rr,20,0.02,weighted_cvl,197,1736,1099,0,0,0.006460756346959029,0.04611836579591992,0.0765847538886534,0.023048152885614185,0.013539243653040971,399,4,156
dbpedia-entity,rr,20,0.02,uniform,198,1751,1121,1,0,0.0,0.17340250358166331,0.08132807692517888,0.06069456269041901,0.02,399,4,156
dbpedia-entity,rr,20,0.02,uniform_nz,198,1729,1121,0,0,0.0,0.0885089947014599,0.08132807692517888,0.06069456269041901,0.02,399,4,156
dbpedia-entity,rr,20,0.02,weighted,198,1741,1121,0,0,0.0,0.08132807692517888,0.08132807692517888,0.06069456269041901,0.02,399,4,156
dbpedia-entity,rr,20,0.02,active_judge,198,1697,1121,0,0,0.0,0.18925667864120574,0.08132807692517888,0.06069456269041901,0.02,399,4,156
dbpedia-entity,rr,20,0.02,strat_pilot,198,1732,1121,0,0,0.0,0.0808297105774991,0.08132807692517888,0.06069456269041901,0.02,399,4,156
dbpedia-entity,rr,20,0.02,weighted_cv,198,1779,1121,0,0,0.0,0.059150010877092894,0.08132807692517888,0.06069456269041901,0.02,399,4,156
dbpedia-entity,rr,20,0.02,active_cv,198,1743,1121,0,0,0.0,0.08344660438888332,0.08132807692517888,0.06069456269041901,0.02,399,4,156
dbpedia-entity,rr,20,0.02,weighted_cvl,198,1758,1121,1,0,0.0,0.05912619625128561,0.08132807692517888,0.06069456269041901,0.02,399,4,156
dbpedia-entity,rr,20,0.02,uniform,199,1735,1094,0,0,0.0028180858011567778,0.2742570321393575,0.1086752881959578,0.05567435427125712,0.017181914198843223,399,4,156
dbpedia-entity,rr,20,0.02,uniform_nz,199,1737,1094,0,0,0.0028180858011567778,0.16220724018936428,0.1086752881959578,0.05567435427125712,0.017181914198843223,399,4,156
dbpedia-entity,rr,20,0.02,weighted,199,1745,1094,0,0,0.0028180858011567778,0.1086752881959578,0.1086752881959578,0.05567435427125712,0.017181914198843223,399,4,156
dbpedia-entity,rr,20,0.02,active_judge,199,1714,1094,0,0,0.0028180858011567778,0.23509503041916738,0.1086752881959578,0.05567435427125712,0.017181914198843223,399,4,156
dbpedia-entity,rr,20,0.02,strat_pilot,199,1712,1094,0,0,0.0028180858011567778,0.10856097941822285,0.1086752881959578,0.05567435427125712,0.017181914198843223,399,4,156
dbpedia-entity,rr,20,0.02,weighted_cv,199,1731,1094,0,0,0.0028180858011567778,0.10480540872561897,0.1086752881959578,0.05567435427125712,0.017181914198843223,399,4,156
dbpedia-entity,rr,20,0.02,active_cv,199,1763,1094,0,0,0.0028180858011567778,0.13580511889466823,0.1086752881959578,0.05567435427125712,0.017181914198843223,399,4,156
dbpedia-entity,rr,20,0.02,weighted_cvl,199,1696,1094,0,0,0.0028180858011567778,0.10677451744074282,0.1086752881959578,0.05567435427125712,0.017181914198843223,399,4,156
dbpedia-entity,rr,20,0.02,uniform,200,1324,939,0,0,0.0,0.5654927391991033,0.05882500245102371,0.08453537475596301,0.02,399,4,91
dbpedia-entity,rr,20,0.02,uniform_nz,200,1307,939,0,0,0.0,0.1533441201705458,0.05882500245102371,0.08453537475596301,0.02,399,4,91
dbpedia-entity,rr,20,0.02,weighted,200,1311,939,1,0,0.0,0.05882500245102371,0.05882500245102371,0.08453537475596301,0.02,399,4,91
dbpedia-entity,rr,20,0.02,active_judge,200,1301,939,0,0,0.0,0.20869749494930573,0.05882500245102371,0.08453537475596301,0.02,399,4,91
dbpedia-entity,rr,20,0.02,strat_pilot,200,1332,939,1,0,0.0,0.058563265576850466,0.05882500245102371,0.08453537475596301,0.02,399,4,91
dbpedia-entity,rr,20,0.02,weighted_cv,200,1301,939,1,0,0.0,0.07175600060679824,0.05882500245102371,0.08453537475596301,0.02,399,4,91
dbpedia-entity,rr,20,0.02,active_cv,200,1300,939,0,0,0.0,0.13441623794668994,0.05882500245102371,0.08453537475596301,0.02,399,4,91
dbpedia-entity,rr,20,0.02,weighted_cvl,200,1289,939,1,0,0.0,0.0394878831287989,0.05882500245102371,0.08453537475596301,0.02,399,4,91
dbpedia-entity,rr,20,0.02,uniform,201,1660,1029,0,0,0.0,0.18898870222606626,0.08926133013091524,0.06276017000694188,0.02,399,4,156
dbpedia-entity,rr,20,0.02,uniform_nz,201,1625,1029,1,0,0.0,0.1113154226515987,0.08926133013091524,0.06276017000694188,0.02,399,4,156
dbpedia-entity,rr,20,0.02,weighted,201,1679,1029,1,0,0.0,0.08926133013091524,0.08926133013091524,0.06276017000694188,0.02,399,4,156
dbpedia-entity,rr,20,0.02,active_judge,201,1666,1029,0,0,0.0,0.21571926846977654,0.08926133013091524,0.06276017000694188,0.02,399,4,156
dbpedia-entity,rr,20,0.02,strat_pilot,201,1660,1029,0,0,0.0,0.08922354246198495,0.08926133013091524,0.06276017000694188,0.02,399,4,156
dbpedia-entity,rr,20,0.02,weighted_cv,201,1645,1029,1,0,0.0,0.05975797157275409,0.08926133013091524,0.06276017000694188,0.02,399,4,156
dbpedia-entity,rr,20,0.02,active_cv,201,1662,1029,0,0,0.0,0.07502961570673654,0.08926133013091524,0.06276017000694188,0.02,399,4,156
dbpedia-entity,rr,20,0.02,weighted_cvl,201,1649,1029,0,0,0.0,0.05558576545176415,0.08926133013091524,0.06276017000694188,0.02,399,4,156
dbpedia-entity,rr,20,0.02,uniform,202,1576,950,0,0,0.010780924012538828,0.27484258631422565,0.11122264481270357,0.030531176643755112,0.009219075987461172,399,4,156
dbpedia-entity,rr,20,0.02,uniform_nz,202,1556,950,0,0,0.010780924012538828,0.16365941939511242,0.11122264481270357,0.030531176643755112,0.009219075987461172,399,4,156
dbpedia-entity,rr,20,0.02,weighted,202,1571,950,0,0,0.010780924012538828,0.11122264481270357,0.11122264481270357,0.030531176643755112,0.009219075987461172,399,4,156
dbpedia-entity,rr,20,0.02,active_judge,202,1625,950,0,0,0.010780924012538828,0.25927160731100446,0.11122264481270357,0.030531176643755112,0.009219075987461172,399,4,156
dbpedia-entity,rr,20,0.02,strat_pilot,202,1572,950,0,0,0.010780924012538828,0.11138134731991264,0.11122264481270357,0.030531176643755112,0.009219075987461172,399,4,156
dbpedia-entity,rr,20,0.02,weighted_cv,202,1578,950,1,0,0.010780924012538828,0.07475326505534223,0.11122264481270357,0.030531176643755112,0.009219075987461172,399,4,156
dbpedia-entity,rr,20,0.02,active_cv,202,1596,950,0,0,0.010780924012538828,0.09825512970014781,0.11122264481270357,0.030531176643755112,0.009219075987461172,399,4,156
dbpedia-entity,rr,20,0.02,weighted_cvl,202,1589,950,1,0,0.010780924012538828,0.05814741605173808,0.11122264481270357,0.030531176643755112,0.009219075987461172,399,4,156
dbpedia-entity,rr,20,0.02,uniform,203,1670,1043,0,0,0.006562035410123679,0.2502070267934132,0.08485583140583029,0.053652666516191216,0.013437964589876322,399,4,156
dbpedia-entity,rr,20,0.02,uniform_nz,203,1647,1043,0,0,0.006562035410123679,0.12621528897415024,0.08485583140583029,0.053652666516191216,0.013437964589876322,399,4,156
dbpedia-entity,rr,20,0.02,weighted,203,1672,1043,0,0,0.006562035410123679,0.08485583140583029,0.08485583140583029,0.053652666516191216,0.013437964589876322,399,4,156
dbpedia-entity,rr,20,0.02,active_judge,203,1673,1043,0,0,0.006562035410123679,0.23224557213897357,0.08485583140583029,0.053652666516191216,0.013437964589876322,399,4,156
dbpedia-entity,rr,20,0.02,strat_pilot,203,1646,1043,0,0,0.006562035410123679,0.08444154356270095,0.08485583140583029,0.053652666516191216,0.013437964589876322,399,4,156
dbpedia-entity,rr,20,0.02,weighted_cv,203,1707,1043,0,0,0.006562035410123679,0.09259392785575718,0.08485583140583029,0.053652666516191216,0.013437964589876322,399,4,156
dbpedia-entity,rr,20,0.02,active_cv,203,1645,1043,0,0,0.006562035410123679,0.1445221301012254,0.08485583140583029,0.053652666516191216,0.013437964589876322,399,4,156
dbpedia-entity,rr,20,0.02,weighted_cvl,203,1662,1043,0,0,0.006562035410123679,0.05601165302856233,0.08485583140583029,0.053652666516191216,0.013437964589876322,399,4,156
dbpedia-entity,rr,20,0.02,uniform,204,1694,1081,0,0,0.0,0.21276750770224462,0.09084567640632028,0.035817204454144796,0.02,399,4,156
dbpedia-entity,rr,20,0.02,uniform_nz,204,1704,1081,0,0,0.0,0.12796224672915044,0.09084567640632028,0.035817204454144796,0.02,399,4,156
dbpedia-entity,rr,20,0.02,weighted,204,1694,1081,0,0,0.0,0.09084567640632028,0.09084567640632028,0.035817204454144796,0.02,399,4,156
dbpedia-entity,rr,20,0.02,active_judge,204,1689,1081,0,0,0.0,0.18148894566908483,0.09084567640632028,0.035817204454144796,0.02,399,4,156
dbpedia-entity,rr,20,0.02,strat_pilot,204,1693,1081,0,0,0.0,0.09084810960437646,0.09084567640632028,0.035817204454144796,0.02,399,4,156
dbpedia-entity,rr,20,0.02,weighted_cv,204,1686,1081,0,0,0.0,0.061643273641772744,0.09084567640632028,0.035817204454144796,0.02,399,4,156
dbpedia-entity,rr,20,0.02,active_cv,204,1725,1081,0,0,0.0,0.08963754840488514,0.09084567640632028,0.035817204454144796,0.02,399,4,156
dbpedia-entity,rr,20,0.02,weighted_cvl,204,1743,1081,0,0,0.0,0.05050987642195739,0.09084567640632028,0.035817204454144796,0.02,399,4,156
dbpedia-entity,rr,20,0.02,uniform,205,1684,1098,0,0,0.0,0.21412655528782,0.08426697865617529,0.06915558513997312,0.02,399,4,156
dbpedia-entity,rr,20,0.02,uniform_nz,205,1672,1098,0,0,0.0,0.10297440519559982,0.08426697865617529,0.06915558513997312,0.02,399,4,156
dbpedia-entity,rr,20,0.02,weighted,205,1745,1098,0,0,0.0,0.08426697865617529,0.08426697865617529,0.06915558513997312,0.02,399,4,156
dbpedia-entity,rr,20,0.02,active_judge,205,1714,1098,0,0,0.0,0.23967391256412532,0.08426697865617529,0.06915558513997312,0.02,399,4,156
dbpedia-entity,rr,20,0.02,strat_pilot,205,1715,1098,0,0,0.0,0.08433364374404659,0.08426697865617529,0.06915558513997312,0.02,399,4,156
dbpedia-entity,rr,20,0.02,weighted_cv,205,1707,1098,0,0,0.0,0.06384202229407979,0.08426697865617529,0.06915558513997312,0.02,399,4,156
dbpedia-entity,rr,20,0.02,active_cv,205,1742,1098,0,0,0.0,0.1234087458313426,0.08426697865617529,0.06915558513997312,0.02,399,4,156
dbpedia-entity,rr,20,0.02,weighted_cvl,205,1719,1098,0,0,0.0,0.060465986531186455,0.08426697865617529,0.06915558513997312,0.02,399,4,156
dbpedia-entity,rr,20,0.02,uniform,206,1595,1005,0,0,0.006593057482358944,0.14385020988340236,0.08279503065671612,0.06205119398784674,0.013406942517641057,399,4,156
dbpedia-entity,rr,20,0.02,uniform_nz,206,1598,1005,1,0,0.006593057482358944,0.09045606024682556,0.08279503065671612,0.06205119398784674,0.013406942517641057,399,4,156
dbpedia-entity,rr,20,0.02,weighted,206,1629,1005,0,0,0.006593057482358944,0.08279503065671612,0.08279503065671612,0.06205119398784674,0.013406942517641057,399,4,156
dbpedia-entity,rr,20,0.02,active_judge,206,1648,1005,0,0,0.006593057482358944,0.158478936007365,0.08279503065671612,0.06205119398784674,0.013406942517641057,399,4,156
dbpedia-entity,rr,20,0.02,strat_pilot,206,1638,1005,0,0,0.006593057482358944,0.08282753360509601,0.08279503065671612,0.06205119398784674,0.013406942517641057,399,4,156
dbpedia-entity,rr,20,0.02,weighted_cv,206,1649,1005,0,0,0.006593057482358944,0.04606076299055255,0.08279503065671612,0.06205119398784674,0.013406942517641057,399,4,156
dbpedia-entity,rr,20,0.02,active_cv,206,1671,1005,0,0,0.006593057482358944,0.06120159509219467,0.08279503065671612,0.06205119398784674,0.013406942517641057,399,4,156
dbpedia-entity,rr,20,0.02,weighted_cvl,206,1590,1005,0,0,0.006593057482358944,0.05758908250404184,0.08279503065671612,0.06205119398784674,0.013406942517641057,399,4,156
dbpedia-entity,rr,20,0.02,uniform,207,1656,1051,0,0,0.0,0.13624210004223625,0.06072494328443523,0.016938174142205654,0.02,399,4,156
dbpedia-entity,rr,20,0.02,uniform_nz,207,1708,1051,0,0,0.0,0.07574695749793967,0.06072494328443523,0.016938174142205654,0.02,399,4,156
dbpedia-entity,rr,20,0.02,weighted,207,1707,1051,0,0,0.0,0.06072494328443523,0.06072494328443523,0.016938174142205654,0.02,399,4,156
dbpedia-entity,rr,20,0.02,active_judge,207,1659,1051,0,0,0.0,0.167313881873369,0.06072494328443523,0.016938174142205654,0.02,399,4,156
dbpedia-entity,rr,20,0.02,strat_pilot,207,1627,1051,0,0,0.0,0.06052022967270939,0.06072494328443523,0.016938174142205654,0.02,399,4,156
dbpedia-entity,rr,20,0.02,weighted_cv,207,1695,1051,0,0,0.0,0.04966769981197209,0.06072494328443523,0.016938174142205654,0.02,399,4,156
dbpedia-entity,rr,20,0.02,active_cv,207,1699,1051,0,0,0.0,0.07204336205704823,0.06072494328443523,0.016938174142205654,0.02,399,4,156
dbpedia-entity,rr,20,0.02,weighted_cvl,207,1697,1051,0,0,0.0,0.0315821909060093,0.06072494328443523,0.016938174142205654,0.02,399,4,156
dbpedia-entity,rr,20,0.02,uniform,208,1704,1060,0,0,0.0,0.17383321774330476,0.08920735587002396,0.06369664668830473,0.02,399,4,156
dbpedia-entity,rr,20,0.02,uniform_nz,208,1677,1060,0,0,0.0,0.10380268326001799,0.08920735587002396,0.06369664668830473,0.02,399,4,156
dbpedia-entity,rr,20,0.02,weighted,208,1651,1060,0,0,0.0,0.08920735587002396,0.08920735587002396,0.06369664668830473,0.02,399,4,156
dbpedia-entity,rr,20,0.02,active_judge,208,1681,1060,0,0,0.0,0.21409574311133855,0.08920735587002396,0.06369664668830473,0.02,399,4,156
dbpedia-entity,rr,20,0.02,strat_pilot,208,1706,1060,0,0,0.0,0.08923133847114369,0.08920735587002396,0.06369664668830473,0.02,399,4,156
dbpedia-entity,rr,20,0.02,weighted_cv,208,1719,1060,0,0,0.0,0.06239198476669052,0.08920735587002396,0.06369664668830473,0.02,399,4,156
dbpedia-entity,rr,20,0.02,active_cv,208,1648,1060,0,0,0.0,0.08589944021087248,0.08920735587002396,0.06369664668830473,0.02,399,4,156
dbpedia-entity,rr,20,0.02,weighted_cvl,208,1659,1060,1,0,0.0,0.07941937325288341,0.08920735587002396,0.06369664668830473,0.02,399,4,156
dbpedia-entity,rr,20,0.02,uniform,209,1544,962,0,0,0.00887546578859294,0.3255767976302049,0.09827075801002677,0.043031554341351044,0.01112453421140706,399,4,156
dbpedia-entity,rr,20,0.02,uniform_nz,209,1603,962,0,0,0.00887546578859294,0.18513847047942536,0.09827075801002677,0.043031554341351044,0.01112453421140706,399,4,156
dbpedia-entity,rr,20,0.02,weighted,209,1607,962,0,0,0.00887546578859294,0.09827075801002677,0.09827075801002677,0.043031554341351044,0.01112453421140706,399,4,156
dbpedia-entity,rr,20,0.02,active_judge,209,1575,962,0,0,0.00887546578859294,0.26079687813904423,0.09827075801002677,0.043031554341351044,0.01112453421140706,399,4,156
dbpedia-entity,rr,20,0.02,strat_pilot,209,1559,962,0,0,0.00887546578859294,0.09813768201801365,0.09827075801002677,0.043031554341351044,0.01112453421140706,399,4,156
dbpedia-entity,rr,20,0.02,weighted_cv,209,1580,962,0,0,0.00887546578859294,0.06672320939853248,0.09827075801002677,0.043031554341351044,0.01112453421140706,399,4,156
dbpedia-entity,rr,20,0.02,active_cv,209,1548,962,1,0,0.00887546578859294,0.07410267240560962,0.09827075801002677,0.043031554341351044,0.01112453421140706,399,4,156
dbpedia-entity,rr,20,0.02,weighted_cvl,209,1583,962,0,0,0.00887546578859294,0.04718050953313875,0.09827075801002677,0.043031554341351044,0.01112453421140706,399,4,156
dbpedia-entity,rr,20,0.02,uniform,210,1601,967,0,0,0.0,0.17240589214448548,0.06393356965836741,0.042854072574819616,0.02,399,4,156
dbpedia-entity,rr,20,0.02,uniform_nz,210,1576,967,0,0,0.0,0.10245085170988166,0.06393356965836741,0.042854072574819616,0.02,399,4,156
dbpedia-entity,rr,20,0.02,weighted,210,1536,967,1,0,0.0,0.06393356965836741,0.06393356965836741,0.042854072574819616,0.02,399,4,156
dbpedia-entity,rr,20,0.02,active_judge,210,1576,967,0,0,0.0,0.12190662852123697,0.06393356965836741,0.042854072574819616,0.02,399,4,156
dbpedia-entity,rr,20,0.02,strat_pilot,210,1603,967,0,0,0.0,0.0641102710232053,0.06393356965836741,0.042854072574819616,0.02,399,4,156
dbpedia-entity,rr,20,0.02,weighted_cv,210,1607,967,1,0,0.0,0.04029482532781897,0.06393356965836741,0.042854072574819616,0.02,399,4,156
dbpedia-entity,rr,20,0.02,active_cv,210,1632,967,0,0,0.0,0.056009414445872166,0.06393356965836741,0.042854072574819616,0.02,399,4,156
dbpedia-entity,rr,20,0.02,weighted_cvl,210,1592,967,0,0,0.0,0.03302356502360242,0.06393356965836741,0.042854072574819616,0.02,399,4,156
dbpedia-entity,rr,20,0.02,uniform,211,1654,1020,0,0,0.0,0.1324976468405229,0.07414279219170616,0.08650557701736847,0.02,399,4,156
dbpedia-entity,rr,20,0.02,uniform_nz,211,1600,1020,0,0,0.0,0.0810760837737942,0.07414279219170616,0.08650557701736847,0.02,399,4,156
dbpedia-entity,rr,20,0.02,weighted,211,1628,1020,0,0,0.0,0.07414279219170616,0.07414279219170616,0.08650557701736847,0.02,399,4,156
dbpedia-entity,rr,20,0.02,active_judge,211,1651,1020,0,0,0.0,0.18427184080315934,0.07414279219170616,0.08650557701736847,0.02,399,4,156
dbpedia-entity,rr,20,0.02,strat_pilot,211,1672,1020,0,0,0.0,0.0738931213882999,0.07414279219170616,0.08650557701736847,0.02,399,4,156
dbpedia-entity,rr,20,0.02,weighted_cv,211,1672,1020,0,0,0.0,0.06068278670503049,0.07414279219170616,0.08650557701736847,0.02,399,4,156
dbpedia-entity,rr,20,0.02,active_cv,211,1672,1020,0,0,0.0,0.09531318708576868,0.07414279219170616,0.08650557701736847,0.02,399,4,156
dbpedia-entity,rr,20,0.02,weighted_cvl,211,1652,1020,0,0,0.0,0.0656524153303186,0.07414279219170616,0.08650557701736847,0.02,399,4,156
dbpedia-entity,rr,20,0.02,uniform,212,1670,1018,0,0,0.008981033309021114,0.28432768745308595,0.10822451181726014,0.05743823134145065,0.011018966690978887,399,4,156
dbpedia-entity,rr,20,0.02,uniform_nz,212,1655,1018,0,0,0.008981033309021114,0.16095682628021138,0.10822451181726014,0.05743823134145065,0.011018966690978887,399,4,156
dbpedia-entity,rr,20,0.02,weighted,212,1630,1018,0,0,0.008981033309021114,0.10822451181726014,0.10822451181726014,0.05743823134145065,0.011018966690978887,399,4,156
dbpedia-entity,rr,20,0.02,active_judge,212,1707,1018,0,0,0.008981033309021114,0.29022321695600234,0.10822451181726014,0.05743823134145065,0.011018966690978887,399,4,156
dbpedia-entity,rr,20,0.02,strat_pilot,212,1655,1018,0,0,0.008981033309021114,0.10817716516776862,0.10822451181726014,0.05743823134145065,0.011018966690978887,399,4,156
dbpedia-entity,rr,20,0.02,weighted_cv,212,1666,1018,0,0,0.008981033309021114,0.08934431197218067,0.10822451181726014,0.05743823134145065,0.011018966690978887,399,4,156
dbpedia-entity,rr,20,0.02,active_cv,212,1602,1018,0,0,0.008981033309021114,0.15939066537448268,0.10822451181726014,0.05743823134145065,0.011018966690978887,399,4,156
dbpedia-entity,rr,20,0.02,weighted_cvl,212,1640,1018,0,0,0.008981033309021114,0.07449426526031233,0.10822451181726014,0.05743823134145065,0.011018966690978887,399,4,156
dbpedia-entity,rr,20,0.02,uniform,213,1675,1059,0,0,0.0,0.15665575180025443,0.07867302548783875,0.06874768658050391,0.02,399,4,156
dbpedia-entity,rr,20,0.02,uniform_nz,213,1684,1059,0,0,0.0,0.08968880997046082,0.07867302548783875,0.06874768658050391,0.02,399,4,156
dbpedia-entity,rr,20,0.02,weighted,213,1689,1059,1,0,0.0,0.07867302548783875,0.07867302548783875,0.06874768658050391,0.02,399,4,156
dbpedia-entity,rr,20,0.02,active_judge,213,1676,1059,1,0,0.0,0.1736401984692376,0.07867302548783875,0.06874768658050391,0.02,399,4,156
dbpedia-entity,rr,20,0.02,strat_pilot,213,1699,1059,0,0,0.0,0.07874246334459424,0.07867302548783875,0.06874768658050391,0.02,399,4,156
dbpedia-entity,rr,20,0.02,weighted_cv,213,1654,1059,0,0,0.0,0.07619337776402293,0.07867302548783875,0.06874768658050391,0.02,399,4,156
dbpedia-entity,rr,20,0.02,active_cv,213,1681,1059,0,0,0.0,0.094331445789444,0.07867302548783875,0.06874768658050391,0.02,399,4,156
dbpedia-entity,rr,20,0.02,weighted_cvl,213,1702,1059,1,0,0.0,0.060511414331771554,0.07867302548783875,0.06874768658050391,0.02,399,4,156
dbpedia-entity,rr,20,0.02,uniform,214,1587,991,0,0,0.0,0.22067183389976325,0.10004040274944899,0.042211006066491544,0.02,399,4,156
dbpedia-entity,rr,20,0.02,uniform_nz,214,1598,991,0,0,0.0,0.12956604331971103,0.10004040274944899,0.042211006066491544,0.02,399,4,156
dbpedia-entity,rr,20,0.02,weighted,214,1600,991,0,0,0.0,0.10004040274944899,0.10004040274944899,0.042211006066491544,0.02,399,4,156
dbpedia-entity,rr,20,0.02,active_judge,214,1607,991,0,0,0.0,0.25383549388386306,0.10004040274944899,0.042211006066491544,0.02,399,4,156
dbpedia-entity,rr,20,0.02,strat_pilot,214,1589,991,0,0,0.0,0.09998985628341364,0.10004040274944899,0.042211006066491544,0.02,399,4,156
dbpedia-entity,rr,20,0.02,weighted_cv,214,1588,991,0,0,0.0,0.07040421461123121,0.10004040274944899,0.042211006066491544,0.02,399,4,156
dbpedia-entity,rr,20,0.02,active_cv,214,1606,991,0,0,0.0,0.09397708194965781,0.10004040274944899,0.042211006066491544,0.02,399,4,156
dbpedia-entity,rr,20,0.02,weighted_cvl,214,1593,991,0,0,0.0,0.06246884116675777,0.10004040274944899,0.042211006066491544,0.02,399,4,156
dbpedia-entity,rr,20,0.02,uniform,215,1599,985,0,0,0.0,0.3408389359587661,0.06450108360485982,0.03680216884963468,0.02,399,4,156
dbpedia-entity,rr,20,0.02,uniform_nz,215,1616,985,1,0,0.0,0.258094140688305,0.06450108360485982,0.03680216884963468,0.02,399,4,156
dbpedia-entity,rr,20,0.02,weighted,215,1596,985,0,0,0.0,0.06450108360485982,0.06450108360485982,0.03680216884963468,0.02,399,4,156
dbpedia-entity,rr,20,0.02,active_judge,215,1649,985,0,0,0.0,0.16454872216552374,0.06450108360485982,0.03680216884963468,0.02,399,4,156
dbpedia-entity,rr,20,0.02,strat_pilot,215,1579,985,0,0,0.0,0.06416588259425224,0.06450108360485982,0.03680216884963468,0.02,399,4,156
dbpedia-entity,rr,20,0.02,weighted_cv,215,1548,985,0,0,0.0,0.06226893297564492,0.06450108360485982,0.03680216884963468,0.02,399,4,156
dbpedia-entity,rr,20,0.02,active_cv,215,1630,985,0,0,0.0,0.08118931534744048,0.06450108360485982,0.03680216884963468,0.02,399,4,156
dbpedia-entity,rr,20,0.02,weighted_cvl,215,1606,985,1,0,0.0,0.05412385230508251,0.06450108360485982,0.03680216884963468,0.02,399,4,156
dbpedia-entity,rr,20,0.02,uniform,216,1635,1048,0,0,0.0,0.15572851797640547,0.074805143824583,0.039759092544918585,0.02,399,4,156
dbpedia-entity,rr,20,0.02,uniform_nz,216,1609,1048,0,0,0.0,0.08891424823591601,0.074805143824583,0.039759092544918585,0.02,399,4,156
dbpedia-entity,rr,20,0.02,weighted,216,1671,1048,1,0,0.0,0.074805143824583,0.074805143824583,0.039759092544918585,0.02,399,4,156
dbpedia-entity,rr,20,0.02,active_judge,216,1692,1048,0,0,0.0,0.17223321418935061,0.074805143824583,0.039759092544918585,0.02,399,4,156
dbpedia-entity,rr,20,0.02,strat_pilot,216,1649,1048,1,0,0.0,0.07483123901431964,0.074805143824583,0.039759092544918585,0.02,399,4,156
dbpedia-entity,rr,20,0.02,weighted_cv,216,1701,1048,0,0,0.0,0.06156436337701225,0.074805143824583,0.039759092544918585,0.02,399,4,156
dbpedia-entity,rr,20,0.02,active_cv,216,1720,1048,0,0,0.0,0.077936567471881,0.074805143824583,0.039759092544918585,0.02,399,4,156
dbpedia-entity,rr,20,0.02,weighted_cvl,216,1697,1048,1,0,0.0,0.04451336736720705,0.074805143824583,0.039759092544918585,0.02,399,4,156
dbpedia-entity,rr,20,0.02,uniform,217,1686,1081,0,0,0.0,0.1589677627050376,0.0747384867814376,0.043630381386808886,0.02,399,4,156
dbpedia-entity,rr,20,0.02,uniform_nz,217,1723,1081,0,0,0.0,0.08831386575105671,0.0747384867814376,0.043630381386808886,0.02,399,4,156
dbpedia-entity,rr,20,0.02,weighted,217,1687,1081,0,0,0.0,0.0747384867814376,0.0747384867814376,0.043630381386808886,0.02,399,4,156
dbpedia-entity,rr,20,0.02,active_judge,217,1726,1081,1,0,0.0,0.19743717201617492,0.0747384867814376,0.043630381386808886,0.02,399,4,156
dbpedia-entity,rr,20,0.02,strat_pilot,217,1738,1081,0,0,0.0,0.07481340376872289,0.0747384867814376,0.043630381386808886,0.02,399,4,156
dbpedia-entity,rr,20,0.02,weighted_cv,217,1735,1081,0,0,0.0,0.07922761318272255,0.0747384867814376,0.043630381386808886,0.02,399,4,156
dbpedia-entity,rr,20,0.02,active_cv,217,1735,1081,0,0,0.0,0.11188876118325868,0.0747384867814376,0.043630381386808886,0.02,399,4,156
dbpedia-entity,rr,20,0.02,weighted_cvl,217,1689,1081,0,0,0.0,0.056168767286872236,0.0747384867814376,0.043630381386808886,0.02,399,4,156
dbpedia-entity,rr,20,0.02,uniform,218,1715,1050,0,0,0.0,0.25677766893822335,0.08465777378648374,0.02487752567297473,0.02,399,4,156
dbpedia-entity,rr,20,0.02,uniform_nz,218,1654,1050,0,0,0.0,0.1452976850328187,0.08465777378648374,0.02487752567297473,0.02,399,4,156
dbpedia-entity,rr,20,0.02,weighted,218,1631,1050,0,0,0.0,0.08465777378648374,0.08465777378648374,0.02487752567297473,0.02,399,4,156
dbpedia-entity,rr,20,0.02,active_judge,218,1682,1050,0,0,0.0,0.15525864560172914,0.08465777378648374,0.02487752567297473,0.02,399,4,156
dbpedia-entity,rr,20,0.02,strat_pilot,218,1686,1050,0,0,0.0,0.0846543839526434,0.08465777378648374,0.02487752567297473,0.02,399,4,156
dbpedia-entity,rr,20,0.02,weighted_cv,218,1674,1050,0,0,0.0,0.04775802513204868,0.08465777378648374,0.02487752567297473,0.02,399,4,156
dbpedia-entity,rr,20,0.02,active_cv,218,1657,1050,0,0,0.0,0.056530779329340974,0.08465777378648374,0.02487752567297473,0.02,399,4,156
dbpedia-entity,rr,20,0.02,weighted_cvl,218,1714,1050,0,0,0.0,0.03825890557934293,0.08465777378648374,0.02487752567297473,0.02,399,4,156
dbpedia-entity,rr,20,0.02,uniform,219,1672,1060,0,0,0.012827021474787093,0.4562170983021886,0.10401130551730564,0.04705975195068612,0.007172978525212908,399,4,156
dbpedia-entity,rr,20,0.02,uniform_nz,219,1693,1060,0,0,0.012827021474787093,0.24562986881280455,0.10401130551730564,0.04705975195068612,0.007172978525212908,399,4,156
dbpedia-entity,rr,20,0.02,weighted,219,1706,1060,0,0,0.012827021474787093,0.10401130551730564,0.10401130551730564,0.04705975195068612,0.007172978525212908,399,4,156
dbpedia-entity,rr,20,0.02,active_judge,219,1677,1060,0,0,0.012827021474787093,0.2453384816714678,0.10401130551730564,0.04705975195068612,0.007172978525212908,399,4,156
dbpedia-entity,rr,20,0.02,strat_pilot,219,1673,1060,0,0,0.012827021474787093,0.10376680096488862,0.10401130551730564,0.04705975195068612,0.007172978525212908,399,4,156
dbpedia-entity,rr,20,0.02,weighted_cv,219,1695,1060,0,0,0.012827021474787093,0.07964354169268961,0.10401130551730564,0.04705975195068612,0.007172978525212908,399,4,156
dbpedia-entity,rr,20,0.02,active_cv,219,1693,1060,0,0,0.012827021474787093,0.1096589501881032,0.10401130551730564,0.04705975195068612,0.007172978525212908,399,4,156
dbpedia-entity,rr,20,0.02,weighted_cvl,219,1651,1060,0,0,0.012827021474787093,0.05854428351785255,0.10401130551730564,0.04705975195068612,0.007172978525212908,399,4,156
dbpedia-entity,rr,20,0.02,uniform,220,1469,995,0,0,0.0,0.17384100709112316,0.06183192188770546,0.06102396741695165,0.02,399,4,112
dbpedia-entity,rr,20,0.02,uniform_nz,220,1436,995,0,0,0.0,0.0718010518738621,0.06183192188770546,0.06102396741695165,0.02,399,4,112
dbpedia-entity,rr,20,0.02,weighted,220,1422,995,1,0,0.0,0.06183192188770546,0.06183192188770546,0.06102396741695165,0.02,399,4,112
dbpedia-entity,rr,20,0.02,active_judge,220,1436,995,0,0,0.0,0.16016202881878078,0.06183192188770546,0.06102396741695165,0.02,399,4,112
dbpedia-entity,rr,20,0.02,strat_pilot,220,1457,995,0,0,0.0,0.0617722288525432,0.06183192188770546,0.06102396741695165,0.02,399,4,112
dbpedia-entity,rr,20,0.02,weighted_cv,220,1430,995,0,0,0.0,0.07259347089985246,0.06183192188770546,0.06102396741695165,0.02,399,4,112
dbpedia-entity,rr,20,0.02,active_cv,220,1469,995,1,0,0.0,0.09807291997197196,0.06183192188770546,0.06102396741695165,0.02,399,4,112
dbpedia-entity,rr,20,0.02,weighted_cvl,220,1454,995,1,0,0.0,0.04096031678894172,0.06183192188770546,0.06102396741695165,0.02,399,4,112
dbpedia-entity,rr,20,0.02,uniform,221,1625,1001,0,0,0.01614325985711873,0.6285252192333657,0.0745017897720647,0.04343640888635131,0.00385674014288127,399,4,156
dbpedia-entity,rr,20,0.02,uniform_nz,221,1625,1001,0,0,0.01614325985711873,0.4768641656545361,0.0745017897720647,0.04343640888635131,0.00385674014288127,399,4,156
dbpedia-entity,rr,20,0.02,weighted,221,1601,1001,0,0,0.01614325985711873,0.0745017897720647,0.0745017897720647,0.04343640888635131,0.00385674014288127,399,4,156
dbpedia-entity,rr,20,0.02,active_judge,221,1596,1001,0,0,0.01614325985711873,0.17964198688159752,0.0745017897720647,0.04343640888635131,0.00385674014288127,399,4,156
dbpedia-entity,rr,20,0.02,strat_pilot,221,1619,1001,0,0,0.01614325985711873,0.07464481088219439,0.0745017897720647,0.04343640888635131,0.00385674014288127,399,4,156
dbpedia-entity,rr,20,0.02,weighted_cv,221,1657,1001,0,0,0.01614325985711873,0.055535621917499875,0.0745017897720647,0.04343640888635131,0.00385674014288127,399,4,156
dbpedia-entity,rr,20,0.02,active_cv,221,1667,1001,0,0,0.01614325985711873,0.06354266013136771,0.0745017897720647,0.04343640888635131,0.00385674014288127,399,4,156
dbpedia-entity,rr,20,0.02,weighted_cvl,221,1620,1001,0,0,0.01614325985711873,0.055535621917499875,0.0745017897720647,0.04343640888635131,0.00385674014288127,399,4,156
dbpedia-entity,rr,20,0.02,uniform,222,1663,1045,0,0,0.0,0.11541851221334334,0.05179751258816982,0.023105334442492888,0.02,399,4,156
dbpedia-entity,rr,20,0.02,uniform_nz,222,1645,1045,0,0,0.0,0.06302737589727267,0.05179751258816982,0.023105334442492888,0.02,399,4,156
dbpedia-entity,rr,20,0.02,weighted,222,1627,1045,0,0,0.0,0.05179751258816982,0.05179751258816982,0.023105334442492888,0.02,399,4,156
dbpedia-entity,rr,20,0.02,active_judge,222,1663,1045,0,0,0.0,0.11246479472778681,0.05179751258816982,0.023105334442492888,0.02,399,4,156
dbpedia-entity,rr,20,0.02,strat_pilot,222,1664,1045,0,0,0.0,0.051277272848996934,0.05179751258816982,0.023105334442492888,0.02,399,4,156
dbpedia-entity,rr,20,0.02,weighted_cv,222,1682,1045,1,0,0.0,0.04873829361456515,0.05179751258816982,0.023105334442492888,0.02,399,4,156
dbpedia-entity,rr,20,0.02,active_cv,222,1680,1045,1,0,0.0,0.06212506425227164,0.05179751258816982,0.023105334442492888,0.02,399,4,156
dbpedia-entity,rr,20,0.02,weighted_cvl,222,1647,1045,0,0,0.0,0.04401707325461905,0.05179751258816982,0.023105334442492888,0.02,399,4,156
dbpedia-entity,rr,20,0.02,uniform,223,1458,1010,1,0,0.0,0.15612371824095697,0.04353136303415031,0.049330001368091084,0.02,399,4,112
dbpedia-entity,rr,20,0.02,uniform_nz,223,1456,1010,0,0,0.0,0.06900759494932848,0.04353136303415031,0.049330001368091084,0.02,399,4,112
dbpedia-entity,rr,20,0.02,weighted,223,1473,1010,1,0,0.0,0.04353136303415031,0.04353136303415031,0.049330001368091084,0.02,399,4,112
dbpedia-entity,rr,20,0.02,active_judge,223,1458,1010,0,0,0.0,0.1232485479874886,0.04353136303415031,0.049330001368091084,0.02,399,4,112
dbpedia-entity,rr,20,0.02,strat_pilot,223,1498,1010,0,0,0.0,0.0433709514638523,0.04353136303415031,0.049330001368091084,0.02,399,4,112
dbpedia-entity,rr,20,0.02,weighted_cv,223,1461,1010,0,0,0.0,0.04224728928390782,0.04353136303415031,0.049330001368091084,0.02,399,4,112
dbpedia-entity,rr,20,0.02,active_cv,223,1485,1010,1,0,0.0,0.05507547778221933,0.04353136303415031,0.049330001368091084,0.02,399,4,112
dbpedia-entity,rr,20,0.02,weighted_cvl,223,1458,1010,1,0,0.0,0.02539724583936124,0.04353136303415031,0.049330001368091084,0.02,399,4,112
dbpedia-entity,rr,20,0.02,uniform,224,1421,979,0,0,0.0,0.12735433274465366,0.05284094218916824,0.02541368677809311,0.02,399,4,112
dbpedia-entity,rr,20,0.02,uniform_nz,224,1453,979,0,0,0.0,0.057138907724317935,0.05284094218916824,0.02541368677809311,0.02,399,4,112
dbpedia-entity,rr,20,0.02,weighted,224,1420,979,0,0,0.0,0.05284094218916824,0.05284094218916824,0.02541368677809311,0.02,399,4,112
dbpedia-entity,rr,20,0.02,active_judge,224,1446,979,0,0,0.0,0.11154474700518216,0.05284094218916824,0.02541368677809311,0.02,399,4,112
dbpedia-entity,rr,20,0.02,strat_pilot,224,1382,979,0,0,0.0,0.052789412887814656,0.05284094218916824,0.02541368677809311,0.02,399,4,112
dbpedia-entity,rr,20,0.02,weighted_cv,224,1428,979,0,0,0.0,0.03574579494996459,0.05284094218916824,0.02541368677809311,0.02,399,4,112
dbpedia-entity,rr,20,0.02,active_cv,224,1417,979,0,0,0.0,0.048948810860959896,0.05284094218916824,0.02541368677809311,0.02,399,4,112
dbpedia-entity,rr,20,0.02,weighted_cvl,224,1442,979,0,0,0.0,0.029610994628751018,0.05284094218916824,0.02541368677809311,0.02,399,4,112
dbpedia-entity,rr,20,0.02,uniform,225,1410,1000,0,0,0.0,0.22549574635534494,0.03185551354059326,0.053610316698551985,0.02,399,4,96
dbpedia-entity,rr,20,0.02,uniform_nz,225,1394,1000,0,0,0.0,0.06048604251476029,0.03185551354059326,0.053610316698551985,0.02,399,4,96
dbpedia-entity,rr,20,0.02,weighted,225,1401,1000,0,0,0.0,0.03185551354059326,0.03185551354059326,0.053610316698551985,0.02,399,4,96
dbpedia-entity,rr,20,0.02,active_judge,225,1377,1000,0,0,0.0,0.11755826572052767,0.03185551354059326,0.053610316698551985,0.02,399,4,96
dbpedia-entity,rr,20,0.02,strat_pilot,225,1394,1000,0,0,0.0,0.03036353338185327,0.03185551354059326,0.053610316698551985,0.02,399,4,96
dbpedia-entity,rr,20,0.02,weighted_cv,225,1360,1000,0,0,0.0,0.04252507267089642,0.03185551354059326,0.053610316698551985,0.02,399,4,96
dbpedia-entity,rr,20,0.02,active_cv,225,1404,1000,0,0,0.0,0.05684397035996558,0.03185551354059326,0.053610316698551985,0.02,399,4,96
dbpedia-entity,rr,20,0.02,weighted_cvl,225,1369,1000,0,0,0.0,0.033677294148590574,0.03185551354059326,0.053610316698551985,0.02,399,4,96
dbpedia-entity,rr,20,0.02,uniform,226,1596,962,0,0,0.0,0.29891994935569366,0.14662525129326914,0.04528554962541703,0.02,399,4,156
dbpedia-entity,rr,20,0.02,uniform_nz,226,1591,962,0,0,0.0,0.18912765085206487,0.14662525129326914,0.04528554962541703,0.02,399,4,156
dbpedia-entity,rr,20,0.02,weighted,226,1622,962,0,0,0.0,0.14662525129326914,0.14662525129326914,0.04528554962541703,0.02,399,4,156
dbpedia-entity,rr,20,0.02,active_judge,226,1567,962,0,0,0.0,0.28518266112131335,0.14662525129326914,0.04528554962541703,0.02,399,4,156
dbpedia-entity,rr,20,0.02,strat_pilot,226,1571,962,0,0,0.0,0.14669404071076403,0.14662525129326914,0.04528554962541703,0.02,399,4,156
dbpedia-entity,rr,20,0.02,weighted_cv,226,1582,962,0,0,0.0,0.08413510937002038,0.14662525129326914,0.04528554962541703,0.02,399,4,156
dbpedia-entity,rr,20,0.02,active_cv,226,1618,962,0,0,0.0,0.09544411434200276,0.14662525129326914,0.04528554962541703,0.02,399,4,156
dbpedia-entity,rr,20,0.02,weighted_cvl,226,1615,962,0,0,0.0,0.07959001322493887,0.14662525129326914,0.04528554962541703,0.02,399,4,156
dbpedia-entity,rr,20,0.02,uniform,227,1655,1058,1,0,0.0,0.1532207952084102,0.07896758820693402,0.02614363158843445,0.02,399,4,156
dbpedia-entity,rr,20,0.02,uniform_nz,227,1691,1058,0,0,0.0,0.08897800058555139,0.07896758820693402,0.02614363158843445,0.02,399,4,156
dbpedia-entity,rr,20,0.02,weighted,227,1655,1058,0,0,0.0,0.07896758820693402,0.07896758820693402,0.02614363158843445,0.02,399,4,156
dbpedia-entity,rr,20,0.02,active_judge,227,1643,1058,0,0,0.0,0.1828404849401141,0.07896758820693402,0.02614363158843445,0.02,399,4,156
dbpedia-entity,rr,20,0.02,strat_pilot,227,1672,1058,0,0,0.0,0.07901992035466851,0.07896758820693402,0.02614363158843445,0.02,399,4,156
dbpedia-entity,rr,20,0.02,weighted_cv,227,1662,1058,1,0,0.0,0.051658268139597896,0.07896758820693402,0.02614363158843445,0.02,399,4,156
dbpedia-entity,rr,20,0.02,active_cv,227,1714,1058,0,0,0.0,0.06771123457360395,0.07896758820693402,0.02614363158843445,0.02,399,4,156
dbpedia-entity,rr,20,0.02,weighted_cvl,227,1714,1058,0,0,0.0,0.05008833842074395,0.07896758820693402,0.02614363158843445,0.02,399,4,156
dbpedia-entity,rr,20,0.02,uniform,228,1688,1047,1,0,0.0,0.15006523421524953,0.07553534754029742,0.032848922660525574,0.02,399,4,156
dbpedia-entity,rr,20,0.02,uniform_nz,228,1630,1047,0,0,0.0,0.08433231713593506,0.07553534754029742,0.032848922660525574,0.02,399,4,156
dbpedia-entity,rr,20,0.02,weighted,228,1703,1047,0,0,0.0,0.07553534754029742,0.07553534754029742,0.032848922660525574,0.02,399,4,156
dbpedia-entity,rr,20,0.02,active_judge,228,1730,1047,0,0,0.0,0.15765037024210396,0.07553534754029742,0.032848922660525574,0.02,399,4,156
dbpedia-entity,rr,20,0.02,strat_pilot,228,1647,1047,0,0,0.0,0.07539232138033483,0.07553534754029742,0.032848922660525574,0.02,399,4,156
dbpedia-entity,rr,20,0.02,weighted_cv,228,1697,1047,0,0,0.0,0.05170189446407484,0.07553534754029742,0.032848922660525574,0.02,399,4,156
dbpedia-entity,rr,20,0.02,active_cv,228,1666,1047,0,0,0.0,0.07223991764583171,0.07553534754029742,0.032848922660525574,0.02,399,4,156
dbpedia-entity,rr,20,0.02,weighted_cvl,228,1739,1047,0,0,0.0,0.04359154461562693,0.07553534754029742,0.032848922660525574,0.02,399,4,156
dbpedia-entity,rr,20,0.02,uniform,229,1423,1015,0,0,0.0,0.12412113482207547,0.04304614619418494,0.052822968697968695,0.02,399,4,111
dbpedia-entity,rr,20,0.02,uniform_nz,229,1453,1015,0,0,0.0,0.04844462241552662,0.04304614619418494,0.052822968697968695,0.02,399,4,111
dbpedia-entity,rr,20,0.02,weighted,229,1464,1015,1,0,0.0,0.04304614619418494,0.04304614619418494,0.052822968697968695,0.02,399,4,111
dbpedia-entity,rr,20,0.02,active_judge,229,1463,1015,0,0,0.0,0.1333629841671106,0.04304614619418494,0.052822968697968695,0.02,399,4,111
dbpedia-entity,rr,20,0.02,strat_pilot,229,1478,1015,1,0,0.0,0.042641446480135056,0.04304614619418494,0.052822968697968695,0.02,399,4,111
dbpedia-entity,rr,20,0.02,weighted_cv,229,1440,1015,0,0,0.0,0.04899983013910808,0.04304614619418494,0.052822968697968695,0.02,399,4,111
dbpedia-entity,rr,20,0.02,active_cv,229,1462,1015,1,0,0.0,0.07439235038691205,0.04304614619418494,0.052822968697968695,0.02,399,4,111
dbpedia-entity,rr,20,0.02,weighted_cvl,229,1471,1015,1,0,0.0,0.03562655510589829,0.04304614619418494,0.052822968697968695,0.02,399,4,111
dbpedia-entity,rr,20,0.02,uniform,230,1613,1002,0,0,0.0022314189470884482,0.15723063083077293,0.07695443669457222,0.03704146227682367,0.017768581052911552,399,4,156
dbpedia-entity,rr,20,0.02,uniform_nz,230,1633,1002,0,0,0.0022314189470884482,0.0911316736245084,0.07695443669457222,0.03704146227682367,0.017768581052911552,399,4,156
dbpedia-entity,rr,20,0.02,weighted,230,1644,1002,0,0,0.0022314189470884482,0.07695443669457222,0.07695443669457222,0.03704146227682367,0.017768581052911552,399,4,156
dbpedia-entity,rr,20,0.02,active_judge,230,1597,1002,0,0,0.0022314189470884482,0.15239382332797186,0.07695443669457222,0.03704146227682367,0.017768581052911552,399,4,156
dbpedia-entity,rr,20,0.02,strat_pilot,230,1616,1002,0,0,0.0022314189470884482,0.07698717731488076,0.07695443669457222,0.03704146227682367,0.017768581052911552,399,4,156
dbpedia-entity,rr,20,0.02,weighted_cv,230,1608,1002,0,0,0.0022314189470884482,0.05503669287750368,0.07695443669457222,0.03704146227682367,0.017768581052911552,399,4,156
dbpedia-entity,rr,20,0.02,active_cv,230,1638,1002,0,0,0.0022314189470884482,0.06646678602773834,0.07695443669457222,0.03704146227682367,0.017768581052911552,399,4,156
dbpedia-entity,rr,20,0.02,weighted_cvl,230,1620,1002,0,0,0.0022314189470884482,0.059937286083545774,0.07695443669457222,0.03704146227682367,0.017768581052911552,399,4,156
dbpedia-entity,rr,20,0.02,uniform,231,1718,1077,0,0,0.0,0.19516490536183267,0.07624402188035266,0.02967166409942798,0.02,399,4,156
dbpedia-entity,rr,20,0.02,uniform_nz,231,1695,1077,0,0,0.0,0.09984264237941874,0.07624402188035266,0.02967166409942798,0.02,399,4,156
dbpedia-entity,rr,20,0.02,weighted,231,1724,1077,0,0,0.0,0.07624402188035266,0.07624402188035266,0.02967166409942798,0.02,399,4,156
dbpedia-entity,rr,20,0.02,active_judge,231,1760,1077,0,0,0.0,0.17864034122888137,0.07624402188035266,0.02967166409942798,0.02,399,4,156
dbpedia-entity,rr,20,0.02,strat_pilot,231,1713,1077,0,0,0.0,0.0762838524635489,0.07624402188035266,0.02967166409942798,0.02,399,4,156
dbpedia-entity,rr,20,0.02,weighted_cv,231,1660,1077,0,0,0.0,0.03858150037350975,0.07624402188035266,0.02967166409942798,0.02,399,4,156
dbpedia-entity,rr,20,0.02,active_cv,231,1714,1077,0,0,0.0,0.04550444315585725,0.07624402188035266,0.02967166409942798,0.02,399,4,156
dbpedia-entity,rr,20,0.02,weighted_cvl,231,1714,1077,0,0,0.0,0.06198767570736573,0.07624402188035266,0.02967166409942798,0.02,399,4,156
dbpedia-entity,rr,20,0.02,uniform,232,1681,1033,0,0,0.0,0.2127891925709723,0.07641619829655848,0.029165347895998044,0.02,399,4,156
dbpedia-entity,rr,20,0.02,uniform_nz,232,1668,1033,0,0,0.0,0.1131625700998983,0.07641619829655848,0.029165347895998044,0.02,399,4,156
dbpedia-entity,rr,20,0.02,weighted,232,1652,1033,0,0,0.0,0.07641619829655848,0.07641619829655848,0.029165347895998044,0.02,399,4,156
dbpedia-entity,rr,20,0.02,active_judge,232,1639,1033,0,0,0.0,0.2022920712811774,0.07641619829655848,0.029165347895998044,0.02,399,4,156
dbpedia-entity,rr,20,0.02,strat_pilot,232,1683,1033,0,0,0.0,0.07639627234776261,0.07641619829655848,0.029165347895998044,0.02,399,4,156
dbpedia-entity,rr,20,0.02,weighted_cv,232,1643,1033,0,0,0.0,0.05612760400797099,0.07641619829655848,0.029165347895998044,0.02,399,4,156
dbpedia-entity,rr,20,0.02,active_cv,232,1685,1033,0,0,0.0,0.06985315640686815,0.07641619829655848,0.029165347895998044,0.02,399,4,156
dbpedia-entity,rr,20,0.02,weighted_cvl,232,1694,1033,1,0,0.0,0.0395798378209338,0.07641619829655848,0.029165347895998044,0.02,399,4,156
dbpedia-entity,rr,20,0.02,uniform,233,1627,1020,0,0,0.0,0.3300818994967427,0.06415620082194826,0.06032294310511431,0.02,399,4,156
dbpedia-entity,rr,20,0.02,uniform_nz,233,1619,1020,1,0,0.0,0.2505755461470951,0.06415620082194826,0.06032294310511431,0.02,399,4,156
dbpedia-entity,rr,20,0.02,weighted,233,1629,1020,0,0,0.0,0.06415620082194826,0.06415620082194826,0.06032294310511431,0.02,399,4,156
dbpedia-entity,rr,20,0.02,active_judge,233,1631,1020,0,0,0.0,0.15744267225154146,0.06415620082194826,0.06032294310511431,0.02,399,4,156
dbpedia-entity,rr,20,0.02,strat_pilot,233,1617,1020,0,0,0.0,0.06436279860740204,0.06415620082194826,0.06032294310511431,0.02,399,4,156
dbpedia-entity,rr,20,0.02,weighted_cv,233,1677,1020,1,0,0.0,0.055486182391610385,0.06415620082194826,0.06032294310511431,0.02,399,4,156
dbpedia-entity,rr,20,0.02,active_cv,233,1660,1020,0,0,0.0,0.07396682299608262,0.06415620082194826,0.06032294310511431,0.02,399,4,156
dbpedia-entity,rr,20,0.02,weighted_cvl,233,1664,1020,1,0,0.0,0.05031125434100263,0.06415620082194826,0.06032294310511431,0.02,399,4,156
dbpedia-entity,rr,20,0.02,uniform,234,1602,984,0,0,0.00648582626928762,0.27721212008990564,0.10329557122598357,0.028785891684309724,0.01351417373071238,399,4,156
dbpedia-entity,rr,20,0.02,uniform_nz,234,1604,984,0,0,0.00648582626928762,0.1637345205755052,0.10329557122598357,0.028785891684309724,0.01351417373071238,399,4,156
dbpedia-entity,rr,20,0.02,weighted,234,1570,984,0,0,0.00648582626928762,0.10329557122598357,0.10329557122598357,0.028785891684309724,0.01351417373071238,399,4,156
dbpedia-entity,rr,20,0.02,active_judge,234,1602,984,0,0,0.00648582626928762,0.3541898092404602,0.10329557122598357,0.028785891684309724,0.01351417373071238,399,4,156
dbpedia-entity,rr,20,0.02,strat_pilot,234,1624,984,0,0,0.00648582626928762,0.10308666038643458,0.10329557122598357,0.028785891684309724,0.01351417373071238,399,4,156
dbpedia-entity,rr,20,0.02,weighted_cv,234,1610,984,0,0,0.00648582626928762,0.08566817632059176,0.10329557122598357,0.028785891684309724,0.01351417373071238,399,4,156
dbpedia-entity,rr,20,0.02,active_cv,234,1618,984,0,0,0.00648582626928762,0.15613077954185722,0.10329557122598357,0.028785891684309724,0.01351417373071238,399,4,156
dbpedia-entity,rr,20,0.02,weighted_cvl,234,1594,984,0,0,0.00648582626928762,0.06070500406120085,0.10329557122598357,0.028785891684309724,0.01351417373071238,399,4,156
dbpedia-entity,rr,20,0.02,uniform,235,1760,1125,0,0,0.0,0.19378352712112204,0.08254360740844646,0.0661818511547975,0.02,399,4,156
dbpedia-entity,rr,20,0.02,uniform_nz,235,1755,1125,0,0,0.0,0.09338226019657173,0.08254360740844646,0.0661818511547975,0.02,399,4,156
dbpedia-entity,rr,20,0.02,weighted,235,1736,1125,0,0,0.0,0.08254360740844646,0.08254360740844646,0.0661818511547975,0.02,399,4,156
dbpedia-entity,rr,20,0.02,active_judge,235,1749,1125,0,0,0.0,0.1744972913191823,0.08254360740844646,0.0661818511547975,0.02,399,4,156
dbpedia-entity,rr,20,0.02,strat_pilot,235,1755,1125,0,0,0.0,0.08284035793611608,0.08254360740844646,0.0661818511547975,0.02,399,4,156
dbpedia-entity,rr,20,0.02,weighted_cv,235,1708,1125,0,0,0.0,0.07439240527361353,0.08254360740844646,0.0661818511547975,0.02,399,4,156
dbpedia-entity,rr,20,0.02,active_cv,235,1744,1125,0,0,0.0,0.11806470454536266,0.08254360740844646,0.0661818511547975,0.02,399,4,156
dbpedia-entity,rr,20,0.02,weighted_cvl,235,1728,1125,0,0,0.0,0.07409562575189063,0.08254360740844646,0.0661818511547975,0.02,399,4,156
dbpedia-entity,rr,20,0.02,uniform,236,1607,973,0,0,0.006779782442221383,0.19493761973083934,0.06579042277620353,0.038003321669730354,0.013220217557778618,399,4,156
dbpedia-entity,rr,20,0.02,uniform_nz,236,1622,973,0,0,0.006779782442221383,0.0990573842029551,0.06579042277620353,0.038003321669730354,0.013220217557778618,399,4,156
dbpedia-entity,rr,20,0.02,weighted,236,1612,973,0,0,0.006779782442221383,0.06579042277620353,0.06579042277620353,0.038003321669730354,0.013220217557778618,399,4,156
dbpedia-entity,rr,20,0.02,active_judge,236,1608,973,0,0,0.006779782442221383,0.21223212766860425,0.06579042277620353,0.038003321669730354,0.013220217557778618,399,4,156
dbpedia-entity,rr,20,0.02,strat_pilot,236,1609,973,1,0,0.006779782442221383,0.06576455172439946,0.06579042277620353,0.038003321669730354,0.013220217557778618,399,4,156
dbpedia-entity,rr,20,0.02,weighted_cv,236,1593,973,0,0,0.006779782442221383,0.05820739296687801,0.06579042277620353,0.038003321669730354,0.013220217557778618,399,4,156
dbpedia-entity,rr,20,0.02,active_cv,236,1582,973,0,0,0.006779782442221383,0.07879397135891324,0.06579042277620353,0.038003321669730354,0.013220217557778618,399,4,156
dbpedia-entity,rr,20,0.02,weighted_cvl,236,1609,973,0,0,0.006779782442221383,0.03889537738035741,0.06579042277620353,0.038003321669730354,0.013220217557778618,399,4,156
dbpedia-entity,rr,20,0.02,uniform,237,1658,1054,0,0,0.0,0.15985322934625365,0.07567040409442809,0.022598927546518283,0.02,399,4,156
dbpedia-entity,rr,20,0.02,uniform_nz,237,1627,1054,1,0,0.0,0.09110192710286907,0.07567040409442809,0.022598927546518283,0.02,399,4,156
dbpedia-entity,rr,20,0.02,weighted,237,1695,1054,0,0,0.0,0.07567040409442809,0.07567040409442809,0.022598927546518283,0.02,399,4,156
dbpedia-entity,rr,20,0.02,active_judge,237,1660,1054,0,0,0.0,0.13808741146300021,0.07567040409442809,0.022598927546518283,0.02,399,4,156
dbpedia-entity,rr,20,0.02,strat_pilot,237,1656,1054,0,0,0.0,0.07591370236206665,0.07567040409442809,0.022598927546518283,0.02,399,4,156
dbpedia-entity,rr,20,0.02,weighted_cv,237,1689,1054,0,0,0.0,0.06309803971058811,0.07567040409442809,0.022598927546518283,0.02,399,4,156
dbpedia-entity,rr,20,0.02,active_cv,237,1669,1054,0,0,0.0,0.08551400374741529,0.07567040409442809,0.022598927546518283,0.02,399,4,156
dbpedia-entity,rr,20,0.02,weighted_cvl,237,1676,1054,0,0,0.0,0.06618225338265019,0.07567040409442809,0.022598927546518283,0.02,399,4,156
dbpedia-entity,rr,20,0.02,uniform,238,1661,1011,0,0,0.0,0.20348904953753327,0.08255084863915921,0.03897323235406275,0.02,399,4,156
dbpedia-entity,rr,20,0.02,uniform_nz,238,1670,1011,0,0,0.0,0.11022670280269135,0.08255084863915921,0.03897323235406275,0.02,399,4,156
dbpedia-entity,rr,20,0.02,weighted,238,1601,1011,0,0,0.0,0.08255084863915921,0.08255084863915921,0.03897323235406275,0.02,399,4,156
dbpedia-entity,rr,20,0.02,active_judge,238,1631,1011,0,0,0.0,0.20844436977876715,0.08255084863915921,0.03897323235406275,0.02,399,4,156
dbpedia-entity,rr,20,0.02,strat_pilot,238,1636,1011,0,0,0.0,0.0825233548265101,0.08255084863915921,0.03897323235406275,0.02,399,4,156
dbpedia-entity,rr,20,0.02,weighted_cv,238,1660,1011,0,0,0.0,0.07532434662316354,0.08255084863915921,0.03897323235406275,0.02,399,4,156
dbpedia-entity,rr,20,0.02,active_cv,238,1658,1011,0,0,0.0,0.11041776082247864,0.08255084863915921,0.03897323235406275,0.02,399,4,156
dbpedia-entity,rr,20,0.02,weighted_cvl,238,1658,1011,0,0,0.0,0.054639478174355396,0.08255084863915921,0.03897323235406275,0.02,399,4,156
dbpedia-entity,rr,20,0.02,uniform,239,1346,956,0,0,0.0,0.3895620646485158,0.0659967317017641,0.10203495274354409,0.02,399,4,96
dbpedia-entity,rr,20,0.02,uniform_nz,239,1343,956,0,0,0.0,0.1072512043619365,0.0659967317017641,0.10203495274354409,0.02,399,4,96
dbpedia-entity,rr,20,0.02,weighted,239,1359,956,0,0,0.0,0.0659967317017641,0.0659967317017641,0.10203495274354409,0.02,399,4,96
dbpedia-entity,rr,20,0.02,active_judge,239,1341,956,1,0,0.0,0.21095886448589135,0.0659967317017641,0.10203495274354409,0.02,399,4,96
dbpedia-entity,rr,20,0.02,strat_pilot,239,1366,956,1,0,0.0,0.06565724005435256,0.0659967317017641,0.10203495274354409,0.02,399,4,96
dbpedia-entity,rr,20,0.02,weighted_cv,239,1326,956,0,0,0.0,0.06598113532442093,0.0659967317017641,0.10203495274354409,0.02,399,4,96
dbpedia-entity,rr,20,0.02,active_cv,239,1331,956,1,0,0.0,0.09263834209348717,0.0659967317017641,0.10203495274354409,0.02,399,4,96
dbpedia-entity,rr,20,0.02,weighted_cvl,239,1329,956,1,0,0.0,0.03947134748934111,0.0659967317017641,0.10203495274354409,0.02,399,4,96
dbpedia-entity,rr,20,0.02,uniform,240,1719,1079,0,0,0.0,0.15301687759563695,0.06845536613992687,0.044694005908839665,0.02,399,4,156
dbpedia-entity,rr,20,0.02,uniform_nz,240,1713,1079,0,0,0.0,0.08377804524563837,0.06845536613992687,0.044694005908839665,0.02,399,4,156
dbpedia-entity,rr,20,0.02,weighted,240,1741,1079,0,0,0.0,0.06845536613992687,0.06845536613992687,0.044694005908839665,0.02,399,4,156
dbpedia-entity,rr,20,0.02,active_judge,240,1694,1079,0,0,0.0,0.16458982266970226,0.06845536613992687,0.044694005908839665,0.02,399,4,156
dbpedia-entity,rr,20,0.02,strat_pilot,240,1701,1079,0,0,0.0,0.06842795290520116,0.06845536613992687,0.044694005908839665,0.02,399,4,156
dbpedia-entity,rr,20,0.02,weighted_cv,240,1651,1079,0,0,0.0,0.04768137057657694,0.06845536613992687,0.044694005908839665,0.02,399,4,156
dbpedia-entity,rr,20,0.02,active_cv,240,1653,1079,0,0,0.0,0.07247808551752814,0.06845536613992687,0.044694005908839665,0.02,399,4,156
dbpedia-entity,rr,20,0.02,weighted_cvl,240,1682,1079,0,0,0.0,0.036531665653339165,0.06845536613992687,0.044694005908839665,0.02,399,4,156
dbpedia-entity,rr,20,0.02,uniform,241,1722,1068,0,0,0.007369554759803276,0.20236805483475617,0.08171962829346643,0.020627189535904776,0.012630445240196724,399,4,156
dbpedia-entity,rr,20,0.02,uniform_nz,241,1689,1068,0,0,0.007369554759803276,0.1132098563419425,0.08171962829346643,0.020627189535904776,0.012630445240196724,399,4,156
dbpedia-entity,rr,20,0.02,weighted,241,1667,1068,0,0,0.007369554759803276,0.08171962829346643,0.08171962829346643,0.020627189535904776,0.012630445240196724,399,4,156
dbpedia-entity,rr,20,0.02,active_judge,241,1666,1068,0,0,0.007369554759803276,0.16890345811145227,0.08171962829346643,0.020627189535904776,0.012630445240196724,399,4,156
dbpedia-entity,rr,20,0.02,strat_pilot,241,1674,1068,0,0,0.007369554759803276,0.08150867972831138,0.08171962829346643,0.020627189535904776,0.012630445240196724,399,4,156
dbpedia-entity,rr,20,0.02,weighted_cv,241,1711,1068,1,0,0.007369554759803276,0.06330534560659384,0.08171962829346643,0.020627189535904776,0.012630445240196724,399,4,156
dbpedia-entity,rr,20,0.02,active_cv,241,1727,1068,0,0,0.007369554759803276,0.0821501184954643,0.08171962829346643,0.020627189535904776,0.012630445240196724,399,4,156
dbpedia-entity,rr,20,0.02,weighted_cvl,241,1687,1068,0,0,0.007369554759803276,0.04258124826115639,0.08171962829346643,0.020627189535904776,0.012630445240196724,399,4,156
dbpedia-entity,rr,20,0.02,uniform,242,1581,946,0,0,0.0,0.14140016106391778,0.06230779465155828,0.02392911582516878,0.02,399,4,156
dbpedia-entity,rr,20,0.02,uniform_nz,242,1592,946,0,0,0.0,0.08088725538465182,0.06230779465155828,0.02392911582516878,0.02,399,4,156
dbpedia-entity,rr,20,0.02,weighted,242,1586,946,0,0,0.0,0.06230779465155828,0.06230779465155828,0.02392911582516878,0.02,399,4,156
dbpedia-entity,rr,20,0.02,active_judge,242,1552,946,1,0,0.0,0.21956069961854122,0.06230779465155828,0.02392911582516878,0.02,399,4,156
dbpedia-entity,rr,20,0.02,strat_pilot,242,1590,946,1,0,0.0,0.06209690854713616,0.06230779465155828,0.02392911582516878,0.02,399,4,156
dbpedia-entity,rr,20,0.02,weighted_cv,242,1554,946,1,0,0.0,0.0699491902341758,0.06230779465155828,0.02392911582516878,0.02,399,4,156
dbpedia-entity,rr,20,0.02,active_cv,242,1565,946,0,0,0.0,0.10635247792794375,0.06230779465155828,0.02392911582516878,0.02,399,4,156
dbpedia-entity,rr,20,0.02,weighted_cvl,242,1596,946,1,0,0.0,0.03721927996284626,0.06230779465155828,0.02392911582516878,0.02,399,4,156
dbpedia-entity,rr,20,0.02,uniform,243,1688,1026,0,0,0.0,0.18431823899545483,0.07340900203760026,0.027374102625481053,0.02,399,4,156
dbpedia-entity,rr,20,0.02,uniform_nz,243,1675,1026,0,0,0.0,0.08689191095931727,0.07340900203760026,0.027374102625481053,0.02,399,4,156
dbpedia-entity,rr,20,0.02,weighted,243,1672,1026,0,0,0.0,0.07340900203760026,0.07340900203760026,0.027374102625481053,0.02,399,4,156
dbpedia-entity,rr,20,0.02,active_judge,243,1648,1026,1,0,0.0,0.13780806133893744,0.07340900203760026,0.027374102625481053,0.02,399,4,156
dbpedia-entity,rr,20,0.02,strat_pilot,243,1675,1026,1,0,0.0,0.073405985046201,0.07340900203760026,0.027374102625481053,0.02,399,4,156
dbpedia-entity,rr,20,0.02,weighted_cv,243,1632,1026,0,0,0.0,0.052345470685769314,0.07340900203760026,0.027374102625481053,0.02,399,4,156
dbpedia-entity,rr,20,0.02,active_cv,243,1658,1026,0,0,0.0,0.07328897685083212,0.07340900203760026,0.027374102625481053,0.02,399,4,156
dbpedia-entity,rr,20,0.02,weighted_cvl,243,1664,1026,1,0,0.0,0.03920361136594145,0.07340900203760026,0.027374102625481053,0.02,399,4,156
dbpedia-entity,rr,20,0.02,uniform,244,1623,989,0,0,0.006410213946120791,0.16212991910897628,0.06566809779104901,0.014058863495327346,0.01358978605387921,399,4,156
dbpedia-entity,rr,20,0.02,uniform_nz,244,1592,989,0,0,0.006410213946120791,0.09527881529963042,0.06566809779104901,0.014058863495327346,0.01358978605387921,399,4,156
dbpedia-entity,rr,20,0.02,weighted,244,1607,989,0,0,0.006410213946120791,0.06566809779104901,0.06566809779104901,0.014058863495327346,0.01358978605387921,399,4,156
dbpedia-entity,rr,20,0.02,active_judge,244,1649,989,0,0,0.006410213946120791,0.2159256877330174,0.06566809779104901,0.014058863495327346,0.01358978605387921,399,4,156
dbpedia-entity,rr,20,0.02,strat_pilot,244,1606,989,0,0,0.006410213946120791,0.06568208640974395,0.06566809779104901,0.014058863495327346,0.01358978605387921,399,4,156
dbpedia-entity,rr,20,0.02,weighted_cv,244,1604,989,0,0,0.006410213946120791,0.07535783374749747,0.06566809779104901,0.014058863495327346,0.01358978605387921,399,4,156
dbpedia-entity,rr,20,0.02,active_cv,244,1621,989,0,0,0.006410213946120791,0.12814403573210675,0.06566809779104901,0.014058863495327346,0.01358978605387921,399,4,156
dbpedia-entity,rr,20,0.02,weighted_cvl,244,1600,989,0,0,0.006410213946120791,0.04226923766835166,0.06566809779104901,0.014058863495327346,0.01358978605387921,399,4,156
dbpedia-entity,rr,20,0.02,uniform,245,1720,1073,0,0,0.00687914765284775,0.13868937148275534,0.0656682986841143,0.03194595601038259,0.01312085234715225,399,4,156
dbpedia-entity,rr,20,0.02,uniform_nz,245,1717,1073,0,0,0.00687914765284775,0.0742416809490721,0.0656682986841143,0.03194595601038259,0.01312085234715225,399,4,156
dbpedia-entity,rr,20,0.02,weighted,245,1714,1073,0,0,0.00687914765284775,0.0656682986841143,0.0656682986841143,0.03194595601038259,0.01312085234715225,399,4,156
dbpedia-entity,rr,20,0.02,active_judge,245,1690,1073,0,0,0.00687914765284775,0.1436269962921601,0.0656682986841143,0.03194595601038259,0.01312085234715225,399,4,156
dbpedia-entity,rr,20,0.02,strat_pilot,245,1707,1073,0,0,0.00687914765284775,0.06569739302084922,0.0656682986841143,0.03194595601038259,0.01312085234715225,399,4,156
dbpedia-entity,rr,20,0.02,weighted_cv,245,1687,1073,0,0,0.00687914765284775,0.029707706542724012,0.0656682986841143,0.03194595601038259,0.01312085234715225,399,4,156
dbpedia-entity,rr,20,0.02,active_cv,245,1688,1073,0,0,0.00687914765284775,0.02856307255362987,0.0656682986841143,0.03194595601038259,0.01312085234715225,399,4,156
dbpedia-entity,rr,20,0.02,weighted_cvl,245,1704,1073,0,0,0.00687914765284775,0.03467098461259134,0.0656682986841143,0.03194595601038259,0.01312085234715225,399,4,156
dbpedia-entity,rr,20,0.02,uniform,246,1730,1110,0,0,0.002571867659531435,0.2220996119420177,0.08196425168408404,0.03460679124535295,0.017428132340468565,399,4,156
dbpedia-entity,rr,20,0.02,uniform_nz,246,1725,1110,0,0,0.002571867659531435,0.10495348559107649,0.08196425168408404,0.03460679124535295,0.017428132340468565,399,4,156
dbpedia-entity,rr,20,0.02,weighted,246,1744,1110,0,0,0.002571867659531435,0.08196425168408404,0.08196425168408404,0.03460679124535295,0.017428132340468565,399,4,156
dbpedia-entity,rr,20,0.02,active_judge,246,1731,1110,0,0,0.002571867659531435,0.1659232361767625,0.08196425168408404,0.03460679124535295,0.017428132340468565,399,4,156
dbpedia-entity,rr,20,0.02,strat_pilot,246,1742,1110,0,0,0.002571867659531435,0.08197434068187497,0.08196425168408404,0.03460679124535295,0.017428132340468565,399,4,156
dbpedia-entity,rr,20,0.02,weighted_cv,246,1736,1110,0,0,0.002571867659531435,0.041875374401223436,0.08196425168408404,0.03460679124535295,0.017428132340468565,399,4,156
dbpedia-entity,rr,20,0.02,active_cv,246,1732,1110,0,0,0.002571867659531435,0.05125369244406318,0.08196425168408404,0.03460679124535295,0.017428132340468565,399,4,156
dbpedia-entity,rr,20,0.02,weighted_cvl,246,1711,1110,0,0,0.002571867659531435,0.03917872635586822,0.08196425168408404,0.03460679124535295,0.017428132340468565,399,4,156
dbpedia-entity,rr,20,0.02,uniform,247,1669,1070,0,0,0.0,0.19611094413664354,0.08216397586053299,0.03289544039748103,0.02,399,4,156
dbpedia-entity,rr,20,0.02,uniform_nz,247,1705,1070,0,0,0.0,0.10054758734486757,0.08216397586053299,0.03289544039748103,0.02,399,4,156
dbpedia-entity,rr,20,0.02,weighted,247,1723,1070,0,0,0.0,0.08216397586053299,0.08216397586053299,0.03289544039748103,0.02,399,4,156
dbpedia-entity,rr,20,0.02,active_judge,247,1702,1070,0,0,0.0,0.23594790048974992,0.08216397586053299,0.03289544039748103,0.02,399,4,156
dbpedia-entity,rr,20,0.02,strat_pilot,247,1731,1070,0,0,0.0,0.08179201098615005,0.08216397586053299,0.03289544039748103,0.02,399,4,156
dbpedia-entity,rr,20,0.02,weighted_cv,247,1690,1070,0,0,0.0,0.06518848841894304,0.08216397586053299,0.03289544039748103,0.02,399,4,156
dbpedia-entity,rr,20,0.02,active_cv,247,1649,1070,0,0,0.0,0.103807097600022,0.08216397586053299,0.03289544039748103,0.02,399,4,156
dbpedia-entity,rr,20,0.02,weighted_cvl,247,1703,1070,1,0,0.0,0.051382617732219416,0.08216397586053299,0.03289544039748103,0.02,399,4,156
dbpedia-entity,rr,20,0.02,uniform,248,1570,1107,0,0,0.0,0.12996166677997867,0.04039945798435145,0.025157472206433565,0.02,399,4,112
dbpedia-entity,rr,20,0.02,uniform_nz,248,1568,1107,0,0,0.0,0.04631899548087544,0.04039945798435145,0.025157472206433565,0.02,399,4,112
dbpedia-entity,rr,20,0.02,weighted,248,1556,1107,0,0,0.0,0.04039945798435145,0.04039945798435145,0.025157472206433565,0.02,399,4,112
dbpedia-entity,rr,20,0.02,active_judge,248,1549,1107,0,0,0.0,0.08538138595848621,0.04039945798435145,0.025157472206433565,0.02,399,4,112
dbpedia-entity,rr,20,0.02,strat_pilot,248,1542,1107,0,0,0.0,0.04033020057329719,0.04039945798435145,0.025157472206433565,0.02,399,4,112
dbpedia-entity,rr,20,0.02,weighted_cv,248,1556,1107,0,0,0.0,0.053982357950459435,0.04039945798435145,0.025157472206433565,0.02,399,4,112
dbpedia-entity,rr,20,0.02,active_cv,248,1546,1107,0,0,0.0,0.0839696074078492,0.04039945798435145,0.025157472206433565,0.02,399,4,112
dbpedia-entity,rr,20,0.02,weighted_cvl,248,1564,1107,0,0,0.0,0.027967108196098895,0.04039945798435145,0.025157472206433565,0.02,399,4,112
dbpedia-entity,rr,20,0.02,uniform,249,1641,1045,0,0,0.0,0.11522145028031885,0.06248211562833435,0.05678211349440654,0.02,399,4,156
dbpedia-entity,rr,20,0.02,uniform_nz,249,1691,1045,0,0,0.0,0.07068433873533381,0.06248211562833435,0.05678211349440654,0.02,399,4,156
dbpedia-entity,rr,20,0.02,weighted,249,1676,1045,0,0,0.0,0.06248211562833435,0.06248211562833435,0.05678211349440654,0.02,399,4,156
dbpedia-entity,rr,20,0.02,active_judge,249,1659,1045,0,0,0.0,0.11982467558714074,0.06248211562833435,0.05678211349440654,0.02,399,4,156
dbpedia-entity,rr,20,0.02,strat_pilot,249,1596,1045,0,0,0.0,0.06248909848573756,0.06248211562833435,0.05678211349440654,0.02,399,4,156
dbpedia-entity,rr,20,0.02,weighted_cv,249,1646,1045,0,0,0.0,0.0449432631344616,0.06248211562833435,0.05678211349440654,0.02,399,4,156
dbpedia-entity,rr,20,0.02,active_cv,249,1642,1045,0,0,0.0,0.05876632069361708,0.06248211562833435,0.05678211349440654,0.02,399,4,156
dbpedia-entity,rr,20,0.02,weighted_cvl,249,1630,1045,0,0,0.0,0.034470198885961624,0.06248211562833435,0.05678211349440654,0.02,399,4,156
dbpedia-entity,rr,20,0.02,uniform,250,1692,1055,0,0,0.011505894590096377,0.31668711507877384,0.10620985192400703,0.05698865313542592,0.008494105409903623,399,4,156
dbpedia-entity,rr,20,0.02,uniform_nz,250,1676,1055,0,0,0.011505894590096377,0.1796946078786375,0.10620985192400703,0.05698865313542592,0.008494105409903623,399,4,156
dbpedia-entity,rr,20,0.02,weighted,250,1714,1055,0,0,0.011505894590096377,0.10620985192400703,0.10620985192400703,0.05698865313542592,0.008494105409903623,399,4,156
dbpedia-entity,rr,20,0.02,active_judge,250,1643,1055,0,0,0.011505894590096377,0.20516732814415356,0.10620985192400703,0.05698865313542592,0.008494105409903623,399,4,156
dbpedia-entity,rr,20,0.02,strat_pilot,250,1705,1055,0,0,0.011505894590096377,0.10629364635560772,0.10620985192400703,0.05698865313542592,0.008494105409903623,399,4,156
dbpedia-entity,rr,20,0.02,weighted_cv,250,1669,1055,0,0,0.011505894590096377,0.06354027413244702,0.10620985192400703,0.05698865313542592,0.008494105409903623,399,4,156
dbpedia-entity,rr,20,0.02,active_cv,250,1679,1055,0,0,0.011505894590096377,0.07673940892000379,0.10620985192400703,0.05698865313542592,0.008494105409903623,399,4,156
dbpedia-entity,rr,20,0.02,weighted_cvl,250,1653,1055,0,0,0.011505894590096377,0.0545625106119456,0.10620985192400703,0.05698865313542592,0.008494105409903623,399,4,156
dbpedia-entity,rr,20,0.02,uniform,251,1682,1019,0,0,0.0,0.17205052598149825,0.08662612865345823,0.027703182991396756,0.02,399,4,156
dbpedia-entity,rr,20,0.02,uniform_nz,251,1644,1019,0,0,0.0,0.10506643163134691,0.08662612865345823,0.027703182991396756,0.02,399,4,156
dbpedia-entity,rr,20,0.02,weighted,251,1656,1019,0,0,0.0,0.08662612865345823,0.08662612865345823,0.027703182991396756,0.02,399,4,156
dbpedia-entity,rr,20,0.02,active_judge,251,1648,1019,0,0,0.0,0.2174080457820564,0.08662612865345823,0.027703182991396756,0.02,399,4,156
dbpedia-entity,rr,20,0.02,strat_pilot,251,1599,1019,1,0,0.0,0.08672490075265935,0.08662612865345823,0.027703182991396756,0.02,399,4,156
dbpedia-entity,rr,20,0.02,weighted_cv,251,1619,1019,1,0,0.0,0.07753310479775063,0.08662612865345823,0.027703182991396756,0.02,399,4,156
dbpedia-entity,rr,20,0.02,active_cv,251,1674,1019,1,0,0.0,0.1262522390172754,0.08662612865345823,0.027703182991396756,0.02,399,4,156
dbpedia-entity,rr,20,0.02,weighted_cvl,251,1643,1019,1,0,0.0,0.06476824367367762,0.08662612865345823,0.027703182991396756,0.02,399,4,156
dbpedia-entity,rr,20,0.02,uniform,252,1492,1040,0,0,0.0,0.15499353766515647,0.02756725181009042,0.04556247137289337,0.02,399,4,112
dbpedia-entity,rr,20,0.02,uniform_nz,252,1476,1040,0,0,0.0,0.046252412050744915,0.02756725181009042,0.04556247137289337,0.02,399,4,112
dbpedia-entity,rr,20,0.02,weighted,252,1460,1040,1,0,0.0,0.02756725181009042,0.02756725181009042,0.04556247137289337,0.02,399,4,112
dbpedia-entity,rr,20,0.02,active_judge,252,1502,1040,1,0,0.0,0.10492657198378078,0.02756725181009042,0.04556247137289337,0.02,399,4,112
dbpedia-entity,rr,20,0.02,strat_pilot,252,1488,1040,0,0,0.0,0.027115531904880353,0.02756725181009042,0.04556247137289337,0.02,399,4,112
dbpedia-entity,rr,20,0.02,weighted_cv,252,1498,1040,0,0,0.0,0.03617348655485843,0.02756725181009042,0.04556247137289337,0.02,399,4,112
dbpedia-entity,rr,20,0.02,active_cv,252,1464,1040,1,0,0.0,0.05396325421357749,0.02756725181009042,0.04556247137289337,0.02,399,4,112
dbpedia-entity,rr,20,0.02,weighted_cvl,252,1464,1040,1,0,0.0,0.02267260469998438,0.02756725181009042,0.04556247137289337,0.02,399,4,112
dbpedia-entity,rr,20,0.02,uniform,253,1420,1007,0,0,0.0,0.06926216898545852,0.031104999831196432,0.033586465628207905,0.02,399,4,112
dbpedia-entity,rr,20,0.02,uniform_nz,253,1454,1007,0,0,0.0,0.03476058074455419,0.031104999831196432,0.033586465628207905,0.02,399,4,112
dbpedia-entity,rr,20,0.02,weighted,253,1446,1007,0,0,0.0,0.031104999831196432,0.031104999831196432,0.033586465628207905,0.02,399,4,112
dbpedia-entity,rr,20,0.02,active_judge,253,1432,1007,0,0,0.0,0.061025369384963515,0.031104999831196432,0.033586465628207905,0.02,399,4,112
dbpedia-entity,rr,20,0.02,strat_pilot,253,1440,1007,0,0,0.0,0.031106819227360465,0.031104999831196432,0.033586465628207905,0.02,399,4,112
dbpedia-entity,rr,20,0.02,weighted_cv,253,1447,1007,0,0,0.0,0.025987781428438467,0.031104999831196432,0.033586465628207905,0.02,399,4,112
dbpedia-entity,rr,20,0.02,active_cv,253,1457,1007,0,0,0.0,0.033729505590498955,0.031104999831196432,0.033586465628207905,0.02,399,4,112
dbpedia-entity,rr,20,0.02,weighted_cvl,253,1468,1007,0,0,0.0,0.0162722354667099,0.031104999831196432,0.033586465628207905,0.02,399,4,112
dbpedia-entity,rr,20,0.02,uniform,254,1597,979,0,0,0.0,0.2215457468085879,0.10690362922437932,0.025512042137429136,0.02,399,4,156
dbpedia-entity,rr,20,0.02,uniform_nz,254,1580,979,1,0,0.0,0.1335952985111001,0.10690362922437932,0.025512042137429136,0.02,399,4,156
dbpedia-entity,rr,20,0.02,weighted,254,1578,979,1,0,0.0,0.10690362922437932,0.10690362922437932,0.025512042137429136,0.02,399,4,156
dbpedia-entity,rr,20,0.02,active_judge,254,1611,979,0,0,0.0,0.2981188001041393,0.10690362922437932,0.025512042137429136,0.02,399,4,156
dbpedia-entity,rr,20,0.02,strat_pilot,254,1586,979,0,0,0.0,0.1069466608168573,0.10690362922437932,0.025512042137429136,0.02,399,4,156
dbpedia-entity,rr,20,0.02,weighted_cv,254,1633,979,1,0,0.0,0.10580086537119855,0.10690362922437932,0.025512042137429136,0.02,399,4,156
dbpedia-entity,rr,20,0.02,active_cv,254,1601,979,1,0,0.0,0.15483760357813076,0.10690362922437932,0.025512042137429136,0.02,399,4,156
dbpedia-entity,rr,20,0.02,weighted_cvl,254,1636,979,1,0,0.0,0.08668338480292073,0.10690362922437932,0.025512042137429136,0.02,399,4,156
dbpedia-entity,rr,20,0.02,uniform,255,1672,1062,0,0,0.0,0.15771866097818793,0.08112367246814647,0.050725514935602026,0.02,399,4,156
dbpedia-entity,rr,20,0.02,uniform_nz,255,1691,1062,0,0,0.0,0.09176801528439651,0.08112367246814647,0.050725514935602026,0.02,399,4,156
dbpedia-entity,rr,20,0.02,weighted,255,1624,1062,0,0,0.0,0.08112367246814647,0.08112367246814647,0.050725514935602026,0.02,399,4,156
dbpedia-entity,rr,20,0.02,active_judge,255,1702,1062,0,0,0.0,0.18562030756785713,0.08112367246814647,0.050725514935602026,0.02,399,4,156
dbpedia-entity,rr,20,0.02,strat_pilot,255,1722,1062,1,0,0.0,0.08121164670803553,0.08112367246814647,0.050725514935602026,0.02,399,4,156
dbpedia-entity,rr,20,0.02,weighted_cv,255,1682,1062,1,0,0.0,0.062478018982500674,0.08112367246814647,0.050725514935602026,0.02,399,4,156
dbpedia-entity,rr,20,0.02,active_cv,255,1668,1062,0,0,0.0,0.06860613451619432,0.08112367246814647,0.050725514935602026,0.02,399,4,156
dbpedia-entity,rr,20,0.02,weighted_cvl,255,1697,1062,1,0,0.0,0.056290241082970705,0.08112367246814647,0.050725514935602026,0.02,399,4,156
dbpedia-entity,rr,20,0.02,uniform,256,1737,1103,0,0,0.0,0.27092774778717116,0.09926193201240958,0.05025575133337758,0.02,399,4,156
dbpedia-entity,rr,20,0.02,uniform_nz,256,1726,1103,0,0,0.0,0.13326421603762245,0.09926193201240958,0.05025575133337758,0.02,399,4,156
dbpedia-entity,rr,20,0.02,weighted,256,1738,1103,0,0,0.0,0.09926193201240958,0.09926193201240958,0.05025575133337758,0.02,399,4,156
dbpedia-entity,rr,20,0.02,active_judge,256,1705,1103,0,0,0.0,0.18244392463069461,0.09926193201240958,0.05025575133337758,0.02,399,4,156
dbpedia-entity,rr,20,0.02,strat_pilot,256,1707,1103,0,0,0.0,0.09933725698131826,0.09926193201240958,0.05025575133337758,0.02,399,4,156
dbpedia-entity,rr,20,0.02,weighted_cv,256,1685,1103,0,0,0.0,0.0658385613950091,0.09926193201240958,0.05025575133337758,0.02,399,4,156
dbpedia-entity,rr,20,0.02,active_cv,256,1698,1103,0,0,0.0,0.09181025697522785,0.09926193201240958,0.05025575133337758,0.02,399,4,156
dbpedia-entity,rr,20,0.02,weighted_cvl,256,1691,1103,0,0,0.0,0.06807414887740251,0.09926193201240958,0.05025575133337758,0.02,399,4,156
dbpedia-entity,rr,20,0.02,uniform,257,1627,969,0,0,0.0,0.22669151747476707,0.09648353363526978,0.062180464573266425,0.02,399,4,156
dbpedia-entity,rr,20,0.02,uniform_nz,257,1548,969,0,0,0.0,0.1261025145191183,0.09648353363526978,0.062180464573266425,0.02,399,4,156
dbpedia-entity,rr,20,0.02,weighted,257,1566,969,0,0,0.0,0.09648353363526978,0.09648353363526978,0.062180464573266425,0.02,399,4,156
dbpedia-entity,rr,20,0.02,active_judge,257,1644,969,1,0,0.0,0.2333779069024645,0.09648353363526978,0.062180464573266425,0.02,399,4,156
dbpedia-entity,rr,20,0.02,strat_pilot,257,1591,969,0,0,0.0,0.09651431888040929,0.09648353363526978,0.062180464573266425,0.02,399,4,156
dbpedia-entity,rr,20,0.02,weighted_cv,257,1616,969,0,0,0.0,0.08710984159750038,0.09648353363526978,0.062180464573266425,0.02,399,4,156
dbpedia-entity,rr,20,0.02,active_cv,257,1576,969,1,0,0.0,0.12917228666900313,0.09648353363526978,0.062180464573266425,0.02,399,4,156
dbpedia-entity,rr,20,0.02,weighted_cvl,257,1598,969,1,0,0.0,0.07568186488239205,0.09648353363526978,0.062180464573266425,0.02,399,4,156
dbpedia-entity,rr,20,0.02,uniform,258,1627,979,0,0,0.0,0.1444276014811198,0.07964084050181872,0.047774858045890864,0.02,399,4,156
dbpedia-entity,rr,20,0.02,uniform_nz,258,1617,979,1,0,0.0,0.09143183900954811,0.07964084050181872,0.047774858045890864,0.02,399,4,156
dbpedia-entity,rr,20,0.02,weighted,258,1614,979,1,0,0.0,0.07964084050181872,0.07964084050181872,0.047774858045890864,0.02,399,4,156
dbpedia-entity,rr,20,0.02,active_judge,258,1581,979,0,0,0.0,0.2353969630229665,0.07964084050181872,0.047774858045890864,0.02,399,4,156
dbpedia-entity,rr,20,0.02,strat_pilot,258,1614,979,0,0,0.0,0.07963676362003372,0.07964084050181872,0.047774858045890864,0.02,399,4,156
dbpedia-entity,rr,20,0.02,weighted_cv,258,1608,979,1,0,0.0,0.06809399713830895,0.07964084050181872,0.047774858045890864,0.02,399,4,156
dbpedia-entity,rr,20,0.02,active_cv,258,1591,979,0,0,0.0,0.08157493501910253,0.07964084050181872,0.047774858045890864,0.02,399,4,156
dbpedia-entity,rr,20,0.02,weighted_cvl,258,1618,979,1,0,0.0,0.0661487867183215,0.07964084050181872,0.047774858045890864,0.02,399,4,156
dbpedia-entity,rr,20,0.02,uniform,259,1705,1058,0,0,0.0,0.23895243917836817,0.07403094670135421,0.03428019175874226,0.02,399,4,156
dbpedia-entity,rr,20,0.02,uniform_nz,259,1681,1058,0,0,0.0,0.12052480518278738,0.07403094670135421,0.03428019175874226,0.02,399,4,156
dbpedia-entity,rr,20,0.02,weighted,259,1684,1058,1,0,0.0,0.07403094670135421,0.07403094670135421,0.03428019175874226,0.02,399,4,156
dbpedia-entity,rr,20,0.02,active_judge,259,1684,1058,0,0,0.0,0.14840123152238124,0.07403094670135421,0.03428019175874226,0.02,399,4,156
dbpedia-entity,rr,20,0.02,strat_pilot,259,1690,1058,0,0,0.0,0.07424764022494572,0.07403094670135421,0.03428019175874226,0.02,399,4,156
dbpedia-entity,rr,20,0.02,weighted_cv,259,1729,1058,0,0,0.0,0.08876848169705005,0.07403094670135421,0.03428019175874226,0.02,399,4,156
dbpedia-entity,rr,20,0.02,active_cv,259,1701,1058,0,0,0.0,0.11209604665604633,0.07403094670135421,0.03428019175874226,0.02,399,4,156
dbpedia-entity,rr,20,0.02,weighted_cvl,259,1706,1058,1,0,0.0,0.06375050889216416,0.07403094670135421,0.03428019175874226,0.02,399,4,156
dbpedia-entity,rr,20,0.02,uniform,260,1401,1016,0,0,0.0,2.134291135774598,0.08628999701451717,0.14817935589268746,0.02,399,4,94
dbpedia-entity,rr,20,0.02,uniform_nz,260,1417,1016,1,0,0.0,0.47493986107077085,0.08628999701451717,0.14817935589268746,0.02,399,4,94
dbpedia-entity,rr,20,0.02,weighted,260,1408,1016,1,0,0.0,0.08628999701451717,0.08628999701451717,0.14817935589268746,0.02,399,4,94
dbpedia-entity,rr,20,0.02,active_judge,260,1407,1016,0,0,0.0,0.3400921234465216,0.08628999701451717,0.14817935589268746,0.02,399,4,94
dbpedia-entity,rr,20,0.02,strat_pilot,260,1391,1016,0,0,0.0,0.08588981380334244,0.08628999701451717,0.14817935589268746,0.02,399,4,94
dbpedia-entity,rr,20,0.02,weighted_cv,260,1372,1016,1,0,0.0,0.08644212654774457,0.08628999701451717,0.14817935589268746,0.02,399,4,94
dbpedia-entity,rr,20,0.02,active_cv,260,1389,1016,1,0,0.0,0.18865121307861785,0.08628999701451717,0.14817935589268746,0.02,399,4,94
dbpedia-entity,rr,20,0.02,weighted_cvl,260,1406,1016,1,0,0.0,0.0538537349040088,0.08628999701451717,0.14817935589268746,0.02,399,4,94
dbpedia-entity,rr,20,0.02,uniform,261,1726,1109,0,0,0.0,0.11075205342750705,0.056146305834959255,0.07216982848821285,0.02,399,4,156
dbpedia-entity,rr,20,0.02,uniform_nz,261,1734,1109,0,0,0.0,0.06053728590640041,0.056146305834959255,0.07216982848821285,0.02,399,4,156
dbpedia-entity,rr,20,0.02,weighted,261,1747,1109,1,0,0.0,0.056146305834959255,0.056146305834959255,0.07216982848821285,0.02,399,4,156
dbpedia-entity,rr,20,0.02,active_judge,261,1740,1109,0,0,0.0,0.11618577913463188,0.056146305834959255,0.07216982848821285,0.02,399,4,156
dbpedia-entity,rr,20,0.02,strat_pilot,261,1742,1109,0,0,0.0,0.05590448861922646,0.056146305834959255,0.07216982848821285,0.02,399,4,156
dbpedia-entity,rr,20,0.02,weighted_cv,261,1740,1109,0,0,0.0,0.04486051137873511,0.056146305834959255,0.07216982848821285,0.02,399,4,156
dbpedia-entity,rr,20,0.02,active_cv,261,1724,1109,0,0,0.0,0.057501524713418385,0.056146305834959255,0.07216982848821285,0.02,399,4,156
dbpedia-entity,rr,20,0.02,weighted_cvl,261,1715,1109,1,0,0.0,0.03833238115805445,0.056146305834959255,0.07216982848821285,0.02,399,4,156
dbpedia-entity,rr,20,0.02,uniform,262,1763,1160,0,0,0.0,0.2852678092966823,0.10166618437093097,0.039842642164703235,0.02,399,4,156
dbpedia-entity,rr,20,0.02,uniform_nz,262,1726,1160,1,0,0.0,0.14844376453457578,0.10166618437093097,0.039842642164703235,0.02,399,4,156
dbpedia-entity,rr,20,0.02,weighted,262,1808,1160,0,0,0.0,0.10166618437093097,0.10166618437093097,0.039842642164703235,0.02,399,4,156
dbpedia-entity,rr,20,0.02,active_judge,262,1792,1160,0,0,0.0,0.21439818780264522,0.10166618437093097,0.039842642164703235,0.02,399,4,156
dbpedia-entity,rr,20,0.02,strat_pilot,262,1776,1160,0,0,0.0,0.10172423261150394,0.10166618437093097,0.039842642164703235,0.02,399,4,156
dbpedia-entity,rr,20,0.02,weighted_cv,262,1792,1160,0,0,0.0,0.07811962570243065,0.10166618437093097,0.039842642164703235,0.02,399,4,156
dbpedia-entity,rr,20,0.02,active_cv,262,1780,1160,0,0,0.0,0.10453577167265238,0.10166618437093097,0.039842642164703235,0.02,399,4,156
dbpedia-entity,rr,20,0.02,weighted_cvl,262,1811,1160,0,0,0.0,0.07280101213159478,0.10166618437093097,0.039842642164703235,0.02,399,4,156
dbpedia-entity,rr,20,0.02,uniform,263,1665,1019,0,0,0.0,0.16593586374554253,0.07011098688877629,0.04702281494045586,0.02,399,4,156
dbpedia-entity,rr,20,0.02,uniform_nz,263,1642,1019,0,0,0.0,0.08258727323570472,0.07011098688877629,0.04702281494045586,0.02,399,4,156
dbpedia-entity,rr,20,0.02,weighted,263,1656,1019,0,0,0.0,0.07011098688877629,0.07011098688877629,0.04702281494045586,0.02,399,4,156
dbpedia-entity,rr,20,0.02,active_judge,263,1628,1019,0,0,0.0,0.23186589858414425,0.07011098688877629,0.04702281494045586,0.02,399,4,156
dbpedia-entity,rr,20,0.02,strat_pilot,263,1619,1019,0,0,0.0,0.0697816786465929,0.07011098688877629,0.04702281494045586,0.02,399,4,156
dbpedia-entity,rr,20,0.02,weighted_cv,263,1658,1019,1,0,0.0,0.07144886013022718,0.07011098688877629,0.04702281494045586,0.02,399,4,156
dbpedia-entity,rr,20,0.02,active_cv,263,1660,1019,0,0,0.0,0.1075106349981367,0.07011098688877629,0.04702281494045586,0.02,399,4,156
dbpedia-entity,rr,20,0.02,weighted_cvl,263,1660,1019,1,0,0.0,0.045101812622760584,0.07011098688877629,0.04702281494045586,0.02,399,4,156
dbpedia-entity,rr,20,0.02,uniform,264,1695,1086,1,0,0.0,0.1523652415101361,0.07974603662286243,0.024736066279258492,0.02,399,4,156
dbpedia-entity,rr,20,0.02,uniform_nz,264,1685,1086,0,0,0.0,0.09575312384600274,0.07974603662286243,0.024736066279258492,0.02,399,4,156
dbpedia-entity,rr,20,0.02,weighted,264,1743,1086,0,0,0.0,0.07974603662286243,0.07974603662286243,0.024736066279258492,0.02,399,4,156
dbpedia-entity,rr,20,0.02,active_judge,264,1693,1086,0,0,0.0,0.1619755374361005,0.07974603662286243,0.024736066279258492,0.02,399,4,156
dbpedia-entity,rr,20,0.02,strat_pilot,264,1731,1086,1,0,0.0,0.08002922954235027,0.07974603662286243,0.024736066279258492,0.02,399,4,156
dbpedia-entity,rr,20,0.02,weighted_cv,264,1676,1086,1,0,0.0,0.06547690199169,0.07974603662286243,0.024736066279258492,0.02,399,4,156
dbpedia-entity,rr,20,0.02,active_cv,264,1691,1086,0,0,0.0,0.08348287984550185,0.07974603662286243,0.024736066279258492,0.02,399,4,156
dbpedia-entity,rr,20,0.02,weighted_cvl,264,1719,1086,1,0,0.0,0.05330975717848879,0.07974603662286243,0.024736066279258492,0.02,399,4,156
dbpedia-entity,rr,20,0.02,uniform,265,1639,1029,0,0,0.0,0.1402017759768505,0.06261715879205298,0.0325417487102921,0.02,399,4,156
dbpedia-entity,rr,20,0.02,uniform_nz,265,1658,1029,0,0,0.0,0.07362704672864086,0.06261715879205298,0.0325417487102921,0.02,399,4,156
dbpedia-entity,rr,20,0.02,weighted,265,1688,1029,0,0,0.0,0.06261715879205298,0.06261715879205298,0.0325417487102921,0.02,399,4,156
dbpedia-entity,rr,20,0.02,active_judge,265,1642,1029,0,0,0.0,0.1703293970979533,0.06261715879205298,0.0325417487102921,0.02,399,4,156
dbpedia-entity,rr,20,0.02,strat_pilot,265,1708,1029,1,0,0.0,0.06263338933299162,0.06261715879205298,0.0325417487102921,0.02,399,4,156
dbpedia-entity,rr,20,0.02,weighted_cv,265,1654,1029,0,0,0.0,0.058445643092040214,0.06261715879205298,0.0325417487102921,0.02,399,4,156
dbpedia-entity,rr,20,0.02,active_cv,265,1668,1029,0,0,0.0,0.08345234199209865,0.06261715879205298,0.0325417487102921,0.02,399,4,156
dbpedia-entity,rr,20,0.02,weighted_cvl,265,1664,1029,1,0,0.0,0.03661143339363987,0.06261715879205298,0.0325417487102921,0.02,399,4,156
dbpedia-entity,rr,20,0.02,uniform,266,1731,1117,0,0,0.012976682615160273,0.24912759176593768,0.06935497951806589,0.029054336083966598,0.007023317384839727,399,4,156
dbpedia-entity,rr,20,0.02,uniform_nz,266,1746,1117,0,0,0.012976682615160273,0.11825875346959673,0.06935497951806589,0.029054336083966598,0.007023317384839727,399,4,156
dbpedia-entity,rr,20,0.02,weighted,266,1758,1117,0,0,0.012976682615160273,0.06935497951806589,0.06935497951806589,0.029054336083966598,0.007023317384839727,399,4,156
dbpedia-entity,rr,20,0.02,active_judge,266,1741,1117,0,0,0.012976682615160273,0.13870708402445747,0.06935497951806589,0.029054336083966598,0.007023317384839727,399,4,156
dbpedia-entity,rr,20,0.02,strat_pilot,266,1707,1117,0,0,0.012976682615160273,0.06931647135300747,0.06935497951806589,0.029054336083966598,0.007023317384839727,399,4,156
dbpedia-entity,rr,20,0.02,weighted_cv,266,1748,1117,0,0,0.012976682615160273,0.061412714934706035,0.06935497951806589,0.029054336083966598,0.007023317384839727,399,4,156
dbpedia-entity,rr,20,0.02,active_cv,266,1768,1117,0,0,0.012976682615160273,0.08447822371090939,0.06935497951806589,0.029054336083966598,0.007023317384839727,399,4,156
dbpedia-entity,rr,20,0.02,weighted_cvl,266,1709,1117,0,0,0.012976682615160273,0.04070456407526227,0.06935497951806589,0.029054336083966598,0.007023317384839727,399,4,156
dbpedia-entity,rr,20,0.02,uniform,267,1609,1007,1,0,0.0,0.12802466698059495,0.05901295391460385,0.031046760157663583,0.02,399,4,156
dbpedia-entity,rr,20,0.02,uniform_nz,267,1654,1007,0,0,0.0,0.07155966634938096,0.05901295391460385,0.031046760157663583,0.02,399,4,156
dbpedia-entity,rr,20,0.02,weighted,267,1661,1007,0,0,0.0,0.05901295391460385,0.05901295391460385,0.031046760157663583,0.02,399,4,156
dbpedia-entity,rr,20,0.02,active_judge,267,1637,1007,0,0,0.0,0.17281288377954332,0.05901295391460385,0.031046760157663583,0.02,399,4,156
dbpedia-entity,rr,20,0.02,strat_pilot,267,1679,1007,0,0,0.0,0.058761495871336035,0.05901295391460385,0.031046760157663583,0.02,399,4,156
dbpedia-entity,rr,20,0.02,weighted_cv,267,1627,1007,0,0,0.0,0.07302729742566114,0.05901295391460385,0.031046760157663583,0.02,399,4,156
dbpedia-entity,rr,20,0.02,active_cv,267,1663,1007,0,0,0.0,0.11525103924413047,0.05901295391460385,0.031046760157663583,0.02,399,4,156
dbpedia-entity,rr,20,0.02,weighted_cvl,267,1622,1007,0,0,0.0,0.04339620760818897,0.05901295391460385,0.031046760157663583,0.02,399,4,156
dbpedia-entity,rr,20,0.02,uniform,268,1461,1035,1,0,0.0,0.09565978352410238,0.02872923464348729,0.033498291945363946,0.02,399,4,112
dbpedia-entity,rr,20,0.02,uniform_nz,268,1450,1035,0,0,0.0,0.038311259963161405,0.02872923464348729,0.033498291945363946,0.02,399,4,112
dbpedia-entity,rr,20,0.02,weighted,268,1494,1035,0,0,0.0,0.02872923464348729,0.02872923464348729,0.033498291945363946,0.02,399,4,112
dbpedia-entity,rr,20,0.02,active_judge,268,1504,1035,0,0,0.0,0.12491948124999326,0.02872923464348729,0.033498291945363946,0.02,399,4,112
dbpedia-entity,rr,20,0.02,strat_pilot,268,1483,1035,0,0,0.0,0.028580176283337776,0.02872923464348729,0.033498291945363946,0.02,399,4,112
dbpedia-entity,rr,20,0.02,weighted_cv,268,1510,1035,1,0,0.0,0.022915075908693038,0.02872923464348729,0.033498291945363946,0.02,399,4,112
dbpedia-entity,rr,20,0.02,active_cv,268,1469,1035,0,0,0.0,0.042836520546122935,0.02872923464348729,0.033498291945363946,0.02,399,4,112
dbpedia-entity,rr,20,0.02,weighted_cvl,268,1444,1035,1,0,0.0,0.01634501570418307,0.02872923464348729,0.033498291945363946,0.02,399,4,112
dbpedia-entity,rr,20,0.02,uniform,269,1285,912,0,0,0.0,0.26613998125196925,0.06899658107186692,0.09868687684864155,0.02,399,4,89
dbpedia-entity,rr,20,0.02,uniform_nz,269,1280,912,0,0,0.0,0.09933742197554875,0.06899658107186692,0.09868687684864155,0.02,399,4,89
dbpedia-entity,rr,20,0.02,weighted,269,1253,912,1,0,0.0,0.06899658107186692,0.06899658107186692,0.09868687684864155,0.02,399,4,89
dbpedia-entity,rr,20,0.02,active_judge,269,1223,912,0,0,0.0,0.2096642863901701,0.06899658107186692,0.09868687684864155,0.02,399,4,89
dbpedia-entity,rr,20,0.02,strat_pilot,269,1268,912,1,0,0.0,0.06867658372323882,0.06899658107186692,0.09868687684864155,0.02,399,4,89
dbpedia-entity,rr,20,0.02,weighted_cv,269,1287,912,0,0,0.0,0.07870299055954924,0.06899658107186692,0.09868687684864155,0.02,399,4,89
dbpedia-entity,rr,20,0.02,active_cv,269,1255,912,0,0,0.0,0.11857686814666693,0.06899658107186692,0.09868687684864155,0.02,399,4,89
dbpedia-entity,rr,20,0.02,weighted_cvl,269,1243,912,1,0,0.0,0.042222841791817574,0.06899658107186692,0.09868687684864155,0.02,399,4,89
dbpedia-entity,rr,20,0.02,uniform,270,1431,977,0,0,0.01721510083339428,0.3688950754057201,0.07871942109388362,0.05656750840094829,0.002784899166605719,399,4,112
dbpedia-entity,rr,20,0.02,uniform_nz,270,1425,977,0,0,0.01721510083339428,0.1285079419424328,0.07871942109388362,0.05656750840094829,0.002784899166605719,399,4,112
dbpedia-entity,rr,20,0.02,weighted,270,1480,977,0,0,0.01721510083339428,0.07871942109388362,0.07871942109388362,0.05656750840094829,0.002784899166605719,399,4,112
dbpedia-entity,rr,20,0.02,active_judge,270,1443,977,0,0,0.01721510083339428,0.2671006071091504,0.07871942109388362,0.05656750840094829,0.002784899166605719,399,4,112
dbpedia-entity,rr,20,0.02,strat_pilot,270,1364,977,0,0,0.01721510083339428,0.07826588624259355,0.07871942109388362,0.05656750840094829,0.002784899166605719,399,4,112
dbpedia-entity,rr,20,0.02,weighted_cv,270,1407,977,1,0,0.01721510083339428,0.073181360561797,0.07871942109388362,0.05656750840094829,0.002784899166605719,399,4,112
dbpedia-entity,rr,20,0.02,active_cv,270,1436,977,0,0,0.01721510083339428,0.1153304482845297,0.07871942109388362,0.05656750840094829,0.002784899166605719,399,4,112
dbpedia-entity,rr,20,0.02,weighted_cvl,270,1416,977,0,0,0.01721510083339428,0.04423283781240003,0.07871942109388362,0.05656750840094829,0.002784899166605719,399,4,112
dbpedia-entity,rr,20,0.02,uniform,271,1648,1024,1,0,0.0,0.2055219466139892,0.09668980506014124,0.11775415492622067,0.02,399,4,156
dbpedia-entity,rr,20,0.02,uniform_nz,271,1663,1024,0,0,0.0,0.1352752480254098,0.09668980506014124,0.11775415492622067,0.02,399,4,156
dbpedia-entity,rr,20,0.02,weighted,271,1687,1024,1,0,0.0,0.09668980506014124,0.09668980506014124,0.11775415492622067,0.02,399,4,156
dbpedia-entity,rr,20,0.02,active_judge,271,1642,1024,0,0,0.0,0.2833903351032806,0.09668980506014124,0.11775415492622067,0.02,399,4,156
dbpedia-entity,rr,20,0.02,strat_pilot,271,1615,1024,0,0,0.0,0.09557247441317622,0.09668980506014124,0.11775415492622067,0.02,399,4,156
dbpedia-entity,rr,20,0.02,weighted_cv,271,1662,1024,1,0,0.0,0.10242173709750349,0.09668980506014124,0.11775415492622067,0.02,399,4,156
dbpedia-entity,rr,20,0.02,active_cv,271,1645,1024,0,0,0.0,0.13770869414554196,0.09668980506014124,0.11775415492622067,0.02,399,4,156
dbpedia-entity,rr,20,0.02,weighted_cvl,271,1646,1024,1,0,0.0,0.06074179027411667,0.09668980506014124,0.11775415492622067,0.02,399,4,156
dbpedia-entity,rr,20,0.02,uniform,272,1663,1059,0,0,0.0,0.16964183392481183,0.07257401290040166,0.0569702222499347,0.02,399,4,156
dbpedia-entity,rr,20,0.02,uniform_nz,272,1696,1059,0,0,0.0,0.08667458573034954,0.07257401290040166,0.0569702222499347,0.02,399,4,156
dbpedia-entity,rr,20,0.02,weighted,272,1677,1059,0,0,0.0,0.07257401290040166,0.07257401290040166,0.0569702222499347,0.02,399,4,156
dbpedia-entity,rr,20,0.02,active_judge,272,1695,1059,0,0,0.0,0.16889718764974898,0.07257401290040166,0.0569702222499347,0.02,399,4,156
dbpedia-entity,rr,20,0.02,strat_pilot,272,1661,1059,0,0,0.0,0.07230802016936387,0.07257401290040166,0.0569702222499347,0.02,399,4,156
dbpedia-entity,rr,20,0.02,weighted_cv,272,1667,1059,0,0,0.0,0.06292754356382682,0.07257401290040166,0.0569702222499347,0.02,399,4,156
dbpedia-entity,rr,20,0.02,active_cv,272,1668,1059,0,0,0.0,0.07205622894469273,0.07257401290040166,0.0569702222499347,0.02,399,4,156
dbpedia-entity,rr,20,0.02,weighted_cvl,272,1695,1059,0,0,0.0,0.04746212131472891,0.07257401290040166,0.0569702222499347,0.02,399,4,156
dbpedia-entity,rr,20,0.02,uniform,273,1677,1045,0,0,0.0,0.20456909630517858,0.06965237392894032,0.02225281351812513,0.02,399,4,156
dbpedia-entity,rr,20,0.02,uniform_nz,273,1647,1045,0,0,0.0,0.1110516045706061,0.06965237392894032,0.02225281351812513,0.02,399,4,156
dbpedia-entity,rr,20,0.02,weighted,273,1642,1045,0,0,0.0,0.06965237392894032,0.06965237392894032,0.02225281351812513,0.02,399,4,156
dbpedia-entity,rr,20,0.02,active_judge,273,1651,1045,0,0,0.0,0.1640901704962277,0.06965237392894032,0.02225281351812513,0.02,399,4,156
dbpedia-entity,rr,20,0.02,strat_pilot,273,1651,1045,0,0,0.0,0.06963909388785279,0.06965237392894032,0.02225281351812513,0.02,399,4,156
dbpedia-entity,rr,20,0.02,weighted_cv,273,1698,1045,0,0,0.0,0.05306038311836405,0.06965237392894032,0.02225281351812513,0.02,399,4,156
dbpedia-entity,rr,20,0.02,active_cv,273,1652,1045,0,0,0.0,0.059005124275396816,0.06965237392894032,0.02225281351812513,0.02,399,4,156
dbpedia-entity,rr,20,0.02,weighted_cvl,273,1648,1045,1,0,0.0,0.04592635505613807,0.06965237392894032,0.02225281351812513,0.02,399,4,156
dbpedia-entity,rr,20,0.02,uniform,274,1457,1026,0,0,0.0,0.110018196244034,0.039366670029538364,0.03855592821924092,0.02,399,4,112
dbpedia-entity,rr,20,0.02,uniform_nz,274,1473,1026,0,0,0.0,0.04693215346356714,0.039366670029538364,0.03855592821924092,0.02,399,4,112
dbpedia-entity,rr,20,0.02,weighted,274,1480,1026,0,0,0.0,0.039366670029538364,0.039366670029538364,0.03855592821924092,0.02,399,4,112
dbpedia-entity,rr,20,0.02,active_judge,274,1484,1026,0,0,0.0,0.10793039446921046,0.039366670029538364,0.03855592821924092,0.02,399,4,112
dbpedia-entity,rr,20,0.02,strat_pilot,274,1478,1026,0,0,0.0,0.03925211294572137,0.039366670029538364,0.03855592821924092,0.02,399,4,112
dbpedia-entity,rr,20,0.02,weighted_cv,274,1477,1026,0,0,0.0,0.04332464727518501,0.039366670029538364,0.03855592821924092,0.02,399,4,112
dbpedia-entity,rr,20,0.02,active_cv,274,1477,1026,0,0,0.0,0.05828825284990484,0.039366670029538364,0.03855592821924092,0.02,399,4,112
dbpedia-entity,rr,20,0.02,weighted_cvl,274,1476,1026,1,0,0.0,0.02619131085468921,0.039366670029538364,0.03855592821924092,0.02,399,4,112
dbpedia-entity,rr,20,0.02,uniform,275,1717,1117,0,0,0.0,0.15954484906844854,0.07578001388825636,0.06942708991268201,0.02,399,4,156
dbpedia-entity,rr,20,0.02,uniform_nz,275,1748,1117,0,0,0.0,0.08951627993278836,0.07578001388825636,0.06942708991268201,0.02,399,4,156
dbpedia-entity,rr,20,0.02,weighted,275,1720,1117,0,0,0.0,0.07578001388825636,0.07578001388825636,0.06942708991268201,0.02,399,4,156
dbpedia-entity,rr,20,0.02,active_judge,275,1734,1117,0,0,0.0,0.2215628101731011,0.07578001388825636,0.06942708991268201,0.02,399,4,156
dbpedia-entity,rr,20,0.02,strat_pilot,275,1715,1117,1,0,0.0,0.07562147289493122,0.07578001388825636,0.06942708991268201,0.02,399,4,156
dbpedia-entity,rr,20,0.02,weighted_cv,275,1727,1117,0,0,0.0,0.060131636164939904,0.07578001388825636,0.06942708991268201,0.02,399,4,156
dbpedia-entity,rr,20,0.02,active_cv,275,1737,1117,1,0,0.0,0.08215060333770072,0.07578001388825636,0.06942708991268201,0.02,399,4,156
dbpedia-entity,rr,20,0.02,weighted_cvl,275,1756,1117,1,0,0.0,0.06389231745754795,0.07578001388825636,0.06942708991268201,0.02,399,4,156
dbpedia-entity,rr,20,0.02,uniform,276,1546,940,0,0,0.0,0.20745023391978137,0.08866540916467106,0.028467267126772274,0.02,399,4,156
dbpedia-entity,rr,20,0.02,uniform_nz,276,1567,940,0,0,0.0,0.1261168108709655,0.08866540916467106,0.028467267126772274,0.02,399,4,156
dbpedia-entity,rr,20,0.02,weighted,276,1550,940,0,0,0.0,0.08866540916467106,0.08866540916467106,0.028467267126772274,0.02,399,4,156
dbpedia-entity,rr,20,0.02,active_judge,276,1552,940,0,0,0.0,0.20738729580371942,0.08866540916467106,0.028467267126772274,0.02,399,4,156
dbpedia-entity,rr,20,0.02,strat_pilot,276,1539,940,0,0,0.0,0.08817746340227033,0.08866540916467106,0.028467267126772274,0.02,399,4,156
dbpedia-entity,rr,20,0.02,weighted_cv,276,1541,940,0,0,0.0,0.0706806133906595,0.08866540916467106,0.028467267126772274,0.02,399,4,156
dbpedia-entity,rr,20,0.02,active_cv,276,1550,940,1,0,0.0,0.10118252316631751,0.08866540916467106,0.028467267126772274,0.02,399,4,156
dbpedia-entity,rr,20,0.02,weighted_cvl,276,1569,940,0,0,0.0,0.049507860251347416,0.08866540916467106,0.028467267126772274,0.02,399,4,156
dbpedia-entity,rr,20,0.02,uniform,277,1708,1089,0,0,0.0,0.16006934777972257,0.06305183034604675,0.04025325048586588,0.02,399,4,156
dbpedia-entity,rr,20,0.02,uniform_nz,277,1692,1089,0,0,0.0,0.08406054509236946,0.06305183034604675,0.04025325048586588,0.02,399,4,156
dbpedia-entity,rr,20,0.02,weighted,277,1724,1089,1,0,0.0,0.06305183034604675,0.06305183034604675,0.04025325048586588,0.02,399,4,156
dbpedia-entity,rr,20,0.02,active_judge,277,1693,1089,0,0,0.0,0.17775318428887416,0.06305183034604675,0.04025325048586588,0.02,399,4,156
dbpedia-entity,rr,20,0.02,strat_pilot,277,1697,1089,0,0,0.0,0.06304433432116271,0.06305183034604675,0.04025325048586588,0.02,399,4,156
dbpedia-entity,rr,20,0.02,weighted_cv,277,1696,1089,0,0,0.0,0.0643021471759285,0.06305183034604675,0.04025325048586588,0.02,399,4,156
dbpedia-entity,rr,20,0.02,active_cv,277,1703,1089,0,0,0.0,0.08583679210626731,0.06305183034604675,0.04025325048586588,0.02,399,4,156
dbpedia-entity,rr,20,0.02,weighted_cvl,277,1719,1089,1,0,0.0,0.043204812018468,0.06305183034604675,0.04025325048586588,0.02,399,4,156
dbpedia-entity,rr,20,0.02,uniform,278,1688,1078,0,0,0.008777526990381812,0.38289977405842757,0.11258111189514675,0.034127420214057055,0.011222473009618188,399,4,156
dbpedia-entity,rr,20,0.02,uniform_nz,278,1661,1078,0,0,0.008777526990381812,0.19708690217296682,0.11258111189514675,0.034127420214057055,0.011222473009618188,399,4,156
dbpedia-entity,rr,20,0.02,weighted,278,1707,1078,0,0,0.008777526990381812,0.11258111189514675,0.11258111189514675,0.034127420214057055,0.011222473009618188,399,4,156
dbpedia-entity,rr,20,0.02,active_judge,278,1688,1078,0,0,0.008777526990381812,0.2554234385547758,0.11258111189514675,0.034127420214057055,0.011222473009618188,399,4,156
dbpedia-entity,rr,20,0.02,strat_pilot,278,1705,1078,0,0,0.008777526990381812,0.11275532707735306,0.11258111189514675,0.034127420214057055,0.011222473009618188,399,4,156
dbpedia-entity,rr,20,0.02,weighted_cv,278,1671,1078,0,0,0.008777526990381812,0.06743098394177326,0.11258111189514675,0.034127420214057055,0.011222473009618188,399,4,156
dbpedia-entity,rr,20,0.02,active_cv,278,1686,1078,0,0,0.008777526990381812,0.0874674059769994,0.11258111189514675,0.034127420214057055,0.011222473009618188,399,4,156
dbpedia-entity,rr,20,0.02,weighted_cvl,278,1752,1078,0,0,0.008777526990381812,0.0969764771949763,0.11258111189514675,0.034127420214057055,0.011222473009618188,399,4,156
dbpedia-entity,rr,20,0.02,uniform,279,1545,930,0,0,0.0,0.1217096786117208,0.07666311816628864,0.06418772289684462,0.02,399,4,156
dbpedia-entity,rr,20,0.02,uniform_nz,279,1540,930,0,0,0.0,0.08649080747918464,0.07666311816628864,0.06418772289684462,0.02,399,4,156
dbpedia-entity,rr,20,0.02,weighted,279,1536,930,0,0,0.0,0.07666311816628864,0.07666311816628864,0.06418772289684462,0.02,399,4,156
dbpedia-entity,rr,20,0.02,active_judge,279,1577,930,0,0,0.0,0.24512736158568926,0.07666311816628864,0.06418772289684462,0.02,399,4,156
dbpedia-entity,rr,20,0.02,strat_pilot,279,1515,930,1,0,0.0,0.07623632297379572,0.07666311816628864,0.06418772289684462,0.02,399,4,156
dbpedia-entity,rr,20,0.02,weighted_cv,279,1532,930,1,0,0.0,0.05323727631376498,0.07666311816628864,0.06418772289684462,0.02,399,4,156
dbpedia-entity,rr,20,0.02,active_cv,279,1554,930,0,0,0.0,0.06084039613493998,0.07666311816628864,0.06418772289684462,0.02,399,4,156
dbpedia-entity,rr,20,0.02,weighted_cvl,279,1557,930,0,0,0.0,0.05937200597852458,0.07666311816628864,0.06418772289684462,0.02,399,4,156
dbpedia-entity,rr,20,0.02,uniform,280,1676,1070,0,0,0.0,0.2075318672511286,0.08090333060160924,0.046659042107222146,0.02,399,4,156
dbpedia-entity,rr,20,0.02,uniform_nz,280,1733,1070,0,0,0.0,0.10598796276616933,0.08090333060160924,0.046659042107222146,0.02,399,4,156
dbpedia-entity,rr,20,0.02,weighted,280,1704,1070,1,0,0.0,0.08090333060160924,0.08090333060160924,0.046659042107222146,0.02,399,4,156
dbpedia-entity,rr,20,0.02,active_judge,280,1653,1070,0,0,0.0,0.16533287573812544,0.08090333060160924,0.046659042107222146,0.02,399,4,156
dbpedia-entity,rr,20,0.02,strat_pilot,280,1693,1070,0,0,0.0,0.08093831383397937,0.08090333060160924,0.046659042107222146,0.02,399,4,156
dbpedia-entity,rr,20,0.02,weighted_cv,280,1691,1070,0,0,0.0,0.056474190925306235,0.08090333060160924,0.046659042107222146,0.02,399,4,156
dbpedia-entity,rr,20,0.02,active_cv,280,1699,1070,1,0,0.0,0.06911242613459505,0.08090333060160924,0.046659042107222146,0.02,399,4,156
dbpedia-entity,rr,20,0.02,weighted_cvl,280,1673,1070,0,0,0.0,0.058222736296389986,0.08090333060160924,0.046659042107222146,0.02,399,4,156
dbpedia-entity,rr,20,0.02,uniform,281,1290,960,0,0,0.0,0.2942054921398384,0.043315548210748255,0.09276334776334778,0.02,399,4,88
dbpedia-entity,rr,20,0.02,uniform_nz,281,1300,960,0,0,0.0,0.059799101839240185,0.043315548210748255,0.09276334776334778,0.02,399,4,88
dbpedia-entity,rr,20,0.02,weighted,281,1310,960,1,0,0.0,0.043315548210748255,0.043315548210748255,0.09276334776334778,0.02,399,4,88
dbpedia-entity,rr,20,0.02,active_judge,281,1305,960,0,0,0.0,0.1788825572456884,0.043315548210748255,0.09276334776334778,0.02,399,4,88
dbpedia-entity,rr,20,0.02,strat_pilot,281,1313,960,0,0,0.0,0.0415774695317627,0.043315548210748255,0.09276334776334778,0.02,399,4,88
dbpedia-entity,rr,20,0.02,weighted_cv,281,1294,960,1,0,0.0,0.05653168957855217,0.043315548210748255,0.09276334776334778,0.02,399,4,88
dbpedia-entity,rr,20,0.02,active_cv,281,1294,960,1,0,0.0,0.06993743655016368,0.043315548210748255,0.09276334776334778,0.02,399,4,88
dbpedia-entity,rr,20,0.02,weighted_cvl,281,1282,960,0,0,0.0,0.03750518261126554,0.043315548210748255,0.09276334776334778,0.02,399,4,88
dbpedia-entity,rr,20,0.02,uniform,282,1498,1040,0,0,0.0027946216246630406,0.28712032041671415,0.06033836852226734,0.029931078105523146,0.01720537837533696,399,4,113
dbpedia-entity,rr,20,0.02,uniform_nz,282,1453,1040,0,0,0.0027946216246630406,0.0798783667792421,0.06033836852226734,0.029931078105523146,0.01720537837533696,399,4,113
dbpedia-entity,rr,20,0.02,weighted,282,1460,1040,0,0,0.0027946216246630406,0.06033836852226734,0.06033836852226734,0.029931078105523146,0.01720537837533696,399,4,113
dbpedia-entity,rr,20,0.02,active_judge,282,1489,1040,0,0,0.0027946216246630406,0.17268060238511332,0.06033836852226734,0.029931078105523146,0.01720537837533696,399,4,113
dbpedia-entity,rr,20,0.02,strat_pilot,282,1490,1040,0,0,0.0027946216246630406,0.06016304735456577,0.06033836852226734,0.029931078105523146,0.01720537837533696,399,4,113
dbpedia-entity,rr,20,0.02,weighted_cv,282,1489,1040,0,0,0.0027946216246630406,0.04893167739562287,0.06033836852226734,0.029931078105523146,0.01720537837533696,399,4,113
dbpedia-entity,rr,20,0.02,active_cv,282,1488,1040,0,0,0.0027946216246630406,0.06343912013165247,0.06033836852226734,0.029931078105523146,0.01720537837533696,399,4,113
dbpedia-entity,rr,20,0.02,weighted_cvl,282,1503,1040,0,0,0.0027946216246630406,0.04004277107239741,0.06033836852226734,0.029931078105523146,0.01720537837533696,399,4,113
dbpedia-entity,rr,20,0.02,uniform,283,1620,1011,1,0,0.01421439804457808,0.1291579323313469,0.05239633919699447,0.020352139486260894,0.00578560195542192,399,4,156
dbpedia-entity,rr,20,0.02,uniform_nz,283,1634,1011,0,0,0.01421439804457808,0.06574427447908882,0.05239633919699447,0.020352139486260894,0.00578560195542192,399,4,156
dbpedia-entity,rr,20,0.02,weighted,283,1659,1011,0,0,0.01421439804457808,0.05239633919699447,0.05239633919699447,0.020352139486260894,0.00578560195542192,399,4,156
dbpedia-entity,rr,20,0.02,active_judge,283,1633,1011,0,0,0.01421439804457808,0.15361282183370467,0.05239633919699447,0.020352139486260894,0.00578560195542192,399,4,156
dbpedia-entity,rr,20,0.02,strat_pilot,283,1640,1011,0,0,0.01421439804457808,0.05196852346922913,0.05239633919699447,0.020352139486260894,0.00578560195542192,399,4,156
dbpedia-entity,rr,20,0.02,weighted_cv,283,1627,1011,0,0,0.01421439804457808,0.05583319924306198,0.05239633919699447,0.020352139486260894,0.00578560195542192,399,4,156
dbpedia-entity,rr,20,0.02,active_cv,283,1635,1011,0,0,0.01421439804457808,0.07200162716260557,0.05239633919699447,0.020352139486260894,0.00578560195542192,399,4,156
dbpedia-entity,rr,20,0.02,weighted_cvl,283,1606,1011,0,0,0.01421439804457808,0.046712485391063804,0.05239633919699447,0.020352139486260894,0.00578560195542192,399,4,156
dbpedia-entity,rr,20,0.02,uniform,284,1421,996,0,0,0.054244691767658226,0.44229142157609197,0.07442094494890657,0.030092748204068313,-0.03424469176765822,399,4,111
dbpedia-entity,rr,20,0.02,uniform_nz,284,1415,996,0,0,0.054244691767658226,0.165644315219866,0.07442094494890657,0.030092748204068313,-0.03424469176765822,399,4,111
dbpedia-entity,rr,20,0.02,weighted,284,1435,996,0,0,0.054244691767658226,0.07442094494890657,0.07442094494890657,0.030092748204068313,-0.03424469176765822,399,4,111
dbpedia-entity,rr,20,0.02,active_judge,284,1438,996,0,0,0.054244691767658226,0.23555378518372533,0.07442094494890657,0.030092748204068313,-0.03424469176765822,399,4,111
dbpedia-entity,rr,20,0.02,strat_pilot,284,1443,996,0,0,0.054244691767658226,0.073987990833855,0.07442094494890657,0.030092748204068313,-0.03424469176765822,399,4,111
dbpedia-entity,rr,20,0.02,weighted_cv,284,1432,996,0,0,0.054244691767658226,0.0958107992893352,0.07442094494890657,0.030092748204068313,-0.03424469176765822,399,4,111
dbpedia-entity,rr,20,0.02,active_cv,284,1421,996,0,0,0.054244691767658226,0.12173735647403645,0.07442094494890657,0.030092748204068313,-0.03424469176765822,399,4,111
dbpedia-entity,rr,20,0.02,weighted_cvl,284,1437,996,0,0,0.054244691767658226,0.04693076387428112,0.07442094494890657,0.030092748204068313,-0.03424469176765822,399,4,111
dbpedia-entity,rr,20,0.02,uniform,285,1648,1042,0,0,0.010784467348096405,0.21199755962401906,0.0760644177385981,0.026079379440612234,0.009215532651903596,399,4,156
dbpedia-entity,rr,20,0.02,uniform_nz,285,1678,1042,0,0,0.010784467348096405,0.10083695577069363,0.0760644177385981,0.026079379440612234,0.009215532651903596,399,4,156
dbpedia-entity,rr,20,0.02,weighted,285,1699,1042,0,0,0.010784467348096405,0.0760644177385981,0.0760644177385981,0.026079379440612234,0.009215532651903596,399,4,156
dbpedia-entity,rr,20,0.02,active_judge,285,1653,1042,1,0,0.010784467348096405,0.21046300204002,0.0760644177385981,0.026079379440612234,0.009215532651903596,399,4,156
dbpedia-entity,rr,20,0.02,strat_pilot,285,1683,1042,0,0,0.010784467348096405,0.07594477472553281,0.0760644177385981,0.026079379440612234,0.009215532651903596,399,4,156
dbpedia-entity,rr,20,0.02,weighted_cv,285,1704,1042,0,0,0.010784467348096405,0.0719594667183433,0.0760644177385981,0.026079379440612234,0.009215532651903596,399,4,156
dbpedia-entity,rr,20,0.02,active_cv,285,1662,1042,0,0,0.010784467348096405,0.09367150648411118,0.0760644177385981,0.026079379440612234,0.009215532651903596,399,4,156
dbpedia-entity,rr,20,0.02,weighted_cvl,285,1690,1042,0,0,0.010784467348096405,0.05088743762737826,0.0760644177385981,0.026079379440612234,0.009215532651903596,399,4,156
dbpedia-entity,rr,20,0.02,uniform,286,1332,945,0,0,0.0,0.25830546897345275,0.04008517508976252,0.06599746903423374,0.02,399,4,98
dbpedia-entity,rr,20,0.02,uniform_nz,286,1279,945,0,0,0.0,0.07059341889820435,0.04008517508976252,0.06599746903423374,0.02,399,4,98
dbpedia-entity,rr,20,0.02,weighted,286,1291,945,1,0,0.0,0.04008517508976252,0.04008517508976252,0.06599746903423374,0.02,399,4,98
dbpedia-entity,rr,20,0.02,active_judge,286,1335,945,0,0,0.0,0.11034104393614837,0.04008517508976252,0.06599746903423374,0.02,399,4,98
dbpedia-entity,rr,20,0.02,strat_pilot,286,1335,945,0,0,0.0,0.03970498796175898,0.04008517508976252,0.06599746903423374,0.02,399,4,98
dbpedia-entity,rr,20,0.02,weighted_cv,286,1344,945,1,0,0.0,0.04372636559757838,0.04008517508976252,0.06599746903423374,0.02,399,4,98
dbpedia-entity,rr,20,0.02,active_cv,286,1317,945,0,0,0.0,0.0568802822990494,0.04008517508976252,0.06599746903423374,0.02,399,4,98
dbpedia-entity,rr,20,0.02,weighted_cvl,286,1325,945,0,0,0.0,0.02323920332342236,0.04008517508976252,0.06599746903423374,0.02,399,4,98
dbpedia-entity,rr,20,0.02,uniform,287,1659,1043,0,0,0.0,0.20253559069954927,0.08924035658794419,0.022496615579552504,0.02,399,4,156
dbpedia-entity,rr,20,0.02,uniform_nz,287,1672,1043,0,0,0.0,0.10111853051191091,0.08924035658794419,0.022496615579552504,0.02,399,4,156
dbpedia-entity,rr,20,0.02,weighted,287,1653,1043,0,0,0.0,0.08924035658794419,0.08924035658794419,0.022496615579552504,0.02,399,4,156
dbpedia-entity,rr,20,0.02,active_judge,287,1659,1043,1,0,0.0,0.21416528697329787,0.08924035658794419,0.022496615579552504,0.02,399,4,156
dbpedia-entity,rr,20,0.02,strat_pilot,287,1675,1043,0,0,0.0,0.08918951895087612,0.08924035658794419,0.022496615579552504,0.02,399,4,156
dbpedia-entity,rr,20,0.02,weighted_cv,287,1651,1043,1,0,0.0,0.07301386562954779,0.08924035658794419,0.022496615579552504,0.02,399,4,156
dbpedia-entity,rr,20,0.02,active_cv,287,1655,1043,1,0,0.0,0.10055087414338182,0.08924035658794419,0.022496615579552504,0.02,399,4,156
dbpedia-entity,rr,20,0.02,weighted_cvl,287,1648,1043,1,0,0.0,0.06819058724260256,0.08924035658794419,0.022496615579552504,0.02,399,4,156
dbpedia-entity,rr,20,0.02,uniform,288,1470,1079,0,0,0.0,0.7705477503145992,0.04848689720075982,0.06147601971770769,0.02,399,4,97
dbpedia-entity,rr,20,0.02,uniform_nz,288,1459,1079,0,0,0.0,0.18595595019963013,0.04848689720075982,0.06147601971770769,0.02,399,4,97
dbpedia-entity,rr,20,0.02,weighted,288,1440,1079,0,0,0.0,0.04848689720075982,0.04848689720075982,0.06147601971770769,0.02,399,4,97
dbpedia-entity,rr,20,0.02,active_judge,288,1450,1079,0,0,0.0,0.36380212560144803,0.04848689720075982,0.06147601971770769,0.02,399,4,97
dbpedia-entity,rr,20,0.02,strat_pilot,288,1482,1079,0,0,0.0,0.048472219111066535,0.04848689720075982,0.06147601971770769,0.02,399,4,97
dbpedia-entity,rr,20,0.02,weighted_cv,288,1485,1079,0,0,0.0,0.0390658540933182,0.04848689720075982,0.06147601971770769,0.02,399,4,97
dbpedia-entity,rr,20,0.02,active_cv,288,1422,1079,1,0,0.0,0.04801393900234839,0.04848689720075982,0.06147601971770769,0.02,399,4,97
dbpedia-entity,rr,20,0.02,weighted_cvl,288,1459,1079,0,0,0.0,0.029959620463304054,0.04848689720075982,0.06147601971770769,0.02,399,4,97
dbpedia-entity,rr,20,0.02,uniform,289,1655,1049,0,0,0.017302007690904064,0.2687945758977635,0.08107504581356503,0.03511909551576734,0.002697992309095936,399,4,156
dbpedia-entity,rr,20,0.02,uniform_nz,289,1681,1049,0,0,0.017302007690904064,0.13544709722427445,0.08107504581356503,0.03511909551576734,0.002697992309095936,399,4,156
dbpedia-entity,rr,20,0.02,weighted,289,1656,1049,0,0,0.017302007690904064,0.08107504581356503,0.08107504581356503,0.03511909551576734,0.002697992309095936,399,4,156
dbpedia-entity,rr,20,0.02,active_judge,289,1687,1049,0,0,0.017302007690904064,0.26297123261992184,0.08107504581356503,0.03511909551576734,0.002697992309095936,399,4,156
dbpedia-entity,rr,20,0.02,strat_pilot,289,1685,1049,0,0,0.017302007690904064,0.08102569911572718,0.08107504581356503,0.03511909551576734,0.002697992309095936,399,4,156
dbpedia-entity,rr,20,0.02,weighted_cv,289,1640,1049,0,0,0.017302007690904064,0.07931179958748982,0.08107504581356503,0.03511909551576734,0.002697992309095936,399,4,156
dbpedia-entity,rr,20,0.02,active_cv,289,1686,1049,0,0,0.017302007690904064,0.13543269486991927,0.08107504581356503,0.03511909551576734,0.002697992309095936,399,4,156
dbpedia-entity,rr,20,0.02,weighted_cvl,289,1668,1049,0,0,0.017302007690904064,0.06389439869656362,0.08107504581356503,0.03511909551576734,0.002697992309095936,399,4,156
dbpedia-entity,rr,20,0.02,uniform,290,1721,1091,0,0,0.0,0.18134986192367702,0.08924404265586863,0.03249805356109052,0.02,399,4,156
dbpedia-entity,rr,20,0.02,uniform_nz,290,1737,1091,0,0,0.0,0.10877742090445959,0.08924404265586863,0.03249805356109052,0.02,399,4,156
dbpedia-entity,rr,20,0.02,weighted,290,1720,1091,1,0,0.0,0.08924404265586863,0.08924404265586863,0.03249805356109052,0.02,399,4,156
dbpedia-entity,rr,20,0.02,active_judge,290,1708,1091,0,0,0.0,0.19666198191247813,0.08924404265586863,0.03249805356109052,0.02,399,4,156
dbpedia-entity,rr,20,0.02,strat_pilot,290,1716,1091,0,0,0.0,0.0891615822009441,0.08924404265586863,0.03249805356109052,0.02,399,4,156
dbpedia-entity,rr,20,0.02,weighted_cv,290,1706,1091,1,0,0.0,0.09730787685319736,0.08924404265586863,0.03249805356109052,0.02,399,4,156
dbpedia-entity,rr,20,0.02,active_cv,290,1756,1091,0,0,0.0,0.12328949722003464,0.08924404265586863,0.03249805356109052,0.02,399,4,156
dbpedia-entity,rr,20,0.02,weighted_cvl,290,1758,1091,1,0,0.0,0.06967973203802913,0.08924404265586863,0.03249805356109052,0.02,399,4,156
dbpedia-entity,rr,20,0.02,uniform,291,1664,1044,0,0,0.0,0.14908113723467636,0.07959198240814834,0.025582010616606067,0.02,399,4,156
dbpedia-entity,rr,20,0.02,uniform_nz,291,1701,1044,0,0,0.0,0.0889126622885231,0.07959198240814834,0.025582010616606067,0.02,399,4,156
dbpedia-entity,rr,20,0.02,weighted,291,1672,1044,0,0,0.0,0.07959198240814834,0.07959198240814834,0.025582010616606067,0.02,399,4,156
dbpedia-entity,rr,20,0.02,active_judge,291,1628,1044,0,0,0.0,0.16140722160375537,0.07959198240814834,0.025582010616606067,0.02,399,4,156
dbpedia-entity,rr,20,0.02,strat_pilot,291,1683,1044,0,0,0.0,0.07960584839069043,0.07959198240814834,0.025582010616606067,0.02,399,4,156
dbpedia-entity,rr,20,0.02,weighted_cv,291,1661,1044,0,0,0.0,0.05130781932834181,0.07959198240814834,0.025582010616606067,0.02,399,4,156
dbpedia-entity,rr,20,0.02,active_cv,291,1671,1044,0,0,0.0,0.059432622837999174,0.07959198240814834,0.025582010616606067,0.02,399,4,156
dbpedia-entity,rr,20,0.02,weighted_cvl,291,1678,1044,0,0,0.0,0.050915615747975485,0.07959198240814834,0.025582010616606067,0.02,399,4,156
dbpedia-entity,rr,20,0.02,uniform,292,1730,1057,0,0,0.0,0.1598710509477823,0.06036748069246987,0.03230968729156971,0.02,399,4,156
dbpedia-entity,rr,20,0.02,uniform_nz,292,1668,1057,1,0,0.0,0.07360671919654646,0.06036748069246987,0.03230968729156971,0.02,399,4,156
dbpedia-entity,rr,20,0.02,weighted,292,1673,1057,0,0,0.0,0.06036748069246987,0.06036748069246987,0.03230968729156971,0.02,399,4,156
dbpedia-entity,rr,20,0.02,active_judge,292,1671,1057,0,0,0.0,0.13320813183508612,0.06036748069246987,0.03230968729156971,0.02,399,4,156
dbpedia-entity,rr,20,0.02,strat_pilot,292,1689,1057,0,0,0.0,0.06052477308940476,0.06036748069246987,0.03230968729156971,0.02,399,4,156
dbpedia-entity,rr,20,0.02,weighted_cv,292,1662,1057,0,0,0.0,0.05848757572196815,0.06036748069246987,0.03230968729156971,0.02,399,4,156
dbpedia-entity,rr,20,0.02,active_cv,292,1656,1057,0,0,0.0,0.07133417439725466,0.06036748069246987,0.03230968729156971,0.02,399,4,156
dbpedia-entity,rr,20,0.02,weighted_cvl,292,1657,1057,0,0,0.0,0.0439035222702618,0.06036748069246987,0.03230968729156971,0.02,399,4,156
dbpedia-entity,rr,20,0.02,uniform,293,1598,1030,0,0,0.010174163252067436,0.7384172038761395,0.06532583320536452,0.10004092423135608,0.009825836747932564,399,4,156
dbpedia-entity,rr,20,0.02,uniform_nz,293,1648,1030,0,0,0.010174163252067436,0.5495335720512289,0.06532583320536452,0.10004092423135608,0.009825836747932564,399,4,156
dbpedia-entity,rr,20,0.02,weighted,293,1672,1030,0,0,0.010174163252067436,0.06532583320536452,0.06532583320536452,0.10004092423135608,0.009825836747932564,399,4,156
dbpedia-entity,rr,20,0.02,active_judge,293,1638,1030,0,0,0.010174163252067436,0.17387599174735258,0.06532583320536452,0.10004092423135608,0.009825836747932564,399,4,156
dbpedia-entity,rr,20,0.02,strat_pilot,293,1659,1030,0,0,0.010174163252067436,0.06535190749998537,0.06532583320536452,0.10004092423135608,0.009825836747932564,399,4,156
dbpedia-entity,rr,20,0.02,weighted_cv,293,1667,1030,0,0,0.010174163252067436,0.05310285261323885,0.06532583320536452,0.10004092423135608,0.009825836747932564,399,4,156
dbpedia-entity,rr,20,0.02,active_cv,293,1661,1030,0,0,0.010174163252067436,0.05431998140104851,0.06532583320536452,0.10004092423135608,0.009825836747932564,399,4,156
dbpedia-entity,rr,20,0.02,weighted_cvl,293,1635,1030,0,0,0.010174163252067436,0.04429870433359617,0.06532583320536452,0.10004092423135608,0.009825836747932564,399,4,156
dbpedia-entity,rr,20,0.02,uniform,294,1742,1101,0,0,0.014130470375812942,0.3318761772854682,0.09644633018301836,0.02862836469989183,0.005869529624187058,399,4,156
dbpedia-entity,rr,20,0.02,uniform_nz,294,1729,1101,0,0,0.014130470375812942,0.16498074520846215,0.09644633018301836,0.02862836469989183,0.005869529624187058,399,4,156
dbpedia-entity,rr,20,0.02,weighted,294,1755,1101,0,0,0.014130470375812942,0.09644633018301836,0.09644633018301836,0.02862836469989183,0.005869529624187058,399,4,156
dbpedia-entity,rr,20,0.02,active_judge,294,1740,1101,0,0,0.014130470375812942,0.22529214551655735,0.09644633018301836,0.02862836469989183,0.005869529624187058,399,4,156
dbpedia-entity,rr,20,0.02,strat_pilot,294,1695,1101,0,0,0.014130470375812942,0.09649103034928219,0.09644633018301836,0.02862836469989183,0.005869529624187058,399,4,156
dbpedia-entity,rr,20,0.02,weighted_cv,294,1721,1101,0,0,0.014130470375812942,0.059846223504941974,0.09644633018301836,0.02862836469989183,0.005869529624187058,399,4,156
dbpedia-entity,rr,20,0.02,active_cv,294,1689,1101,0,0,0.014130470375812942,0.07197430735165303,0.09644633018301836,0.02862836469989183,0.005869529624187058,399,4,156
dbpedia-entity,rr,20,0.02,weighted_cvl,294,1752,1101,0,0,0.014130470375812942,0.043024742139121074,0.09644633018301836,0.02862836469989183,0.005869529624187058,399,4,156
dbpedia-entity,rr,20,0.02,uniform,295,1591,1018,0,0,0.0,0.1473545073642796,0.06645662778322112,0.022583629975847227,0.02,399,4,156
dbpedia-entity,rr,20,0.02,uniform_nz,295,1624,1018,0,0,0.0,0.07579369425651022,0.06645662778322112,0.022583629975847227,0.02,399,4,156
dbpedia-entity,rr,20,0.02,weighted,295,1667,1018,0,0,0.0,0.06645662778322112,0.06645662778322112,0.022583629975847227,0.02,399,4,156
dbpedia-entity,rr,20,0.02,active_judge,295,1632,1018,0,0,0.0,0.15885806133590097,0.06645662778322112,0.022583629975847227,0.02,399,4,156
dbpedia-entity,rr,20,0.02,strat_pilot,295,1638,1018,0,0,0.0,0.0664983466304911,0.06645662778322112,0.022583629975847227,0.02,399,4,156
dbpedia-entity,rr,20,0.02,weighted_cv,295,1690,1018,0,0,0.0,0.06308872050732245,0.06645662778322112,0.022583629975847227,0.02,399,4,156
dbpedia-entity,rr,20,0.02,active_cv,295,1666,1018,1,0,0.0,0.08315653464040089,0.06645662778322112,0.022583629975847227,0.02,399,4,156
dbpedia-entity,rr,20,0.02,weighted_cvl,295,1590,1018,0,0,0.0,0.04560723336614406,0.06645662778322112,0.022583629975847227,0.02,399,4,156
dbpedia-entity,rr,20,0.02,uniform,296,1618,996,0,0,0.0026071520436819484,0.34197664647639214,0.11306852822619551,0.02826618226675436,0.017392847956318052,399,4,156
dbpedia-entity,rr,20,0.02,uniform_nz,296,1578,996,0,0,0.0026071520436819484,0.1914355151418674,0.11306852822619551,0.02826618226675436,0.017392847956318052,399,4,156
dbpedia-entity,rr,20,0.02,weighted,296,1623,996,0,0,0.0026071520436819484,0.11306852822619551,0.11306852822619551,0.02826618226675436,0.017392847956318052,399,4,156
dbpedia-entity,rr,20,0.02,active_judge,296,1641,996,0,0,0.0026071520436819484,0.2586383605403961,0.11306852822619551,0.02826618226675436,0.017392847956318052,399,4,156
dbpedia-entity,rr,20,0.02,strat_pilot,296,1610,996,0,0,0.0026071520436819484,0.11301166002198906,0.11306852822619551,0.02826618226675436,0.017392847956318052,399,4,156
dbpedia-entity,rr,20,0.02,weighted_cv,296,1661,996,0,0,0.0026071520436819484,0.10076052367456712,0.11306852822619551,0.02826618226675436,0.017392847956318052,399,4,156
dbpedia-entity,rr,20,0.02,active_cv,296,1617,996,0,0,0.0026071520436819484,0.11743946832469807,0.11306852822619551,0.02826618226675436,0.017392847956318052,399,4,156
dbpedia-entity,rr,20,0.02,weighted_cvl,296,1627,996,1,0,0.0026071520436819484,0.06744915239585073,0.11306852822619551,0.02826618226675436,0.017392847956318052,399,4,156
dbpedia-entity,rr,20,0.02,uniform,297,1703,1066,0,0,0.003202823316467651,0.20404706155993005,0.09125677166690348,0.036771211450340534,0.01679717668353235,399,4,156
dbpedia-entity,rr,20,0.02,uniform_nz,297,1696,1066,0,0,0.003202823316467651,0.10463735705589454,0.09125677166690348,0.036771211450340534,0.01679717668353235,399,4,156
dbpedia-entity,rr,20,0.02,weighted,297,1696,1066,0,0,0.003202823316467651,0.09125677166690348,0.09125677166690348,0.036771211450340534,0.01679717668353235,399,4,156
dbpedia-entity,rr,20,0.02,active_judge,297,1709,1066,0,0,0.003202823316467651,0.21310118243345064,0.09125677166690348,0.036771211450340534,0.01679717668353235,399,4,156
dbpedia-entity,rr,20,0.02,strat_pilot,297,1683,1066,0,0,0.003202823316467651,0.09141337633932786,0.09125677166690348,0.036771211450340534,0.01679717668353235,399,4,156
dbpedia-entity,rr,20,0.02,weighted_cv,297,1678,1066,0,0,0.003202823316467651,0.0798803993323274,0.09125677166690348,0.036771211450340534,0.01679717668353235,399,4,156
dbpedia-entity,rr,20,0.02,active_cv,297,1659,1066,0,0,0.003202823316467651,0.11600481084628264,0.09125677166690348,0.036771211450340534,0.01679717668353235,399,4,156
dbpedia-entity,rr,20,0.02,weighted_cvl,297,1654,1066,0,0,0.003202823316467651,0.07830468348578201,0.09125677166690348,0.036771211450340534,0.01679717668353235,399,4,156
dbpedia-entity,rr,20,0.02,uniform,298,1623,977,0,0,0.0,0.12227707709367057,0.06678722188790273,0.033664927858680825,0.02,399,4,156
dbpedia-entity,rr,20,0.02,uniform_nz,298,1675,977,0,0,0.0,0.0775571740645071,0.06678722188790273,0.033664927858680825,0.02,399,4,156
dbpedia-entity,rr,20,0.02,weighted,298,1554,977,1,0,0.0,0.06678722188790273,0.06678722188790273,0.033664927858680825,0.02,399,4,156
dbpedia-entity,rr,20,0.02,active_judge,298,1633,977,0,0,0.0,0.16026256377332468,0.06678722188790273,0.033664927858680825,0.02,399,4,156
dbpedia-entity,rr,20,0.02,strat_pilot,298,1559,977,0,0,0.0,0.06666842372889152,0.06678722188790273,0.033664927858680825,0.02,399,4,156
dbpedia-entity,rr,20,0.02,weighted_cv,298,1614,977,0,0,0.0,0.062070754996387215,0.06678722188790273,0.033664927858680825,0.02,399,4,156
dbpedia-entity,rr,20,0.02,active_cv,298,1632,977,0,0,0.0,0.08694354268218252,0.06678722188790273,0.033664927858680825,0.02,399,4,156
dbpedia-entity,rr,20,0.02,weighted_cvl,298,1620,977,0,0,0.0,0.04745507039436481,0.06678722188790273,0.033664927858680825,0.02,399,4,156
dbpedia-entity,rr,20,0.02,uniform,299,1737,1099,0,0,0.0,0.24344071201372985,0.09575185516367275,0.037978892023009664,0.02,399,4,156
dbpedia-entity,rr,20,0.02,uniform_nz,299,1714,1099,1,0,0.0,0.11122418438483436,0.09575185516367275,0.037978892023009664,0.02,399,4,156
dbpedia-entity,rr,20,0.02,weighted,299,1733,1099,0,0,0.0,0.09575185516367275,0.09575185516367275,0.037978892023009664,0.02,399,4,156
dbpedia-entity,rr,20,0.02,active_judge,299,1756,1099,1,0,0.0,0.22644522855153873,0.09575185516367275,0.037978892023009664,0.02,399,4,156
dbpedia-entity,rr,20,0.02,strat_pilot,299,1713,1099,0,0,0.0,0.09592741183911166,0.09575185516367275,0.037978892023009664,0.02,399,4,156
dbpedia-entity,rr,20,0.02,weighted_cv,299,1743,1099,0,0,0.0,0.06677202734222769,0.09575185516367275,0.037978892023009664,0.02,399,4,156
dbpedia-entity,rr,20,0.02,active_cv,299,1681,1099,1,0,0.0,0.09336755298280115,0.09575185516367275,0.037978892023009664,0.02,399,4,156
dbpedia-entity,rr,20,0.02,weighted_cvl,299,1677,1099,0,0,0.0,0.08200815703473305,0.09575185516367275,0.037978892023009664,0.02,399,4,156
