collection,judge,budget_full_eq,eps,method,draw,docs,pilot,act,wrong,regret,v_pilot,v_pilot_ref,slack_pilot,slack_true,n_queries,b,n_sampled
webis-touche2020,rr,30,0.01,uniform,0,1237,368,1,0,0.0,0.06030952935228463,0.024204487626429905,0.0319213073125107,0.01,49,22,38
webis-touche2020,rr,30,0.01,uniform_nz,0,1152,368,1,0,0.0,0.031113102247506602,0.024204487626429905,0.0319213073125107,0.01,49,22,38
webis-touche2020,rr,30,0.01,weighted,0,1136,368,1,0,0.0,0.024204487626429905,0.024204487626429905,0.0319213073125107,0.01,49,22,38
webis-touche2020,rr,30,0.01,active_judge,0,1143,368,1,0,0.0,0.06720212091795452,0.024204487626429905,0.0319213073125107,0.01,49,22,38
webis-touche2020,rr,30,0.01,strat_pilot,0,1144,368,1,0,0.0,0.024452524896106005,0.024204487626429905,0.0319213073125107,0.01,49,22,38
webis-touche2020,rr,30,0.01,weighted_cv,0,1127,368,1,0,0.0,0.018230622945298102,0.024204487626429905,0.0319213073125107,0.01,49,22,38
webis-touche2020,rr,30,0.01,active_cv,0,1140,368,1,0,0.0,0.022355865129252233,0.024204487626429905,0.0319213073125107,0.01,49,22,38
webis-touche2020,rr,30,0.01,weighted_cvl,0,1170,368,1,0,0.0,0.01983193796148296,0.024204487626429905,0.0319213073125107,0.01,49,22,38
webis-touche2020,rr,30,0.01,uniform,1,1235,384,1,0,0.0,0.11384839662587536,0.04742629344932736,0.0521469732537844,0.01,49,22,38
webis-touche2020,rr,30,0.01,uniform_nz,1,1157,384,1,0,0.0,0.08251305136907652,0.04742629344932736,0.0521469732537844,0.01,49,22,38
webis-touche2020,rr,30,0.01,weighted,1,1166,384,1,0,0.0,0.04742629344932736,0.04742629344932736,0.0521469732537844,0.01,49,22,38
webis-touche2020,rr,30,0.01,active_judge,1,1152,384,1,0,0.0,0.12478403326025438,0.04742629344932736,0.0521469732537844,0.01,49,22,38
webis-touche2020,rr,30,0.01,strat_pilot,1,1157,384,1,0,0.0,0.045613511629884806,0.04742629344932736,0.0521469732537844,0.01,49,22,38
webis-touche2020,rr,30,0.01,weighted_cv,1,1154,384,1,0,0.0,0.03950872239177162,0.04742629344932736,0.0521469732537844,0.01,49,22,38
webis-touche2020,rr,30,0.01,active_cv,1,1148,384,1,0,0.0,0.09562296231818138,0.04742629344932736,0.0521469732537844,0.01,49,22,38
webis-touche2020,rr,30,0.01,weighted_cvl,1,1170,384,1,0,0.0,0.0393914110296024,0.04742629344932736,0.0521469732537844,0.01,49,22,38
webis-touche2020,rr,30,0.01,uniform,2,1182,366,1,0,0.0,0.10602000570612158,0.056465058899417366,0.07915827367220554,0.01,49,22,38
webis-touche2020,rr,30,0.01,uniform_nz,2,1153,366,1,0,0.0,0.08318578369907532,0.056465058899417366,0.07915827367220554,0.01,49,22,38
webis-touche2020,rr,30,0.01,weighted,2,1157,366,1,0,0.0,0.056465058899417366,0.056465058899417366,0.07915827367220554,0.01,49,22,38
webis-touche2020,rr,30,0.01,active_judge,2,1124,366,1,0,0.0,0.154374190890475,0.056465058899417366,0.07915827367220554,0.01,49,22,38
webis-touche2020,rr,30,0.01,strat_pilot,2,1143,366,1,0,0.0,0.056633468958151925,0.056465058899417366,0.07915827367220554,0.01,49,22,38
webis-touche2020,rr,30,0.01,weighted_cv,2,1140,366,1,0,0.0,0.049976040737309345,0.056465058899417366,0.07915827367220554,0.01,49,22,38
webis-touche2020,rr,30,0.01,active_cv,2,1137,366,1,0,0.0,0.08425114208589794,0.056465058899417366,0.07915827367220554,0.01,49,22,38
webis-touche2020,rr,30,0.01,weighted_cvl,2,1155,366,1,0,0.0,0.04246588492501638,0.056465058899417366,0.07915827367220554,0.01,49,22,38
webis-touche2020,rr,30,0.01,uniform,3,1140,375,1,0,0.0,0.10320416028770218,0.048930551845997594,0.021474541540331026,0.01,49,21,37
webis-touche2020,rr,30,0.01,uniform_nz,3,1079,375,0,0,0.0,0.07352556259141577,0.048930551845997594,0.021474541540331026,0.01,49,21,37
webis-touche2020,rr,30,0.01,weighted,3,1058,375,1,0,0.0,0.048930551845997594,0.048930551845997594,0.021474541540331026,0.01,49,21,37
webis-touche2020,rr,30,0.01,active_judge,3,1060,375,1,0,0.0,0.10882139640562767,0.048930551845997594,0.021474541540331026,0.01,49,21,37
webis-touche2020,rr,30,0.01,strat_pilot,3,1059,375,1,0,0.0,0.04709757494145799,0.048930551845997594,0.021474541540331026,0.01,49,21,37
webis-touche2020,rr,30,0.01,weighted_cv,3,1077,375,1,0,0.0,0.04197337838559287,0.048930551845997594,0.021474541540331026,0.01,49,21,37
webis-touche2020,rr,30,0.01,active_cv,3,1061,375,1,0,0.0,0.08262100972138023,0.048930551845997594,0.021474541540331026,0.01,49,21,37
webis-touche2020,rr,30,0.01,weighted_cvl,3,1082,375,1,0,0.0,0.04080228402616947,0.048930551845997594,0.021474541540331026,0.01,49,21,37
webis-touche2020,rr,30,0.01,uniform,4,1251,382,0,0,0.04582470603207034,0.06471046287183825,0.04040817186346683,0.01842633395729371,-0.03582470603207034,49,22,38
webis-touche2020,rr,30,0.01,uniform_nz,4,1172,382,0,0,0.04582470603207034,0.04999560289692221,0.04040817186346683,0.01842633395729371,-0.03582470603207034,49,22,38
webis-touche2020,rr,30,0.01,weighted,4,1151,382,0,0,0.04582470603207034,0.04040817186346683,0.04040817186346683,0.01842633395729371,-0.03582470603207034,49,22,38
webis-touche2020,rr,30,0.01,active_judge,4,1152,382,0,0,0.04582470603207034,0.08892613629338644,0.04040817186346683,0.01842633395729371,-0.03582470603207034,49,22,38
webis-touche2020,rr,30,0.01,strat_pilot,4,1199,382,0,0,0.04582470603207034,0.040700363021242435,0.04040817186346683,0.01842633395729371,-0.03582470603207034,49,22,38
webis-touche2020,rr,30,0.01,weighted_cv,4,1199,382,0,0,0.04582470603207034,0.03288630442678014,0.04040817186346683,0.01842633395729371,-0.03582470603207034,49,22,38
webis-touche2020,rr,30,0.01,active_cv,4,1165,382,0,0,0.04582470603207034,0.07897753479836463,0.04040817186346683,0.01842633395729371,-0.03582470603207034,49,22,38
webis-touche2020,rr,30,0.01,weighted_cvl,4,1170,382,0,0,0.04582470603207034,0.03159426304630487,0.04040817186346683,0.01842633395729371,-0.03582470603207034,49,22,38
webis-touche2020,rr,30,0.01,uniform,5,1223,383,1,0,0.0,0.05976479783638241,0.04250233338431439,0.0309885079349341,0.01,49,22,38
webis-touche2020,rr,30,0.01,uniform_nz,5,1175,383,1,0,0.0,0.049391072554887894,0.04250233338431439,0.0309885079349341,0.01,49,22,38
webis-touche2020,rr,30,0.01,weighted,5,1152,383,1,0,0.0,0.04250233338431439,0.04250233338431439,0.0309885079349341,0.01,49,22,38
webis-touche2020,rr,30,0.01,active_judge,5,1169,383,1,0,0.0,0.08563787323483588,0.04250233338431439,0.0309885079349341,0.01,49,22,38
webis-touche2020,rr,30,0.01,strat_pilot,5,1161,383,1,0,0.0,0.04267921223911375,0.04250233338431439,0.0309885079349341,0.01,49,22,38
webis-touche2020,rr,30,0.01,weighted_cv,5,1157,383,1,0,0.0,0.03810037062180096,0.04250233338431439,0.0309885079349341,0.01,49,22,38
webis-touche2020,rr,30,0.01,active_cv,5,1164,383,1,0,0.0,0.07646322252221796,0.04250233338431439,0.0309885079349341,0.01,49,22,38
webis-touche2020,rr,30,0.01,weighted_cvl,5,1157,383,1,0,0.0,0.034749503330503806,0.04250233338431439,0.0309885079349341,0.01,49,22,38
webis-touche2020,rr,30,0.01,uniform,6,1272,382,1,0,0.0,0.08235379418410547,0.056930477317774675,0.08827352132918156,0.01,49,24,38
webis-touche2020,rr,30,0.01,uniform_nz,6,1314,382,1,0,0.0,0.0686991870169146,0.056930477317774675,0.08827352132918156,0.01,49,24,38
webis-touche2020,rr,30,0.01,weighted,6,1283,382,1,0,0.0,0.056930477317774675,0.056930477317774675,0.08827352132918156,0.01,49,24,38
webis-touche2020,rr,30,0.01,active_judge,6,1260,382,1,0,0.0,0.15749347069113168,0.056930477317774675,0.08827352132918156,0.01,49,24,38
webis-touche2020,rr,30,0.01,strat_pilot,6,1291,382,1,0,0.0,0.05809101740395715,0.056930477317774675,0.08827352132918156,0.01,49,24,38
webis-touche2020,rr,30,0.01,weighted_cv,6,1278,382,1,0,0.0,0.05234120934046429,0.056930477317774675,0.08827352132918156,0.01,49,24,38
webis-touche2020,rr,30,0.01,active_cv,6,1262,382,1,0,0.0,0.11582496016656194,0.056930477317774675,0.08827352132918156,0.01,49,24,38
webis-touche2020,rr,30,0.01,weighted_cvl,6,1273,382,1,0,0.0,0.049811242826728164,0.056930477317774675,0.08827352132918156,0.01,49,24,38
webis-touche2020,rr,30,0.01,uniform,7,1254,385,1,0,0.0,0.0812152931228429,0.04106285721717457,0.04433087836045836,0.01,49,22,38
webis-touche2020,rr,30,0.01,uniform_nz,7,1177,385,1,0,0.0,0.05202401312129164,0.04106285721717457,0.04433087836045836,0.01,49,22,38
webis-touche2020,rr,30,0.01,weighted,7,1161,385,1,0,0.0,0.04106285721717457,0.04106285721717457,0.04433087836045836,0.01,49,22,38
webis-touche2020,rr,30,0.01,active_judge,7,1159,385,1,0,0.0,0.07516157892665017,0.04106285721717457,0.04433087836045836,0.01,49,22,38
webis-touche2020,rr,30,0.01,strat_pilot,7,1178,385,1,0,0.0,0.041490202997910564,0.04106285721717457,0.04433087836045836,0.01,49,22,38
webis-touche2020,rr,30,0.01,weighted_cv,7,1146,385,1,0,0.0,0.03532836290770382,0.04106285721717457,0.04433087836045836,0.01,49,22,38
webis-touche2020,rr,30,0.01,active_cv,7,1157,385,1,0,0.0,0.0674867780934839,0.04106285721717457,0.04433087836045836,0.01,49,22,38
webis-touche2020,rr,30,0.01,weighted_cvl,7,1171,385,1,0,0.0,0.03447006100360677,0.04106285721717457,0.04433087836045836,0.01,49,22,38
webis-touche2020,rr,30,0.01,uniform,8,1199,385,1,0,0.0,0.1138470515737466,0.06759623918602828,0.0635919935757397,0.01,49,22,38
webis-touche2020,rr,30,0.01,uniform_nz,8,1139,385,1,0,0.0,0.0962343670098852,0.06759623918602828,0.0635919935757397,0.01,49,22,38
webis-touche2020,rr,30,0.01,weighted,8,1145,385,1,0,0.0,0.06759623918602828,0.06759623918602828,0.0635919935757397,0.01,49,22,38
webis-touche2020,rr,30,0.01,active_judge,8,1153,385,1,0,0.0,0.19595497978613277,0.06759623918602828,0.0635919935757397,0.01,49,22,38
webis-touche2020,rr,30,0.01,strat_pilot,8,1142,385,1,0,0.0,0.07005373631200755,0.06759623918602828,0.0635919935757397,0.01,49,22,38
webis-touche2020,rr,30,0.01,weighted_cv,8,1152,385,1,0,0.0,0.05306822156735096,0.06759623918602828,0.0635919935757397,0.01,49,22,38
webis-touche2020,rr,30,0.01,active_cv,8,1145,385,1,0,0.0,0.10986132871398646,0.06759623918602828,0.0635919935757397,0.01,49,22,38
webis-touche2020,rr,30,0.01,weighted_cvl,8,1148,385,1,0,0.0,0.04862052327604739,0.06759623918602828,0.0635919935757397,0.01,49,22,38
webis-touche2020,rr,30,0.01,uniform,9,1265,366,1,0,0.0,0.09533178516153047,0.06360080709334437,0.01706991292460401,0.01,49,24,38
webis-touche2020,rr,30,0.01,uniform_nz,9,1240,366,1,0,0.0,0.07311596828679227,0.06360080709334437,0.01706991292460401,0.01,49,24,38
webis-touche2020,rr,30,0.01,weighted,9,1272,366,1,0,0.0,0.06360080709334437,0.06360080709334437,0.01706991292460401,0.01,49,24,38
webis-touche2020,rr,30,0.01,active_judge,9,1247,366,1,0,0.0,0.1323499246645859,0.06360080709334437,0.01706991292460401,0.01,49,24,38
webis-touche2020,rr,30,0.01,strat_pilot,9,1239,366,1,0,0.0,0.06372540708448189,0.06360080709334437,0.01706991292460401,0.01,49,24,38
webis-touche2020,rr,30,0.01,weighted_cv,9,1277,366,1,0,0.0,0.05779012134871335,0.06360080709334437,0.01706991292460401,0.01,49,24,38
webis-touche2020,rr,30,0.01,active_cv,9,1252,366,1,0,0.0,0.14114251028577424,0.06360080709334437,0.01706991292460401,0.01,49,24,38
webis-touche2020,rr,30,0.01,weighted_cvl,9,1276,366,1,0,0.0,0.052302139355213786,0.06360080709334437,0.01706991292460401,0.01,49,24,38
webis-touche2020,rr,30,0.01,uniform,10,1188,380,1,0,0.0,0.23224055247023348,0.04734172449400428,0.06805218789974476,0.01,49,22,38
webis-touche2020,rr,30,0.01,uniform_nz,10,1194,380,1,0,0.0,0.08959632796259255,0.04734172449400428,0.06805218789974476,0.01,49,22,38
webis-touche2020,rr,30,0.01,weighted,10,1172,380,1,0,0.0,0.04734172449400428,0.04734172449400428,0.06805218789974476,0.01,49,22,38
webis-touche2020,rr,30,0.01,active_judge,10,1185,380,1,0,0.0,0.15588781711600583,0.04734172449400428,0.06805218789974476,0.01,49,22,38
webis-touche2020,rr,30,0.01,strat_pilot,10,1177,380,1,0,0.0,0.04954132147103852,0.04734172449400428,0.06805218789974476,0.01,49,22,38
webis-touche2020,rr,30,0.01,weighted_cv,10,1155,380,1,0,0.0,0.03228592749862896,0.04734172449400428,0.06805218789974476,0.01,49,22,38
webis-touche2020,rr,30,0.01,active_cv,10,1164,380,1,0,0.0,0.05576116863954399,0.04734172449400428,0.06805218789974476,0.01,49,22,38
webis-touche2020,rr,30,0.01,weighted_cvl,10,1155,380,1,0,0.0,0.03164088426308048,0.04734172449400428,0.06805218789974476,0.01,49,22,38
webis-touche2020,rr,30,0.01,uniform,11,1291,388,1,0,0.0,0.08863882416553921,0.062077805350096736,0.07531078172887297,0.01,49,24,38
webis-touche2020,rr,30,0.01,uniform_nz,11,1294,388,1,0,0.0,0.07137488496498207,0.062077805350096736,0.07531078172887297,0.01,49,24,38
webis-touche2020,rr,30,0.01,weighted,11,1304,388,1,0,0.0,0.062077805350096736,0.062077805350096736,0.07531078172887297,0.01,49,24,38
webis-touche2020,rr,30,0.01,active_judge,11,1262,388,1,0,0.0,0.11899127923700141,0.062077805350096736,0.07531078172887297,0.01,49,24,38
webis-touche2020,rr,30,0.01,strat_pilot,11,1314,388,1,0,0.0,0.06300114697933269,0.062077805350096736,0.07531078172887297,0.01,49,24,38
webis-touche2020,rr,30,0.01,weighted_cv,11,1299,388,1,0,0.0,0.055348324402064955,0.062077805350096736,0.07531078172887297,0.01,49,24,38
webis-touche2020,rr,30,0.01,active_cv,11,1280,388,1,0,0.0,0.14343055897641885,0.062077805350096736,0.07531078172887297,0.01,49,24,38
webis-touche2020,rr,30,0.01,weighted_cvl,11,1281,388,1,0,0.0,0.05481456939395377,0.062077805350096736,0.07531078172887297,0.01,49,24,38
webis-touche2020,rr,30,0.01,uniform,12,1208,382,1,0,0.0,0.2525247998016923,0.06163349322234897,0.0732374667815844,0.01,49,22,38
webis-touche2020,rr,30,0.01,uniform_nz,12,1190,382,1,0,0.0,0.10158101136105158,0.06163349322234897,0.0732374667815844,0.01,49,22,38
webis-touche2020,rr,30,0.01,weighted,12,1209,382,1,0,0.0,0.06163349322234897,0.06163349322234897,0.0732374667815844,0.01,49,22,38
webis-touche2020,rr,30,0.01,active_judge,12,1172,382,1,0,0.0,0.17139048825198472,0.06163349322234897,0.0732374667815844,0.01,49,22,38
webis-touche2020,rr,30,0.01,strat_pilot,12,1177,382,1,0,0.0,0.06247412372702969,0.06163349322234897,0.0732374667815844,0.01,49,22,38
webis-touche2020,rr,30,0.01,weighted_cv,12,1175,382,1,0,0.0,0.045017760830189,0.06163349322234897,0.0732374667815844,0.01,49,22,38
webis-touche2020,rr,30,0.01,active_cv,12,1178,382,1,0,0.0,0.06140452993696235,0.06163349322234897,0.0732374667815844,0.01,49,22,38
webis-touche2020,rr,30,0.01,weighted_cvl,12,1198,382,1,0,0.0,0.04587437568609019,0.06163349322234897,0.0732374667815844,0.01,49,22,38
webis-touche2020,rr,30,0.01,uniform,13,1141,372,0,0,0.0,0.05763761441671004,0.03226076439878657,0.010925447101917686,0.01,49,21,37
webis-touche2020,rr,30,0.01,uniform_nz,13,1070,372,1,0,0.0,0.041319177515028296,0.03226076439878657,0.010925447101917686,0.01,49,21,37
webis-touche2020,rr,30,0.01,weighted,13,1049,372,1,0,0.0,0.03226076439878657,0.03226076439878657,0.010925447101917686,0.01,49,21,37
webis-touche2020,rr,30,0.01,active_judge,13,1057,372,1,0,0.0,0.06070323873223767,0.03226076439878657,0.010925447101917686,0.01,49,21,37
webis-touche2020,rr,30,0.01,strat_pilot,13,1058,372,1,0,0.0,0.03214890854523279,0.03226076439878657,0.010925447101917686,0.01,49,21,37
webis-touche2020,rr,30,0.01,weighted_cv,13,1065,372,1,0,0.0,0.026775972500005046,0.03226076439878657,0.010925447101917686,0.01,49,21,37
webis-touche2020,rr,30,0.01,active_cv,13,1053,372,1,0,0.0,0.04529155418166141,0.03226076439878657,0.010925447101917686,0.01,49,21,37
webis-touche2020,rr,30,0.01,weighted_cvl,13,1066,372,1,0,0.0,0.026855557882897126,0.03226076439878657,0.010925447101917686,0.01,49,21,37
webis-touche2020,rr,30,0.01,uniform,14,1186,376,1,0,0.0,0.04888736825520301,0.03180176281496191,0.05701910868629135,0.01,49,22,38
webis-touche2020,rr,30,0.01,uniform_nz,14,1155,376,1,0,0.0,0.03892541651506644,0.03180176281496191,0.05701910868629135,0.01,49,22,38
webis-touche2020,rr,30,0.01,weighted,14,1156,376,1,0,0.0,0.03180176281496191,0.03180176281496191,0.05701910868629135,0.01,49,22,38
webis-touche2020,rr,30,0.01,active_judge,14,1153,376,1,0,0.0,0.06793332714530739,0.03180176281496191,0.05701910868629135,0.01,49,22,38
webis-touche2020,rr,30,0.01,strat_pilot,14,1153,376,1,0,0.0,0.03278153830211665,0.03180176281496191,0.05701910868629135,0.01,49,22,38
webis-touche2020,rr,30,0.01,weighted_cv,14,1150,376,1,0,0.0,0.02722481579769882,0.03180176281496191,0.05701910868629135,0.01,49,22,38
webis-touche2020,rr,30,0.01,active_cv,14,1129,376,1,0,0.0,0.043005046154650325,0.03180176281496191,0.05701910868629135,0.01,49,22,38
webis-touche2020,rr,30,0.01,weighted_cvl,14,1148,376,1,0,0.0,0.02680328022357284,0.03180176281496191,0.05701910868629135,0.01,49,22,38
webis-touche2020,rr,30,0.01,uniform,15,1202,384,1,0,0.0,0.24901483523871765,0.07272595426916191,0.07549629025944815,0.01,49,22,38
webis-touche2020,rr,30,0.01,uniform_nz,15,1184,384,1,0,0.0,0.114933272949495,0.07272595426916191,0.07549629025944815,0.01,49,22,38
webis-touche2020,rr,30,0.01,weighted,15,1150,384,1,0,0.0,0.07272595426916191,0.07272595426916191,0.07549629025944815,0.01,49,22,38
webis-touche2020,rr,30,0.01,active_judge,15,1155,384,1,0,0.0,0.204096342808128,0.07272595426916191,0.07549629025944815,0.01,49,22,38
webis-touche2020,rr,30,0.01,strat_pilot,15,1154,384,1,0,0.0,0.07439441995672046,0.07272595426916191,0.07549629025944815,0.01,49,22,38
webis-touche2020,rr,30,0.01,weighted_cv,15,1163,384,1,0,0.0,0.051779345779288846,0.07272595426916191,0.07549629025944815,0.01,49,22,38
webis-touche2020,rr,30,0.01,active_cv,15,1151,384,1,0,0.0,0.08338622570758188,0.07272595426916191,0.07549629025944815,0.01,49,22,38
webis-touche2020,rr,30,0.01,weighted_cvl,15,1180,384,1,0,0.0,0.04814832248179047,0.07272595426916191,0.07549629025944815,0.01,49,22,38
webis-touche2020,rr,30,0.01,uniform,16,1223,374,1,0,0.0,0.08126077428602314,0.04220677908202169,0.02076285395928012,0.01,49,22,38
webis-touche2020,rr,30,0.01,uniform_nz,16,1140,374,1,0,0.0,0.050473284694947385,0.04220677908202169,0.02076285395928012,0.01,49,22,38
webis-touche2020,rr,30,0.01,weighted,16,1165,374,1,0,0.0,0.04220677908202169,0.04220677908202169,0.02076285395928012,0.01,49,22,38
webis-touche2020,rr,30,0.01,active_judge,16,1159,374,1,0,0.0,0.09077533754663517,0.04220677908202169,0.02076285395928012,0.01,49,22,38
webis-touche2020,rr,30,0.01,strat_pilot,16,1152,374,1,0,0.0,0.04195634857266653,0.04220677908202169,0.02076285395928012,0.01,49,22,38
webis-touche2020,rr,30,0.01,weighted_cv,16,1138,374,1,0,0.0,0.03902083284365798,0.04220677908202169,0.02076285395928012,0.01,49,22,38
webis-touche2020,rr,30,0.01,active_cv,16,1150,374,1,0,0.0,0.09394982751432424,0.04220677908202169,0.02076285395928012,0.01,49,22,38
webis-touche2020,rr,30,0.01,weighted_cvl,16,1146,374,1,0,0.0,0.036277370403878816,0.04220677908202169,0.02076285395928012,0.01,49,22,38
webis-touche2020,rr,30,0.01,uniform,17,1215,379,1,0,0.0,0.2530356579093227,0.06448286920179541,0.033577887827113836,0.01,49,22,38
webis-touche2020,rr,30,0.01,uniform_nz,17,1181,379,1,0,0.0,0.10831390589277294,0.06448286920179541,0.033577887827113836,0.01,49,22,38
webis-touche2020,rr,30,0.01,weighted,17,1177,379,1,0,0.0,0.06448286920179541,0.06448286920179541,0.033577887827113836,0.01,49,22,38
webis-touche2020,rr,30,0.01,active_judge,17,1168,379,1,0,0.0,0.18938526719429613,0.06448286920179541,0.033577887827113836,0.01,49,22,38
webis-touche2020,rr,30,0.01,strat_pilot,17,1178,379,1,0,0.0,0.06478294034993647,0.06448286920179541,0.033577887827113836,0.01,49,22,38
webis-touche2020,rr,30,0.01,weighted_cv,17,1167,379,1,0,0.0,0.04401685694372631,0.06448286920179541,0.033577887827113836,0.01,49,22,38
webis-touche2020,rr,30,0.01,active_cv,17,1172,379,1,0,0.0,0.07422682082532221,0.06448286920179541,0.033577887827113836,0.01,49,22,38
webis-touche2020,rr,30,0.01,weighted_cvl,17,1216,379,1,0,0.0,0.04175521565605796,0.06448286920179541,0.033577887827113836,0.01,49,22,38
webis-touche2020,rr,30,0.01,uniform,18,1283,368,1,0,0.0,0.1163769265039526,0.09167995455857372,0.09751828330024499,0.01,49,24,38
webis-touche2020,rr,30,0.01,uniform_nz,18,1254,368,1,0,0.0,0.09705565147164684,0.09167995455857372,0.09751828330024499,0.01,49,24,38
webis-touche2020,rr,30,0.01,weighted,18,1270,368,1,0,0.0,0.09167995455857372,0.09167995455857372,0.09751828330024499,0.01,49,24,38
webis-touche2020,rr,30,0.01,active_judge,18,1257,368,1,0,0.0,0.21200784794892186,0.09167995455857372,0.09751828330024499,0.01,49,24,38
webis-touche2020,rr,30,0.01,strat_pilot,18,1254,368,1,0,0.0,0.09264336896240741,0.09167995455857372,0.09751828330024499,0.01,49,24,38
webis-touche2020,rr,30,0.01,weighted_cv,18,1294,368,1,0,0.0,0.08292197771769573,0.09167995455857372,0.09751828330024499,0.01,49,24,38
webis-touche2020,rr,30,0.01,active_cv,18,1229,368,1,0,0.0,0.21485890194142324,0.09167995455857372,0.09751828330024499,0.01,49,24,38
webis-touche2020,rr,30,0.01,weighted_cvl,18,1256,368,1,0,0.0,0.08098552554720899,0.09167995455857372,0.09751828330024499,0.01,49,24,38
webis-touche2020,rr,30,0.01,uniform,19,1297,388,1,0,0.0,0.09549017974581607,0.07458390614391931,0.07951556077335059,0.01,49,24,38
webis-touche2020,rr,30,0.01,uniform_nz,19,1282,388,1,0,0.0,0.08461486539280613,0.07458390614391931,0.07951556077335059,0.01,49,24,38
webis-touche2020,rr,30,0.01,weighted,19,1295,388,1,0,0.0,0.07458390614391931,0.07458390614391931,0.07951556077335059,0.01,49,24,38
webis-touche2020,rr,30,0.01,active_judge,19,1270,388,1,0,0.0,0.14818062848223376,0.07458390614391931,0.07951556077335059,0.01,49,24,38
webis-touche2020,rr,30,0.01,strat_pilot,19,1304,388,1,0,0.0,0.07530730106388514,0.07458390614391931,0.07951556077335059,0.01,49,24,38
webis-touche2020,rr,30,0.01,weighted_cv,19,1299,388,1,0,0.0,0.06434979838260672,0.07458390614391931,0.07951556077335059,0.01,49,24,38
webis-touche2020,rr,30,0.01,active_cv,19,1273,388,1,0,0.0,0.14336169517797015,0.07458390614391931,0.07951556077335059,0.01,49,24,38
webis-touche2020,rr,30,0.01,weighted_cvl,19,1296,388,1,0,0.0,0.05756973172833309,0.07458390614391931,0.07951556077335059,0.01,49,24,38
webis-touche2020,rr,30,0.01,uniform,20,1180,367,1,0,0.0,0.10551189338450148,0.05607583000648035,0.06696881784403659,0.01,49,22,38
webis-touche2020,rr,30,0.01,uniform_nz,20,1120,367,1,0,0.0,0.08105405406141823,0.05607583000648035,0.06696881784403659,0.01,49,22,38
webis-touche2020,rr,30,0.01,weighted,20,1146,367,1,0,0.0,0.05607583000648035,0.05607583000648035,0.06696881784403659,0.01,49,22,38
webis-touche2020,rr,30,0.01,active_judge,20,1146,367,1,0,0.0,0.16854601973353092,0.05607583000648035,0.06696881784403659,0.01,49,22,38
webis-touche2020,rr,30,0.01,strat_pilot,20,1140,367,1,0,0.0,0.05729138661889636,0.05607583000648035,0.06696881784403659,0.01,49,22,38
webis-touche2020,rr,30,0.01,weighted_cv,20,1154,367,1,0,0.0,0.04547362070209971,0.05607583000648035,0.06696881784403659,0.01,49,22,38
webis-touche2020,rr,30,0.01,active_cv,20,1128,367,1,0,0.0,0.08477527541005983,0.05607583000648035,0.06696881784403659,0.01,49,22,38
webis-touche2020,rr,30,0.01,weighted_cvl,20,1169,367,1,0,0.0,0.042265460391785394,0.05607583000648035,0.06696881784403659,0.01,49,22,38
webis-touche2020,rr,30,0.01,uniform,21,1227,377,1,0,0.0,0.1077219312944018,0.06411908988265322,0.07435707681588687,0.01,49,22,38
webis-touche2020,rr,30,0.01,uniform_nz,21,1166,377,1,0,0.0,0.07422580270137988,0.06411908988265322,0.07435707681588687,0.01,49,22,38
webis-touche2020,rr,30,0.01,weighted,21,1180,377,1,0,0.0,0.06411908988265322,0.06411908988265322,0.07435707681588687,0.01,49,22,38
webis-touche2020,rr,30,0.01,active_judge,21,1147,377,1,0,0.0,0.157807830867833,0.06411908988265322,0.07435707681588687,0.01,49,22,38
webis-touche2020,rr,30,0.01,strat_pilot,21,1147,377,1,0,0.0,0.0644545103519432,0.06411908988265322,0.07435707681588687,0.01,49,22,38
webis-touche2020,rr,30,0.01,weighted_cv,21,1166,377,1,0,0.0,0.055721131285827265,0.06411908988265322,0.07435707681588687,0.01,49,22,38
webis-touche2020,rr,30,0.01,active_cv,21,1169,377,1,0,0.0,0.0805871742665983,0.06411908988265322,0.07435707681588687,0.01,49,22,38
webis-touche2020,rr,30,0.01,weighted_cvl,21,1154,377,1,0,0.0,0.04995762820187516,0.06411908988265322,0.07435707681588687,0.01,49,22,38
webis-touche2020,rr,30,0.01,uniform,22,1282,372,1,0,0.0,0.11894324381640713,0.09144536528526392,0.0900635686520024,0.01,49,24,38
webis-touche2020,rr,30,0.01,uniform_nz,22,1294,372,1,0,0.0,0.10232560205608383,0.09144536528526392,0.0900635686520024,0.01,49,24,38
webis-touche2020,rr,30,0.01,weighted,22,1269,372,1,0,0.0,0.09144536528526392,0.09144536528526392,0.0900635686520024,0.01,49,24,38
webis-touche2020,rr,30,0.01,active_judge,22,1252,372,1,0,0.0,0.22109257818029898,0.09144536528526392,0.0900635686520024,0.01,49,24,38
webis-touche2020,rr,30,0.01,strat_pilot,22,1257,372,1,0,0.0,0.09264048855952983,0.09144536528526392,0.0900635686520024,0.01,49,24,38
webis-touche2020,rr,30,0.01,weighted_cv,22,1263,372,1,0,0.0,0.08095166199403267,0.09144536528526392,0.0900635686520024,0.01,49,24,38
webis-touche2020,rr,30,0.01,active_cv,22,1254,372,1,0,0.0,0.20382568311098836,0.09144536528526392,0.0900635686520024,0.01,49,24,38
webis-touche2020,rr,30,0.01,weighted_cvl,22,1239,372,1,0,0.0,0.07523905008588876,0.09144536528526392,0.0900635686520024,0.01,49,24,38
webis-touche2020,rr,30,0.01,uniform,23,1189,381,1,0,0.0,0.23718552634665255,0.0690051038476668,0.05546744443244644,0.01,49,22,38
webis-touche2020,rr,30,0.01,uniform_nz,23,1177,381,1,0,0.0,0.10553325383084906,0.0690051038476668,0.05546744443244644,0.01,49,22,38
webis-touche2020,rr,30,0.01,weighted,23,1165,381,1,0,0.0,0.0690051038476668,0.0690051038476668,0.05546744443244644,0.01,49,22,38
webis-touche2020,rr,30,0.01,active_judge,23,1152,381,1,0,0.0,0.18642911295799236,0.0690051038476668,0.05546744443244644,0.01,49,22,38
webis-touche2020,rr,30,0.01,strat_pilot,23,1170,381,1,0,0.0,0.07010773960122495,0.0690051038476668,0.05546744443244644,0.01,49,22,38
webis-touche2020,rr,30,0.01,weighted_cv,23,1169,381,1,0,0.0,0.05255749978736586,0.0690051038476668,0.05546744443244644,0.01,49,22,38
webis-touche2020,rr,30,0.01,active_cv,23,1156,381,1,0,0.0,0.09670537906443097,0.0690051038476668,0.05546744443244644,0.01,49,22,38
webis-touche2020,rr,30,0.01,weighted_cvl,23,1159,381,1,0,0.0,0.05233804654155273,0.0690051038476668,0.05546744443244644,0.01,49,22,38
webis-touche2020,rr,30,0.01,uniform,24,1239,374,1,0,0.0,0.04763561994696954,0.027222816277773832,0.022852946271508686,0.01,49,22,38
webis-touche2020,rr,30,0.01,uniform_nz,24,1140,374,1,0,0.0,0.0360902627167928,0.027222816277773832,0.022852946271508686,0.01,49,22,38
webis-touche2020,rr,30,0.01,weighted,24,1151,374,1,0,0.0,0.027222816277773832,0.027222816277773832,0.022852946271508686,0.01,49,22,38
webis-touche2020,rr,30,0.01,active_judge,24,1172,374,1,0,0.0,0.04842811491075699,0.027222816277773832,0.022852946271508686,0.01,49,22,38
webis-touche2020,rr,30,0.01,strat_pilot,24,1150,374,1,0,0.0,0.027425035575131557,0.027222816277773832,0.022852946271508686,0.01,49,22,38
webis-touche2020,rr,30,0.01,weighted_cv,24,1154,374,1,0,0.0,0.02530474882693721,0.027222816277773832,0.022852946271508686,0.01,49,22,38
webis-touche2020,rr,30,0.01,active_cv,24,1154,374,1,0,0.0,0.06803344588303326,0.027222816277773832,0.022852946271508686,0.01,49,22,38
webis-touche2020,rr,30,0.01,weighted_cvl,24,1168,374,1,0,0.0,0.022890945246095962,0.027222816277773832,0.022852946271508686,0.01,49,22,38
webis-touche2020,rr,30,0.01,uniform,25,1205,382,1,0,0.0,0.046242491511604186,0.023088030307918596,0.06392044619504571,0.01,49,22,38
webis-touche2020,rr,30,0.01,uniform_nz,25,1146,382,1,0,0.0,0.02709505328071783,0.023088030307918596,0.06392044619504571,0.01,49,22,38
webis-touche2020,rr,30,0.01,weighted,25,1155,382,1,0,0.0,0.023088030307918596,0.023088030307918596,0.06392044619504571,0.01,49,22,38
webis-touche2020,rr,30,0.01,active_judge,25,1155,382,1,0,0.0,0.04534265722676042,0.023088030307918596,0.06392044619504571,0.01,49,22,38
webis-touche2020,rr,30,0.01,strat_pilot,25,1177,382,1,0,0.0,0.023207302303240755,0.023088030307918596,0.06392044619504571,0.01,49,22,38
webis-touche2020,rr,30,0.01,weighted_cv,25,1169,382,1,0,0.0,0.02073380377474327,0.023088030307918596,0.06392044619504571,0.01,49,22,38
webis-touche2020,rr,30,0.01,active_cv,25,1164,382,1,0,0.0,0.03669872583655386,0.023088030307918596,0.06392044619504571,0.01,49,22,38
webis-touche2020,rr,30,0.01,weighted_cvl,25,1174,382,1,0,0.0,0.020189895905458687,0.023088030307918596,0.06392044619504571,0.01,49,22,38
webis-touche2020,rr,30,0.01,uniform,26,1234,380,1,0,0.0,0.08293671236718009,0.05284521494697075,0.041144130493975695,0.01,49,22,38
webis-touche2020,rr,30,0.01,uniform_nz,26,1148,380,1,0,0.0,0.06261213519890717,0.05284521494697075,0.041144130493975695,0.01,49,22,38
webis-touche2020,rr,30,0.01,weighted,26,1146,380,1,0,0.0,0.05284521494697075,0.05284521494697075,0.041144130493975695,0.01,49,22,38
webis-touche2020,rr,30,0.01,active_judge,26,1149,380,1,0,0.0,0.13605171122596144,0.05284521494697075,0.041144130493975695,0.01,49,22,38
webis-touche2020,rr,30,0.01,strat_pilot,26,1172,380,1,0,0.0,0.05423356912467271,0.05284521494697075,0.041144130493975695,0.01,49,22,38
webis-touche2020,rr,30,0.01,weighted_cv,26,1145,380,1,0,0.0,0.04620996366681638,0.05284521494697075,0.041144130493975695,0.01,49,22,38
webis-touche2020,rr,30,0.01,active_cv,26,1139,380,1,0,0.0,0.1249084043080932,0.05284521494697075,0.041144130493975695,0.01,49,22,38
webis-touche2020,rr,30,0.01,weighted_cvl,26,1153,380,1,0,0.0,0.04569188900842686,0.05284521494697075,0.041144130493975695,0.01,49,22,38
webis-touche2020,rr,30,0.01,uniform,27,1188,371,1,0,0.0,0.25128482821053705,0.05559054516308983,0.07092857142857144,0.01,49,22,38
webis-touche2020,rr,30,0.01,uniform_nz,27,1180,371,1,0,0.0,0.09372657582609684,0.05559054516308983,0.07092857142857144,0.01,49,22,38
webis-touche2020,rr,30,0.01,weighted,27,1164,371,1,0,0.0,0.05559054516308983,0.05559054516308983,0.07092857142857144,0.01,49,22,38
webis-touche2020,rr,30,0.01,active_judge,27,1160,371,1,0,0.0,0.19156720065716654,0.05559054516308983,0.07092857142857144,0.01,49,22,38
webis-touche2020,rr,30,0.01,strat_pilot,27,1163,371,1,0,0.0,0.056779111577348704,0.05559054516308983,0.07092857142857144,0.01,49,22,38
webis-touche2020,rr,30,0.01,weighted_cv,27,1178,371,1,0,0.0,0.03703366893054396,0.05559054516308983,0.07092857142857144,0.01,49,22,38
webis-touche2020,rr,30,0.01,active_cv,27,1157,371,1,0,0.0,0.04749974008437979,0.05559054516308983,0.07092857142857144,0.01,49,22,38
webis-touche2020,rr,30,0.01,weighted_cvl,27,1184,371,1,0,0.0,0.034731963159703456,0.05559054516308983,0.07092857142857144,0.01,49,22,38
webis-touche2020,rr,30,0.01,uniform,28,1229,378,1,0,0.0,0.07504550523527523,0.04243078138782007,0.03560396935689707,0.01,49,22,38
webis-touche2020,rr,30,0.01,uniform_nz,28,1146,378,1,0,0.0,0.05109883231069121,0.04243078138782007,0.03560396935689707,0.01,49,22,38
webis-touche2020,rr,30,0.01,weighted,28,1145,378,1,0,0.0,0.04243078138782007,0.04243078138782007,0.03560396935689707,0.01,49,22,38
webis-touche2020,rr,30,0.01,active_judge,28,1166,378,1,0,0.0,0.08174548720861068,0.04243078138782007,0.03560396935689707,0.01,49,22,38
webis-touche2020,rr,30,0.01,strat_pilot,28,1157,378,1,0,0.0,0.04258046646199388,0.04243078138782007,0.03560396935689707,0.01,49,22,38
webis-touche2020,rr,30,0.01,weighted_cv,28,1197,378,1,0,0.0,0.03794362280235395,0.04243078138782007,0.03560396935689707,0.01,49,22,38
webis-touche2020,rr,30,0.01,active_cv,28,1158,378,1,0,0.0,0.06995853808061485,0.04243078138782007,0.03560396935689707,0.01,49,22,38
webis-touche2020,rr,30,0.01,weighted_cvl,28,1162,378,1,0,0.0,0.0361753049431159,0.04243078138782007,0.03560396935689707,0.01,49,22,38
webis-touche2020,rr,30,0.01,uniform,29,1186,376,1,0,0.0,0.25869702970384756,0.06654862848912702,0.08297149513712981,0.01,49,22,38
webis-touche2020,rr,30,0.01,uniform_nz,29,1183,376,1,0,0.0,0.10566628697889902,0.06654862848912702,0.08297149513712981,0.01,49,22,38
webis-touche2020,rr,30,0.01,weighted,29,1170,376,1,0,0.0,0.06654862848912702,0.06654862848912702,0.08297149513712981,0.01,49,22,38
webis-touche2020,rr,30,0.01,active_judge,29,1181,376,1,0,0.0,0.18900549821398477,0.06654862848912702,0.08297149513712981,0.01,49,22,38
webis-touche2020,rr,30,0.01,strat_pilot,29,1191,376,1,0,0.0,0.06805112671172106,0.06654862848912702,0.08297149513712981,0.01,49,22,38
webis-touche2020,rr,30,0.01,weighted_cv,29,1194,376,1,0,0.0,0.04945064371611864,0.06654862848912702,0.08297149513712981,0.01,49,22,38
webis-touche2020,rr,30,0.01,active_cv,29,1162,376,1,0,0.0,0.11003061177841533,0.06654862848912702,0.08297149513712981,0.01,49,22,38
webis-touche2020,rr,30,0.01,weighted_cvl,29,1174,376,1,0,0.0,0.046236353643521265,0.06654862848912702,0.08297149513712981,0.01,49,22,38
webis-touche2020,rr,30,0.01,uniform,30,1217,376,1,0,0.0,0.1209272557438688,0.06270093014390844,0.07910132826447269,0.01,49,22,38
webis-touche2020,rr,30,0.01,uniform_nz,30,1171,376,1,0,0.0,0.0945485091950483,0.06270093014390844,0.07910132826447269,0.01,49,22,38
webis-touche2020,rr,30,0.01,weighted,30,1186,376,1,0,0.0,0.06270093014390844,0.06270093014390844,0.07910132826447269,0.01,49,22,38
webis-touche2020,rr,30,0.01,active_judge,30,1155,376,1,0,0.0,0.17744113229191796,0.06270093014390844,0.07910132826447269,0.01,49,22,38
webis-touche2020,rr,30,0.01,strat_pilot,30,1179,376,1,0,0.0,0.06538274542819876,0.06270093014390844,0.07910132826447269,0.01,49,22,38
webis-touche2020,rr,30,0.01,weighted_cv,30,1166,376,1,0,0.0,0.054050010438134385,0.06270093014390844,0.07910132826447269,0.01,49,22,38
webis-touche2020,rr,30,0.01,active_cv,30,1128,376,1,0,0.0,0.12438968284073168,0.06270093014390844,0.07910132826447269,0.01,49,22,38
webis-touche2020,rr,30,0.01,weighted_cvl,30,1177,376,1,0,0.0,0.04839359392811926,0.06270093014390844,0.07910132826447269,0.01,49,22,38
webis-touche2020,rr,30,0.01,uniform,31,1200,384,1,0,0.0,0.08513608577760096,0.0548727552250321,0.04096709992220829,0.01,49,22,38
webis-touche2020,rr,30,0.01,uniform_nz,31,1170,384,1,0,0.0,0.06412454550058157,0.0548727552250321,0.04096709992220829,0.01,49,22,38
webis-touche2020,rr,30,0.01,weighted,31,1158,384,1,0,0.0,0.0548727552250321,0.0548727552250321,0.04096709992220829,0.01,49,22,38
webis-touche2020,rr,30,0.01,active_judge,31,1157,384,1,0,0.0,0.1516914892048939,0.0548727552250321,0.04096709992220829,0.01,49,22,38
webis-touche2020,rr,30,0.01,strat_pilot,31,1171,384,1,0,0.0,0.05530360257327477,0.0548727552250321,0.04096709992220829,0.01,49,22,38
webis-touche2020,rr,30,0.01,weighted_cv,31,1173,384,1,0,0.0,0.047685543012829325,0.0548727552250321,0.04096709992220829,0.01,49,22,38
webis-touche2020,rr,30,0.01,active_cv,31,1145,384,1,0,0.0,0.1096257231634945,0.0548727552250321,0.04096709992220829,0.01,49,22,38
webis-touche2020,rr,30,0.01,weighted_cvl,31,1163,384,1,0,0.0,0.04259843817527411,0.0548727552250321,0.04096709992220829,0.01,49,22,38
webis-touche2020,rr,30,0.01,uniform,32,1243,388,1,0,0.0,0.07396472924271504,0.04394557910010449,0.0548650115482798,0.01,49,22,38
webis-touche2020,rr,30,0.01,uniform_nz,32,1180,388,1,0,0.0,0.061122561893890294,0.04394557910010449,0.0548650115482798,0.01,49,22,38
webis-touche2020,rr,30,0.01,weighted,32,1138,388,1,0,0.0,0.04394557910010449,0.04394557910010449,0.0548650115482798,0.01,49,22,38
webis-touche2020,rr,30,0.01,active_judge,32,1143,388,1,0,0.0,0.08424841315112926,0.04394557910010449,0.0548650115482798,0.01,49,22,38
webis-touche2020,rr,30,0.01,strat_pilot,32,1149,388,1,0,0.0,0.04394726005577162,0.04394557910010449,0.0548650115482798,0.01,49,22,38
webis-touche2020,rr,30,0.01,weighted_cv,32,1165,388,1,0,0.0,0.040840780666688295,0.04394557910010449,0.0548650115482798,0.01,49,22,38
webis-touche2020,rr,30,0.01,active_cv,32,1149,388,1,0,0.0,0.0842891162269,0.04394557910010449,0.0548650115482798,0.01,49,22,38
webis-touche2020,rr,30,0.01,weighted_cvl,32,1159,388,1,0,0.0,0.04024931224699051,0.04394557910010449,0.0548650115482798,0.01,49,22,38
webis-touche2020,rr,30,0.01,uniform,33,1257,364,1,0,0.0,0.07794637035269826,0.061014974551634925,0.09395019205828195,0.01,49,24,38
webis-touche2020,rr,30,0.01,uniform_nz,33,1244,364,1,0,0.0,0.06880554956715187,0.061014974551634925,0.09395019205828195,0.01,49,24,38
webis-touche2020,rr,30,0.01,weighted,33,1286,364,1,0,0.0,0.061014974551634925,0.061014974551634925,0.09395019205828195,0.01,49,24,38
webis-touche2020,rr,30,0.01,active_judge,33,1243,364,1,0,0.0,0.15644852629465977,0.061014974551634925,0.09395019205828195,0.01,49,24,38
webis-touche2020,rr,30,0.01,strat_pilot,33,1268,364,1,0,0.0,0.06260289964313931,0.061014974551634925,0.09395019205828195,0.01,49,24,38
webis-touche2020,rr,30,0.01,weighted_cv,33,1270,364,1,0,0.0,0.054618152697871424,0.061014974551634925,0.09395019205828195,0.01,49,24,38
webis-touche2020,rr,30,0.01,active_cv,33,1252,364,1,0,0.0,0.1013615798180443,0.061014974551634925,0.09395019205828195,0.01,49,24,38
webis-touche2020,rr,30,0.01,weighted_cvl,33,1251,364,1,0,0.0,0.047231827245786506,0.061014974551634925,0.09395019205828195,0.01,49,24,38
webis-touche2020,rr,30,0.01,uniform,34,1184,366,1,0,0.0,0.06724337483550173,0.042502110900183486,0.06630874591848476,0.01,49,22,38
webis-touche2020,rr,30,0.01,uniform_nz,34,1150,366,1,0,0.0,0.05095796779353421,0.042502110900183486,0.06630874591848476,0.01,49,22,38
webis-touche2020,rr,30,0.01,weighted,34,1170,366,1,0,0.0,0.042502110900183486,0.042502110900183486,0.06630874591848476,0.01,49,22,38
webis-touche2020,rr,30,0.01,active_judge,34,1144,366,1,0,0.0,0.09912577358902305,0.042502110900183486,0.06630874591848476,0.01,49,22,38
webis-touche2020,rr,30,0.01,strat_pilot,34,1140,366,1,0,0.0,0.04317690069720792,0.042502110900183486,0.06630874591848476,0.01,49,22,38
webis-touche2020,rr,30,0.01,weighted_cv,34,1143,366,1,0,0.0,0.036385610448262704,0.042502110900183486,0.06630874591848476,0.01,49,22,38
webis-touche2020,rr,30,0.01,active_cv,34,1132,366,1,0,0.0,0.05934645565234076,0.042502110900183486,0.06630874591848476,0.01,49,22,38
webis-touche2020,rr,30,0.01,weighted_cvl,34,1147,366,1,0,0.0,0.03304797349587163,0.042502110900183486,0.06630874591848476,0.01,49,22,38
webis-touche2020,rr,30,0.01,uniform,35,1164,360,1,0,0.0,0.08090022738872726,0.03652016555036881,0.049756617221787515,0.01,49,22,38
webis-touche2020,rr,30,0.01,uniform_nz,35,1134,360,1,0,0.0,0.06531274058471447,0.03652016555036881,0.049756617221787515,0.01,49,22,38
webis-touche2020,rr,30,0.01,weighted,35,1152,360,1,0,0.0,0.03652016555036881,0.03652016555036881,0.049756617221787515,0.01,49,22,38
webis-touche2020,rr,30,0.01,active_judge,35,1128,360,1,0,0.0,0.10216521250091273,0.03652016555036881,0.049756617221787515,0.01,49,22,38
webis-touche2020,rr,30,0.01,strat_pilot,35,1119,360,1,0,0.0,0.03483052649295376,0.03652016555036881,0.049756617221787515,0.01,49,22,38
webis-touche2020,rr,30,0.01,weighted_cv,35,1125,360,1,0,0.0,0.02969364027761521,0.03652016555036881,0.049756617221787515,0.01,49,22,38
webis-touche2020,rr,30,0.01,active_cv,35,1129,360,1,0,0.0,0.06604673696813138,0.03652016555036881,0.049756617221787515,0.01,49,22,38
webis-touche2020,rr,30,0.01,weighted_cvl,35,1133,360,1,0,0.0,0.02802005443665312,0.03652016555036881,0.049756617221787515,0.01,49,22,38
webis-touche2020,rr,30,0.01,uniform,36,1299,381,1,0,0.0,0.06974424032779933,0.05416222324434855,0.0795775932336839,0.01,49,24,38
webis-touche2020,rr,30,0.01,uniform_nz,36,1289,381,1,0,0.0,0.05968034873803733,0.05416222324434855,0.0795775932336839,0.01,49,24,38
webis-touche2020,rr,30,0.01,weighted,36,1268,381,1,0,0.0,0.05416222324434855,0.05416222324434855,0.0795775932336839,0.01,49,24,38
webis-touche2020,rr,30,0.01,active_judge,36,1266,381,1,0,0.0,0.1234402119506445,0.05416222324434855,0.0795775932336839,0.01,49,24,38
webis-touche2020,rr,30,0.01,strat_pilot,36,1283,381,1,0,0.0,0.054691957536407806,0.05416222324434855,0.0795775932336839,0.01,49,24,38
webis-touche2020,rr,30,0.01,weighted_cv,36,1304,381,1,0,0.0,0.04808863782380722,0.05416222324434855,0.0795775932336839,0.01,49,24,38
webis-touche2020,rr,30,0.01,active_cv,36,1266,381,1,0,0.0,0.08292894757858411,0.05416222324434855,0.0795775932336839,0.01,49,24,38
webis-touche2020,rr,30,0.01,weighted_cvl,36,1295,381,1,0,0.0,0.045875013956291434,0.05416222324434855,0.0795775932336839,0.01,49,24,38
webis-touche2020,rr,30,0.01,uniform,37,1227,374,1,0,0.0,0.2338863736785183,0.06264773857896498,0.04408609908609908,0.01,49,22,38
webis-touche2020,rr,30,0.01,uniform_nz,37,1158,374,1,0,0.0,0.10199130056081233,0.06264773857896498,0.04408609908609908,0.01,49,22,38
webis-touche2020,rr,30,0.01,weighted,37,1124,374,1,0,0.0,0.06264773857896498,0.06264773857896498,0.04408609908609908,0.01,49,22,38
webis-touche2020,rr,30,0.01,active_judge,37,1143,374,1,0,0.0,0.18629860270203485,0.06264773857896498,0.04408609908609908,0.01,49,22,38
webis-touche2020,rr,30,0.01,strat_pilot,37,1180,374,1,0,0.0,0.06289197327950803,0.06264773857896498,0.04408609908609908,0.01,49,22,38
webis-touche2020,rr,30,0.01,weighted_cv,37,1149,374,1,0,0.0,0.042624742860028965,0.06264773857896498,0.04408609908609908,0.01,49,22,38
webis-touche2020,rr,30,0.01,active_cv,37,1141,374,1,0,0.0,0.06257020540536148,0.06264773857896498,0.04408609908609908,0.01,49,22,38
webis-touche2020,rr,30,0.01,weighted_cvl,37,1163,374,1,0,0.0,0.04629633925158404,0.06264773857896498,0.04408609908609908,0.01,49,22,38
webis-touche2020,rr,30,0.01,uniform,38,1247,380,1,0,0.0,0.27374610747765576,0.08742774343008303,0.09372042717630953,0.01,49,22,38
webis-touche2020,rr,30,0.01,uniform_nz,38,1174,380,1,0,0.0,0.14745891187046795,0.08742774343008303,0.09372042717630953,0.01,49,22,38
webis-touche2020,rr,30,0.01,weighted,38,1151,380,1,0,0.0,0.08742774343008303,0.08742774343008303,0.09372042717630953,0.01,49,22,38
webis-touche2020,rr,30,0.01,active_judge,38,1156,380,1,0,0.0,0.2698114117451013,0.08742774343008303,0.09372042717630953,0.01,49,22,38
webis-touche2020,rr,30,0.01,strat_pilot,38,1159,380,1,0,0.0,0.08795248952875029,0.08742774343008303,0.09372042717630953,0.01,49,22,38
webis-touche2020,rr,30,0.01,weighted_cv,38,1173,380,1,0,0.0,0.06667920310767102,0.08742774343008303,0.09372042717630953,0.01,49,22,38
webis-touche2020,rr,30,0.01,active_cv,38,1142,380,1,0,0.0,0.11505588142221712,0.08742774343008303,0.09372042717630953,0.01,49,22,38
webis-touche2020,rr,30,0.01,weighted_cvl,38,1161,380,1,0,0.0,0.06091459987220806,0.08742774343008303,0.09372042717630953,0.01,49,22,38
webis-touche2020,rr,30,0.01,uniform,39,1185,382,1,0,0.00047630470594373087,0.06112287546947581,0.03718604288098699,0.011588633244979997,0.00952369529405627,49,21,37
webis-touche2020,rr,30,0.01,uniform_nz,39,1130,382,0,0,0.00047630470594373087,0.052382824426196,0.03718604288098699,0.011588633244979997,0.00952369529405627,49,21,37
webis-touche2020,rr,30,0.01,weighted,39,1093,382,1,0,0.00047630470594373087,0.03718604288098699,0.03718604288098699,0.011588633244979997,0.00952369529405627,49,21,37
webis-touche2020,rr,30,0.01,active_judge,39,1093,382,1,0,0.00047630470594373087,0.07759757841009882,0.03718604288098699,0.011588633244979997,0.00952369529405627,49,21,37
webis-touche2020,rr,30,0.01,strat_pilot,39,1112,382,1,0,0.00047630470594373087,0.03713202449121523,0.03718604288098699,0.011588633244979997,0.00952369529405627,49,21,37
webis-touche2020,rr,30,0.01,weighted_cv,39,1081,382,1,0,0.00047630470594373087,0.03438293048096236,0.03718604288098699,0.011588633244979997,0.00952369529405627,49,21,37
webis-touche2020,rr,30,0.01,active_cv,39,1084,382,1,0,0.00047630470594373087,0.08769930917582117,0.03718604288098699,0.011588633244979997,0.00952369529405627,49,21,37
webis-touche2020,rr,30,0.01,weighted_cvl,39,1105,382,1,0,0.00047630470594373087,0.031090813328918276,0.03718604288098699,0.011588633244979997,0.00952369529405627,49,21,37
webis-touche2020,rr,30,0.01,uniform,40,1260,379,1,0,0.0,0.23083123064076702,0.06497111475112048,0.03791136967607556,0.01,49,22,38
webis-touche2020,rr,30,0.01,uniform_nz,40,1166,379,1,0,0.0,0.10629488853972427,0.06497111475112048,0.03791136967607556,0.01,49,22,38
webis-touche2020,rr,30,0.01,weighted,40,1160,379,1,0,0.0,0.06497111475112048,0.06497111475112048,0.03791136967607556,0.01,49,22,38
webis-touche2020,rr,30,0.01,active_judge,40,1165,379,1,0,0.0,0.17367384459518415,0.06497111475112048,0.03791136967607556,0.01,49,22,38
webis-touche2020,rr,30,0.01,strat_pilot,40,1178,379,1,0,0.0,0.06549133592646413,0.06497111475112048,0.03791136967607556,0.01,49,22,38
webis-touche2020,rr,30,0.01,weighted_cv,40,1186,379,1,0,0.0,0.04936744974308074,0.06497111475112048,0.03791136967607556,0.01,49,22,38
webis-touche2020,rr,30,0.01,active_cv,40,1160,379,1,0,0.0,0.1067697935825717,0.06497111475112048,0.03791136967607556,0.01,49,22,38
webis-touche2020,rr,30,0.01,weighted_cvl,40,1163,379,1,0,0.0,0.05182917735577541,0.06497111475112048,0.03791136967607556,0.01,49,22,38
webis-touche2020,rr,30,0.01,uniform,41,1223,363,1,0,0.0,0.05125884277338395,0.02655470702358741,0.04737604532263972,0.01,49,22,38
webis-touche2020,rr,30,0.01,uniform_nz,41,1132,363,1,0,0.0,0.03424966177308022,0.02655470702358741,0.04737604532263972,0.01,49,22,38
webis-touche2020,rr,30,0.01,weighted,41,1147,363,1,0,0.0,0.02655470702358741,0.02655470702358741,0.04737604532263972,0.01,49,22,38
webis-touche2020,rr,30,0.01,active_judge,41,1146,363,1,0,0.0,0.06488705228337567,0.02655470702358741,0.04737604532263972,0.01,49,22,38
webis-touche2020,rr,30,0.01,strat_pilot,41,1172,363,1,0,0.0,0.026986482735169327,0.02655470702358741,0.04737604532263972,0.01,49,22,38
webis-touche2020,rr,30,0.01,weighted_cv,41,1118,363,1,0,0.0,0.02697163838764106,0.02655470702358741,0.04737604532263972,0.01,49,22,38
webis-touche2020,rr,30,0.01,active_cv,41,1115,363,1,0,0.0,0.07300815659483358,0.02655470702358741,0.04737604532263972,0.01,49,22,38
webis-touche2020,rr,30,0.01,weighted_cvl,41,1130,363,1,0,0.0,0.02628562521692182,0.02655470702358741,0.04737604532263972,0.01,49,22,38
webis-touche2020,rr,30,0.01,uniform,42,1214,386,1,0,0.0,0.10157973143563011,0.053962750200252395,0.07782021587267918,0.01,49,22,38
webis-touche2020,rr,30,0.01,uniform_nz,42,1167,386,1,0,0.0,0.07824942544573149,0.053962750200252395,0.07782021587267918,0.01,49,22,38
webis-touche2020,rr,30,0.01,weighted,42,1176,386,1,0,0.0,0.053962750200252395,0.053962750200252395,0.07782021587267918,0.01,49,22,38
webis-touche2020,rr,30,0.01,active_judge,42,1145,386,1,0,0.0,0.15138748948187764,0.053962750200252395,0.07782021587267918,0.01,49,22,38
webis-touche2020,rr,30,0.01,strat_pilot,42,1174,386,1,0,0.0,0.05458516982359218,0.053962750200252395,0.07782021587267918,0.01,49,22,38
webis-touche2020,rr,30,0.01,weighted_cv,42,1161,386,1,0,0.0,0.045448611808183645,0.053962750200252395,0.07782021587267918,0.01,49,22,38
webis-touche2020,rr,30,0.01,active_cv,42,1141,386,1,0,0.0,0.06868179896293596,0.053962750200252395,0.07782021587267918,0.01,49,22,38
webis-touche2020,rr,30,0.01,weighted_cvl,42,1165,386,1,0,0.0,0.037806699221441274,0.053962750200252395,0.07782021587267918,0.01,49,22,38
webis-touche2020,rr,30,0.01,uniform,43,1215,387,1,0,0.0,0.08987445911302325,0.056868564362425246,0.03859906582352403,0.01,49,22,38
webis-touche2020,rr,30,0.01,uniform_nz,43,1181,387,1,0,0.0,0.07355935144677153,0.056868564362425246,0.03859906582352403,0.01,49,22,38
webis-touche2020,rr,30,0.01,weighted,43,1150,387,1,0,0.0,0.056868564362425246,0.056868564362425246,0.03859906582352403,0.01,49,22,38
webis-touche2020,rr,30,0.01,active_judge,43,1156,387,1,0,0.0,0.11630232506829948,0.056868564362425246,0.03859906582352403,0.01,49,22,38
webis-touche2020,rr,30,0.01,strat_pilot,43,1173,387,1,0,0.0,0.05714591589011847,0.056868564362425246,0.03859906582352403,0.01,49,22,38
webis-touche2020,rr,30,0.01,weighted_cv,43,1182,387,1,0,0.0,0.05056077005393637,0.056868564362425246,0.03859906582352403,0.01,49,22,38
webis-touche2020,rr,30,0.01,active_cv,43,1146,387,1,0,0.0,0.13517902676315413,0.056868564362425246,0.03859906582352403,0.01,49,22,38
webis-touche2020,rr,30,0.01,weighted_cvl,43,1159,387,1,0,0.0,0.04932523588902547,0.056868564362425246,0.03859906582352403,0.01,49,22,38
webis-touche2020,rr,30,0.01,uniform,44,1229,380,1,0,0.0,0.24237090561036556,0.07176419329269221,0.07351234615381876,0.01,49,22,38
webis-touche2020,rr,30,0.01,uniform_nz,44,1165,380,1,0,0.0,0.10954293524910522,0.07176419329269221,0.07351234615381876,0.01,49,22,38
webis-touche2020,rr,30,0.01,weighted,44,1178,380,1,0,0.0,0.07176419329269221,0.07176419329269221,0.07351234615381876,0.01,49,22,38
webis-touche2020,rr,30,0.01,active_judge,44,1146,380,1,0,0.0,0.2086891823857268,0.07176419329269221,0.07351234615381876,0.01,49,22,38
webis-touche2020,rr,30,0.01,strat_pilot,44,1172,380,1,0,0.0,0.07287122697176732,0.07176419329269221,0.07351234615381876,0.01,49,22,38
webis-touche2020,rr,30,0.01,weighted_cv,44,1152,380,1,0,0.0,0.05280996179138969,0.07176419329269221,0.07351234615381876,0.01,49,22,38
webis-touche2020,rr,30,0.01,active_cv,44,1152,380,1,0,0.0,0.08399806161993988,0.07176419329269221,0.07351234615381876,0.01,49,22,38
webis-touche2020,rr,30,0.01,weighted_cvl,44,1150,380,1,0,0.0,0.0536735874395497,0.07176419329269221,0.07351234615381876,0.01,49,22,38
webis-touche2020,rr,30,0.01,uniform,45,1232,385,1,0,0.0,0.0955191545355742,0.03230881558990177,0.05385160204432649,0.01,49,22,38
webis-touche2020,rr,30,0.01,uniform_nz,45,1199,385,1,0,0.0,0.059194046077506966,0.03230881558990177,0.05385160204432649,0.01,49,22,38
webis-touche2020,rr,30,0.01,weighted,45,1188,385,1,0,0.0,0.03230881558990177,0.03230881558990177,0.05385160204432649,0.01,49,22,38
webis-touche2020,rr,30,0.01,active_judge,45,1178,385,1,0,0.0,0.11358520443019193,0.03230881558990177,0.05385160204432649,0.01,49,22,38
webis-touche2020,rr,30,0.01,strat_pilot,45,1176,385,1,0,0.0,0.02986022225089339,0.03230881558990177,0.05385160204432649,0.01,49,22,38
webis-touche2020,rr,30,0.01,weighted_cv,45,1193,385,1,0,0.0,0.026933563764373076,0.03230881558990177,0.05385160204432649,0.01,49,22,38
webis-touche2020,rr,30,0.01,active_cv,45,1169,385,1,0,0.0,0.05519586430999594,0.03230881558990177,0.05385160204432649,0.01,49,22,38
webis-touche2020,rr,30,0.01,weighted_cvl,45,1202,385,1,0,0.0,0.024215712252205875,0.03230881558990177,0.05385160204432649,0.01,49,22,38
webis-touche2020,rr,30,0.01,uniform,46,1211,373,1,0,0.0,0.06403472344869357,0.032766123178296074,0.020607075844691965,0.01,49,22,38
webis-touche2020,rr,30,0.01,uniform_nz,46,1189,373,1,0,0.0,0.0428064565899961,0.032766123178296074,0.020607075844691965,0.01,49,22,38
webis-touche2020,rr,30,0.01,weighted,46,1170,373,1,0,0.0,0.032766123178296074,0.032766123178296074,0.020607075844691965,0.01,49,22,38
webis-touche2020,rr,30,0.01,active_judge,46,1153,373,1,0,0.0,0.08357048847990592,0.032766123178296074,0.020607075844691965,0.01,49,22,38
webis-touche2020,rr,30,0.01,strat_pilot,46,1179,373,1,0,0.0,0.03234880701446947,0.032766123178296074,0.020607075844691965,0.01,49,22,38
webis-touche2020,rr,30,0.01,weighted_cv,46,1145,373,1,0,0.0,0.030113502629760026,0.032766123178296074,0.020607075844691965,0.01,49,22,38
webis-touche2020,rr,30,0.01,active_cv,46,1153,373,1,0,0.0,0.062386395457799226,0.032766123178296074,0.020607075844691965,0.01,49,22,38
webis-touche2020,rr,30,0.01,weighted_cvl,46,1183,373,1,0,0.0,0.03106370177779257,0.032766123178296074,0.020607075844691965,0.01,49,22,38
webis-touche2020,rr,30,0.01,uniform,47,1200,391,0,0,0.0,0.24035023073597567,0.055223848494551385,0.022535177241059592,0.01,49,21,38
webis-touche2020,rr,30,0.01,uniform_nz,47,1143,391,1,0,0.0,0.09623456837494351,0.055223848494551385,0.022535177241059592,0.01,49,21,38
webis-touche2020,rr,30,0.01,weighted,47,1151,391,1,0,0.0,0.055223848494551385,0.055223848494551385,0.022535177241059592,0.01,49,21,38
webis-touche2020,rr,30,0.01,active_judge,47,1116,391,1,0,0.0,0.17356851764676737,0.055223848494551385,0.022535177241059592,0.01,49,21,38
webis-touche2020,rr,30,0.01,strat_pilot,47,1130,391,1,0,0.0,0.055935740231734796,0.055223848494551385,0.022535177241059592,0.01,49,21,38
webis-touche2020,rr,30,0.01,weighted_cv,47,1126,391,1,0,0.0,0.039172862498954485,0.055223848494551385,0.022535177241059592,0.01,49,21,38
webis-touche2020,rr,30,0.01,active_cv,47,1131,391,1,0,0.0,0.06633995042887735,0.055223848494551385,0.022535177241059592,0.01,49,21,38
webis-touche2020,rr,30,0.01,weighted_cvl,47,1152,391,1,0,0.0,0.03737010294257997,0.055223848494551385,0.022535177241059592,0.01,49,21,38
webis-touche2020,rr,30,0.01,uniform,48,1207,372,1,0,0.0,0.09139979458531747,0.06627337729567992,0.06251457509352246,0.01,49,22,38
webis-touche2020,rr,30,0.01,uniform_nz,48,1150,372,1,0,0.0,0.08429770936603566,0.06627337729567992,0.06251457509352246,0.01,49,22,38
webis-touche2020,rr,30,0.01,weighted,48,1125,372,1,0,0.0,0.06627337729567992,0.06627337729567992,0.06251457509352246,0.01,49,22,38
webis-touche2020,rr,30,0.01,active_judge,48,1131,372,1,0,0.0,0.13160950656750836,0.06627337729567992,0.06251457509352246,0.01,49,22,38
webis-touche2020,rr,30,0.01,strat_pilot,48,1152,372,1,0,0.0,0.06676975853344883,0.06627337729567992,0.06251457509352246,0.01,49,22,38
webis-touche2020,rr,30,0.01,weighted_cv,48,1138,372,1,0,0.0,0.061633484998646036,0.06627337729567992,0.06251457509352246,0.01,49,22,38
webis-touche2020,rr,30,0.01,active_cv,48,1139,372,1,0,0.0,0.1191934723810795,0.06627337729567992,0.06251457509352246,0.01,49,22,38
webis-touche2020,rr,30,0.01,weighted_cvl,48,1143,372,1,0,0.0,0.06016577604021896,0.06627337729567992,0.06251457509352246,0.01,49,22,38
webis-touche2020,rr,30,0.01,uniform,49,1283,369,1,0,0.0,0.08893449605414293,0.06171960085688889,0.09444628639456226,0.01,49,24,38
webis-touche2020,rr,30,0.01,uniform_nz,49,1304,369,1,0,0.0,0.07239857700687419,0.06171960085688889,0.09444628639456226,0.01,49,24,38
webis-touche2020,rr,30,0.01,weighted,49,1251,369,1,0,0.0,0.06171960085688889,0.06171960085688889,0.09444628639456226,0.01,49,24,38
webis-touche2020,rr,30,0.01,active_judge,49,1261,369,1,0,0.0,0.15441020305439057,0.06171960085688889,0.09444628639456226,0.01,49,24,38
webis-touche2020,rr,30,0.01,strat_pilot,49,1281,369,1,0,0.0,0.06224623282117956,0.06171960085688889,0.09444628639456226,0.01,49,24,38
webis-touche2020,rr,30,0.01,weighted_cv,49,1275,369,1,0,0.0,0.053501433978443126,0.06171960085688889,0.09444628639456226,0.01,49,24,38
webis-touche2020,rr,30,0.01,active_cv,49,1265,369,1,0,0.0,0.13459487255486027,0.06171960085688889,0.09444628639456226,0.01,49,24,38
webis-touche2020,rr,30,0.01,weighted_cvl,49,1272,369,1,0,0.0,0.054571841707095704,0.06171960085688889,0.09444628639456226,0.01,49,24,38
webis-touche2020,rr,30,0.01,uniform,50,1252,391,1,0,0.0,0.07118992584893714,0.050134379674507866,0.056171909483256885,0.01,49,22,38
webis-touche2020,rr,30,0.01,uniform_nz,50,1178,391,1,0,0.0,0.061390803089084636,0.050134379674507866,0.056171909483256885,0.01,49,22,38
webis-touche2020,rr,30,0.01,weighted,50,1143,391,1,0,0.0,0.050134379674507866,0.050134379674507866,0.056171909483256885,0.01,49,22,38
webis-touche2020,rr,30,0.01,active_judge,50,1154,391,1,0,0.0,0.09010986467150181,0.050134379674507866,0.056171909483256885,0.01,49,22,38
webis-touche2020,rr,30,0.01,strat_pilot,50,1166,391,1,0,0.0,0.05114039110549451,0.050134379674507866,0.056171909483256885,0.01,49,22,38
webis-touche2020,rr,30,0.01,weighted_cv,50,1152,391,1,0,0.0,0.044436772955896445,0.050134379674507866,0.056171909483256885,0.01,49,22,38
webis-touche2020,rr,30,0.01,active_cv,50,1151,391,1,0,0.0,0.08190066748741018,0.050134379674507866,0.056171909483256885,0.01,49,22,38
webis-touche2020,rr,30,0.01,weighted_cvl,50,1174,391,1,0,0.0,0.04277391504905487,0.050134379674507866,0.056171909483256885,0.01,49,22,38
webis-touche2020,rr,30,0.01,uniform,51,1222,378,1,0,0.0,0.09902224083840365,0.04824295041777037,0.06281205937165688,0.01,49,22,38
webis-touche2020,rr,30,0.01,uniform_nz,51,1157,378,1,0,0.0,0.06138969334264906,0.04824295041777037,0.06281205937165688,0.01,49,22,38
webis-touche2020,rr,30,0.01,weighted,51,1165,378,1,0,0.0,0.04824295041777037,0.04824295041777037,0.06281205937165688,0.01,49,22,38
webis-touche2020,rr,30,0.01,active_judge,51,1141,378,1,0,0.0,0.12265286043841313,0.04824295041777037,0.06281205937165688,0.01,49,22,38
webis-touche2020,rr,30,0.01,strat_pilot,51,1150,378,1,0,0.0,0.048075465518455464,0.04824295041777037,0.06281205937165688,0.01,49,22,38
webis-touche2020,rr,30,0.01,weighted_cv,51,1198,378,1,0,0.0,0.047065670848739485,0.04824295041777037,0.06281205937165688,0.01,49,22,38
webis-touche2020,rr,30,0.01,active_cv,51,1168,378,1,0,0.0,0.13059713487285546,0.04824295041777037,0.06281205937165688,0.01,49,22,38
webis-touche2020,rr,30,0.01,weighted_cvl,51,1152,378,1,0,0.0,0.04009980577006324,0.04824295041777037,0.06281205937165688,0.01,49,22,38
webis-touche2020,rr,30,0.01,uniform,52,1180,368,1,0,0.0,0.09772805141022264,0.052745474671399936,0.05276105587776069,0.01,49,22,38
webis-touche2020,rr,30,0.01,uniform_nz,52,1147,368,1,0,0.0,0.07093679452068308,0.052745474671399936,0.05276105587776069,0.01,49,22,38
webis-touche2020,rr,30,0.01,weighted,52,1145,368,1,0,0.0,0.052745474671399936,0.052745474671399936,0.05276105587776069,0.01,49,22,38
webis-touche2020,rr,30,0.01,active_judge,52,1135,368,1,0,0.0,0.13188784861702021,0.052745474671399936,0.05276105587776069,0.01,49,22,38
webis-touche2020,rr,30,0.01,strat_pilot,52,1150,368,1,0,0.0,0.05260284049058365,0.052745474671399936,0.05276105587776069,0.01,49,22,38
webis-touche2020,rr,30,0.01,weighted_cv,52,1145,368,1,0,0.0,0.049849586921705547,0.052745474671399936,0.05276105587776069,0.01,49,22,38
webis-touche2020,rr,30,0.01,active_cv,52,1138,368,1,0,0.0,0.1374567339191662,0.052745474671399936,0.05276105587776069,0.01,49,22,38
webis-touche2020,rr,30,0.01,weighted_cvl,52,1154,368,1,0,0.0,0.04419846628646178,0.052745474671399936,0.05276105587776069,0.01,49,22,38
webis-touche2020,rr,30,0.01,uniform,53,1325,393,0,0,0.111404967873582,0.1224376827537342,0.06412761005524095,0.003631067000632212,-0.10140496787358201,49,24,38
webis-touche2020,rr,30,0.01,uniform_nz,53,1328,393,0,0,0.111404967873582,0.07271967492146483,0.06412761005524095,0.003631067000632212,-0.10140496787358201,49,24,38
webis-touche2020,rr,30,0.01,weighted,53,1298,393,0,0,0.111404967873582,0.06412761005524095,0.06412761005524095,0.003631067000632212,-0.10140496787358201,49,24,38
webis-touche2020,rr,30,0.01,active_judge,53,1279,393,0,0,0.111404967873582,0.13763925857111337,0.06412761005524095,0.003631067000632212,-0.10140496787358201,49,24,38
webis-touche2020,rr,30,0.01,strat_pilot,53,1290,393,0,0,0.111404967873582,0.06458348528461941,0.06412761005524095,0.003631067000632212,-0.10140496787358201,49,24,38
webis-touche2020,rr,30,0.01,weighted_cv,53,1276,393,0,0,0.111404967873582,0.058982104621623975,0.06412761005524095,0.003631067000632212,-0.10140496787358201,49,24,38
webis-touche2020,rr,30,0.01,active_cv,53,1298,393,0,0,0.111404967873582,0.12913618350450976,0.06412761005524095,0.003631067000632212,-0.10140496787358201,49,24,38
webis-touche2020,rr,30,0.01,weighted_cvl,53,1302,393,0,0,0.111404967873582,0.053808592729566715,0.06412761005524095,0.003631067000632212,-0.10140496787358201,49,24,38
webis-touche2020,rr,30,0.01,uniform,54,1197,379,1,0,0.0,0.10857550138317913,0.05563928622853691,0.055231750275867915,0.01,49,22,38
webis-touche2020,rr,30,0.01,uniform_nz,54,1191,379,1,0,0.0,0.08641671175264941,0.05563928622853691,0.055231750275867915,0.01,49,22,38
webis-touche2020,rr,30,0.01,weighted,54,1168,379,1,0,0.0,0.05563928622853691,0.05563928622853691,0.055231750275867915,0.01,49,22,38
webis-touche2020,rr,30,0.01,active_judge,54,1160,379,1,0,0.0,0.14809204525544664,0.05563928622853691,0.055231750275867915,0.01,49,22,38
webis-touche2020,rr,30,0.01,strat_pilot,54,1158,379,1,0,0.0,0.055647598410751356,0.05563928622853691,0.055231750275867915,0.01,49,22,38
webis-touche2020,rr,30,0.01,weighted_cv,54,1180,379,1,0,0.0,0.047748561529232444,0.05563928622853691,0.055231750275867915,0.01,49,22,38
webis-touche2020,rr,30,0.01,active_cv,54,1167,379,1,0,0.0,0.08754330351352115,0.05563928622853691,0.055231750275867915,0.01,49,22,38
webis-touche2020,rr,30,0.01,weighted_cvl,54,1153,379,1,0,0.0,0.040900280932231775,0.05563928622853691,0.055231750275867915,0.01,49,22,38
webis-touche2020,rr,30,0.01,uniform,55,1241,377,1,0,0.0,0.05215911217916934,0.031346240131099774,0.045583442872916546,0.01,49,22,38
webis-touche2020,rr,30,0.01,uniform_nz,55,1139,377,1,0,0.0,0.041037418280714485,0.031346240131099774,0.045583442872916546,0.01,49,22,38
webis-touche2020,rr,30,0.01,weighted,55,1158,377,1,0,0.0,0.031346240131099774,0.031346240131099774,0.045583442872916546,0.01,49,22,38
webis-touche2020,rr,30,0.01,active_judge,55,1140,377,1,0,0.0,0.05641513871611015,0.031346240131099774,0.045583442872916546,0.01,49,22,38
webis-touche2020,rr,30,0.01,strat_pilot,55,1148,377,1,0,0.0,0.032047413512410236,0.031346240131099774,0.045583442872916546,0.01,49,22,38
webis-touche2020,rr,30,0.01,weighted_cv,55,1135,377,1,0,0.0,0.02660101510482582,0.031346240131099774,0.045583442872916546,0.01,49,22,38
webis-touche2020,rr,30,0.01,active_cv,55,1132,377,1,0,0.0,0.05128602300931003,0.031346240131099774,0.045583442872916546,0.01,49,22,38
webis-touche2020,rr,30,0.01,weighted_cvl,55,1143,377,1,0,0.0,0.024867969807785783,0.031346240131099774,0.045583442872916546,0.01,49,22,38
webis-touche2020,rr,30,0.01,uniform,56,1226,376,1,0,0.0,0.23871972012112064,0.05886071395140038,0.07388852894038651,0.01,49,22,38
webis-touche2020,rr,30,0.01,uniform_nz,56,1161,376,1,0,0.0,0.0987652049708495,0.05886071395140038,0.07388852894038651,0.01,49,22,38
webis-touche2020,rr,30,0.01,weighted,56,1161,376,1,0,0.0,0.05886071395140038,0.05886071395140038,0.07388852894038651,0.01,49,22,38
webis-touche2020,rr,30,0.01,active_judge,56,1151,376,1,0,0.0,0.19029376852278307,0.05886071395140038,0.07388852894038651,0.01,49,22,38
webis-touche2020,rr,30,0.01,strat_pilot,56,1171,376,1,0,0.0,0.0599632457215686,0.05886071395140038,0.07388852894038651,0.01,49,22,38
webis-touche2020,rr,30,0.01,weighted_cv,56,1191,376,1,0,0.0,0.04043549494774137,0.05886071395140038,0.07388852894038651,0.01,49,22,38
webis-touche2020,rr,30,0.01,active_cv,56,1161,376,1,0,0.0,0.06673302046514906,0.05886071395140038,0.07388852894038651,0.01,49,22,38
webis-touche2020,rr,30,0.01,weighted_cvl,56,1175,376,1,0,0.0,0.041813657773732055,0.05886071395140038,0.07388852894038651,0.01,49,22,38
webis-touche2020,rr,30,0.01,uniform,57,1186,383,0,0,0.0,0.07582628799015464,0.03853786623458262,0.02186480186480186,0.01,49,21,38
webis-touche2020,rr,30,0.01,uniform_nz,57,1101,383,1,0,0.0,0.06720401602496423,0.03853786623458262,0.02186480186480186,0.01,49,21,38
webis-touche2020,rr,30,0.01,weighted,57,1099,383,1,0,0.0,0.03853786623458262,0.03853786623458262,0.02186480186480186,0.01,49,21,38
webis-touche2020,rr,30,0.01,active_judge,57,1098,383,1,0,0.0,0.0959245772749569,0.03853786623458262,0.02186480186480186,0.01,49,21,38
webis-touche2020,rr,30,0.01,strat_pilot,57,1121,383,1,0,0.0,0.03609256411425161,0.03853786623458262,0.02186480186480186,0.01,49,21,38
webis-touche2020,rr,30,0.01,weighted_cv,57,1115,383,1,0,0.0,0.03167080748002295,0.03853786623458262,0.02186480186480186,0.01,49,21,38
webis-touche2020,rr,30,0.01,active_cv,57,1094,383,1,0,0.0,0.06976335211551968,0.03853786623458262,0.02186480186480186,0.01,49,21,38
webis-touche2020,rr,30,0.01,weighted_cvl,57,1117,383,1,0,0.0,0.03167080748002295,0.03853786623458262,0.02186480186480186,0.01,49,21,38
webis-touche2020,rr,30,0.01,uniform,58,1228,384,1,0,0.0,0.07122298797368473,0.03741211257802931,0.05419793742549159,0.01,49,22,38
webis-touche2020,rr,30,0.01,uniform_nz,58,1171,384,1,0,0.0,0.046938517454061586,0.03741211257802931,0.05419793742549159,0.01,49,22,38
webis-touche2020,rr,30,0.01,weighted,58,1171,384,1,0,0.0,0.03741211257802931,0.03741211257802931,0.05419793742549159,0.01,49,22,38
webis-touche2020,rr,30,0.01,active_judge,58,1167,384,1,0,0.0,0.08705208054457779,0.03741211257802931,0.05419793742549159,0.01,49,22,38
webis-touche2020,rr,30,0.01,strat_pilot,58,1168,384,1,0,0.0,0.03745970841559858,0.03741211257802931,0.05419793742549159,0.01,49,22,38
webis-touche2020,rr,30,0.01,weighted_cv,58,1177,384,1,0,0.0,0.034701391522786826,0.03741211257802931,0.05419793742549159,0.01,49,22,38
webis-touche2020,rr,30,0.01,active_cv,58,1165,384,1,0,0.0,0.07026797985341007,0.03741211257802931,0.05419793742549159,0.01,49,22,38
webis-touche2020,rr,30,0.01,weighted_cvl,58,1171,384,1,0,0.0,0.03283296996615302,0.03741211257802931,0.05419793742549159,0.01,49,22,38
webis-touche2020,rr,30,0.01,uniform,59,1155,383,1,0,0.0,0.10147808336659395,0.045692242057102574,0.017362860737473746,0.01,49,21,37
webis-touche2020,rr,30,0.01,uniform_nz,59,1108,383,1,0,0.0,0.07702913878295121,0.045692242057102574,0.017362860737473746,0.01,49,21,37
webis-touche2020,rr,30,0.01,weighted,59,1100,383,1,0,0.0,0.045692242057102574,0.045692242057102574,0.017362860737473746,0.01,49,21,37
webis-touche2020,rr,30,0.01,active_judge,59,1082,383,1,0,0.0,0.1383693479711348,0.045692242057102574,0.017362860737473746,0.01,49,21,37
webis-touche2020,rr,30,0.01,strat_pilot,59,1087,383,1,0,0.0,0.04195050097324488,0.045692242057102574,0.017362860737473746,0.01,49,21,37
webis-touche2020,rr,30,0.01,weighted_cv,59,1088,383,1,0,0.0,0.03735393311347773,0.045692242057102574,0.017362860737473746,0.01,49,21,37
webis-touche2020,rr,30,0.01,active_cv,59,1084,383,0,0,0.0,0.09318922484313157,0.045692242057102574,0.017362860737473746,0.01,49,21,37
webis-touche2020,rr,30,0.01,weighted_cvl,59,1110,383,1,0,0.0,0.039544677534479836,0.045692242057102574,0.017362860737473746,0.01,49,21,37
webis-touche2020,rr,30,0.01,uniform,60,1313,373,1,0,0.0,0.07607422824865467,0.06020823097964938,0.10278020275639033,0.01,49,24,38
webis-touche2020,rr,30,0.01,uniform_nz,60,1271,373,1,0,0.0,0.06523694474250559,0.06020823097964938,0.10278020275639033,0.01,49,24,38
webis-touche2020,rr,30,0.01,weighted,60,1257,373,1,0,0.0,0.06020823097964938,0.06020823097964938,0.10278020275639033,0.01,49,24,38
webis-touche2020,rr,30,0.01,active_judge,60,1248,373,1,0,0.0,0.13740377965029185,0.06020823097964938,0.10278020275639033,0.01,49,24,38
webis-touche2020,rr,30,0.01,strat_pilot,60,1278,373,1,0,0.0,0.061253438446959366,0.06020823097964938,0.10278020275639033,0.01,49,24,38
webis-touche2020,rr,30,0.01,weighted_cv,60,1256,373,1,0,0.0,0.04925749790740257,0.06020823097964938,0.10278020275639033,0.01,49,24,38
webis-touche2020,rr,30,0.01,active_cv,60,1274,373,1,0,0.0,0.07741130334157459,0.06020823097964938,0.10278020275639033,0.01,49,24,38
webis-touche2020,rr,30,0.01,weighted_cvl,60,1292,373,1,0,0.0,0.04649892340460586,0.06020823097964938,0.10278020275639033,0.01,49,24,38
webis-touche2020,rr,30,0.01,uniform,61,1195,374,1,0,0.0,0.04554676197329397,0.020340740127324522,0.02003103108659036,0.01,49,22,38
webis-touche2020,rr,30,0.01,uniform_nz,61,1177,374,1,0,0.0,0.030003875048538336,0.020340740127324522,0.02003103108659036,0.01,49,22,38
webis-touche2020,rr,30,0.01,weighted,61,1141,374,1,0,0.0,0.020340740127324522,0.020340740127324522,0.02003103108659036,0.01,49,22,38
webis-touche2020,rr,30,0.01,active_judge,61,1147,374,1,0,0.0,0.037765930709387684,0.020340740127324522,0.02003103108659036,0.01,49,22,38
webis-touche2020,rr,30,0.01,strat_pilot,61,1153,374,1,0,0.0,0.02049852273112631,0.020340740127324522,0.02003103108659036,0.01,49,22,38
webis-touche2020,rr,30,0.01,weighted_cv,61,1135,374,1,0,0.0,0.016327614648512873,0.020340740127324522,0.02003103108659036,0.01,49,22,38
webis-touche2020,rr,30,0.01,active_cv,61,1123,374,1,0,0.0,0.03927248328428203,0.020340740127324522,0.02003103108659036,0.01,49,22,38
webis-touche2020,rr,30,0.01,weighted_cvl,61,1141,374,1,0,0.0,0.015452142260442564,0.020340740127324522,0.02003103108659036,0.01,49,22,38
webis-touche2020,rr,30,0.01,uniform,62,1283,383,1,0,0.0,0.10480432231768386,0.06802452258707262,0.09824036610851795,0.01,49,24,38
webis-touche2020,rr,30,0.01,uniform_nz,62,1284,383,1,0,0.0,0.08052005515046493,0.06802452258707262,0.09824036610851795,0.01,49,24,38
webis-touche2020,rr,30,0.01,weighted,62,1262,383,1,0,0.0,0.06802452258707262,0.06802452258707262,0.09824036610851795,0.01,49,24,38
webis-touche2020,rr,30,0.01,active_judge,62,1262,383,1,0,0.0,0.139069855871174,0.06802452258707262,0.09824036610851795,0.01,49,24,38
webis-touche2020,rr,30,0.01,strat_pilot,62,1279,383,1,0,0.0,0.06848282909040525,0.06802452258707262,0.09824036610851795,0.01,49,24,38
webis-touche2020,rr,30,0.01,weighted_cv,62,1269,383,1,0,0.0,0.06345701309294129,0.06802452258707262,0.09824036610851795,0.01,49,24,38
webis-touche2020,rr,30,0.01,active_cv,62,1273,383,1,0,0.0,0.15299537278987227,0.06802452258707262,0.09824036610851795,0.01,49,24,38
webis-touche2020,rr,30,0.01,weighted_cvl,62,1292,383,1,0,0.0,0.05558699378848968,0.06802452258707262,0.09824036610851795,0.01,49,24,38
webis-touche2020,rr,30,0.01,uniform,63,1280,378,1,0,0.0,0.09526469953411829,0.0747474023352023,0.10828245249252082,0.01,49,24,38
webis-touche2020,rr,30,0.01,uniform_nz,63,1287,378,1,0,0.0,0.08380263995629277,0.0747474023352023,0.10828245249252082,0.01,49,24,38
webis-touche2020,rr,30,0.01,weighted,63,1281,378,1,0,0.0,0.0747474023352023,0.0747474023352023,0.10828245249252082,0.01,49,24,38
webis-touche2020,rr,30,0.01,active_judge,63,1260,378,1,0,0.0,0.14237672991809136,0.0747474023352023,0.10828245249252082,0.01,49,24,38
webis-touche2020,rr,30,0.01,strat_pilot,63,1276,378,1,0,0.0,0.07613839001480442,0.0747474023352023,0.10828245249252082,0.01,49,24,38
webis-touche2020,rr,30,0.01,weighted_cv,63,1265,378,1,0,0.0,0.07210461305785856,0.0747474023352023,0.10828245249252082,0.01,49,24,38
webis-touche2020,rr,30,0.01,active_cv,63,1263,378,1,0,0.0,0.13334655494028336,0.0747474023352023,0.10828245249252082,0.01,49,24,38
webis-touche2020,rr,30,0.01,weighted_cvl,63,1272,378,1,0,0.0,0.06747185373285876,0.0747474023352023,0.10828245249252082,0.01,49,24,38
webis-touche2020,rr,30,0.01,uniform,64,1220,381,1,0,0.0,0.21753062527902362,0.05431148501625891,0.035601093588911586,0.01,49,22,38
webis-touche2020,rr,30,0.01,uniform_nz,64,1184,381,1,0,0.0,0.09379612593955637,0.05431148501625891,0.035601093588911586,0.01,49,22,38
webis-touche2020,rr,30,0.01,weighted,64,1180,381,1,0,0.0,0.05431148501625891,0.05431148501625891,0.035601093588911586,0.01,49,22,38
webis-touche2020,rr,30,0.01,active_judge,64,1150,381,1,0,0.0,0.16135693765155407,0.05431148501625891,0.035601093588911586,0.01,49,22,38
webis-touche2020,rr,30,0.01,strat_pilot,64,1174,381,1,0,0.0,0.055239041118237256,0.05431148501625891,0.035601093588911586,0.01,49,22,38
webis-touche2020,rr,30,0.01,weighted_cv,64,1177,381,1,0,0.0,0.038151999437171645,0.05431148501625891,0.035601093588911586,0.01,49,22,38
webis-touche2020,rr,30,0.01,active_cv,64,1143,381,1,0,0.0,0.07234273132620396,0.05431148501625891,0.035601093588911586,0.01,49,22,38
webis-touche2020,rr,30,0.01,weighted_cvl,64,1166,381,1,0,0.0,0.036654782855030446,0.05431148501625891,0.035601093588911586,0.01,49,22,38
webis-touche2020,rr,30,0.01,uniform,65,1208,376,1,0,0.0,0.06757063984124946,0.04384758039810231,0.0419296676810474,0.01,49,22,38
webis-touche2020,rr,30,0.01,uniform_nz,65,1150,376,1,0,0.0,0.0550080254683815,0.04384758039810231,0.0419296676810474,0.01,49,22,38
webis-touche2020,rr,30,0.01,weighted,65,1155,376,1,0,0.0,0.04384758039810231,0.04384758039810231,0.0419296676810474,0.01,49,22,38
webis-touche2020,rr,30,0.01,active_judge,65,1151,376,1,0,0.0,0.07429750857377235,0.04384758039810231,0.0419296676810474,0.01,49,22,38
webis-touche2020,rr,30,0.01,strat_pilot,65,1158,376,1,0,0.0,0.04385571718489144,0.04384758039810231,0.0419296676810474,0.01,49,22,38
webis-touche2020,rr,30,0.01,weighted_cv,65,1159,376,1,0,0.0,0.0406370774723326,0.04384758039810231,0.0419296676810474,0.01,49,22,38
webis-touche2020,rr,30,0.01,active_cv,65,1149,376,1,0,0.0,0.10617969013721822,0.04384758039810231,0.0419296676810474,0.01,49,22,38
webis-touche2020,rr,30,0.01,weighted_cvl,65,1162,376,1,0,0.0,0.03670805905326649,0.04384758039810231,0.0419296676810474,0.01,49,22,38
webis-touche2020,rr,30,0.01,uniform,66,1201,385,1,0,0.0,0.08690993466643414,0.03650011337832187,0.03674907565774438,0.01,49,22,38
webis-touche2020,rr,30,0.01,uniform_nz,66,1195,385,1,0,0.0,0.04644445385374382,0.03650011337832187,0.03674907565774438,0.01,49,22,38
webis-touche2020,rr,30,0.01,weighted,66,1176,385,1,0,0.0,0.03650011337832187,0.03650011337832187,0.03674907565774438,0.01,49,22,38
webis-touche2020,rr,30,0.01,active_judge,66,1170,385,1,0,0.0,0.09319609586379433,0.03650011337832187,0.03674907565774438,0.01,49,22,38
webis-touche2020,rr,30,0.01,strat_pilot,66,1176,385,1,0,0.0,0.036121663115667633,0.03650011337832187,0.03674907565774438,0.01,49,22,38
webis-touche2020,rr,30,0.01,weighted_cv,66,1219,385,1,0,0.0,0.03199418138345568,0.03650011337832187,0.03674907565774438,0.01,49,22,38
webis-touche2020,rr,30,0.01,active_cv,66,1173,385,1,0,0.0,0.08791774860151354,0.03650011337832187,0.03674907565774438,0.01,49,22,38
webis-touche2020,rr,30,0.01,weighted_cvl,66,1208,385,1,0,0.0,0.032448574028710556,0.03650011337832187,0.03674907565774438,0.01,49,22,38
webis-touche2020,rr,30,0.01,uniform,67,1209,377,1,0,0.0,0.10118496608428758,0.06782042494024798,0.06063991899053817,0.01,49,22,38
webis-touche2020,rr,30,0.01,uniform_nz,67,1167,377,1,0,0.0,0.07719504182339088,0.06782042494024798,0.06063991899053817,0.01,49,22,38
webis-touche2020,rr,30,0.01,weighted,67,1190,377,1,0,0.0,0.06782042494024798,0.06782042494024798,0.06063991899053817,0.01,49,22,38
webis-touche2020,rr,30,0.01,active_judge,67,1158,377,1,0,0.0,0.15412542981699312,0.06782042494024798,0.06063991899053817,0.01,49,22,38
webis-touche2020,rr,30,0.01,strat_pilot,67,1164,377,1,0,0.0,0.06843066308537785,0.06782042494024798,0.06063991899053817,0.01,49,22,38
webis-touche2020,rr,30,0.01,weighted_cv,67,1149,377,1,0,0.0,0.06474695750173586,0.06782042494024798,0.06063991899053817,0.01,49,22,38
webis-touche2020,rr,30,0.01,active_cv,67,1150,377,1,0,0.0,0.16818321881042392,0.06782042494024798,0.06063991899053817,0.01,49,22,38
webis-touche2020,rr,30,0.01,weighted_cvl,67,1161,377,1,0,0.0,0.05448105212419092,0.06782042494024798,0.06063991899053817,0.01,49,22,38
webis-touche2020,rr,30,0.01,uniform,68,1240,384,1,0,0.0,0.23351096255708376,0.05801582013511565,0.04028671053748453,0.01,49,22,38
webis-touche2020,rr,30,0.01,uniform_nz,68,1180,384,1,0,0.0,0.0984846155093946,0.05801582013511565,0.04028671053748453,0.01,49,22,38
webis-touche2020,rr,30,0.01,weighted,68,1183,384,1,0,0.0,0.05801582013511565,0.05801582013511565,0.04028671053748453,0.01,49,22,38
webis-touche2020,rr,30,0.01,active_judge,68,1163,384,1,0,0.0,0.185663496792892,0.05801582013511565,0.04028671053748453,0.01,49,22,38
webis-touche2020,rr,30,0.01,strat_pilot,68,1159,384,1,0,0.0,0.05866830117876467,0.05801582013511565,0.04028671053748453,0.01,49,22,38
webis-touche2020,rr,30,0.01,weighted_cv,68,1171,384,1,0,0.0,0.03774633449493715,0.05801582013511565,0.04028671053748453,0.01,49,22,38
webis-touche2020,rr,30,0.01,active_cv,68,1184,384,1,0,0.0,0.06197684887548886,0.05801582013511565,0.04028671053748453,0.01,49,22,38
webis-touche2020,rr,30,0.01,weighted_cvl,68,1155,384,1,0,0.0,0.03721106910939828,0.05801582013511565,0.04028671053748453,0.01,49,22,38
webis-touche2020,rr,30,0.01,uniform,69,1201,387,1,0,0.0,0.09368435118132537,0.040519119268845924,0.02886564630759677,0.01,49,22,38
webis-touche2020,rr,30,0.01,uniform_nz,69,1181,387,1,0,0.0,0.06955869811955027,0.040519119268845924,0.02886564630759677,0.01,49,22,38
webis-touche2020,rr,30,0.01,weighted,69,1194,387,1,0,0.0,0.040519119268845924,0.040519119268845924,0.02886564630759677,0.01,49,22,38
webis-touche2020,rr,30,0.01,active_judge,69,1162,387,1,0,0.0,0.1143034165059669,0.040519119268845924,0.02886564630759677,0.01,49,22,38
webis-touche2020,rr,30,0.01,strat_pilot,69,1165,387,1,0,0.0,0.04071991421991244,0.040519119268845924,0.02886564630759677,0.01,49,22,38
webis-touche2020,rr,30,0.01,weighted_cv,69,1198,387,1,0,0.0,0.035747038306337,0.040519119268845924,0.02886564630759677,0.01,49,22,38
webis-touche2020,rr,30,0.01,active_cv,69,1167,387,1,0,0.0,0.09932090754795356,0.040519119268845924,0.02886564630759677,0.01,49,22,38
webis-touche2020,rr,30,0.01,weighted_cvl,69,1187,387,1,0,0.0,0.029830670334920144,0.040519119268845924,0.02886564630759677,0.01,49,22,38
webis-touche2020,rr,30,0.01,uniform,70,1260,380,1,0,0.0,0.1405512073681075,0.08140520413103988,0.03501735109476363,0.01,49,24,38
webis-touche2020,rr,30,0.01,uniform_nz,70,1288,380,1,0,0.0,0.09452569945951565,0.08140520413103988,0.03501735109476363,0.01,49,24,38
webis-touche2020,rr,30,0.01,weighted,70,1270,380,1,0,0.0,0.08140520413103988,0.08140520413103988,0.03501735109476363,0.01,49,24,38
webis-touche2020,rr,30,0.01,active_judge,70,1271,380,1,0,0.0,0.17586170062812317,0.08140520413103988,0.03501735109476363,0.01,49,24,38
webis-touche2020,rr,30,0.01,strat_pilot,70,1266,380,1,0,0.0,0.08268590324102572,0.08140520413103988,0.03501735109476363,0.01,49,24,38
webis-touche2020,rr,30,0.01,weighted_cv,70,1294,380,1,0,0.0,0.06046519678149158,0.08140520413103988,0.03501735109476363,0.01,49,24,38
webis-touche2020,rr,30,0.01,active_cv,70,1274,380,1,0,0.0,0.08933224066350204,0.08140520413103988,0.03501735109476363,0.01,49,24,38
webis-touche2020,rr,30,0.01,weighted_cvl,70,1271,380,1,0,0.0,0.056715751907778514,0.08140520413103988,0.03501735109476363,0.01,49,24,38
webis-touche2020,rr,30,0.01,uniform,71,1187,381,1,0,0.0,0.2597092854953327,0.07564198117532543,0.07704991692473184,0.01,49,22,38
webis-touche2020,rr,30,0.01,uniform_nz,71,1173,381,1,0,0.0,0.1373612928980283,0.07564198117532543,0.07704991692473184,0.01,49,22,38
webis-touche2020,rr,30,0.01,weighted,71,1188,381,1,0,0.0,0.07564198117532543,0.07564198117532543,0.07704991692473184,0.01,49,22,38
webis-touche2020,rr,30,0.01,active_judge,71,1144,381,1,0,0.0,0.2439052897759145,0.07564198117532543,0.07704991692473184,0.01,49,22,38
webis-touche2020,rr,30,0.01,strat_pilot,71,1175,381,1,0,0.0,0.07863143468962092,0.07564198117532543,0.07704991692473184,0.01,49,22,38
webis-touche2020,rr,30,0.01,weighted_cv,71,1182,381,1,0,0.0,0.05687172091627296,0.07564198117532543,0.07704991692473184,0.01,49,22,38
webis-touche2020,rr,30,0.01,active_cv,71,1152,381,1,0,0.0,0.12917428872249304,0.07564198117532543,0.07704991692473184,0.01,49,22,38
webis-touche2020,rr,30,0.01,weighted_cvl,71,1190,381,1,0,0.0,0.05432265492415481,0.07564198117532543,0.07704991692473184,0.01,49,22,38
webis-touche2020,rr,30,0.01,uniform,72,1161,376,0,0,0.0,0.06983551625299923,0.03469397480285293,0.014143413775766712,0.01,49,21,37
webis-touche2020,rr,30,0.01,uniform_nz,72,1073,376,0,0,0.0,0.06206488881006106,0.03469397480285293,0.014143413775766712,0.01,49,21,37
webis-touche2020,rr,30,0.01,weighted,72,1065,376,1,0,0.0,0.03469397480285293,0.03469397480285293,0.014143413775766712,0.01,49,21,37
webis-touche2020,rr,30,0.01,active_judge,72,1053,376,1,0,0.0,0.08746757106035608,0.03469397480285293,0.014143413775766712,0.01,49,21,37
webis-touche2020,rr,30,0.01,strat_pilot,72,1085,376,1,0,0.0,0.03255262906915371,0.03469397480285293,0.014143413775766712,0.01,49,21,37
webis-touche2020,rr,30,0.01,weighted_cv,72,1079,376,1,0,0.0,0.030904504416604965,0.03469397480285293,0.014143413775766712,0.01,49,21,37
webis-touche2020,rr,30,0.01,active_cv,72,1053,376,1,0,0.0,0.07670775304256984,0.03469397480285293,0.014143413775766712,0.01,49,21,37
webis-touche2020,rr,30,0.01,weighted_cvl,72,1075,376,1,0,0.0,0.02905224671579664,0.03469397480285293,0.014143413775766712,0.01,49,21,37
webis-touche2020,rr,30,0.01,uniform,73,1228,389,1,0,0.0,0.052540978908362755,0.034767898201324705,0.02346355367236372,0.01,49,22,38
webis-touche2020,rr,30,0.01,uniform_nz,73,1179,389,1,0,0.0,0.041445275113236604,0.034767898201324705,0.02346355367236372,0.01,49,22,38
webis-touche2020,rr,30,0.01,weighted,73,1161,389,1,0,0.0,0.034767898201324705,0.034767898201324705,0.02346355367236372,0.01,49,22,38
webis-touche2020,rr,30,0.01,active_judge,73,1141,389,1,0,0.0,0.06716660202105348,0.034767898201324705,0.02346355367236372,0.01,49,22,38
webis-touche2020,rr,30,0.01,strat_pilot,73,1143,389,1,0,0.0,0.03504733584701738,0.034767898201324705,0.02346355367236372,0.01,49,22,38
webis-touche2020,rr,30,0.01,weighted_cv,73,1163,389,1,0,0.0,0.03375042623097608,0.034767898201324705,0.02346355367236372,0.01,49,22,38
webis-touche2020,rr,30,0.01,active_cv,73,1159,389,1,0,0.0,0.0633467224571583,0.034767898201324705,0.02346355367236372,0.01,49,22,38
webis-touche2020,rr,30,0.01,weighted_cvl,73,1165,389,1,0,0.0,0.030316291956394383,0.034767898201324705,0.02346355367236372,0.01,49,22,38
webis-touche2020,rr,30,0.01,uniform,74,1297,373,1,0,0.0,0.25754521210471937,0.08473371340263451,0.023451220404309622,0.01,49,24,38
webis-touche2020,rr,30,0.01,uniform_nz,74,1263,373,1,0,0.0,0.1561647811189389,0.08473371340263451,0.023451220404309622,0.01,49,24,38
webis-touche2020,rr,30,0.01,weighted,74,1291,373,1,0,0.0,0.08473371340263451,0.08473371340263451,0.023451220404309622,0.01,49,24,38
webis-touche2020,rr,30,0.01,active_judge,74,1261,373,1,0,0.0,0.2677535030463837,0.08473371340263451,0.023451220404309622,0.01,49,24,38
webis-touche2020,rr,30,0.01,strat_pilot,74,1280,373,1,0,0.0,0.08565893191479688,0.08473371340263451,0.023451220404309622,0.01,49,24,38
webis-touche2020,rr,30,0.01,weighted_cv,74,1261,373,1,0,0.0,0.060525614738482315,0.08473371340263451,0.023451220404309622,0.01,49,24,38
webis-touche2020,rr,30,0.01,active_cv,74,1245,373,1,0,0.0,0.07281808217201007,0.08473371340263451,0.023451220404309622,0.01,49,24,38
webis-touche2020,rr,30,0.01,weighted_cvl,74,1276,373,1,0,0.0,0.07214915091203099,0.08473371340263451,0.023451220404309622,0.01,49,24,38
webis-touche2020,rr,30,0.01,uniform,75,1223,373,1,0,0.0,0.08358993061115724,0.0650486842075447,0.056562050376897564,0.01,49,22,38
webis-touche2020,rr,30,0.01,uniform_nz,75,1160,373,1,0,0.0,0.07500057522574635,0.0650486842075447,0.056562050376897564,0.01,49,22,38
webis-touche2020,rr,30,0.01,weighted,75,1157,373,1,0,0.0,0.0650486842075447,0.0650486842075447,0.056562050376897564,0.01,49,22,38
webis-touche2020,rr,30,0.01,active_judge,75,1141,373,1,0,0.0,0.1406822791984123,0.0650486842075447,0.056562050376897564,0.01,49,22,38
webis-touche2020,rr,30,0.01,strat_pilot,75,1137,373,1,0,0.0,0.06598082671349667,0.0650486842075447,0.056562050376897564,0.01,49,22,38
webis-touche2020,rr,30,0.01,weighted_cv,75,1158,373,1,0,0.0,0.06231475352042023,0.0650486842075447,0.056562050376897564,0.01,49,22,38
webis-touche2020,rr,30,0.01,active_cv,75,1146,373,1,0,0.0,0.14265984573557047,0.0650486842075447,0.056562050376897564,0.01,49,22,38
webis-touche2020,rr,30,0.01,weighted_cvl,75,1147,373,1,0,0.0,0.05453190504465165,0.0650486842075447,0.056562050376897564,0.01,49,22,38
webis-touche2020,rr,30,0.01,uniform,76,1290,373,1,0,0.0,0.08542581525554842,0.06559722427925896,0.11046368495924289,0.01,49,24,38
webis-touche2020,rr,30,0.01,uniform_nz,76,1267,373,1,0,0.0,0.06692859128405189,0.06559722427925896,0.11046368495924289,0.01,49,24,38
webis-touche2020,rr,30,0.01,weighted,76,1278,373,1,0,0.0,0.06559722427925896,0.06559722427925896,0.11046368495924289,0.01,49,24,38
webis-touche2020,rr,30,0.01,active_judge,76,1245,373,1,0,0.0,0.17036624802718675,0.06559722427925896,0.11046368495924289,0.01,49,24,38
webis-touche2020,rr,30,0.01,strat_pilot,76,1300,373,1,0,0.0,0.0664135654521269,0.06559722427925896,0.11046368495924289,0.01,49,24,38
webis-touche2020,rr,30,0.01,weighted_cv,76,1291,373,1,0,0.0,0.06002598874238613,0.06559722427925896,0.11046368495924289,0.01,49,24,38
webis-touche2020,rr,30,0.01,active_cv,76,1256,373,1,0,0.0,0.1198391835536445,0.06559722427925896,0.11046368495924289,0.01,49,24,38
webis-touche2020,rr,30,0.01,weighted_cvl,76,1282,373,1,0,0.0,0.056829048724156686,0.06559722427925896,0.11046368495924289,0.01,49,24,38
webis-touche2020,rr,30,0.01,uniform,77,1269,366,1,0,0.0,0.06766370285336319,0.04861399837487315,0.04077849259705464,0.01,49,24,38
webis-touche2020,rr,30,0.01,uniform_nz,77,1271,366,1,0,0.0,0.056740766516028864,0.04861399837487315,0.04077849259705464,0.01,49,24,38
webis-touche2020,rr,30,0.01,weighted,77,1267,366,1,0,0.0,0.04861399837487315,0.04861399837487315,0.04077849259705464,0.01,49,24,38
webis-touche2020,rr,30,0.01,active_judge,77,1240,366,1,0,0.0,0.09205775182318668,0.04861399837487315,0.04077849259705464,0.01,49,24,38
webis-touche2020,rr,30,0.01,strat_pilot,77,1258,366,1,0,0.0,0.0487231575637983,0.04861399837487315,0.04077849259705464,0.01,49,24,38
webis-touche2020,rr,30,0.01,weighted_cv,77,1273,366,1,0,0.0,0.04129007809882017,0.04861399837487315,0.04077849259705464,0.01,49,24,38
webis-touche2020,rr,30,0.01,active_cv,77,1260,366,1,0,0.0,0.06699355059150795,0.04861399837487315,0.04077849259705464,0.01,49,24,38
webis-touche2020,rr,30,0.01,weighted_cvl,77,1271,366,1,0,0.0,0.04143362987323507,0.04861399837487315,0.04077849259705464,0.01,49,24,38
webis-touche2020,rr,30,0.01,uniform,78,1200,368,1,0,0.0,0.07044567754105743,0.0367077308185738,0.019331733797678073,0.01,49,21,38
webis-touche2020,rr,30,0.01,uniform_nz,78,1115,368,1,0,0.0,0.058284742572863334,0.0367077308185738,0.019331733797678073,0.01,49,21,38
webis-touche2020,rr,30,0.01,weighted,78,1101,368,1,0,0.0,0.0367077308185738,0.0367077308185738,0.019331733797678073,0.01,49,21,38
webis-touche2020,rr,30,0.01,active_judge,78,1080,368,1,0,0.0,0.106570243224266,0.0367077308185738,0.019331733797678073,0.01,49,21,38
webis-touche2020,rr,30,0.01,strat_pilot,78,1088,368,1,0,0.0,0.037595329728600864,0.0367077308185738,0.019331733797678073,0.01,49,21,38
webis-touche2020,rr,30,0.01,weighted_cv,78,1096,368,1,0,0.0,0.032959891233292835,0.0367077308185738,0.019331733797678073,0.01,49,21,38
webis-touche2020,rr,30,0.01,active_cv,78,1076,368,1,0,0.0,0.07896688326049225,0.0367077308185738,0.019331733797678073,0.01,49,21,38
webis-touche2020,rr,30,0.01,weighted_cvl,78,1088,368,1,0,0.0,0.03162728921117606,0.0367077308185738,0.019331733797678073,0.01,49,21,38
webis-touche2020,rr,30,0.01,uniform,79,1207,377,1,0,0.0,0.23113250213537023,0.056021842811320756,0.05827907527056134,0.01,49,22,38
webis-touche2020,rr,30,0.01,uniform_nz,79,1196,377,1,0,0.0,0.09243683442695079,0.056021842811320756,0.05827907527056134,0.01,49,22,38
webis-touche2020,rr,30,0.01,weighted,79,1185,377,1,0,0.0,0.056021842811320756,0.056021842811320756,0.05827907527056134,0.01,49,22,38
webis-touche2020,rr,30,0.01,active_judge,79,1156,377,1,0,0.0,0.1979269655571587,0.056021842811320756,0.05827907527056134,0.01,49,22,38
webis-touche2020,rr,30,0.01,strat_pilot,79,1192,377,1,0,0.0,0.05771558531121501,0.056021842811320756,0.05827907527056134,0.01,49,22,38
webis-touche2020,rr,30,0.01,weighted_cv,79,1181,377,1,0,0.0,0.0358539985811855,0.056021842811320756,0.05827907527056134,0.01,49,22,38
webis-touche2020,rr,30,0.01,active_cv,79,1142,377,1,0,0.0,0.05031257745776987,0.056021842811320756,0.05827907527056134,0.01,49,22,38
webis-touche2020,rr,30,0.01,weighted_cvl,79,1161,377,1,0,0.0,0.034523894350655226,0.056021842811320756,0.05827907527056134,0.01,49,22,38
webis-touche2020,rr,30,0.01,uniform,80,1137,371,0,0,0.0012384915583562028,0.2203553007404771,0.043877603509259434,0.010286864837948433,0.008761508441643797,49,21,37
webis-touche2020,rr,30,0.01,uniform_nz,80,1094,371,1,0,0.0012384915583562028,0.07453537823721762,0.043877603509259434,0.010286864837948433,0.008761508441643797,49,21,37
webis-touche2020,rr,30,0.01,weighted,80,1107,371,1,0,0.0012384915583562028,0.043877603509259434,0.043877603509259434,0.010286864837948433,0.008761508441643797,49,21,37
webis-touche2020,rr,30,0.01,active_judge,80,1076,371,0,0,0.0012384915583562028,0.13054419203530615,0.043877603509259434,0.010286864837948433,0.008761508441643797,49,21,37
webis-touche2020,rr,30,0.01,strat_pilot,80,1109,371,1,0,0.0012384915583562028,0.04331893337442631,0.043877603509259434,0.010286864837948433,0.008761508441643797,49,21,37
webis-touche2020,rr,30,0.01,weighted_cv,80,1088,371,1,0,0.0012384915583562028,0.03242256450289797,0.043877603509259434,0.010286864837948433,0.008761508441643797,49,21,37
webis-touche2020,rr,30,0.01,active_cv,80,1085,371,1,0,0.0012384915583562028,0.07524781268487256,0.043877603509259434,0.010286864837948433,0.008761508441643797,49,21,37
webis-touche2020,rr,30,0.01,weighted_cvl,80,1080,371,1,0,0.0012384915583562028,0.03292616212491314,0.043877603509259434,0.010286864837948433,0.008761508441643797,49,21,37
webis-touche2020,rr,30,0.01,uniform,81,1229,384,1,0,0.0,0.09759757082216389,0.06418390337426627,0.07422983606807133,0.01,49,22,38
webis-touche2020,rr,30,0.01,uniform_nz,81,1182,384,1,0,0.0,0.07569131558438799,0.06418390337426627,0.07422983606807133,0.01,49,22,38
webis-touche2020,rr,30,0.01,weighted,81,1182,384,1,0,0.0,0.06418390337426627,0.06418390337426627,0.07422983606807133,0.01,49,22,38
webis-touche2020,rr,30,0.01,active_judge,81,1156,384,1,0,0.0,0.13922025300104426,0.06418390337426627,0.07422983606807133,0.01,49,22,38
webis-touche2020,rr,30,0.01,strat_pilot,81,1156,384,1,0,0.0,0.06436047875409794,0.06418390337426627,0.07422983606807133,0.01,49,22,38
webis-touche2020,rr,30,0.01,weighted_cv,81,1193,384,1,0,0.0,0.06140923173241107,0.06418390337426627,0.07422983606807133,0.01,49,22,38
webis-touche2020,rr,30,0.01,active_cv,81,1155,384,1,0,0.0,0.153790285425644,0.06418390337426627,0.07422983606807133,0.01,49,22,38
webis-touche2020,rr,30,0.01,weighted_cvl,81,1192,384,1,0,0.0,0.06035538306394335,0.06418390337426627,0.07422983606807133,0.01,49,22,38
webis-touche2020,rr,30,0.01,uniform,82,1211,386,1,0,0.0,0.07554963604393572,0.042238561249504994,0.06135386502939334,0.01,49,22,38
webis-touche2020,rr,30,0.01,uniform_nz,82,1179,386,1,0,0.0,0.06711826726227174,0.042238561249504994,0.06135386502939334,0.01,49,22,38
webis-touche2020,rr,30,0.01,weighted,82,1155,386,1,0,0.0,0.042238561249504994,0.042238561249504994,0.06135386502939334,0.01,49,22,38
webis-touche2020,rr,30,0.01,active_judge,82,1126,386,1,0,0.0,0.11063019439625113,0.042238561249504994,0.06135386502939334,0.01,49,22,38
webis-touche2020,rr,30,0.01,strat_pilot,82,1139,386,1,0,0.0,0.04259908521786922,0.042238561249504994,0.06135386502939334,0.01,49,22,38
webis-touche2020,rr,30,0.01,weighted_cv,82,1155,386,1,0,0.0,0.03582067517571364,0.042238561249504994,0.06135386502939334,0.01,49,22,38
webis-touche2020,rr,30,0.01,active_cv,82,1159,386,1,0,0.0,0.06625629047080561,0.042238561249504994,0.06135386502939334,0.01,49,22,38
webis-touche2020,rr,30,0.01,weighted_cvl,82,1179,386,1,0,0.0,0.03328590021848771,0.042238561249504994,0.06135386502939334,0.01,49,22,38
webis-touche2020,rr,30,0.01,uniform,83,1151,381,1,0,0.0,0.0777433530889759,0.03948055410869276,0.013004054768760657,0.01,49,21,37
webis-touche2020,rr,30,0.01,uniform_nz,83,1096,381,1,0,0.0,0.057916486536194065,0.03948055410869276,0.013004054768760657,0.01,49,21,37
webis-touche2020,rr,30,0.01,weighted,83,1078,381,1,0,0.0,0.03948055410869276,0.03948055410869276,0.013004054768760657,0.01,49,21,37
webis-touche2020,rr,30,0.01,active_judge,83,1049,381,1,0,0.0,0.0803764340765054,0.03948055410869276,0.013004054768760657,0.01,49,21,37
webis-touche2020,rr,30,0.01,strat_pilot,83,1063,381,1,0,0.0,0.039392003318351534,0.03948055410869276,0.013004054768760657,0.01,49,21,37
webis-touche2020,rr,30,0.01,weighted_cv,83,1079,381,1,0,0.0,0.03474340324284443,0.03948055410869276,0.013004054768760657,0.01,49,21,37
webis-touche2020,rr,30,0.01,active_cv,83,1075,381,1,0,0.0,0.10585442671872883,0.03948055410869276,0.013004054768760657,0.01,49,21,37
webis-touche2020,rr,30,0.01,weighted_cvl,83,1100,381,1,0,0.0,0.03646067010055334,0.03948055410869276,0.013004054768760657,0.01,49,21,37
webis-touche2020,rr,30,0.01,uniform,84,1252,368,1,0,0.0,0.11525519508691277,0.08730174823566224,0.06091230485727642,0.01,49,24,38
webis-touche2020,rr,30,0.01,uniform_nz,84,1243,368,1,0,0.0,0.09817808676521309,0.08730174823566224,0.06091230485727642,0.01,49,24,38
webis-touche2020,rr,30,0.01,weighted,84,1271,368,1,0,0.0,0.08730174823566224,0.08730174823566224,0.06091230485727642,0.01,49,24,38
webis-touche2020,rr,30,0.01,active_judge,84,1248,368,1,0,0.0,0.20509720464720793,0.08730174823566224,0.06091230485727642,0.01,49,24,38
webis-touche2020,rr,30,0.01,strat_pilot,84,1251,368,1,0,0.0,0.08782193959977543,0.08730174823566224,0.06091230485727642,0.01,49,24,38
webis-touche2020,rr,30,0.01,weighted_cv,84,1264,368,1,0,0.0,0.07256436636329543,0.08730174823566224,0.06091230485727642,0.01,49,24,38
webis-touche2020,rr,30,0.01,active_cv,84,1242,368,1,0,0.0,0.1269842325525624,0.08730174823566224,0.06091230485727642,0.01,49,24,38
webis-touche2020,rr,30,0.01,weighted_cvl,84,1301,368,1,0,0.0,0.06445709142595414,0.08730174823566224,0.06091230485727642,0.01,49,24,38
webis-touche2020,rr,30,0.01,uniform,85,1337,392,1,0,0.0,0.1306447354263361,0.08111042863973392,0.10204382864755694,0.01,49,24,38
webis-touche2020,rr,30,0.01,uniform_nz,85,1269,392,1,0,0.0,0.09495786074520021,0.08111042863973392,0.10204382864755694,0.01,49,24,38
webis-touche2020,rr,30,0.01,weighted,85,1262,392,1,0,0.0,0.08111042863973392,0.08111042863973392,0.10204382864755694,0.01,49,24,38
webis-touche2020,rr,30,0.01,active_judge,85,1279,392,1,0,0.0,0.15601197184541268,0.08111042863973392,0.10204382864755694,0.01,49,24,38
webis-touche2020,rr,30,0.01,strat_pilot,85,1309,392,1,0,0.0,0.08171053588648657,0.08111042863973392,0.10204382864755694,0.01,49,24,38
webis-touche2020,rr,30,0.01,weighted_cv,85,1271,392,1,0,0.0,0.06848472522952012,0.08111042863973392,0.10204382864755694,0.01,49,24,38
webis-touche2020,rr,30,0.01,active_cv,85,1287,392,1,0,0.0,0.11767376332407545,0.08111042863973392,0.10204382864755694,0.01,49,24,38
webis-touche2020,rr,30,0.01,weighted_cvl,85,1309,392,1,0,0.0,0.06272473064196506,0.08111042863973392,0.10204382864755694,0.01,49,24,38
webis-touche2020,rr,30,0.01,uniform,86,1260,363,1,0,0.0,0.08399043577777457,0.06691197949768492,0.0793998357377269,0.01,49,24,38
webis-touche2020,rr,30,0.01,uniform_nz,86,1262,363,1,0,0.0,0.07580334565671122,0.06691197949768492,0.0793998357377269,0.01,49,24,38
webis-touche2020,rr,30,0.01,weighted,86,1263,363,1,0,0.0,0.06691197949768492,0.06691197949768492,0.0793998357377269,0.01,49,24,38
webis-touche2020,rr,30,0.01,active_judge,86,1245,363,1,0,0.0,0.14077639477904932,0.06691197949768492,0.0793998357377269,0.01,49,24,38
webis-touche2020,rr,30,0.01,strat_pilot,86,1268,363,1,0,0.0,0.06769543327078122,0.06691197949768492,0.0793998357377269,0.01,49,24,38
webis-touche2020,rr,30,0.01,weighted_cv,86,1235,363,1,0,0.0,0.06467785183215519,0.06691197949768492,0.0793998357377269,0.01,49,24,38
webis-touche2020,rr,30,0.01,active_cv,86,1255,363,1,0,0.0,0.16790628129715474,0.06691197949768492,0.0793998357377269,0.01,49,24,38
webis-touche2020,rr,30,0.01,weighted_cvl,86,1266,363,1,0,0.0,0.06111549842995982,0.06691197949768492,0.0793998357377269,0.01,49,24,38
webis-touche2020,rr,30,0.01,uniform,87,1155,380,1,0,0.0,0.06156847647228962,0.02800111190057352,0.01777777777777777,0.01,49,21,38
webis-touche2020,rr,30,0.01,uniform_nz,87,1129,380,1,0,0.0,0.03488719926330642,0.02800111190057352,0.01777777777777777,0.01,49,21,38
webis-touche2020,rr,30,0.01,weighted,87,1116,380,1,0,0.0,0.02800111190057352,0.02800111190057352,0.01777777777777777,0.01,49,21,38
webis-touche2020,rr,30,0.01,active_judge,87,1103,380,1,0,0.0,0.07599446796807498,0.02800111190057352,0.01777777777777777,0.01,49,21,38
webis-touche2020,rr,30,0.01,strat_pilot,87,1108,380,1,0,0.0,0.027708728844070173,0.02800111190057352,0.01777777777777777,0.01,49,21,38
webis-touche2020,rr,30,0.01,weighted_cv,87,1107,380,1,0,0.0,0.02530081806672003,0.02800111190057352,0.01777777777777777,0.01,49,21,38
webis-touche2020,rr,30,0.01,active_cv,87,1099,380,1,0,0.0,0.05113003650497218,0.02800111190057352,0.01777777777777777,0.01,49,21,38
webis-touche2020,rr,30,0.01,weighted_cvl,87,1095,380,1,0,0.0,0.02406180138819894,0.02800111190057352,0.01777777777777777,0.01,49,21,38
webis-touche2020,rr,30,0.01,uniform,88,1221,393,1,0,0.0,0.054634754281349375,0.024673413489853024,0.0426144641653795,0.01,49,22,38
webis-touche2020,rr,30,0.01,uniform_nz,88,1197,393,1,0,0.0,0.033504121065395874,0.024673413489853024,0.0426144641653795,0.01,49,22,38
webis-touche2020,rr,30,0.01,weighted,88,1180,393,1,0,0.0,0.024673413489853024,0.024673413489853024,0.0426144641653795,0.01,49,22,38
webis-touche2020,rr,30,0.01,active_judge,88,1170,393,1,0,0.0,0.06265451303620416,0.024673413489853024,0.0426144641653795,0.01,49,22,38
webis-touche2020,rr,30,0.01,strat_pilot,88,1195,393,1,0,0.0,0.02479426763881577,0.024673413489853024,0.0426144641653795,0.01,49,22,38
webis-touche2020,rr,30,0.01,weighted_cv,88,1187,393,1,0,0.0,0.021266301178949336,0.024673413489853024,0.0426144641653795,0.01,49,22,38
webis-touche2020,rr,30,0.01,active_cv,88,1158,393,1,0,0.0,0.045962251383643606,0.024673413489853024,0.0426144641653795,0.01,49,22,38
webis-touche2020,rr,30,0.01,weighted_cvl,88,1189,393,1,0,0.0,0.021139407230556618,0.024673413489853024,0.0426144641653795,0.01,49,22,38
webis-touche2020,rr,30,0.01,uniform,89,1209,374,1,0,0.0,0.06190320114710178,0.03848909128333005,0.05170475705924621,0.01,49,22,38
webis-touche2020,rr,30,0.01,uniform_nz,89,1161,374,1,0,0.0,0.044744072019583844,0.03848909128333005,0.05170475705924621,0.01,49,22,38
webis-touche2020,rr,30,0.01,weighted,89,1158,374,1,0,0.0,0.03848909128333005,0.03848909128333005,0.05170475705924621,0.01,49,22,38
webis-touche2020,rr,30,0.01,active_judge,89,1135,374,1,0,0.0,0.08864965982508548,0.03848909128333005,0.05170475705924621,0.01,49,22,38
webis-touche2020,rr,30,0.01,strat_pilot,89,1152,374,1,0,0.0,0.03911871372845815,0.03848909128333005,0.05170475705924621,0.01,49,22,38
webis-touche2020,rr,30,0.01,weighted_cv,89,1148,374,1,0,0.0,0.03136315283616938,0.03848909128333005,0.05170475705924621,0.01,49,22,38
webis-touche2020,rr,30,0.01,active_cv,89,1143,374,1,0,0.0,0.07750895691848954,0.03848909128333005,0.05170475705924621,0.01,49,22,38
webis-touche2020,rr,30,0.01,weighted_cvl,89,1139,374,1,0,0.0,0.029393084652675917,0.03848909128333005,0.05170475705924621,0.01,49,22,38
webis-touche2020,rr,30,0.01,uniform,90,1248,385,1,0,0.0,0.08545727818868204,0.05157012659962186,0.029661005231438643,0.01,49,22,38
webis-touche2020,rr,30,0.01,uniform_nz,90,1159,385,1,0,0.0,0.06375325570566287,0.05157012659962186,0.029661005231438643,0.01,49,22,38
webis-touche2020,rr,30,0.01,weighted,90,1158,385,1,0,0.0,0.05157012659962186,0.05157012659962186,0.029661005231438643,0.01,49,22,38
webis-touche2020,rr,30,0.01,active_judge,90,1155,385,1,0,0.0,0.13629198201348547,0.05157012659962186,0.029661005231438643,0.01,49,22,38
webis-touche2020,rr,30,0.01,strat_pilot,90,1146,385,1,0,0.0,0.05250324071377029,0.05157012659962186,0.029661005231438643,0.01,49,22,38
webis-touche2020,rr,30,0.01,weighted_cv,90,1178,385,1,0,0.0,0.04497295100866084,0.05157012659962186,0.029661005231438643,0.01,49,22,38
webis-touche2020,rr,30,0.01,active_cv,90,1144,385,1,0,0.0,0.08803991967425404,0.05157012659962186,0.029661005231438643,0.01,49,22,38
webis-touche2020,rr,30,0.01,weighted_cvl,90,1170,385,1,0,0.0,0.04376186134571592,0.05157012659962186,0.029661005231438643,0.01,49,22,38
webis-touche2020,rr,30,0.01,uniform,91,1196,371,1,0,0.0,0.08994341186009389,0.05310718472569596,0.0616101309251464,0.01,49,22,38
webis-touche2020,rr,30,0.01,uniform_nz,91,1162,371,1,0,0.0,0.06929226937567887,0.05310718472569596,0.0616101309251464,0.01,49,22,38
webis-touche2020,rr,30,0.01,weighted,91,1136,371,1,0,0.0,0.05310718472569596,0.05310718472569596,0.0616101309251464,0.01,49,22,38
webis-touche2020,rr,30,0.01,active_judge,91,1135,371,1,0,0.0,0.12598869310577093,0.05310718472569596,0.0616101309251464,0.01,49,22,38
webis-touche2020,rr,30,0.01,strat_pilot,91,1122,371,1,0,0.0,0.052133263216723756,0.05310718472569596,0.0616101309251464,0.01,49,22,38
webis-touche2020,rr,30,0.01,weighted_cv,91,1138,371,1,0,0.0,0.04343006245313722,0.05310718472569596,0.0616101309251464,0.01,49,22,38
webis-touche2020,rr,30,0.01,active_cv,91,1140,371,1,0,0.0,0.07726628907048798,0.05310718472569596,0.0616101309251464,0.01,49,22,38
webis-touche2020,rr,30,0.01,weighted_cvl,91,1149,371,1,0,0.0,0.04378517533732035,0.05310718472569596,0.0616101309251464,0.01,49,22,38
webis-touche2020,rr,30,0.01,uniform,92,1239,374,1,0,0.0,0.09608228096558051,0.05696561782140249,0.06741771466694065,0.01,49,22,38
webis-touche2020,rr,30,0.01,uniform_nz,92,1158,374,1,0,0.0,0.08340452104408094,0.05696561782140249,0.06741771466694065,0.01,49,22,38
webis-touche2020,rr,30,0.01,weighted,92,1147,374,1,0,0.0,0.05696561782140249,0.05696561782140249,0.06741771466694065,0.01,49,22,38
webis-touche2020,rr,30,0.01,active_judge,92,1138,374,1,0,0.0,0.16274788912466975,0.05696561782140249,0.06741771466694065,0.01,49,22,38
webis-touche2020,rr,30,0.01,strat_pilot,92,1160,374,1,0,0.0,0.05941768544220022,0.05696561782140249,0.06741771466694065,0.01,49,22,38
webis-touche2020,rr,30,0.01,weighted_cv,92,1151,374,1,0,0.0,0.04525876269207525,0.05696561782140249,0.06741771466694065,0.01,49,22,38
webis-touche2020,rr,30,0.01,active_cv,92,1142,374,1,0,0.0,0.0855531815067526,0.05696561782140249,0.06741771466694065,0.01,49,22,38
webis-touche2020,rr,30,0.01,weighted_cvl,92,1150,374,1,0,0.0,0.04343461081496476,0.05696561782140249,0.06741771466694065,0.01,49,22,38
webis-touche2020,rr,30,0.01,uniform,93,1224,374,1,0,0.0,0.07095672432202746,0.04380859780547912,0.03381189805493212,0.01,49,22,38
webis-touche2020,rr,30,0.01,uniform_nz,93,1211,374,1,0,0.0,0.05218677729661375,0.04380859780547912,0.03381189805493212,0.01,49,22,38
webis-touche2020,rr,30,0.01,weighted,93,1162,374,1,0,0.0,0.04380859780547912,0.04380859780547912,0.03381189805493212,0.01,49,22,38
webis-touche2020,rr,30,0.01,active_judge,93,1142,374,1,0,0.0,0.10094410427223137,0.04380859780547912,0.03381189805493212,0.01,49,22,38
webis-touche2020,rr,30,0.01,strat_pilot,93,1171,374,1,0,0.0,0.043719114668807915,0.04380859780547912,0.03381189805493212,0.01,49,22,38
webis-touche2020,rr,30,0.01,weighted_cv,93,1147,374,1,0,0.0,0.03582209308119323,0.04380859780547912,0.03381189805493212,0.01,49,22,38
webis-touche2020,rr,30,0.01,active_cv,93,1151,374,1,0,0.0,0.05548487522222928,0.04380859780547912,0.03381189805493212,0.01,49,22,38
webis-touche2020,rr,30,0.01,weighted_cvl,93,1153,374,1,0,0.0,0.03238088610863857,0.04380859780547912,0.03381189805493212,0.01,49,22,38
webis-touche2020,rr,30,0.01,uniform,94,1221,379,1,0,0.0,0.21913031220560955,0.06149934416211409,0.06512130739917116,0.01,49,22,38
webis-touche2020,rr,30,0.01,uniform_nz,94,1137,379,1,0,0.0,0.09674025089286618,0.06149934416211409,0.06512130739917116,0.01,49,22,38
webis-touche2020,rr,30,0.01,weighted,94,1164,379,1,0,0.0,0.06149934416211409,0.06149934416211409,0.06512130739917116,0.01,49,22,38
webis-touche2020,rr,30,0.01,active_judge,94,1152,379,1,0,0.0,0.17519014732390867,0.06149934416211409,0.06512130739917116,0.01,49,22,38
webis-touche2020,rr,30,0.01,strat_pilot,94,1158,379,1,0,0.0,0.06366637634092023,0.06149934416211409,0.06512130739917116,0.01,49,22,38
webis-touche2020,rr,30,0.01,weighted_cv,94,1166,379,1,0,0.0,0.044620417025609094,0.06149934416211409,0.06512130739917116,0.01,49,22,38
webis-touche2020,rr,30,0.01,active_cv,94,1157,379,1,0,0.0,0.060310995173222956,0.06149934416211409,0.06512130739917116,0.01,49,22,38
webis-touche2020,rr,30,0.01,weighted_cvl,94,1157,379,1,0,0.0,0.04522019208388597,0.06149934416211409,0.06512130739917116,0.01,49,22,38
webis-touche2020,rr,30,0.01,uniform,95,1226,381,1,0,0.0,0.07269037361306924,0.039851858468510526,0.02382463511720477,0.01,49,22,38
webis-touche2020,rr,30,0.01,uniform_nz,95,1156,381,1,0,0.0,0.048217750563748656,0.039851858468510526,0.02382463511720477,0.01,49,22,38
webis-touche2020,rr,30,0.01,weighted,95,1175,381,1,0,0.0,0.039851858468510526,0.039851858468510526,0.02382463511720477,0.01,49,22,38
webis-touche2020,rr,30,0.01,active_judge,95,1171,381,1,0,0.0,0.10279450193834791,0.039851858468510526,0.02382463511720477,0.01,49,22,38
webis-touche2020,rr,30,0.01,strat_pilot,95,1169,381,1,0,0.0,0.03943666043167411,0.039851858468510526,0.02382463511720477,0.01,49,22,38
webis-touche2020,rr,30,0.01,weighted_cv,95,1169,381,1,0,0.0,0.03534928883524445,0.039851858468510526,0.02382463511720477,0.01,49,22,38
webis-touche2020,rr,30,0.01,active_cv,95,1143,381,1,0,0.0,0.07846267964442369,0.039851858468510526,0.02382463511720477,0.01,49,22,38
webis-touche2020,rr,30,0.01,weighted_cvl,95,1154,381,1,0,0.0,0.03195732721085652,0.039851858468510526,0.02382463511720477,0.01,49,22,38
webis-touche2020,rr,30,0.01,uniform,96,1208,381,1,0,0.0,0.12048028102034554,0.07585582047061017,0.04565917685112731,0.01,49,22,38
webis-touche2020,rr,30,0.01,uniform_nz,96,1139,381,1,0,0.0,0.1072492023682488,0.07585582047061017,0.04565917685112731,0.01,49,22,38
webis-touche2020,rr,30,0.01,weighted,96,1145,381,1,0,0.0,0.07585582047061017,0.07585582047061017,0.04565917685112731,0.01,49,22,38
webis-touche2020,rr,30,0.01,active_judge,96,1131,381,1,0,0.0,0.1966491064971369,0.07585582047061017,0.04565917685112731,0.01,49,22,38
webis-touche2020,rr,30,0.01,strat_pilot,96,1148,381,1,0,0.0,0.07704074306191674,0.07585582047061017,0.04565917685112731,0.01,49,22,38
webis-touche2020,rr,30,0.01,weighted_cv,96,1162,381,1,0,0.0,0.06642701987011325,0.07585582047061017,0.04565917685112731,0.01,49,22,38
webis-touche2020,rr,30,0.01,active_cv,96,1137,381,1,0,0.0,0.15385936219355806,0.07585582047061017,0.04565917685112731,0.01,49,22,38
webis-touche2020,rr,30,0.01,weighted_cvl,96,1161,381,1,0,0.0,0.05855107337715347,0.07585582047061017,0.04565917685112731,0.01,49,22,38
webis-touche2020,rr,30,0.01,uniform,97,1197,373,1,0,0.0,0.05719910556569532,0.03510231998618467,0.03257961697744981,0.01,49,22,38
webis-touche2020,rr,30,0.01,uniform_nz,97,1164,373,1,0,0.0,0.0429759557968723,0.03510231998618467,0.03257961697744981,0.01,49,22,38
webis-touche2020,rr,30,0.01,weighted,97,1172,373,1,0,0.0,0.03510231998618467,0.03510231998618467,0.03257961697744981,0.01,49,22,38
webis-touche2020,rr,30,0.01,active_judge,97,1144,373,1,0,0.0,0.08260365166198164,0.03510231998618467,0.03257961697744981,0.01,49,22,38
webis-touche2020,rr,30,0.01,strat_pilot,97,1155,373,1,0,0.0,0.03504772425147813,0.03510231998618467,0.03257961697744981,0.01,49,22,38
webis-touche2020,rr,30,0.01,weighted_cv,97,1168,373,1,0,0.0,0.0294882357161254,0.03510231998618467,0.03257961697744981,0.01,49,22,38
webis-touche2020,rr,30,0.01,active_cv,97,1154,373,1,0,0.0,0.04936193337710602,0.03510231998618467,0.03257961697744981,0.01,49,22,38
webis-touche2020,rr,30,0.01,weighted_cvl,97,1159,373,1,0,0.0,0.028517034107769783,0.03510231998618467,0.03257961697744981,0.01,49,22,38
webis-touche2020,rr,30,0.01,uniform,98,1137,394,0,0,0.0,0.10617335243777908,0.052484541838799324,0.013340548340548354,0.01,49,21,37
webis-touche2020,rr,30,0.01,uniform_nz,98,1092,394,1,0,0.0,0.0892576346674995,0.052484541838799324,0.013340548340548354,0.01,49,21,37
webis-touche2020,rr,30,0.01,weighted,98,1115,394,1,0,0.0,0.052484541838799324,0.052484541838799324,0.013340548340548354,0.01,49,21,37
webis-touche2020,rr,30,0.01,active_judge,98,1086,394,1,0,0.0,0.1226999603736649,0.052484541838799324,0.013340548340548354,0.01,49,21,37
webis-touche2020,rr,30,0.01,strat_pilot,98,1106,394,1,0,0.0,0.04938389120359973,0.052484541838799324,0.013340548340548354,0.01,49,21,37
webis-touche2020,rr,30,0.01,weighted_cv,98,1108,394,1,0,0.0,0.04261094902603203,0.052484541838799324,0.013340548340548354,0.01,49,21,37
webis-touche2020,rr,30,0.01,active_cv,98,1091,394,1,0,0.0,0.07458903411982173,0.052484541838799324,0.013340548340548354,0.01,49,21,37
webis-touche2020,rr,30,0.01,weighted_cvl,98,1081,394,1,0,0.0,0.03918406820996341,0.052484541838799324,0.013340548340548354,0.01,49,21,37
webis-touche2020,rr,30,0.01,uniform,99,1205,381,1,0,0.0,0.07498400846520643,0.03012993947546791,0.026122532295132915,0.01,49,22,38
webis-touche2020,rr,30,0.01,uniform_nz,99,1173,381,1,0,0.0,0.036247957041189535,0.03012993947546791,0.026122532295132915,0.01,49,22,38
webis-touche2020,rr,30,0.01,weighted,99,1203,381,1,0,0.0,0.03012993947546791,0.03012993947546791,0.026122532295132915,0.01,49,22,38
webis-touche2020,rr,30,0.01,active_judge,99,1183,381,1,0,0.0,0.06372128956395587,0.03012993947546791,0.026122532295132915,0.01,49,22,38
webis-touche2020,rr,30,0.01,strat_pilot,99,1176,381,1,0,0.0,0.030004413718300937,0.03012993947546791,0.026122532295132915,0.01,49,22,38
webis-touche2020,rr,30,0.01,weighted_cv,99,1187,381,1,0,0.0,0.02436500953767474,0.03012993947546791,0.026122532295132915,0.01,49,22,38
webis-touche2020,rr,30,0.01,active_cv,99,1160,381,1,0,0.0,0.03173308357658764,0.03012993947546791,0.026122532295132915,0.01,49,22,38
webis-touche2020,rr,30,0.01,weighted_cvl,99,1200,381,1,0,0.0,0.02369082350576919,0.03012993947546791,0.026122532295132915,0.01,49,22,38
webis-touche2020,rr,30,0.01,uniform,100,1237,380,1,0,0.0,0.08426422640053523,0.0560885464222937,0.06355558622663884,0.01,49,22,38
webis-touche2020,rr,30,0.01,uniform_nz,100,1156,380,1,0,0.0,0.06354201519663058,0.0560885464222937,0.06355558622663884,0.01,49,22,38
webis-touche2020,rr,30,0.01,weighted,100,1162,380,1,0,0.0,0.0560885464222937,0.0560885464222937,0.06355558622663884,0.01,49,22,38
webis-touche2020,rr,30,0.01,active_judge,100,1157,380,1,0,0.0,0.1318341364088333,0.0560885464222937,0.06355558622663884,0.01,49,22,38
webis-touche2020,rr,30,0.01,strat_pilot,100,1169,380,1,0,0.0,0.05644597888004484,0.0560885464222937,0.06355558622663884,0.01,49,22,38
webis-touche2020,rr,30,0.01,weighted_cv,100,1160,380,1,0,0.0,0.047860231633116604,0.0560885464222937,0.06355558622663884,0.01,49,22,38
webis-touche2020,rr,30,0.01,active_cv,100,1147,380,1,0,0.0,0.07401497031308599,0.0560885464222937,0.06355558622663884,0.01,49,22,38
webis-touche2020,rr,30,0.01,weighted_cvl,100,1161,380,1,0,0.0,0.04259691820278508,0.0560885464222937,0.06355558622663884,0.01,49,22,38
webis-touche2020,rr,30,0.01,uniform,101,1161,375,1,0,0.0,0.06187110528082347,0.03274461985746608,0.011636482282767108,0.01,49,21,37
webis-touche2020,rr,30,0.01,uniform_nz,101,1108,375,1,0,0.0,0.04816476539408319,0.03274461985746608,0.011636482282767108,0.01,49,21,37
webis-touche2020,rr,30,0.01,weighted,101,1102,375,1,0,0.0,0.03274461985746608,0.03274461985746608,0.011636482282767108,0.01,49,21,37
webis-touche2020,rr,30,0.01,active_judge,101,1079,375,1,0,0.0,0.07291190549162145,0.03274461985746608,0.011636482282767108,0.01,49,21,37
webis-touche2020,rr,30,0.01,strat_pilot,101,1101,375,1,0,0.0,0.031868591653380594,0.03274461985746608,0.011636482282767108,0.01,49,21,37
webis-touche2020,rr,30,0.01,weighted_cv,101,1077,375,1,0,0.0,0.02776034961053802,0.03274461985746608,0.011636482282767108,0.01,49,21,37
webis-touche2020,rr,30,0.01,active_cv,101,1093,375,1,0,0.0,0.07049574103783732,0.03274461985746608,0.011636482282767108,0.01,49,21,37
webis-touche2020,rr,30,0.01,weighted_cvl,101,1089,375,1,0,0.0,0.029540297999670024,0.03274461985746608,0.011636482282767108,0.01,49,21,37
webis-touche2020,rr,30,0.01,uniform,102,1209,380,0,0,0.04380925383232226,0.07074039024484324,0.03251707672744965,0.025210247841826818,-0.03380925383232226,49,22,38
webis-touche2020,rr,30,0.01,uniform_nz,102,1149,380,0,0,0.04380925383232226,0.04509622693828854,0.03251707672744965,0.025210247841826818,-0.03380925383232226,49,22,38
webis-touche2020,rr,30,0.01,weighted,102,1164,380,0,0,0.04380925383232226,0.03251707672744965,0.03251707672744965,0.025210247841826818,-0.03380925383232226,49,22,38
webis-touche2020,rr,30,0.01,active_judge,102,1153,380,0,0,0.04380925383232226,0.07550199402943196,0.03251707672744965,0.025210247841826818,-0.03380925383232226,49,22,38
webis-touche2020,rr,30,0.01,strat_pilot,102,1158,380,0,0,0.04380925383232226,0.032974782572232145,0.03251707672744965,0.025210247841826818,-0.03380925383232226,49,22,38
webis-touche2020,rr,30,0.01,weighted_cv,102,1169,380,0,0,0.04380925383232226,0.029037486729408847,0.03251707672744965,0.025210247841826818,-0.03380925383232226,49,22,38
webis-touche2020,rr,30,0.01,active_cv,102,1166,380,0,0,0.04380925383232226,0.060971971797727044,0.03251707672744965,0.025210247841826818,-0.03380925383232226,49,22,38
webis-touche2020,rr,30,0.01,weighted_cvl,102,1141,380,0,0,0.04380925383232226,0.0275645461970959,0.03251707672744965,0.025210247841826818,-0.03380925383232226,49,22,38
webis-touche2020,rr,30,0.01,uniform,103,1215,379,1,0,0.0,0.06873299097805681,0.04043903657736063,0.05411617378473616,0.01,49,22,38
webis-touche2020,rr,30,0.01,uniform_nz,103,1157,379,1,0,0.0,0.04908188950984045,0.04043903657736063,0.05411617378473616,0.01,49,22,38
webis-touche2020,rr,30,0.01,weighted,103,1154,379,1,0,0.0,0.04043903657736063,0.04043903657736063,0.05411617378473616,0.01,49,22,38
webis-touche2020,rr,30,0.01,active_judge,103,1140,379,1,0,0.0,0.07843645933294828,0.04043903657736063,0.05411617378473616,0.01,49,22,38
webis-touche2020,rr,30,0.01,strat_pilot,103,1166,379,1,0,0.0,0.04133520267968874,0.04043903657736063,0.05411617378473616,0.01,49,22,38
webis-touche2020,rr,30,0.01,weighted_cv,103,1162,379,1,0,0.0,0.03880172874667306,0.04043903657736063,0.05411617378473616,0.01,49,22,38
webis-touche2020,rr,30,0.01,active_cv,103,1143,379,1,0,0.0,0.06423257542420983,0.04043903657736063,0.05411617378473616,0.01,49,22,38
webis-touche2020,rr,30,0.01,weighted_cvl,103,1190,379,1,0,0.0,0.03451766486540152,0.04043903657736063,0.05411617378473616,0.01,49,22,38
webis-touche2020,rr,30,0.01,uniform,104,1257,383,1,0,0.0,0.09950128572075274,0.05621556179805833,0.1056182274202869,0.01,49,24,38
webis-touche2020,rr,30,0.01,uniform_nz,104,1271,383,1,0,0.0,0.06476310977997894,0.05621556179805833,0.1056182274202869,0.01,49,24,38
webis-touche2020,rr,30,0.01,weighted,104,1302,383,1,0,0.0,0.05621556179805833,0.05621556179805833,0.1056182274202869,0.01,49,24,38
webis-touche2020,rr,30,0.01,active_judge,104,1264,383,1,0,0.0,0.11302051481154711,0.05621556179805833,0.1056182274202869,0.01,49,24,38
webis-touche2020,rr,30,0.01,strat_pilot,104,1287,383,1,0,0.0,0.05710025619827821,0.05621556179805833,0.1056182274202869,0.01,49,24,38
webis-touche2020,rr,30,0.01,weighted_cv,104,1284,383,1,0,0.0,0.044186320618467397,0.05621556179805833,0.1056182274202869,0.01,49,24,38
webis-touche2020,rr,30,0.01,active_cv,104,1270,383,1,0,0.0,0.073436275222643,0.05621556179805833,0.1056182274202869,0.01,49,24,38
webis-touche2020,rr,30,0.01,weighted_cvl,104,1302,383,1,0,0.0,0.044186320618467397,0.05621556179805833,0.1056182274202869,0.01,49,24,38
webis-touche2020,rr,30,0.01,uniform,105,1200,363,1,0,0.0,0.09345678590008902,0.05858288957934258,0.05548523303322064,0.01,49,22,38
webis-touche2020,rr,30,0.01,uniform_nz,105,1142,363,1,0,0.0,0.07584201127103278,0.05858288957934258,0.05548523303322064,0.01,49,22,38
webis-touche2020,rr,30,0.01,weighted,105,1140,363,1,0,0.0,0.05858288957934258,0.05858288957934258,0.05548523303322064,0.01,49,22,38
webis-touche2020,rr,30,0.01,active_judge,105,1109,363,1,0,0.0,0.1349717065555993,0.05858288957934258,0.05548523303322064,0.01,49,22,38
webis-touche2020,rr,30,0.01,strat_pilot,105,1149,363,1,0,0.0,0.058263617996722895,0.05858288957934258,0.05548523303322064,0.01,49,22,38
webis-touche2020,rr,30,0.01,weighted_cv,105,1135,363,1,0,0.0,0.05722768641009135,0.05858288957934258,0.05548523303322064,0.01,49,22,38
webis-touche2020,rr,30,0.01,active_cv,105,1128,363,1,0,0.0,0.16935705605344348,0.05858288957934258,0.05548523303322064,0.01,49,22,38
webis-touche2020,rr,30,0.01,weighted_cvl,105,1125,363,1,0,0.0,0.050112904790909074,0.05858288957934258,0.05548523303322064,0.01,49,22,38
webis-touche2020,rr,30,0.01,uniform,106,1230,380,1,0,0.0,0.08305223430794681,0.04581215916016971,0.051083898070740166,0.01,49,22,38
webis-touche2020,rr,30,0.01,uniform_nz,106,1139,380,1,0,0.0,0.07127150652155453,0.04581215916016971,0.051083898070740166,0.01,49,22,38
webis-touche2020,rr,30,0.01,weighted,106,1155,380,1,0,0.0,0.04581215916016971,0.04581215916016971,0.051083898070740166,0.01,49,22,38
webis-touche2020,rr,30,0.01,active_judge,106,1142,380,1,0,0.0,0.13771193233674084,0.04581215916016971,0.051083898070740166,0.01,49,22,38
webis-touche2020,rr,30,0.01,strat_pilot,106,1155,380,1,0,0.0,0.046014645232701254,0.04581215916016971,0.051083898070740166,0.01,49,22,38
webis-touche2020,rr,30,0.01,weighted_cv,106,1137,380,1,0,0.0,0.04387121740600202,0.04581215916016971,0.051083898070740166,0.01,49,22,38
webis-touche2020,rr,30,0.01,active_cv,106,1134,380,1,0,0.0,0.08814835151580395,0.04581215916016971,0.051083898070740166,0.01,49,22,38
webis-touche2020,rr,30,0.01,weighted_cvl,106,1150,380,1,0,0.0,0.03699787288434808,0.04581215916016971,0.051083898070740166,0.01,49,22,38
webis-touche2020,rr,30,0.01,uniform,107,1140,388,0,0,0.0,0.08402089874874037,0.03873470591500308,0.011518563136210191,0.01,49,21,38
webis-touche2020,rr,30,0.01,uniform_nz,107,1106,388,1,0,0.0,0.06779533582786204,0.03873470591500308,0.011518563136210191,0.01,49,21,38
webis-touche2020,rr,30,0.01,weighted,107,1116,388,1,0,0.0,0.03873470591500308,0.03873470591500308,0.011518563136210191,0.01,49,21,38
webis-touche2020,rr,30,0.01,active_judge,107,1092,388,1,0,0.0,0.0958569634274329,0.03873470591500308,0.011518563136210191,0.01,49,21,38
webis-touche2020,rr,30,0.01,strat_pilot,107,1115,388,1,0,0.0,0.03756023526366916,0.03873470591500308,0.011518563136210191,0.01,49,21,38
webis-touche2020,rr,30,0.01,weighted_cv,107,1115,388,1,0,0.0,0.02960505278239171,0.03873470591500308,0.011518563136210191,0.01,49,21,38
webis-touche2020,rr,30,0.01,active_cv,107,1088,388,1,0,0.0,0.05998411831145226,0.03873470591500308,0.011518563136210191,0.01,49,21,38
webis-touche2020,rr,30,0.01,weighted_cvl,107,1117,388,1,0,0.0,0.029160314370433187,0.03873470591500308,0.011518563136210191,0.01,49,21,38
webis-touche2020,rr,30,0.01,uniform,108,1186,390,1,0,0.0,0.08193895397810198,0.04442143623379594,0.04966832047966789,0.01,49,22,38
webis-touche2020,rr,30,0.01,uniform_nz,108,1170,390,1,0,0.0,0.05392621409588736,0.04442143623379594,0.04966832047966789,0.01,49,22,38
webis-touche2020,rr,30,0.01,weighted,108,1184,390,1,0,0.0,0.04442143623379594,0.04442143623379594,0.04966832047966789,0.01,49,22,38
webis-touche2020,rr,30,0.01,active_judge,108,1171,390,1,0,0.0,0.09416496617504508,0.04442143623379594,0.04966832047966789,0.01,49,22,38
webis-touche2020,rr,30,0.01,strat_pilot,108,1177,390,1,0,0.0,0.045039709769500655,0.04442143623379594,0.04966832047966789,0.01,49,22,38
webis-touche2020,rr,30,0.01,weighted_cv,108,1173,390,1,0,0.0,0.0377486455311676,0.04442143623379594,0.04966832047966789,0.01,49,22,38
webis-touche2020,rr,30,0.01,active_cv,108,1162,390,1,0,0.0,0.06867976468699158,0.04442143623379594,0.04966832047966789,0.01,49,22,38
webis-touche2020,rr,30,0.01,weighted_cvl,108,1177,390,1,0,0.0,0.034994142048583324,0.04442143623379594,0.04966832047966789,0.01,49,22,38
webis-touche2020,rr,30,0.01,uniform,109,1169,381,1,0,0.0,0.04875141706903814,0.03062191031164161,0.020905456025256806,0.01,49,21,38
webis-touche2020,rr,30,0.01,uniform_nz,109,1096,381,1,0,0.0,0.03357256448240685,0.03062191031164161,0.020905456025256806,0.01,49,21,38
webis-touche2020,rr,30,0.01,weighted,109,1118,381,1,0,0.0,0.03062191031164161,0.03062191031164161,0.020905456025256806,0.01,49,21,38
webis-touche2020,rr,30,0.01,active_judge,109,1099,381,1,0,0.0,0.06564801945072486,0.03062191031164161,0.020905456025256806,0.01,49,21,38
webis-touche2020,rr,30,0.01,strat_pilot,109,1102,381,1,0,0.0,0.03136589321870037,0.03062191031164161,0.020905456025256806,0.01,49,21,38
webis-touche2020,rr,30,0.01,weighted_cv,109,1115,381,1,0,0.0,0.024142447006650684,0.03062191031164161,0.020905456025256806,0.01,49,21,38
webis-touche2020,rr,30,0.01,active_cv,109,1104,381,1,0,0.0,0.039568343634356504,0.03062191031164161,0.020905456025256806,0.01,49,21,38
webis-touche2020,rr,30,0.01,weighted_cvl,109,1112,381,1,0,0.0,0.024142447006650684,0.03062191031164161,0.020905456025256806,0.01,49,21,38
webis-touche2020,rr,30,0.01,uniform,110,1282,382,1,0,0.0,0.128136293530589,0.076648417043647,0.0959057037617409,0.01,49,24,38
webis-touche2020,rr,30,0.01,uniform_nz,110,1272,382,1,0,0.0,0.08771078177154762,0.076648417043647,0.0959057037617409,0.01,49,24,38
webis-touche2020,rr,30,0.01,weighted,110,1287,382,1,0,0.0,0.076648417043647,0.076648417043647,0.0959057037617409,0.01,49,24,38
webis-touche2020,rr,30,0.01,active_judge,110,1275,382,1,0,0.0,0.16962527324732823,0.076648417043647,0.0959057037617409,0.01,49,24,38
webis-touche2020,rr,30,0.01,strat_pilot,110,1279,382,1,0,0.0,0.08104378047009565,0.076648417043647,0.0959057037617409,0.01,49,24,38
webis-touche2020,rr,30,0.01,weighted_cv,110,1274,382,1,0,0.0,0.060876468553710095,0.076648417043647,0.0959057037617409,0.01,49,24,38
webis-touche2020,rr,30,0.01,active_cv,110,1272,382,1,0,0.0,0.10258083381688124,0.076648417043647,0.0959057037617409,0.01,49,24,38
webis-touche2020,rr,30,0.01,weighted_cvl,110,1302,382,1,0,0.0,0.058172603689516225,0.076648417043647,0.0959057037617409,0.01,49,24,38
webis-touche2020,rr,30,0.01,uniform,111,1180,393,1,0,0.0,0.10307404644238398,0.05250210567251466,0.020292567336045595,0.01,49,21,37
webis-touche2020,rr,30,0.01,uniform_nz,111,1110,393,0,0,0.0,0.08276029869292154,0.05250210567251466,0.020292567336045595,0.01,49,21,37
webis-touche2020,rr,30,0.01,weighted,111,1118,393,1,0,0.0,0.05250210567251466,0.05250210567251466,0.020292567336045595,0.01,49,21,37
webis-touche2020,rr,30,0.01,active_judge,111,1094,393,1,0,0.0,0.1229760727605635,0.05250210567251466,0.020292567336045595,0.01,49,21,37
webis-touche2020,rr,30,0.01,strat_pilot,111,1090,393,1,0,0.0,0.04949159864861369,0.05250210567251466,0.020292567336045595,0.01,49,21,37
webis-touche2020,rr,30,0.01,weighted_cv,111,1092,393,1,0,0.0,0.03886079836045152,0.05250210567251466,0.020292567336045595,0.01,49,21,37
webis-touche2020,rr,30,0.01,active_cv,111,1108,393,1,0,0.0,0.06421264546066405,0.05250210567251466,0.020292567336045595,0.01,49,21,37
webis-touche2020,rr,30,0.01,weighted_cvl,111,1114,393,1,0,0.0,0.0360309337791887,0.05250210567251466,0.020292567336045595,0.01,49,21,37
webis-touche2020,rr,30,0.01,uniform,112,1202,374,1,0,0.0,0.07909201403506645,0.04223275474818074,0.028144626271561238,0.01,49,22,38
webis-touche2020,rr,30,0.01,uniform_nz,112,1127,374,1,0,0.0,0.05345782710511021,0.04223275474818074,0.028144626271561238,0.01,49,22,38
webis-touche2020,rr,30,0.01,weighted,112,1157,374,1,0,0.0,0.04223275474818074,0.04223275474818074,0.028144626271561238,0.01,49,22,38
webis-touche2020,rr,30,0.01,active_judge,112,1146,374,1,0,0.0,0.09853656998446184,0.04223275474818074,0.028144626271561238,0.01,49,22,38
webis-touche2020,rr,30,0.01,strat_pilot,112,1153,374,1,0,0.0,0.04231536223449249,0.04223275474818074,0.028144626271561238,0.01,49,22,38
webis-touche2020,rr,30,0.01,weighted_cv,112,1128,374,1,0,0.0,0.03526658764536319,0.04223275474818074,0.028144626271561238,0.01,49,22,38
webis-touche2020,rr,30,0.01,active_cv,112,1147,374,1,0,0.0,0.05366901076197407,0.04223275474818074,0.028144626271561238,0.01,49,22,38
webis-touche2020,rr,30,0.01,weighted_cvl,112,1134,374,1,0,0.0,0.03328057348073829,0.04223275474818074,0.028144626271561238,0.01,49,22,38
webis-touche2020,rr,30,0.01,uniform,113,1307,372,1,0,0.0,0.11729923132704301,0.09087846492286131,0.11157341647828024,0.01,49,24,38
webis-touche2020,rr,30,0.01,uniform_nz,113,1274,372,1,0,0.0,0.10124989838573657,0.09087846492286131,0.11157341647828024,0.01,49,24,38
webis-touche2020,rr,30,0.01,weighted,113,1294,372,1,0,0.0,0.09087846492286131,0.09087846492286131,0.11157341647828024,0.01,49,24,38
webis-touche2020,rr,30,0.01,active_judge,113,1243,372,1,0,0.0,0.2142750687725123,0.09087846492286131,0.11157341647828024,0.01,49,24,38
webis-touche2020,rr,30,0.01,strat_pilot,113,1282,372,1,0,0.0,0.09249935460275657,0.09087846492286131,0.11157341647828024,0.01,49,24,38
webis-touche2020,rr,30,0.01,weighted_cv,113,1276,372,1,0,0.0,0.0846164177018641,0.09087846492286131,0.11157341647828024,0.01,49,24,38
webis-touche2020,rr,30,0.01,active_cv,113,1272,372,1,0,0.0,0.20804945778688672,0.09087846492286131,0.11157341647828024,0.01,49,24,38
webis-touche2020,rr,30,0.01,weighted_cvl,113,1271,372,1,0,0.0,0.07521169280881652,0.09087846492286131,0.11157341647828024,0.01,49,24,38
webis-touche2020,rr,30,0.01,uniform,114,1321,385,1,0,0.0,0.1334230167885494,0.07867124464275528,0.052642500124641424,0.01,49,24,38
webis-touche2020,rr,30,0.01,uniform_nz,114,1290,385,1,0,0.0,0.08948878554692205,0.07867124464275528,0.052642500124641424,0.01,49,24,38
webis-touche2020,rr,30,0.01,weighted,114,1293,385,1,0,0.0,0.07867124464275528,0.07867124464275528,0.052642500124641424,0.01,49,24,38
webis-touche2020,rr,30,0.01,active_judge,114,1253,385,1,0,0.0,0.16234405945381045,0.07867124464275528,0.052642500124641424,0.01,49,24,38
webis-touche2020,rr,30,0.01,strat_pilot,114,1269,385,1,0,0.0,0.07930922098331153,0.07867124464275528,0.052642500124641424,0.01,49,24,38
webis-touche2020,rr,30,0.01,weighted_cv,114,1306,385,1,0,0.0,0.06297484834715715,0.07867124464275528,0.052642500124641424,0.01,49,24,38
webis-touche2020,rr,30,0.01,active_cv,114,1289,385,1,0,0.0,0.10267110745034706,0.07867124464275528,0.052642500124641424,0.01,49,24,38
webis-touche2020,rr,30,0.01,weighted_cvl,114,1295,385,1,0,0.0,0.059824590514777384,0.07867124464275528,0.052642500124641424,0.01,49,24,38
webis-touche2020,rr,30,0.01,uniform,115,1296,374,1,0,0.0,0.11867689840300047,0.08971462046687997,0.10426575044733613,0.01,49,24,38
webis-touche2020,rr,30,0.01,uniform_nz,115,1285,374,1,0,0.0,0.09919999068319624,0.08971462046687997,0.10426575044733613,0.01,49,24,38
webis-touche2020,rr,30,0.01,weighted,115,1287,374,1,0,0.0,0.08971462046687997,0.08971462046687997,0.10426575044733613,0.01,49,24,38
webis-touche2020,rr,30,0.01,active_judge,115,1245,374,1,0,0.0,0.2142750297550699,0.08971462046687997,0.10426575044733613,0.01,49,24,38
webis-touche2020,rr,30,0.01,strat_pilot,115,1277,374,1,0,0.0,0.09123770064995962,0.08971462046687997,0.10426575044733613,0.01,49,24,38
webis-touche2020,rr,30,0.01,weighted_cv,115,1272,374,1,0,0.0,0.07217533435688857,0.08971462046687997,0.10426575044733613,0.01,49,24,38
webis-touche2020,rr,30,0.01,active_cv,115,1257,374,1,0,0.0,0.11255772145184854,0.08971462046687997,0.10426575044733613,0.01,49,24,38
webis-touche2020,rr,30,0.01,weighted_cvl,115,1281,374,1,0,0.0,0.06793339396373177,0.08971462046687997,0.10426575044733613,0.01,49,24,38
webis-touche2020,rr,30,0.01,uniform,116,1194,386,0,0,0.0,0.06440036435540211,0.032507149231608135,0.016969696969696964,0.01,49,21,38
webis-touche2020,rr,30,0.01,uniform_nz,116,1134,386,1,0,0.0,0.045157337489768676,0.032507149231608135,0.016969696969696964,0.01,49,21,38
webis-touche2020,rr,30,0.01,weighted,116,1128,386,1,0,0.0,0.032507149231608135,0.032507149231608135,0.016969696969696964,0.01,49,21,38
webis-touche2020,rr,30,0.01,active_judge,116,1123,386,1,0,0.0,0.061535112096824364,0.032507149231608135,0.016969696969696964,0.01,49,21,38
webis-touche2020,rr,30,0.01,strat_pilot,116,1138,386,1,0,0.0,0.030881509981135265,0.032507149231608135,0.016969696969696964,0.01,49,21,38
webis-touche2020,rr,30,0.01,weighted_cv,116,1147,386,1,0,0.0,0.028256006167016862,0.032507149231608135,0.016969696969696964,0.01,49,21,38
webis-touche2020,rr,30,0.01,active_cv,116,1141,386,1,0,0.0,0.05366705246616742,0.032507149231608135,0.016969696969696964,0.01,49,21,38
webis-touche2020,rr,30,0.01,weighted_cvl,116,1140,386,1,0,0.0,0.028239872444334096,0.032507149231608135,0.016969696969696964,0.01,49,21,38
webis-touche2020,rr,30,0.01,uniform,117,1189,368,0,0,0.002899582217520069,0.04759699795400448,0.03039124791271932,0.009831883802472026,0.007100417782479931,49,21,38
webis-touche2020,rr,30,0.01,uniform_nz,117,1104,368,1,0,0.002899582217520069,0.03713252301421012,0.03039124791271932,0.009831883802472026,0.007100417782479931,49,21,38
webis-touche2020,rr,30,0.01,weighted,117,1101,368,1,0,0.002899582217520069,0.03039124791271932,0.03039124791271932,0.009831883802472026,0.007100417782479931,49,21,38
webis-touche2020,rr,30,0.01,active_judge,117,1081,368,1,0,0.002899582217520069,0.06556653664223616,0.03039124791271932,0.009831883802472026,0.007100417782479931,49,21,38
webis-touche2020,rr,30,0.01,strat_pilot,117,1101,368,1,0,0.002899582217520069,0.03150572001394105,0.03039124791271932,0.009831883802472026,0.007100417782479931,49,21,38
webis-touche2020,rr,30,0.01,weighted_cv,117,1104,368,1,0,0.002899582217520069,0.025291876791378808,0.03039124791271932,0.009831883802472026,0.007100417782479931,49,21,38
webis-touche2020,rr,30,0.01,active_cv,117,1080,368,1,0,0.002899582217520069,0.04573829244233714,0.03039124791271932,0.009831883802472026,0.007100417782479931,49,21,38
webis-touche2020,rr,30,0.01,weighted_cvl,117,1092,368,1,0,0.002899582217520069,0.025200476809261595,0.03039124791271932,0.009831883802472026,0.007100417782479931,49,21,38
webis-touche2020,rr,30,0.01,uniform,118,1201,379,1,0,0.0,0.050494449187970324,0.03616789671135751,0.04300455587297692,0.01,49,22,38
webis-touche2020,rr,30,0.01,uniform_nz,118,1168,379,1,0,0.0,0.04203706148365785,0.03616789671135751,0.04300455587297692,0.01,49,22,38
webis-touche2020,rr,30,0.01,weighted,118,1160,379,1,0,0.0,0.03616789671135751,0.03616789671135751,0.04300455587297692,0.01,49,22,38
webis-touche2020,rr,30,0.01,active_judge,118,1150,379,1,0,0.0,0.08483270381506355,0.03616789671135751,0.04300455587297692,0.01,49,22,38
webis-touche2020,rr,30,0.01,strat_pilot,118,1170,379,1,0,0.0,0.03707927372943882,0.03616789671135751,0.04300455587297692,0.01,49,22,38
webis-touche2020,rr,30,0.01,weighted_cv,118,1175,379,1,0,0.0,0.028625822022737824,0.03616789671135751,0.04300455587297692,0.01,49,22,38
webis-touche2020,rr,30,0.01,active_cv,118,1152,379,1,0,0.0,0.05079272688576678,0.03616789671135751,0.04300455587297692,0.01,49,22,38
webis-touche2020,rr,30,0.01,weighted_cvl,118,1184,379,1,0,0.0,0.02703201065671087,0.03616789671135751,0.04300455587297692,0.01,49,22,38
webis-touche2020,rr,30,0.01,uniform,119,1193,386,1,0,0.0,0.11949555255095742,0.07203551270052173,0.021866754246785212,0.01,49,22,38
webis-touche2020,rr,30,0.01,uniform_nz,119,1154,386,1,0,0.0,0.09163349916213659,0.07203551270052173,0.021866754246785212,0.01,49,22,38
webis-touche2020,rr,30,0.01,weighted,119,1145,386,1,0,0.0,0.07203551270052173,0.07203551270052173,0.021866754246785212,0.01,49,22,38
webis-touche2020,rr,30,0.01,active_judge,119,1160,386,1,0,0.0,0.16515613099884616,0.07203551270052173,0.021866754246785212,0.01,49,22,38
webis-touche2020,rr,30,0.01,strat_pilot,119,1171,386,1,0,0.0,0.07197150407139152,0.07203551270052173,0.021866754246785212,0.01,49,22,38
webis-touche2020,rr,30,0.01,weighted_cv,119,1160,386,1,0,0.0,0.06049933673176559,0.07203551270052173,0.021866754246785212,0.01,49,22,38
webis-touche2020,rr,30,0.01,active_cv,119,1158,386,1,0,0.0,0.14283233808072543,0.07203551270052173,0.021866754246785212,0.01,49,22,38
webis-touche2020,rr,30,0.01,weighted_cvl,119,1164,386,1,0,0.0,0.060631562503187464,0.07203551270052173,0.021866754246785212,0.01,49,22,38
webis-touche2020,rr,30,0.01,uniform,120,1219,381,1,0,0.0,0.0761553106580888,0.04878974574255538,0.02983837427584904,0.01,49,22,38
webis-touche2020,rr,30,0.01,uniform_nz,120,1162,381,1,0,0.0,0.05662274552160331,0.04878974574255538,0.02983837427584904,0.01,49,22,38
webis-touche2020,rr,30,0.01,weighted,120,1170,381,1,0,0.0,0.04878974574255538,0.04878974574255538,0.02983837427584904,0.01,49,22,38
webis-touche2020,rr,30,0.01,active_judge,120,1135,381,1,0,0.0,0.11303887562058612,0.04878974574255538,0.02983837427584904,0.01,49,22,38
webis-touche2020,rr,30,0.01,strat_pilot,120,1160,381,1,0,0.0,0.04923546123965207,0.04878974574255538,0.02983837427584904,0.01,49,22,38
webis-touche2020,rr,30,0.01,weighted_cv,120,1149,381,1,0,0.0,0.03840404626577716,0.04878974574255538,0.02983837427584904,0.01,49,22,38
webis-touche2020,rr,30,0.01,active_cv,120,1139,381,1,0,0.0,0.0945562063887457,0.04878974574255538,0.02983837427584904,0.01,49,22,38
webis-touche2020,rr,30,0.01,weighted_cvl,120,1152,381,1,0,0.0,0.03646029225512864,0.04878974574255538,0.02983837427584904,0.01,49,22,38
webis-touche2020,rr,30,0.01,uniform,121,1197,371,1,0,0.0,0.0694513374970905,0.04005896762193531,0.07214369789137591,0.01,49,22,38
webis-touche2020,rr,30,0.01,uniform_nz,121,1172,371,1,0,0.0,0.04640446924892776,0.04005896762193531,0.07214369789137591,0.01,49,22,38
webis-touche2020,rr,30,0.01,weighted,121,1181,371,1,0,0.0,0.04005896762193531,0.04005896762193531,0.07214369789137591,0.01,49,22,38
webis-touche2020,rr,30,0.01,active_judge,121,1142,371,1,0,0.0,0.10201943467257915,0.04005896762193531,0.07214369789137591,0.01,49,22,38
webis-touche2020,rr,30,0.01,strat_pilot,121,1175,371,1,0,0.0,0.04031483124593553,0.04005896762193531,0.07214369789137591,0.01,49,22,38
webis-touche2020,rr,30,0.01,weighted_cv,121,1184,371,1,0,0.0,0.03860738753985438,0.04005896762193531,0.07214369789137591,0.01,49,22,38
webis-touche2020,rr,30,0.01,active_cv,121,1164,371,1,0,0.0,0.08254038564494787,0.04005896762193531,0.07214369789137591,0.01,49,22,38
webis-touche2020,rr,30,0.01,weighted_cvl,121,1171,371,1,0,0.0,0.032193704322978745,0.04005896762193531,0.07214369789137591,0.01,49,22,38
webis-touche2020,rr,30,0.01,uniform,122,1142,378,0,0,0.001098070141002938,0.09971991291199381,0.04134958513186061,0.01187050694403637,0.008901929858997062,49,21,37
webis-touche2020,rr,30,0.01,uniform_nz,122,1095,378,0,0,0.001098070141002938,0.07294520452239436,0.04134958513186061,0.01187050694403637,0.008901929858997062,49,21,37
webis-touche2020,rr,30,0.01,weighted,122,1089,378,1,0,0.001098070141002938,0.04134958513186061,0.04134958513186061,0.01187050694403637,0.008901929858997062,49,21,37
webis-touche2020,rr,30,0.01,active_judge,122,1074,378,1,0,0.001098070141002938,0.10763462702651279,0.04134958513186061,0.01187050694403637,0.008901929858997062,49,21,37
webis-touche2020,rr,30,0.01,strat_pilot,122,1077,378,1,0,0.001098070141002938,0.03945029013731178,0.04134958513186061,0.01187050694403637,0.008901929858997062,49,21,37
webis-touche2020,rr,30,0.01,weighted_cv,122,1060,378,1,0,0.001098070141002938,0.03464993930260949,0.04134958513186061,0.01187050694403637,0.008901929858997062,49,21,37
webis-touche2020,rr,30,0.01,active_cv,122,1074,378,1,0,0.001098070141002938,0.06824627661287475,0.04134958513186061,0.01187050694403637,0.008901929858997062,49,21,37
webis-touche2020,rr,30,0.01,weighted_cvl,122,1094,378,1,0,0.001098070141002938,0.033784852381192845,0.04134958513186061,0.01187050694403637,0.008901929858997062,49,21,37
webis-touche2020,rr,30,0.01,uniform,123,1236,384,1,0,0.0,0.12152150761926202,0.06664818977705758,0.048728488860067795,0.01,49,22,38
webis-touche2020,rr,30,0.01,uniform_nz,123,1157,384,1,0,0.0,0.09530587426446538,0.06664818977705758,0.048728488860067795,0.01,49,22,38
webis-touche2020,rr,30,0.01,weighted,123,1135,384,1,0,0.0,0.06664818977705758,0.06664818977705758,0.048728488860067795,0.01,49,22,38
webis-touche2020,rr,30,0.01,active_judge,123,1152,384,1,0,0.0,0.19479826122693697,0.06664818977705758,0.048728488860067795,0.01,49,22,38
webis-touche2020,rr,30,0.01,strat_pilot,123,1173,384,1,0,0.0,0.06652192573594352,0.06664818977705758,0.048728488860067795,0.01,49,22,38
webis-touche2020,rr,30,0.01,weighted_cv,123,1174,384,1,0,0.0,0.06378074692439935,0.06664818977705758,0.048728488860067795,0.01,49,22,38
webis-touche2020,rr,30,0.01,active_cv,123,1144,384,1,0,0.0,0.16663494601115977,0.06664818977705758,0.048728488860067795,0.01,49,22,38
webis-touche2020,rr,30,0.01,weighted_cvl,123,1179,384,1,0,0.0,0.05281414248628423,0.06664818977705758,0.048728488860067795,0.01,49,22,38
webis-touche2020,rr,30,0.01,uniform,124,1259,400,1,0,0.0,0.08862786008031007,0.06519247841173534,0.05879927371975424,0.01,49,22,38
webis-touche2020,rr,30,0.01,uniform_nz,124,1167,400,1,0,0.0,0.07917904415969396,0.06519247841173534,0.05879927371975424,0.01,49,22,38
webis-touche2020,rr,30,0.01,weighted,124,1195,400,1,0,0.0,0.06519247841173534,0.06519247841173534,0.05879927371975424,0.01,49,22,38
webis-touche2020,rr,30,0.01,active_judge,124,1167,400,1,0,0.0,0.11923791149318064,0.06519247841173534,0.05879927371975424,0.01,49,22,38
webis-touche2020,rr,30,0.01,strat_pilot,124,1191,400,1,0,0.0,0.06678634297593654,0.06519247841173534,0.05879927371975424,0.01,49,22,38
webis-touche2020,rr,30,0.01,weighted_cv,124,1190,400,1,0,0.0,0.05709737756775716,0.06519247841173534,0.05879927371975424,0.01,49,22,38
webis-touche2020,rr,30,0.01,active_cv,124,1173,400,1,0,0.0,0.1049815511896589,0.06519247841173534,0.05879927371975424,0.01,49,22,38
webis-touche2020,rr,30,0.01,weighted_cvl,124,1170,400,1,0,0.0,0.053880674876267506,0.06519247841173534,0.05879927371975424,0.01,49,22,38
webis-touche2020,rr,30,0.01,uniform,125,1207,383,1,0,0.0,0.2414525461471626,0.0561791616639157,0.033447805118857754,0.01,49,22,38
webis-touche2020,rr,30,0.01,uniform_nz,125,1181,383,1,0,0.0,0.09875728658391986,0.0561791616639157,0.033447805118857754,0.01,49,22,38
webis-touche2020,rr,30,0.01,weighted,125,1189,383,1,0,0.0,0.0561791616639157,0.0561791616639157,0.033447805118857754,0.01,49,22,38
webis-touche2020,rr,30,0.01,active_judge,125,1196,383,1,0,0.0,0.18109320677004315,0.0561791616639157,0.033447805118857754,0.01,49,22,38
webis-touche2020,rr,30,0.01,strat_pilot,125,1189,383,1,0,0.0,0.05667896931546098,0.0561791616639157,0.033447805118857754,0.01,49,22,38
webis-touche2020,rr,30,0.01,weighted_cv,125,1184,383,1,0,0.0,0.03841078278193803,0.0561791616639157,0.033447805118857754,0.01,49,22,38
webis-touche2020,rr,30,0.01,active_cv,125,1167,383,1,0,0.0,0.0635733811132986,0.0561791616639157,0.033447805118857754,0.01,49,22,38
webis-touche2020,rr,30,0.01,weighted_cvl,125,1191,383,1,0,0.0,0.0375492788876679,0.0561791616639157,0.033447805118857754,0.01,49,22,38
webis-touche2020,rr,30,0.01,uniform,126,1221,376,1,0,0.0,0.07586906938605004,0.03406578021709315,0.05090541267011854,0.01,49,22,38
webis-touche2020,rr,30,0.01,uniform_nz,126,1188,376,1,0,0.0,0.040931170627234,0.03406578021709315,0.05090541267011854,0.01,49,22,38
webis-touche2020,rr,30,0.01,weighted,126,1176,376,1,0,0.0,0.03406578021709315,0.03406578021709315,0.05090541267011854,0.01,49,22,38
webis-touche2020,rr,30,0.01,active_judge,126,1160,376,1,0,0.0,0.08029489160049648,0.03406578021709315,0.05090541267011854,0.01,49,22,38
webis-touche2020,rr,30,0.01,strat_pilot,126,1156,376,1,0,0.0,0.03481317360891933,0.03406578021709315,0.05090541267011854,0.01,49,22,38
webis-touche2020,rr,30,0.01,weighted_cv,126,1173,376,1,0,0.0,0.02917399412224699,0.03406578021709315,0.05090541267011854,0.01,49,22,38
webis-touche2020,rr,30,0.01,active_cv,126,1153,376,1,0,0.0,0.05623980707562922,0.03406578021709315,0.05090541267011854,0.01,49,22,38
webis-touche2020,rr,30,0.01,weighted_cvl,126,1172,376,1,0,0.0,0.02904508666362281,0.03406578021709315,0.05090541267011854,0.01,49,22,38
webis-touche2020,rr,30,0.01,uniform,127,1236,371,1,0,0.0,0.06517240893069456,0.03926886522925003,0.013850210419095867,0.01,49,22,38
webis-touche2020,rr,30,0.01,uniform_nz,127,1144,371,1,0,0.0,0.05333030967710506,0.03926886522925003,0.013850210419095867,0.01,49,22,38
webis-touche2020,rr,30,0.01,weighted,127,1139,371,1,0,0.0,0.03926886522925003,0.03926886522925003,0.013850210419095867,0.01,49,22,38
webis-touche2020,rr,30,0.01,active_judge,127,1127,371,1,0,0.0,0.09213851443401003,0.03926886522925003,0.013850210419095867,0.01,49,22,38
webis-touche2020,rr,30,0.01,strat_pilot,127,1139,371,1,0,0.0,0.039077231077903625,0.03926886522925003,0.013850210419095867,0.01,49,22,38
webis-touche2020,rr,30,0.01,weighted_cv,127,1136,371,1,0,0.0,0.03357466670786183,0.03926886522925003,0.013850210419095867,0.01,49,22,38
webis-touche2020,rr,30,0.01,active_cv,127,1142,371,1,0,0.0,0.07247272401575577,0.03926886522925003,0.013850210419095867,0.01,49,22,38
webis-touche2020,rr,30,0.01,weighted_cvl,127,1152,371,1,0,0.0,0.030898430788924597,0.03926886522925003,0.013850210419095867,0.01,49,22,38
webis-touche2020,rr,30,0.01,uniform,128,1197,368,1,0,0.0,0.23443553181745247,0.061855681293849496,0.061417209811172664,0.01,49,22,38
webis-touche2020,rr,30,0.01,uniform_nz,128,1168,368,1,0,0.0,0.10143048724264385,0.061855681293849496,0.061417209811172664,0.01,49,22,38
webis-touche2020,rr,30,0.01,weighted,128,1161,368,1,0,0.0,0.061855681293849496,0.061855681293849496,0.061417209811172664,0.01,49,22,38
webis-touche2020,rr,30,0.01,active_judge,128,1151,368,1,0,0.0,0.1911181686225334,0.061855681293849496,0.061417209811172664,0.01,49,22,38
webis-touche2020,rr,30,0.01,strat_pilot,128,1152,368,1,0,0.0,0.0636115059048861,0.061855681293849496,0.061417209811172664,0.01,49,22,38
webis-touche2020,rr,30,0.01,weighted_cv,128,1168,368,1,0,0.0,0.04684398987831338,0.061855681293849496,0.061417209811172664,0.01,49,22,38
webis-touche2020,rr,30,0.01,active_cv,128,1157,368,1,0,0.0,0.13214921915409866,0.061855681293849496,0.061417209811172664,0.01,49,22,38
webis-touche2020,rr,30,0.01,weighted_cvl,128,1162,368,1,0,0.0,0.046842070515745696,0.061855681293849496,0.061417209811172664,0.01,49,22,38
webis-touche2020,rr,30,0.01,uniform,129,1253,369,1,0,0.0,0.09304762834575445,0.06961821776384622,0.07686641617756168,0.01,49,24,38
webis-touche2020,rr,30,0.01,uniform_nz,129,1258,369,1,0,0.0,0.07842764139047491,0.06961821776384622,0.07686641617756168,0.01,49,24,38
webis-touche2020,rr,30,0.01,weighted,129,1249,369,1,0,0.0,0.06961821776384622,0.06961821776384622,0.07686641617756168,0.01,49,24,38
webis-touche2020,rr,30,0.01,active_judge,129,1255,369,1,0,0.0,0.1477800340997057,0.06961821776384622,0.07686641617756168,0.01,49,24,38
webis-touche2020,rr,30,0.01,strat_pilot,129,1246,369,1,0,0.0,0.07045998183804214,0.06961821776384622,0.07686641617756168,0.01,49,24,38
webis-touche2020,rr,30,0.01,weighted_cv,129,1298,369,1,0,0.0,0.06526940380706134,0.06961821776384622,0.07686641617756168,0.01,49,24,38
webis-touche2020,rr,30,0.01,active_cv,129,1246,369,1,0,0.0,0.146501793203952,0.06961821776384622,0.07686641617756168,0.01,49,24,38
webis-touche2020,rr,30,0.01,weighted_cvl,129,1276,369,1,0,0.0,0.054938593290067915,0.06961821776384622,0.07686641617756168,0.01,49,24,38
webis-touche2020,rr,30,0.01,uniform,130,1198,376,1,0,0.0,0.2213583639070674,0.04768322730565496,0.062129604864158645,0.01,49,22,38
webis-touche2020,rr,30,0.01,uniform_nz,130,1154,376,1,0,0.0,0.08650848219079046,0.04768322730565496,0.062129604864158645,0.01,49,22,38
webis-touche2020,rr,30,0.01,weighted,130,1141,376,1,0,0.0,0.04768322730565496,0.04768322730565496,0.062129604864158645,0.01,49,22,38
webis-touche2020,rr,30,0.01,active_judge,130,1151,376,1,0,0.0,0.15724260686884445,0.04768322730565496,0.062129604864158645,0.01,49,22,38
webis-touche2020,rr,30,0.01,strat_pilot,130,1190,376,1,0,0.0,0.049363235589650015,0.04768322730565496,0.062129604864158645,0.01,49,22,38
webis-touche2020,rr,30,0.01,weighted_cv,130,1155,376,1,0,0.0,0.030668831737876275,0.04768322730565496,0.062129604864158645,0.01,49,22,38
webis-touche2020,rr,30,0.01,active_cv,130,1141,376,1,0,0.0,0.0434273433251192,0.04768322730565496,0.062129604864158645,0.01,49,22,38
webis-touche2020,rr,30,0.01,weighted_cvl,130,1157,376,1,0,0.0,0.030199149571736594,0.04768322730565496,0.062129604864158645,0.01,49,22,38
webis-touche2020,rr,30,0.01,uniform,131,1241,394,1,0,0.0,0.08443987089431086,0.041329019252327515,0.01764054572878101,0.01,49,22,38
webis-touche2020,rr,30,0.01,uniform_nz,131,1177,394,1,0,0.0,0.055315971200234335,0.041329019252327515,0.01764054572878101,0.01,49,22,38
webis-touche2020,rr,30,0.01,weighted,131,1178,394,1,0,0.0,0.041329019252327515,0.041329019252327515,0.01764054572878101,0.01,49,22,38
webis-touche2020,rr,30,0.01,active_judge,131,1184,394,1,0,0.0,0.06304653567549835,0.041329019252327515,0.01764054572878101,0.01,49,22,38
webis-touche2020,rr,30,0.01,strat_pilot,131,1181,394,1,0,0.0,0.04120046912552684,0.041329019252327515,0.01764054572878101,0.01,49,22,38
webis-touche2020,rr,30,0.01,weighted_cv,131,1176,394,1,0,0.0,0.03948098713897501,0.041329019252327515,0.01764054572878101,0.01,49,22,38
webis-touche2020,rr,30,0.01,active_cv,131,1176,394,1,0,0.0,0.10648966277928804,0.041329019252327515,0.01764054572878101,0.01,49,22,38
webis-touche2020,rr,30,0.01,weighted_cvl,131,1194,394,1,0,0.0,0.03997555546107806,0.041329019252327515,0.01764054572878101,0.01,49,22,38
webis-touche2020,rr,30,0.01,uniform,132,1328,382,1,0,0.0,0.08866223059815924,0.06279665833322517,0.04904145077563438,0.01,49,24,38
webis-touche2020,rr,30,0.01,uniform_nz,132,1274,382,1,0,0.0,0.06841456239172759,0.06279665833322517,0.04904145077563438,0.01,49,24,38
webis-touche2020,rr,30,0.01,weighted,132,1298,382,1,0,0.0,0.06279665833322517,0.06279665833322517,0.04904145077563438,0.01,49,24,38
webis-touche2020,rr,30,0.01,active_judge,132,1272,382,1,0,0.0,0.15506055328367488,0.06279665833322517,0.04904145077563438,0.01,49,24,38
webis-touche2020,rr,30,0.01,strat_pilot,132,1266,382,1,0,0.0,0.06362351660475721,0.06279665833322517,0.04904145077563438,0.01,49,24,38
webis-touche2020,rr,30,0.01,weighted_cv,132,1298,382,1,0,0.0,0.05264026646299504,0.06279665833322517,0.04904145077563438,0.01,49,24,38
webis-touche2020,rr,30,0.01,active_cv,132,1266,382,1,0,0.0,0.08477487966210792,0.06279665833322517,0.04904145077563438,0.01,49,24,38
webis-touche2020,rr,30,0.01,weighted_cvl,132,1285,382,1,0,0.0,0.05225717792517669,0.06279665833322517,0.04904145077563438,0.01,49,24,38
webis-touche2020,rr,30,0.01,uniform,133,1248,384,1,0,0.0,0.07035474257012493,0.051701631246133375,0.05647798380383519,0.01,49,22,38
webis-touche2020,rr,30,0.01,uniform_nz,133,1158,384,1,0,0.0,0.05653884110679795,0.051701631246133375,0.05647798380383519,0.01,49,22,38
webis-touche2020,rr,30,0.01,weighted,133,1140,384,1,0,0.0,0.051701631246133375,0.051701631246133375,0.05647798380383519,0.01,49,22,38
webis-touche2020,rr,30,0.01,active_judge,133,1158,384,1,0,0.0,0.11187404727191144,0.051701631246133375,0.05647798380383519,0.01,49,22,38
webis-touche2020,rr,30,0.01,strat_pilot,133,1137,384,1,0,0.0,0.05316669673924579,0.051701631246133375,0.05647798380383519,0.01,49,22,38
webis-touche2020,rr,30,0.01,weighted_cv,133,1156,384,1,0,0.0,0.04269957058584884,0.051701631246133375,0.05647798380383519,0.01,49,22,38
webis-touche2020,rr,30,0.01,active_cv,133,1137,384,1,0,0.0,0.07936921865100187,0.051701631246133375,0.05647798380383519,0.01,49,22,38
webis-touche2020,rr,30,0.01,weighted_cvl,133,1173,384,1,0,0.0,0.040182508781348235,0.051701631246133375,0.05647798380383519,0.01,49,22,38
webis-touche2020,rr,30,0.01,uniform,134,1285,374,1,0,0.0,0.2509736984318964,0.087246581440804,0.08416614259493511,0.01,49,24,38
webis-touche2020,rr,30,0.01,uniform_nz,134,1283,374,1,0,0.0,0.1599480913072115,0.087246581440804,0.08416614259493511,0.01,49,24,38
webis-touche2020,rr,30,0.01,weighted,134,1266,374,1,0,0.0,0.087246581440804,0.087246581440804,0.08416614259493511,0.01,49,24,38
webis-touche2020,rr,30,0.01,active_judge,134,1244,374,1,0,0.0,0.25479678201036954,0.087246581440804,0.08416614259493511,0.01,49,24,38
webis-touche2020,rr,30,0.01,strat_pilot,134,1262,374,1,0,0.0,0.08796475167162823,0.087246581440804,0.08416614259493511,0.01,49,24,38
webis-touche2020,rr,30,0.01,weighted_cv,134,1287,374,1,0,0.0,0.06236898723917583,0.087246581440804,0.08416614259493511,0.01,49,24,38
webis-touche2020,rr,30,0.01,active_cv,134,1241,374,1,0,0.0,0.09275917346960934,0.087246581440804,0.08416614259493511,0.01,49,24,38
webis-touche2020,rr,30,0.01,weighted_cvl,134,1253,374,1,0,0.0,0.06013448910262401,0.087246581440804,0.08416614259493511,0.01,49,24,38
webis-touche2020,rr,30,0.01,uniform,135,1217,384,1,0,0.0,0.23622331107602862,0.06680558280120388,0.06341386672908414,0.01,49,22,38
webis-touche2020,rr,30,0.01,uniform_nz,135,1182,384,1,0,0.0,0.10874734474303734,0.06680558280120388,0.06341386672908414,0.01,49,22,38
webis-touche2020,rr,30,0.01,weighted,135,1176,384,1,0,0.0,0.06680558280120388,0.06680558280120388,0.06341386672908414,0.01,49,22,38
webis-touche2020,rr,30,0.01,active_judge,135,1147,384,1,0,0.0,0.1880489857472194,0.06680558280120388,0.06341386672908414,0.01,49,22,38
webis-touche2020,rr,30,0.01,strat_pilot,135,1187,384,1,0,0.0,0.06776036881614747,0.06680558280120388,0.06341386672908414,0.01,49,22,38
webis-touche2020,rr,30,0.01,weighted_cv,135,1165,384,1,0,0.0,0.05065897296329067,0.06680558280120388,0.06341386672908414,0.01,49,22,38
webis-touche2020,rr,30,0.01,active_cv,135,1173,384,1,0,0.0,0.08615821296653452,0.06680558280120388,0.06341386672908414,0.01,49,22,38
webis-touche2020,rr,30,0.01,weighted_cvl,135,1157,384,1,0,0.0,0.046399027709135884,0.06680558280120388,0.06341386672908414,0.01,49,22,38
webis-touche2020,rr,30,0.01,uniform,136,1229,387,1,0,0.0,0.06590046480239145,0.03897694070797141,0.039715034420916784,0.01,49,22,38
webis-touche2020,rr,30,0.01,uniform_nz,136,1171,387,1,0,0.0,0.047857624203705755,0.03897694070797141,0.039715034420916784,0.01,49,22,38
webis-touche2020,rr,30,0.01,weighted,136,1174,387,1,0,0.0,0.03897694070797141,0.03897694070797141,0.039715034420916784,0.01,49,22,38
webis-touche2020,rr,30,0.01,active_judge,136,1163,387,1,0,0.0,0.0818821633053052,0.03897694070797141,0.039715034420916784,0.01,49,22,38
webis-touche2020,rr,30,0.01,strat_pilot,136,1189,387,1,0,0.0,0.0395563010113018,0.03897694070797141,0.039715034420916784,0.01,49,22,38
webis-touche2020,rr,30,0.01,weighted_cv,136,1193,387,1,0,0.0,0.03217550788551815,0.03897694070797141,0.039715034420916784,0.01,49,22,38
webis-touche2020,rr,30,0.01,active_cv,136,1165,387,1,0,0.0,0.05195787816710249,0.03897694070797141,0.039715034420916784,0.01,49,22,38
webis-touche2020,rr,30,0.01,weighted_cvl,136,1188,387,1,0,0.0,0.03110993222466745,0.03897694070797141,0.039715034420916784,0.01,49,22,38
webis-touche2020,rr,30,0.01,uniform,137,1258,376,1,0,0.0,0.06659465033087497,0.052456917616329125,0.0650650185512166,0.01,49,24,38
webis-touche2020,rr,30,0.01,uniform_nz,137,1257,376,1,0,0.0,0.05383536959508084,0.052456917616329125,0.0650650185512166,0.01,49,24,38
webis-touche2020,rr,30,0.01,weighted,137,1290,376,1,0,0.0,0.052456917616329125,0.052456917616329125,0.0650650185512166,0.01,49,24,38
webis-touche2020,rr,30,0.01,active_judge,137,1264,376,1,0,0.0,0.0957258990428749,0.052456917616329125,0.0650650185512166,0.01,49,24,38
webis-touche2020,rr,30,0.01,strat_pilot,137,1276,376,1,0,0.0,0.05300879698437796,0.052456917616329125,0.0650650185512166,0.01,49,24,38
webis-touche2020,rr,30,0.01,weighted_cv,137,1283,376,1,0,0.0,0.04462820705320851,0.052456917616329125,0.0650650185512166,0.01,49,24,38
webis-touche2020,rr,30,0.01,active_cv,137,1260,376,1,0,0.0,0.07740724920264802,0.052456917616329125,0.0650650185512166,0.01,49,24,38
webis-touche2020,rr,30,0.01,weighted_cvl,137,1250,376,1,0,0.0,0.04212145139603367,0.052456917616329125,0.0650650185512166,0.01,49,24,38
webis-touche2020,rr,30,0.01,uniform,138,1213,382,1,0,0.0,0.05897702194157176,0.042645475442777206,0.05109343520256832,0.01,49,22,38
webis-touche2020,rr,30,0.01,uniform_nz,138,1161,382,1,0,0.0,0.048746749454675095,0.042645475442777206,0.05109343520256832,0.01,49,22,38
webis-touche2020,rr,30,0.01,weighted,138,1153,382,1,0,0.0,0.042645475442777206,0.042645475442777206,0.05109343520256832,0.01,49,22,38
webis-touche2020,rr,30,0.01,active_judge,138,1137,382,1,0,0.0,0.09098225474017427,0.042645475442777206,0.05109343520256832,0.01,49,22,38
webis-touche2020,rr,30,0.01,strat_pilot,138,1178,382,1,0,0.0,0.04306327277994461,0.042645475442777206,0.05109343520256832,0.01,49,22,38
webis-touche2020,rr,30,0.01,weighted_cv,138,1158,382,1,0,0.0,0.03823959497469674,0.042645475442777206,0.05109343520256832,0.01,49,22,38
webis-touche2020,rr,30,0.01,active_cv,138,1137,382,1,0,0.0,0.07783003868469866,0.042645475442777206,0.05109343520256832,0.01,49,22,38
webis-touche2020,rr,30,0.01,weighted_cvl,138,1173,382,1,0,0.0,0.03649414562727749,0.042645475442777206,0.05109343520256832,0.01,49,22,38
webis-touche2020,rr,30,0.01,uniform,139,1151,368,0,0,0.00047630470594373087,0.07589710049734583,0.0397289208141217,0.01739703536917159,0.00952369529405627,49,21,37
webis-touche2020,rr,30,0.01,uniform_nz,139,1075,368,1,0,0.00047630470594373087,0.051522758661571876,0.0397289208141217,0.01739703536917159,0.00952369529405627,49,21,37
webis-touche2020,rr,30,0.01,weighted,139,1032,368,1,0,0.00047630470594373087,0.0397289208141217,0.0397289208141217,0.01739703536917159,0.00952369529405627,49,21,37
webis-touche2020,rr,30,0.01,active_judge,139,1044,368,1,0,0.00047630470594373087,0.11005554613831206,0.0397289208141217,0.01739703536917159,0.00952369529405627,49,21,37
webis-touche2020,rr,30,0.01,strat_pilot,139,1070,368,1,0,0.00047630470594373087,0.038848114208450656,0.0397289208141217,0.01739703536917159,0.00952369529405627,49,21,37
webis-touche2020,rr,30,0.01,weighted_cv,139,1061,368,1,0,0.00047630470594373087,0.03750121498188124,0.0397289208141217,0.01739703536917159,0.00952369529405627,49,21,37
webis-touche2020,rr,30,0.01,active_cv,139,1052,368,1,0,0.00047630470594373087,0.10069700140304949,0.0397289208141217,0.01739703536917159,0.00952369529405627,49,21,37
webis-touche2020,rr,30,0.01,weighted_cvl,139,1042,368,1,0,0.00047630470594373087,0.03761795824671328,0.0397289208141217,0.01739703536917159,0.00952369529405627,49,21,37
webis-touche2020,rr,30,0.01,uniform,140,1312,386,1,0,0.0,0.09350826908820915,0.05044604027838852,0.012330296683170535,0.01,49,24,38
webis-touche2020,rr,30,0.01,uniform_nz,140,1299,386,1,0,0.0,0.05832348189885846,0.05044604027838852,0.012330296683170535,0.01,49,24,38
webis-touche2020,rr,30,0.01,weighted,140,1270,386,1,0,0.0,0.05044604027838852,0.05044604027838852,0.012330296683170535,0.01,49,24,38
webis-touche2020,rr,30,0.01,active_judge,140,1269,386,1,0,0.0,0.08787195825841373,0.05044604027838852,0.012330296683170535,0.01,49,24,38
webis-touche2020,rr,30,0.01,strat_pilot,140,1312,386,1,0,0.0,0.050612798431800235,0.05044604027838852,0.012330296683170535,0.01,49,24,38
webis-touche2020,rr,30,0.01,weighted_cv,140,1309,386,1,0,0.0,0.0454199100192959,0.05044604027838852,0.012330296683170535,0.01,49,24,38
webis-touche2020,rr,30,0.01,active_cv,140,1287,386,1,0,0.0,0.08797676621537348,0.05044604027838852,0.012330296683170535,0.01,49,24,38
webis-touche2020,rr,30,0.01,weighted_cvl,140,1269,386,1,0,0.0,0.04302392891883326,0.05044604027838852,0.012330296683170535,0.01,49,24,38
webis-touche2020,rr,30,0.01,uniform,141,1225,384,1,0,0.0,0.24306285629352525,0.05189084915859713,0.04548342516628961,0.01,49,22,38
webis-touche2020,rr,30,0.01,uniform_nz,141,1197,384,1,0,0.0,0.09617523641149747,0.05189084915859713,0.04548342516628961,0.01,49,22,38
webis-touche2020,rr,30,0.01,weighted,141,1196,384,1,0,0.0,0.05189084915859713,0.05189084915859713,0.04548342516628961,0.01,49,22,38
webis-touche2020,rr,30,0.01,active_judge,141,1192,384,1,0,0.0,0.1692963029335725,0.05189084915859713,0.04548342516628961,0.01,49,22,38
webis-touche2020,rr,30,0.01,strat_pilot,141,1206,384,1,0,0.0,0.053030915231271125,0.05189084915859713,0.04548342516628961,0.01,49,22,38
webis-touche2020,rr,30,0.01,weighted_cv,141,1209,384,1,0,0.0,0.03618698481924095,0.05189084915859713,0.04548342516628961,0.01,49,22,38
webis-touche2020,rr,30,0.01,active_cv,141,1186,384,1,0,0.0,0.05646423664656959,0.05189084915859713,0.04548342516628961,0.01,49,22,38
webis-touche2020,rr,30,0.01,weighted_cvl,141,1209,384,1,0,0.0,0.03832678445880529,0.05189084915859713,0.04548342516628961,0.01,49,22,38
webis-touche2020,rr,30,0.01,uniform,142,1118,372,0,0,0.0,0.06569719630835527,0.03530349249595722,0.017106741723749395,0.01,49,21,37
webis-touche2020,rr,30,0.01,uniform_nz,142,1071,372,1,0,0.0,0.04935048922293458,0.03530349249595722,0.017106741723749395,0.01,49,21,37
webis-touche2020,rr,30,0.01,weighted,142,1061,372,1,0,0.0,0.03530349249595722,0.03530349249595722,0.017106741723749395,0.01,49,21,37
webis-touche2020,rr,30,0.01,active_judge,142,1067,372,0,0,0.0,0.07455384236484527,0.03530349249595722,0.017106741723749395,0.01,49,21,37
webis-touche2020,rr,30,0.01,strat_pilot,142,1069,372,1,0,0.0,0.03402107312324857,0.03530349249595722,0.017106741723749395,0.01,49,21,37
webis-touche2020,rr,30,0.01,weighted_cv,142,1081,372,1,0,0.0,0.02844507670920111,0.03530349249595722,0.017106741723749395,0.01,49,21,37
webis-touche2020,rr,30,0.01,active_cv,142,1041,372,0,0,0.0,0.0617411509521788,0.03530349249595722,0.017106741723749395,0.01,49,21,37
webis-touche2020,rr,30,0.01,weighted_cvl,142,1078,372,1,0,0.0,0.028969592077905816,0.03530349249595722,0.017106741723749395,0.01,49,21,37
webis-touche2020,rr,30,0.01,uniform,143,1163,379,1,0,0.0,0.05447505697257142,0.027675634606391296,0.03875755135817055,0.01,49,21,38
webis-touche2020,rr,30,0.01,uniform_nz,143,1131,379,1,0,0.0,0.031794999845307995,0.027675634606391296,0.03875755135817055,0.01,49,21,38
webis-touche2020,rr,30,0.01,weighted,143,1104,379,1,0,0.0,0.027675634606391296,0.027675634606391296,0.03875755135817055,0.01,49,21,38
webis-touche2020,rr,30,0.01,active_judge,143,1122,379,1,0,0.0,0.07160655013200054,0.027675634606391296,0.03875755135817055,0.01,49,21,38
webis-touche2020,rr,30,0.01,strat_pilot,143,1125,379,1,0,0.0,0.028210232514598133,0.027675634606391296,0.03875755135817055,0.01,49,21,38
webis-touche2020,rr,30,0.01,weighted_cv,143,1111,379,1,0,0.0,0.023987913742629385,0.027675634606391296,0.03875755135817055,0.01,49,21,38
webis-touche2020,rr,30,0.01,active_cv,143,1113,379,1,0,0.0,0.029537715657817404,0.027675634606391296,0.03875755135817055,0.01,49,21,38
webis-touche2020,rr,30,0.01,weighted_cvl,143,1135,379,1,0,0.0,0.023943201343294154,0.027675634606391296,0.03875755135817055,0.01,49,21,38
webis-touche2020,rr,30,0.01,uniform,144,1237,389,1,0,0.0,0.058225995554505236,0.03622690784644007,0.04665261234903853,0.01,49,22,38
webis-touche2020,rr,30,0.01,uniform_nz,144,1172,389,1,0,0.0,0.04571191138458171,0.03622690784644007,0.04665261234903853,0.01,49,22,38
webis-touche2020,rr,30,0.01,weighted,144,1182,389,1,0,0.0,0.03622690784644007,0.03622690784644007,0.04665261234903853,0.01,49,22,38
webis-touche2020,rr,30,0.01,active_judge,144,1163,389,1,0,0.0,0.07823134925897897,0.03622690784644007,0.04665261234903853,0.01,49,22,38
webis-touche2020,rr,30,0.01,strat_pilot,144,1202,389,1,0,0.0,0.0364535481696386,0.03622690784644007,0.04665261234903853,0.01,49,22,38
webis-touche2020,rr,30,0.01,weighted_cv,144,1194,389,1,0,0.0,0.02963281505557864,0.03622690784644007,0.04665261234903853,0.01,49,22,38
webis-touche2020,rr,30,0.01,active_cv,144,1168,389,1,0,0.0,0.048021625543271905,0.03622690784644007,0.04665261234903853,0.01,49,22,38
webis-touche2020,rr,30,0.01,weighted_cvl,144,1193,389,1,0,0.0,0.029661267779014917,0.03622690784644007,0.04665261234903853,0.01,49,22,38
webis-touche2020,rr,30,0.01,uniform,145,1246,392,1,0,0.0,0.09017991476582346,0.044206958822717565,0.028817934301680413,0.01,49,22,38
webis-touche2020,rr,30,0.01,uniform_nz,145,1212,392,1,0,0.0,0.05315963378487919,0.044206958822717565,0.028817934301680413,0.01,49,22,38
webis-touche2020,rr,30,0.01,weighted,145,1181,392,1,0,0.0,0.044206958822717565,0.044206958822717565,0.028817934301680413,0.01,49,22,38
webis-touche2020,rr,30,0.01,active_judge,145,1190,392,1,0,0.0,0.10097159456179394,0.044206958822717565,0.028817934301680413,0.01,49,22,38
webis-touche2020,rr,30,0.01,strat_pilot,145,1173,392,1,0,0.0,0.044690943127785605,0.044206958822717565,0.028817934301680413,0.01,49,22,38
webis-touche2020,rr,30,0.01,weighted_cv,145,1196,392,1,0,0.0,0.03515709607250294,0.044206958822717565,0.028817934301680413,0.01,49,22,38
webis-touche2020,rr,30,0.01,active_cv,145,1180,392,1,0,0.0,0.05100880378078025,0.044206958822717565,0.028817934301680413,0.01,49,22,38
webis-touche2020,rr,30,0.01,weighted_cvl,145,1196,392,1,0,0.0,0.03410707559428367,0.044206958822717565,0.028817934301680413,0.01,49,22,38
webis-touche2020,rr,30,0.01,uniform,146,1212,370,1,0,0.0,0.06304754571411933,0.036304645428165895,0.06603935469415344,0.01,49,22,38
webis-touche2020,rr,30,0.01,uniform_nz,146,1143,370,1,0,0.0,0.042265255123437165,0.036304645428165895,0.06603935469415344,0.01,49,22,38
webis-touche2020,rr,30,0.01,weighted,146,1156,370,1,0,0.0,0.036304645428165895,0.036304645428165895,0.06603935469415344,0.01,49,22,38
webis-touche2020,rr,30,0.01,active_judge,146,1160,370,1,0,0.0,0.08746260067692868,0.036304645428165895,0.06603935469415344,0.01,49,22,38
webis-touche2020,rr,30,0.01,strat_pilot,146,1155,370,1,0,0.0,0.0363571247764979,0.036304645428165895,0.06603935469415344,0.01,49,22,38
webis-touche2020,rr,30,0.01,weighted_cv,146,1159,370,1,0,0.0,0.034046883450681645,0.036304645428165895,0.06603935469415344,0.01,49,22,38
webis-touche2020,rr,30,0.01,active_cv,146,1147,370,1,0,0.0,0.062226246318793685,0.036304645428165895,0.06603935469415344,0.01,49,22,38
webis-touche2020,rr,30,0.01,weighted_cvl,146,1167,370,1,0,0.0,0.03273148887747881,0.036304645428165895,0.06603935469415344,0.01,49,22,38
webis-touche2020,rr,30,0.01,uniform,147,1289,383,1,0,0.0,0.07714043696614863,0.060087628721673746,0.08770034721165193,0.01,49,24,38
webis-touche2020,rr,30,0.01,uniform_nz,147,1295,383,1,0,0.0,0.06722249615811884,0.060087628721673746,0.08770034721165193,0.01,49,24,38
webis-touche2020,rr,30,0.01,weighted,147,1281,383,1,0,0.0,0.060087628721673746,0.060087628721673746,0.08770034721165193,0.01,49,24,38
webis-touche2020,rr,30,0.01,active_judge,147,1282,383,1,0,0.0,0.1354666250243559,0.060087628721673746,0.08770034721165193,0.01,49,24,38
webis-touche2020,rr,30,0.01,strat_pilot,147,1268,383,1,0,0.0,0.06123376619176204,0.060087628721673746,0.08770034721165193,0.01,49,24,38
webis-touche2020,rr,30,0.01,weighted_cv,147,1275,383,1,0,0.0,0.057989083114240184,0.060087628721673746,0.08770034721165193,0.01,49,24,38
webis-touche2020,rr,30,0.01,active_cv,147,1253,383,1,0,0.0,0.11729391240520401,0.060087628721673746,0.08770034721165193,0.01,49,24,38
webis-touche2020,rr,30,0.01,weighted_cvl,147,1276,383,1,0,0.0,0.051998208778565334,0.060087628721673746,0.08770034721165193,0.01,49,24,38
webis-touche2020,rr,30,0.01,uniform,148,1309,390,1,0,0.0,0.0953638471180411,0.08066178511731001,0.04658817511893063,0.01,49,24,38
webis-touche2020,rr,30,0.01,uniform_nz,148,1265,390,1,0,0.0,0.08727488366104386,0.08066178511731001,0.04658817511893063,0.01,49,24,38
webis-touche2020,rr,30,0.01,weighted,148,1285,390,1,0,0.0,0.08066178511731001,0.08066178511731001,0.04658817511893063,0.01,49,24,38
webis-touche2020,rr,30,0.01,active_judge,148,1260,390,1,0,0.0,0.1448156172794183,0.08066178511731001,0.04658817511893063,0.01,49,24,38
webis-touche2020,rr,30,0.01,strat_pilot,148,1291,390,1,0,0.0,0.08085990109354345,0.08066178511731001,0.04658817511893063,0.01,49,24,38
webis-touche2020,rr,30,0.01,weighted_cv,148,1294,390,1,0,0.0,0.0764464929829515,0.08066178511731001,0.04658817511893063,0.01,49,24,38
webis-touche2020,rr,30,0.01,active_cv,148,1280,390,1,0,0.0,0.1755044714708805,0.08066178511731001,0.04658817511893063,0.01,49,24,38
webis-touche2020,rr,30,0.01,weighted_cvl,148,1301,390,1,0,0.0,0.07408931330226211,0.08066178511731001,0.04658817511893063,0.01,49,24,38
webis-touche2020,rr,30,0.01,uniform,149,1186,378,1,0,0.0,0.07252048467442308,0.03715556671878069,0.062493166992393,0.01,49,22,38
webis-touche2020,rr,30,0.01,uniform_nz,149,1165,378,1,0,0.0,0.062427406615059244,0.03715556671878069,0.062493166992393,0.01,49,22,38
webis-touche2020,rr,30,0.01,weighted,149,1160,378,1,0,0.0,0.03715556671878069,0.03715556671878069,0.062493166992393,0.01,49,22,38
webis-touche2020,rr,30,0.01,active_judge,149,1140,378,1,0,0.0,0.10877840366398994,0.03715556671878069,0.062493166992393,0.01,49,22,38
webis-touche2020,rr,30,0.01,strat_pilot,149,1155,378,1,0,0.0,0.03873639479141012,0.03715556671878069,0.062493166992393,0.01,49,22,38
webis-touche2020,rr,30,0.01,weighted_cv,149,1174,378,1,0,0.0,0.030184068722781714,0.03715556671878069,0.062493166992393,0.01,49,22,38
webis-touche2020,rr,30,0.01,active_cv,149,1159,378,1,0,0.0,0.060811466803615724,0.03715556671878069,0.062493166992393,0.01,49,22,38
webis-touche2020,rr,30,0.01,weighted_cvl,149,1163,378,1,0,0.0,0.029356675010428497,0.03715556671878069,0.062493166992393,0.01,49,22,38
webis-touche2020,rr,30,0.01,uniform,150,1198,377,1,0,0.0,0.06714236197287207,0.027619464781782767,0.07349398537479031,0.01,49,22,38
webis-touche2020,rr,30,0.01,uniform_nz,150,1194,377,1,0,0.0,0.03245659632532775,0.027619464781782767,0.07349398537479031,0.01,49,22,38
webis-touche2020,rr,30,0.01,weighted,150,1160,377,1,0,0.0,0.027619464781782767,0.027619464781782767,0.07349398537479031,0.01,49,22,38
webis-touche2020,rr,30,0.01,active_judge,150,1150,377,1,0,0.0,0.06765705093720772,0.027619464781782767,0.07349398537479031,0.01,49,22,38
webis-touche2020,rr,30,0.01,strat_pilot,150,1190,377,1,0,0.0,0.028387610073613463,0.027619464781782767,0.07349398537479031,0.01,49,22,38
webis-touche2020,rr,30,0.01,weighted_cv,150,1178,377,1,0,0.0,0.02489996707308945,0.027619464781782767,0.07349398537479031,0.01,49,22,38
webis-touche2020,rr,30,0.01,active_cv,150,1175,377,1,0,0.0,0.04291356043277531,0.027619464781782767,0.07349398537479031,0.01,49,22,38
webis-touche2020,rr,30,0.01,weighted_cvl,150,1181,377,1,0,0.0,0.021740744869923133,0.027619464781782767,0.07349398537479031,0.01,49,22,38
webis-touche2020,rr,30,0.01,uniform,151,1256,389,1,0,0.0,0.11558973448199775,0.05750600732435489,0.07179397147972996,0.01,49,22,38
webis-touche2020,rr,30,0.01,uniform_nz,151,1184,389,1,0,0.0,0.08394798165936332,0.05750600732435489,0.07179397147972996,0.01,49,22,38
webis-touche2020,rr,30,0.01,weighted,151,1183,389,1,0,0.0,0.05750600732435489,0.05750600732435489,0.07179397147972996,0.01,49,22,38
webis-touche2020,rr,30,0.01,active_judge,151,1163,389,1,0,0.0,0.1539805466817093,0.05750600732435489,0.07179397147972996,0.01,49,22,38
webis-touche2020,rr,30,0.01,strat_pilot,151,1200,389,1,0,0.0,0.05743369907762641,0.05750600732435489,0.07179397147972996,0.01,49,22,38
webis-touche2020,rr,30,0.01,weighted_cv,151,1191,389,1,0,0.0,0.04719667381530708,0.05750600732435489,0.07179397147972996,0.01,49,22,38
webis-touche2020,rr,30,0.01,active_cv,151,1156,389,1,0,0.0,0.07841902437858449,0.05750600732435489,0.07179397147972996,0.01,49,22,38
webis-touche2020,rr,30,0.01,weighted_cvl,151,1168,389,1,0,0.0,0.041601119957145036,0.05750600732435489,0.07179397147972996,0.01,49,22,38
webis-touche2020,rr,30,0.01,uniform,152,1213,395,1,0,0.0,0.08907380131667923,0.06132191299141672,0.06483426606397395,0.01,49,22,38
webis-touche2020,rr,30,0.01,uniform_nz,152,1174,395,1,0,0.0,0.0745446850155064,0.06132191299141672,0.06483426606397395,0.01,49,22,38
webis-touche2020,rr,30,0.01,weighted,152,1195,395,1,0,0.0,0.06132191299141672,0.06132191299141672,0.06483426606397395,0.01,49,22,38
webis-touche2020,rr,30,0.01,active_judge,152,1169,395,1,0,0.0,0.1370678250285337,0.06132191299141672,0.06483426606397395,0.01,49,22,38
webis-touche2020,rr,30,0.01,strat_pilot,152,1195,395,1,0,0.0,0.06251976669617111,0.06132191299141672,0.06483426606397395,0.01,49,22,38
webis-touche2020,rr,30,0.01,weighted_cv,152,1167,395,1,0,0.0,0.056099709909775176,0.06132191299141672,0.06483426606397395,0.01,49,22,38
webis-touche2020,rr,30,0.01,active_cv,152,1167,395,1,0,0.0,0.13036865840519035,0.06132191299141672,0.06483426606397395,0.01,49,22,38
webis-touche2020,rr,30,0.01,weighted_cvl,152,1187,395,1,0,0.0,0.05330541530335098,0.06132191299141672,0.06483426606397395,0.01,49,22,38
webis-touche2020,rr,30,0.01,uniform,153,1200,373,1,0,0.0,0.061510821299461726,0.031016661405258765,0.036897791982325547,0.01,49,22,38
webis-touche2020,rr,30,0.01,uniform_nz,153,1169,373,1,0,0.0,0.041564276221135454,0.031016661405258765,0.036897791982325547,0.01,49,22,38
webis-touche2020,rr,30,0.01,weighted,153,1180,373,1,0,0.0,0.031016661405258765,0.031016661405258765,0.036897791982325547,0.01,49,22,38
webis-touche2020,rr,30,0.01,active_judge,153,1158,373,1,0,0.0,0.06474783580727815,0.031016661405258765,0.036897791982325547,0.01,49,22,38
webis-touche2020,rr,30,0.01,strat_pilot,153,1172,373,1,0,0.0,0.03156519364545783,0.031016661405258765,0.036897791982325547,0.01,49,22,38
webis-touche2020,rr,30,0.01,weighted_cv,153,1177,373,1,0,0.0,0.028189655925425206,0.031016661405258765,0.036897791982325547,0.01,49,22,38
webis-touche2020,rr,30,0.01,active_cv,153,1149,373,1,0,0.0,0.0818121252814831,0.031016661405258765,0.036897791982325547,0.01,49,22,38
webis-touche2020,rr,30,0.01,weighted_cvl,153,1151,373,1,0,0.0,0.0257086817306978,0.031016661405258765,0.036897791982325547,0.01,49,22,38
webis-touche2020,rr,30,0.01,uniform,154,1166,376,0,0,0.0,0.08659235610414849,0.033126355686189886,0.03113192535019159,0.01,49,21,38
webis-touche2020,rr,30,0.01,uniform_nz,154,1130,376,1,0,0.0,0.05336881771053176,0.033126355686189886,0.03113192535019159,0.01,49,21,38
webis-touche2020,rr,30,0.01,weighted,154,1124,376,1,0,0.0,0.033126355686189886,0.033126355686189886,0.03113192535019159,0.01,49,21,38
webis-touche2020,rr,30,0.01,active_judge,154,1108,376,1,0,0.0,0.11617180812105617,0.033126355686189886,0.03113192535019159,0.01,49,21,38
webis-touche2020,rr,30,0.01,strat_pilot,154,1117,376,1,0,0.0,0.03342542675675944,0.033126355686189886,0.03113192535019159,0.01,49,21,38
webis-touche2020,rr,30,0.01,weighted_cv,154,1145,376,1,0,0.0,0.025640620597575374,0.033126355686189886,0.03113192535019159,0.01,49,21,38
webis-touche2020,rr,30,0.01,active_cv,154,1111,376,1,0,0.0,0.04322843231914534,0.033126355686189886,0.03113192535019159,0.01,49,21,38
webis-touche2020,rr,30,0.01,weighted_cvl,154,1136,376,1,0,0.0,0.024302483681805816,0.033126355686189886,0.03113192535019159,0.01,49,21,38
webis-touche2020,rr,30,0.01,uniform,155,1206,374,1,0,0.0,0.09945393567158714,0.05571026683245177,0.052352596950120164,0.01,49,22,38
webis-touche2020,rr,30,0.01,uniform_nz,155,1183,374,1,0,0.0,0.06584658156378868,0.05571026683245177,0.052352596950120164,0.01,49,22,38
webis-touche2020,rr,30,0.01,weighted,155,1169,374,1,0,0.0,0.05571026683245177,0.05571026683245177,0.052352596950120164,0.01,49,22,38
webis-touche2020,rr,30,0.01,active_judge,155,1143,374,1,0,0.0,0.1188510735808874,0.05571026683245177,0.052352596950120164,0.01,49,22,38
webis-touche2020,rr,30,0.01,strat_pilot,155,1161,374,1,0,0.0,0.05592609810046677,0.05571026683245177,0.052352596950120164,0.01,49,22,38
webis-touche2020,rr,30,0.01,weighted_cv,155,1172,374,1,0,0.0,0.05029216970167597,0.05571026683245177,0.052352596950120164,0.01,49,22,38
webis-touche2020,rr,30,0.01,active_cv,155,1144,374,1,0,0.0,0.12677667230261808,0.05571026683245177,0.052352596950120164,0.01,49,22,38
webis-touche2020,rr,30,0.01,weighted_cvl,155,1159,374,1,0,0.0,0.04316177753581771,0.05571026683245177,0.052352596950120164,0.01,49,22,38
webis-touche2020,rr,30,0.01,uniform,156,1245,387,1,0,0.0,0.05993611906996972,0.041492506760056516,0.06112294067015429,0.01,49,22,38
webis-touche2020,rr,30,0.01,uniform_nz,156,1153,387,1,0,0.0,0.04658510586212296,0.041492506760056516,0.06112294067015429,0.01,49,22,38
webis-touche2020,rr,30,0.01,weighted,156,1152,387,1,0,0.0,0.041492506760056516,0.041492506760056516,0.06112294067015429,0.01,49,22,38
webis-touche2020,rr,30,0.01,active_judge,156,1156,387,1,0,0.0,0.10787137477615896,0.041492506760056516,0.06112294067015429,0.01,49,22,38
webis-touche2020,rr,30,0.01,strat_pilot,156,1174,387,1,0,0.0,0.042309583157235334,0.041492506760056516,0.06112294067015429,0.01,49,22,38
webis-touche2020,rr,30,0.01,weighted_cv,156,1163,387,1,0,0.0,0.034019788372579025,0.041492506760056516,0.06112294067015429,0.01,49,22,38
webis-touche2020,rr,30,0.01,active_cv,156,1155,387,1,0,0.0,0.051111656503257365,0.041492506760056516,0.06112294067015429,0.01,49,22,38
webis-touche2020,rr,30,0.01,weighted_cvl,156,1156,387,1,0,0.0,0.030973846608181244,0.041492506760056516,0.06112294067015429,0.01,49,22,38
webis-touche2020,rr,30,0.01,uniform,157,1204,383,1,0,0.0,0.09118827389862469,0.0616327276218834,0.04740202928343994,0.01,49,22,38
webis-touche2020,rr,30,0.01,uniform_nz,157,1178,383,1,0,0.0,0.07284343722295245,0.0616327276218834,0.04740202928343994,0.01,49,22,38
webis-touche2020,rr,30,0.01,weighted,157,1146,383,1,0,0.0,0.0616327276218834,0.0616327276218834,0.04740202928343994,0.01,49,22,38
webis-touche2020,rr,30,0.01,active_judge,157,1141,383,1,0,0.0,0.13050693364552232,0.0616327276218834,0.04740202928343994,0.01,49,22,38
webis-touche2020,rr,30,0.01,strat_pilot,157,1147,383,1,0,0.0,0.061977313017852385,0.0616327276218834,0.04740202928343994,0.01,49,22,38
webis-touche2020,rr,30,0.01,weighted_cv,157,1149,383,1,0,0.0,0.051921974940685386,0.0616327276218834,0.04740202928343994,0.01,49,22,38
webis-touche2020,rr,30,0.01,active_cv,157,1149,383,1,0,0.0,0.07667566493767636,0.0616327276218834,0.04740202928343994,0.01,49,22,38
webis-touche2020,rr,30,0.01,weighted_cvl,157,1163,383,1,0,0.0,0.04889663387753878,0.0616327276218834,0.04740202928343994,0.01,49,22,38
webis-touche2020,rr,30,0.01,uniform,158,1230,381,1,0,0.0,0.08575331786143339,0.039464732475892716,0.049058421970186686,0.01,49,22,38
webis-touche2020,rr,30,0.01,uniform_nz,158,1157,381,1,0,0.0,0.06526268898098594,0.039464732475892716,0.049058421970186686,0.01,49,22,38
webis-touche2020,rr,30,0.01,weighted,158,1154,381,1,0,0.0,0.039464732475892716,0.039464732475892716,0.049058421970186686,0.01,49,22,38
webis-touche2020,rr,30,0.01,active_judge,158,1161,381,1,0,0.0,0.12232108204116636,0.039464732475892716,0.049058421970186686,0.01,49,22,38
webis-touche2020,rr,30,0.01,strat_pilot,158,1150,381,1,0,0.0,0.03945040446710878,0.039464732475892716,0.049058421970186686,0.01,49,22,38
webis-touche2020,rr,30,0.01,weighted_cv,158,1163,381,1,0,0.0,0.030811076209703615,0.039464732475892716,0.049058421970186686,0.01,49,22,38
webis-touche2020,rr,30,0.01,active_cv,158,1158,381,1,0,0.0,0.05652308754070294,0.039464732475892716,0.049058421970186686,0.01,49,22,38
webis-touche2020,rr,30,0.01,weighted_cvl,158,1151,381,1,0,0.0,0.028355149282104402,0.039464732475892716,0.049058421970186686,0.01,49,22,38
webis-touche2020,rr,30,0.01,uniform,159,1217,363,1,0,0.0,0.24404156595627718,0.07857452416721962,0.04764538823749348,0.01,49,22,38
webis-touche2020,rr,30,0.01,uniform_nz,159,1147,363,1,0,0.0,0.1217074849884771,0.07857452416721962,0.04764538823749348,0.01,49,22,38
webis-touche2020,rr,30,0.01,weighted,159,1150,363,1,0,0.0,0.07857452416721962,0.07857452416721962,0.04764538823749348,0.01,49,22,38
webis-touche2020,rr,30,0.01,active_judge,159,1129,363,1,0,0.0,0.2156621514173421,0.07857452416721962,0.04764538823749348,0.01,49,22,38
webis-touche2020,rr,30,0.01,strat_pilot,159,1152,363,1,0,0.0,0.07961621066975128,0.07857452416721962,0.04764538823749348,0.01,49,22,38
webis-touche2020,rr,30,0.01,weighted_cv,159,1126,363,1,0,0.0,0.06263154976458547,0.07857452416721962,0.04764538823749348,0.01,49,22,38
webis-touche2020,rr,30,0.01,active_cv,159,1128,363,1,0,0.0,0.1505213439368964,0.07857452416721962,0.04764538823749348,0.01,49,22,38
webis-touche2020,rr,30,0.01,weighted_cvl,159,1149,363,1,0,0.0,0.06180350051243786,0.07857452416721962,0.04764538823749348,0.01,49,22,38
webis-touche2020,rr,30,0.01,uniform,160,1290,370,1,0,0.0,0.09949942995137975,0.06975761227195777,0.10904384789284419,0.01,49,24,38
webis-touche2020,rr,30,0.01,uniform_nz,160,1256,370,1,0,0.0,0.08113975118127775,0.06975761227195777,0.10904384789284419,0.01,49,24,38
webis-touche2020,rr,30,0.01,weighted,160,1270,370,1,0,0.0,0.06975761227195777,0.06975761227195777,0.10904384789284419,0.01,49,24,38
webis-touche2020,rr,30,0.01,active_judge,160,1262,370,1,0,0.0,0.16526571613541477,0.06975761227195777,0.10904384789284419,0.01,49,24,38
webis-touche2020,rr,30,0.01,strat_pilot,160,1260,370,1,0,0.0,0.07128466629196131,0.06975761227195777,0.10904384789284419,0.01,49,24,38
webis-touche2020,rr,30,0.01,weighted_cv,160,1269,370,1,0,0.0,0.05546144368964122,0.06975761227195777,0.10904384789284419,0.01,49,24,38
webis-touche2020,rr,30,0.01,active_cv,160,1259,370,1,0,0.0,0.11318258545812276,0.06975761227195777,0.10904384789284419,0.01,49,24,38
webis-touche2020,rr,30,0.01,weighted_cvl,160,1283,370,1,0,0.0,0.053597918851806536,0.06975761227195777,0.10904384789284419,0.01,49,24,38
webis-touche2020,rr,30,0.01,uniform,161,1228,395,1,0,0.0,0.08156746505477024,0.055214349099088234,0.04857896724305392,0.01,49,22,38
webis-touche2020,rr,30,0.01,uniform_nz,161,1178,395,1,0,0.0,0.06392410109827588,0.055214349099088234,0.04857896724305392,0.01,49,22,38
webis-touche2020,rr,30,0.01,weighted,161,1168,395,1,0,0.0,0.055214349099088234,0.055214349099088234,0.04857896724305392,0.01,49,22,38
webis-touche2020,rr,30,0.01,active_judge,161,1157,395,1,0,0.0,0.11386618439438263,0.055214349099088234,0.04857896724305392,0.01,49,22,38
webis-touche2020,rr,30,0.01,strat_pilot,161,1189,395,1,0,0.0,0.055615661556361086,0.055214349099088234,0.04857896724305392,0.01,49,22,38
webis-touche2020,rr,30,0.01,weighted_cv,161,1174,395,1,0,0.0,0.04928400676973689,0.055214349099088234,0.04857896724305392,0.01,49,22,38
webis-touche2020,rr,30,0.01,active_cv,161,1188,395,1,0,0.0,0.0967343285824828,0.055214349099088234,0.04857896724305392,0.01,49,22,38
webis-touche2020,rr,30,0.01,weighted_cvl,161,1180,395,1,0,0.0,0.04906658992497436,0.055214349099088234,0.04857896724305392,0.01,49,22,38
webis-touche2020,rr,30,0.01,uniform,162,1223,376,1,0,0.0,0.05787958295926141,0.028877099222589665,0.032740974365419104,0.01,49,22,38
webis-touche2020,rr,30,0.01,uniform_nz,162,1167,376,1,0,0.0,0.03724670393039407,0.028877099222589665,0.032740974365419104,0.01,49,22,38
webis-touche2020,rr,30,0.01,weighted,162,1163,376,1,0,0.0,0.028877099222589665,0.028877099222589665,0.032740974365419104,0.01,49,22,38
webis-touche2020,rr,30,0.01,active_judge,162,1155,376,1,0,0.0,0.06187378378311679,0.028877099222589665,0.032740974365419104,0.01,49,22,38
webis-touche2020,rr,30,0.01,strat_pilot,162,1170,376,1,0,0.0,0.02901889883467576,0.028877099222589665,0.032740974365419104,0.01,49,22,38
webis-touche2020,rr,30,0.01,weighted_cv,162,1186,376,1,0,0.0,0.023028908646382153,0.028877099222589665,0.032740974365419104,0.01,49,22,38
webis-touche2020,rr,30,0.01,active_cv,162,1141,376,1,0,0.0,0.037352421140180135,0.028877099222589665,0.032740974365419104,0.01,49,22,38
webis-touche2020,rr,30,0.01,weighted_cvl,162,1161,376,1,0,0.0,0.023956975873350658,0.028877099222589665,0.032740974365419104,0.01,49,22,38
webis-touche2020,rr,30,0.01,uniform,163,1192,375,1,0,0.0,0.0496293486635735,0.0270651481801082,0.026176485078961843,0.01,49,22,38
webis-touche2020,rr,30,0.01,uniform_nz,163,1130,375,1,0,0.0,0.03553650749342332,0.0270651481801082,0.026176485078961843,0.01,49,22,38
webis-touche2020,rr,30,0.01,weighted,163,1166,375,1,0,0.0,0.0270651481801082,0.0270651481801082,0.026176485078961843,0.01,49,22,38
webis-touche2020,rr,30,0.01,active_judge,163,1133,375,1,0,0.0,0.07713596058158483,0.0270651481801082,0.026176485078961843,0.01,49,22,38
webis-touche2020,rr,30,0.01,strat_pilot,163,1148,375,1,0,0.0,0.02779043207111555,0.0270651481801082,0.026176485078961843,0.01,49,22,38
webis-touche2020,rr,30,0.01,weighted_cv,163,1153,375,1,0,0.0,0.023290898630542515,0.0270651481801082,0.026176485078961843,0.01,49,22,38
webis-touche2020,rr,30,0.01,active_cv,163,1125,375,1,0,0.0,0.04683080318629408,0.0270651481801082,0.026176485078961843,0.01,49,22,38
webis-touche2020,rr,30,0.01,weighted_cvl,163,1142,375,1,0,0.0,0.021789679826491527,0.0270651481801082,0.026176485078961843,0.01,49,22,38
webis-touche2020,rr,30,0.01,uniform,164,1205,360,1,0,0.0,0.057182015584049915,0.032398552703354774,0.06230915624087653,0.01,49,22,38
webis-touche2020,rr,30,0.01,uniform_nz,164,1158,360,1,0,0.0,0.03837292030272733,0.032398552703354774,0.06230915624087653,0.01,49,22,38
webis-touche2020,rr,30,0.01,weighted,164,1131,360,1,0,0.0,0.032398552703354774,0.032398552703354774,0.06230915624087653,0.01,49,22,38
webis-touche2020,rr,30,0.01,active_judge,164,1130,360,1,0,0.0,0.07146137113901295,0.032398552703354774,0.06230915624087653,0.01,49,22,38
webis-touche2020,rr,30,0.01,strat_pilot,164,1113,360,1,0,0.0,0.033078890059752675,0.032398552703354774,0.06230915624087653,0.01,49,22,38
webis-touche2020,rr,30,0.01,weighted_cv,164,1104,360,1,0,0.0,0.029338942149914005,0.032398552703354774,0.06230915624087653,0.01,49,22,38
webis-touche2020,rr,30,0.01,active_cv,164,1118,360,1,0,0.0,0.04464536638815031,0.032398552703354774,0.06230915624087653,0.01,49,22,38
webis-touche2020,rr,30,0.01,weighted_cvl,164,1157,360,1,0,0.0,0.02922809872685651,0.032398552703354774,0.06230915624087653,0.01,49,22,38
webis-touche2020,rr,30,0.01,uniform,165,1205,380,1,0,0.0,0.22614265928611257,0.0474665145095307,0.06653627999680634,0.01,49,22,38
webis-touche2020,rr,30,0.01,uniform_nz,165,1154,380,1,0,0.0,0.10421752922230676,0.0474665145095307,0.06653627999680634,0.01,49,22,38
webis-touche2020,rr,30,0.01,weighted,165,1179,380,1,0,0.0,0.0474665145095307,0.0474665145095307,0.06653627999680634,0.01,49,22,38
webis-touche2020,rr,30,0.01,active_judge,165,1152,380,1,0,0.0,0.18508047672743086,0.0474665145095307,0.06653627999680634,0.01,49,22,38
webis-touche2020,rr,30,0.01,strat_pilot,165,1170,380,1,0,0.0,0.04835877062394649,0.0474665145095307,0.06653627999680634,0.01,49,22,38
webis-touche2020,rr,30,0.01,weighted_cv,165,1167,380,1,0,0.0,0.02968916831921496,0.0474665145095307,0.06653627999680634,0.01,49,22,38
webis-touche2020,rr,30,0.01,active_cv,165,1162,380,1,0,0.0,0.05216659458548263,0.0474665145095307,0.06653627999680634,0.01,49,22,38
webis-touche2020,rr,30,0.01,weighted_cvl,165,1154,380,1,0,0.0,0.028514633218461476,0.0474665145095307,0.06653627999680634,0.01,49,22,38
webis-touche2020,rr,30,0.01,uniform,166,1231,385,1,0,0.0,0.11042862676981757,0.057704979729598226,0.0577514723838253,0.01,49,22,38
webis-touche2020,rr,30,0.01,uniform_nz,166,1181,385,1,0,0.0,0.08483188860888459,0.057704979729598226,0.0577514723838253,0.01,49,22,38
webis-touche2020,rr,30,0.01,weighted,166,1176,385,1,0,0.0,0.057704979729598226,0.057704979729598226,0.0577514723838253,0.01,49,22,38
webis-touche2020,rr,30,0.01,active_judge,166,1167,385,1,0,0.0,0.1470299307933375,0.057704979729598226,0.0577514723838253,0.01,49,22,38
webis-touche2020,rr,30,0.01,strat_pilot,166,1195,385,1,0,0.0,0.05863302170684085,0.057704979729598226,0.0577514723838253,0.01,49,22,38
webis-touche2020,rr,30,0.01,weighted_cv,166,1191,385,1,0,0.0,0.052796556561921636,0.057704979729598226,0.0577514723838253,0.01,49,22,38
webis-touche2020,rr,30,0.01,active_cv,166,1173,385,1,0,0.0,0.11600106360524409,0.057704979729598226,0.0577514723838253,0.01,49,22,38
webis-touche2020,rr,30,0.01,weighted_cvl,166,1172,385,1,0,0.0,0.0476328982643133,0.057704979729598226,0.0577514723838253,0.01,49,22,38
webis-touche2020,rr,30,0.01,uniform,167,1209,382,1,0,0.0,0.1014589456554795,0.05465200420088059,0.04073602535273014,0.01,49,22,38
webis-touche2020,rr,30,0.01,uniform_nz,167,1148,382,1,0,0.0,0.08215913083884895,0.05465200420088059,0.04073602535273014,0.01,49,22,38
webis-touche2020,rr,30,0.01,weighted,167,1170,382,1,0,0.0,0.05465200420088059,0.05465200420088059,0.04073602535273014,0.01,49,22,38
webis-touche2020,rr,30,0.01,active_judge,167,1156,382,1,0,0.0,0.14774076971180436,0.05465200420088059,0.04073602535273014,0.01,49,22,38
webis-touche2020,rr,30,0.01,strat_pilot,167,1133,382,1,0,0.0,0.05467373651902704,0.05465200420088059,0.04073602535273014,0.01,49,22,38
webis-touche2020,rr,30,0.01,weighted_cv,167,1184,382,1,0,0.0,0.04857790774519554,0.05465200420088059,0.04073602535273014,0.01,49,22,38
webis-touche2020,rr,30,0.01,active_cv,167,1157,382,1,0,0.0,0.11831324985026978,0.05465200420088059,0.04073602535273014,0.01,49,22,38
webis-touche2020,rr,30,0.01,weighted_cvl,167,1168,382,1,0,0.0,0.04100559125040749,0.05465200420088059,0.04073602535273014,0.01,49,22,38
webis-touche2020,rr,30,0.01,uniform,168,1186,391,1,0,0.0,0.07658755079352145,0.04351673980017461,0.01932146542827657,0.01,49,21,38
webis-touche2020,rr,30,0.01,uniform_nz,168,1089,391,1,0,0.0,0.06492580948917798,0.04351673980017461,0.01932146542827657,0.01,49,21,38
webis-touche2020,rr,30,0.01,weighted,168,1117,391,1,0,0.0,0.04351673980017461,0.04351673980017461,0.01932146542827657,0.01,49,21,38
webis-touche2020,rr,30,0.01,active_judge,168,1097,391,1,0,0.0,0.10906282841881591,0.04351673980017461,0.01932146542827657,0.01,49,21,38
webis-touche2020,rr,30,0.01,strat_pilot,168,1110,391,1,0,0.0,0.039207673636339785,0.04351673980017461,0.01932146542827657,0.01,49,21,38
webis-touche2020,rr,30,0.01,weighted_cv,168,1134,391,1,0,0.0,0.036610640223331645,0.04351673980017461,0.01932146542827657,0.01,49,21,38
webis-touche2020,rr,30,0.01,active_cv,168,1089,391,0,0,0.0,0.060117280530744055,0.04351673980017461,0.01932146542827657,0.01,49,21,38
webis-touche2020,rr,30,0.01,weighted_cvl,168,1097,391,1,0,0.0,0.03327735104146724,0.04351673980017461,0.01932146542827657,0.01,49,21,38
webis-touche2020,rr,30,0.01,uniform,169,1237,383,1,0,0.0,0.06830298213069755,0.03257035929724018,0.05534685705852751,0.01,49,22,38
webis-touche2020,rr,30,0.01,uniform_nz,169,1180,383,1,0,0.0,0.04078926085523968,0.03257035929724018,0.05534685705852751,0.01,49,22,38
webis-touche2020,rr,30,0.01,weighted,169,1173,383,1,0,0.0,0.03257035929724018,0.03257035929724018,0.05534685705852751,0.01,49,22,38
webis-touche2020,rr,30,0.01,active_judge,169,1154,383,1,0,0.0,0.05952569096060856,0.03257035929724018,0.05534685705852751,0.01,49,22,38
webis-touche2020,rr,30,0.01,strat_pilot,169,1171,383,1,0,0.0,0.03302940748616345,0.03257035929724018,0.05534685705852751,0.01,49,22,38
webis-touche2020,rr,30,0.01,weighted_cv,169,1183,383,1,0,0.0,0.028351203171872147,0.03257035929724018,0.05534685705852751,0.01,49,22,38
webis-touche2020,rr,30,0.01,active_cv,169,1167,383,1,0,0.0,0.05423614919140583,0.03257035929724018,0.05534685705852751,0.01,49,22,38
webis-touche2020,rr,30,0.01,weighted_cvl,169,1195,383,1,0,0.0,0.027277335486634358,0.03257035929724018,0.05534685705852751,0.01,49,22,38
webis-touche2020,rr,30,0.01,uniform,170,1239,382,1,0,0.0,0.05158250315473976,0.04268563343912971,0.055446259774635034,0.01,49,22,38
webis-touche2020,rr,30,0.01,uniform_nz,170,1163,382,1,0,0.0,0.045466562739387005,0.04268563343912971,0.055446259774635034,0.01,49,22,38
webis-touche2020,rr,30,0.01,weighted,170,1156,382,1,0,0.0,0.04268563343912971,0.04268563343912971,0.055446259774635034,0.01,49,22,38
webis-touche2020,rr,30,0.01,active_judge,170,1123,382,1,0,0.0,0.0871020315392011,0.04268563343912971,0.055446259774635034,0.01,49,22,38
webis-touche2020,rr,30,0.01,strat_pilot,170,1154,382,1,0,0.0,0.04342831541211852,0.04268563343912971,0.055446259774635034,0.01,49,22,38
webis-touche2020,rr,30,0.01,weighted_cv,170,1129,382,1,0,0.0,0.039421924782816475,0.04268563343912971,0.055446259774635034,0.01,49,22,38
webis-touche2020,rr,30,0.01,active_cv,170,1132,382,1,0,0.0,0.06429939686794164,0.04268563343912971,0.055446259774635034,0.01,49,22,38
webis-touche2020,rr,30,0.01,weighted_cvl,170,1170,382,1,0,0.0,0.03387739288908206,0.04268563343912971,0.055446259774635034,0.01,49,22,38
webis-touche2020,rr,30,0.01,uniform,171,1234,379,0,0,0.04380925383232226,0.08547894905082852,0.045378688106378635,0.024333050420511745,-0.03380925383232226,49,22,38
webis-touche2020,rr,30,0.01,uniform_nz,171,1151,379,0,0,0.04380925383232226,0.057801268938061756,0.045378688106378635,0.024333050420511745,-0.03380925383232226,49,22,38
webis-touche2020,rr,30,0.01,weighted,171,1162,379,0,0,0.04380925383232226,0.045378688106378635,0.045378688106378635,0.024333050420511745,-0.03380925383232226,49,22,38
webis-touche2020,rr,30,0.01,active_judge,171,1149,379,0,0,0.04380925383232226,0.10033162374812137,0.045378688106378635,0.024333050420511745,-0.03380925383232226,49,22,38
webis-touche2020,rr,30,0.01,strat_pilot,171,1131,379,0,0,0.04380925383232226,0.045710442120442646,0.045378688106378635,0.024333050420511745,-0.03380925383232226,49,22,38
webis-touche2020,rr,30,0.01,weighted_cv,171,1155,379,0,0,0.04380925383232226,0.04297928549024308,0.045378688106378635,0.024333050420511745,-0.03380925383232226,49,22,38
webis-touche2020,rr,30,0.01,active_cv,171,1159,379,0,0,0.04380925383232226,0.09796501438228022,0.045378688106378635,0.024333050420511745,-0.03380925383232226,49,22,38
webis-touche2020,rr,30,0.01,weighted_cvl,171,1151,379,0,0,0.04380925383232226,0.04024140705428695,0.045378688106378635,0.024333050420511745,-0.03380925383232226,49,22,38
webis-touche2020,rr,30,0.01,uniform,172,1302,383,1,0,0.0,0.1720708192176155,0.09330573840951431,0.1042626426595127,0.01,49,24,38
webis-touche2020,rr,30,0.01,uniform_nz,172,1293,383,1,0,0.0,0.13428715007289643,0.09330573840951431,0.1042626426595127,0.01,49,24,38
webis-touche2020,rr,30,0.01,weighted,172,1291,383,1,0,0.0,0.09330573840951431,0.09330573840951431,0.1042626426595127,0.01,49,24,38
webis-touche2020,rr,30,0.01,active_judge,172,1268,383,1,0,0.0,0.25794085537315975,0.09330573840951431,0.1042626426595127,0.01,49,24,38
webis-touche2020,rr,30,0.01,strat_pilot,172,1290,383,1,0,0.0,0.09496137259610737,0.09330573840951431,0.1042626426595127,0.01,49,24,38
webis-touche2020,rr,30,0.01,weighted_cv,172,1295,383,1,0,0.0,0.07076956706075999,0.09330573840951431,0.1042626426595127,0.01,49,24,38
webis-touche2020,rr,30,0.01,active_cv,172,1263,383,1,0,0.0,0.12181194008190555,0.09330573840951431,0.1042626426595127,0.01,49,24,38
webis-touche2020,rr,30,0.01,weighted_cvl,172,1291,383,1,0,0.0,0.06387976151602444,0.09330573840951431,0.1042626426595127,0.01,49,24,38
webis-touche2020,rr,30,0.01,uniform,173,1289,380,1,0,0.0,0.08122750118757309,0.06343072193985866,0.0846883709261344,0.01,49,24,38
webis-touche2020,rr,30,0.01,uniform_nz,173,1279,380,1,0,0.0,0.07053768956630785,0.06343072193985866,0.0846883709261344,0.01,49,24,38
webis-touche2020,rr,30,0.01,weighted,173,1300,380,1,0,0.0,0.06343072193985866,0.06343072193985866,0.0846883709261344,0.01,49,24,38
webis-touche2020,rr,30,0.01,active_judge,173,1261,380,1,0,0.0,0.1420959452107533,0.06343072193985866,0.0846883709261344,0.01,49,24,38
webis-touche2020,rr,30,0.01,strat_pilot,173,1277,380,1,0,0.0,0.06404143751020999,0.06343072193985866,0.0846883709261344,0.01,49,24,38
webis-touche2020,rr,30,0.01,weighted_cv,173,1279,380,1,0,0.0,0.0540727139549102,0.06343072193985866,0.0846883709261344,0.01,49,24,38
webis-touche2020,rr,30,0.01,active_cv,173,1263,380,1,0,0.0,0.08994452712047925,0.06343072193985866,0.0846883709261344,0.01,49,24,38
webis-touche2020,rr,30,0.01,weighted_cvl,173,1278,380,1,0,0.0,0.053062738135139134,0.06343072193985866,0.0846883709261344,0.01,49,24,38
webis-touche2020,rr,30,0.01,uniform,174,1221,379,1,0,0.0,0.11223458260077739,0.06301402029221548,0.06279913828288443,0.01,49,22,38
webis-touche2020,rr,30,0.01,uniform_nz,174,1167,379,1,0,0.0,0.07836559145451757,0.06301402029221548,0.06279913828288443,0.01,49,22,38
webis-touche2020,rr,30,0.01,weighted,174,1184,379,1,0,0.0,0.06301402029221548,0.06301402029221548,0.06279913828288443,0.01,49,22,38
webis-touche2020,rr,30,0.01,active_judge,174,1154,379,1,0,0.0,0.16590793315566504,0.06301402029221548,0.06279913828288443,0.01,49,22,38
webis-touche2020,rr,30,0.01,strat_pilot,174,1147,379,1,0,0.0,0.0635847211853728,0.06301402029221548,0.06279913828288443,0.01,49,22,38
webis-touche2020,rr,30,0.01,weighted_cv,174,1179,379,1,0,0.0,0.0597521225865892,0.06301402029221548,0.06279913828288443,0.01,49,22,38
webis-touche2020,rr,30,0.01,active_cv,174,1147,379,1,0,0.0,0.15582714491051375,0.06301402029221548,0.06279913828288443,0.01,49,22,38
webis-touche2020,rr,30,0.01,weighted_cvl,174,1167,379,1,0,0.0,0.054018207072548244,0.06301402029221548,0.06279913828288443,0.01,49,22,38
webis-touche2020,rr,30,0.01,uniform,175,1122,364,0,0,0.0,0.07551761226433575,0.033335221117450804,0.034050576616366096,0.01,49,21,37
webis-touche2020,rr,30,0.01,uniform_nz,175,1085,364,0,0,0.0,0.05225990086311387,0.033335221117450804,0.034050576616366096,0.01,49,21,37
webis-touche2020,rr,30,0.01,weighted,175,1084,364,1,0,0.0,0.033335221117450804,0.033335221117450804,0.034050576616366096,0.01,49,21,37
webis-touche2020,rr,30,0.01,active_judge,175,1075,364,1,0,0.0,0.10831540144186898,0.033335221117450804,0.034050576616366096,0.01,49,21,37
webis-touche2020,rr,30,0.01,strat_pilot,175,1076,364,1,0,0.0,0.03215165021177947,0.033335221117450804,0.034050576616366096,0.01,49,21,37
webis-touche2020,rr,30,0.01,weighted_cv,175,1099,364,1,0,0.0,0.026617786499856022,0.033335221117450804,0.034050576616366096,0.01,49,21,37
webis-touche2020,rr,30,0.01,active_cv,175,1074,364,1,0,0.0,0.04730503546415577,0.033335221117450804,0.034050576616366096,0.01,49,21,37
webis-touche2020,rr,30,0.01,weighted_cvl,175,1078,364,1,0,0.0,0.024080970975499032,0.033335221117450804,0.034050576616366096,0.01,49,21,37
webis-touche2020,rr,30,0.01,uniform,176,1215,372,1,0,0.0,0.09364775241284902,0.05466523433463958,0.04515272910783747,0.01,49,22,38
webis-touche2020,rr,30,0.01,uniform_nz,176,1161,372,1,0,0.0,0.07107609724717576,0.05466523433463958,0.04515272910783747,0.01,49,22,38
webis-touche2020,rr,30,0.01,weighted,176,1162,372,1,0,0.0,0.05466523433463958,0.05466523433463958,0.04515272910783747,0.01,49,22,38
webis-touche2020,rr,30,0.01,active_judge,176,1124,372,1,0,0.0,0.1375732288743225,0.05466523433463958,0.04515272910783747,0.01,49,22,38
webis-touche2020,rr,30,0.01,strat_pilot,176,1155,372,1,0,0.0,0.05453984009769153,0.05466523433463958,0.04515272910783747,0.01,49,22,38
webis-touche2020,rr,30,0.01,weighted_cv,176,1164,372,1,0,0.0,0.04737088601920684,0.05466523433463958,0.04515272910783747,0.01,49,22,38
webis-touche2020,rr,30,0.01,active_cv,176,1137,372,1,0,0.0,0.11815971847474611,0.05466523433463958,0.04515272910783747,0.01,49,22,38
webis-touche2020,rr,30,0.01,weighted_cvl,176,1141,372,1,0,0.0,0.04290473604035158,0.05466523433463958,0.04515272910783747,0.01,49,22,38
webis-touche2020,rr,30,0.01,uniform,177,1208,365,1,0,0.0,0.08306171168169477,0.04949818630114089,0.04469618078286809,0.01,49,22,38
webis-touche2020,rr,30,0.01,uniform_nz,177,1146,365,1,0,0.0,0.05805445509557446,0.04949818630114089,0.04469618078286809,0.01,49,22,38
webis-touche2020,rr,30,0.01,weighted,177,1146,365,1,0,0.0,0.04949818630114089,0.04949818630114089,0.04469618078286809,0.01,49,22,38
webis-touche2020,rr,30,0.01,active_judge,177,1133,365,1,0,0.0,0.12960270778664487,0.04949818630114089,0.04469618078286809,0.01,49,22,38
webis-touche2020,rr,30,0.01,strat_pilot,177,1149,365,1,0,0.0,0.050224984066153076,0.04949818630114089,0.04469618078286809,0.01,49,22,38
webis-touche2020,rr,30,0.01,weighted_cv,177,1134,365,1,0,0.0,0.04660235609537813,0.04949818630114089,0.04469618078286809,0.01,49,22,38
webis-touche2020,rr,30,0.01,active_cv,177,1150,365,1,0,0.0,0.124390723467834,0.04949818630114089,0.04469618078286809,0.01,49,22,38
webis-touche2020,rr,30,0.01,weighted_cvl,177,1150,365,1,0,0.0,0.039085902441109224,0.04949818630114089,0.04469618078286809,0.01,49,22,38
webis-touche2020,rr,30,0.01,uniform,178,1319,372,1,0,0.0,0.09815960172443189,0.07181862401001535,0.06448673180366543,0.01,49,24,38
webis-touche2020,rr,30,0.01,uniform_nz,178,1266,372,1,0,0.0,0.08271165750540241,0.07181862401001535,0.06448673180366543,0.01,49,24,38
webis-touche2020,rr,30,0.01,weighted,178,1274,372,1,0,0.0,0.07181862401001535,0.07181862401001535,0.06448673180366543,0.01,49,24,38
webis-touche2020,rr,30,0.01,active_judge,178,1261,372,1,0,0.0,0.17867676273116986,0.07181862401001535,0.06448673180366543,0.01,49,24,38
webis-touche2020,rr,30,0.01,strat_pilot,178,1275,372,1,0,0.0,0.07302409284720837,0.07181862401001535,0.06448673180366543,0.01,49,24,38
webis-touche2020,rr,30,0.01,weighted_cv,178,1257,372,1,0,0.0,0.06626578745106305,0.07181862401001535,0.06448673180366543,0.01,49,24,38
webis-touche2020,rr,30,0.01,active_cv,178,1259,372,1,0,0.0,0.12562509134131883,0.07181862401001535,0.06448673180366543,0.01,49,24,38
webis-touche2020,rr,30,0.01,weighted_cvl,178,1258,372,1,0,0.0,0.05738415006595361,0.07181862401001535,0.06448673180366543,0.01,49,24,38
webis-touche2020,rr,30,0.01,uniform,179,1257,388,1,0,0.0,0.06914626898264062,0.03167916277093859,0.027993816955891246,0.01,49,22,38
webis-touche2020,rr,30,0.01,uniform_nz,179,1177,388,1,0,0.0,0.03842755876926611,0.03167916277093859,0.027993816955891246,0.01,49,22,38
webis-touche2020,rr,30,0.01,weighted,179,1196,388,1,0,0.0,0.03167916277093859,0.03167916277093859,0.027993816955891246,0.01,49,22,38
webis-touche2020,rr,30,0.01,active_judge,179,1163,388,1,0,0.0,0.0762685325022491,0.03167916277093859,0.027993816955891246,0.01,49,22,38
webis-touche2020,rr,30,0.01,strat_pilot,179,1159,388,1,0,0.0,0.0318872012417548,0.03167916277093859,0.027993816955891246,0.01,49,22,38
webis-touche2020,rr,30,0.01,weighted_cv,179,1177,388,1,0,0.0,0.028492801602900908,0.03167916277093859,0.027993816955891246,0.01,49,22,38
webis-touche2020,rr,30,0.01,active_cv,179,1164,388,1,0,0.0,0.05336506123336475,0.03167916277093859,0.027993816955891246,0.01,49,22,38
webis-touche2020,rr,30,0.01,weighted_cvl,179,1167,388,1,0,0.0,0.02482870943851547,0.03167916277093859,0.027993816955891246,0.01,49,22,38
webis-touche2020,rr,30,0.01,uniform,180,1156,375,0,0,0.0,0.06535622215667998,0.03057686888208828,0.013849848981427926,0.01,49,21,37
webis-touche2020,rr,30,0.01,uniform_nz,180,1068,375,1,0,0.0,0.04060653067831601,0.03057686888208828,0.013849848981427926,0.01,49,21,37
webis-touche2020,rr,30,0.01,weighted,180,1071,375,1,0,0.0,0.03057686888208828,0.03057686888208828,0.013849848981427926,0.01,49,21,37
webis-touche2020,rr,30,0.01,active_judge,180,1067,375,1,0,0.0,0.06329246590735416,0.03057686888208828,0.013849848981427926,0.01,49,21,37
webis-touche2020,rr,30,0.01,strat_pilot,180,1107,375,0,0,0.0,0.03551642487572761,0.03057686888208828,0.013849848981427926,0.01,49,21,37
webis-touche2020,rr,30,0.01,weighted_cv,180,1085,375,1,0,0.0,0.025029535131648323,0.03057686888208828,0.013849848981427926,0.01,49,21,37
webis-touche2020,rr,30,0.01,active_cv,180,1064,375,1,0,0.0,0.045582359763639925,0.03057686888208828,0.013849848981427926,0.01,49,21,37
webis-touche2020,rr,30,0.01,weighted_cvl,180,1076,375,1,0,0.0,0.023316973884938752,0.03057686888208828,0.013849848981427926,0.01,49,21,37
webis-touche2020,rr,30,0.01,uniform,181,1297,386,1,0,0.0,0.11801080304039366,0.07463914974175193,0.1047986581852002,0.01,49,24,38
webis-touche2020,rr,30,0.01,uniform_nz,181,1288,386,1,0,0.0,0.08514390445295306,0.07463914974175193,0.1047986581852002,0.01,49,24,38
webis-touche2020,rr,30,0.01,weighted,181,1291,386,1,0,0.0,0.07463914974175193,0.07463914974175193,0.1047986581852002,0.01,49,24,38
webis-touche2020,rr,30,0.01,active_judge,181,1260,386,1,0,0.0,0.13971066367865353,0.07463914974175193,0.1047986581852002,0.01,49,24,38
webis-touche2020,rr,30,0.01,strat_pilot,181,1304,386,1,0,0.0,0.07499732244715698,0.07463914974175193,0.1047986581852002,0.01,49,24,38
webis-touche2020,rr,30,0.01,weighted_cv,181,1284,386,1,0,0.0,0.06437312727513014,0.07463914974175193,0.1047986581852002,0.01,49,24,38
webis-touche2020,rr,30,0.01,active_cv,181,1258,386,1,0,0.0,0.15000205910957615,0.07463914974175193,0.1047986581852002,0.01,49,24,38
webis-touche2020,rr,30,0.01,weighted_cvl,181,1289,386,1,0,0.0,0.05686463546535684,0.07463914974175193,0.1047986581852002,0.01,49,24,38
webis-touche2020,rr,30,0.01,uniform,182,1156,373,0,0,0.0017010554448161352,0.10092141410447594,0.04454762968963964,0.023864376364376355,0.008298944555183865,49,21,38
webis-touche2020,rr,30,0.01,uniform_nz,182,1120,373,0,0,0.0017010554448161352,0.07208173756335261,0.04454762968963964,0.023864376364376355,0.008298944555183865,49,21,38
webis-touche2020,rr,30,0.01,weighted,182,1081,373,1,0,0.0017010554448161352,0.04454762968963964,0.04454762968963964,0.023864376364376355,0.008298944555183865,49,21,38
webis-touche2020,rr,30,0.01,active_judge,182,1097,373,1,0,0.0017010554448161352,0.1259198856467237,0.04454762968963964,0.023864376364376355,0.008298944555183865,49,21,38
webis-touche2020,rr,30,0.01,strat_pilot,182,1109,373,1,0,0.0017010554448161352,0.04574490881632684,0.04454762968963964,0.023864376364376355,0.008298944555183865,49,21,38
webis-touche2020,rr,30,0.01,weighted_cv,182,1084,373,1,0,0.0017010554448161352,0.03175640735448973,0.04454762968963964,0.023864376364376355,0.008298944555183865,49,21,38
webis-touche2020,rr,30,0.01,active_cv,182,1090,373,1,0,0.0017010554448161352,0.059420795465952546,0.04454762968963964,0.023864376364376355,0.008298944555183865,49,21,38
webis-touche2020,rr,30,0.01,weighted_cvl,182,1100,373,1,0,0.0017010554448161352,0.02958297441393175,0.04454762968963964,0.023864376364376355,0.008298944555183865,49,21,38
webis-touche2020,rr,30,0.01,uniform,183,1192,367,1,0,0.0,0.07631489178427676,0.037783456205132515,0.053743776470758564,0.01,49,22,38
webis-touche2020,rr,30,0.01,uniform_nz,183,1171,367,1,0,0.0,0.04322596631788644,0.037783456205132515,0.053743776470758564,0.01,49,22,38
webis-touche2020,rr,30,0.01,weighted,183,1177,367,1,0,0.0,0.037783456205132515,0.037783456205132515,0.053743776470758564,0.01,49,22,38
webis-touche2020,rr,30,0.01,active_judge,183,1141,367,1,0,0.0,0.09103980734619084,0.037783456205132515,0.053743776470758564,0.01,49,22,38
webis-touche2020,rr,30,0.01,strat_pilot,183,1157,367,1,0,0.0,0.03822064102474583,0.037783456205132515,0.053743776470758564,0.01,49,22,38
webis-touche2020,rr,30,0.01,weighted_cv,183,1187,367,1,0,0.0,0.034587191389388844,0.037783456205132515,0.053743776470758564,0.01,49,22,38
webis-touche2020,rr,30,0.01,active_cv,183,1145,367,1,0,0.0,0.0590656775913432,0.037783456205132515,0.053743776470758564,0.01,49,22,38
webis-touche2020,rr,30,0.01,weighted_cvl,183,1141,367,1,0,0.0,0.03110086045151513,0.037783456205132515,0.053743776470758564,0.01,49,22,38
webis-touche2020,rr,30,0.01,uniform,184,1182,371,1,0,0.0,0.214940333075542,0.04073852734822128,0.009647558324028917,0.01,49,21,38
webis-touche2020,rr,30,0.01,uniform_nz,184,1110,371,0,0,0.0,0.06924011805103206,0.04073852734822128,0.009647558324028917,0.01,49,21,38
webis-touche2020,rr,30,0.01,weighted,184,1109,371,1,0,0.0,0.04073852734822128,0.04073852734822128,0.009647558324028917,0.01,49,21,38
webis-touche2020,rr,30,0.01,active_judge,184,1083,371,1,0,0.0,0.12174276582944048,0.04073852734822128,0.009647558324028917,0.01,49,21,38
webis-touche2020,rr,30,0.01,strat_pilot,184,1089,371,1,0,0.0,0.04105722346012599,0.04073852734822128,0.009647558324028917,0.01,49,21,38
webis-touche2020,rr,30,0.01,weighted_cv,184,1095,371,1,0,0.0,0.02645500248222507,0.04073852734822128,0.009647558324028917,0.01,49,21,38
webis-touche2020,rr,30,0.01,active_cv,184,1090,371,1,0,0.0,0.04650657531492959,0.04073852734822128,0.009647558324028917,0.01,49,21,38
webis-touche2020,rr,30,0.01,weighted_cvl,184,1090,371,1,0,0.0,0.02695435061901561,0.04073852734822128,0.009647558324028917,0.01,49,21,38
webis-touche2020,rr,30,0.01,uniform,185,1262,363,1,0,0.0,0.10608564507876886,0.0733487401848661,0.1023564286378932,0.01,49,24,38
webis-touche2020,rr,30,0.01,uniform_nz,185,1268,363,1,0,0.0,0.08246531581660199,0.0733487401848661,0.1023564286378932,0.01,49,24,38
webis-touche2020,rr,30,0.01,weighted,185,1253,363,1,0,0.0,0.0733487401848661,0.0733487401848661,0.1023564286378932,0.01,49,24,38
webis-touche2020,rr,30,0.01,active_judge,185,1255,363,1,0,0.0,0.1948503414735277,0.0733487401848661,0.1023564286378932,0.01,49,24,38
webis-touche2020,rr,30,0.01,strat_pilot,185,1280,363,1,0,0.0,0.0746509518343469,0.0733487401848661,0.1023564286378932,0.01,49,24,38
webis-touche2020,rr,30,0.01,weighted_cv,185,1251,363,1,0,0.0,0.06176425804618467,0.0733487401848661,0.1023564286378932,0.01,49,24,38
webis-touche2020,rr,30,0.01,active_cv,185,1259,363,1,0,0.0,0.11989428753513583,0.0733487401848661,0.1023564286378932,0.01,49,24,38
webis-touche2020,rr,30,0.01,weighted_cvl,185,1241,363,1,0,0.0,0.06083035857356156,0.0733487401848661,0.1023564286378932,0.01,49,24,38
webis-touche2020,rr,30,0.01,uniform,186,1238,382,1,0,0.0,0.2075021005122244,0.0434996155441108,0.05960691977740034,0.01,49,22,38
webis-touche2020,rr,30,0.01,uniform_nz,186,1193,382,1,0,0.0,0.08022802204886653,0.0434996155441108,0.05960691977740034,0.01,49,22,38
webis-touche2020,rr,30,0.01,weighted,186,1161,382,1,0,0.0,0.0434996155441108,0.0434996155441108,0.05960691977740034,0.01,49,22,38
webis-touche2020,rr,30,0.01,active_judge,186,1172,382,1,0,0.0,0.15814435077654238,0.0434996155441108,0.05960691977740034,0.01,49,22,38
webis-touche2020,rr,30,0.01,strat_pilot,186,1183,382,1,0,0.0,0.044708054295676106,0.0434996155441108,0.05960691977740034,0.01,49,22,38
webis-touche2020,rr,30,0.01,weighted_cv,186,1193,382,1,0,0.0,0.025849633296614216,0.0434996155441108,0.05960691977740034,0.01,49,22,38
webis-touche2020,rr,30,0.01,active_cv,186,1153,382,1,0,0.0,0.029020723374977013,0.0434996155441108,0.05960691977740034,0.01,49,22,38
webis-touche2020,rr,30,0.01,weighted_cvl,186,1181,382,1,0,0.0,0.025124519200347424,0.0434996155441108,0.05960691977740034,0.01,49,22,38
webis-touche2020,rr,30,0.01,uniform,187,1322,381,1,0,0.0,0.09600128513219973,0.06967746132928328,0.09103822714773044,0.01,49,24,38
webis-touche2020,rr,30,0.01,uniform_nz,187,1301,381,1,0,0.0,0.08309251699646104,0.06967746132928328,0.09103822714773044,0.01,49,24,38
webis-touche2020,rr,30,0.01,weighted,187,1278,381,1,0,0.0,0.06967746132928328,0.06967746132928328,0.09103822714773044,0.01,49,24,38
webis-touche2020,rr,30,0.01,active_judge,187,1268,381,1,0,0.0,0.15392389553131997,0.06967746132928328,0.09103822714773044,0.01,49,24,38
webis-touche2020,rr,30,0.01,strat_pilot,187,1273,381,1,0,0.0,0.0698238497268305,0.06967746132928328,0.09103822714773044,0.01,49,24,38
webis-touche2020,rr,30,0.01,weighted_cv,187,1285,381,1,0,0.0,0.061670192633667666,0.06967746132928328,0.09103822714773044,0.01,49,24,38
webis-touche2020,rr,30,0.01,active_cv,187,1263,381,1,0,0.0,0.1418270736059359,0.06967746132928328,0.09103822714773044,0.01,49,24,38
webis-touche2020,rr,30,0.01,weighted_cvl,187,1286,381,1,0,0.0,0.0592707005578154,0.06967746132928328,0.09103822714773044,0.01,49,24,38
webis-touche2020,rr,30,0.01,uniform,188,1226,372,1,0,0.0,0.0650705432417246,0.03717316081383577,0.034018924009837984,0.01,49,22,38
webis-touche2020,rr,30,0.01,uniform_nz,188,1131,372,1,0,0.0,0.04757130472080382,0.03717316081383577,0.034018924009837984,0.01,49,22,38
webis-touche2020,rr,30,0.01,weighted,188,1160,372,1,0,0.0,0.03717316081383577,0.03717316081383577,0.034018924009837984,0.01,49,22,38
webis-touche2020,rr,30,0.01,active_judge,188,1151,372,1,0,0.0,0.08599957240666559,0.03717316081383577,0.034018924009837984,0.01,49,22,38
webis-touche2020,rr,30,0.01,strat_pilot,188,1174,372,1,0,0.0,0.037450362503335555,0.03717316081383577,0.034018924009837984,0.01,49,22,38
webis-touche2020,rr,30,0.01,weighted_cv,188,1163,372,1,0,0.0,0.0353402971961981,0.03717316081383577,0.034018924009837984,0.01,49,22,38
webis-touche2020,rr,30,0.01,active_cv,188,1153,372,1,0,0.0,0.08959790834580711,0.03717316081383577,0.034018924009837984,0.01,49,22,38
webis-touche2020,rr,30,0.01,weighted_cvl,188,1158,372,1,0,0.0,0.0319949921286655,0.03717316081383577,0.034018924009837984,0.01,49,22,38
webis-touche2020,rr,30,0.01,uniform,189,1197,376,1,0,0.0,0.11537686116581844,0.06372091664198964,0.05402625396046449,0.01,49,22,38
webis-touche2020,rr,30,0.01,uniform_nz,189,1151,376,1,0,0.0,0.09048467491266682,0.06372091664198964,0.05402625396046449,0.01,49,22,38
webis-touche2020,rr,30,0.01,weighted,189,1142,376,1,0,0.0,0.06372091664198964,0.06372091664198964,0.05402625396046449,0.01,49,22,38
webis-touche2020,rr,30,0.01,active_judge,189,1144,376,1,0,0.0,0.17654188207726154,0.06372091664198964,0.05402625396046449,0.01,49,22,38
webis-touche2020,rr,30,0.01,strat_pilot,189,1154,376,1,0,0.0,0.06486665034165105,0.06372091664198964,0.05402625396046449,0.01,49,22,38
webis-touche2020,rr,30,0.01,weighted_cv,189,1156,376,1,0,0.0,0.05228828934289712,0.06372091664198964,0.05402625396046449,0.01,49,22,38
webis-touche2020,rr,30,0.01,active_cv,189,1156,376,1,0,0.0,0.09372991190408764,0.06372091664198964,0.05402625396046449,0.01,49,22,38
webis-touche2020,rr,30,0.01,weighted_cvl,189,1170,376,1,0,0.0,0.045719561466967325,0.06372091664198964,0.05402625396046449,0.01,49,22,38
webis-touche2020,rr,30,0.01,uniform,190,1182,379,1,0,0.0,0.2160790767817155,0.04708019751842526,0.04988275054838523,0.01,49,22,38
webis-touche2020,rr,30,0.01,uniform_nz,190,1159,379,1,0,0.0,0.08662411316809313,0.04708019751842526,0.04988275054838523,0.01,49,22,38
webis-touche2020,rr,30,0.01,weighted,190,1165,379,1,0,0.0,0.04708019751842526,0.04708019751842526,0.04988275054838523,0.01,49,22,38
webis-touche2020,rr,30,0.01,active_judge,190,1163,379,1,0,0.0,0.153985504819158,0.04708019751842526,0.04988275054838523,0.01,49,22,38
webis-touche2020,rr,30,0.01,strat_pilot,190,1179,379,1,0,0.0,0.0474210787484856,0.04708019751842526,0.04988275054838523,0.01,49,22,38
webis-touche2020,rr,30,0.01,weighted_cv,190,1177,379,1,0,0.0,0.03326756798797998,0.04708019751842526,0.04988275054838523,0.01,49,22,38
webis-touche2020,rr,30,0.01,active_cv,190,1172,379,1,0,0.0,0.05100846596264038,0.04708019751842526,0.04988275054838523,0.01,49,22,38
webis-touche2020,rr,30,0.01,weighted_cvl,190,1182,379,1,0,0.0,0.03246368132195694,0.04708019751842526,0.04988275054838523,0.01,49,22,38
webis-touche2020,rr,30,0.01,uniform,191,1193,380,1,0,0.0,0.0956306854258195,0.04607592952402837,0.06694918096217059,0.01,49,22,38
webis-touche2020,rr,30,0.01,uniform_nz,191,1154,380,1,0,0.0,0.06392359920813026,0.04607592952402837,0.06694918096217059,0.01,49,22,38
webis-touche2020,rr,30,0.01,weighted,191,1168,380,1,0,0.0,0.04607592952402837,0.04607592952402837,0.06694918096217059,0.01,49,22,38
webis-touche2020,rr,30,0.01,active_judge,191,1158,380,1,0,0.0,0.1152844387256404,0.04607592952402837,0.06694918096217059,0.01,49,22,38
webis-touche2020,rr,30,0.01,strat_pilot,191,1175,380,1,0,0.0,0.0462053726414442,0.04607592952402837,0.06694918096217059,0.01,49,22,38
webis-touche2020,rr,30,0.01,weighted_cv,191,1148,380,1,0,0.0,0.03709755749425301,0.04607592952402837,0.06694918096217059,0.01,49,22,38
webis-touche2020,rr,30,0.01,active_cv,191,1163,380,1,0,0.0,0.06356118050248442,0.04607592952402837,0.06694918096217059,0.01,49,22,38
webis-touche2020,rr,30,0.01,weighted_cvl,191,1174,380,1,0,0.0,0.03437428471718365,0.04607592952402837,0.06694918096217059,0.01,49,22,38
webis-touche2020,rr,30,0.01,uniform,192,1172,366,1,0,0.0,0.12250466940295672,0.05942068967599051,0.08428100554416344,0.01,49,22,38
webis-touche2020,rr,30,0.01,uniform_nz,192,1139,366,1,0,0.0,0.08781208237608072,0.05942068967599051,0.08428100554416344,0.01,49,22,38
webis-touche2020,rr,30,0.01,weighted,192,1138,366,1,0,0.0,0.05942068967599051,0.05942068967599051,0.08428100554416344,0.01,49,22,38
webis-touche2020,rr,30,0.01,active_judge,192,1135,366,1,0,0.0,0.19541626027402506,0.05942068967599051,0.08428100554416344,0.01,49,22,38
webis-touche2020,rr,30,0.01,strat_pilot,192,1159,366,1,0,0.0,0.05978419162423041,0.05942068967599051,0.08428100554416344,0.01,49,22,38
webis-touche2020,rr,30,0.01,weighted_cv,192,1140,366,1,0,0.0,0.05126061825223244,0.05942068967599051,0.08428100554416344,0.01,49,22,38
webis-touche2020,rr,30,0.01,active_cv,192,1141,366,1,0,0.0,0.12615907182069172,0.05942068967599051,0.08428100554416344,0.01,49,22,38
webis-touche2020,rr,30,0.01,weighted_cvl,192,1175,366,1,0,0.0,0.044092991731474206,0.05942068967599051,0.08428100554416344,0.01,49,22,38
webis-touche2020,rr,30,0.01,uniform,193,1169,369,0,0,0.0,0.04738763356281807,0.02660076010791964,0.028567073621253186,0.01,49,21,38
webis-touche2020,rr,30,0.01,uniform_nz,193,1115,369,1,0,0.0,0.032244850743557825,0.02660076010791964,0.028567073621253186,0.01,49,21,38
webis-touche2020,rr,30,0.01,weighted,193,1092,369,1,0,0.0,0.02660076010791964,0.02660076010791964,0.028567073621253186,0.01,49,21,38
webis-touche2020,rr,30,0.01,active_judge,193,1087,369,1,0,0.0,0.06370742597896642,0.02660076010791964,0.028567073621253186,0.01,49,21,38
webis-touche2020,rr,30,0.01,strat_pilot,193,1084,369,1,0,0.0,0.027147630193103824,0.02660076010791964,0.028567073621253186,0.01,49,21,38
webis-touche2020,rr,30,0.01,weighted_cv,193,1118,369,1,0,0.0,0.025742631073784654,0.02660076010791964,0.028567073621253186,0.01,49,21,38
webis-touche2020,rr,30,0.01,active_cv,193,1100,369,1,0,0.0,0.05593895180270545,0.02660076010791964,0.028567073621253186,0.01,49,21,38
webis-touche2020,rr,30,0.01,weighted_cvl,193,1113,369,1,0,0.0,0.025919657146061266,0.02660076010791964,0.028567073621253186,0.01,49,21,38
webis-touche2020,rr,30,0.01,uniform,194,1177,382,1,0,0.0,0.06845790044960436,0.03237774272508333,0.027068487068487065,0.01,49,21,38
webis-touche2020,rr,30,0.01,uniform_nz,194,1107,382,1,0,0.0,0.05306494854283972,0.03237774272508333,0.027068487068487065,0.01,49,21,38
webis-touche2020,rr,30,0.01,weighted,194,1102,382,1,0,0.0,0.03237774272508333,0.03237774272508333,0.027068487068487065,0.01,49,21,38
webis-touche2020,rr,30,0.01,active_judge,194,1100,382,1,0,0.0,0.09839402901108564,0.03237774272508333,0.027068487068487065,0.01,49,21,38
webis-touche2020,rr,30,0.01,strat_pilot,194,1120,382,1,0,0.0,0.031899796031256686,0.03237774272508333,0.027068487068487065,0.01,49,21,38
webis-touche2020,rr,30,0.01,weighted_cv,194,1104,382,1,0,0.0,0.02660161876920582,0.03237774272508333,0.027068487068487065,0.01,49,21,38
webis-touche2020,rr,30,0.01,active_cv,194,1106,382,1,0,0.0,0.054546313318643055,0.03237774272508333,0.027068487068487065,0.01,49,21,38
webis-touche2020,rr,30,0.01,weighted_cvl,194,1133,382,1,0,0.0,0.023586995499874773,0.03237774272508333,0.027068487068487065,0.01,49,21,38
webis-touche2020,rr,30,0.01,uniform,195,1185,380,0,0,0.0,0.07933083617339988,0.05077174131677341,0.010357644247737136,0.01,49,21,38
webis-touche2020,rr,30,0.01,uniform_nz,195,1078,380,1,0,0.0,0.07368933333498053,0.05077174131677341,0.010357644247737136,0.01,49,21,38
webis-touche2020,rr,30,0.01,weighted,195,1100,380,1,0,0.0,0.05077174131677341,0.05077174131677341,0.010357644247737136,0.01,49,21,38
webis-touche2020,rr,30,0.01,active_judge,195,1082,380,1,0,0.0,0.11460932968129915,0.05077174131677341,0.010357644247737136,0.01,49,21,38
webis-touche2020,rr,30,0.01,strat_pilot,195,1094,380,1,0,0.0,0.05180040084547995,0.05077174131677341,0.010357644247737136,0.01,49,21,38
webis-touche2020,rr,30,0.01,weighted_cv,195,1116,380,1,0,0.0,0.041899087810122464,0.05077174131677341,0.010357644247737136,0.01,49,21,38
webis-touche2020,rr,30,0.01,active_cv,195,1078,380,1,0,0.0,0.07642238543148541,0.05077174131677341,0.010357644247737136,0.01,49,21,38
webis-touche2020,rr,30,0.01,weighted_cvl,195,1095,380,1,0,0.0,0.038310764698599994,0.05077174131677341,0.010357644247737136,0.01,49,21,38
webis-touche2020,rr,30,0.01,uniform,196,1227,381,1,0,0.0,0.05222841701528772,0.027096551531616046,0.030088003354088948,0.01,49,22,38
webis-touche2020,rr,30,0.01,uniform_nz,196,1160,381,1,0,0.0,0.034890448899146775,0.027096551531616046,0.030088003354088948,0.01,49,22,38
webis-touche2020,rr,30,0.01,weighted,196,1177,381,1,0,0.0,0.027096551531616046,0.027096551531616046,0.030088003354088948,0.01,49,22,38
webis-touche2020,rr,30,0.01,active_judge,196,1168,381,1,0,0.0,0.07672283131100811,0.027096551531616046,0.030088003354088948,0.01,49,22,38
webis-touche2020,rr,30,0.01,strat_pilot,196,1173,381,1,0,0.0,0.027665121662483895,0.027096551531616046,0.030088003354088948,0.01,49,22,38
webis-touche2020,rr,30,0.01,weighted_cv,196,1178,381,1,0,0.0,0.021609725472737713,0.027096551531616046,0.030088003354088948,0.01,49,22,38
webis-touche2020,rr,30,0.01,active_cv,196,1183,381,1,0,0.0,0.04085608156990767,0.027096551531616046,0.030088003354088948,0.01,49,22,38
webis-touche2020,rr,30,0.01,weighted_cvl,196,1179,381,1,0,0.0,0.020976602331935636,0.027096551531616046,0.030088003354088948,0.01,49,22,38
webis-touche2020,rr,30,0.01,uniform,197,1200,387,1,0,0.0,0.2366176181998208,0.04683721905564686,0.023096385285643596,0.01,49,21,38
webis-touche2020,rr,30,0.01,uniform_nz,197,1115,387,1,0,0.0,0.07615922294878794,0.04683721905564686,0.023096385285643596,0.01,49,21,38
webis-touche2020,rr,30,0.01,weighted,197,1110,387,1,0,0.0,0.04683721905564686,0.04683721905564686,0.023096385285643596,0.01,49,21,38
webis-touche2020,rr,30,0.01,active_judge,197,1118,387,1,0,0.0,0.1515702903945621,0.04683721905564686,0.023096385285643596,0.01,49,21,38
webis-touche2020,rr,30,0.01,strat_pilot,197,1126,387,1,0,0.0,0.04795045948637894,0.04683721905564686,0.023096385285643596,0.01,49,21,38
webis-touche2020,rr,30,0.01,weighted_cv,197,1123,387,1,0,0.0,0.035103898467945746,0.04683721905564686,0.023096385285643596,0.01,49,21,38
webis-touche2020,rr,30,0.01,active_cv,197,1118,387,1,0,0.0,0.06634562563391018,0.04683721905564686,0.023096385285643596,0.01,49,21,38
webis-touche2020,rr,30,0.01,weighted_cvl,197,1130,387,1,0,0.0,0.03455060804857553,0.04683721905564686,0.023096385285643596,0.01,49,21,38
webis-touche2020,rr,30,0.01,uniform,198,1253,375,1,0,0.0,0.2162656728691196,0.0513025444154134,0.06454939720594585,0.01,49,22,38
webis-touche2020,rr,30,0.01,uniform_nz,198,1163,375,1,0,0.0,0.08776039675218109,0.0513025444154134,0.06454939720594585,0.01,49,22,38
webis-touche2020,rr,30,0.01,weighted,198,1137,375,1,0,0.0,0.0513025444154134,0.0513025444154134,0.06454939720594585,0.01,49,22,38
webis-touche2020,rr,30,0.01,active_judge,198,1160,375,1,0,0.0,0.17658401796525444,0.0513025444154134,0.06454939720594585,0.01,49,22,38
webis-touche2020,rr,30,0.01,strat_pilot,198,1161,375,1,0,0.0,0.05344046851960653,0.0513025444154134,0.06454939720594585,0.01,49,22,38
webis-touche2020,rr,30,0.01,weighted_cv,198,1171,375,1,0,0.0,0.03234250564775484,0.0513025444154134,0.06454939720594585,0.01,49,22,38
webis-touche2020,rr,30,0.01,active_cv,198,1152,375,1,0,0.0,0.0389855257680461,0.0513025444154134,0.06454939720594585,0.01,49,22,38
webis-touche2020,rr,30,0.01,weighted_cvl,198,1159,375,1,0,0.0,0.032338933691327995,0.0513025444154134,0.06454939720594585,0.01,49,22,38
webis-touche2020,rr,30,0.01,uniform,199,1204,379,1,0,0.0,0.07488590106675035,0.039837937369434334,0.07332351893033004,0.01,49,22,38
webis-touche2020,rr,30,0.01,uniform_nz,199,1162,379,1,0,0.0,0.04643662793322938,0.039837937369434334,0.07332351893033004,0.01,49,22,38
webis-touche2020,rr,30,0.01,weighted,199,1163,379,1,0,0.0,0.039837937369434334,0.039837937369434334,0.07332351893033004,0.01,49,22,38
webis-touche2020,rr,30,0.01,active_judge,199,1155,379,1,0,0.0,0.08562687403046787,0.039837937369434334,0.07332351893033004,0.01,49,22,38
webis-touche2020,rr,30,0.01,strat_pilot,199,1159,379,1,0,0.0,0.040082841838377584,0.039837937369434334,0.07332351893033004,0.01,49,22,38
webis-touche2020,rr,30,0.01,weighted_cv,199,1163,379,1,0,0.0,0.03729932749993266,0.039837937369434334,0.07332351893033004,0.01,49,22,38
webis-touche2020,rr,30,0.01,active_cv,199,1161,379,1,0,0.0,0.06513407648046911,0.039837937369434334,0.07332351893033004,0.01,49,22,38
webis-touche2020,rr,30,0.01,weighted_cvl,199,1156,379,1,0,0.0,0.03360730687716536,0.039837937369434334,0.07332351893033004,0.01,49,22,38
webis-touche2020,rr,30,0.01,uniform,200,1213,375,1,0,0.0,0.0741849427839032,0.027448203219847766,0.03932123241993346,0.01,49,21,38
webis-touche2020,rr,30,0.01,uniform_nz,200,1113,375,1,0,0.0,0.049009792393211196,0.027448203219847766,0.03932123241993346,0.01,49,21,38
webis-touche2020,rr,30,0.01,weighted,200,1125,375,1,0,0.0,0.027448203219847766,0.027448203219847766,0.03932123241993346,0.01,49,21,38
webis-touche2020,rr,30,0.01,active_judge,200,1110,375,1,0,0.0,0.07964492941957567,0.027448203219847766,0.03932123241993346,0.01,49,21,38
webis-touche2020,rr,30,0.01,strat_pilot,200,1102,375,1,0,0.0,0.028778489766976778,0.027448203219847766,0.03932123241993346,0.01,49,21,38
webis-touche2020,rr,30,0.01,weighted_cv,200,1090,375,1,0,0.0,0.02092474814592246,0.027448203219847766,0.03932123241993346,0.01,49,21,38
webis-touche2020,rr,30,0.01,active_cv,200,1104,375,1,0,0.0,0.03813857637982,0.027448203219847766,0.03932123241993346,0.01,49,21,38
webis-touche2020,rr,30,0.01,weighted_cvl,200,1126,375,1,0,0.0,0.019356060200594456,0.027448203219847766,0.03932123241993346,0.01,49,21,38
webis-touche2020,rr,30,0.01,uniform,201,1188,385,1,0,0.0,0.09030610753845897,0.041215653321511524,0.02218587810538275,0.01,49,21,38
webis-touche2020,rr,30,0.01,uniform_nz,201,1096,385,1,0,0.0,0.06506721338225543,0.041215653321511524,0.02218587810538275,0.01,49,21,38
webis-touche2020,rr,30,0.01,weighted,201,1109,385,1,0,0.0,0.041215653321511524,0.041215653321511524,0.02218587810538275,0.01,49,21,38
webis-touche2020,rr,30,0.01,active_judge,201,1086,385,1,0,0.0,0.12314603324832987,0.041215653321511524,0.02218587810538275,0.01,49,21,38
webis-touche2020,rr,30,0.01,strat_pilot,201,1109,385,1,0,0.0,0.041148324041232656,0.041215653321511524,0.02218587810538275,0.01,49,21,38
webis-touche2020,rr,30,0.01,weighted_cv,201,1093,385,1,0,0.0,0.03198957087103113,0.041215653321511524,0.02218587810538275,0.01,49,21,38
webis-touche2020,rr,30,0.01,active_cv,201,1092,385,1,0,0.0,0.070854880276331,0.041215653321511524,0.02218587810538275,0.01,49,21,38
webis-touche2020,rr,30,0.01,weighted_cvl,201,1105,385,1,0,0.0,0.03028298603415716,0.041215653321511524,0.02218587810538275,0.01,49,21,38
webis-touche2020,rr,30,0.01,uniform,202,1269,383,1,0,0.0,0.08754839950082113,0.06645571083015417,0.08661479315288247,0.01,49,24,38
webis-touche2020,rr,30,0.01,uniform_nz,202,1291,383,1,0,0.0,0.07051764340579617,0.06645571083015417,0.08661479315288247,0.01,49,24,38
webis-touche2020,rr,30,0.01,weighted,202,1285,383,1,0,0.0,0.06645571083015417,0.06645571083015417,0.08661479315288247,0.01,49,24,38
webis-touche2020,rr,30,0.01,active_judge,202,1268,383,1,0,0.0,0.14271997719992696,0.06645571083015417,0.08661479315288247,0.01,49,24,38
webis-touche2020,rr,30,0.01,strat_pilot,202,1284,383,1,0,0.0,0.06748956751491561,0.06645571083015417,0.08661479315288247,0.01,49,24,38
webis-touche2020,rr,30,0.01,weighted_cv,202,1291,383,1,0,0.0,0.057078949087922784,0.06645571083015417,0.08661479315288247,0.01,49,24,38
webis-touche2020,rr,30,0.01,active_cv,202,1260,383,1,0,0.0,0.09734385726635521,0.06645571083015417,0.08661479315288247,0.01,49,24,38
webis-touche2020,rr,30,0.01,weighted_cvl,202,1272,383,1,0,0.0,0.05662741033850445,0.06645571083015417,0.08661479315288247,0.01,49,24,38
webis-touche2020,rr,30,0.01,uniform,203,1282,390,1,0,0.0,0.1111713700335357,0.06114567032416636,0.06384921170447486,0.01,49,22,38
webis-touche2020,rr,30,0.01,uniform_nz,203,1187,390,1,0,0.0,0.0891124378092186,0.06114567032416636,0.06384921170447486,0.01,49,22,38
webis-touche2020,rr,30,0.01,weighted,203,1190,390,1,0,0.0,0.06114567032416636,0.06114567032416636,0.06384921170447486,0.01,49,22,38
webis-touche2020,rr,30,0.01,active_judge,203,1167,390,1,0,0.0,0.1675794169086123,0.06114567032416636,0.06384921170447486,0.01,49,22,38
webis-touche2020,rr,30,0.01,strat_pilot,203,1162,390,1,0,0.0,0.061993541400335285,0.06114567032416636,0.06384921170447486,0.01,49,22,38
webis-touche2020,rr,30,0.01,weighted_cv,203,1175,390,1,0,0.0,0.05237262067188222,0.06114567032416636,0.06384921170447486,0.01,49,22,38
webis-touche2020,rr,30,0.01,active_cv,203,1169,390,1,0,0.0,0.10101540398416971,0.06114567032416636,0.06384921170447486,0.01,49,22,38
webis-touche2020,rr,30,0.01,weighted_cvl,203,1195,390,1,0,0.0,0.04749429732012191,0.06114567032416636,0.06384921170447486,0.01,49,22,38
webis-touche2020,rr,30,0.01,uniform,204,1215,375,1,0,0.0,0.05949161990350238,0.03742287667922324,0.06226915430630602,0.01,49,22,38
webis-touche2020,rr,30,0.01,uniform_nz,204,1160,375,1,0,0.0,0.04684037211497238,0.03742287667922324,0.06226915430630602,0.01,49,22,38
webis-touche2020,rr,30,0.01,weighted,204,1141,375,1,0,0.0,0.03742287667922324,0.03742287667922324,0.06226915430630602,0.01,49,22,38
webis-touche2020,rr,30,0.01,active_judge,204,1134,375,1,0,0.0,0.09583307373659959,0.03742287667922324,0.06226915430630602,0.01,49,22,38
webis-touche2020,rr,30,0.01,strat_pilot,204,1149,375,1,0,0.0,0.03767044005629951,0.03742287667922324,0.06226915430630602,0.01,49,22,38
webis-touche2020,rr,30,0.01,weighted_cv,204,1175,375,1,0,0.0,0.0335147849783908,0.03742287667922324,0.06226915430630602,0.01,49,22,38
webis-touche2020,rr,30,0.01,active_cv,204,1137,375,1,0,0.0,0.06438624811368028,0.03742287667922324,0.06226915430630602,0.01,49,22,38
webis-touche2020,rr,30,0.01,weighted_cvl,204,1170,375,1,0,0.0,0.03230305169863771,0.03742287667922324,0.06226915430630602,0.01,49,22,38
webis-touche2020,rr,30,0.01,uniform,205,1242,386,1,0,0.0,0.07477543762801651,0.04180214620758716,0.026344664594664585,0.01,49,22,38
webis-touche2020,rr,30,0.01,uniform_nz,205,1174,386,1,0,0.0,0.0536914973724919,0.04180214620758716,0.026344664594664585,0.01,49,22,38
webis-touche2020,rr,30,0.01,weighted,205,1184,386,1,0,0.0,0.04180214620758716,0.04180214620758716,0.026344664594664585,0.01,49,22,38
webis-touche2020,rr,30,0.01,active_judge,205,1145,386,1,0,0.0,0.08691548717328226,0.04180214620758716,0.026344664594664585,0.01,49,22,38
webis-touche2020,rr,30,0.01,strat_pilot,205,1175,386,1,0,0.0,0.0422066296933346,0.04180214620758716,0.026344664594664585,0.01,49,22,38
webis-touche2020,rr,30,0.01,weighted_cv,205,1186,386,1,0,0.0,0.035443957268251974,0.04180214620758716,0.026344664594664585,0.01,49,22,38
webis-touche2020,rr,30,0.01,active_cv,205,1156,386,1,0,0.0,0.09303746205802374,0.04180214620758716,0.026344664594664585,0.01,49,22,38
webis-touche2020,rr,30,0.01,weighted_cvl,205,1175,386,1,0,0.0,0.03229368139969614,0.04180214620758716,0.026344664594664585,0.01,49,22,38
webis-touche2020,rr,30,0.01,uniform,206,1295,381,1,0,0.0,0.12662874877105218,0.07654682251372484,0.0850495066363448,0.01,49,24,38
webis-touche2020,rr,30,0.01,uniform_nz,206,1280,381,1,0,0.0,0.09084321486015168,0.07654682251372484,0.0850495066363448,0.01,49,24,38
webis-touche2020,rr,30,0.01,weighted,206,1306,381,1,0,0.0,0.07654682251372484,0.07654682251372484,0.0850495066363448,0.01,49,24,38
webis-touche2020,rr,30,0.01,active_judge,206,1279,381,1,0,0.0,0.13858824808110543,0.07654682251372484,0.0850495066363448,0.01,49,24,38
webis-touche2020,rr,30,0.01,strat_pilot,206,1280,381,1,0,0.0,0.07724011532743393,0.07654682251372484,0.0850495066363448,0.01,49,24,38
webis-touche2020,rr,30,0.01,weighted_cv,206,1303,381,1,0,0.0,0.06476390614120954,0.07654682251372484,0.0850495066363448,0.01,49,24,38
webis-touche2020,rr,30,0.01,active_cv,206,1268,381,1,0,0.0,0.17095444807839408,0.07654682251372484,0.0850495066363448,0.01,49,24,38
webis-touche2020,rr,30,0.01,weighted_cvl,206,1278,381,1,0,0.0,0.05994686304677292,0.07654682251372484,0.0850495066363448,0.01,49,24,38
webis-touche2020,rr,30,0.01,uniform,207,1230,378,1,0,0.0,0.08133479304493234,0.04597534540944107,0.038124726924262504,0.01,49,22,38
webis-touche2020,rr,30,0.01,uniform_nz,207,1152,378,1,0,0.0,0.053944867717092136,0.04597534540944107,0.038124726924262504,0.01,49,22,38
webis-touche2020,rr,30,0.01,weighted,207,1169,378,1,0,0.0,0.04597534540944107,0.04597534540944107,0.038124726924262504,0.01,49,22,38
webis-touche2020,rr,30,0.01,active_judge,207,1152,378,1,0,0.0,0.11505136302105032,0.04597534540944107,0.038124726924262504,0.01,49,22,38
webis-touche2020,rr,30,0.01,strat_pilot,207,1165,378,1,0,0.0,0.045842012773384525,0.04597534540944107,0.038124726924262504,0.01,49,22,38
webis-touche2020,rr,30,0.01,weighted_cv,207,1151,378,1,0,0.0,0.041469311411432404,0.04597534540944107,0.038124726924262504,0.01,49,22,38
webis-touche2020,rr,30,0.01,active_cv,207,1141,378,1,0,0.0,0.0844336458114959,0.04597534540944107,0.038124726924262504,0.01,49,22,38
webis-touche2020,rr,30,0.01,weighted_cvl,207,1141,378,1,0,0.0,0.03671328465539096,0.04597534540944107,0.038124726924262504,0.01,49,22,38
webis-touche2020,rr,30,0.01,uniform,208,1219,368,1,0,0.0,0.0900747190666545,0.04998878543495749,0.03891436925647451,0.01,49,22,38
webis-touche2020,rr,30,0.01,uniform_nz,208,1146,368,1,0,0.0,0.058808530122292126,0.04998878543495749,0.03891436925647451,0.01,49,22,38
webis-touche2020,rr,30,0.01,weighted,208,1128,368,1,0,0.0,0.04998878543495749,0.04998878543495749,0.03891436925647451,0.01,49,22,38
webis-touche2020,rr,30,0.01,active_judge,208,1149,368,1,0,0.0,0.15090746363767973,0.04998878543495749,0.03891436925647451,0.01,49,22,38
webis-touche2020,rr,30,0.01,strat_pilot,208,1177,368,1,0,0.0,0.05027194992522334,0.04998878543495749,0.03891436925647451,0.01,49,22,38
webis-touche2020,rr,30,0.01,weighted_cv,208,1174,368,1,0,0.0,0.04662660075798075,0.04998878543495749,0.03891436925647451,0.01,49,22,38
webis-touche2020,rr,30,0.01,active_cv,208,1133,368,1,0,0.0,0.11225934134205491,0.04998878543495749,0.03891436925647451,0.01,49,22,38
webis-touche2020,rr,30,0.01,weighted_cvl,208,1159,368,1,0,0.0,0.04094934477796372,0.04998878543495749,0.03891436925647451,0.01,49,22,38
webis-touche2020,rr,30,0.01,uniform,209,1177,381,1,0,0.0,0.08128844840240326,0.05292345756811051,0.0610789903799057,0.01,49,22,38
webis-touche2020,rr,30,0.01,uniform_nz,209,1155,381,1,0,0.0,0.06243931250532512,0.05292345756811051,0.0610789903799057,0.01,49,22,38
webis-touche2020,rr,30,0.01,weighted,209,1170,381,1,0,0.0,0.05292345756811051,0.05292345756811051,0.0610789903799057,0.01,49,22,38
webis-touche2020,rr,30,0.01,active_judge,209,1164,381,1,0,0.0,0.1279162064726013,0.05292345756811051,0.0610789903799057,0.01,49,22,38
webis-touche2020,rr,30,0.01,strat_pilot,209,1170,381,1,0,0.0,0.05462708206758411,0.05292345756811051,0.0610789903799057,0.01,49,22,38
webis-touche2020,rr,30,0.01,weighted_cv,209,1167,381,1,0,0.0,0.05006229699054414,0.05292345756811051,0.0610789903799057,0.01,49,22,38
webis-touche2020,rr,30,0.01,active_cv,209,1138,381,1,0,0.0,0.11753516390242588,0.05292345756811051,0.0610789903799057,0.01,49,22,38
webis-touche2020,rr,30,0.01,weighted_cvl,209,1156,381,1,0,0.0,0.04428882090591347,0.05292345756811051,0.0610789903799057,0.01,49,22,38
webis-touche2020,rr,30,0.01,uniform,210,1217,383,1,0,0.0,0.08055369870284187,0.057837401446601364,0.036512560221370276,0.01,49,22,38
webis-touche2020,rr,30,0.01,uniform_nz,210,1192,383,1,0,0.0,0.0716324135777758,0.057837401446601364,0.036512560221370276,0.01,49,22,38
webis-touche2020,rr,30,0.01,weighted,210,1167,383,1,0,0.0,0.057837401446601364,0.057837401446601364,0.036512560221370276,0.01,49,22,38
webis-touche2020,rr,30,0.01,active_judge,210,1142,383,1,0,0.0,0.11298008154146702,0.057837401446601364,0.036512560221370276,0.01,49,22,38
webis-touche2020,rr,30,0.01,strat_pilot,210,1131,383,1,0,0.0,0.05839017885416918,0.057837401446601364,0.036512560221370276,0.01,49,22,38
webis-touche2020,rr,30,0.01,weighted_cv,210,1144,383,1,0,0.0,0.05250843624426521,0.057837401446601364,0.036512560221370276,0.01,49,22,38
webis-touche2020,rr,30,0.01,active_cv,210,1128,383,1,0,0.0,0.11722433139217063,0.057837401446601364,0.036512560221370276,0.01,49,22,38
webis-touche2020,rr,30,0.01,weighted_cvl,210,1160,383,1,0,0.0,0.047159274782665794,0.057837401446601364,0.036512560221370276,0.01,49,22,38
webis-touche2020,rr,30,0.01,uniform,211,1200,386,1,0,0.0,0.07979008104310287,0.048869533079836526,0.049434580037352946,0.01,49,22,38
webis-touche2020,rr,30,0.01,uniform_nz,211,1182,386,1,0,0.0,0.05713064470639727,0.048869533079836526,0.049434580037352946,0.01,49,22,38
webis-touche2020,rr,30,0.01,weighted,211,1164,386,1,0,0.0,0.048869533079836526,0.048869533079836526,0.049434580037352946,0.01,49,22,38
webis-touche2020,rr,30,0.01,active_judge,211,1158,386,1,0,0.0,0.10213868715915941,0.048869533079836526,0.049434580037352946,0.01,49,22,38
webis-touche2020,rr,30,0.01,strat_pilot,211,1175,386,1,0,0.0,0.050416340674994654,0.048869533079836526,0.049434580037352946,0.01,49,22,38
webis-touche2020,rr,30,0.01,weighted_cv,211,1182,386,1,0,0.0,0.042305619042694906,0.048869533079836526,0.049434580037352946,0.01,49,22,38
webis-touche2020,rr,30,0.01,active_cv,211,1158,386,1,0,0.0,0.0721793003486906,0.048869533079836526,0.049434580037352946,0.01,49,22,38
webis-touche2020,rr,30,0.01,weighted_cvl,211,1175,386,1,0,0.0,0.03747285492190386,0.048869533079836526,0.049434580037352946,0.01,49,22,38
webis-touche2020,rr,30,0.01,uniform,212,1217,386,1,0,0.0,0.2545729815371845,0.07051782130504347,0.07228593207617975,0.01,49,22,38
webis-touche2020,rr,30,0.01,uniform_nz,212,1169,386,1,0,0.0,0.12909157695067872,0.07051782130504347,0.07228593207617975,0.01,49,22,38
webis-touche2020,rr,30,0.01,weighted,212,1178,386,1,0,0.0,0.07051782130504347,0.07051782130504347,0.07228593207617975,0.01,49,22,38
webis-touche2020,rr,30,0.01,active_judge,212,1163,386,1,0,0.0,0.2283030962453984,0.07051782130504347,0.07228593207617975,0.01,49,22,38
webis-touche2020,rr,30,0.01,strat_pilot,212,1195,386,1,0,0.0,0.07329710050263402,0.07051782130504347,0.07228593207617975,0.01,49,22,38
webis-touche2020,rr,30,0.01,weighted_cv,212,1148,386,1,0,0.0,0.0495702432524124,0.07051782130504347,0.07228593207617975,0.01,49,22,38
webis-touche2020,rr,30,0.01,active_cv,212,1169,386,1,0,0.0,0.08210334375011777,0.07051782130504347,0.07228593207617975,0.01,49,22,38
webis-touche2020,rr,30,0.01,weighted_cvl,212,1167,386,1,0,0.0,0.048464637998110495,0.07051782130504347,0.07228593207617975,0.01,49,22,38
webis-touche2020,rr,30,0.01,uniform,213,1255,398,1,0,0.0,0.08173470156727211,0.037263523015930444,0.054142709343173716,0.01,49,22,38
webis-touche2020,rr,30,0.01,uniform_nz,213,1182,398,1,0,0.0,0.04641846880151958,0.037263523015930444,0.054142709343173716,0.01,49,22,38
webis-touche2020,rr,30,0.01,weighted,213,1170,398,1,0,0.0,0.037263523015930444,0.037263523015930444,0.054142709343173716,0.01,49,22,38
webis-touche2020,rr,30,0.01,active_judge,213,1164,398,1,0,0.0,0.07571562857783146,0.037263523015930444,0.054142709343173716,0.01,49,22,38
webis-touche2020,rr,30,0.01,strat_pilot,213,1190,398,1,0,0.0,0.03715486310551551,0.037263523015930444,0.054142709343173716,0.01,49,22,38
webis-touche2020,rr,30,0.01,weighted_cv,213,1190,398,1,0,0.0,0.03248715059730249,0.037263523015930444,0.054142709343173716,0.01,49,22,38
webis-touche2020,rr,30,0.01,active_cv,213,1186,398,1,0,0.0,0.060974023063365315,0.037263523015930444,0.054142709343173716,0.01,49,22,38
webis-touche2020,rr,30,0.01,weighted_cvl,213,1188,398,1,0,0.0,0.030178066879707456,0.037263523015930444,0.054142709343173716,0.01,49,22,38
webis-touche2020,rr,30,0.01,uniform,214,1125,372,0,0,0.0,0.24797799624022354,0.05409225540769506,0.02212472469051416,0.01,49,21,37
webis-touche2020,rr,30,0.01,uniform_nz,214,1073,372,0,0,0.0,0.10217522542764605,0.05409225540769506,0.02212472469051416,0.01,49,21,37
webis-touche2020,rr,30,0.01,weighted,214,1074,372,1,0,0.0,0.05409225540769506,0.05409225540769506,0.02212472469051416,0.01,49,21,37
webis-touche2020,rr,30,0.01,active_judge,214,1066,372,1,0,0.0,0.1873724563347025,0.05409225540769506,0.02212472469051416,0.01,49,21,37
webis-touche2020,rr,30,0.01,strat_pilot,214,1077,372,1,0,0.0,0.05311592483149515,0.05409225540769506,0.02212472469051416,0.01,49,21,37
webis-touche2020,rr,30,0.01,weighted_cv,214,1093,372,1,0,0.0,0.04271754052712281,0.05409225540769506,0.02212472469051416,0.01,49,21,37
webis-touche2020,rr,30,0.01,active_cv,214,1072,372,0,0,0.0,0.08622890864562999,0.05409225540769506,0.02212472469051416,0.01,49,21,37
webis-touche2020,rr,30,0.01,weighted_cvl,214,1052,372,1,0,0.0,0.03985851480061227,0.05409225540769506,0.02212472469051416,0.01,49,21,37
webis-touche2020,rr,30,0.01,uniform,215,1167,372,1,0,0.0,0.05338837997826893,0.03228383794593803,0.05289001550614825,0.01,49,22,38
webis-touche2020,rr,30,0.01,uniform_nz,215,1145,372,1,0,0.0,0.04228846903763908,0.03228383794593803,0.05289001550614825,0.01,49,22,38
webis-touche2020,rr,30,0.01,weighted,215,1118,372,1,0,0.0,0.03228383794593803,0.03228383794593803,0.05289001550614825,0.01,49,22,38
webis-touche2020,rr,30,0.01,active_judge,215,1138,372,1,0,0.0,0.06788576218750149,0.03228383794593803,0.05289001550614825,0.01,49,22,38
webis-touche2020,rr,30,0.01,strat_pilot,215,1173,372,1,0,0.0,0.03278568136953526,0.03228383794593803,0.05289001550614825,0.01,49,22,38
webis-touche2020,rr,30,0.01,weighted_cv,215,1126,372,1,0,0.0,0.030133598170020266,0.03228383794593803,0.05289001550614825,0.01,49,22,38
webis-touche2020,rr,30,0.01,active_cv,215,1141,372,1,0,0.0,0.08656955704868478,0.03228383794593803,0.05289001550614825,0.01,49,22,38
webis-touche2020,rr,30,0.01,weighted_cvl,215,1144,372,1,0,0.0,0.028574115352749896,0.03228383794593803,0.05289001550614825,0.01,49,22,38
webis-touche2020,rr,30,0.01,uniform,216,1195,372,1,0,0.0,0.2281340473101825,0.06441030244497996,0.05993394806088305,0.01,49,22,38
webis-touche2020,rr,30,0.01,uniform_nz,216,1143,372,1,0,0.0,0.10387228245300713,0.06441030244497996,0.05993394806088305,0.01,49,22,38
webis-touche2020,rr,30,0.01,weighted,216,1161,372,1,0,0.0,0.06441030244497996,0.06441030244497996,0.05993394806088305,0.01,49,22,38
webis-touche2020,rr,30,0.01,active_judge,216,1138,372,1,0,0.0,0.21524492507518422,0.06441030244497996,0.05993394806088305,0.01,49,22,38
webis-touche2020,rr,30,0.01,strat_pilot,216,1153,372,1,0,0.0,0.06687806088888076,0.06441030244497996,0.05993394806088305,0.01,49,22,38
webis-touche2020,rr,30,0.01,weighted_cv,216,1148,372,1,0,0.0,0.047083194920815453,0.06441030244497996,0.05993394806088305,0.01,49,22,38
webis-touche2020,rr,30,0.01,active_cv,216,1142,372,1,0,0.0,0.09351520453277275,0.06441030244497996,0.05993394806088305,0.01,49,22,38
webis-touche2020,rr,30,0.01,weighted_cvl,216,1157,372,1,0,0.0,0.04387364440871021,0.06441030244497996,0.05993394806088305,0.01,49,22,38
webis-touche2020,rr,30,0.01,uniform,217,1147,391,1,0,0.0,0.07081871739937742,0.033304587919780436,0.009499666999666995,0.01,49,21,37
webis-touche2020,rr,30,0.01,uniform_nz,217,1115,391,1,0,0.0,0.04653742706731521,0.033304587919780436,0.009499666999666995,0.01,49,21,37
webis-touche2020,rr,30,0.01,weighted,217,1101,391,1,0,0.0,0.033304587919780436,0.033304587919780436,0.009499666999666995,0.01,49,21,37
webis-touche2020,rr,30,0.01,active_judge,217,1098,391,0,0,0.0,0.0626220529054349,0.033304587919780436,0.009499666999666995,0.01,49,21,37
webis-touche2020,rr,30,0.01,strat_pilot,217,1097,391,1,0,0.0,0.032050358130023604,0.033304587919780436,0.009499666999666995,0.01,49,21,37
webis-touche2020,rr,30,0.01,weighted_cv,217,1128,391,1,0,0.0,0.027627431197110947,0.033304587919780436,0.009499666999666995,0.01,49,21,37
webis-touche2020,rr,30,0.01,active_cv,217,1100,391,1,0,0.0,0.05049746462987988,0.033304587919780436,0.009499666999666995,0.01,49,21,37
webis-touche2020,rr,30,0.01,weighted_cvl,217,1095,391,1,0,0.0,0.027056496615765657,0.033304587919780436,0.009499666999666995,0.01,49,21,37
webis-touche2020,rr,30,0.01,uniform,218,1329,396,1,0,0.0,0.10624769550287141,0.08064336931912384,0.06453275161600411,0.01,49,24,38
webis-touche2020,rr,30,0.01,uniform_nz,218,1289,396,1,0,0.0,0.09280342585471332,0.08064336931912384,0.06453275161600411,0.01,49,24,38
webis-touche2020,rr,30,0.01,weighted,218,1289,396,1,0,0.0,0.08064336931912384,0.08064336931912384,0.06453275161600411,0.01,49,24,38
webis-touche2020,rr,30,0.01,active_judge,218,1271,396,1,0,0.0,0.1834700733525664,0.08064336931912384,0.06453275161600411,0.01,49,24,38
webis-touche2020,rr,30,0.01,strat_pilot,218,1313,396,1,0,0.0,0.0813289314034865,0.08064336931912384,0.06453275161600411,0.01,49,24,38
webis-touche2020,rr,30,0.01,weighted_cv,218,1290,396,1,0,0.0,0.06537338634652283,0.08064336931912384,0.06453275161600411,0.01,49,24,38
webis-touche2020,rr,30,0.01,active_cv,218,1272,396,1,0,0.0,0.1023144691164269,0.08064336931912384,0.06453275161600411,0.01,49,24,38
webis-touche2020,rr,30,0.01,weighted_cvl,218,1312,396,1,0,0.0,0.061614885338873694,0.08064336931912384,0.06453275161600411,0.01,49,24,38
webis-touche2020,rr,30,0.01,uniform,219,1236,374,1,0,0.0,0.05249028219705544,0.028857365249471405,0.037605493205338396,0.01,49,22,38
webis-touche2020,rr,30,0.01,uniform_nz,219,1168,374,1,0,0.0,0.03626702283917096,0.028857365249471405,0.037605493205338396,0.01,49,22,38
webis-touche2020,rr,30,0.01,weighted,219,1149,374,1,0,0.0,0.028857365249471405,0.028857365249471405,0.037605493205338396,0.01,49,22,38
webis-touche2020,rr,30,0.01,active_judge,219,1128,374,1,0,0.0,0.06961104473383464,0.028857365249471405,0.037605493205338396,0.01,49,22,38
webis-touche2020,rr,30,0.01,strat_pilot,219,1130,374,1,0,0.0,0.02990646192664917,0.028857365249471405,0.037605493205338396,0.01,49,22,38
webis-touche2020,rr,30,0.01,weighted_cv,219,1140,374,1,0,0.0,0.02264290179154701,0.028857365249471405,0.037605493205338396,0.01,49,22,38
webis-touche2020,rr,30,0.01,active_cv,219,1142,374,1,0,0.0,0.04267080382983707,0.028857365249471405,0.037605493205338396,0.01,49,22,38
webis-touche2020,rr,30,0.01,weighted_cvl,219,1147,374,1,0,0.0,0.021951344260397028,0.028857365249471405,0.037605493205338396,0.01,49,22,38
webis-touche2020,rr,30,0.01,uniform,220,1278,379,1,0,0.0,0.11373611514779516,0.08558481523733621,0.09402972321463281,0.01,49,24,38
webis-touche2020,rr,30,0.01,uniform_nz,220,1273,379,1,0,0.0,0.09531581644272033,0.08558481523733621,0.09402972321463281,0.01,49,24,38
webis-touche2020,rr,30,0.01,weighted,220,1285,379,1,0,0.0,0.08558481523733621,0.08558481523733621,0.09402972321463281,0.01,49,24,38
webis-touche2020,rr,30,0.01,active_judge,220,1260,379,1,0,0.0,0.2167394570634093,0.08558481523733621,0.09402972321463281,0.01,49,24,38
webis-touche2020,rr,30,0.01,strat_pilot,220,1295,379,1,0,0.0,0.0862957902760942,0.08558481523733621,0.09402972321463281,0.01,49,24,38
webis-touche2020,rr,30,0.01,weighted_cv,220,1283,379,1,0,0.0,0.07285434476805337,0.08558481523733621,0.09402972321463281,0.01,49,24,38
webis-touche2020,rr,30,0.01,active_cv,220,1269,379,1,0,0.0,0.1348327103524046,0.08558481523733621,0.09402972321463281,0.01,49,24,38
webis-touche2020,rr,30,0.01,weighted_cvl,220,1295,379,1,0,0.0,0.06557139565175754,0.08558481523733621,0.09402972321463281,0.01,49,24,38
webis-touche2020,rr,30,0.01,uniform,221,1228,376,1,0,0.0,0.21891546039573795,0.0564265148468027,0.04784307270281155,0.01,49,22,38
webis-touche2020,rr,30,0.01,uniform_nz,221,1162,376,1,0,0.0,0.09515413554083905,0.0564265148468027,0.04784307270281155,0.01,49,22,38
webis-touche2020,rr,30,0.01,weighted,221,1169,376,1,0,0.0,0.0564265148468027,0.0564265148468027,0.04784307270281155,0.01,49,22,38
webis-touche2020,rr,30,0.01,active_judge,221,1168,376,1,0,0.0,0.161198264761343,0.0564265148468027,0.04784307270281155,0.01,49,22,38
webis-touche2020,rr,30,0.01,strat_pilot,221,1178,376,1,0,0.0,0.057181431755861045,0.0564265148468027,0.04784307270281155,0.01,49,22,38
webis-touche2020,rr,30,0.01,weighted_cv,221,1165,376,1,0,0.0,0.04024504195714399,0.0564265148468027,0.04784307270281155,0.01,49,22,38
webis-touche2020,rr,30,0.01,active_cv,221,1164,376,1,0,0.0,0.08612257283291372,0.0564265148468027,0.04784307270281155,0.01,49,22,38
webis-touche2020,rr,30,0.01,weighted_cvl,221,1189,376,1,0,0.0,0.044738148984465154,0.0564265148468027,0.04784307270281155,0.01,49,22,38
webis-touche2020,rr,30,0.01,uniform,222,1143,370,1,0,0.0,0.23521230655200637,0.04617271662919568,0.010201171377641963,0.01,49,21,38
webis-touche2020,rr,30,0.01,uniform_nz,222,1099,370,1,0,0.0,0.08524398246042612,0.04617271662919568,0.010201171377641963,0.01,49,21,38
webis-touche2020,rr,30,0.01,weighted,222,1101,370,1,0,0.0,0.04617271662919568,0.04617271662919568,0.010201171377641963,0.01,49,21,38
webis-touche2020,rr,30,0.01,active_judge,222,1093,370,1,0,0.0,0.16589609819213208,0.04617271662919568,0.010201171377641963,0.01,49,21,38
webis-touche2020,rr,30,0.01,strat_pilot,222,1117,370,1,0,0.0,0.04663725631513891,0.04617271662919568,0.010201171377641963,0.01,49,21,38
webis-touche2020,rr,30,0.01,weighted_cv,222,1107,370,1,0,0.0,0.02785592029722018,0.04617271662919568,0.010201171377641963,0.01,49,21,38
webis-touche2020,rr,30,0.01,active_cv,222,1109,370,1,0,0.0,0.044262935904498917,0.04617271662919568,0.010201171377641963,0.01,49,21,38
webis-touche2020,rr,30,0.01,weighted_cvl,222,1098,370,1,0,0.0,0.02565213275065368,0.04617271662919568,0.010201171377641963,0.01,49,21,38
webis-touche2020,rr,30,0.01,uniform,223,1237,387,1,0,0.0,0.06743795939354137,0.043812079713821284,0.06118864978368275,0.01,49,22,38
webis-touche2020,rr,30,0.01,uniform_nz,223,1203,387,1,0,0.0,0.05361019935367185,0.043812079713821284,0.06118864978368275,0.01,49,22,38
webis-touche2020,rr,30,0.01,weighted,223,1182,387,1,0,0.0,0.043812079713821284,0.043812079713821284,0.06118864978368275,0.01,49,22,38
webis-touche2020,rr,30,0.01,active_judge,223,1145,387,1,0,0.0,0.10850574977090321,0.043812079713821284,0.06118864978368275,0.01,49,22,38
webis-touche2020,rr,30,0.01,strat_pilot,223,1177,387,1,0,0.0,0.04392851827152459,0.043812079713821284,0.06118864978368275,0.01,49,22,38
webis-touche2020,rr,30,0.01,weighted_cv,223,1182,387,1,0,0.0,0.03873365052390236,0.043812079713821284,0.06118864978368275,0.01,49,22,38
webis-touche2020,rr,30,0.01,active_cv,223,1178,387,1,0,0.0,0.07068048821037234,0.043812079713821284,0.06118864978368275,0.01,49,22,38
webis-touche2020,rr,30,0.01,weighted_cvl,223,1167,387,1,0,0.0,0.036689170520081305,0.043812079713821284,0.06118864978368275,0.01,49,22,38
webis-touche2020,rr,30,0.01,uniform,224,1214,384,1,0,0.0,0.08361236742486822,0.042021784782081184,0.03318472878457396,0.01,49,22,38
webis-touche2020,rr,30,0.01,uniform_nz,224,1167,384,1,0,0.0,0.051813828102001525,0.042021784782081184,0.03318472878457396,0.01,49,22,38
webis-touche2020,rr,30,0.01,weighted,224,1188,384,1,0,0.0,0.042021784782081184,0.042021784782081184,0.03318472878457396,0.01,49,22,38
webis-touche2020,rr,30,0.01,active_judge,224,1167,384,1,0,0.0,0.09825635897721911,0.042021784782081184,0.03318472878457396,0.01,49,22,38
webis-touche2020,rr,30,0.01,strat_pilot,224,1213,384,1,0,0.0,0.04323212834223908,0.042021784782081184,0.03318472878457396,0.01,49,22,38
webis-touche2020,rr,30,0.01,weighted_cv,224,1182,384,1,0,0.0,0.034772704273740386,0.042021784782081184,0.03318472878457396,0.01,49,22,38
webis-touche2020,rr,30,0.01,active_cv,224,1170,384,1,0,0.0,0.05500523292917845,0.042021784782081184,0.03318472878457396,0.01,49,22,38
webis-touche2020,rr,30,0.01,weighted_cvl,224,1170,384,1,0,0.0,0.03467746745789473,0.042021784782081184,0.03318472878457396,0.01,49,22,38
webis-touche2020,rr,30,0.01,uniform,225,1281,380,1,0,0.0,0.06436436758477515,0.050069237108121,0.051607902841964974,0.01,49,24,38
webis-touche2020,rr,30,0.01,uniform_nz,225,1295,380,1,0,0.0,0.05588731840270248,0.050069237108121,0.051607902841964974,0.01,49,24,38
webis-touche2020,rr,30,0.01,weighted,225,1276,380,1,0,0.0,0.050069237108121,0.050069237108121,0.051607902841964974,0.01,49,24,38
webis-touche2020,rr,30,0.01,active_judge,225,1250,380,1,0,0.0,0.08791169108214923,0.050069237108121,0.051607902841964974,0.01,49,24,38
webis-touche2020,rr,30,0.01,strat_pilot,225,1260,380,1,0,0.0,0.05071574557129591,0.050069237108121,0.051607902841964974,0.01,49,24,38
webis-touche2020,rr,30,0.01,weighted_cv,225,1284,380,1,0,0.0,0.04883192899730065,0.050069237108121,0.051607902841964974,0.01,49,24,38
webis-touche2020,rr,30,0.01,active_cv,225,1267,380,1,0,0.0,0.10002635973825731,0.050069237108121,0.051607902841964974,0.01,49,24,38
webis-touche2020,rr,30,0.01,weighted_cvl,225,1284,380,1,0,0.0,0.04709144775281325,0.050069237108121,0.051607902841964974,0.01,49,24,38
webis-touche2020,rr,30,0.01,uniform,226,1260,395,1,0,0.0,0.09538787172552049,0.055553893823630074,0.06057092016457339,0.01,49,22,38
webis-touche2020,rr,30,0.01,uniform_nz,226,1178,395,1,0,0.0,0.0859793783791712,0.055553893823630074,0.06057092016457339,0.01,49,22,38
webis-touche2020,rr,30,0.01,weighted,226,1184,395,1,0,0.0,0.055553893823630074,0.055553893823630074,0.06057092016457339,0.01,49,22,38
webis-touche2020,rr,30,0.01,active_judge,226,1163,395,1,0,0.0,0.13737135392785552,0.055553893823630074,0.06057092016457339,0.01,49,22,38
webis-touche2020,rr,30,0.01,strat_pilot,226,1164,395,1,0,0.0,0.05580235138742643,0.055553893823630074,0.06057092016457339,0.01,49,22,38
webis-touche2020,rr,30,0.01,weighted_cv,226,1175,395,1,0,0.0,0.0484674533554341,0.055553893823630074,0.06057092016457339,0.01,49,22,38
webis-touche2020,rr,30,0.01,active_cv,226,1157,395,1,0,0.0,0.0975398428668534,0.055553893823630074,0.06057092016457339,0.01,49,22,38
webis-touche2020,rr,30,0.01,weighted_cvl,226,1165,395,1,0,0.0,0.042305973968260524,0.055553893823630074,0.06057092016457339,0.01,49,22,38
webis-touche2020,rr,30,0.01,uniform,227,1137,374,0,0,0.0010923645270014548,0.09200567202551094,0.05155417827598713,0.009976747109100032,0.008907635472998545,49,21,37
webis-touche2020,rr,30,0.01,uniform_nz,227,1077,374,1,0,0.0010923645270014548,0.07222479314664773,0.05155417827598713,0.009976747109100032,0.008907635472998545,49,21,37
webis-touche2020,rr,30,0.01,weighted,227,1083,374,1,0,0.0010923645270014548,0.05155417827598713,0.05155417827598713,0.009976747109100032,0.008907635472998545,49,21,37
webis-touche2020,rr,30,0.01,active_judge,227,1066,374,1,0,0.0010923645270014548,0.1392256342847938,0.05155417827598713,0.009976747109100032,0.008907635472998545,49,21,37
webis-touche2020,rr,30,0.01,strat_pilot,227,1085,374,1,0,0.0010923645270014548,0.05167223063587999,0.05155417827598713,0.009976747109100032,0.008907635472998545,49,21,37
webis-touche2020,rr,30,0.01,weighted_cv,227,1081,374,1,0,0.0010923645270014548,0.03971079731104241,0.05155417827598713,0.009976747109100032,0.008907635472998545,49,21,37
webis-touche2020,rr,30,0.01,active_cv,227,1076,374,1,0,0.0010923645270014548,0.07582175488269713,0.05155417827598713,0.009976747109100032,0.008907635472998545,49,21,37
webis-touche2020,rr,30,0.01,weighted_cvl,227,1073,374,1,0,0.0010923645270014548,0.03812088442645227,0.05155417827598713,0.009976747109100032,0.008907635472998545,49,21,37
webis-touche2020,rr,30,0.01,uniform,228,1230,388,1,0,0.0,0.07522065553409929,0.035429698387920844,0.025399984346578773,0.01,49,22,38
webis-touche2020,rr,30,0.01,uniform_nz,228,1175,388,1,0,0.0,0.04588515805390654,0.035429698387920844,0.025399984346578773,0.01,49,22,38
webis-touche2020,rr,30,0.01,weighted,228,1183,388,1,0,0.0,0.035429698387920844,0.035429698387920844,0.025399984346578773,0.01,49,22,38
webis-touche2020,rr,30,0.01,active_judge,228,1179,388,1,0,0.0,0.06985605521484844,0.035429698387920844,0.025399984346578773,0.01,49,22,38
webis-touche2020,rr,30,0.01,strat_pilot,228,1190,388,1,0,0.0,0.0359318502247947,0.035429698387920844,0.025399984346578773,0.01,49,22,38
webis-touche2020,rr,30,0.01,weighted_cv,228,1189,388,1,0,0.0,0.02985836561532946,0.035429698387920844,0.025399984346578773,0.01,49,22,38
webis-touche2020,rr,30,0.01,active_cv,228,1172,388,1,0,0.0,0.06158748445342127,0.035429698387920844,0.025399984346578773,0.01,49,22,38
webis-touche2020,rr,30,0.01,weighted_cvl,228,1180,388,1,0,0.0,0.026914032440966178,0.035429698387920844,0.025399984346578773,0.01,49,22,38
webis-touche2020,rr,30,0.01,uniform,229,1211,370,1,0,0.0,0.07971679886422542,0.05563382388964848,0.06240240412608832,0.01,49,22,38
webis-touche2020,rr,30,0.01,uniform_nz,229,1166,370,1,0,0.0,0.06482909520927507,0.05563382388964848,0.06240240412608832,0.01,49,22,38
webis-touche2020,rr,30,0.01,weighted,229,1156,370,1,0,0.0,0.05563382388964848,0.05563382388964848,0.06240240412608832,0.01,49,22,38
webis-touche2020,rr,30,0.01,active_judge,229,1139,370,1,0,0.0,0.12479652010199835,0.05563382388964848,0.06240240412608832,0.01,49,22,38
webis-touche2020,rr,30,0.01,strat_pilot,229,1143,370,1,0,0.0,0.05634435572154275,0.05563382388964848,0.06240240412608832,0.01,49,22,38
webis-touche2020,rr,30,0.01,weighted_cv,229,1119,370,1,0,0.0,0.05387478077145308,0.05563382388964848,0.06240240412608832,0.01,49,22,38
webis-touche2020,rr,30,0.01,active_cv,229,1132,370,1,0,0.0,0.1278783286020681,0.05563382388964848,0.06240240412608832,0.01,49,22,38
webis-touche2020,rr,30,0.01,weighted_cvl,229,1143,370,1,0,0.0,0.04507097378292414,0.05563382388964848,0.06240240412608832,0.01,49,22,38
webis-touche2020,rr,30,0.01,uniform,230,1138,373,1,0,0.0,0.07491196479071513,0.03525100357910024,0.010623037093625326,0.01,49,21,37
webis-touche2020,rr,30,0.01,uniform_nz,230,1052,373,1,0,0.0,0.05915911450623089,0.03525100357910024,0.010623037093625326,0.01,49,21,37
webis-touche2020,rr,30,0.01,weighted,230,1066,373,1,0,0.0,0.03525100357910024,0.03525100357910024,0.010623037093625326,0.01,49,21,37
webis-touche2020,rr,30,0.01,active_judge,230,1051,373,1,0,0.0,0.10526769931911725,0.03525100357910024,0.010623037093625326,0.01,49,21,37
webis-touche2020,rr,30,0.01,strat_pilot,230,1030,373,1,0,0.0,0.03323459505750148,0.03525100357910024,0.010623037093625326,0.01,49,21,37
webis-touche2020,rr,30,0.01,weighted_cv,230,1073,373,1,0,0.0,0.030185879325933928,0.03525100357910024,0.010623037093625326,0.01,49,21,37
webis-touche2020,rr,30,0.01,active_cv,230,1040,373,1,0,0.0,0.062344263843216174,0.03525100357910024,0.010623037093625326,0.01,49,21,37
webis-touche2020,rr,30,0.01,weighted_cvl,230,1045,373,1,0,0.0,0.028298074993006312,0.03525100357910024,0.010623037093625326,0.01,49,21,37
webis-touche2020,rr,30,0.01,uniform,231,1239,386,1,0,0.0,0.08990001152273812,0.04705278531613905,0.04781108234456597,0.01,49,22,38
webis-touche2020,rr,30,0.01,uniform_nz,231,1151,386,1,0,0.0,0.07828941356658396,0.04705278531613905,0.04781108234456597,0.01,49,22,38
webis-touche2020,rr,30,0.01,weighted,231,1147,386,1,0,0.0,0.04705278531613905,0.04705278531613905,0.04781108234456597,0.01,49,22,38
webis-touche2020,rr,30,0.01,active_judge,231,1144,386,1,0,0.0,0.12600951786709852,0.04705278531613905,0.04781108234456597,0.01,49,22,38
webis-touche2020,rr,30,0.01,strat_pilot,231,1157,386,1,0,0.0,0.04853757472852208,0.04705278531613905,0.04781108234456597,0.01,49,22,38
webis-touche2020,rr,30,0.01,weighted_cv,231,1178,386,1,0,0.0,0.038629285105777046,0.04705278531613905,0.04781108234456597,0.01,49,22,38
webis-touche2020,rr,30,0.01,active_cv,231,1152,386,1,0,0.0,0.07787458565827096,0.04705278531613905,0.04781108234456597,0.01,49,22,38
webis-touche2020,rr,30,0.01,weighted_cvl,231,1149,386,1,0,0.0,0.03545485514690452,0.04705278531613905,0.04781108234456597,0.01,49,22,38
webis-touche2020,rr,30,0.01,uniform,232,1177,373,0,0,0.0,0.21733040395304046,0.05036503446612819,0.018262135181639837,0.01,49,21,38
webis-touche2020,rr,30,0.01,uniform_nz,232,1106,373,1,0,0.0,0.07343500644421022,0.05036503446612819,0.018262135181639837,0.01,49,21,38
webis-touche2020,rr,30,0.01,weighted,232,1107,373,1,0,0.0,0.05036503446612819,0.05036503446612819,0.018262135181639837,0.01,49,21,38
webis-touche2020,rr,30,0.01,active_judge,232,1092,373,1,0,0.0,0.1330559379454561,0.05036503446612819,0.018262135181639837,0.01,49,21,38
webis-touche2020,rr,30,0.01,strat_pilot,232,1113,373,1,0,0.0,0.05252742447476398,0.05036503446612819,0.018262135181639837,0.01,49,21,38
webis-touche2020,rr,30,0.01,weighted_cv,232,1084,373,1,0,0.0,0.0362761310373663,0.05036503446612819,0.018262135181639837,0.01,49,21,38
webis-touche2020,rr,30,0.01,active_cv,232,1082,373,1,0,0.0,0.05041252159252509,0.05036503446612819,0.018262135181639837,0.01,49,21,38
webis-touche2020,rr,30,0.01,weighted_cvl,232,1080,373,1,0,0.0,0.03612533087826181,0.05036503446612819,0.018262135181639837,0.01,49,21,38
webis-touche2020,rr,30,0.01,uniform,233,1260,382,1,0,0.0,0.07297567414204616,0.05958353840215289,0.08515957020889396,0.01,49,24,38
webis-touche2020,rr,30,0.01,uniform_nz,233,1284,382,1,0,0.0,0.06857112037874906,0.05958353840215289,0.08515957020889396,0.01,49,24,38
webis-touche2020,rr,30,0.01,weighted,233,1287,382,1,0,0.0,0.05958353840215289,0.05958353840215289,0.08515957020889396,0.01,49,24,38
webis-touche2020,rr,30,0.01,active_judge,233,1261,382,1,0,0.0,0.12136520462045364,0.05958353840215289,0.08515957020889396,0.01,49,24,38
webis-touche2020,rr,30,0.01,strat_pilot,233,1279,382,1,0,0.0,0.06034170592555986,0.05958353840215289,0.08515957020889396,0.01,49,24,38
webis-touche2020,rr,30,0.01,weighted_cv,233,1274,382,1,0,0.0,0.049267374168328645,0.05958353840215289,0.08515957020889396,0.01,49,24,38
webis-touche2020,rr,30,0.01,active_cv,233,1271,382,1,0,0.0,0.08655582595703921,0.05958353840215289,0.08515957020889396,0.01,49,24,38
webis-touche2020,rr,30,0.01,weighted_cvl,233,1286,382,1,0,0.0,0.04513725422701535,0.05958353840215289,0.08515957020889396,0.01,49,24,38
webis-touche2020,rr,30,0.01,uniform,234,1239,375,1,0,0.0,0.07790524554262114,0.05813245127622894,0.07118906852558755,0.01,49,22,38
webis-touche2020,rr,30,0.01,uniform_nz,234,1169,375,1,0,0.0,0.06629965108522569,0.05813245127622894,0.07118906852558755,0.01,49,22,38
webis-touche2020,rr,30,0.01,weighted,234,1165,375,1,0,0.0,0.05813245127622894,0.05813245127622894,0.07118906852558755,0.01,49,22,38
webis-touche2020,rr,30,0.01,active_judge,234,1129,375,1,0,0.0,0.1260497222637001,0.05813245127622894,0.07118906852558755,0.01,49,22,38
webis-touche2020,rr,30,0.01,strat_pilot,234,1146,375,1,0,0.0,0.0585547729058548,0.05813245127622894,0.07118906852558755,0.01,49,22,38
webis-touche2020,rr,30,0.01,weighted_cv,234,1151,375,1,0,0.0,0.06096815733418964,0.05813245127622894,0.07118906852558755,0.01,49,22,38
webis-touche2020,rr,30,0.01,active_cv,234,1145,375,1,0,0.0,0.17370750374437838,0.05813245127622894,0.07118906852558755,0.01,49,22,38
webis-touche2020,rr,30,0.01,weighted_cvl,234,1131,375,1,0,0.0,0.05249751015222871,0.05813245127622894,0.07118906852558755,0.01,49,22,38
webis-touche2020,rr,30,0.01,uniform,235,1203,384,0,0,0.0,0.23632187818594316,0.04374439433820344,0.027864783994814957,0.01,49,21,38
webis-touche2020,rr,30,0.01,uniform_nz,235,1136,384,1,0,0.0,0.06934223645607053,0.04374439433820344,0.027864783994814957,0.01,49,21,38
webis-touche2020,rr,30,0.01,weighted,235,1145,384,1,0,0.0,0.04374439433820344,0.04374439433820344,0.027864783994814957,0.01,49,21,38
webis-touche2020,rr,30,0.01,active_judge,235,1137,384,1,0,0.0,0.12478725838778348,0.04374439433820344,0.027864783994814957,0.01,49,21,38
webis-touche2020,rr,30,0.01,strat_pilot,235,1124,384,1,0,0.0,0.04671074462197399,0.04374439433820344,0.027864783994814957,0.01,49,21,38
webis-touche2020,rr,30,0.01,weighted_cv,235,1133,384,1,0,0.0,0.030224547065843054,0.04374439433820344,0.027864783994814957,0.01,49,21,38
webis-touche2020,rr,30,0.01,active_cv,235,1128,384,1,0,0.0,0.040942039872673266,0.04374439433820344,0.027864783994814957,0.01,49,21,38
webis-touche2020,rr,30,0.01,weighted_cvl,235,1121,384,1,0,0.0,0.03025128825420974,0.04374439433820344,0.027864783994814957,0.01,49,21,38
webis-touche2020,rr,30,0.01,uniform,236,1226,384,1,0,0.0,0.07343602546632166,0.05421358325699057,0.03814447589447589,0.01,49,22,38
webis-touche2020,rr,30,0.01,uniform_nz,236,1151,384,1,0,0.0,0.06572429968194834,0.05421358325699057,0.03814447589447589,0.01,49,22,38
webis-touche2020,rr,30,0.01,weighted,236,1140,384,1,0,0.0,0.05421358325699057,0.05421358325699057,0.03814447589447589,0.01,49,22,38
webis-touche2020,rr,30,0.01,active_judge,236,1165,384,1,0,0.0,0.1082885016670992,0.05421358325699057,0.03814447589447589,0.01,49,22,38
webis-touche2020,rr,30,0.01,strat_pilot,236,1148,384,1,0,0.0,0.05490428742747222,0.05421358325699057,0.03814447589447589,0.01,49,22,38
webis-touche2020,rr,30,0.01,weighted_cv,236,1155,384,1,0,0.0,0.04362943735005024,0.05421358325699057,0.03814447589447589,0.01,49,22,38
webis-touche2020,rr,30,0.01,active_cv,236,1147,384,1,0,0.0,0.07655265333861065,0.05421358325699057,0.03814447589447589,0.01,49,22,38
webis-touche2020,rr,30,0.01,weighted_cvl,236,1162,384,1,0,0.0,0.04109339134691438,0.05421358325699057,0.03814447589447589,0.01,49,22,38
webis-touche2020,rr,30,0.01,uniform,237,1127,382,0,0,0.0005121085011461357,0.10777914017045305,0.058723436365692126,0.01259445130033366,0.009487891498853864,49,21,37
webis-touche2020,rr,30,0.01,uniform_nz,237,1075,382,1,0,0.0005121085011461357,0.09248265177475924,0.058723436365692126,0.01259445130033366,0.009487891498853864,49,21,37
webis-touche2020,rr,30,0.01,weighted,237,1090,382,1,0,0.0005121085011461357,0.058723436365692126,0.058723436365692126,0.01259445130033366,0.009487891498853864,49,21,37
webis-touche2020,rr,30,0.01,active_judge,237,1063,382,0,0,0.0005121085011461357,0.1504551766427505,0.058723436365692126,0.01259445130033366,0.009487891498853864,49,21,37
webis-touche2020,rr,30,0.01,strat_pilot,237,1092,382,1,0,0.0005121085011461357,0.05743472040105345,0.058723436365692126,0.01259445130033366,0.009487891498853864,49,21,37
webis-touche2020,rr,30,0.01,weighted_cv,237,1079,382,1,0,0.0005121085011461357,0.04263262505278628,0.058723436365692126,0.01259445130033366,0.009487891498853864,49,21,37
webis-touche2020,rr,30,0.01,active_cv,237,1067,382,1,0,0.0005121085011461357,0.0756711962084646,0.058723436365692126,0.01259445130033366,0.009487891498853864,49,21,37
webis-touche2020,rr,30,0.01,weighted_cvl,237,1080,382,1,0,0.0005121085011461357,0.04125464940044672,0.058723436365692126,0.01259445130033366,0.009487891498853864,49,21,37
webis-touche2020,rr,30,0.01,uniform,238,1196,377,1,0,0.0,0.10282332616769148,0.051958528243864356,0.06395029362908619,0.01,49,22,38
webis-touche2020,rr,30,0.01,uniform_nz,238,1171,377,1,0,0.0,0.0612763977776143,0.051958528243864356,0.06395029362908619,0.01,49,22,38
webis-touche2020,rr,30,0.01,weighted,238,1173,377,1,0,0.0,0.051958528243864356,0.051958528243864356,0.06395029362908619,0.01,49,22,38
webis-touche2020,rr,30,0.01,active_judge,238,1146,377,1,0,0.0,0.14031414207905768,0.051958528243864356,0.06395029362908619,0.01,49,22,38
webis-touche2020,rr,30,0.01,strat_pilot,238,1173,377,1,0,0.0,0.05210017030834406,0.051958528243864356,0.06395029362908619,0.01,49,22,38
webis-touche2020,rr,30,0.01,weighted_cv,238,1171,377,1,0,0.0,0.04679276589117661,0.051958528243864356,0.06395029362908619,0.01,49,22,38
webis-touche2020,rr,30,0.01,active_cv,238,1155,377,1,0,0.0,0.09945977126030169,0.051958528243864356,0.06395029362908619,0.01,49,22,38
webis-touche2020,rr,30,0.01,weighted_cvl,238,1179,377,1,0,0.0,0.03940831156305056,0.051958528243864356,0.06395029362908619,0.01,49,22,38
webis-touche2020,rr,30,0.01,uniform,239,1181,384,0,0,0.0,0.20176832351804083,0.037860889247343536,0.023620937885643782,0.01,49,21,38
webis-touche2020,rr,30,0.01,uniform_nz,239,1151,384,1,0,0.0,0.06188689006740815,0.037860889247343536,0.023620937885643782,0.01,49,21,38
webis-touche2020,rr,30,0.01,weighted,239,1118,384,1,0,0.0,0.037860889247343536,0.037860889247343536,0.023620937885643782,0.01,49,21,38
webis-touche2020,rr,30,0.01,active_judge,239,1096,384,1,0,0.0,0.11918498491598632,0.037860889247343536,0.023620937885643782,0.01,49,21,38
webis-touche2020,rr,30,0.01,strat_pilot,239,1112,384,1,0,0.0,0.03893405091395397,0.037860889247343536,0.023620937885643782,0.01,49,21,38
webis-touche2020,rr,30,0.01,weighted_cv,239,1124,384,1,0,0.0,0.027644964986384402,0.037860889247343536,0.023620937885643782,0.01,49,21,38
webis-touche2020,rr,30,0.01,active_cv,239,1122,384,1,0,0.0,0.05032939057388815,0.037860889247343536,0.023620937885643782,0.01,49,21,38
webis-touche2020,rr,30,0.01,weighted_cvl,239,1136,384,1,0,0.0,0.02756948867524444,0.037860889247343536,0.023620937885643782,0.01,49,21,38
webis-touche2020,rr,30,0.01,uniform,240,1131,370,0,0,0.00047630470594373087,0.2383344368583368,0.06494786849178394,0.012157632958716542,0.00952369529405627,49,21,37
webis-touche2020,rr,30,0.01,uniform_nz,240,1047,370,0,0,0.00047630470594373087,0.09949371555729798,0.06494786849178394,0.012157632958716542,0.00952369529405627,49,21,37
webis-touche2020,rr,30,0.01,weighted,240,1063,370,1,0,0.00047630470594373087,0.06494786849178394,0.06494786849178394,0.012157632958716542,0.00952369529405627,49,21,37
webis-touche2020,rr,30,0.01,active_judge,240,1046,370,1,0,0.00047630470594373087,0.16955344211225962,0.06494786849178394,0.012157632958716542,0.00952369529405627,49,21,37
webis-touche2020,rr,30,0.01,strat_pilot,240,1053,370,1,0,0.00047630470594373087,0.06560495848211226,0.06494786849178394,0.012157632958716542,0.00952369529405627,49,21,37
webis-touche2020,rr,30,0.01,weighted_cv,240,1062,370,1,0,0.00047630470594373087,0.05201212460522917,0.06494786849178394,0.012157632958716542,0.00952369529405627,49,21,37
webis-touche2020,rr,30,0.01,active_cv,240,1039,370,1,0,0.00047630470594373087,0.11807225164314103,0.06494786849178394,0.012157632958716542,0.00952369529405627,49,21,37
webis-touche2020,rr,30,0.01,weighted_cvl,240,1058,370,1,0,0.00047630470594373087,0.04821689714574679,0.06494786849178394,0.012157632958716542,0.00952369529405627,49,21,37
webis-touche2020,rr,30,0.01,uniform,241,1218,379,1,0,0.0,0.2695769812245181,0.08436076172773203,0.07365666351192665,0.01,49,22,38
webis-touche2020,rr,30,0.01,uniform_nz,241,1145,379,1,0,0.0,0.14167492976696341,0.08436076172773203,0.07365666351192665,0.01,49,22,38
webis-touche2020,rr,30,0.01,weighted,241,1145,379,1,0,0.0,0.08436076172773203,0.08436076172773203,0.07365666351192665,0.01,49,22,38
webis-touche2020,rr,30,0.01,active_judge,241,1152,379,1,0,0.0,0.25438935051140443,0.08436076172773203,0.07365666351192665,0.01,49,22,38
webis-touche2020,rr,30,0.01,strat_pilot,241,1161,379,1,0,0.0,0.08546861307387948,0.08436076172773203,0.07365666351192665,0.01,49,22,38
webis-touche2020,rr,30,0.01,weighted_cv,241,1160,379,1,0,0.0,0.06178691548223149,0.08436076172773203,0.07365666351192665,0.01,49,22,38
webis-touche2020,rr,30,0.01,active_cv,241,1136,379,1,0,0.0,0.10225348082526782,0.08436076172773203,0.07365666351192665,0.01,49,22,38
webis-touche2020,rr,30,0.01,weighted_cvl,241,1176,379,1,0,0.0,0.057371202808808607,0.08436076172773203,0.07365666351192665,0.01,49,22,38
webis-touche2020,rr,30,0.01,uniform,242,1192,381,0,0,0.0,0.056652701012030016,0.038723009745671284,0.0157575058813449,0.01,49,21,38
webis-touche2020,rr,30,0.01,uniform_nz,242,1091,381,1,0,0.0,0.04559746107160818,0.038723009745671284,0.0157575058813449,0.01,49,21,38
webis-touche2020,rr,30,0.01,weighted,242,1099,381,1,0,0.0,0.038723009745671284,0.038723009745671284,0.0157575058813449,0.01,49,21,38
webis-touche2020,rr,30,0.01,active_judge,242,1090,381,1,0,0.0,0.08092568060418161,0.038723009745671284,0.0157575058813449,0.01,49,21,38
webis-touche2020,rr,30,0.01,strat_pilot,242,1077,381,1,0,0.0,0.039220717932262256,0.038723009745671284,0.0157575058813449,0.01,49,21,38
webis-touche2020,rr,30,0.01,weighted_cv,242,1108,381,1,0,0.0,0.033892005363825174,0.038723009745671284,0.0157575058813449,0.01,49,21,38
webis-touche2020,rr,30,0.01,active_cv,242,1099,381,1,0,0.0,0.05956700191224692,0.038723009745671284,0.0157575058813449,0.01,49,21,38
webis-touche2020,rr,30,0.01,weighted_cvl,242,1095,381,1,0,0.0,0.0322073793393587,0.038723009745671284,0.0157575058813449,0.01,49,21,38
webis-touche2020,rr,30,0.01,uniform,243,1163,389,0,0,0.000346325518657542,0.07375693549988464,0.04339096134049264,0.02051612860823386,0.009653674481342458,49,21,38
webis-touche2020,rr,30,0.01,uniform_nz,243,1093,389,1,0,0.000346325518657542,0.057114040951319625,0.04339096134049264,0.02051612860823386,0.009653674481342458,49,21,38
webis-touche2020,rr,30,0.01,weighted,243,1103,389,1,0,0.000346325518657542,0.04339096134049264,0.04339096134049264,0.02051612860823386,0.009653674481342458,49,21,38
webis-touche2020,rr,30,0.01,active_judge,243,1087,389,1,0,0.000346325518657542,0.08945847320801426,0.04339096134049264,0.02051612860823386,0.009653674481342458,49,21,38
webis-touche2020,rr,30,0.01,strat_pilot,243,1125,389,1,0,0.000346325518657542,0.04360332513618721,0.04339096134049264,0.02051612860823386,0.009653674481342458,49,21,38
webis-touche2020,rr,30,0.01,weighted_cv,243,1100,389,1,0,0.000346325518657542,0.03406517969628735,0.04339096134049264,0.02051612860823386,0.009653674481342458,49,21,38
webis-touche2020,rr,30,0.01,active_cv,243,1097,389,1,0,0.000346325518657542,0.059155213053332246,0.04339096134049264,0.02051612860823386,0.009653674481342458,49,21,38
webis-touche2020,rr,30,0.01,weighted_cvl,243,1107,389,1,0,0.000346325518657542,0.03483821656390823,0.04339096134049264,0.02051612860823386,0.009653674481342458,49,21,38
webis-touche2020,rr,30,0.01,uniform,244,1207,380,1,0,0.0,0.09666296843468745,0.05948172762829346,0.04798620196453013,0.01,49,22,38
webis-touche2020,rr,30,0.01,uniform_nz,244,1182,380,1,0,0.0,0.0796267051519394,0.05948172762829346,0.04798620196453013,0.01,49,22,38
webis-touche2020,rr,30,0.01,weighted,244,1163,380,1,0,0.0,0.05948172762829346,0.05948172762829346,0.04798620196453013,0.01,49,22,38
webis-touche2020,rr,30,0.01,active_judge,244,1149,380,1,0,0.0,0.10306184755339629,0.05948172762829346,0.04798620196453013,0.01,49,22,38
webis-touche2020,rr,30,0.01,strat_pilot,244,1166,380,1,0,0.0,0.05917653432133363,0.05948172762829346,0.04798620196453013,0.01,49,22,38
webis-touche2020,rr,30,0.01,weighted_cv,244,1179,380,1,0,0.0,0.05290884560723043,0.05948172762829346,0.04798620196453013,0.01,49,22,38
webis-touche2020,rr,30,0.01,active_cv,244,1159,380,1,0,0.0,0.13144994846315505,0.05948172762829346,0.04798620196453013,0.01,49,22,38
webis-touche2020,rr,30,0.01,weighted_cvl,244,1191,380,1,0,0.0,0.05081520878265324,0.05948172762829346,0.04798620196453013,0.01,49,22,38
webis-touche2020,rr,30,0.01,uniform,245,1227,399,1,0,0.0,0.059137909901008964,0.032648808403875816,0.03198786813162908,0.01,49,21,38
webis-touche2020,rr,30,0.01,uniform_nz,245,1093,399,1,0,0.0,0.03845485305562391,0.032648808403875816,0.03198786813162908,0.01,49,21,38
webis-touche2020,rr,30,0.01,weighted,245,1131,399,1,0,0.0,0.032648808403875816,0.032648808403875816,0.03198786813162908,0.01,49,21,38
webis-touche2020,rr,30,0.01,active_judge,245,1116,399,1,0,0.0,0.05813111411631013,0.032648808403875816,0.03198786813162908,0.01,49,21,38
webis-touche2020,rr,30,0.01,strat_pilot,245,1145,399,1,0,0.0,0.03294992934265225,0.032648808403875816,0.03198786813162908,0.01,49,21,38
webis-touche2020,rr,30,0.01,weighted_cv,245,1153,399,1,0,0.0,0.02608497222322388,0.032648808403875816,0.03198786813162908,0.01,49,21,38
webis-touche2020,rr,30,0.01,active_cv,245,1117,399,1,0,0.0,0.03982292593631685,0.032648808403875816,0.03198786813162908,0.01,49,21,38
webis-touche2020,rr,30,0.01,weighted_cvl,245,1123,399,1,0,0.0,0.02618354912003995,0.032648808403875816,0.03198786813162908,0.01,49,21,38
webis-touche2020,rr,30,0.01,uniform,246,1194,366,1,0,0.0,0.23140470185703294,0.04579919109319976,0.016240344622697574,0.01,49,21,38
webis-touche2020,rr,30,0.01,uniform_nz,246,1123,366,1,0,0.0,0.06993401870428484,0.04579919109319976,0.016240344622697574,0.01,49,21,38
webis-touche2020,rr,30,0.01,weighted,246,1093,366,1,0,0.0,0.04579919109319976,0.04579919109319976,0.016240344622697574,0.01,49,21,38
webis-touche2020,rr,30,0.01,active_judge,246,1093,366,1,0,0.0,0.16191563420404081,0.04579919109319976,0.016240344622697574,0.01,49,21,38
webis-touche2020,rr,30,0.01,strat_pilot,246,1081,366,1,0,0.0,0.05245192059508121,0.04579919109319976,0.016240344622697574,0.01,49,21,38
webis-touche2020,rr,30,0.01,weighted_cv,246,1119,366,1,0,0.0,0.029857007761445935,0.04579919109319976,0.016240344622697574,0.01,49,21,38
webis-touche2020,rr,30,0.01,active_cv,246,1096,366,1,0,0.0,0.05052881326777607,0.04579919109319976,0.016240344622697574,0.01,49,21,38
webis-touche2020,rr,30,0.01,weighted_cvl,246,1124,366,1,0,0.0,0.028580322314992208,0.04579919109319976,0.016240344622697574,0.01,49,21,38
webis-touche2020,rr,30,0.01,uniform,247,1240,393,1,0,0.0,0.11024153197423388,0.06073076656691177,0.043392221191958714,0.01,49,22,38
webis-touche2020,rr,30,0.01,uniform_nz,247,1182,393,1,0,0.0,0.07035490135626733,0.06073076656691177,0.043392221191958714,0.01,49,22,38
webis-touche2020,rr,30,0.01,weighted,247,1176,393,1,0,0.0,0.06073076656691177,0.06073076656691177,0.043392221191958714,0.01,49,22,38
webis-touche2020,rr,30,0.01,active_judge,247,1155,393,1,0,0.0,0.14549950280080953,0.06073076656691177,0.043392221191958714,0.01,49,22,38
webis-touche2020,rr,30,0.01,strat_pilot,247,1195,393,1,0,0.0,0.061695787106169644,0.06073076656691177,0.043392221191958714,0.01,49,22,38
webis-touche2020,rr,30,0.01,weighted_cv,247,1201,393,1,0,0.0,0.05123677102384851,0.06073076656691177,0.043392221191958714,0.01,49,22,38
webis-touche2020,rr,30,0.01,active_cv,247,1179,393,1,0,0.0,0.11111715341022063,0.06073076656691177,0.043392221191958714,0.01,49,22,38
webis-touche2020,rr,30,0.01,weighted_cvl,247,1142,393,1,0,0.0,0.04685412743208932,0.06073076656691177,0.043392221191958714,0.01,49,22,38
webis-touche2020,rr,30,0.01,uniform,248,1232,393,1,0,0.0,0.10846666086665288,0.06502761413778954,0.03501775686760207,0.01,49,22,38
webis-touche2020,rr,30,0.01,uniform_nz,248,1192,393,1,0,0.0,0.09339207980734418,0.06502761413778954,0.03501775686760207,0.01,49,22,38
webis-touche2020,rr,30,0.01,weighted,248,1175,393,1,0,0.0,0.06502761413778954,0.06502761413778954,0.03501775686760207,0.01,49,22,38
webis-touche2020,rr,30,0.01,active_judge,248,1170,393,1,0,0.0,0.17558597545737223,0.06502761413778954,0.03501775686760207,0.01,49,22,38
webis-touche2020,rr,30,0.01,strat_pilot,248,1173,393,1,0,0.0,0.06578141895219222,0.06502761413778954,0.03501775686760207,0.01,49,22,38
webis-touche2020,rr,30,0.01,weighted_cv,248,1166,393,1,0,0.0,0.054671175005738246,0.06502761413778954,0.03501775686760207,0.01,49,22,38
webis-touche2020,rr,30,0.01,active_cv,248,1153,393,1,0,0.0,0.09505233235668342,0.06502761413778954,0.03501775686760207,0.01,49,22,38
webis-touche2020,rr,30,0.01,weighted_cvl,248,1180,393,1,0,0.0,0.04708130820371402,0.06502761413778954,0.03501775686760207,0.01,49,22,38
webis-touche2020,rr,30,0.01,uniform,249,1188,368,1,0,0.0,0.08328730445083951,0.054733373046831194,0.024857621996166895,0.01,49,22,38
webis-touche2020,rr,30,0.01,uniform_nz,249,1177,368,1,0,0.0,0.06710255202554674,0.054733373046831194,0.024857621996166895,0.01,49,22,38
webis-touche2020,rr,30,0.01,weighted,249,1158,368,1,0,0.0,0.054733373046831194,0.054733373046831194,0.024857621996166895,0.01,49,22,38
webis-touche2020,rr,30,0.01,active_judge,249,1139,368,1,0,0.0,0.13689959046265085,0.054733373046831194,0.024857621996166895,0.01,49,22,38
webis-touche2020,rr,30,0.01,strat_pilot,249,1161,368,1,0,0.0,0.05502661155579158,0.054733373046831194,0.024857621996166895,0.01,49,22,38
webis-touche2020,rr,30,0.01,weighted_cv,249,1142,368,1,0,0.0,0.048598027126617385,0.054733373046831194,0.024857621996166895,0.01,49,22,38
webis-touche2020,rr,30,0.01,active_cv,249,1147,368,1,0,0.0,0.11072103662447383,0.054733373046831194,0.024857621996166895,0.01,49,22,38
webis-touche2020,rr,30,0.01,weighted_cvl,249,1138,368,1,0,0.0,0.04376447948656567,0.054733373046831194,0.024857621996166895,0.01,49,22,38
webis-touche2020,rr,30,0.01,uniform,250,1217,380,1,0,0.0,0.058984349914753244,0.038500007119609304,0.04564763574071692,0.01,49,22,38
webis-touche2020,rr,30,0.01,uniform_nz,250,1147,380,1,0,0.0,0.04855422677699044,0.038500007119609304,0.04564763574071692,0.01,49,22,38
webis-touche2020,rr,30,0.01,weighted,250,1155,380,1,0,0.0,0.038500007119609304,0.038500007119609304,0.04564763574071692,0.01,49,22,38
webis-touche2020,rr,30,0.01,active_judge,250,1147,380,1,0,0.0,0.0840688206294132,0.038500007119609304,0.04564763574071692,0.01,49,22,38
webis-touche2020,rr,30,0.01,strat_pilot,250,1161,380,1,0,0.0,0.03931260575420094,0.038500007119609304,0.04564763574071692,0.01,49,22,38
webis-touche2020,rr,30,0.01,weighted_cv,250,1140,380,1,0,0.0,0.03184949235030315,0.038500007119609304,0.04564763574071692,0.01,49,22,38
webis-touche2020,rr,30,0.01,active_cv,250,1136,380,1,0,0.0,0.06480365099363146,0.038500007119609304,0.04564763574071692,0.01,49,22,38
webis-touche2020,rr,30,0.01,weighted_cvl,250,1171,380,1,0,0.0,0.031736925311766195,0.038500007119609304,0.04564763574071692,0.01,49,22,38
webis-touche2020,rr,30,0.01,uniform,251,1268,378,1,0,0.0,0.09236160623451353,0.04942853158198429,0.0641752350962877,0.01,49,22,38
webis-touche2020,rr,30,0.01,uniform_nz,251,1168,378,1,0,0.0,0.07858578452938027,0.04942853158198429,0.0641752350962877,0.01,49,22,38
webis-touche2020,rr,30,0.01,weighted,251,1189,378,1,0,0.0,0.04942853158198429,0.04942853158198429,0.0641752350962877,0.01,49,22,38
webis-touche2020,rr,30,0.01,active_judge,251,1139,378,1,0,0.0,0.15147644951803624,0.04942853158198429,0.0641752350962877,0.01,49,22,38
webis-touche2020,rr,30,0.01,strat_pilot,251,1191,378,1,0,0.0,0.050209176296787214,0.04942853158198429,0.0641752350962877,0.01,49,22,38
webis-touche2020,rr,30,0.01,weighted_cv,251,1140,378,1,0,0.0,0.043918228328782484,0.04942853158198429,0.0641752350962877,0.01,49,22,38
webis-touche2020,rr,30,0.01,active_cv,251,1151,378,1,0,0.0,0.10596868867018097,0.04942853158198429,0.0641752350962877,0.01,49,22,38
webis-touche2020,rr,30,0.01,weighted_cvl,251,1161,378,1,0,0.0,0.036752240991150965,0.04942853158198429,0.0641752350962877,0.01,49,22,38
webis-touche2020,rr,30,0.01,uniform,252,1245,377,0,0,0.04509163350633327,0.053329837089694465,0.027323708947650887,0.014790222934959808,-0.03509163350633327,49,22,38
webis-touche2020,rr,30,0.01,uniform_nz,252,1165,377,0,0,0.04509163350633327,0.03801587424947277,0.027323708947650887,0.014790222934959808,-0.03509163350633327,49,22,38
webis-touche2020,rr,30,0.01,weighted,252,1160,377,0,0,0.04509163350633327,0.027323708947650887,0.027323708947650887,0.014790222934959808,-0.03509163350633327,49,22,38
webis-touche2020,rr,30,0.01,active_judge,252,1151,377,0,0,0.04509163350633327,0.05242137072194899,0.027323708947650887,0.014790222934959808,-0.03509163350633327,49,22,38
webis-touche2020,rr,30,0.01,strat_pilot,252,1161,377,0,0,0.04509163350633327,0.027615258658316183,0.027323708947650887,0.014790222934959808,-0.03509163350633327,49,22,38
webis-touche2020,rr,30,0.01,weighted_cv,252,1155,377,0,0,0.04509163350633327,0.0255038277602887,0.027323708947650887,0.014790222934959808,-0.03509163350633327,49,22,38
webis-touche2020,rr,30,0.01,active_cv,252,1134,377,0,0,0.04509163350633327,0.06090149793737467,0.027323708947650887,0.014790222934959808,-0.03509163350633327,49,22,38
webis-touche2020,rr,30,0.01,weighted_cvl,252,1147,377,0,0,0.04509163350633327,0.02433950874935147,0.027323708947650887,0.014790222934959808,-0.03509163350633327,49,22,38
webis-touche2020,rr,30,0.01,uniform,253,1322,392,1,0,0.0,0.10052816990362956,0.07337298517240073,0.06425636112940293,0.01,49,24,38
webis-touche2020,rr,30,0.01,uniform_nz,253,1300,392,1,0,0.0,0.08082653216387506,0.07337298517240073,0.06425636112940293,0.01,49,24,38
webis-touche2020,rr,30,0.01,weighted,253,1294,392,1,0,0.0,0.07337298517240073,0.07337298517240073,0.06425636112940293,0.01,49,24,38
webis-touche2020,rr,30,0.01,active_judge,253,1281,392,1,0,0.0,0.19158127865231217,0.07337298517240073,0.06425636112940293,0.01,49,24,38
webis-touche2020,rr,30,0.01,strat_pilot,253,1301,392,1,0,0.0,0.07413733710901826,0.07337298517240073,0.06425636112940293,0.01,49,24,38
webis-touche2020,rr,30,0.01,weighted_cv,253,1283,392,1,0,0.0,0.06697367768380277,0.07337298517240073,0.06425636112940293,0.01,49,24,38
webis-touche2020,rr,30,0.01,active_cv,253,1273,392,1,0,0.0,0.12477941881305418,0.07337298517240073,0.06425636112940293,0.01,49,24,38
webis-touche2020,rr,30,0.01,weighted_cvl,253,1284,392,1,0,0.0,0.06004808043988726,0.07337298517240073,0.06425636112940293,0.01,49,24,38
webis-touche2020,rr,30,0.01,uniform,254,1211,385,1,0,0.0,0.21632531864080412,0.059650226922818336,0.04834271318636645,0.01,49,22,38
webis-touche2020,rr,30,0.01,uniform_nz,254,1187,385,1,0,0.0,0.09787845500109689,0.059650226922818336,0.04834271318636645,0.01,49,22,38
webis-touche2020,rr,30,0.01,weighted,254,1165,385,1,0,0.0,0.059650226922818336,0.059650226922818336,0.04834271318636645,0.01,49,22,38
webis-touche2020,rr,30,0.01,active_judge,254,1157,385,1,0,0.0,0.17571424226915472,0.059650226922818336,0.04834271318636645,0.01,49,22,38
webis-touche2020,rr,30,0.01,strat_pilot,254,1174,385,1,0,0.0,0.060847004702928864,0.059650226922818336,0.04834271318636645,0.01,49,22,38
webis-touche2020,rr,30,0.01,weighted_cv,254,1173,385,1,0,0.0,0.038171761013244036,0.059650226922818336,0.04834271318636645,0.01,49,22,38
webis-touche2020,rr,30,0.01,active_cv,254,1162,385,1,0,0.0,0.05291606395701416,0.059650226922818336,0.04834271318636645,0.01,49,22,38
webis-touche2020,rr,30,0.01,weighted_cvl,254,1152,385,1,0,0.0,0.0373908367415721,0.059650226922818336,0.04834271318636645,0.01,49,22,38
webis-touche2020,rr,30,0.01,uniform,255,1271,384,1,0,0.0,0.12620695046345146,0.07139312863855804,0.07407444853996578,0.01,49,24,38
webis-touche2020,rr,30,0.01,uniform_nz,255,1298,384,1,0,0.0,0.0799313941910983,0.07139312863855804,0.07407444853996578,0.01,49,24,38
webis-touche2020,rr,30,0.01,weighted,255,1297,384,1,0,0.0,0.07139312863855804,0.07139312863855804,0.07407444853996578,0.01,49,24,38
webis-touche2020,rr,30,0.01,active_judge,255,1265,384,1,0,0.0,0.18073631155046094,0.07139312863855804,0.07407444853996578,0.01,49,24,38
webis-touche2020,rr,30,0.01,strat_pilot,255,1274,384,1,0,0.0,0.0721872304697033,0.07139312863855804,0.07407444853996578,0.01,49,24,38
webis-touche2020,rr,30,0.01,weighted_cv,255,1285,384,1,0,0.0,0.05980078236559091,0.07139312863855804,0.07407444853996578,0.01,49,24,38
webis-touche2020,rr,30,0.01,active_cv,255,1278,384,1,0,0.0,0.10844775622354019,0.07139312863855804,0.07407444853996578,0.01,49,24,38
webis-touche2020,rr,30,0.01,weighted_cvl,255,1281,384,1,0,0.0,0.05449094850202345,0.07139312863855804,0.07407444853996578,0.01,49,24,38
webis-touche2020,rr,30,0.01,uniform,256,1161,378,1,0,0.0,0.04309166138984698,0.0231841897342836,0.02500555172381797,0.01,49,21,38
webis-touche2020,rr,30,0.01,uniform_nz,256,1103,378,1,0,0.0,0.027033933686625454,0.0231841897342836,0.02500555172381797,0.01,49,21,38
webis-touche2020,rr,30,0.01,weighted,256,1076,378,1,0,0.0,0.0231841897342836,0.0231841897342836,0.02500555172381797,0.01,49,21,38
webis-touche2020,rr,30,0.01,active_judge,256,1078,378,1,0,0.0,0.04596388496633373,0.0231841897342836,0.02500555172381797,0.01,49,21,38
webis-touche2020,rr,30,0.01,strat_pilot,256,1100,378,1,0,0.0,0.023461775857563035,0.0231841897342836,0.02500555172381797,0.01,49,21,38
webis-touche2020,rr,30,0.01,weighted_cv,256,1117,378,1,0,0.0,0.020146835918006534,0.0231841897342836,0.02500555172381797,0.01,49,21,38
webis-touche2020,rr,30,0.01,active_cv,256,1104,378,1,0,0.0,0.03523195187425637,0.0231841897342836,0.02500555172381797,0.01,49,21,38
webis-touche2020,rr,30,0.01,weighted_cvl,256,1079,378,1,0,0.0,0.017450101085013613,0.0231841897342836,0.02500555172381797,0.01,49,21,38
webis-touche2020,rr,30,0.01,uniform,257,1197,385,1,0,0.0,0.05754137318087423,0.03028647734871486,0.030028053817527503,0.01,49,21,38
webis-touche2020,rr,30,0.01,uniform_nz,257,1114,385,1,0,0.0,0.035918892946405205,0.03028647734871486,0.030028053817527503,0.01,49,21,38
webis-touche2020,rr,30,0.01,weighted,257,1144,385,1,0,0.0,0.03028647734871486,0.03028647734871486,0.030028053817527503,0.01,49,21,38
webis-touche2020,rr,30,0.01,active_judge,257,1119,385,1,0,0.0,0.06919193583423267,0.03028647734871486,0.030028053817527503,0.01,49,21,38
webis-touche2020,rr,30,0.01,strat_pilot,257,1143,385,1,0,0.0,0.03160751563392864,0.03028647734871486,0.030028053817527503,0.01,49,21,38
webis-touche2020,rr,30,0.01,weighted_cv,257,1121,385,1,0,0.0,0.02184784962938379,0.03028647734871486,0.030028053817527503,0.01,49,21,38
webis-touche2020,rr,30,0.01,active_cv,257,1122,385,1,0,0.0,0.036887966093111964,0.03028647734871486,0.030028053817527503,0.01,49,21,38
webis-touche2020,rr,30,0.01,weighted_cvl,257,1143,385,1,0,0.0,0.02194625719482955,0.03028647734871486,0.030028053817527503,0.01,49,21,38
webis-touche2020,rr,30,0.01,uniform,258,1198,375,1,0,0.0,0.1163227334571322,0.061077784003823486,0.06257934789668533,0.01,49,22,38
webis-touche2020,rr,30,0.01,uniform_nz,258,1147,375,1,0,0.0,0.08603094044662166,0.061077784003823486,0.06257934789668533,0.01,49,22,38
webis-touche2020,rr,30,0.01,weighted,258,1149,375,1,0,0.0,0.061077784003823486,0.061077784003823486,0.06257934789668533,0.01,49,22,38
webis-touche2020,rr,30,0.01,active_judge,258,1143,375,1,0,0.0,0.2004783309499925,0.061077784003823486,0.06257934789668533,0.01,49,22,38
webis-touche2020,rr,30,0.01,strat_pilot,258,1156,375,1,0,0.0,0.060832352617184296,0.061077784003823486,0.06257934789668533,0.01,49,22,38
webis-touche2020,rr,30,0.01,weighted_cv,258,1154,375,1,0,0.0,0.05719429124934357,0.061077784003823486,0.06257934789668533,0.01,49,22,38
webis-touche2020,rr,30,0.01,active_cv,258,1138,375,1,0,0.0,0.1418166840654806,0.061077784003823486,0.06257934789668533,0.01,49,22,38
webis-touche2020,rr,30,0.01,weighted_cvl,258,1140,375,1,0,0.0,0.04791423679135412,0.061077784003823486,0.06257934789668533,0.01,49,22,38
webis-touche2020,rr,30,0.01,uniform,259,1210,376,1,0,0.0,0.05359174257794234,0.04245442295082338,0.059418973269592446,0.01,49,22,38
webis-touche2020,rr,30,0.01,uniform_nz,259,1148,376,1,0,0.0,0.04718365375104983,0.04245442295082338,0.059418973269592446,0.01,49,22,38
webis-touche2020,rr,30,0.01,weighted,259,1148,376,1,0,0.0,0.04245442295082338,0.04245442295082338,0.059418973269592446,0.01,49,22,38
webis-touche2020,rr,30,0.01,active_judge,259,1123,376,1,0,0.0,0.08807171969977239,0.04245442295082338,0.059418973269592446,0.01,49,22,38
webis-touche2020,rr,30,0.01,strat_pilot,259,1155,376,1,0,0.0,0.04306178060208809,0.04245442295082338,0.059418973269592446,0.01,49,22,38
webis-touche2020,rr,30,0.01,weighted_cv,259,1161,376,1,0,0.0,0.043165868677437075,0.04245442295082338,0.059418973269592446,0.01,49,22,38
webis-touche2020,rr,30,0.01,active_cv,259,1135,376,1,0,0.0,0.08283040956220455,0.04245442295082338,0.059418973269592446,0.01,49,22,38
webis-touche2020,rr,30,0.01,weighted_cvl,259,1158,376,1,0,0.0,0.037473687223143134,0.04245442295082338,0.059418973269592446,0.01,49,22,38
webis-touche2020,rr,30,0.01,uniform,260,1214,381,1,0,0.0,0.0918013131796657,0.058857167949762514,0.05870645590830002,0.01,49,22,38
webis-touche2020,rr,30,0.01,uniform_nz,260,1157,381,1,0,0.0,0.08528062514870262,0.058857167949762514,0.05870645590830002,0.01,49,22,38
webis-touche2020,rr,30,0.01,weighted,260,1145,381,1,0,0.0,0.058857167949762514,0.058857167949762514,0.05870645590830002,0.01,49,22,38
webis-touche2020,rr,30,0.01,active_judge,260,1151,381,1,0,0.0,0.15640084906459023,0.058857167949762514,0.05870645590830002,0.01,49,22,38
webis-touche2020,rr,30,0.01,strat_pilot,260,1158,381,1,0,0.0,0.060582720303255344,0.058857167949762514,0.05870645590830002,0.01,49,22,38
webis-touche2020,rr,30,0.01,weighted_cv,260,1148,381,1,0,0.0,0.04780871427509554,0.058857167949762514,0.05870645590830002,0.01,49,22,38
webis-touche2020,rr,30,0.01,active_cv,260,1139,381,1,0,0.0,0.0856600972299755,0.058857167949762514,0.05870645590830002,0.01,49,22,38
webis-touche2020,rr,30,0.01,weighted_cvl,260,1152,381,1,0,0.0,0.04375094663569533,0.058857167949762514,0.05870645590830002,0.01,49,22,38
webis-touche2020,rr,30,0.01,uniform,261,1193,384,1,0,0.0,0.20885874419847203,0.04653656510382572,0.011208951866846614,0.01,49,21,38
webis-touche2020,rr,30,0.01,uniform_nz,261,1148,384,1,0,0.0,0.06918101405831886,0.04653656510382572,0.011208951866846614,0.01,49,21,38
webis-touche2020,rr,30,0.01,weighted,261,1111,384,1,0,0.0,0.04653656510382572,0.04653656510382572,0.011208951866846614,0.01,49,21,38
webis-touche2020,rr,30,0.01,active_judge,261,1112,384,1,0,0.0,0.12928741037179314,0.04653656510382572,0.011208951866846614,0.01,49,21,38
webis-touche2020,rr,30,0.01,strat_pilot,261,1119,384,1,0,0.0,0.04722629808289906,0.04653656510382572,0.011208951866846614,0.01,49,21,38
webis-touche2020,rr,30,0.01,weighted_cv,261,1133,384,1,0,0.0,0.034203362600319163,0.04653656510382572,0.011208951866846614,0.01,49,21,38
webis-touche2020,rr,30,0.01,active_cv,261,1103,384,1,0,0.0,0.05488229560150952,0.04653656510382572,0.011208951866846614,0.01,49,21,38
webis-touche2020,rr,30,0.01,weighted_cvl,261,1141,384,1,0,0.0,0.034063616154132045,0.04653656510382572,0.011208951866846614,0.01,49,21,38
webis-touche2020,rr,30,0.01,uniform,262,1297,388,1,0,0.0,0.07445548948609784,0.05178492709049348,0.056665295364191244,0.01,49,24,38
webis-touche2020,rr,30,0.01,uniform_nz,262,1267,388,1,0,0.0,0.06001017610406628,0.05178492709049348,0.056665295364191244,0.01,49,24,38
webis-touche2020,rr,30,0.01,weighted,262,1292,388,1,0,0.0,0.05178492709049348,0.05178492709049348,0.056665295364191244,0.01,49,24,38
webis-touche2020,rr,30,0.01,active_judge,262,1257,388,1,0,0.0,0.09306592913763323,0.05178492709049348,0.056665295364191244,0.01,49,24,38
webis-touche2020,rr,30,0.01,strat_pilot,262,1286,388,1,0,0.0,0.051993507256487194,0.05178492709049348,0.056665295364191244,0.01,49,24,38
webis-touche2020,rr,30,0.01,weighted_cv,262,1291,388,1,0,0.0,0.04838908647080185,0.05178492709049348,0.056665295364191244,0.01,49,24,38
webis-touche2020,rr,30,0.01,active_cv,262,1278,388,1,0,0.0,0.11578386108423451,0.05178492709049348,0.056665295364191244,0.01,49,24,38
webis-touche2020,rr,30,0.01,weighted_cvl,262,1301,388,1,0,0.0,0.046653204594455724,0.05178492709049348,0.056665295364191244,0.01,49,24,38
webis-touche2020,rr,30,0.01,uniform,263,1215,393,1,0,0.0,0.07043296501778232,0.0450234182722756,0.0511543984910858,0.01,49,22,38
webis-touche2020,rr,30,0.01,uniform_nz,263,1177,393,1,0,0.0,0.05268188030545344,0.0450234182722756,0.0511543984910858,0.01,49,22,38
webis-touche2020,rr,30,0.01,weighted,263,1153,393,1,0,0.0,0.0450234182722756,0.0450234182722756,0.0511543984910858,0.01,49,22,38
webis-touche2020,rr,30,0.01,active_judge,263,1175,393,1,0,0.0,0.1079066975166921,0.0450234182722756,0.0511543984910858,0.01,49,22,38
webis-touche2020,rr,30,0.01,strat_pilot,263,1171,393,1,0,0.0,0.04506103809713797,0.0450234182722756,0.0511543984910858,0.01,49,22,38
webis-touche2020,rr,30,0.01,weighted_cv,263,1169,393,1,0,0.0,0.04025266906756764,0.0450234182722756,0.0511543984910858,0.01,49,22,38
webis-touche2020,rr,30,0.01,active_cv,263,1165,393,1,0,0.0,0.07546243500379896,0.0450234182722756,0.0511543984910858,0.01,49,22,38
webis-touche2020,rr,30,0.01,weighted_cvl,263,1181,393,1,0,0.0,0.034630040544365186,0.0450234182722756,0.0511543984910858,0.01,49,22,38
webis-touche2020,rr,30,0.01,uniform,264,1208,382,1,0,0.0,0.21246732618019473,0.04522041164199271,0.029887510150668033,0.01,49,21,38
webis-touche2020,rr,30,0.01,uniform_nz,264,1124,382,1,0,0.0,0.06694595625592799,0.04522041164199271,0.029887510150668033,0.01,49,21,38
webis-touche2020,rr,30,0.01,weighted,264,1131,382,1,0,0.0,0.04522041164199271,0.04522041164199271,0.029887510150668033,0.01,49,21,38
webis-touche2020,rr,30,0.01,active_judge,264,1103,382,1,0,0.0,0.13124809219561565,0.04522041164199271,0.029887510150668033,0.01,49,21,38
webis-touche2020,rr,30,0.01,strat_pilot,264,1155,382,1,0,0.0,0.045797646998565734,0.04522041164199271,0.029887510150668033,0.01,49,21,38
webis-touche2020,rr,30,0.01,weighted_cv,264,1145,382,1,0,0.0,0.03416545952998014,0.04522041164199271,0.029887510150668033,0.01,49,21,38
webis-touche2020,rr,30,0.01,active_cv,264,1116,382,1,0,0.0,0.0563982322827131,0.04522041164199271,0.029887510150668033,0.01,49,21,38
webis-touche2020,rr,30,0.01,weighted_cvl,264,1116,382,1,0,0.0,0.03136930993904983,0.04522041164199271,0.029887510150668033,0.01,49,21,38
webis-touche2020,rr,30,0.01,uniform,265,1214,372,1,0,0.0,0.0967693610596606,0.0548514114956699,0.07197352014457277,0.01,49,22,38
webis-touche2020,rr,30,0.01,uniform_nz,265,1160,372,1,0,0.0,0.0674949138347979,0.0548514114956699,0.07197352014457277,0.01,49,22,38
webis-touche2020,rr,30,0.01,weighted,265,1176,372,1,0,0.0,0.0548514114956699,0.0548514114956699,0.07197352014457277,0.01,49,22,38
webis-touche2020,rr,30,0.01,active_judge,265,1160,372,1,0,0.0,0.14275448849732586,0.0548514114956699,0.07197352014457277,0.01,49,22,38
webis-touche2020,rr,30,0.01,strat_pilot,265,1186,372,1,0,0.0,0.05653462071339884,0.0548514114956699,0.07197352014457277,0.01,49,22,38
webis-touche2020,rr,30,0.01,weighted_cv,265,1153,372,1,0,0.0,0.04981712832691762,0.0548514114956699,0.07197352014457277,0.01,49,22,38
webis-touche2020,rr,30,0.01,active_cv,265,1140,372,1,0,0.0,0.11590525119663089,0.0548514114956699,0.07197352014457277,0.01,49,22,38
webis-touche2020,rr,30,0.01,weighted_cvl,265,1188,372,1,0,0.0,0.04382693822048332,0.0548514114956699,0.07197352014457277,0.01,49,22,38
webis-touche2020,rr,30,0.01,uniform,266,1150,372,0,0,0.001098070141002938,0.07667236881368274,0.045483250664731134,0.010242629747273704,0.008901929858997062,49,21,37
webis-touche2020,rr,30,0.01,uniform_nz,266,1063,372,0,0,0.001098070141002938,0.06573502008469824,0.045483250664731134,0.010242629747273704,0.008901929858997062,49,21,37
webis-touche2020,rr,30,0.01,weighted,266,1053,372,1,0,0.001098070141002938,0.045483250664731134,0.045483250664731134,0.010242629747273704,0.008901929858997062,49,21,37
webis-touche2020,rr,30,0.01,active_judge,266,1048,372,1,0,0.001098070141002938,0.1167654703716996,0.045483250664731134,0.010242629747273704,0.008901929858997062,49,21,37
webis-touche2020,rr,30,0.01,strat_pilot,266,1072,372,1,0,0.001098070141002938,0.04491114742141379,0.045483250664731134,0.010242629747273704,0.008901929858997062,49,21,37
webis-touche2020,rr,30,0.01,weighted_cv,266,1081,372,1,0,0.001098070141002938,0.03772060584776484,0.045483250664731134,0.010242629747273704,0.008901929858997062,49,21,37
webis-touche2020,rr,30,0.01,active_cv,266,1057,372,1,0,0.001098070141002938,0.06282870672348564,0.045483250664731134,0.010242629747273704,0.008901929858997062,49,21,37
webis-touche2020,rr,30,0.01,weighted_cvl,266,1050,372,1,0,0.001098070141002938,0.03653607109926012,0.045483250664731134,0.010242629747273704,0.008901929858997062,49,21,37
webis-touche2020,rr,30,0.01,uniform,267,1315,385,1,0,0.0,0.09646203579807815,0.07558865698159312,0.08094414816056122,0.01,49,24,38
webis-touche2020,rr,30,0.01,uniform_nz,267,1294,385,1,0,0.0,0.08419003688555353,0.07558865698159312,0.08094414816056122,0.01,49,24,38
webis-touche2020,rr,30,0.01,weighted,267,1283,385,1,0,0.0,0.07558865698159312,0.07558865698159312,0.08094414816056122,0.01,49,24,38
webis-touche2020,rr,30,0.01,active_judge,267,1275,385,1,0,0.0,0.17662627759970764,0.07558865698159312,0.08094414816056122,0.01,49,24,38
webis-touche2020,rr,30,0.01,strat_pilot,267,1280,385,1,0,0.0,0.07680011803680398,0.07558865698159312,0.08094414816056122,0.01,49,24,38
webis-touche2020,rr,30,0.01,weighted_cv,267,1277,385,1,0,0.0,0.06751721058187943,0.07558865698159312,0.08094414816056122,0.01,49,24,38
webis-touche2020,rr,30,0.01,active_cv,267,1270,385,1,0,0.0,0.14828478599819345,0.07558865698159312,0.08094414816056122,0.01,49,24,38
webis-touche2020,rr,30,0.01,weighted_cvl,267,1292,385,1,0,0.0,0.06296460543964807,0.07558865698159312,0.08094414816056122,0.01,49,24,38
webis-touche2020,rr,30,0.01,uniform,268,1186,382,1,0,0.0,0.06323259826329186,0.04595028126205206,0.029218996718222708,0.01,49,22,38
webis-touche2020,rr,30,0.01,uniform_nz,268,1156,382,1,0,0.0,0.050834917888721944,0.04595028126205206,0.029218996718222708,0.01,49,22,38
webis-touche2020,rr,30,0.01,weighted,268,1172,382,1,0,0.0,0.04595028126205206,0.04595028126205206,0.029218996718222708,0.01,49,22,38
webis-touche2020,rr,30,0.01,active_judge,268,1153,382,1,0,0.0,0.10845311931558763,0.04595028126205206,0.029218996718222708,0.01,49,22,38
webis-touche2020,rr,30,0.01,strat_pilot,268,1167,382,1,0,0.0,0.0471060614327666,0.04595028126205206,0.029218996718222708,0.01,49,22,38
webis-touche2020,rr,30,0.01,weighted_cv,268,1140,382,1,0,0.0,0.03772243242426476,0.04595028126205206,0.029218996718222708,0.01,49,22,38
webis-touche2020,rr,30,0.01,active_cv,268,1150,382,1,0,0.0,0.06862152946090727,0.04595028126205206,0.029218996718222708,0.01,49,22,38
webis-touche2020,rr,30,0.01,weighted_cvl,268,1154,382,1,0,0.0,0.03694763582097431,0.04595028126205206,0.029218996718222708,0.01,49,22,38
webis-touche2020,rr,30,0.01,uniform,269,1240,384,1,0,0.0,0.10315232556285876,0.04777977851915327,0.052914117186563,0.01,49,22,38
webis-touche2020,rr,30,0.01,uniform_nz,269,1180,384,1,0,0.0,0.06438586923495836,0.04777977851915327,0.052914117186563,0.01,49,22,38
webis-touche2020,rr,30,0.01,weighted,269,1163,384,1,0,0.0,0.04777977851915327,0.04777977851915327,0.052914117186563,0.01,49,22,38
webis-touche2020,rr,30,0.01,active_judge,269,1139,384,1,0,0.0,0.12604492350565238,0.04777977851915327,0.052914117186563,0.01,49,22,38
webis-touche2020,rr,30,0.01,strat_pilot,269,1182,384,1,0,0.0,0.04800714015430816,0.04777977851915327,0.052914117186563,0.01,49,22,38
webis-touche2020,rr,30,0.01,weighted_cv,269,1204,384,1,0,0.0,0.04353771428938339,0.04777977851915327,0.052914117186563,0.01,49,22,38
webis-touche2020,rr,30,0.01,active_cv,269,1155,384,1,0,0.0,0.12675774832145686,0.04777977851915327,0.052914117186563,0.01,49,22,38
webis-touche2020,rr,30,0.01,weighted_cvl,269,1167,384,1,0,0.0,0.044122677692667756,0.04777977851915327,0.052914117186563,0.01,49,22,38
webis-touche2020,rr,30,0.01,uniform,270,1214,371,1,0,0.0,0.09709517535658227,0.04124872521054239,0.05499718934316458,0.01,49,22,38
webis-touche2020,rr,30,0.01,uniform_nz,270,1161,371,1,0,0.0,0.06498494516679233,0.04124872521054239,0.05499718934316458,0.01,49,22,38
webis-touche2020,rr,30,0.01,weighted,270,1162,371,1,0,0.0,0.04124872521054239,0.04124872521054239,0.05499718934316458,0.01,49,22,38
webis-touche2020,rr,30,0.01,active_judge,270,1160,371,1,0,0.0,0.13226568228701568,0.04124872521054239,0.05499718934316458,0.01,49,22,38
webis-touche2020,rr,30,0.01,strat_pilot,270,1148,371,1,0,0.0,0.039092058146423206,0.04124872521054239,0.05499718934316458,0.01,49,22,38
webis-touche2020,rr,30,0.01,weighted_cv,270,1149,371,1,0,0.0,0.03479772094999511,0.04124872521054239,0.05499718934316458,0.01,49,22,38
webis-touche2020,rr,30,0.01,active_cv,270,1157,371,1,0,0.0,0.05711799377008586,0.04124872521054239,0.05499718934316458,0.01,49,22,38
webis-touche2020,rr,30,0.01,weighted_cvl,270,1159,371,1,0,0.0,0.03055700120248448,0.04124872521054239,0.05499718934316458,0.01,49,22,38
webis-touche2020,rr,30,0.01,uniform,271,1242,382,1,0,0.0,0.06072096694643969,0.036834900980549125,0.029981876568563853,0.01,49,22,38
webis-touche2020,rr,30,0.01,uniform_nz,271,1150,382,1,0,0.0,0.04744013915683594,0.036834900980549125,0.029981876568563853,0.01,49,22,38
webis-touche2020,rr,30,0.01,weighted,271,1183,382,1,0,0.0,0.036834900980549125,0.036834900980549125,0.029981876568563853,0.01,49,22,38
webis-touche2020,rr,30,0.01,active_judge,271,1153,382,1,0,0.0,0.09343118899059347,0.036834900980549125,0.029981876568563853,0.01,49,22,38
webis-touche2020,rr,30,0.01,strat_pilot,271,1145,382,1,0,0.0,0.03740745108497018,0.036834900980549125,0.029981876568563853,0.01,49,22,38
webis-touche2020,rr,30,0.01,weighted_cv,271,1181,382,1,0,0.0,0.03258689521764606,0.036834900980549125,0.029981876568563853,0.01,49,22,38
webis-touche2020,rr,30,0.01,active_cv,271,1134,382,1,0,0.0,0.06250400134415603,0.036834900980549125,0.029981876568563853,0.01,49,22,38
webis-touche2020,rr,30,0.01,weighted_cvl,271,1154,382,1,0,0.0,0.030672976352007737,0.036834900980549125,0.029981876568563853,0.01,49,22,38
webis-touche2020,rr,30,0.01,uniform,272,1235,371,1,0,0.0,0.08412344809359716,0.043655267525677374,0.06252187578503367,0.01,49,22,38
webis-touche2020,rr,30,0.01,uniform_nz,272,1151,371,1,0,0.0,0.04921723703418164,0.043655267525677374,0.06252187578503367,0.01,49,22,38
webis-touche2020,rr,30,0.01,weighted,272,1161,371,1,0,0.0,0.043655267525677374,0.043655267525677374,0.06252187578503367,0.01,49,22,38
webis-touche2020,rr,30,0.01,active_judge,272,1145,371,1,0,0.0,0.09717041264433542,0.043655267525677374,0.06252187578503367,0.01,49,22,38
webis-touche2020,rr,30,0.01,strat_pilot,272,1163,371,1,0,0.0,0.044373402185826936,0.043655267525677374,0.06252187578503367,0.01,49,22,38
webis-touche2020,rr,30,0.01,weighted_cv,272,1163,371,1,0,0.0,0.03663188877939302,0.043655267525677374,0.06252187578503367,0.01,49,22,38
webis-touche2020,rr,30,0.01,active_cv,272,1138,371,1,0,0.0,0.05445527196806734,0.043655267525677374,0.06252187578503367,0.01,49,22,38
webis-touche2020,rr,30,0.01,weighted_cvl,272,1150,371,1,0,0.0,0.033798163107609795,0.043655267525677374,0.06252187578503367,0.01,49,22,38
webis-touche2020,rr,30,0.01,uniform,273,1195,388,1,0,0.0,0.05204307081400532,0.027923899281951315,0.06146485441242473,0.01,49,22,38
webis-touche2020,rr,30,0.01,uniform_nz,273,1204,388,1,0,0.0,0.03517308102662518,0.027923899281951315,0.06146485441242473,0.01,49,22,38
webis-touche2020,rr,30,0.01,weighted,273,1193,388,1,0,0.0,0.027923899281951315,0.027923899281951315,0.06146485441242473,0.01,49,22,38
webis-touche2020,rr,30,0.01,active_judge,273,1169,388,1,0,0.0,0.061125090967371266,0.027923899281951315,0.06146485441242473,0.01,49,22,38
webis-touche2020,rr,30,0.01,strat_pilot,273,1182,388,1,0,0.0,0.028483998592402443,0.027923899281951315,0.06146485441242473,0.01,49,22,38
webis-touche2020,rr,30,0.01,weighted_cv,273,1191,388,1,0,0.0,0.02556633757291485,0.027923899281951315,0.06146485441242473,0.01,49,22,38
webis-touche2020,rr,30,0.01,active_cv,273,1180,388,1,0,0.0,0.056624833013093775,0.027923899281951315,0.06146485441242473,0.01,49,22,38
webis-touche2020,rr,30,0.01,weighted_cvl,273,1165,388,1,0,0.0,0.023491451407291166,0.027923899281951315,0.06146485441242473,0.01,49,22,38
webis-touche2020,rr,30,0.01,uniform,274,1158,387,0,0,0.0,0.04374771396952274,0.027696231663587912,0.017378452301052928,0.01,49,21,38
webis-touche2020,rr,30,0.01,uniform_nz,274,1101,387,1,0,0.0,0.03259630436452954,0.027696231663587912,0.017378452301052928,0.01,49,21,38
webis-touche2020,rr,30,0.01,weighted,274,1123,387,1,0,0.0,0.027696231663587912,0.027696231663587912,0.017378452301052928,0.01,49,21,38
webis-touche2020,rr,30,0.01,active_judge,274,1103,387,1,0,0.0,0.06829205389336909,0.027696231663587912,0.017378452301052928,0.01,49,21,38
webis-touche2020,rr,30,0.01,strat_pilot,274,1114,387,1,0,0.0,0.027300793657190913,0.027696231663587912,0.017378452301052928,0.01,49,21,38
webis-touche2020,rr,30,0.01,weighted_cv,274,1093,387,1,0,0.0,0.024723474746350553,0.027696231663587912,0.017378452301052928,0.01,49,21,38
webis-touche2020,rr,30,0.01,active_cv,274,1105,387,1,0,0.0,0.05064190952870272,0.027696231663587912,0.017378452301052928,0.01,49,21,38
webis-touche2020,rr,30,0.01,weighted_cvl,274,1109,387,1,0,0.0,0.02325360905799748,0.027696231663587912,0.017378452301052928,0.01,49,21,38
webis-touche2020,rr,30,0.01,uniform,275,1245,389,1,0,0.0,0.1121566148193536,0.06528106831540184,0.06127762029851814,0.01,49,22,38
webis-touche2020,rr,30,0.01,uniform_nz,275,1158,389,1,0,0.0,0.10061751582895706,0.06528106831540184,0.06127762029851814,0.01,49,22,38
webis-touche2020,rr,30,0.01,weighted,275,1174,389,1,0,0.0,0.06528106831540184,0.06528106831540184,0.06127762029851814,0.01,49,22,38
webis-touche2020,rr,30,0.01,active_judge,275,1139,389,1,0,0.0,0.16185179980917203,0.06528106831540184,0.06127762029851814,0.01,49,22,38
webis-touche2020,rr,30,0.01,strat_pilot,275,1182,389,1,0,0.0,0.06556782211864952,0.06528106831540184,0.06127762029851814,0.01,49,22,38
webis-touche2020,rr,30,0.01,weighted_cv,275,1156,389,1,0,0.0,0.056097577986665426,0.06528106831540184,0.06127762029851814,0.01,49,22,38
webis-touche2020,rr,30,0.01,active_cv,275,1144,389,1,0,0.0,0.10898380665460035,0.06528106831540184,0.06127762029851814,0.01,49,22,38
webis-touche2020,rr,30,0.01,weighted_cvl,275,1168,389,1,0,0.0,0.04940690462007401,0.06528106831540184,0.06127762029851814,0.01,49,22,38
webis-touche2020,rr,30,0.01,uniform,276,1310,385,1,0,0.0,0.14397398501274777,0.08870347911327578,0.1086501177373388,0.01,49,24,38
webis-touche2020,rr,30,0.01,uniform_nz,276,1279,385,1,0,0.0,0.09925766919664102,0.08870347911327578,0.1086501177373388,0.01,49,24,38
webis-touche2020,rr,30,0.01,weighted,276,1279,385,1,0,0.0,0.08870347911327578,0.08870347911327578,0.1086501177373388,0.01,49,24,38
webis-touche2020,rr,30,0.01,active_judge,276,1262,385,1,0,0.0,0.18405309020283894,0.08870347911327578,0.1086501177373388,0.01,49,24,38
webis-touche2020,rr,30,0.01,strat_pilot,276,1313,385,1,0,0.0,0.08974437166404696,0.08870347911327578,0.1086501177373388,0.01,49,24,38
webis-touche2020,rr,30,0.01,weighted_cv,276,1276,385,1,0,0.0,0.07024888517093537,0.08870347911327578,0.1086501177373388,0.01,49,24,38
webis-touche2020,rr,30,0.01,active_cv,276,1266,385,1,0,0.0,0.10833384978147605,0.08870347911327578,0.1086501177373388,0.01,49,24,38
webis-touche2020,rr,30,0.01,weighted_cvl,276,1289,385,1,0,0.0,0.06531121276672541,0.08870347911327578,0.1086501177373388,0.01,49,24,38
webis-touche2020,rr,30,0.01,uniform,277,1169,385,1,0,0.0,0.07619627828340414,0.03612251728028938,0.016765226689375294,0.01,49,21,38
webis-touche2020,rr,30,0.01,uniform_nz,277,1096,385,1,0,0.0,0.056654266867067336,0.03612251728028938,0.016765226689375294,0.01,49,21,38
webis-touche2020,rr,30,0.01,weighted,277,1111,385,1,0,0.0,0.03612251728028938,0.03612251728028938,0.016765226689375294,0.01,49,21,38
webis-touche2020,rr,30,0.01,active_judge,277,1096,385,1,0,0.0,0.10135297083261174,0.03612251728028938,0.016765226689375294,0.01,49,21,38
webis-touche2020,rr,30,0.01,strat_pilot,277,1141,385,1,0,0.0,0.037290638765380885,0.03612251728028938,0.016765226689375294,0.01,49,21,38
webis-touche2020,rr,30,0.01,weighted_cv,277,1127,385,1,0,0.0,0.02655515834797883,0.03612251728028938,0.016765226689375294,0.01,49,21,38
webis-touche2020,rr,30,0.01,active_cv,277,1112,385,1,0,0.0,0.04616132285275102,0.03612251728028938,0.016765226689375294,0.01,49,21,38
webis-touche2020,rr,30,0.01,weighted_cvl,277,1133,385,1,0,0.0,0.025716788817982596,0.03612251728028938,0.016765226689375294,0.01,49,21,38
webis-touche2020,rr,30,0.01,uniform,278,1198,369,1,0,0.0,0.08019418705469031,0.04207310118103082,0.06780795795192077,0.01,49,22,38
webis-touche2020,rr,30,0.01,uniform_nz,278,1163,369,1,0,0.0,0.05142786832392471,0.04207310118103082,0.06780795795192077,0.01,49,22,38
webis-touche2020,rr,30,0.01,weighted,278,1137,369,1,0,0.0,0.04207310118103082,0.04207310118103082,0.06780795795192077,0.01,49,22,38
webis-touche2020,rr,30,0.01,active_judge,278,1143,369,1,0,0.0,0.09992034057945587,0.04207310118103082,0.06780795795192077,0.01,49,22,38
webis-touche2020,rr,30,0.01,strat_pilot,278,1148,369,1,0,0.0,0.04272616349631736,0.04207310118103082,0.06780795795192077,0.01,49,22,38
webis-touche2020,rr,30,0.01,weighted_cv,278,1151,369,1,0,0.0,0.03511905580695811,0.04207310118103082,0.06780795795192077,0.01,49,22,38
webis-touche2020,rr,30,0.01,active_cv,278,1155,369,1,0,0.0,0.06258852866571966,0.04207310118103082,0.06780795795192077,0.01,49,22,38
webis-touche2020,rr,30,0.01,weighted_cvl,278,1148,369,1,0,0.0,0.033953912503465876,0.04207310118103082,0.06780795795192077,0.01,49,22,38
webis-touche2020,rr,30,0.01,uniform,279,1239,373,1,0,0.0,0.10779972285837842,0.05875609501844723,0.06291474822047577,0.01,49,22,38
webis-touche2020,rr,30,0.01,uniform_nz,279,1145,373,1,0,0.0,0.07284307880373356,0.05875609501844723,0.06291474822047577,0.01,49,22,38
webis-touche2020,rr,30,0.01,weighted,279,1166,373,1,0,0.0,0.05875609501844723,0.05875609501844723,0.06291474822047577,0.01,49,22,38
webis-touche2020,rr,30,0.01,active_judge,279,1149,373,1,0,0.0,0.14978977461907422,0.05875609501844723,0.06291474822047577,0.01,49,22,38
webis-touche2020,rr,30,0.01,strat_pilot,279,1160,373,1,0,0.0,0.06069032548651685,0.05875609501844723,0.06291474822047577,0.01,49,22,38
webis-touche2020,rr,30,0.01,weighted_cv,279,1163,373,1,0,0.0,0.05193825800733415,0.05875609501844723,0.06291474822047577,0.01,49,22,38
webis-touche2020,rr,30,0.01,active_cv,279,1136,373,1,0,0.0,0.13270407106811602,0.05875609501844723,0.06291474822047577,0.01,49,22,38
webis-touche2020,rr,30,0.01,weighted_cvl,279,1137,373,1,0,0.0,0.05193825800733415,0.05875609501844723,0.06291474822047577,0.01,49,22,38
webis-touche2020,rr,30,0.01,uniform,280,1197,374,1,0,0.0,0.07090385342284519,0.03695906470841981,0.05684883961354549,0.01,49,22,38
webis-touche2020,rr,30,0.01,uniform_nz,280,1146,374,1,0,0.0,0.04285747855761351,0.03695906470841981,0.05684883961354549,0.01,49,22,38
webis-touche2020,rr,30,0.01,weighted,280,1151,374,1,0,0.0,0.03695906470841981,0.03695906470841981,0.05684883961354549,0.01,49,22,38
webis-touche2020,rr,30,0.01,active_judge,280,1129,374,1,0,0.0,0.10569503410408984,0.03695906470841981,0.05684883961354549,0.01,49,22,38
webis-touche2020,rr,30,0.01,strat_pilot,280,1149,374,1,0,0.0,0.0378760471775139,0.03695906470841981,0.05684883961354549,0.01,49,22,38
webis-touche2020,rr,30,0.01,weighted_cv,280,1151,374,1,0,0.0,0.030017657221390964,0.03695906470841981,0.05684883961354549,0.01,49,22,38
webis-touche2020,rr,30,0.01,active_cv,280,1148,374,1,0,0.0,0.049226304687723474,0.03695906470841981,0.05684883961354549,0.01,49,22,38
webis-touche2020,rr,30,0.01,weighted_cvl,280,1164,374,1,0,0.0,0.027942527969082726,0.03695906470841981,0.05684883961354549,0.01,49,22,38
webis-touche2020,rr,30,0.01,uniform,281,1217,373,1,0,0.0,0.20409542278139003,0.04381456168769286,0.040772832831656364,0.01,49,22,38
webis-touche2020,rr,30,0.01,uniform_nz,281,1173,373,1,0,0.0,0.08087817706638656,0.04381456168769286,0.040772832831656364,0.01,49,22,38
webis-touche2020,rr,30,0.01,weighted,281,1170,373,1,0,0.0,0.04381456168769286,0.04381456168769286,0.040772832831656364,0.01,49,22,38
webis-touche2020,rr,30,0.01,active_judge,281,1166,373,1,0,0.0,0.14089497124589861,0.04381456168769286,0.040772832831656364,0.01,49,22,38
webis-touche2020,rr,30,0.01,strat_pilot,281,1161,373,1,0,0.0,0.044256275884810695,0.04381456168769286,0.040772832831656364,0.01,49,22,38
webis-touche2020,rr,30,0.01,weighted_cv,281,1163,373,1,0,0.0,0.031478485889066106,0.04381456168769286,0.040772832831656364,0.01,49,22,38
webis-touche2020,rr,30,0.01,active_cv,281,1155,373,1,0,0.0,0.07112602451367692,0.04381456168769286,0.040772832831656364,0.01,49,22,38
webis-touche2020,rr,30,0.01,weighted_cvl,281,1159,373,1,0,0.0,0.03980864097546225,0.04381456168769286,0.040772832831656364,0.01,49,22,38
webis-touche2020,rr,30,0.01,uniform,282,1152,366,0,0,0.0003549008116944252,0.2015103589844489,0.03912886739732019,0.014934640522875816,0.009645099188305575,49,21,38
webis-touche2020,rr,30,0.01,uniform_nz,282,1110,366,1,0,0.0003549008116944252,0.06271460453529261,0.03912886739732019,0.014934640522875816,0.009645099188305575,49,21,38
webis-touche2020,rr,30,0.01,weighted,282,1106,366,1,0,0.0003549008116944252,0.03912886739732019,0.03912886739732019,0.014934640522875816,0.009645099188305575,49,21,38
webis-touche2020,rr,30,0.01,active_judge,282,1084,366,1,0,0.0003549008116944252,0.10694396292533588,0.03912886739732019,0.014934640522875816,0.009645099188305575,49,21,38
webis-touche2020,rr,30,0.01,strat_pilot,282,1095,366,1,0,0.0003549008116944252,0.03958429826132101,0.03912886739732019,0.014934640522875816,0.009645099188305575,49,21,38
webis-touche2020,rr,30,0.01,weighted_cv,282,1093,366,1,0,0.0003549008116944252,0.028392909452283337,0.03912886739732019,0.014934640522875816,0.009645099188305575,49,21,38
webis-touche2020,rr,30,0.01,active_cv,282,1081,366,1,0,0.0003549008116944252,0.0433098988230972,0.03912886739732019,0.014934640522875816,0.009645099188305575,49,21,38
webis-touche2020,rr,30,0.01,weighted_cvl,282,1109,366,1,0,0.0003549008116944252,0.028765961629185,0.03912886739732019,0.014934640522875816,0.009645099188305575,49,21,38
webis-touche2020,rr,30,0.01,uniform,283,1177,384,1,0,0.0,0.22732910349541546,0.04438442417976028,0.018502374437157056,0.01,49,21,38
webis-touche2020,rr,30,0.01,uniform_nz,283,1120,384,1,0,0.0,0.08243683206735522,0.04438442417976028,0.018502374437157056,0.01,49,21,38
webis-touche2020,rr,30,0.01,weighted,283,1131,384,1,0,0.0,0.04438442417976028,0.04438442417976028,0.018502374437157056,0.01,49,21,38
webis-touche2020,rr,30,0.01,active_judge,283,1124,384,1,0,0.0,0.16537235952354962,0.04438442417976028,0.018502374437157056,0.01,49,21,38
webis-touche2020,rr,30,0.01,strat_pilot,283,1136,384,1,0,0.0,0.045137706334752684,0.04438442417976028,0.018502374437157056,0.01,49,21,38
webis-touche2020,rr,30,0.01,weighted_cv,283,1137,384,1,0,0.0,0.028151009213909305,0.04438442417976028,0.018502374437157056,0.01,49,21,38
webis-touche2020,rr,30,0.01,active_cv,283,1102,384,1,0,0.0,0.04039429294962198,0.04438442417976028,0.018502374437157056,0.01,49,21,38
webis-touche2020,rr,30,0.01,weighted_cvl,283,1116,384,1,0,0.0,0.02704442215416229,0.04438442417976028,0.018502374437157056,0.01,49,21,38
webis-touche2020,rr,30,0.01,uniform,284,1241,379,1,0,0.0,0.08698786165558291,0.042353743099199426,0.020564014299914148,0.01,49,22,38
webis-touche2020,rr,30,0.01,uniform_nz,284,1174,379,1,0,0.0,0.05595212329855691,0.042353743099199426,0.020564014299914148,0.01,49,22,38
webis-touche2020,rr,30,0.01,weighted,284,1194,379,1,0,0.0,0.042353743099199426,0.042353743099199426,0.020564014299914148,0.01,49,22,38
webis-touche2020,rr,30,0.01,active_judge,284,1160,379,1,0,0.0,0.1002527278324696,0.042353743099199426,0.020564014299914148,0.01,49,22,38
webis-touche2020,rr,30,0.01,strat_pilot,284,1176,379,1,0,0.0,0.04270454596130854,0.042353743099199426,0.020564014299914148,0.01,49,22,38
webis-touche2020,rr,30,0.01,weighted_cv,284,1181,379,1,0,0.0,0.0386499809984196,0.042353743099199426,0.020564014299914148,0.01,49,22,38
webis-touche2020,rr,30,0.01,active_cv,284,1185,379,1,0,0.0,0.08841431954144341,0.042353743099199426,0.020564014299914148,0.01,49,22,38
webis-touche2020,rr,30,0.01,weighted_cvl,284,1176,379,1,0,0.0,0.03685681541903747,0.042353743099199426,0.020564014299914148,0.01,49,22,38
webis-touche2020,rr,30,0.01,uniform,285,1212,387,1,0,0.0,0.08975770637238137,0.04198139424367442,0.02941640016330417,0.01,49,22,38
webis-touche2020,rr,30,0.01,uniform_nz,285,1158,387,1,0,0.0,0.05062682028704039,0.04198139424367442,0.02941640016330417,0.01,49,22,38
webis-touche2020,rr,30,0.01,weighted,285,1193,387,1,0,0.0,0.04198139424367442,0.04198139424367442,0.02941640016330417,0.01,49,22,38
webis-touche2020,rr,30,0.01,active_judge,285,1172,387,1,0,0.0,0.09760616223529449,0.04198139424367442,0.02941640016330417,0.01,49,22,38
webis-touche2020,rr,30,0.01,strat_pilot,285,1181,387,1,0,0.0,0.041525396756033076,0.04198139424367442,0.02941640016330417,0.01,49,22,38
webis-touche2020,rr,30,0.01,weighted_cv,285,1185,387,1,0,0.0,0.038261833774284,0.04198139424367442,0.02941640016330417,0.01,49,22,38
webis-touche2020,rr,30,0.01,active_cv,285,1162,387,1,0,0.0,0.08837294260887418,0.04198139424367442,0.02941640016330417,0.01,49,22,38
webis-touche2020,rr,30,0.01,weighted_cvl,285,1188,387,1,0,0.0,0.03506732269431044,0.04198139424367442,0.02941640016330417,0.01,49,22,38
webis-touche2020,rr,30,0.01,uniform,286,1225,378,1,0,0.0,0.10399642181059754,0.05457099614906145,0.05712392870287605,0.01,49,22,38
webis-touche2020,rr,30,0.01,uniform_nz,286,1177,378,1,0,0.0,0.06526854255721508,0.05457099614906145,0.05712392870287605,0.01,49,22,38
webis-touche2020,rr,30,0.01,weighted,286,1212,378,1,0,0.0,0.05457099614906145,0.05457099614906145,0.05712392870287605,0.01,49,22,38
webis-touche2020,rr,30,0.01,active_judge,286,1176,378,1,0,0.0,0.11049473504996836,0.05457099614906145,0.05712392870287605,0.01,49,22,38
webis-touche2020,rr,30,0.01,strat_pilot,286,1185,378,1,0,0.0,0.05504125594079349,0.05457099614906145,0.05712392870287605,0.01,49,22,38
webis-touche2020,rr,30,0.01,weighted_cv,286,1181,378,1,0,0.0,0.043572169777989875,0.05457099614906145,0.05712392870287605,0.01,49,22,38
webis-touche2020,rr,30,0.01,active_cv,286,1164,378,1,0,0.0,0.07648240286903034,0.05457099614906145,0.05712392870287605,0.01,49,22,38
webis-touche2020,rr,30,0.01,weighted_cvl,286,1169,378,1,0,0.0,0.04155066146551588,0.05457099614906145,0.05712392870287605,0.01,49,22,38
webis-touche2020,rr,30,0.01,uniform,287,1230,376,1,0,0.0,0.1037296375172373,0.06188416298801556,0.06383674392343122,0.01,49,22,38
webis-touche2020,rr,30,0.01,uniform_nz,287,1165,376,1,0,0.0,0.0898855954497139,0.06188416298801556,0.06383674392343122,0.01,49,22,38
webis-touche2020,rr,30,0.01,weighted,287,1163,376,1,0,0.0,0.06188416298801556,0.06188416298801556,0.06383674392343122,0.01,49,22,38
webis-touche2020,rr,30,0.01,active_judge,287,1131,376,1,0,0.0,0.1768698291163397,0.06188416298801556,0.06383674392343122,0.01,49,22,38
webis-touche2020,rr,30,0.01,strat_pilot,287,1186,376,1,0,0.0,0.06395422611051496,0.06188416298801556,0.06383674392343122,0.01,49,22,38
webis-touche2020,rr,30,0.01,weighted_cv,287,1177,376,1,0,0.0,0.05337218131178443,0.06188416298801556,0.06383674392343122,0.01,49,22,38
webis-touche2020,rr,30,0.01,active_cv,287,1155,376,1,0,0.0,0.10216382063702172,0.06188416298801556,0.06383674392343122,0.01,49,22,38
webis-touche2020,rr,30,0.01,weighted_cvl,287,1148,376,1,0,0.0,0.04956588612912549,0.06188416298801556,0.06383674392343122,0.01,49,22,38
webis-touche2020,rr,30,0.01,uniform,288,1203,386,1,0,0.0,0.09413889388103439,0.044798918736425775,0.07293939602746305,0.01,49,22,38
webis-touche2020,rr,30,0.01,uniform_nz,288,1154,386,1,0,0.0,0.06971148770650605,0.044798918736425775,0.07293939602746305,0.01,49,22,38
webis-touche2020,rr,30,0.01,weighted,288,1181,386,1,0,0.0,0.044798918736425775,0.044798918736425775,0.07293939602746305,0.01,49,22,38
webis-touche2020,rr,30,0.01,active_judge,288,1164,386,1,0,0.0,0.13720934293739134,0.044798918736425775,0.07293939602746305,0.01,49,22,38
webis-touche2020,rr,30,0.01,strat_pilot,288,1151,386,1,0,0.0,0.04387564255782853,0.044798918736425775,0.07293939602746305,0.01,49,22,38
webis-touche2020,rr,30,0.01,weighted_cv,288,1187,386,1,0,0.0,0.035056837417836204,0.044798918736425775,0.07293939602746305,0.01,49,22,38
webis-touche2020,rr,30,0.01,active_cv,288,1155,386,1,0,0.0,0.05856654533237101,0.044798918736425775,0.07293939602746305,0.01,49,22,38
webis-touche2020,rr,30,0.01,weighted_cvl,288,1156,386,1,0,0.0,0.03140120256139763,0.044798918736425775,0.07293939602746305,0.01,49,22,38
webis-touche2020,rr,30,0.01,uniform,289,1167,371,1,0,0.0,0.24117592014550512,0.043153150739743316,0.019780701754385947,0.01,49,21,38
webis-touche2020,rr,30,0.01,uniform_nz,289,1081,371,1,0,0.0,0.07967067812264765,0.043153150739743316,0.019780701754385947,0.01,49,21,38
webis-touche2020,rr,30,0.01,weighted,289,1093,371,1,0,0.0,0.043153150739743316,0.043153150739743316,0.019780701754385947,0.01,49,21,38
webis-touche2020,rr,30,0.01,active_judge,289,1093,371,1,0,0.0,0.15272101681433353,0.043153150739743316,0.019780701754385947,0.01,49,21,38
webis-touche2020,rr,30,0.01,strat_pilot,289,1114,371,1,0,0.0,0.045957129132488436,0.043153150739743316,0.019780701754385947,0.01,49,21,38
webis-touche2020,rr,30,0.01,weighted_cv,289,1111,371,1,0,0.0,0.026463460470749007,0.043153150739743316,0.019780701754385947,0.01,49,21,38
webis-touche2020,rr,30,0.01,active_cv,289,1091,371,1,0,0.0,0.043794517112533286,0.043153150739743316,0.019780701754385947,0.01,49,21,38
webis-touche2020,rr,30,0.01,weighted_cvl,289,1155,371,1,0,0.0,0.0264436672947173,0.043153150739743316,0.019780701754385947,0.01,49,21,38
webis-touche2020,rr,30,0.01,uniform,290,1222,374,1,0,0.0,0.05154554683296014,0.036597092398554174,0.039160955859872254,0.01,49,22,38
webis-touche2020,rr,30,0.01,uniform_nz,290,1181,374,1,0,0.0,0.04106707056252256,0.036597092398554174,0.039160955859872254,0.01,49,22,38
webis-touche2020,rr,30,0.01,weighted,290,1137,374,1,0,0.0,0.036597092398554174,0.036597092398554174,0.039160955859872254,0.01,49,22,38
webis-touche2020,rr,30,0.01,active_judge,290,1147,374,1,0,0.0,0.08273907951671987,0.036597092398554174,0.039160955859872254,0.01,49,22,38
webis-touche2020,rr,30,0.01,strat_pilot,290,1171,374,1,0,0.0,0.03666973024115383,0.036597092398554174,0.039160955859872254,0.01,49,22,38
webis-touche2020,rr,30,0.01,weighted_cv,290,1159,374,1,0,0.0,0.032452891152580224,0.036597092398554174,0.039160955859872254,0.01,49,22,38
webis-touche2020,rr,30,0.01,active_cv,290,1147,374,1,0,0.0,0.06802747008596849,0.036597092398554174,0.039160955859872254,0.01,49,22,38
webis-touche2020,rr,30,0.01,weighted_cvl,290,1157,374,1,0,0.0,0.030497462842087354,0.036597092398554174,0.039160955859872254,0.01,49,22,38
webis-touche2020,rr,30,0.01,uniform,291,1284,372,1,0,0.0,0.0979258956554199,0.06829828427420875,0.077550846325917,0.01,49,24,38
webis-touche2020,rr,30,0.01,uniform_nz,291,1279,372,1,0,0.0,0.07344293260530042,0.06829828427420875,0.077550846325917,0.01,49,24,38
webis-touche2020,rr,30,0.01,weighted,291,1294,372,1,0,0.0,0.06829828427420875,0.06829828427420875,0.077550846325917,0.01,49,24,38
webis-touche2020,rr,30,0.01,active_judge,291,1237,372,1,0,0.0,0.1594295037781298,0.06829828427420875,0.077550846325917,0.01,49,24,38
webis-touche2020,rr,30,0.01,strat_pilot,291,1282,372,1,0,0.0,0.06913458691667917,0.06829828427420875,0.077550846325917,0.01,49,24,38
webis-touche2020,rr,30,0.01,weighted_cv,291,1254,372,1,0,0.0,0.05997137230726481,0.06829828427420875,0.077550846325917,0.01,49,24,38
webis-touche2020,rr,30,0.01,active_cv,291,1243,372,1,0,0.0,0.1248805039671705,0.06829828427420875,0.077550846325917,0.01,49,24,38
webis-touche2020,rr,30,0.01,weighted_cvl,291,1285,372,1,0,0.0,0.06143572589431462,0.06829828427420875,0.077550846325917,0.01,49,24,38
webis-touche2020,rr,30,0.01,uniform,292,1214,372,1,0,0.0,0.03958706668078523,0.017271550537988657,0.054493633749926655,0.01,49,22,38
webis-touche2020,rr,30,0.01,uniform_nz,292,1174,372,1,0,0.0,0.023679758599857773,0.017271550537988657,0.054493633749926655,0.01,49,22,38
webis-touche2020,rr,30,0.01,weighted,292,1167,372,1,0,0.0,0.017271550537988657,0.017271550537988657,0.054493633749926655,0.01,49,22,38
webis-touche2020,rr,30,0.01,active_judge,292,1149,372,1,0,0.0,0.04003433318797197,0.017271550537988657,0.054493633749926655,0.01,49,22,38
webis-touche2020,rr,30,0.01,strat_pilot,292,1162,372,1,0,0.0,0.01762001313575941,0.017271550537988657,0.054493633749926655,0.01,49,22,38
webis-touche2020,rr,30,0.01,weighted_cv,292,1170,372,1,0,0.0,0.016130958150900113,0.017271550537988657,0.054493633749926655,0.01,49,22,38
webis-touche2020,rr,30,0.01,active_cv,292,1156,372,1,0,0.0,0.04088536389180137,0.017271550537988657,0.054493633749926655,0.01,49,22,38
webis-touche2020,rr,30,0.01,weighted_cvl,292,1163,372,1,0,0.0,0.015095883622997904,0.017271550537988657,0.054493633749926655,0.01,49,22,38
webis-touche2020,rr,30,0.01,uniform,293,1171,379,1,0,0.0,0.0560677251917195,0.032576248652825664,0.04960007080982312,0.01,49,22,38
webis-touche2020,rr,30,0.01,uniform_nz,293,1160,379,1,0,0.0,0.04218829095765425,0.032576248652825664,0.04960007080982312,0.01,49,22,38
webis-touche2020,rr,30,0.01,weighted,293,1178,379,1,0,0.0,0.032576248652825664,0.032576248652825664,0.04960007080982312,0.01,49,22,38
webis-touche2020,rr,30,0.01,active_judge,293,1155,379,1,0,0.0,0.06900515181986858,0.032576248652825664,0.04960007080982312,0.01,49,22,38
webis-touche2020,rr,30,0.01,strat_pilot,293,1165,379,1,0,0.0,0.032995960875891725,0.032576248652825664,0.04960007080982312,0.01,49,22,38
webis-touche2020,rr,30,0.01,weighted_cv,293,1180,379,1,0,0.0,0.029929185883736692,0.032576248652825664,0.04960007080982312,0.01,49,22,38
webis-touche2020,rr,30,0.01,active_cv,293,1159,379,1,0,0.0,0.049144336010748274,0.032576248652825664,0.04960007080982312,0.01,49,22,38
webis-touche2020,rr,30,0.01,weighted_cvl,293,1153,379,1,0,0.0,0.029285096658963644,0.032576248652825664,0.04960007080982312,0.01,49,22,38
webis-touche2020,rr,30,0.01,uniform,294,1202,373,1,0,0.0,0.05861550489732761,0.03298082339542095,0.03690442815735589,0.01,49,22,38
webis-touche2020,rr,30,0.01,uniform_nz,294,1165,373,1,0,0.0,0.040929606566494296,0.03298082339542095,0.03690442815735589,0.01,49,22,38
webis-touche2020,rr,30,0.01,weighted,294,1153,373,1,0,0.0,0.03298082339542095,0.03298082339542095,0.03690442815735589,0.01,49,22,38
webis-touche2020,rr,30,0.01,active_judge,294,1145,373,1,0,0.0,0.07397398713102335,0.03298082339542095,0.03690442815735589,0.01,49,22,38
webis-touche2020,rr,30,0.01,strat_pilot,294,1167,373,1,0,0.0,0.03352853068171323,0.03298082339542095,0.03690442815735589,0.01,49,22,38
webis-touche2020,rr,30,0.01,weighted_cv,294,1147,373,1,0,0.0,0.02494711988402553,0.03298082339542095,0.03690442815735589,0.01,49,22,38
webis-touche2020,rr,30,0.01,active_cv,294,1119,373,1,0,0.0,0.04623727455057055,0.03298082339542095,0.03690442815735589,0.01,49,22,38
webis-touche2020,rr,30,0.01,weighted_cvl,294,1160,373,1,0,0.0,0.023978669952049052,0.03298082339542095,0.03690442815735589,0.01,49,22,38
webis-touche2020,rr,30,0.01,uniform,295,1236,387,0,0,0.04004684238292333,0.06108720535353469,0.04111446421829504,0.016513055230715744,-0.03004684238292333,49,22,38
webis-touche2020,rr,30,0.01,uniform_nz,295,1162,387,0,0,0.04004684238292333,0.05109569159617268,0.04111446421829504,0.016513055230715744,-0.03004684238292333,49,22,38
webis-touche2020,rr,30,0.01,weighted,295,1156,387,0,0,0.04004684238292333,0.04111446421829504,0.04111446421829504,0.016513055230715744,-0.03004684238292333,49,22,38
webis-touche2020,rr,30,0.01,active_judge,295,1157,387,0,0,0.04004684238292333,0.08628125862101148,0.04111446421829504,0.016513055230715744,-0.03004684238292333,49,22,38
webis-touche2020,rr,30,0.01,strat_pilot,295,1169,387,0,0,0.04004684238292333,0.04145281913788644,0.04111446421829504,0.016513055230715744,-0.03004684238292333,49,22,38
webis-touche2020,rr,30,0.01,weighted_cv,295,1172,387,0,0,0.04004684238292333,0.03488054995782285,0.04111446421829504,0.016513055230715744,-0.03004684238292333,49,22,38
webis-touche2020,rr,30,0.01,active_cv,295,1151,387,0,0,0.04004684238292333,0.06030582959013604,0.04111446421829504,0.016513055230715744,-0.03004684238292333,49,22,38
webis-touche2020,rr,30,0.01,weighted_cvl,295,1144,387,0,0,0.04004684238292333,0.037581023366631904,0.04111446421829504,0.016513055230715744,-0.03004684238292333,49,22,38
webis-touche2020,rr,30,0.01,uniform,296,1159,374,0,0,0.0008131892362954751,0.0592867831733775,0.020691528457267395,0.012821426939073989,0.009186810763704525,49,21,38
webis-touche2020,rr,30,0.01,uniform_nz,296,1105,374,0,0,0.0008131892362954751,0.03972344544104716,0.020691528457267395,0.012821426939073989,0.009186810763704525,49,21,38
webis-touche2020,rr,30,0.01,weighted,296,1113,374,1,0,0.0008131892362954751,0.020691528457267395,0.020691528457267395,0.012821426939073989,0.009186810763704525,49,21,38
webis-touche2020,rr,30,0.01,active_judge,296,1106,374,0,0,0.0008131892362954751,0.07419360298283868,0.020691528457267395,0.012821426939073989,0.009186810763704525,49,21,38
webis-touche2020,rr,30,0.01,strat_pilot,296,1083,374,1,0,0.0008131892362954751,0.01879663844069315,0.020691528457267395,0.012821426939073989,0.009186810763704525,49,21,38
webis-touche2020,rr,30,0.01,weighted_cv,296,1107,374,1,0,0.0008131892362954751,0.015984658559437998,0.020691528457267395,0.012821426939073989,0.009186810763704525,49,21,38
webis-touche2020,rr,30,0.01,active_cv,296,1080,374,1,0,0.0008131892362954751,0.0252639973842957,0.020691528457267395,0.012821426939073989,0.009186810763704525,49,21,38
webis-touche2020,rr,30,0.01,weighted_cvl,296,1102,374,1,0,0.0008131892362954751,0.013926804035129327,0.020691528457267395,0.012821426939073989,0.009186810763704525,49,21,38
webis-touche2020,rr,30,0.01,uniform,297,1225,383,1,0,0.0,0.2582539457320338,0.07605719524102375,0.07790599648029986,0.01,49,22,38
webis-touche2020,rr,30,0.01,uniform_nz,297,1140,383,1,0,0.0,0.1366769653288054,0.07605719524102375,0.07790599648029986,0.01,49,22,38
webis-touche2020,rr,30,0.01,weighted,297,1182,383,1,0,0.0,0.07605719524102375,0.07605719524102375,0.07790599648029986,0.01,49,22,38
webis-touche2020,rr,30,0.01,active_judge,297,1164,383,1,0,0.0,0.24833828489125728,0.07605719524102375,0.07790599648029986,0.01,49,22,38
webis-touche2020,rr,30,0.01,strat_pilot,297,1164,383,1,0,0.0,0.07884157061579247,0.07605719524102375,0.07790599648029986,0.01,49,22,38
webis-touche2020,rr,30,0.01,weighted_cv,297,1178,383,1,0,0.0,0.05162715697031284,0.07605719524102375,0.07790599648029986,0.01,49,22,38
webis-touche2020,rr,30,0.01,active_cv,297,1174,383,1,0,0.0,0.08680851830525264,0.07605719524102375,0.07790599648029986,0.01,49,22,38
webis-touche2020,rr,30,0.01,weighted_cvl,297,1180,383,1,0,0.0,0.0497458250708473,0.07605719524102375,0.07790599648029986,0.01,49,22,38
webis-touche2020,rr,30,0.01,uniform,298,1294,375,1,0,0.0,0.0784610433949937,0.05323585386548986,0.07221345675235834,0.01,49,24,38
webis-touche2020,rr,30,0.01,uniform_nz,298,1256,375,1,0,0.0,0.05729188291646105,0.05323585386548986,0.07221345675235834,0.01,49,24,38
webis-touche2020,rr,30,0.01,weighted,298,1257,375,1,0,0.0,0.05323585386548986,0.05323585386548986,0.07221345675235834,0.01,49,24,38
webis-touche2020,rr,30,0.01,active_judge,298,1260,375,1,0,0.0,0.13363201533641605,0.05323585386548986,0.07221345675235834,0.01,49,24,38
webis-touche2020,rr,30,0.01,strat_pilot,298,1281,375,1,0,0.0,0.05414303895817142,0.05323585386548986,0.07221345675235834,0.01,49,24,38
webis-touche2020,rr,30,0.01,weighted_cv,298,1269,375,1,0,0.0,0.042393577260613075,0.05323585386548986,0.07221345675235834,0.01,49,24,38
webis-touche2020,rr,30,0.01,active_cv,298,1273,375,1,0,0.0,0.059644923871081904,0.05323585386548986,0.07221345675235834,0.01,49,24,38
webis-touche2020,rr,30,0.01,weighted_cvl,298,1285,375,1,0,0.0,0.03920330671617349,0.05323585386548986,0.07221345675235834,0.01,49,24,38
webis-touche2020,rr,30,0.01,uniform,299,1160,388,1,0,0.0,0.08371995417269927,0.04459209282574757,0.019242793438445628,0.01,49,21,38
webis-touche2020,rr,30,0.01,uniform_nz,299,1093,388,1,0,0.0,0.06686711046408643,0.04459209282574757,0.019242793438445628,0.01,49,21,38
webis-touche2020,rr,30,0.01,weighted,299,1129,388,1,0,0.0,0.04459209282574757,0.04459209282574757,0.019242793438445628,0.01,49,21,38
webis-touche2020,rr,30,0.01,active_judge,299,1099,388,1,0,0.0,0.11074900646006884,0.04459209282574757,0.019242793438445628,0.01,49,21,38
webis-touche2020,rr,30,0.01,strat_pilot,299,1113,388,1,0,0.0,0.04628614012992048,0.04459209282574757,0.019242793438445628,0.01,49,21,38
webis-touche2020,rr,30,0.01,weighted_cv,299,1096,388,1,0,0.0,0.03360162017560971,0.04459209282574757,0.019242793438445628,0.01,49,21,38
webis-touche2020,rr,30,0.01,active_cv,299,1096,388,1,0,0.0,0.06593099088175933,0.04459209282574757,0.019242793438445628,0.01,49,21,38
webis-touche2020,rr,30,0.01,weighted_cvl,299,1125,388,1,0,0.0,0.0325244573603959,0.04459209282574757,0.019242793438445628,0.01,49,21,38
webis-touche2020,rr,30,0.02,uniform,0,1196,364,1,0,0.0,0.060654135635493135,0.037253114121258625,0.035322536109687795,0.02,49,22,38
webis-touche2020,rr,30,0.02,uniform_nz,0,1134,364,1,0,0.0,0.04505686161360953,0.037253114121258625,0.035322536109687795,0.02,49,22,38
webis-touche2020,rr,30,0.02,weighted,0,1135,364,1,0,0.0,0.037253114121258625,0.037253114121258625,0.035322536109687795,0.02,49,22,38
webis-touche2020,rr,30,0.02,active_judge,0,1108,364,1,0,0.0,0.09850300987942402,0.037253114121258625,0.035322536109687795,0.02,49,22,38
webis-touche2020,rr,30,0.02,strat_pilot,0,1126,364,1,0,0.0,0.03773776555447226,0.037253114121258625,0.035322536109687795,0.02,49,22,38
webis-touche2020,rr,30,0.02,weighted_cv,0,1144,364,1,0,0.0,0.03322528714469828,0.037253114121258625,0.035322536109687795,0.02,49,22,38
webis-touche2020,rr,30,0.02,active_cv,0,1125,364,1,0,0.0,0.07614676706754223,0.037253114121258625,0.035322536109687795,0.02,49,22,38
webis-touche2020,rr,30,0.02,weighted_cvl,0,1137,364,1,0,0.0,0.031210389380194187,0.037253114121258625,0.035322536109687795,0.02,49,22,38
webis-touche2020,rr,30,0.02,uniform,1,1192,382,0,0,0.04572896643168689,0.06679864285560874,0.038127383291626564,0.024040840623657973,-0.02572896643168689,49,22,38
webis-touche2020,rr,30,0.02,uniform_nz,1,1141,382,0,0,0.04572896643168689,0.0459144258096361,0.038127383291626564,0.024040840623657973,-0.02572896643168689,49,22,38
webis-touche2020,rr,30,0.02,weighted,1,1191,382,0,0,0.04572896643168689,0.038127383291626564,0.038127383291626564,0.024040840623657973,-0.02572896643168689,49,22,38
webis-touche2020,rr,30,0.02,active_judge,1,1144,382,0,0,0.04572896643168689,0.0761033289452262,0.038127383291626564,0.024040840623657973,-0.02572896643168689,49,22,38
webis-touche2020,rr,30,0.02,strat_pilot,1,1165,382,0,0,0.04572896643168689,0.03809876349299125,0.038127383291626564,0.024040840623657973,-0.02572896643168689,49,22,38
webis-touche2020,rr,30,0.02,weighted_cv,1,1160,382,0,0,0.04572896643168689,0.03161376403439618,0.038127383291626564,0.024040840623657973,-0.02572896643168689,49,22,38
webis-touche2020,rr,30,0.02,active_cv,1,1161,382,0,0,0.04572896643168689,0.08176221150631627,0.038127383291626564,0.024040840623657973,-0.02572896643168689,49,22,38
webis-touche2020,rr,30,0.02,weighted_cvl,1,1150,382,0,0,0.04572896643168689,0.030731240757465993,0.038127383291626564,0.024040840623657973,-0.02572896643168689,49,22,38
webis-touche2020,rr,30,0.02,uniform,2,1202,377,1,0,0.0,0.240496304943856,0.049955519163794176,0.07493580909451145,0.02,49,22,38
webis-touche2020,rr,30,0.02,uniform_nz,2,1176,377,1,0,0.0,0.0937896606713654,0.049955519163794176,0.07493580909451145,0.02,49,22,38
webis-touche2020,rr,30,0.02,weighted,2,1167,377,1,0,0.0,0.049955519163794176,0.049955519163794176,0.07493580909451145,0.02,49,22,38
webis-touche2020,rr,30,0.02,active_judge,2,1165,377,1,0,0.0,0.15604171187365054,0.049955519163794176,0.07493580909451145,0.02,49,22,38
webis-touche2020,rr,30,0.02,strat_pilot,2,1168,377,1,0,0.0,0.05155934036795614,0.049955519163794176,0.07493580909451145,0.02,49,22,38
webis-touche2020,rr,30,0.02,weighted_cv,2,1155,377,1,0,0.0,0.03354818927079148,0.049955519163794176,0.07493580909451145,0.02,49,22,38
webis-touche2020,rr,30,0.02,active_cv,2,1155,377,1,0,0.0,0.043459579984279254,0.049955519163794176,0.07493580909451145,0.02,49,22,38
webis-touche2020,rr,30,0.02,weighted_cvl,2,1171,377,1,0,0.0,0.03386778296817674,0.049955519163794176,0.07493580909451145,0.02,49,22,38
webis-touche2020,rr,30,0.02,uniform,3,1168,392,1,0,1.5514276587302867e-05,0.06445277402854535,0.04086854010303068,0.020045187011131272,0.019984485723412698,49,21,38
webis-touche2020,rr,30,0.02,uniform_nz,3,1108,392,1,0,1.5514276587302867e-05,0.052554874082496726,0.04086854010303068,0.020045187011131272,0.019984485723412698,49,21,38
webis-touche2020,rr,30,0.02,weighted,3,1093,392,1,0,1.5514276587302867e-05,0.04086854010303068,0.04086854010303068,0.020045187011131272,0.019984485723412698,49,21,38
webis-touche2020,rr,30,0.02,active_judge,3,1094,392,1,0,1.5514276587302867e-05,0.07112289718571373,0.04086854010303068,0.020045187011131272,0.019984485723412698,49,21,38
webis-touche2020,rr,30,0.02,strat_pilot,3,1102,392,1,0,1.5514276587302867e-05,0.039443562470347165,0.04086854010303068,0.020045187011131272,0.019984485723412698,49,21,38
webis-touche2020,rr,30,0.02,weighted_cv,3,1122,392,1,0,1.5514276587302867e-05,0.03563869781002207,0.04086854010303068,0.020045187011131272,0.019984485723412698,49,21,38
webis-touche2020,rr,30,0.02,active_cv,3,1095,392,1,0,1.5514276587302867e-05,0.06267743785911632,0.04086854010303068,0.020045187011131272,0.019984485723412698,49,21,38
webis-touche2020,rr,30,0.02,weighted_cvl,3,1106,392,1,0,1.5514276587302867e-05,0.036105246921892174,0.04086854010303068,0.020045187011131272,0.019984485723412698,49,21,38
webis-touche2020,rr,30,0.02,uniform,4,1280,377,1,0,0.0,0.08828981214212836,0.06537246938819263,0.11320336853436869,0.02,49,24,38
webis-touche2020,rr,30,0.02,uniform_nz,4,1278,377,1,0,0.0,0.07268708145449286,0.06537246938819263,0.11320336853436869,0.02,49,24,38
webis-touche2020,rr,30,0.02,weighted,4,1286,377,1,0,0.0,0.06537246938819263,0.06537246938819263,0.11320336853436869,0.02,49,24,38
webis-touche2020,rr,30,0.02,active_judge,4,1237,377,1,0,0.0,0.16231624075346904,0.06537246938819263,0.11320336853436869,0.02,49,24,38
webis-touche2020,rr,30,0.02,strat_pilot,4,1283,377,1,0,0.0,0.0671925478671238,0.06537246938819263,0.11320336853436869,0.02,49,24,38
webis-touche2020,rr,30,0.02,weighted_cv,4,1300,377,1,0,0.0,0.05248622886852804,0.06537246938819263,0.11320336853436869,0.02,49,24,38
webis-touche2020,rr,30,0.02,active_cv,4,1269,377,1,0,0.0,0.0810968063237219,0.06537246938819263,0.11320336853436869,0.02,49,24,38
webis-touche2020,rr,30,0.02,weighted_cvl,4,1275,377,1,0,0.0,0.047315447897761945,0.06537246938819263,0.11320336853436869,0.02,49,24,38
webis-touche2020,rr,30,0.02,uniform,5,1192,373,0,0,0.040761128097209,0.071750076314095,0.03452801000207191,0.014625624664492626,-0.020761128097208998,49,22,38
webis-touche2020,rr,30,0.02,uniform_nz,5,1149,373,0,0,0.040761128097209,0.044472877534402676,0.03452801000207191,0.014625624664492626,-0.020761128097208998,49,22,38
webis-touche2020,rr,30,0.02,weighted,5,1166,373,0,0,0.040761128097209,0.03452801000207191,0.03452801000207191,0.014625624664492626,-0.020761128097208998,49,22,38
webis-touche2020,rr,30,0.02,active_judge,5,1159,373,0,0,0.040761128097209,0.08371216432039934,0.03452801000207191,0.014625624664492626,-0.020761128097208998,49,22,38
webis-touche2020,rr,30,0.02,strat_pilot,5,1194,373,0,0,0.040761128097209,0.035216892654815035,0.03452801000207191,0.014625624664492626,-0.020761128097208998,49,22,38
webis-touche2020,rr,30,0.02,weighted_cv,5,1148,373,0,0,0.040761128097209,0.029327470444229363,0.03452801000207191,0.014625624664492626,-0.020761128097208998,49,22,38
webis-touche2020,rr,30,0.02,active_cv,5,1138,373,0,0,0.040761128097209,0.0572764535419924,0.03452801000207191,0.014625624664492626,-0.020761128097208998,49,22,38
webis-touche2020,rr,30,0.02,weighted_cvl,5,1140,373,0,0,0.040761128097209,0.028622547600598385,0.03452801000207191,0.014625624664492626,-0.020761128097208998,49,22,38
webis-touche2020,rr,30,0.02,uniform,6,1190,365,1,0,0.0,0.05170162599930709,0.026653390442535386,0.04765470640470637,0.02,49,22,38
webis-touche2020,rr,30,0.02,uniform_nz,6,1154,365,1,0,0.0,0.03453197585371744,0.026653390442535386,0.04765470640470637,0.02,49,22,38
webis-touche2020,rr,30,0.02,weighted,6,1127,365,1,0,0.0,0.026653390442535386,0.026653390442535386,0.04765470640470637,0.02,49,22,38
webis-touche2020,rr,30,0.02,active_judge,6,1129,365,1,0,0.0,0.06410670410330692,0.026653390442535386,0.04765470640470637,0.02,49,22,38
webis-touche2020,rr,30,0.02,strat_pilot,6,1138,365,1,0,0.0,0.026966933566156592,0.026653390442535386,0.04765470640470637,0.02,49,22,38
webis-touche2020,rr,30,0.02,weighted_cv,6,1138,365,1,0,0.0,0.02071538297108707,0.026653390442535386,0.04765470640470637,0.02,49,22,38
webis-touche2020,rr,30,0.02,active_cv,6,1129,365,1,0,0.0,0.03230612424885434,0.026653390442535386,0.04765470640470637,0.02,49,22,38
webis-touche2020,rr,30,0.02,weighted_cvl,6,1141,365,1,0,0.0,0.019056537618482416,0.026653390442535386,0.04765470640470637,0.02,49,22,38
webis-touche2020,rr,30,0.02,uniform,7,1276,385,1,0,0.0,0.10810674583547139,0.08379206566290472,0.07616164447692682,0.02,49,24,38
webis-touche2020,rr,30,0.02,uniform_nz,7,1304,385,1,0,0.0,0.09679049406656458,0.08379206566290472,0.07616164447692682,0.02,49,24,38
webis-touche2020,rr,30,0.02,weighted,7,1277,385,1,0,0.0,0.08379206566290472,0.08379206566290472,0.07616164447692682,0.02,49,24,38
webis-touche2020,rr,30,0.02,active_judge,7,1279,385,1,0,0.0,0.15948409635527136,0.08379206566290472,0.07616164447692682,0.02,49,24,38
webis-touche2020,rr,30,0.02,strat_pilot,7,1275,385,1,0,0.0,0.0842339074946811,0.08379206566290472,0.07616164447692682,0.02,49,24,38
webis-touche2020,rr,30,0.02,weighted_cv,7,1277,385,1,0,0.0,0.07874289634387863,0.08379206566290472,0.07616164447692682,0.02,49,24,38
webis-touche2020,rr,30,0.02,active_cv,7,1265,385,1,0,0.0,0.17677219984042827,0.08379206566290472,0.07616164447692682,0.02,49,24,38
webis-touche2020,rr,30,0.02,weighted_cvl,7,1287,385,1,0,0.0,0.07842514541705853,0.08379206566290472,0.07616164447692682,0.02,49,24,38
webis-touche2020,rr,30,0.02,uniform,8,1234,371,1,0,0.0,0.2504190181325097,0.07220054031546658,0.07110951621477936,0.02,49,22,38
webis-touche2020,rr,30,0.02,uniform_nz,8,1167,371,1,0,0.0,0.11139788500613812,0.07220054031546658,0.07110951621477936,0.02,49,22,38
webis-touche2020,rr,30,0.02,weighted,8,1166,371,1,0,0.0,0.07220054031546658,0.07220054031546658,0.07110951621477936,0.02,49,22,38
webis-touche2020,rr,30,0.02,active_judge,8,1141,371,1,0,0.0,0.22121362612405573,0.07220054031546658,0.07110951621477936,0.02,49,22,38
webis-touche2020,rr,30,0.02,strat_pilot,8,1168,371,1,0,0.0,0.0745761058735214,0.07220054031546658,0.07110951621477936,0.02,49,22,38
webis-touche2020,rr,30,0.02,weighted_cv,8,1159,371,1,0,0.0,0.047913059919732395,0.07220054031546658,0.07110951621477936,0.02,49,22,38
webis-touche2020,rr,30,0.02,active_cv,8,1156,371,1,0,0.0,0.06918800632863795,0.07220054031546658,0.07110951621477936,0.02,49,22,38
webis-touche2020,rr,30,0.02,weighted_cvl,8,1138,371,1,0,0.0,0.04621939564538004,0.07220054031546658,0.07110951621477936,0.02,49,22,38
webis-touche2020,rr,30,0.02,uniform,9,1182,390,1,0,0.0,0.08419768929697341,0.044184917939574346,0.02909399459591276,0.02,49,21,38
webis-touche2020,rr,30,0.02,uniform_nz,9,1116,390,1,0,0.0,0.06817483663609351,0.044184917939574346,0.02909399459591276,0.02,49,21,38
webis-touche2020,rr,30,0.02,weighted,9,1118,390,1,0,0.0,0.044184917939574346,0.044184917939574346,0.02909399459591276,0.02,49,21,38
webis-touche2020,rr,30,0.02,active_judge,9,1086,390,1,0,0.0,0.1258106974984352,0.044184917939574346,0.02909399459591276,0.02,49,21,38
webis-touche2020,rr,30,0.02,strat_pilot,9,1126,390,1,0,0.0,0.04486080368419807,0.044184917939574346,0.02909399459591276,0.02,49,21,38
webis-touche2020,rr,30,0.02,weighted_cv,9,1138,390,1,0,0.0,0.03551048721959507,0.044184917939574346,0.02909399459591276,0.02,49,21,38
webis-touche2020,rr,30,0.02,active_cv,9,1100,390,1,0,0.0,0.06300342326951125,0.044184917939574346,0.02909399459591276,0.02,49,21,38
webis-touche2020,rr,30,0.02,weighted_cvl,9,1106,390,1,0,0.0,0.03371211478066301,0.044184917939574346,0.02909399459591276,0.02,49,21,38
webis-touche2020,rr,30,0.02,uniform,10,1305,371,1,0,0.0,0.08945424073260334,0.06381292811599823,0.0882794397836799,0.02,49,24,38
webis-touche2020,rr,30,0.02,uniform_nz,10,1270,371,1,0,0.0,0.07254157805488795,0.06381292811599823,0.0882794397836799,0.02,49,24,38
webis-touche2020,rr,30,0.02,weighted,10,1286,371,1,0,0.0,0.06381292811599823,0.06381292811599823,0.0882794397836799,0.02,49,24,38
webis-touche2020,rr,30,0.02,active_judge,10,1218,371,1,0,0.0,0.13003340933665017,0.06381292811599823,0.0882794397836799,0.02,49,24,38
webis-touche2020,rr,30,0.02,strat_pilot,10,1258,371,1,0,0.0,0.06475917705768859,0.06381292811599823,0.0882794397836799,0.02,49,24,38
webis-touche2020,rr,30,0.02,weighted_cv,10,1263,371,1,0,0.0,0.05692790188041301,0.06381292811599823,0.0882794397836799,0.02,49,24,38
webis-touche2020,rr,30,0.02,active_cv,10,1257,371,1,0,0.0,0.13614393905934155,0.06381292811599823,0.0882794397836799,0.02,49,24,38
webis-touche2020,rr,30,0.02,weighted_cvl,10,1276,371,1,0,0.0,0.05506586896549428,0.06381292811599823,0.0882794397836799,0.02,49,24,38
webis-touche2020,rr,30,0.02,uniform,11,1246,385,1,0,0.0,0.08518496278510147,0.040843281926019,0.02347553933854243,0.02,49,22,38
webis-touche2020,rr,30,0.02,uniform_nz,11,1185,385,1,0,0.0,0.050731054887121575,0.040843281926019,0.02347553933854243,0.02,49,22,38
webis-touche2020,rr,30,0.02,weighted,11,1179,385,1,0,0.0,0.040843281926019,0.040843281926019,0.02347553933854243,0.02,49,22,38
webis-touche2020,rr,30,0.02,active_judge,11,1166,385,1,0,0.0,0.08869661213550123,0.040843281926019,0.02347553933854243,0.02,49,22,38
webis-touche2020,rr,30,0.02,strat_pilot,11,1170,385,1,0,0.0,0.041358556342957715,0.040843281926019,0.02347553933854243,0.02,49,22,38
webis-touche2020,rr,30,0.02,weighted_cv,11,1171,385,1,0,0.0,0.031845786301946746,0.040843281926019,0.02347553933854243,0.02,49,22,38
webis-touche2020,rr,30,0.02,active_cv,11,1157,385,1,0,0.0,0.045233573441842936,0.040843281926019,0.02347553933854243,0.02,49,22,38
webis-touche2020,rr,30,0.02,weighted_cvl,11,1161,385,1,0,0.0,0.030110375124069295,0.040843281926019,0.02347553933854243,0.02,49,22,38
webis-touche2020,rr,30,0.02,uniform,12,1139,384,0,0,0.001098070141002938,0.06772202016665303,0.041873976494840016,0.02277999777999777,0.018901929858997062,49,21,37
webis-touche2020,rr,30,0.02,uniform_nz,12,1067,384,1,0,0.001098070141002938,0.0630307538582631,0.041873976494840016,0.02277999777999777,0.018901929858997062,49,21,37
webis-touche2020,rr,30,0.02,weighted,12,1047,384,1,0,0.001098070141002938,0.041873976494840016,0.041873976494840016,0.02277999777999777,0.018901929858997062,49,21,37
webis-touche2020,rr,30,0.02,active_judge,12,1049,384,1,0,0.001098070141002938,0.10970166788548152,0.041873976494840016,0.02277999777999777,0.018901929858997062,49,21,37
webis-touche2020,rr,30,0.02,strat_pilot,12,1075,384,1,0,0.001098070141002938,0.041633438018982574,0.041873976494840016,0.02277999777999777,0.018901929858997062,49,21,37
webis-touche2020,rr,30,0.02,weighted_cv,12,1062,384,1,0,0.001098070141002938,0.03378753562654899,0.041873976494840016,0.02277999777999777,0.018901929858997062,49,21,37
webis-touche2020,rr,30,0.02,active_cv,12,1054,384,1,0,0.001098070141002938,0.05511606847061139,0.041873976494840016,0.02277999777999777,0.018901929858997062,49,21,37
webis-touche2020,rr,30,0.02,weighted_cvl,12,1070,384,1,0,0.001098070141002938,0.031681131434430174,0.041873976494840016,0.02277999777999777,0.018901929858997062,49,21,37
webis-touche2020,rr,30,0.02,uniform,13,1219,364,1,0,0.0,0.23630980475573185,0.05910254067683183,0.08060186674350761,0.02,49,22,38
webis-touche2020,rr,30,0.02,uniform_nz,13,1182,364,1,0,0.0,0.10107067525721765,0.05910254067683183,0.08060186674350761,0.02,49,22,38
webis-touche2020,rr,30,0.02,weighted,13,1135,364,1,0,0.0,0.05910254067683183,0.05910254067683183,0.08060186674350761,0.02,49,22,38
webis-touche2020,rr,30,0.02,active_judge,13,1153,364,1,0,0.0,0.19031650836821784,0.05910254067683183,0.08060186674350761,0.02,49,22,38
webis-touche2020,rr,30,0.02,strat_pilot,13,1161,364,1,0,0.0,0.06026057889058441,0.05910254067683183,0.08060186674350761,0.02,49,22,38
webis-touche2020,rr,30,0.02,weighted_cv,13,1178,364,1,0,0.0,0.046939741463589195,0.05910254067683183,0.08060186674350761,0.02,49,22,38
webis-touche2020,rr,30,0.02,active_cv,13,1127,364,1,0,0.0,0.12352566898457842,0.05910254067683183,0.08060186674350761,0.02,49,22,38
webis-touche2020,rr,30,0.02,weighted_cvl,13,1171,364,1,0,0.0,0.045156100095248695,0.05910254067683183,0.08060186674350761,0.02,49,22,38
webis-touche2020,rr,30,0.02,uniform,14,1238,382,1,0,0.0,0.22603388743504887,0.06310954998909096,0.05867105652631971,0.02,49,22,38
webis-touche2020,rr,30,0.02,uniform_nz,14,1172,382,1,0,0.0,0.10024730125580503,0.06310954998909096,0.05867105652631971,0.02,49,22,38
webis-touche2020,rr,30,0.02,weighted,14,1181,382,1,0,0.0,0.06310954998909096,0.06310954998909096,0.05867105652631971,0.02,49,22,38
webis-touche2020,rr,30,0.02,active_judge,14,1151,382,1,0,0.0,0.1827172678055381,0.06310954998909096,0.05867105652631971,0.02,49,22,38
webis-touche2020,rr,30,0.02,strat_pilot,14,1175,382,1,0,0.0,0.06356458074547594,0.06310954998909096,0.05867105652631971,0.02,49,22,38
webis-touche2020,rr,30,0.02,weighted_cv,14,1177,382,1,0,0.0,0.04392613384855837,0.06310954998909096,0.05867105652631971,0.02,49,22,38
webis-touche2020,rr,30,0.02,active_cv,14,1153,382,1,0,0.0,0.0931189960831843,0.06310954998909096,0.05867105652631971,0.02,49,22,38
webis-touche2020,rr,30,0.02,weighted_cvl,14,1189,382,1,0,0.0,0.04296649541045992,0.06310954998909096,0.05867105652631971,0.02,49,22,38
webis-touche2020,rr,30,0.02,uniform,15,1324,395,1,0,0.0,0.11577999183075849,0.08582172422321457,0.1275603658244791,0.02,49,24,38
webis-touche2020,rr,30,0.02,uniform_nz,15,1310,395,1,0,0.0,0.09935035666657376,0.08582172422321457,0.1275603658244791,0.02,49,24,38
webis-touche2020,rr,30,0.02,weighted,15,1308,395,1,0,0.0,0.08582172422321457,0.08582172422321457,0.1275603658244791,0.02,49,24,38
webis-touche2020,rr,30,0.02,active_judge,15,1289,395,1,0,0.0,0.16651930276266078,0.08582172422321457,0.1275603658244791,0.02,49,24,38
webis-touche2020,rr,30,0.02,strat_pilot,15,1298,395,1,0,0.0,0.08834186540223984,0.08582172422321457,0.1275603658244791,0.02,49,24,38
webis-touche2020,rr,30,0.02,weighted_cv,15,1302,395,1,0,0.0,0.07017495012917681,0.08582172422321457,0.1275603658244791,0.02,49,24,38
webis-touche2020,rr,30,0.02,active_cv,15,1279,395,1,0,0.0,0.1476154511646248,0.08582172422321457,0.1275603658244791,0.02,49,24,38
webis-touche2020,rr,30,0.02,weighted_cvl,15,1315,395,1,0,0.0,0.06703143656765312,0.08582172422321457,0.1275603658244791,0.02,49,24,38
webis-touche2020,rr,30,0.02,uniform,16,1315,384,1,0,0.0,0.1509815530252032,0.08930168611482174,0.1090640380762332,0.02,49,24,38
webis-touche2020,rr,30,0.02,uniform_nz,16,1287,384,1,0,0.0,0.10261476208172104,0.08930168611482174,0.1090640380762332,0.02,49,24,38
webis-touche2020,rr,30,0.02,weighted,16,1301,384,1,0,0.0,0.08930168611482174,0.08930168611482174,0.1090640380762332,0.02,49,24,38
webis-touche2020,rr,30,0.02,active_judge,16,1263,384,1,0,0.0,0.24968744208431204,0.08930168611482174,0.1090640380762332,0.02,49,24,38
webis-touche2020,rr,30,0.02,strat_pilot,16,1297,384,1,0,0.0,0.09166820118281213,0.08930168611482174,0.1090640380762332,0.02,49,24,38
webis-touche2020,rr,30,0.02,weighted_cv,16,1291,384,1,0,0.0,0.07113483673723128,0.08930168611482174,0.1090640380762332,0.02,49,24,38
webis-touche2020,rr,30,0.02,active_cv,16,1266,384,1,0,0.0,0.14327594481309353,0.08930168611482174,0.1090640380762332,0.02,49,24,38
webis-touche2020,rr,30,0.02,weighted_cvl,16,1297,384,1,0,0.0,0.06469916082479871,0.08930168611482174,0.1090640380762332,0.02,49,24,38
webis-touche2020,rr,30,0.02,uniform,17,1180,369,1,0,0.0,0.10093614139660419,0.04969702546295561,0.041275676106945464,0.02,49,22,38
webis-touche2020,rr,30,0.02,uniform_nz,17,1148,369,1,0,0.0,0.07749550663762735,0.04969702546295561,0.041275676106945464,0.02,49,22,38
webis-touche2020,rr,30,0.02,weighted,17,1159,369,1,0,0.0,0.04969702546295561,0.04969702546295561,0.041275676106945464,0.02,49,22,38
webis-touche2020,rr,30,0.02,active_judge,17,1153,369,1,0,0.0,0.1573849098978206,0.04969702546295561,0.041275676106945464,0.02,49,22,38
webis-touche2020,rr,30,0.02,strat_pilot,17,1148,369,1,0,0.0,0.04967069928897987,0.04969702546295561,0.041275676106945464,0.02,49,22,38
webis-touche2020,rr,30,0.02,weighted_cv,17,1136,369,1,0,0.0,0.04664843358198657,0.04969702546295561,0.041275676106945464,0.02,49,22,38
webis-touche2020,rr,30,0.02,active_cv,17,1150,369,1,0,0.0,0.1369071382445563,0.04969702546295561,0.041275676106945464,0.02,49,22,38
webis-touche2020,rr,30,0.02,weighted_cvl,17,1131,369,1,0,0.0,0.03718454505860223,0.04969702546295561,0.041275676106945464,0.02,49,22,38
webis-touche2020,rr,30,0.02,uniform,18,1201,377,1,0,0.0,0.0771965078930825,0.05320330811102687,0.045938438734306274,0.02,49,22,38
webis-touche2020,rr,30,0.02,uniform_nz,18,1127,377,1,0,0.0,0.06093642912649923,0.05320330811102687,0.045938438734306274,0.02,49,22,38
webis-touche2020,rr,30,0.02,weighted,18,1155,377,1,0,0.0,0.05320330811102687,0.05320330811102687,0.045938438734306274,0.02,49,22,38
webis-touche2020,rr,30,0.02,active_judge,18,1135,377,1,0,0.0,0.11860018085172226,0.05320330811102687,0.045938438734306274,0.02,49,22,38
webis-touche2020,rr,30,0.02,strat_pilot,18,1131,377,1,0,0.0,0.0537222221773616,0.05320330811102687,0.045938438734306274,0.02,49,22,38
webis-touche2020,rr,30,0.02,weighted_cv,18,1140,377,1,0,0.0,0.04680332188462281,0.05320330811102687,0.045938438734306274,0.02,49,22,38
webis-touche2020,rr,30,0.02,active_cv,18,1132,377,1,0,0.0,0.11121062111601707,0.05320330811102687,0.045938438734306274,0.02,49,22,38
webis-touche2020,rr,30,0.02,weighted_cvl,18,1140,377,1,0,0.0,0.0436762823477917,0.05320330811102687,0.045938438734306274,0.02,49,22,38
webis-touche2020,rr,30,0.02,uniform,19,1268,379,1,0,0.0,0.13764716067099786,0.08638649287623207,0.0958452126643998,0.02,49,24,38
webis-touche2020,rr,30,0.02,uniform_nz,19,1273,379,1,0,0.0,0.1214812061531261,0.08638649287623207,0.0958452126643998,0.02,49,24,38
webis-touche2020,rr,30,0.02,weighted,19,1257,379,1,0,0.0,0.08638649287623207,0.08638649287623207,0.0958452126643998,0.02,49,24,38
webis-touche2020,rr,30,0.02,active_judge,19,1268,379,1,0,0.0,0.22519148030650574,0.08638649287623207,0.0958452126643998,0.02,49,24,38
webis-touche2020,rr,30,0.02,strat_pilot,19,1266,379,1,0,0.0,0.08632209050424158,0.08638649287623207,0.0958452126643998,0.02,49,24,38
webis-touche2020,rr,30,0.02,weighted_cv,19,1298,379,1,0,0.0,0.07295802018973695,0.08638649287623207,0.0958452126643998,0.02,49,24,38
webis-touche2020,rr,30,0.02,active_cv,19,1276,379,1,0,0.0,0.15808256849162874,0.08638649287623207,0.0958452126643998,0.02,49,24,38
webis-touche2020,rr,30,0.02,weighted_cvl,19,1277,379,1,0,0.0,0.06265636920152734,0.08638649287623207,0.0958452126643998,0.02,49,24,38
webis-touche2020,rr,30,0.02,uniform,20,1191,375,1,0,0.0,0.08813929694542022,0.04364599863040785,0.07514106842589813,0.02,49,22,38
webis-touche2020,rr,30,0.02,uniform_nz,20,1168,375,1,0,0.0,0.07163678911712446,0.04364599863040785,0.07514106842589813,0.02,49,22,38
webis-touche2020,rr,30,0.02,weighted,20,1163,375,1,0,0.0,0.04364599863040785,0.04364599863040785,0.07514106842589813,0.02,49,22,38
webis-touche2020,rr,30,0.02,active_judge,20,1137,375,1,0,0.0,0.13497410192389983,0.04364599863040785,0.07514106842589813,0.02,49,22,38
webis-touche2020,rr,30,0.02,strat_pilot,20,1153,375,1,0,0.0,0.04286565571384822,0.04364599863040785,0.07514106842589813,0.02,49,22,38
webis-touche2020,rr,30,0.02,weighted_cv,20,1157,375,1,0,0.0,0.03607051640488518,0.04364599863040785,0.07514106842589813,0.02,49,22,38
webis-touche2020,rr,30,0.02,active_cv,20,1137,375,1,0,0.0,0.06321299787067018,0.04364599863040785,0.07514106842589813,0.02,49,22,38
webis-touche2020,rr,30,0.02,weighted_cvl,20,1136,375,1,0,0.0,0.03133935192364814,0.04364599863040785,0.07514106842589813,0.02,49,22,38
webis-touche2020,rr,30,0.02,uniform,21,1233,395,1,0,0.0,0.2437188163208674,0.06464516520293544,0.08486595774366673,0.02,49,22,38
webis-touche2020,rr,30,0.02,uniform_nz,21,1194,395,1,0,0.0,0.10062244960514308,0.06464516520293544,0.08486595774366673,0.02,49,22,38
webis-touche2020,rr,30,0.02,weighted,21,1213,395,1,0,0.0,0.06464516520293544,0.06464516520293544,0.08486595774366673,0.02,49,22,38
webis-touche2020,rr,30,0.02,active_judge,21,1195,395,1,0,0.0,0.19222444701594382,0.06464516520293544,0.08486595774366673,0.02,49,22,38
webis-touche2020,rr,30,0.02,strat_pilot,21,1230,395,1,0,0.0,0.06781904503246065,0.06464516520293544,0.08486595774366673,0.02,49,22,38
webis-touche2020,rr,30,0.02,weighted_cv,21,1193,395,1,0,0.0,0.040812724970353584,0.06464516520293544,0.08486595774366673,0.02,49,22,38
webis-touche2020,rr,30,0.02,active_cv,21,1160,395,1,0,0.0,0.05735480928561961,0.06464516520293544,0.08486595774366673,0.02,49,22,38
webis-touche2020,rr,30,0.02,weighted_cvl,21,1201,395,1,0,0.0,0.040812724970353584,0.06464516520293544,0.08486595774366673,0.02,49,22,38
webis-touche2020,rr,30,0.02,uniform,22,1304,380,1,0,0.0,0.10983495410409001,0.09057360280724999,0.070032008227148,0.02,49,24,38
webis-touche2020,rr,30,0.02,uniform_nz,22,1282,380,1,0,0.0,0.09823538259977639,0.09057360280724999,0.070032008227148,0.02,49,24,38
webis-touche2020,rr,30,0.02,weighted,22,1293,380,1,0,0.0,0.09057360280724999,0.09057360280724999,0.070032008227148,0.02,49,24,38
webis-touche2020,rr,30,0.02,active_judge,22,1253,380,1,0,0.0,0.19752821115601718,0.09057360280724999,0.070032008227148,0.02,49,24,38
webis-touche2020,rr,30,0.02,strat_pilot,22,1284,380,1,0,0.0,0.09080166080277134,0.09057360280724999,0.070032008227148,0.02,49,24,38
webis-touche2020,rr,30,0.02,weighted_cv,22,1294,380,1,0,0.0,0.0884304823894579,0.09057360280724999,0.070032008227148,0.02,49,24,38
webis-touche2020,rr,30,0.02,active_cv,22,1263,380,1,0,0.0,0.2327862156551105,0.09057360280724999,0.070032008227148,0.02,49,24,38
webis-touche2020,rr,30,0.02,weighted_cvl,22,1292,380,1,0,0.0,0.0815163332007802,0.09057360280724999,0.070032008227148,0.02,49,24,38
webis-touche2020,rr,30,0.02,uniform,23,1209,382,1,0,0.0,0.07363048201424363,0.0416064128909994,0.018111431052607527,0.02,49,21,38
webis-touche2020,rr,30,0.02,uniform_nz,23,1100,382,1,0,0.0,0.05348170395844665,0.0416064128909994,0.018111431052607527,0.02,49,21,38
webis-touche2020,rr,30,0.02,weighted,23,1124,382,1,0,0.0,0.0416064128909994,0.0416064128909994,0.018111431052607527,0.02,49,21,38
webis-touche2020,rr,30,0.02,active_judge,23,1085,382,1,0,0.0,0.08133932918273264,0.0416064128909994,0.018111431052607527,0.02,49,21,38
webis-touche2020,rr,30,0.02,strat_pilot,23,1113,382,1,0,0.0,0.041906041642868486,0.0416064128909994,0.018111431052607527,0.02,49,21,38
webis-touche2020,rr,30,0.02,weighted_cv,23,1110,382,1,0,0.0,0.03546159480092932,0.0416064128909994,0.018111431052607527,0.02,49,21,38
webis-touche2020,rr,30,0.02,active_cv,23,1082,382,1,0,0.0,0.09457084974833763,0.0416064128909994,0.018111431052607527,0.02,49,21,38
webis-touche2020,rr,30,0.02,weighted_cvl,23,1114,382,1,0,0.0,0.03373201493805707,0.0416064128909994,0.018111431052607527,0.02,49,21,38
webis-touche2020,rr,30,0.02,uniform,24,1286,384,1,0,0.0,0.09283696818259578,0.07187721537433198,0.10221999362866237,0.02,49,24,38
webis-touche2020,rr,30,0.02,uniform_nz,24,1297,384,1,0,0.0,0.07930676757684511,0.07187721537433198,0.10221999362866237,0.02,49,24,38
webis-touche2020,rr,30,0.02,weighted,24,1280,384,1,0,0.0,0.07187721537433198,0.07187721537433198,0.10221999362866237,0.02,49,24,38
webis-touche2020,rr,30,0.02,active_judge,24,1272,384,1,0,0.0,0.14514497416058897,0.07187721537433198,0.10221999362866237,0.02,49,24,38
webis-touche2020,rr,30,0.02,strat_pilot,24,1278,384,1,0,0.0,0.07308171260823174,0.07187721537433198,0.10221999362866237,0.02,49,24,38
webis-touche2020,rr,30,0.02,weighted_cv,24,1281,384,1,0,0.0,0.0672132731970957,0.07187721537433198,0.10221999362866237,0.02,49,24,38
webis-touche2020,rr,30,0.02,active_cv,24,1264,384,1,0,0.0,0.14072210235051263,0.07187721537433198,0.10221999362866237,0.02,49,24,38
webis-touche2020,rr,30,0.02,weighted_cvl,24,1296,384,1,0,0.0,0.06340515882591613,0.07187721537433198,0.10221999362866237,0.02,49,24,38
webis-touche2020,rr,30,0.02,uniform,25,1154,385,1,0,0.0,0.2069363867403174,0.03757315995545466,0.025033133790873727,0.02,49,21,38
webis-touche2020,rr,30,0.02,uniform_nz,25,1139,385,1,0,0.0,0.06229769133388345,0.03757315995545466,0.025033133790873727,0.02,49,21,38
webis-touche2020,rr,30,0.02,weighted,25,1112,385,1,0,0.0,0.03757315995545466,0.03757315995545466,0.025033133790873727,0.02,49,21,38
webis-touche2020,rr,30,0.02,active_judge,25,1111,385,1,0,0.0,0.10854336293486985,0.03757315995545466,0.025033133790873727,0.02,49,21,38
webis-touche2020,rr,30,0.02,strat_pilot,25,1126,385,1,0,0.0,0.03797996864200536,0.03757315995545466,0.025033133790873727,0.02,49,21,38
webis-touche2020,rr,30,0.02,weighted_cv,25,1147,385,1,0,0.0,0.028467692610501923,0.03757315995545466,0.025033133790873727,0.02,49,21,38
webis-touche2020,rr,30,0.02,active_cv,25,1114,385,1,0,0.0,0.04077411603209777,0.03757315995545466,0.025033133790873727,0.02,49,21,38
webis-touche2020,rr,30,0.02,weighted_cvl,25,1115,385,1,0,0.0,0.03579043311649482,0.03757315995545466,0.025033133790873727,0.02,49,21,38
webis-touche2020,rr,30,0.02,uniform,26,1236,376,0,0,0.0453336275371472,0.06483324316394043,0.03608622431812087,0.013662670118552482,-0.025333627537147203,49,22,38
webis-touche2020,rr,30,0.02,uniform_nz,26,1168,376,0,0,0.0453336275371472,0.04216877334321922,0.03608622431812087,0.013662670118552482,-0.025333627537147203,49,22,38
webis-touche2020,rr,30,0.02,weighted,26,1185,376,0,0,0.0453336275371472,0.03608622431812087,0.03608622431812087,0.013662670118552482,-0.025333627537147203,49,22,38
webis-touche2020,rr,30,0.02,active_judge,26,1168,376,0,0,0.0453336275371472,0.0851561915573808,0.03608622431812087,0.013662670118552482,-0.025333627537147203,49,22,38
webis-touche2020,rr,30,0.02,strat_pilot,26,1162,376,0,0,0.0453336275371472,0.03623818908352731,0.03608622431812087,0.013662670118552482,-0.025333627537147203,49,22,38
webis-touche2020,rr,30,0.02,weighted_cv,26,1171,376,0,0,0.0453336275371472,0.031278001650566156,0.03608622431812087,0.013662670118552482,-0.025333627537147203,49,22,38
webis-touche2020,rr,30,0.02,active_cv,26,1148,376,0,0,0.0453336275371472,0.0847577368724916,0.03608622431812087,0.013662670118552482,-0.025333627537147203,49,22,38
webis-touche2020,rr,30,0.02,weighted_cvl,26,1146,376,0,0,0.0453336275371472,0.02862776981823842,0.03608622431812087,0.013662670118552482,-0.025333627537147203,49,22,38
webis-touche2020,rr,30,0.02,uniform,27,1207,379,1,0,0.0,0.06549526635717368,0.015930193521732645,0.04342933468320464,0.02,49,22,38
webis-touche2020,rr,30,0.02,uniform_nz,27,1204,379,1,0,0.0,0.023711718076874964,0.015930193521732645,0.04342933468320464,0.02,49,22,38
webis-touche2020,rr,30,0.02,weighted,27,1206,379,1,0,0.0,0.015930193521732645,0.015930193521732645,0.04342933468320464,0.02,49,22,38
webis-touche2020,rr,30,0.02,active_judge,27,1181,379,1,0,0.0,0.041567576824465914,0.015930193521732645,0.04342933468320464,0.02,49,22,38
webis-touche2020,rr,30,0.02,strat_pilot,27,1184,379,1,0,0.0,0.016041417875187976,0.015930193521732645,0.04342933468320464,0.02,49,22,38
webis-touche2020,rr,30,0.02,weighted_cv,27,1196,379,1,0,0.0,0.012847374123365885,0.015930193521732645,0.04342933468320464,0.02,49,22,38
webis-touche2020,rr,30,0.02,active_cv,27,1194,379,1,0,0.0,0.018792152793902554,0.015930193521732645,0.04342933468320464,0.02,49,22,38
webis-touche2020,rr,30,0.02,weighted_cvl,27,1202,379,1,0,0.0,0.013034334515301088,0.015930193521732645,0.04342933468320464,0.02,49,22,38
webis-touche2020,rr,30,0.02,uniform,28,1243,373,1,0,0.0,0.09392649741253037,0.07370441977807342,0.11973522923031606,0.02,49,24,38
webis-touche2020,rr,30,0.02,uniform_nz,28,1267,373,1,0,0.0,0.08293918709457786,0.07370441977807342,0.11973522923031606,0.02,49,24,38
webis-touche2020,rr,30,0.02,weighted,28,1263,373,1,0,0.0,0.07370441977807342,0.07370441977807342,0.11973522923031606,0.02,49,24,38
webis-touche2020,rr,30,0.02,active_judge,28,1261,373,1,0,0.0,0.17770534093205284,0.07370441977807342,0.11973522923031606,0.02,49,24,38
webis-touche2020,rr,30,0.02,strat_pilot,28,1285,373,1,0,0.0,0.07552631469573737,0.07370441977807342,0.11973522923031606,0.02,49,24,38
webis-touche2020,rr,30,0.02,weighted_cv,28,1289,373,1,0,0.0,0.06509789229559312,0.07370441977807342,0.11973522923031606,0.02,49,24,38
webis-touche2020,rr,30,0.02,active_cv,28,1240,373,1,0,0.0,0.130691355315893,0.07370441977807342,0.11973522923031606,0.02,49,24,38
webis-touche2020,rr,30,0.02,weighted_cvl,28,1271,373,1,0,0.0,0.06459715237744611,0.07370441977807342,0.11973522923031606,0.02,49,24,38
webis-touche2020,rr,30,0.02,uniform,29,1214,386,1,0,0.0,0.06951835280851235,0.036059458968252515,0.04307377443677754,0.02,49,22,38
webis-touche2020,rr,30,0.02,uniform_nz,29,1194,386,1,0,0.0,0.0451071712954891,0.036059458968252515,0.04307377443677754,0.02,49,22,38
webis-touche2020,rr,30,0.02,weighted,29,1180,386,1,0,0.0,0.036059458968252515,0.036059458968252515,0.04307377443677754,0.02,49,22,38
webis-touche2020,rr,30,0.02,active_judge,29,1170,386,1,0,0.0,0.10523936440106023,0.036059458968252515,0.04307377443677754,0.02,49,22,38
webis-touche2020,rr,30,0.02,strat_pilot,29,1174,386,1,0,0.0,0.03674695664399043,0.036059458968252515,0.04307377443677754,0.02,49,22,38
webis-touche2020,rr,30,0.02,weighted_cv,29,1176,386,1,0,0.0,0.026950878465241836,0.036059458968252515,0.04307377443677754,0.02,49,22,38
webis-touche2020,rr,30,0.02,active_cv,29,1162,386,1,0,0.0,0.048329409105463475,0.036059458968252515,0.04307377443677754,0.02,49,22,38
webis-touche2020,rr,30,0.02,weighted_cvl,29,1183,386,1,0,0.0,0.02492522792525163,0.036059458968252515,0.04307377443677754,0.02,49,22,38
webis-touche2020,rr,30,0.02,uniform,30,1159,376,1,0,0.0014808452606203115,0.22579258704135619,0.04973018258225972,0.022745116940163363,0.01851915473937969,49,21,38
webis-touche2020,rr,30,0.02,uniform_nz,30,1115,376,1,0,0.0014808452606203115,0.08816923861218114,0.04973018258225972,0.022745116940163363,0.01851915473937969,49,21,38
webis-touche2020,rr,30,0.02,weighted,30,1086,376,1,0,0.0014808452606203115,0.04973018258225972,0.04973018258225972,0.022745116940163363,0.01851915473937969,49,21,38
webis-touche2020,rr,30,0.02,active_judge,30,1096,376,1,0,0.0014808452606203115,0.1620374277289897,0.04973018258225972,0.022745116940163363,0.01851915473937969,49,21,38
webis-touche2020,rr,30,0.02,strat_pilot,30,1095,376,1,0,0.0014808452606203115,0.05027552809119764,0.04973018258225972,0.022745116940163363,0.01851915473937969,49,21,38
webis-touche2020,rr,30,0.02,weighted_cv,30,1097,376,1,0,0.0014808452606203115,0.03412198360030489,0.04973018258225972,0.022745116940163363,0.01851915473937969,49,21,38
webis-touche2020,rr,30,0.02,active_cv,30,1081,376,1,0,0.0014808452606203115,0.05283281047817501,0.04973018258225972,0.022745116940163363,0.01851915473937969,49,21,38
webis-touche2020,rr,30,0.02,weighted_cvl,30,1107,376,1,0,0.0014808452606203115,0.032889832994923505,0.04973018258225972,0.022745116940163363,0.01851915473937969,49,21,38
webis-touche2020,rr,30,0.02,uniform,31,1195,391,1,0,0.0,0.05296988469061652,0.03499598187540447,0.07321870654634148,0.02,49,22,38
webis-touche2020,rr,30,0.02,uniform_nz,31,1170,391,1,0,0.0,0.038992809460525975,0.03499598187540447,0.07321870654634148,0.02,49,22,38
webis-touche2020,rr,30,0.02,weighted,31,1190,391,1,0,0.0,0.03499598187540447,0.03499598187540447,0.07321870654634148,0.02,49,22,38
webis-touche2020,rr,30,0.02,active_judge,31,1171,391,1,0,0.0,0.08397658899994025,0.03499598187540447,0.07321870654634148,0.02,49,22,38
webis-touche2020,rr,30,0.02,strat_pilot,31,1169,391,1,0,0.0,0.0358113306951582,0.03499598187540447,0.07321870654634148,0.02,49,22,38
webis-touche2020,rr,30,0.02,weighted_cv,31,1170,391,1,0,0.0,0.030448400097733974,0.03499598187540447,0.07321870654634148,0.02,49,22,38
webis-touche2020,rr,30,0.02,active_cv,31,1159,391,1,0,0.0,0.05103771636937825,0.03499598187540447,0.07321870654634148,0.02,49,22,38
webis-touche2020,rr,30,0.02,weighted_cvl,31,1173,391,1,0,0.0,0.02983423627425332,0.03499598187540447,0.07321870654634148,0.02,49,22,38
webis-touche2020,rr,30,0.02,uniform,32,1203,382,1,0,0.0,0.05238118507897328,0.02985290157073296,0.019083000333000328,0.02,49,21,38
webis-touche2020,rr,30,0.02,uniform_nz,32,1093,382,1,0,0.0,0.038782263864348604,0.02985290157073296,0.019083000333000328,0.02,49,21,38
webis-touche2020,rr,30,0.02,weighted,32,1112,382,1,0,0.0,0.02985290157073296,0.02985290157073296,0.019083000333000328,0.02,49,21,38
webis-touche2020,rr,30,0.02,active_judge,32,1075,382,1,0,0.0,0.06397686621121808,0.02985290157073296,0.019083000333000328,0.02,49,21,38
webis-touche2020,rr,30,0.02,strat_pilot,32,1076,382,1,0,0.0,0.02933429576948967,0.02985290157073296,0.019083000333000328,0.02,49,21,38
webis-touche2020,rr,30,0.02,weighted_cv,32,1116,382,1,0,0.0,0.02295789806678957,0.02985290157073296,0.019083000333000328,0.02,49,21,38
webis-touche2020,rr,30,0.02,active_cv,32,1104,382,1,0,0.0,0.03704549075243272,0.02985290157073296,0.019083000333000328,0.02,49,21,38
webis-touche2020,rr,30,0.02,weighted_cvl,32,1086,382,1,0,0.0,0.0237283055875255,0.02985290157073296,0.019083000333000328,0.02,49,21,38
webis-touche2020,rr,30,0.02,uniform,33,1172,381,1,0,0.0009341862517023847,0.21532358731993523,0.04529876641706544,0.02246098758482661,0.019065813748297616,49,21,38
webis-touche2020,rr,30,0.02,uniform_nz,33,1123,381,1,0,0.0009341862517023847,0.07498097211532637,0.04529876641706544,0.02246098758482661,0.019065813748297616,49,21,38
webis-touche2020,rr,30,0.02,weighted,33,1124,381,1,0,0.0009341862517023847,0.04529876641706544,0.04529876641706544,0.02246098758482661,0.019065813748297616,49,21,38
webis-touche2020,rr,30,0.02,active_judge,33,1115,381,1,0,0.0009341862517023847,0.13893760222651935,0.04529876641706544,0.02246098758482661,0.019065813748297616,49,21,38
webis-touche2020,rr,30,0.02,strat_pilot,33,1135,381,1,0,0.0009341862517023847,0.04531706274766148,0.04529876641706544,0.02246098758482661,0.019065813748297616,49,21,38
webis-touche2020,rr,30,0.02,weighted_cv,33,1122,381,1,0,0.0009341862517023847,0.037340617365028465,0.04529876641706544,0.02246098758482661,0.019065813748297616,49,21,38
webis-touche2020,rr,30,0.02,active_cv,33,1115,381,1,0,0.0009341862517023847,0.08394570329702536,0.04529876641706544,0.02246098758482661,0.019065813748297616,49,21,38
webis-touche2020,rr,30,0.02,weighted_cvl,33,1113,381,1,0,0.0009341862517023847,0.037265559312703436,0.04529876641706544,0.02246098758482661,0.019065813748297616,49,21,38
webis-touche2020,rr,30,0.02,uniform,34,1214,374,1,0,0.0,0.24805259478492198,0.0724043679742228,0.06400446958479668,0.02,49,22,38
webis-touche2020,rr,30,0.02,uniform_nz,34,1166,374,1,0,0.0,0.11448050049604011,0.0724043679742228,0.06400446958479668,0.02,49,22,38
webis-touche2020,rr,30,0.02,weighted,34,1170,374,1,0,0.0,0.0724043679742228,0.0724043679742228,0.06400446958479668,0.02,49,22,38
webis-touche2020,rr,30,0.02,active_judge,34,1146,374,1,0,0.0,0.2226982477851263,0.0724043679742228,0.06400446958479668,0.02,49,22,38
webis-touche2020,rr,30,0.02,strat_pilot,34,1139,374,1,0,0.0,0.07373637700245184,0.0724043679742228,0.06400446958479668,0.02,49,22,38
webis-touche2020,rr,30,0.02,weighted_cv,34,1157,374,1,0,0.0,0.05300021024422304,0.0724043679742228,0.06400446958479668,0.02,49,22,38
webis-touche2020,rr,30,0.02,active_cv,34,1147,374,1,0,0.0,0.09590703298399537,0.0724043679742228,0.06400446958479668,0.02,49,22,38
webis-touche2020,rr,30,0.02,weighted_cvl,34,1152,374,1,0,0.0,0.05376703394832814,0.0724043679742228,0.06400446958479668,0.02,49,22,38
webis-touche2020,rr,30,0.02,uniform,35,1302,373,1,0,0.0,0.10143076267579942,0.07929104104821086,0.08832279399883756,0.02,49,24,38
webis-touche2020,rr,30,0.02,uniform_nz,35,1288,373,1,0,0.0,0.0824204507748546,0.07929104104821086,0.08832279399883756,0.02,49,24,38
webis-touche2020,rr,30,0.02,weighted,35,1288,373,1,0,0.0,0.07929104104821086,0.07929104104821086,0.08832279399883756,0.02,49,24,38
webis-touche2020,rr,30,0.02,active_judge,35,1245,373,1,0,0.0,0.16606545417372867,0.07929104104821086,0.08832279399883756,0.02,49,24,38
webis-touche2020,rr,30,0.02,strat_pilot,35,1257,373,1,0,0.0,0.08115767734387563,0.07929104104821086,0.08832279399883756,0.02,49,24,38
webis-touche2020,rr,30,0.02,weighted_cv,35,1272,373,1,0,0.0,0.06839609276966845,0.07929104104821086,0.08832279399883756,0.02,49,24,38
webis-touche2020,rr,30,0.02,active_cv,35,1245,373,1,0,0.0,0.10315337247287189,0.07929104104821086,0.08832279399883756,0.02,49,24,38
webis-touche2020,rr,30,0.02,weighted_cvl,35,1278,373,1,0,0.0,0.07029562631081337,0.07929104104821086,0.08832279399883756,0.02,49,24,38
webis-touche2020,rr,30,0.02,uniform,36,1198,370,1,0,0.0,0.25222413804700794,0.058618983651993126,0.08990828610972641,0.02,49,22,38
webis-touche2020,rr,30,0.02,uniform_nz,36,1155,370,1,0,0.0,0.1137040103216744,0.058618983651993126,0.08990828610972641,0.02,49,22,38
webis-touche2020,rr,30,0.02,weighted,36,1155,370,1,0,0.0,0.058618983651993126,0.058618983651993126,0.08990828610972641,0.02,49,22,38
webis-touche2020,rr,30,0.02,active_judge,36,1167,370,1,0,0.0,0.22451973466373834,0.058618983651993126,0.08990828610972641,0.02,49,22,38
webis-touche2020,rr,30,0.02,strat_pilot,36,1156,370,1,0,0.0,0.059638081563270454,0.058618983651993126,0.08990828610972641,0.02,49,22,38
webis-touche2020,rr,30,0.02,weighted_cv,36,1170,370,1,0,0.0,0.03842594756477295,0.058618983651993126,0.08990828610972641,0.02,49,22,38
webis-touche2020,rr,30,0.02,active_cv,36,1146,370,1,0,0.0,0.05721950033758685,0.058618983651993126,0.08990828610972641,0.02,49,22,38
webis-touche2020,rr,30,0.02,weighted_cvl,36,1154,370,1,0,0.0,0.034953666673455654,0.058618983651993126,0.08990828610972641,0.02,49,22,38
webis-touche2020,rr,30,0.02,uniform,37,1286,378,1,0,0.0,0.11538531655495954,0.06484240908711211,0.06715126134092349,0.02,49,24,38
webis-touche2020,rr,30,0.02,uniform_nz,37,1257,378,1,0,0.0,0.07717191368471632,0.06484240908711211,0.06715126134092349,0.02,49,24,38
webis-touche2020,rr,30,0.02,weighted,37,1276,378,1,0,0.0,0.06484240908711211,0.06484240908711211,0.06715126134092349,0.02,49,24,38
webis-touche2020,rr,30,0.02,active_judge,37,1271,378,1,0,0.0,0.14684579755327962,0.06484240908711211,0.06715126134092349,0.02,49,24,38
webis-touche2020,rr,30,0.02,strat_pilot,37,1271,378,1,0,0.0,0.06582990215458431,0.06484240908711211,0.06715126134092349,0.02,49,24,38
webis-touche2020,rr,30,0.02,weighted_cv,37,1295,378,1,0,0.0,0.054277746594561825,0.06484240908711211,0.06715126134092349,0.02,49,24,38
webis-touche2020,rr,30,0.02,active_cv,37,1268,378,1,0,0.0,0.115316855323822,0.06484240908711211,0.06715126134092349,0.02,49,24,38
webis-touche2020,rr,30,0.02,weighted_cvl,37,1263,378,1,0,0.0,0.04968777588189805,0.06484240908711211,0.06715126134092349,0.02,49,24,38
webis-touche2020,rr,30,0.02,uniform,38,1161,368,1,0,0.0004557324796471418,0.056606793678723843,0.03572345616240313,0.024794176411823486,0.01954426752035286,49,21,37
webis-touche2020,rr,30,0.02,uniform_nz,38,1050,368,1,0,0.0004557324796471418,0.03877409231862107,0.03572345616240313,0.024794176411823486,0.01954426752035286,49,21,37
webis-touche2020,rr,30,0.02,weighted,38,1080,368,1,0,0.0004557324796471418,0.03572345616240313,0.03572345616240313,0.024794176411823486,0.01954426752035286,49,21,37
webis-touche2020,rr,30,0.02,active_judge,38,1057,368,1,0,0.0004557324796471418,0.08787222043691403,0.03572345616240313,0.024794176411823486,0.01954426752035286,49,21,37
webis-touche2020,rr,30,0.02,strat_pilot,38,1064,368,1,0,0.0004557324796471418,0.03617560253790578,0.03572345616240313,0.024794176411823486,0.01954426752035286,49,21,37
webis-touche2020,rr,30,0.02,weighted_cv,38,1050,368,1,0,0.0004557324796471418,0.03008555012166882,0.03572345616240313,0.024794176411823486,0.01954426752035286,49,21,37
webis-touche2020,rr,30,0.02,active_cv,38,1062,368,1,0,0.0004557324796471418,0.042171362279179454,0.03572345616240313,0.024794176411823486,0.01954426752035286,49,21,37
webis-touche2020,rr,30,0.02,weighted_cvl,38,1075,368,1,0,0.0004557324796471418,0.029098838936344303,0.03572345616240313,0.024794176411823486,0.01954426752035286,49,21,37
webis-touche2020,rr,30,0.02,uniform,39,1233,380,1,0,0.0,0.08534841613726185,0.04506327769053735,0.04066608798016118,0.02,49,22,38
webis-touche2020,rr,30,0.02,uniform_nz,39,1154,380,1,0,0.0,0.055729117998010405,0.04506327769053735,0.04066608798016118,0.02,49,22,38
webis-touche2020,rr,30,0.02,weighted,39,1170,380,1,0,0.0,0.04506327769053735,0.04506327769053735,0.04066608798016118,0.02,49,22,38
webis-touche2020,rr,30,0.02,active_judge,39,1153,380,1,0,0.0,0.0948609079634362,0.04506327769053735,0.04066608798016118,0.02,49,22,38
webis-touche2020,rr,30,0.02,strat_pilot,39,1164,380,1,0,0.0,0.04504825962754723,0.04506327769053735,0.04066608798016118,0.02,49,22,38
webis-touche2020,rr,30,0.02,weighted_cv,39,1173,380,1,0,0.0,0.044297823989995336,0.04506327769053735,0.04066608798016118,0.02,49,22,38
webis-touche2020,rr,30,0.02,active_cv,39,1153,380,1,0,0.0,0.11841855201745573,0.04506327769053735,0.04066608798016118,0.02,49,22,38
webis-touche2020,rr,30,0.02,weighted_cvl,39,1176,380,1,0,0.0,0.03920923926461809,0.04506327769053735,0.04066608798016118,0.02,49,22,38
webis-touche2020,rr,30,0.02,uniform,40,1216,388,0,0,0.03657556671480999,0.10839864796933987,0.04160217406478357,0.020341377281577866,-0.016575566714809992,49,22,38
webis-touche2020,rr,30,0.02,uniform_nz,40,1189,388,0,0,0.03657556671480999,0.053413863075521706,0.04160217406478357,0.020341377281577866,-0.016575566714809992,49,22,38
webis-touche2020,rr,30,0.02,weighted,40,1177,388,0,0,0.03657556671480999,0.04160217406478357,0.04160217406478357,0.020341377281577866,-0.016575566714809992,49,22,38
webis-touche2020,rr,30,0.02,active_judge,40,1177,388,0,0,0.03657556671480999,0.10408609506757882,0.04160217406478357,0.020341377281577866,-0.016575566714809992,49,22,38
webis-touche2020,rr,30,0.02,strat_pilot,40,1176,388,0,0,0.03657556671480999,0.04192324387435449,0.04160217406478357,0.020341377281577866,-0.016575566714809992,49,22,38
webis-touche2020,rr,30,0.02,weighted_cv,40,1181,388,0,0,0.03657556671480999,0.034052543855258646,0.04160217406478357,0.020341377281577866,-0.016575566714809992,49,22,38
webis-touche2020,rr,30,0.02,active_cv,40,1167,388,0,0,0.03657556671480999,0.06345847926866086,0.04160217406478357,0.020341377281577866,-0.016575566714809992,49,22,38
webis-touche2020,rr,30,0.02,weighted_cvl,40,1182,388,0,0,0.03657556671480999,0.03374086152283275,0.04160217406478357,0.020341377281577866,-0.016575566714809992,49,22,38
webis-touche2020,rr,30,0.02,uniform,41,1238,383,1,0,0.0,0.07510828711163979,0.0471452294432591,0.050687479731597374,0.02,49,22,38
webis-touche2020,rr,30,0.02,uniform_nz,41,1189,383,1,0,0.0,0.05513042699465426,0.0471452294432591,0.050687479731597374,0.02,49,22,38
webis-touche2020,rr,30,0.02,weighted,41,1169,383,1,0,0.0,0.0471452294432591,0.0471452294432591,0.050687479731597374,0.02,49,22,38
webis-touche2020,rr,30,0.02,active_judge,41,1137,383,1,0,0.0,0.09983885559872456,0.0471452294432591,0.050687479731597374,0.02,49,22,38
webis-touche2020,rr,30,0.02,strat_pilot,41,1158,383,1,0,0.0,0.04743419801283029,0.0471452294432591,0.050687479731597374,0.02,49,22,38
webis-touche2020,rr,30,0.02,weighted_cv,41,1144,383,1,0,0.0,0.04366777215119042,0.0471452294432591,0.050687479731597374,0.02,49,22,38
webis-touche2020,rr,30,0.02,active_cv,41,1160,383,1,0,0.0,0.11676371048765515,0.0471452294432591,0.050687479731597374,0.02,49,22,38
webis-touche2020,rr,30,0.02,weighted_cvl,41,1199,383,1,0,0.0,0.03966972501000478,0.0471452294432591,0.050687479731597374,0.02,49,22,38
webis-touche2020,rr,30,0.02,uniform,42,1220,372,1,0,0.0,0.12220014993299352,0.05775087726691334,0.04175148466944131,0.02,49,22,38
webis-touche2020,rr,30,0.02,uniform_nz,42,1155,372,1,0,0.0,0.08870703337794814,0.05775087726691334,0.04175148466944131,0.02,49,22,38
webis-touche2020,rr,30,0.02,weighted,42,1146,372,1,0,0.0,0.05775087726691334,0.05775087726691334,0.04175148466944131,0.02,49,22,38
webis-touche2020,rr,30,0.02,active_judge,42,1140,372,1,0,0.0,0.15280367856563615,0.05775087726691334,0.04175148466944131,0.02,49,22,38
webis-touche2020,rr,30,0.02,strat_pilot,42,1149,372,1,0,0.0,0.057253331914136875,0.05775087726691334,0.04175148466944131,0.02,49,22,38
webis-touche2020,rr,30,0.02,weighted_cv,42,1169,372,1,0,0.0,0.04927272081087402,0.05775087726691334,0.04175148466944131,0.02,49,22,38
webis-touche2020,rr,30,0.02,active_cv,42,1149,372,1,0,0.0,0.12596985710017608,0.05775087726691334,0.04175148466944131,0.02,49,22,38
webis-touche2020,rr,30,0.02,weighted_cvl,42,1157,372,1,0,0.0,0.040995049573240884,0.05775087726691334,0.04175148466944131,0.02,49,22,38
webis-touche2020,rr,30,0.02,uniform,43,1269,371,1,0,0.0,0.08955568191622043,0.0653065666998548,0.06221764128992559,0.02,49,24,38
webis-touche2020,rr,30,0.02,uniform_nz,43,1259,371,1,0,0.0,0.0735998898210162,0.0653065666998548,0.06221764128992559,0.02,49,24,38
webis-touche2020,rr,30,0.02,weighted,43,1267,371,1,0,0.0,0.0653065666998548,0.0653065666998548,0.06221764128992559,0.02,49,24,38
webis-touche2020,rr,30,0.02,active_judge,43,1233,371,1,0,0.0,0.14670646449369873,0.0653065666998548,0.06221764128992559,0.02,49,24,38
webis-touche2020,rr,30,0.02,strat_pilot,43,1274,371,1,0,0.0,0.06552318782639996,0.0653065666998548,0.06221764128992559,0.02,49,24,38
webis-touche2020,rr,30,0.02,weighted_cv,43,1279,371,1,0,0.0,0.05654593053220723,0.0653065666998548,0.06221764128992559,0.02,49,24,38
webis-touche2020,rr,30,0.02,active_cv,43,1250,371,1,0,0.0,0.12736408963071816,0.0653065666998548,0.06221764128992559,0.02,49,24,38
webis-touche2020,rr,30,0.02,weighted_cvl,43,1280,371,1,0,0.0,0.05129501657704166,0.0653065666998548,0.06221764128992559,0.02,49,24,38
webis-touche2020,rr,30,0.02,uniform,44,1194,378,1,0,0.0,0.05815873714191342,0.026847591332413944,0.040963366698660804,0.02,49,21,38
webis-touche2020,rr,30,0.02,uniform_nz,44,1139,378,1,0,0.0,0.03074451509012039,0.026847591332413944,0.040963366698660804,0.02,49,21,38
webis-touche2020,rr,30,0.02,weighted,44,1102,378,1,0,0.0,0.026847591332413944,0.026847591332413944,0.040963366698660804,0.02,49,21,38
webis-touche2020,rr,30,0.02,active_judge,44,1105,378,1,0,0.0,0.07692677610267996,0.026847591332413944,0.040963366698660804,0.02,49,21,38
webis-touche2020,rr,30,0.02,strat_pilot,44,1131,378,1,0,0.0,0.02825191925849217,0.026847591332413944,0.040963366698660804,0.02,49,21,38
webis-touche2020,rr,30,0.02,weighted_cv,44,1115,378,1,0,0.0,0.019771670122577068,0.026847591332413944,0.040963366698660804,0.02,49,21,38
webis-touche2020,rr,30,0.02,active_cv,44,1113,378,1,0,0.0,0.027944989891001006,0.026847591332413944,0.040963366698660804,0.02,49,21,38
webis-touche2020,rr,30,0.02,weighted_cvl,44,1120,378,1,0,0.0,0.01969823996426654,0.026847591332413944,0.040963366698660804,0.02,49,21,38
webis-touche2020,rr,30,0.02,uniform,45,1227,376,1,0,0.0,0.13774766415102196,0.07166632399598596,0.0885909270468094,0.02,49,22,38
webis-touche2020,rr,30,0.02,uniform_nz,45,1181,376,1,0,0.0,0.10054377177007079,0.07166632399598596,0.0885909270468094,0.02,49,22,38
webis-touche2020,rr,30,0.02,weighted,45,1184,376,1,0,0.0,0.07166632399598596,0.07166632399598596,0.0885909270468094,0.02,49,22,38
webis-touche2020,rr,30,0.02,active_judge,45,1137,376,1,0,0.0,0.2021206877698082,0.07166632399598596,0.0885909270468094,0.02,49,22,38
webis-touche2020,rr,30,0.02,strat_pilot,45,1187,376,1,0,0.0,0.07010540901803505,0.07166632399598596,0.0885909270468094,0.02,49,22,38
webis-touche2020,rr,30,0.02,weighted_cv,45,1181,376,1,0,0.0,0.06392230139293911,0.07166632399598596,0.0885909270468094,0.02,49,22,38
webis-touche2020,rr,30,0.02,active_cv,45,1170,376,1,0,0.0,0.14715188284668185,0.07166632399598596,0.0885909270468094,0.02,49,22,38
webis-touche2020,rr,30,0.02,weighted_cvl,45,1173,376,1,0,0.0,0.057795443053673234,0.07166632399598596,0.0885909270468094,0.02,49,22,38
webis-touche2020,rr,30,0.02,uniform,46,1273,372,1,0,0.0,0.10337324852486121,0.07799995744172764,0.055072773654009366,0.02,49,24,38
webis-touche2020,rr,30,0.02,uniform_nz,46,1261,372,1,0,0.0,0.08963819397837074,0.07799995744172764,0.055072773654009366,0.02,49,24,38
webis-touche2020,rr,30,0.02,weighted,46,1261,372,1,0,0.0,0.07799995744172764,0.07799995744172764,0.055072773654009366,0.02,49,24,38
webis-touche2020,rr,30,0.02,active_judge,46,1257,372,1,0,0.0,0.1676166382069406,0.07799995744172764,0.055072773654009366,0.02,49,24,38
webis-touche2020,rr,30,0.02,strat_pilot,46,1288,372,1,0,0.0,0.07838130138456337,0.07799995744172764,0.055072773654009366,0.02,49,24,38
webis-touche2020,rr,30,0.02,weighted_cv,46,1294,372,1,0,0.0,0.06806974393768689,0.07799995744172764,0.055072773654009366,0.02,49,24,38
webis-touche2020,rr,30,0.02,active_cv,46,1263,372,1,0,0.0,0.11367972041301846,0.07799995744172764,0.055072773654009366,0.02,49,24,38
webis-touche2020,rr,30,0.02,weighted_cvl,46,1284,372,1,0,0.0,0.06300810352019368,0.07799995744172764,0.055072773654009366,0.02,49,24,38
webis-touche2020,rr,30,0.02,uniform,47,1222,386,1,0,0.0,0.21653692770011132,0.05634575213707954,0.04312644995482523,0.02,49,22,38
webis-touche2020,rr,30,0.02,uniform_nz,47,1172,386,1,0,0.0,0.09572208398861311,0.05634575213707954,0.04312644995482523,0.02,49,22,38
webis-touche2020,rr,30,0.02,weighted,47,1140,386,1,0,0.0,0.05634575213707954,0.05634575213707954,0.04312644995482523,0.02,49,22,38
webis-touche2020,rr,30,0.02,active_judge,47,1156,386,1,0,0.0,0.16895269718220152,0.05634575213707954,0.04312644995482523,0.02,49,22,38
webis-touche2020,rr,30,0.02,strat_pilot,47,1161,386,1,0,0.0,0.05717461235627339,0.05634575213707954,0.04312644995482523,0.02,49,22,38
webis-touche2020,rr,30,0.02,weighted_cv,47,1155,386,1,0,0.0,0.03894586564437269,0.05634575213707954,0.04312644995482523,0.02,49,22,38
webis-touche2020,rr,30,0.02,active_cv,47,1173,386,1,0,0.0,0.06853701471906237,0.05634575213707954,0.04312644995482523,0.02,49,22,38
webis-touche2020,rr,30,0.02,weighted_cvl,47,1161,386,1,0,0.0,0.03716705871951004,0.05634575213707954,0.04312644995482523,0.02,49,22,38
webis-touche2020,rr,30,0.02,uniform,48,1215,374,1,0,0.0,0.05934640680931982,0.032512341628800887,0.05375925364625056,0.02,49,22,38
webis-touche2020,rr,30,0.02,uniform_nz,48,1136,374,1,0,0.0,0.03758019660004605,0.032512341628800887,0.05375925364625056,0.02,49,22,38
webis-touche2020,rr,30,0.02,weighted,48,1151,374,1,0,0.0,0.032512341628800887,0.032512341628800887,0.05375925364625056,0.02,49,22,38
webis-touche2020,rr,30,0.02,active_judge,48,1146,374,1,0,0.0,0.06531957937725753,0.032512341628800887,0.05375925364625056,0.02,49,22,38
webis-touche2020,rr,30,0.02,strat_pilot,48,1162,374,1,0,0.0,0.032998101517332575,0.032512341628800887,0.05375925364625056,0.02,49,22,38
webis-touche2020,rr,30,0.02,weighted_cv,48,1162,374,1,0,0.0,0.025347382681485713,0.032512341628800887,0.05375925364625056,0.02,49,22,38
webis-touche2020,rr,30,0.02,active_cv,48,1144,374,1,0,0.0,0.05642455731561408,0.032512341628800887,0.05375925364625056,0.02,49,22,38
webis-touche2020,rr,30,0.02,weighted_cvl,48,1159,374,1,0,0.0,0.024181663187548105,0.032512341628800887,0.05375925364625056,0.02,49,22,38
webis-touche2020,rr,30,0.02,uniform,49,1285,374,1,0,0.0,0.12797648288463634,0.07705239936057412,0.10721395809631103,0.02,49,24,38
webis-touche2020,rr,30,0.02,uniform_nz,49,1273,374,1,0,0.0,0.0925947919015685,0.07705239936057412,0.10721395809631103,0.02,49,24,38
webis-touche2020,rr,30,0.02,weighted,49,1276,374,1,0,0.0,0.07705239936057412,0.07705239936057412,0.10721395809631103,0.02,49,24,38
webis-touche2020,rr,30,0.02,active_judge,49,1261,374,1,0,0.0,0.16134166168458808,0.07705239936057412,0.10721395809631103,0.02,49,24,38
webis-touche2020,rr,30,0.02,strat_pilot,49,1289,374,1,0,0.0,0.07850675523113136,0.07705239936057412,0.10721395809631103,0.02,49,24,38
webis-touche2020,rr,30,0.02,weighted_cv,49,1284,374,1,0,0.0,0.06430763312622308,0.07705239936057412,0.10721395809631103,0.02,49,24,38
webis-touche2020,rr,30,0.02,active_cv,49,1270,374,1,0,0.0,0.138248826282137,0.07705239936057412,0.10721395809631103,0.02,49,24,38
webis-touche2020,rr,30,0.02,weighted_cvl,49,1270,374,1,0,0.0,0.05683511860806696,0.07705239936057412,0.10721395809631103,0.02,49,24,38
webis-touche2020,rr,30,0.02,uniform,50,1148,367,1,0,0.0,0.21632559791766476,0.05377901435798773,0.028613673907791556,0.02,49,21,37
webis-touche2020,rr,30,0.02,uniform_nz,50,1078,367,1,0,0.0,0.07849856915742155,0.05377901435798773,0.028613673907791556,0.02,49,21,37
webis-touche2020,rr,30,0.02,weighted,50,1061,367,1,0,0.0,0.05377901435798773,0.05377901435798773,0.028613673907791556,0.02,49,21,37
webis-touche2020,rr,30,0.02,active_judge,50,1046,367,1,0,0.0,0.15169573632531735,0.05377901435798773,0.028613673907791556,0.02,49,21,37
webis-touche2020,rr,30,0.02,strat_pilot,50,1070,367,1,0,0.0,0.05491558808837642,0.05377901435798773,0.028613673907791556,0.02,49,21,37
webis-touche2020,rr,30,0.02,weighted_cv,50,1053,367,1,0,0.0,0.03944256895147484,0.05377901435798773,0.028613673907791556,0.02,49,21,37
webis-touche2020,rr,30,0.02,active_cv,50,1077,367,1,0,0.0,0.07887066488186699,0.05377901435798773,0.028613673907791556,0.02,49,21,37
webis-touche2020,rr,30,0.02,weighted_cvl,50,1087,367,1,0,0.0,0.03686982113183364,0.05377901435798773,0.028613673907791556,0.02,49,21,37
webis-touche2020,rr,30,0.02,uniform,51,1318,386,1,0,0.0,0.07161925909048851,0.05093642798513731,0.06647854461774204,0.02,49,24,38
webis-touche2020,rr,30,0.02,uniform_nz,51,1289,386,1,0,0.0,0.057085439783533275,0.05093642798513731,0.06647854461774204,0.02,49,24,38
webis-touche2020,rr,30,0.02,weighted,51,1310,386,1,0,0.0,0.05093642798513731,0.05093642798513731,0.06647854461774204,0.02,49,24,38
webis-touche2020,rr,30,0.02,active_judge,51,1272,386,1,0,0.0,0.13049209871201067,0.05093642798513731,0.06647854461774204,0.02,49,24,38
webis-touche2020,rr,30,0.02,strat_pilot,51,1276,386,1,0,0.0,0.05151512077503012,0.05093642798513731,0.06647854461774204,0.02,49,24,38
webis-touche2020,rr,30,0.02,weighted_cv,51,1281,386,1,0,0.0,0.04411814604485165,0.05093642798513731,0.06647854461774204,0.02,49,24,38
webis-touche2020,rr,30,0.02,active_cv,51,1281,386,1,0,0.0,0.06397248451892926,0.05093642798513731,0.06647854461774204,0.02,49,24,38
webis-touche2020,rr,30,0.02,weighted_cvl,51,1296,386,1,0,0.0,0.03990337255091918,0.05093642798513731,0.06647854461774204,0.02,49,24,38
webis-touche2020,rr,30,0.02,uniform,52,1206,385,1,0,0.0,0.0549480915679165,0.035510845455450454,0.02843924172948941,0.02,49,22,38
webis-touche2020,rr,30,0.02,uniform_nz,52,1173,385,1,0,0.0,0.04286884820655675,0.035510845455450454,0.02843924172948941,0.02,49,22,38
webis-touche2020,rr,30,0.02,weighted,52,1177,385,1,0,0.0,0.035510845455450454,0.035510845455450454,0.02843924172948941,0.02,49,22,38
webis-touche2020,rr,30,0.02,active_judge,52,1155,385,1,0,0.0,0.07599869469302775,0.035510845455450454,0.02843924172948941,0.02,49,22,38
webis-touche2020,rr,30,0.02,strat_pilot,52,1178,385,1,0,0.0,0.03562203285935024,0.035510845455450454,0.02843924172948941,0.02,49,22,38
webis-touche2020,rr,30,0.02,weighted_cv,52,1179,385,1,0,0.0,0.03134408762019679,0.035510845455450454,0.02843924172948941,0.02,49,22,38
webis-touche2020,rr,30,0.02,active_cv,52,1148,385,1,0,0.0,0.05038437952925754,0.035510845455450454,0.02843924172948941,0.02,49,22,38
webis-touche2020,rr,30,0.02,weighted_cvl,52,1191,385,1,0,0.0,0.029630083238141584,0.035510845455450454,0.02843924172948941,0.02,49,22,38
webis-touche2020,rr,30,0.02,uniform,53,1183,389,1,0,0.0,0.06157721342144025,0.05113377610748082,0.023024516419253273,0.02,49,21,38
webis-touche2020,rr,30,0.02,uniform_nz,53,1111,389,1,0,0.0,0.05775147323844585,0.05113377610748082,0.023024516419253273,0.02,49,21,38
webis-touche2020,rr,30,0.02,weighted,53,1111,389,1,0,0.0,0.05113377610748082,0.05113377610748082,0.023024516419253273,0.02,49,21,38
webis-touche2020,rr,30,0.02,active_judge,53,1093,389,1,0,0.0,0.09207342306268362,0.05113377610748082,0.023024516419253273,0.02,49,21,38
webis-touche2020,rr,30,0.02,strat_pilot,53,1094,389,1,0,0.0,0.05309888862178308,0.05113377610748082,0.023024516419253273,0.02,49,21,38
webis-touche2020,rr,30,0.02,weighted_cv,53,1098,389,1,0,0.0,0.04142909539524679,0.05113377610748082,0.023024516419253273,0.02,49,21,38
webis-touche2020,rr,30,0.02,active_cv,53,1112,389,1,0,0.0,0.07419275704711743,0.05113377610748082,0.023024516419253273,0.02,49,21,38
webis-touche2020,rr,30,0.02,weighted_cvl,53,1107,389,1,0,0.0,0.041108589970322365,0.05113377610748082,0.023024516419253273,0.02,49,21,38
webis-touche2020,rr,30,0.02,uniform,54,1288,370,1,0,0.0,0.1054756172377013,0.08425321730498676,0.08532105003106923,0.02,49,24,38
webis-touche2020,rr,30,0.02,uniform_nz,54,1259,370,1,0,0.0,0.09458290607903057,0.08425321730498676,0.08532105003106923,0.02,49,24,38
webis-touche2020,rr,30,0.02,weighted,54,1280,370,1,0,0.0,0.08425321730498676,0.08425321730498676,0.08532105003106923,0.02,49,24,38
webis-touche2020,rr,30,0.02,active_judge,54,1243,370,1,0,0.0,0.20177925723214588,0.08425321730498676,0.08532105003106923,0.02,49,24,38
webis-touche2020,rr,30,0.02,strat_pilot,54,1254,370,1,0,0.0,0.08566855100293232,0.08425321730498676,0.08532105003106923,0.02,49,24,38
webis-touche2020,rr,30,0.02,weighted_cv,54,1269,370,1,0,0.0,0.06951047048294107,0.08425321730498676,0.08532105003106923,0.02,49,24,38
webis-touche2020,rr,30,0.02,active_cv,54,1239,370,1,0,0.0,0.12218383098949381,0.08425321730498676,0.08532105003106923,0.02,49,24,38
webis-touche2020,rr,30,0.02,weighted_cvl,54,1275,370,1,0,0.0,0.0662417197647118,0.08425321730498676,0.08532105003106923,0.02,49,24,38
webis-touche2020,rr,30,0.02,uniform,55,1132,375,1,0,0.0,0.08419240280228138,0.045837931228115844,0.022664884135472373,0.02,49,21,37
webis-touche2020,rr,30,0.02,uniform_nz,55,1074,375,1,0,0.0,0.07505603047411517,0.045837931228115844,0.022664884135472373,0.02,49,21,37
webis-touche2020,rr,30,0.02,weighted,55,1087,375,1,0,0.0,0.045837931228115844,0.045837931228115844,0.022664884135472373,0.02,49,21,37
webis-touche2020,rr,30,0.02,active_judge,55,1065,375,1,0,0.0,0.11907322483192176,0.045837931228115844,0.022664884135472373,0.02,49,21,37
webis-touche2020,rr,30,0.02,strat_pilot,55,1063,375,1,0,0.0,0.044023848126743495,0.045837931228115844,0.022664884135472373,0.02,49,21,37
webis-touche2020,rr,30,0.02,weighted_cv,55,1100,375,1,0,0.0,0.04120383080157244,0.045837931228115844,0.022664884135472373,0.02,49,21,37
webis-touche2020,rr,30,0.02,active_cv,55,1080,375,1,0,0.0,0.10668560314254841,0.045837931228115844,0.022664884135472373,0.02,49,21,37
webis-touche2020,rr,30,0.02,weighted_cvl,55,1100,375,1,0,0.0,0.035658609910791075,0.045837931228115844,0.022664884135472373,0.02,49,21,37
webis-touche2020,rr,30,0.02,uniform,56,1213,383,1,0,0.0,0.10451089525353659,0.06942652615384536,0.05289552140326134,0.02,49,22,38
webis-touche2020,rr,30,0.02,uniform_nz,56,1151,383,1,0,0.0,0.0892075396771341,0.06942652615384536,0.05289552140326134,0.02,49,22,38
webis-touche2020,rr,30,0.02,weighted,56,1149,383,1,0,0.0,0.06942652615384536,0.06942652615384536,0.05289552140326134,0.02,49,22,38
webis-touche2020,rr,30,0.02,active_judge,56,1147,383,1,0,0.0,0.16328618976124534,0.06942652615384536,0.05289552140326134,0.02,49,22,38
webis-touche2020,rr,30,0.02,strat_pilot,56,1175,383,1,0,0.0,0.06998580578793384,0.06942652615384536,0.05289552140326134,0.02,49,22,38
webis-touche2020,rr,30,0.02,weighted_cv,56,1171,383,1,0,0.0,0.06255990325210678,0.06942652615384536,0.05289552140326134,0.02,49,22,38
webis-touche2020,rr,30,0.02,active_cv,56,1150,383,1,0,0.0,0.15170575516802892,0.06942652615384536,0.05289552140326134,0.02,49,22,38
webis-touche2020,rr,30,0.02,weighted_cvl,56,1159,383,1,0,0.0,0.05912390326015447,0.06942652615384536,0.05289552140326134,0.02,49,22,38
webis-touche2020,rr,30,0.02,uniform,57,1157,366,1,0,0.0,0.23178226489375947,0.06312557707791368,0.06376746639440137,0.02,49,22,38
webis-touche2020,rr,30,0.02,uniform_nz,57,1166,366,1,0,0.0,0.10327796171032728,0.06312557707791368,0.06376746639440137,0.02,49,22,38
webis-touche2020,rr,30,0.02,weighted,57,1154,366,1,0,0.0,0.06312557707791368,0.06312557707791368,0.06376746639440137,0.02,49,22,38
webis-touche2020,rr,30,0.02,active_judge,57,1129,366,1,0,0.0,0.20157447120714594,0.06312557707791368,0.06376746639440137,0.02,49,22,38
webis-touche2020,rr,30,0.02,strat_pilot,57,1139,366,1,0,0.0,0.06431675121356176,0.06312557707791368,0.06376746639440137,0.02,49,22,38
webis-touche2020,rr,30,0.02,weighted_cv,57,1167,366,1,0,0.0,0.04880833592551997,0.06312557707791368,0.06376746639440137,0.02,49,22,38
webis-touche2020,rr,30,0.02,active_cv,57,1139,366,1,0,0.0,0.10795952279575358,0.06312557707791368,0.06376746639440137,0.02,49,22,38
webis-touche2020,rr,30,0.02,weighted_cvl,57,1147,366,1,0,0.0,0.047040454109626914,0.06312557707791368,0.06376746639440137,0.02,49,22,38
webis-touche2020,rr,30,0.02,uniform,58,1194,388,1,0,0.0,0.25411324093663057,0.07498920372601399,0.0645691333949848,0.02,49,22,38
webis-touche2020,rr,30,0.02,uniform_nz,58,1183,388,1,0,0.0,0.11752847738003455,0.07498920372601399,0.0645691333949848,0.02,49,22,38
webis-touche2020,rr,30,0.02,weighted,58,1182,388,1,0,0.0,0.07498920372601399,0.07498920372601399,0.0645691333949848,0.02,49,22,38
webis-touche2020,rr,30,0.02,active_judge,58,1164,388,1,0,0.0,0.20640519713719985,0.07498920372601399,0.0645691333949848,0.02,49,22,38
webis-touche2020,rr,30,0.02,strat_pilot,58,1171,388,1,0,0.0,0.07555737088592912,0.07498920372601399,0.0645691333949848,0.02,49,22,38
webis-touche2020,rr,30,0.02,weighted_cv,58,1181,388,1,0,0.0,0.05655066786481303,0.07498920372601399,0.0645691333949848,0.02,49,22,38
webis-touche2020,rr,30,0.02,active_cv,58,1151,388,1,0,0.0,0.11972572439772038,0.07498920372601399,0.0645691333949848,0.02,49,22,38
webis-touche2020,rr,30,0.02,weighted_cvl,58,1191,388,1,0,0.0,0.05772154009927834,0.07498920372601399,0.0645691333949848,0.02,49,22,38
webis-touche2020,rr,30,0.02,uniform,59,1182,379,1,0,0.0,0.056920739171980164,0.03767250816049185,0.03044138867668278,0.02,49,21,38
webis-touche2020,rr,30,0.02,uniform_nz,59,1091,379,1,0,0.0,0.04333544359718137,0.03767250816049185,0.03044138867668278,0.02,49,21,38
webis-touche2020,rr,30,0.02,weighted,59,1097,379,1,0,0.0,0.03767250816049185,0.03767250816049185,0.03044138867668278,0.02,49,21,38
webis-touche2020,rr,30,0.02,active_judge,59,1079,379,1,0,0.0,0.08266610215468695,0.03767250816049185,0.03044138867668278,0.02,49,21,38
webis-touche2020,rr,30,0.02,strat_pilot,59,1084,379,1,0,0.0,0.038252527366093074,0.03767250816049185,0.03044138867668278,0.02,49,21,38
webis-touche2020,rr,30,0.02,weighted_cv,59,1103,379,1,0,0.0,0.03114148525943562,0.03767250816049185,0.03044138867668278,0.02,49,21,38
webis-touche2020,rr,30,0.02,active_cv,59,1087,379,1,0,0.0,0.055066249776241916,0.03767250816049185,0.03044138867668278,0.02,49,21,38
webis-touche2020,rr,30,0.02,weighted_cvl,59,1088,379,1,0,0.0,0.027867812170953077,0.03767250816049185,0.03044138867668278,0.02,49,21,38
webis-touche2020,rr,30,0.02,uniform,60,1206,382,1,0,0.0,0.08987149451387154,0.04759871708964246,0.034457196338607034,0.02,49,21,38
webis-touche2020,rr,30,0.02,uniform_nz,60,1077,382,1,0,0.0,0.07303481482910527,0.04759871708964246,0.034457196338607034,0.02,49,21,38
webis-touche2020,rr,30,0.02,weighted,60,1099,382,1,0,0.0,0.04759871708964246,0.04759871708964246,0.034457196338607034,0.02,49,21,38
webis-touche2020,rr,30,0.02,active_judge,60,1107,382,1,0,0.0,0.1143487685552684,0.04759871708964246,0.034457196338607034,0.02,49,21,38
webis-touche2020,rr,30,0.02,strat_pilot,60,1096,382,1,0,0.0,0.050375751459615,0.04759871708964246,0.034457196338607034,0.02,49,21,38
webis-touche2020,rr,30,0.02,weighted_cv,60,1104,382,1,0,0.0,0.035739647052832835,0.04759871708964246,0.034457196338607034,0.02,49,21,38
webis-touche2020,rr,30,0.02,active_cv,60,1088,382,1,0,0.0,0.07942377208335434,0.04759871708964246,0.034457196338607034,0.02,49,21,38
webis-touche2020,rr,30,0.02,weighted_cvl,60,1132,382,1,0,0.0,0.03570465879109147,0.04759871708964246,0.034457196338607034,0.02,49,21,38
webis-touche2020,rr,30,0.02,uniform,61,1192,372,1,0,0.0,0.06645744525551453,0.04257500157640356,0.027101010101010105,0.02,49,22,38
webis-touche2020,rr,30,0.02,uniform_nz,61,1126,372,1,0,0.0,0.04970659521887914,0.04257500157640356,0.027101010101010105,0.02,49,22,38
webis-touche2020,rr,30,0.02,weighted,61,1162,372,1,0,0.0,0.04257500157640356,0.04257500157640356,0.027101010101010105,0.02,49,22,38
webis-touche2020,rr,30,0.02,active_judge,61,1145,372,1,0,0.0,0.09561209615244606,0.04257500157640356,0.027101010101010105,0.02,49,22,38
webis-touche2020,rr,30,0.02,strat_pilot,61,1147,372,1,0,0.0,0.04293341776133389,0.04257500157640356,0.027101010101010105,0.02,49,22,38
webis-touche2020,rr,30,0.02,weighted_cv,61,1171,372,1,0,0.0,0.037815958828447356,0.04257500157640356,0.027101010101010105,0.02,49,22,38
webis-touche2020,rr,30,0.02,active_cv,61,1137,372,1,0,0.0,0.09024531371813384,0.04257500157640356,0.027101010101010105,0.02,49,22,38
webis-touche2020,rr,30,0.02,weighted_cvl,61,1142,372,1,0,0.0,0.034107900105629196,0.04257500157640356,0.027101010101010105,0.02,49,22,38
webis-touche2020,rr,30,0.02,uniform,62,1275,380,1,0,0.0,0.0943074601969126,0.07346181618511545,0.10905228603199278,0.02,49,24,38
webis-touche2020,rr,30,0.02,uniform_nz,62,1282,380,1,0,0.0,0.08177210186031707,0.07346181618511545,0.10905228603199278,0.02,49,24,38
webis-touche2020,rr,30,0.02,weighted,62,1302,380,1,0,0.0,0.07346181618511545,0.07346181618511545,0.10905228603199278,0.02,49,24,38
webis-touche2020,rr,30,0.02,active_judge,62,1253,380,1,0,0.0,0.1366304262386264,0.07346181618511545,0.10905228603199278,0.02,49,24,38
webis-touche2020,rr,30,0.02,strat_pilot,62,1283,380,1,0,0.0,0.07392266595634457,0.07346181618511545,0.10905228603199278,0.02,49,24,38
webis-touche2020,rr,30,0.02,weighted_cv,62,1274,380,1,0,0.0,0.06492554348163497,0.07346181618511545,0.10905228603199278,0.02,49,24,38
webis-touche2020,rr,30,0.02,active_cv,62,1246,380,1,0,0.0,0.151955845387735,0.07346181618511545,0.10905228603199278,0.02,49,24,38
webis-touche2020,rr,30,0.02,weighted_cvl,62,1280,380,1,0,0.0,0.06537827230878672,0.07346181618511545,0.10905228603199278,0.02,49,24,38
webis-touche2020,rr,30,0.02,uniform,63,1225,378,1,0,0.0,0.08194821362890745,0.055969707998811666,0.06376504131689888,0.02,49,22,38
webis-touche2020,rr,30,0.02,uniform_nz,63,1177,378,1,0,0.0,0.06545303940925473,0.055969707998811666,0.06376504131689888,0.02,49,22,38
webis-touche2020,rr,30,0.02,weighted,63,1173,378,1,0,0.0,0.055969707998811666,0.055969707998811666,0.06376504131689888,0.02,49,22,38
webis-touche2020,rr,30,0.02,active_judge,63,1146,378,1,0,0.0,0.11099318505340557,0.055969707998811666,0.06376504131689888,0.02,49,22,38
webis-touche2020,rr,30,0.02,strat_pilot,63,1153,378,1,0,0.0,0.056624579478517054,0.055969707998811666,0.06376504131689888,0.02,49,22,38
webis-touche2020,rr,30,0.02,weighted_cv,63,1156,378,1,0,0.0,0.053180373971940434,0.055969707998811666,0.06376504131689888,0.02,49,22,38
webis-touche2020,rr,30,0.02,active_cv,63,1141,378,1,0,0.0,0.12157432045088275,0.055969707998811666,0.06376504131689888,0.02,49,22,38
webis-touche2020,rr,30,0.02,weighted_cvl,63,1170,378,1,0,0.0,0.04856130178754031,0.055969707998811666,0.06376504131689888,0.02,49,22,38
webis-touche2020,rr,30,0.02,uniform,64,1269,365,1,0,0.0,0.08741898878429523,0.05566155072189517,0.0823281216543432,0.02,49,24,38
webis-touche2020,rr,30,0.02,uniform_nz,64,1260,365,1,0,0.0,0.0659449505220519,0.05566155072189517,0.0823281216543432,0.02,49,24,38
webis-touche2020,rr,30,0.02,weighted,64,1262,365,1,0,0.0,0.05566155072189517,0.05566155072189517,0.0823281216543432,0.02,49,24,38
webis-touche2020,rr,30,0.02,active_judge,64,1255,365,1,0,0.0,0.13155918106649778,0.05566155072189517,0.0823281216543432,0.02,49,24,38
webis-touche2020,rr,30,0.02,strat_pilot,64,1279,365,1,0,0.0,0.05681520057531765,0.05566155072189517,0.0823281216543432,0.02,49,24,38
webis-touche2020,rr,30,0.02,weighted_cv,64,1258,365,1,0,0.0,0.04380151332080799,0.05566155072189517,0.0823281216543432,0.02,49,24,38
webis-touche2020,rr,30,0.02,active_cv,64,1258,365,1,0,0.0,0.06525352512597936,0.05566155072189517,0.0823281216543432,0.02,49,24,38
webis-touche2020,rr,30,0.02,weighted_cvl,64,1269,365,1,0,0.0,0.042461171181297566,0.05566155072189517,0.0823281216543432,0.02,49,24,38
webis-touche2020,rr,30,0.02,uniform,65,1213,381,1,0,0.0,0.09576307291455184,0.04636788344805677,0.030846333748810503,0.02,49,22,38
webis-touche2020,rr,30,0.02,uniform_nz,65,1181,381,1,0,0.0,0.05597863710577429,0.04636788344805677,0.030846333748810503,0.02,49,22,38
webis-touche2020,rr,30,0.02,weighted,65,1170,381,1,0,0.0,0.04636788344805677,0.04636788344805677,0.030846333748810503,0.02,49,22,38
webis-touche2020,rr,30,0.02,active_judge,65,1166,381,1,0,0.0,0.10823348329840665,0.04636788344805677,0.030846333748810503,0.02,49,22,38
webis-touche2020,rr,30,0.02,strat_pilot,65,1183,381,1,0,0.0,0.04745660620921141,0.04636788344805677,0.030846333748810503,0.02,49,22,38
webis-touche2020,rr,30,0.02,weighted_cv,65,1181,381,1,0,0.0,0.036775739731515204,0.04636788344805677,0.030846333748810503,0.02,49,22,38
webis-touche2020,rr,30,0.02,active_cv,65,1153,381,1,0,0.0,0.06493780500407358,0.04636788344805677,0.030846333748810503,0.02,49,22,38
webis-touche2020,rr,30,0.02,weighted_cvl,65,1178,381,1,0,0.0,0.036289749397781144,0.04636788344805677,0.030846333748810503,0.02,49,22,38
webis-touche2020,rr,30,0.02,uniform,66,1226,375,1,0,0.0,0.04982653003356244,0.02201837565518936,0.054199099267244366,0.02,49,22,38
webis-touche2020,rr,30,0.02,uniform_nz,66,1177,375,1,0,0.0,0.03156009676594777,0.02201837565518936,0.054199099267244366,0.02,49,22,38
webis-touche2020,rr,30,0.02,weighted,66,1158,375,1,0,0.0,0.02201837565518936,0.02201837565518936,0.054199099267244366,0.02,49,22,38
webis-touche2020,rr,30,0.02,active_judge,66,1124,375,1,0,0.0,0.05582222329552321,0.02201837565518936,0.054199099267244366,0.02,49,22,38
webis-touche2020,rr,30,0.02,strat_pilot,66,1172,375,1,0,0.0,0.022103879695520707,0.02201837565518936,0.054199099267244366,0.02,49,22,38
webis-touche2020,rr,30,0.02,weighted_cv,66,1147,375,1,0,0.0,0.019696580593032816,0.02201837565518936,0.054199099267244366,0.02,49,22,38
webis-touche2020,rr,30,0.02,active_cv,66,1150,375,1,0,0.0,0.041380161277531545,0.02201837565518936,0.054199099267244366,0.02,49,22,38
webis-touche2020,rr,30,0.02,weighted_cvl,66,1169,375,1,0,0.0,0.019401825779776657,0.02201837565518936,0.054199099267244366,0.02,49,22,38
webis-touche2020,rr,30,0.02,uniform,67,1214,376,1,0,0.0,0.0711878824666937,0.050751237823546416,0.019636016858758813,0.02,49,22,38
webis-touche2020,rr,30,0.02,uniform_nz,67,1184,376,1,0,0.0,0.06352821192636837,0.050751237823546416,0.019636016858758813,0.02,49,22,38
webis-touche2020,rr,30,0.02,weighted,67,1165,376,1,0,0.0,0.050751237823546416,0.050751237823546416,0.019636016858758813,0.02,49,22,38
webis-touche2020,rr,30,0.02,active_judge,67,1142,376,1,0,0.0,0.1168838148770724,0.050751237823546416,0.019636016858758813,0.02,49,22,38
webis-touche2020,rr,30,0.02,strat_pilot,67,1162,376,1,0,0.0,0.05126107808267096,0.050751237823546416,0.019636016858758813,0.02,49,22,38
webis-touche2020,rr,30,0.02,weighted_cv,67,1163,376,1,0,0.0,0.04141035636474219,0.050751237823546416,0.019636016858758813,0.02,49,22,38
webis-touche2020,rr,30,0.02,active_cv,67,1128,376,1,0,0.0,0.0683895217283759,0.050751237823546416,0.019636016858758813,0.02,49,22,38
webis-touche2020,rr,30,0.02,weighted_cvl,67,1137,376,1,0,0.0,0.04294742412690924,0.050751237823546416,0.019636016858758813,0.02,49,22,38
webis-touche2020,rr,30,0.02,uniform,68,1302,384,1,0,0.0,0.13758382966435165,0.07568921958610601,0.0755845863107944,0.02,49,24,38
webis-touche2020,rr,30,0.02,uniform_nz,68,1267,384,1,0,0.0,0.09175120502337628,0.07568921958610601,0.0755845863107944,0.02,49,24,38
webis-touche2020,rr,30,0.02,weighted,68,1281,384,1,0,0.0,0.07568921958610601,0.07568921958610601,0.0755845863107944,0.02,49,24,38
webis-touche2020,rr,30,0.02,active_judge,68,1283,384,1,0,0.0,0.15646181518111565,0.07568921958610601,0.0755845863107944,0.02,49,24,38
webis-touche2020,rr,30,0.02,strat_pilot,68,1288,384,1,0,0.0,0.07615983809266878,0.07568921958610601,0.0755845863107944,0.02,49,24,38
webis-touche2020,rr,30,0.02,weighted_cv,68,1292,384,1,0,0.0,0.0586177184022332,0.07568921958610601,0.0755845863107944,0.02,49,24,38
webis-touche2020,rr,30,0.02,active_cv,68,1268,384,1,0,0.0,0.093545316030299,0.07568921958610601,0.0755845863107944,0.02,49,24,38
webis-touche2020,rr,30,0.02,weighted_cvl,68,1285,384,1,0,0.0,0.055315069956022166,0.07568921958610601,0.0755845863107944,0.02,49,24,38
webis-touche2020,rr,30,0.02,uniform,69,1186,367,1,0,0.0,0.07296664413023321,0.04474401700197418,0.06023521215626479,0.02,49,22,38
webis-touche2020,rr,30,0.02,uniform_nz,69,1155,367,1,0,0.0,0.053614746302957796,0.04474401700197418,0.06023521215626479,0.02,49,22,38
webis-touche2020,rr,30,0.02,weighted,69,1168,367,1,0,0.0,0.04474401700197418,0.04474401700197418,0.06023521215626479,0.02,49,22,38
webis-touche2020,rr,30,0.02,active_judge,69,1137,367,1,0,0.0,0.11179404752556235,0.04474401700197418,0.06023521215626479,0.02,49,22,38
webis-touche2020,rr,30,0.02,strat_pilot,69,1140,367,1,0,0.0,0.0456290795198713,0.04474401700197418,0.06023521215626479,0.02,49,22,38
webis-touche2020,rr,30,0.02,weighted_cv,69,1142,367,1,0,0.0,0.04043283151958296,0.04474401700197418,0.06023521215626479,0.02,49,22,38
webis-touche2020,rr,30,0.02,active_cv,69,1153,367,1,0,0.0,0.08852001137184376,0.04474401700197418,0.06023521215626479,0.02,49,22,38
webis-touche2020,rr,30,0.02,weighted_cvl,69,1146,367,1,0,0.0,0.036706441606249696,0.04474401700197418,0.06023521215626479,0.02,49,22,38
webis-touche2020,rr,30,0.02,uniform,70,1261,366,1,0,0.0,0.07883503158007774,0.0644337665708245,0.08598210728977906,0.02,49,24,38
webis-touche2020,rr,30,0.02,uniform_nz,70,1276,366,1,0,0.0,0.07179515639466019,0.0644337665708245,0.08598210728977906,0.02,49,24,38
webis-touche2020,rr,30,0.02,weighted,70,1254,366,1,0,0.0,0.0644337665708245,0.0644337665708245,0.08598210728977906,0.02,49,24,38
webis-touche2020,rr,30,0.02,active_judge,70,1233,366,1,0,0.0,0.1543368600226185,0.0644337665708245,0.08598210728977906,0.02,49,24,38
webis-touche2020,rr,30,0.02,strat_pilot,70,1276,366,1,0,0.0,0.06544343866336684,0.0644337665708245,0.08598210728977906,0.02,49,24,38
webis-touche2020,rr,30,0.02,weighted_cv,70,1244,366,1,0,0.0,0.053136121956024865,0.0644337665708245,0.08598210728977906,0.02,49,24,38
webis-touche2020,rr,30,0.02,active_cv,70,1251,366,1,0,0.0,0.09550078499241355,0.0644337665708245,0.08598210728977906,0.02,49,24,38
webis-touche2020,rr,30,0.02,weighted_cvl,70,1255,366,1,0,0.0,0.048076911824805627,0.0644337665708245,0.08598210728977906,0.02,49,24,38
webis-touche2020,rr,30,0.02,uniform,71,1217,381,1,0,0.0,0.07759325685760354,0.03436405253710777,0.06141771369325548,0.02,49,22,38
webis-touche2020,rr,30,0.02,uniform_nz,71,1190,381,1,0,0.0,0.039711662140069895,0.03436405253710777,0.06141771369325548,0.02,49,22,38
webis-touche2020,rr,30,0.02,weighted,71,1193,381,1,0,0.0,0.03436405253710777,0.03436405253710777,0.06141771369325548,0.02,49,22,38
webis-touche2020,rr,30,0.02,active_judge,71,1150,381,1,0,0.0,0.09549243415506567,0.03436405253710777,0.06141771369325548,0.02,49,22,38
webis-touche2020,rr,30,0.02,strat_pilot,71,1193,381,1,0,0.0,0.035713060259796085,0.03436405253710777,0.06141771369325548,0.02,49,22,38
webis-touche2020,rr,30,0.02,weighted_cv,71,1187,381,1,0,0.0,0.029881029842510464,0.03436405253710777,0.06141771369325548,0.02,49,22,38
webis-touche2020,rr,30,0.02,active_cv,71,1184,381,1,0,0.0,0.07247157285870434,0.03436405253710777,0.06141771369325548,0.02,49,22,38
webis-touche2020,rr,30,0.02,weighted_cvl,71,1189,381,1,0,0.0,0.028058216520510604,0.03436405253710777,0.06141771369325548,0.02,49,22,38
webis-touche2020,rr,30,0.02,uniform,72,1144,367,1,0,0.0,0.23372652964733595,0.048819730587716395,0.02585550887021474,0.02,49,21,37
webis-touche2020,rr,30,0.02,uniform_nz,72,1078,367,1,0,0.0,0.09214401161337156,0.048819730587716395,0.02585550887021474,0.02,49,21,37
webis-touche2020,rr,30,0.02,weighted,72,1045,367,1,0,0.0,0.048819730587716395,0.048819730587716395,0.02585550887021474,0.02,49,21,37
webis-touche2020,rr,30,0.02,active_judge,72,1050,367,1,0,0.0,0.1579598328584409,0.048819730587716395,0.02585550887021474,0.02,49,21,37
webis-touche2020,rr,30,0.02,strat_pilot,72,1063,367,1,0,0.0,0.04908718054040068,0.048819730587716395,0.02585550887021474,0.02,49,21,37
webis-touche2020,rr,30,0.02,weighted_cv,72,1092,367,1,0,0.0,0.03476824203023239,0.048819730587716395,0.02585550887021474,0.02,49,21,37
webis-touche2020,rr,30,0.02,active_cv,72,1058,367,1,0,0.0,0.07164484556095022,0.048819730587716395,0.02585550887021474,0.02,49,21,37
webis-touche2020,rr,30,0.02,weighted_cvl,72,1078,367,1,0,0.0,0.03517007537839663,0.048819730587716395,0.02585550887021474,0.02,49,21,37
webis-touche2020,rr,30,0.02,uniform,73,1212,388,1,0,0.0,0.05617384712008013,0.03738209074511838,0.026144460974182344,0.02,49,21,38
webis-touche2020,rr,30,0.02,uniform_nz,73,1117,388,1,0,0.0,0.04488063862588365,0.03738209074511838,0.026144460974182344,0.02,49,21,38
webis-touche2020,rr,30,0.02,weighted,73,1109,388,1,0,0.0,0.03738209074511838,0.03738209074511838,0.026144460974182344,0.02,49,21,38
webis-touche2020,rr,30,0.02,active_judge,73,1105,388,1,0,0.0,0.07713472194738571,0.03738209074511838,0.026144460974182344,0.02,49,21,38
webis-touche2020,rr,30,0.02,strat_pilot,73,1125,388,1,0,0.0,0.03701600054328029,0.03738209074511838,0.026144460974182344,0.02,49,21,38
webis-touche2020,rr,30,0.02,weighted_cv,73,1101,388,1,0,0.0,0.0353137930567155,0.03738209074511838,0.026144460974182344,0.02,49,21,38
webis-touche2020,rr,30,0.02,active_cv,73,1095,388,1,0,0.0,0.0728875505265703,0.03738209074511838,0.026144460974182344,0.02,49,21,38
webis-touche2020,rr,30,0.02,weighted_cvl,73,1091,388,1,0,0.0,0.03576252173104301,0.03738209074511838,0.026144460974182344,0.02,49,21,38
webis-touche2020,rr,30,0.02,uniform,74,1229,383,1,0,0.0,0.09174587676827578,0.05790528649134141,0.06687001984370404,0.02,49,22,38
webis-touche2020,rr,30,0.02,uniform_nz,74,1167,383,1,0,0.0,0.08761246504748219,0.05790528649134141,0.06687001984370404,0.02,49,22,38
webis-touche2020,rr,30,0.02,weighted,74,1167,383,1,0,0.0,0.05790528649134141,0.05790528649134141,0.06687001984370404,0.02,49,22,38
webis-touche2020,rr,30,0.02,active_judge,74,1154,383,1,0,0.0,0.1502351140830568,0.05790528649134141,0.06687001984370404,0.02,49,22,38
webis-touche2020,rr,30,0.02,strat_pilot,74,1172,383,1,0,0.0,0.058644990817284984,0.05790528649134141,0.06687001984370404,0.02,49,22,38
webis-touche2020,rr,30,0.02,weighted_cv,74,1149,383,1,0,0.0,0.04986432156160154,0.05790528649134141,0.06687001984370404,0.02,49,22,38
webis-touche2020,rr,30,0.02,active_cv,74,1143,383,1,0,0.0,0.09537004587509278,0.05790528649134141,0.06687001984370404,0.02,49,22,38
webis-touche2020,rr,30,0.02,weighted_cvl,74,1161,383,1,0,0.0,0.04588781697159143,0.05790528649134141,0.06687001984370404,0.02,49,22,38
webis-touche2020,rr,30,0.02,uniform,75,1224,369,1,0,0.0,0.07805386553906904,0.04805801190070821,0.0949887277611736,0.02,49,22,38
webis-touche2020,rr,30,0.02,uniform_nz,75,1157,369,1,0,0.0,0.05611750347205816,0.04805801190070821,0.0949887277611736,0.02,49,22,38
webis-touche2020,rr,30,0.02,weighted,75,1167,369,1,0,0.0,0.04805801190070821,0.04805801190070821,0.0949887277611736,0.02,49,22,38
webis-touche2020,rr,30,0.02,active_judge,75,1153,369,1,0,0.0,0.11723627103799791,0.04805801190070821,0.0949887277611736,0.02,49,22,38
webis-touche2020,rr,30,0.02,strat_pilot,75,1142,369,1,0,0.0,0.05027046210133327,0.04805801190070821,0.0949887277611736,0.02,49,22,38
webis-touche2020,rr,30,0.02,weighted_cv,75,1142,369,1,0,0.0,0.04056749614415424,0.04805801190070821,0.0949887277611736,0.02,49,22,38
webis-touche2020,rr,30,0.02,active_cv,75,1145,369,1,0,0.0,0.0691004969349293,0.04805801190070821,0.0949887277611736,0.02,49,22,38
webis-touche2020,rr,30,0.02,weighted_cvl,75,1151,369,1,0,0.0,0.03636400723623202,0.04805801190070821,0.0949887277611736,0.02,49,22,38
webis-touche2020,rr,30,0.02,uniform,76,1228,367,1,0,0.0,0.05517771169170682,0.028086753838521085,0.06172063148708726,0.02,49,22,38
webis-touche2020,rr,30,0.02,uniform_nz,76,1133,367,1,0,0.0,0.039070199638649133,0.028086753838521085,0.06172063148708726,0.02,49,22,38
webis-touche2020,rr,30,0.02,weighted,76,1147,367,1,0,0.0,0.028086753838521085,0.028086753838521085,0.06172063148708726,0.02,49,22,38
webis-touche2020,rr,30,0.02,active_judge,76,1128,367,1,0,0.0,0.05800760505302609,0.028086753838521085,0.06172063148708726,0.02,49,22,38
webis-touche2020,rr,30,0.02,strat_pilot,76,1156,367,1,0,0.0,0.028699572363225727,0.028086753838521085,0.06172063148708726,0.02,49,22,38
webis-touche2020,rr,30,0.02,weighted_cv,76,1144,367,1,0,0.0,0.023305467896423075,0.028086753838521085,0.06172063148708726,0.02,49,22,38
webis-touche2020,rr,30,0.02,active_cv,76,1118,367,1,0,0.0,0.045029160162848234,0.028086753838521085,0.06172063148708726,0.02,49,22,38
webis-touche2020,rr,30,0.02,weighted_cvl,76,1144,367,1,0,0.0,0.021993293001029864,0.028086753838521085,0.06172063148708726,0.02,49,22,38
webis-touche2020,rr,30,0.02,uniform,77,1211,372,1,0,0.0,0.09749914506452287,0.06919636640770417,0.08608256512187053,0.02,49,22,38
webis-touche2020,rr,30,0.02,uniform_nz,77,1148,372,1,0,0.0,0.08593602400700133,0.06919636640770417,0.08608256512187053,0.02,49,22,38
webis-touche2020,rr,30,0.02,weighted,77,1188,372,1,0,0.0,0.06919636640770417,0.06919636640770417,0.08608256512187053,0.02,49,22,38
webis-touche2020,rr,30,0.02,active_judge,77,1127,372,1,0,0.0,0.14060350836234084,0.06919636640770417,0.08608256512187053,0.02,49,22,38
webis-touche2020,rr,30,0.02,strat_pilot,77,1155,372,1,0,0.0,0.07027512780664832,0.06919636640770417,0.08608256512187053,0.02,49,22,38
webis-touche2020,rr,30,0.02,weighted_cv,77,1135,372,1,0,0.0,0.06244105923919184,0.06919636640770417,0.08608256512187053,0.02,49,22,38
webis-touche2020,rr,30,0.02,active_cv,77,1146,372,1,0,0.0,0.13835436188887584,0.06919636640770417,0.08608256512187053,0.02,49,22,38
webis-touche2020,rr,30,0.02,weighted_cvl,77,1155,372,1,0,0.0,0.05653026937115722,0.06919636640770417,0.08608256512187053,0.02,49,22,38
webis-touche2020,rr,30,0.02,uniform,78,1223,374,1,0,0.0,0.06777297261366666,0.04348631486255435,0.06680877487628058,0.02,49,22,38
webis-touche2020,rr,30,0.02,uniform_nz,78,1177,374,1,0,0.0,0.05016231141589285,0.04348631486255435,0.06680877487628058,0.02,49,22,38
webis-touche2020,rr,30,0.02,weighted,78,1151,374,1,0,0.0,0.04348631486255435,0.04348631486255435,0.06680877487628058,0.02,49,22,38
webis-touche2020,rr,30,0.02,active_judge,78,1130,374,1,0,0.0,0.09341314598285658,0.04348631486255435,0.06680877487628058,0.02,49,22,38
webis-touche2020,rr,30,0.02,strat_pilot,78,1138,374,1,0,0.0,0.04412114113279362,0.04348631486255435,0.06680877487628058,0.02,49,22,38
webis-touche2020,rr,30,0.02,weighted_cv,78,1163,374,1,0,0.0,0.03430523424585176,0.04348631486255435,0.06680877487628058,0.02,49,22,38
webis-touche2020,rr,30,0.02,active_cv,78,1140,374,1,0,0.0,0.05093241727432819,0.04348631486255435,0.06680877487628058,0.02,49,22,38
webis-touche2020,rr,30,0.02,weighted_cvl,78,1155,374,1,0,0.0,0.03205042779925775,0.04348631486255435,0.06680877487628058,0.02,49,22,38
webis-touche2020,rr,30,0.02,uniform,79,1192,375,1,0,0.0,0.07414176793254998,0.03617576968089924,0.02972298527390059,0.02,49,22,38
webis-touche2020,rr,30,0.02,uniform_nz,79,1161,375,1,0,0.0,0.04424293330762311,0.03617576968089924,0.02972298527390059,0.02,49,22,38
webis-touche2020,rr,30,0.02,weighted,79,1159,375,1,0,0.0,0.03617576968089924,0.03617576968089924,0.02972298527390059,0.02,49,22,38
webis-touche2020,rr,30,0.02,active_judge,79,1149,375,1,0,0.0,0.08837404387908228,0.03617576968089924,0.02972298527390059,0.02,49,22,38
webis-touche2020,rr,30,0.02,strat_pilot,79,1160,375,1,0,0.0,0.03662201055195093,0.03617576968089924,0.02972298527390059,0.02,49,22,38
webis-touche2020,rr,30,0.02,weighted_cv,79,1146,375,1,0,0.0,0.02957784782381518,0.03617576968089924,0.02972298527390059,0.02,49,22,38
webis-touche2020,rr,30,0.02,active_cv,79,1152,375,1,0,0.0,0.05026579674229777,0.03617576968089924,0.02972298527390059,0.02,49,22,38
webis-touche2020,rr,30,0.02,weighted_cvl,79,1176,375,1,0,0.0,0.02917346617768819,0.03617576968089924,0.02972298527390059,0.02,49,22,38
webis-touche2020,rr,30,0.02,uniform,80,1215,384,1,0,0.0,0.2359583673359523,0.05858787158457157,0.05804836910672147,0.02,49,22,38
webis-touche2020,rr,30,0.02,uniform_nz,80,1192,384,1,0,0.0,0.09659996351925113,0.05858787158457157,0.05804836910672147,0.02,49,22,38
webis-touche2020,rr,30,0.02,weighted,80,1193,384,1,0,0.0,0.05858787158457157,0.05858787158457157,0.05804836910672147,0.02,49,22,38
webis-touche2020,rr,30,0.02,active_judge,80,1164,384,1,0,0.0,0.16236705791450062,0.05858787158457157,0.05804836910672147,0.02,49,22,38
webis-touche2020,rr,30,0.02,strat_pilot,80,1183,384,1,0,0.0,0.05906544268871955,0.05858787158457157,0.05804836910672147,0.02,49,22,38
webis-touche2020,rr,30,0.02,weighted_cv,80,1187,384,1,0,0.0,0.04530030937016682,0.05858787158457157,0.05804836910672147,0.02,49,22,38
webis-touche2020,rr,30,0.02,active_cv,80,1178,384,1,0,0.0,0.09356158138880194,0.05858787158457157,0.05804836910672147,0.02,49,22,38
webis-touche2020,rr,30,0.02,weighted_cvl,80,1208,384,1,0,0.0,0.046594185177911904,0.05858787158457157,0.05804836910672147,0.02,49,22,38
webis-touche2020,rr,30,0.02,uniform,81,1216,379,1,0,0.0,0.09192803596559414,0.049090621359878,0.081825311942959,0.02,49,22,38
webis-touche2020,rr,30,0.02,uniform_nz,81,1174,379,1,0,0.0,0.05852291845377673,0.049090621359878,0.081825311942959,0.02,49,22,38
webis-touche2020,rr,30,0.02,weighted,81,1166,379,1,0,0.0,0.049090621359878,0.049090621359878,0.081825311942959,0.02,49,22,38
webis-touche2020,rr,30,0.02,active_judge,81,1146,379,1,0,0.0,0.12103869689556757,0.049090621359878,0.081825311942959,0.02,49,22,38
webis-touche2020,rr,30,0.02,strat_pilot,81,1170,379,1,0,0.0,0.04990882268801689,0.049090621359878,0.081825311942959,0.02,49,22,38
webis-touche2020,rr,30,0.02,weighted_cv,81,1174,379,1,0,0.0,0.0435193859148602,0.049090621359878,0.081825311942959,0.02,49,22,38
webis-touche2020,rr,30,0.02,active_cv,81,1166,379,1,0,0.0,0.079643920122498,0.049090621359878,0.081825311942959,0.02,49,22,38
webis-touche2020,rr,30,0.02,weighted_cvl,81,1177,379,1,0,0.0,0.040993899602523295,0.049090621359878,0.081825311942959,0.02,49,22,38
webis-touche2020,rr,30,0.02,uniform,82,1213,381,1,0,0.0,0.05719923792452382,0.036015964183626424,0.07168184965475988,0.02,49,22,38
webis-touche2020,rr,30,0.02,uniform_nz,82,1214,381,1,0,0.0,0.04320704092812172,0.036015964183626424,0.07168184965475988,0.02,49,22,38
webis-touche2020,rr,30,0.02,weighted,82,1197,381,1,0,0.0,0.036015964183626424,0.036015964183626424,0.07168184965475988,0.02,49,22,38
webis-touche2020,rr,30,0.02,active_judge,82,1163,381,1,0,0.0,0.07459761155663736,0.036015964183626424,0.07168184965475988,0.02,49,22,38
webis-touche2020,rr,30,0.02,strat_pilot,82,1166,381,1,0,0.0,0.03644237566459475,0.036015964183626424,0.07168184965475988,0.02,49,22,38
webis-touche2020,rr,30,0.02,weighted_cv,82,1197,381,1,0,0.0,0.031207886303739184,0.036015964183626424,0.07168184965475988,0.02,49,22,38
webis-touche2020,rr,30,0.02,active_cv,82,1174,381,1,0,0.0,0.05758746572083111,0.036015964183626424,0.07168184965475988,0.02,49,22,38
webis-touche2020,rr,30,0.02,weighted_cvl,82,1163,381,1,0,0.0,0.029905542733879464,0.036015964183626424,0.07168184965475988,0.02,49,22,38
webis-touche2020,rr,30,0.02,uniform,83,1279,382,1,0,0.0,0.08024023500630609,0.0637533710353911,0.10748973446543782,0.02,49,24,38
webis-touche2020,rr,30,0.02,uniform_nz,83,1272,382,1,0,0.0,0.06837511424342249,0.0637533710353911,0.10748973446543782,0.02,49,24,38
webis-touche2020,rr,30,0.02,weighted,83,1268,382,1,0,0.0,0.0637533710353911,0.0637533710353911,0.10748973446543782,0.02,49,24,38
webis-touche2020,rr,30,0.02,active_judge,83,1275,382,1,0,0.0,0.15782168780159772,0.0637533710353911,0.10748973446543782,0.02,49,24,38
webis-touche2020,rr,30,0.02,strat_pilot,83,1289,382,1,0,0.0,0.06505361516947669,0.0637533710353911,0.10748973446543782,0.02,49,24,38
webis-touche2020,rr,30,0.02,weighted_cv,83,1282,382,1,0,0.0,0.05459170967076208,0.0637533710353911,0.10748973446543782,0.02,49,24,38
webis-touche2020,rr,30,0.02,active_cv,83,1273,382,1,0,0.0,0.0941203726140167,0.0637533710353911,0.10748973446543782,0.02,49,24,38
webis-touche2020,rr,30,0.02,weighted_cvl,83,1276,382,1,0,0.0,0.04996062386519987,0.0637533710353911,0.10748973446543782,0.02,49,24,38
webis-touche2020,rr,30,0.02,uniform,84,1212,378,1,0,0.0,0.09054833745980333,0.06291159712743118,0.041289481471201754,0.02,49,22,38
webis-touche2020,rr,30,0.02,uniform_nz,84,1175,378,1,0,0.0,0.07225532878000887,0.06291159712743118,0.041289481471201754,0.02,49,22,38
webis-touche2020,rr,30,0.02,weighted,84,1165,378,1,0,0.0,0.06291159712743118,0.06291159712743118,0.041289481471201754,0.02,49,22,38
webis-touche2020,rr,30,0.02,active_judge,84,1157,378,1,0,0.0,0.13455768904598325,0.06291159712743118,0.041289481471201754,0.02,49,22,38
webis-touche2020,rr,30,0.02,strat_pilot,84,1161,378,1,0,0.0,0.06389466554111736,0.06291159712743118,0.041289481471201754,0.02,49,22,38
webis-touche2020,rr,30,0.02,weighted_cv,84,1142,378,1,0,0.0,0.05653380236964204,0.06291159712743118,0.041289481471201754,0.02,49,22,38
webis-touche2020,rr,30,0.02,active_cv,84,1156,378,1,0,0.0,0.12727631672201936,0.06291159712743118,0.041289481471201754,0.02,49,22,38
webis-touche2020,rr,30,0.02,weighted_cvl,84,1182,378,1,0,0.0,0.050781434127284086,0.06291159712743118,0.041289481471201754,0.02,49,22,38
webis-touche2020,rr,30,0.02,uniform,85,1236,382,1,0,0.0,0.0812402830155807,0.05409735159751687,0.04532189594031698,0.02,49,22,38
webis-touche2020,rr,30,0.02,uniform_nz,85,1168,382,1,0,0.0,0.0639385289713448,0.05409735159751687,0.04532189594031698,0.02,49,22,38
webis-touche2020,rr,30,0.02,weighted,85,1167,382,1,0,0.0,0.05409735159751687,0.05409735159751687,0.04532189594031698,0.02,49,22,38
webis-touche2020,rr,30,0.02,active_judge,85,1159,382,1,0,0.0,0.128455945715809,0.05409735159751687,0.04532189594031698,0.02,49,22,38
webis-touche2020,rr,30,0.02,strat_pilot,85,1151,382,1,0,0.0,0.0546812299597455,0.05409735159751687,0.04532189594031698,0.02,49,22,38
webis-touche2020,rr,30,0.02,weighted_cv,85,1158,382,1,0,0.0,0.05003503516064217,0.05409735159751687,0.04532189594031698,0.02,49,22,38
webis-touche2020,rr,30,0.02,active_cv,85,1164,382,1,0,0.0,0.14604927838057022,0.05409735159751687,0.04532189594031698,0.02,49,22,38
webis-touche2020,rr,30,0.02,weighted_cvl,85,1172,382,1,0,0.0,0.04647412200472625,0.05409735159751687,0.04532189594031698,0.02,49,22,38
webis-touche2020,rr,30,0.02,uniform,86,1153,388,1,0,0.0,0.21733412841669825,0.03665641431181047,0.032968846598877555,0.02,49,21,38
webis-touche2020,rr,30,0.02,uniform_nz,86,1133,388,1,0,0.0,0.0746305100896605,0.03665641431181047,0.032968846598877555,0.02,49,21,38
webis-touche2020,rr,30,0.02,weighted,86,1132,388,1,0,0.0,0.03665641431181047,0.03665641431181047,0.032968846598877555,0.02,49,21,38
webis-touche2020,rr,30,0.02,active_judge,86,1136,388,1,0,0.0,0.12939545104193823,0.03665641431181047,0.032968846598877555,0.02,49,21,38
webis-touche2020,rr,30,0.02,strat_pilot,86,1127,388,1,0,0.0,0.03785860213615242,0.03665641431181047,0.032968846598877555,0.02,49,21,38
webis-touche2020,rr,30,0.02,weighted_cv,86,1116,388,1,0,0.0,0.02228727604544963,0.03665641431181047,0.032968846598877555,0.02,49,21,38
webis-touche2020,rr,30,0.02,active_cv,86,1128,388,1,0,0.0,0.030268325646862944,0.03665641431181047,0.032968846598877555,0.02,49,21,38
webis-touche2020,rr,30,0.02,weighted_cvl,86,1139,388,1,0,0.0,0.0212002835785946,0.03665641431181047,0.032968846598877555,0.02,49,21,38
webis-touche2020,rr,30,0.02,uniform,87,1203,387,1,0,0.0,0.07730086855948728,0.03318907789614211,0.038298185589207244,0.02,49,22,38
webis-touche2020,rr,30,0.02,uniform_nz,87,1161,387,1,0,0.0,0.03996520034162612,0.03318907789614211,0.038298185589207244,0.02,49,22,38
webis-touche2020,rr,30,0.02,weighted,87,1209,387,1,0,0.0,0.03318907789614211,0.03318907789614211,0.038298185589207244,0.02,49,22,38
webis-touche2020,rr,30,0.02,active_judge,87,1176,387,1,0,0.0,0.08094097684195847,0.03318907789614211,0.038298185589207244,0.02,49,22,38
webis-touche2020,rr,30,0.02,strat_pilot,87,1187,387,1,0,0.0,0.034566964165398686,0.03318907789614211,0.038298185589207244,0.02,49,22,38
webis-touche2020,rr,30,0.02,weighted_cv,87,1182,387,1,0,0.0,0.029920913135201926,0.03318907789614211,0.038298185589207244,0.02,49,22,38
webis-touche2020,rr,30,0.02,active_cv,87,1161,387,1,0,0.0,0.056283888032424546,0.03318907789614211,0.038298185589207244,0.02,49,22,38
webis-touche2020,rr,30,0.02,weighted_cvl,87,1167,387,1,0,0.0,0.027387153486560734,0.03318907789614211,0.038298185589207244,0.02,49,22,38
webis-touche2020,rr,30,0.02,uniform,88,1170,396,1,0,0.0,0.10132312031140796,0.05635400290174734,0.03669901177254119,0.02,49,21,37
webis-touche2020,rr,30,0.02,uniform_nz,88,1112,396,1,0,0.0,0.09068299949620676,0.05635400290174734,0.03669901177254119,0.02,49,21,37
webis-touche2020,rr,30,0.02,weighted,88,1108,396,1,0,0.0,0.05635400290174734,0.05635400290174734,0.03669901177254119,0.02,49,21,37
webis-touche2020,rr,30,0.02,active_judge,88,1102,396,1,0,0.0,0.12260217039298182,0.05635400290174734,0.03669901177254119,0.02,49,21,37
webis-touche2020,rr,30,0.02,strat_pilot,88,1118,396,1,0,0.0,0.05447178460601014,0.05635400290174734,0.03669901177254119,0.02,49,21,37
webis-touche2020,rr,30,0.02,weighted_cv,88,1097,396,1,0,0.0,0.04730178344485744,0.05635400290174734,0.03669901177254119,0.02,49,21,37
webis-touche2020,rr,30,0.02,active_cv,88,1081,396,1,0,0.0,0.08924369323662447,0.05635400290174734,0.03669901177254119,0.02,49,21,37
webis-touche2020,rr,30,0.02,weighted_cvl,88,1119,396,1,0,0.0,0.046657398651029094,0.05635400290174734,0.03669901177254119,0.02,49,21,37
webis-touche2020,rr,30,0.02,uniform,89,1229,374,1,0,0.0,0.09910157760022058,0.054590581333371836,0.07825371543947396,0.02,49,22,38
webis-touche2020,rr,30,0.02,uniform_nz,89,1143,374,1,0,0.0,0.08041119558258547,0.054590581333371836,0.07825371543947396,0.02,49,22,38
webis-touche2020,rr,30,0.02,weighted,89,1136,374,1,0,0.0,0.054590581333371836,0.054590581333371836,0.07825371543947396,0.02,49,22,38
webis-touche2020,rr,30,0.02,active_judge,89,1138,374,1,0,0.0,0.1491856988866393,0.054590581333371836,0.07825371543947396,0.02,49,22,38
webis-touche2020,rr,30,0.02,strat_pilot,89,1157,374,1,0,0.0,0.05472963734116393,0.054590581333371836,0.07825371543947396,0.02,49,22,38
webis-touche2020,rr,30,0.02,weighted_cv,89,1163,374,1,0,0.0,0.046459010843014445,0.054590581333371836,0.07825371543947396,0.02,49,22,38
webis-touche2020,rr,30,0.02,active_cv,89,1128,374,1,0,0.0,0.08556920669431636,0.054590581333371836,0.07825371543947396,0.02,49,22,38
webis-touche2020,rr,30,0.02,weighted_cvl,89,1135,374,1,0,0.0,0.03915949826088498,0.054590581333371836,0.07825371543947396,0.02,49,22,38
webis-touche2020,rr,30,0.02,uniform,90,1206,371,1,0,0.0,0.06774837846014428,0.045640603170201396,0.0438392316890769,0.02,49,22,38
webis-touche2020,rr,30,0.02,uniform_nz,90,1152,371,1,0,0.0,0.056437433209930776,0.045640603170201396,0.0438392316890769,0.02,49,22,38
webis-touche2020,rr,30,0.02,weighted,90,1124,371,1,0,0.0,0.045640603170201396,0.045640603170201396,0.0438392316890769,0.02,49,22,38
webis-touche2020,rr,30,0.02,active_judge,90,1139,371,1,0,0.0,0.10054067673805486,0.045640603170201396,0.0438392316890769,0.02,49,22,38
webis-touche2020,rr,30,0.02,strat_pilot,90,1147,371,1,0,0.0,0.04553328219258857,0.045640603170201396,0.0438392316890769,0.02,49,22,38
webis-touche2020,rr,30,0.02,weighted_cv,90,1135,371,1,0,0.0,0.04626016162858895,0.045640603170201396,0.0438392316890769,0.02,49,22,38
webis-touche2020,rr,30,0.02,active_cv,90,1143,371,1,0,0.0,0.14682433407714085,0.045640603170201396,0.0438392316890769,0.02,49,22,38
webis-touche2020,rr,30,0.02,weighted_cvl,90,1129,371,1,0,0.0,0.04081668264224446,0.045640603170201396,0.0438392316890769,0.02,49,22,38
webis-touche2020,rr,30,0.02,uniform,91,1239,377,1,0,0.0,0.07194531111256529,0.04709064626628042,0.048875412284081016,0.02,49,22,38
webis-touche2020,rr,30,0.02,uniform_nz,91,1166,377,1,0,0.0,0.05397870680444261,0.04709064626628042,0.048875412284081016,0.02,49,22,38
webis-touche2020,rr,30,0.02,weighted,91,1161,377,1,0,0.0,0.04709064626628042,0.04709064626628042,0.048875412284081016,0.02,49,22,38
webis-touche2020,rr,30,0.02,active_judge,91,1135,377,1,0,0.0,0.12124977148071103,0.04709064626628042,0.048875412284081016,0.02,49,22,38
webis-touche2020,rr,30,0.02,strat_pilot,91,1154,377,1,0,0.0,0.0477248617972887,0.04709064626628042,0.048875412284081016,0.02,49,22,38
webis-touche2020,rr,30,0.02,weighted_cv,91,1185,377,1,0,0.0,0.0410749526093938,0.04709064626628042,0.048875412284081016,0.02,49,22,38
webis-touche2020,rr,30,0.02,active_cv,91,1176,377,1,0,0.0,0.10168357527404989,0.04709064626628042,0.048875412284081016,0.02,49,22,38
webis-touche2020,rr,30,0.02,weighted_cvl,91,1173,377,1,0,0.0,0.039380340935661104,0.04709064626628042,0.048875412284081016,0.02,49,22,38
webis-touche2020,rr,30,0.02,uniform,92,1227,388,1,0,0.0,0.08699211248153478,0.04991138379596875,0.033666034727550385,0.02,49,22,38
webis-touche2020,rr,30,0.02,uniform_nz,92,1167,388,1,0,0.0,0.06138718150516198,0.04991138379596875,0.033666034727550385,0.02,49,22,38
webis-touche2020,rr,30,0.02,weighted,92,1174,388,1,0,0.0,0.04991138379596875,0.04991138379596875,0.033666034727550385,0.02,49,22,38
webis-touche2020,rr,30,0.02,active_judge,92,1136,388,1,0,0.0,0.10185423973181482,0.04991138379596875,0.033666034727550385,0.02,49,22,38
webis-touche2020,rr,30,0.02,strat_pilot,92,1172,388,1,0,0.0,0.050681601902770844,0.04991138379596875,0.033666034727550385,0.02,49,22,38
webis-touche2020,rr,30,0.02,weighted_cv,92,1184,388,1,0,0.0,0.040973942245297115,0.04991138379596875,0.033666034727550385,0.02,49,22,38
webis-touche2020,rr,30,0.02,active_cv,92,1163,388,1,0,0.0,0.09213089276026158,0.04991138379596875,0.033666034727550385,0.02,49,22,38
webis-touche2020,rr,30,0.02,weighted_cvl,92,1162,388,1,0,0.0,0.03915985658546929,0.04991138379596875,0.033666034727550385,0.02,49,22,38
webis-touche2020,rr,30,0.02,uniform,93,1302,366,1,0,0.0,0.11582734929547156,0.08300977245074193,0.08843210230154917,0.02,49,24,38
webis-touche2020,rr,30,0.02,uniform_nz,93,1259,366,1,0,0.0,0.0980633380898376,0.08300977245074193,0.08843210230154917,0.02,49,24,38
webis-touche2020,rr,30,0.02,weighted,93,1257,366,1,0,0.0,0.08300977245074193,0.08300977245074193,0.08843210230154917,0.02,49,24,38
webis-touche2020,rr,30,0.02,active_judge,93,1240,366,1,0,0.0,0.1751576274188242,0.08300977245074193,0.08843210230154917,0.02,49,24,38
webis-touche2020,rr,30,0.02,strat_pilot,93,1276,366,1,0,0.0,0.08420958642206802,0.08300977245074193,0.08843210230154917,0.02,49,24,38
webis-touche2020,rr,30,0.02,weighted_cv,93,1252,366,1,0,0.0,0.07325836545820237,0.08300977245074193,0.08843210230154917,0.02,49,24,38
webis-touche2020,rr,30,0.02,active_cv,93,1236,366,1,0,0.0,0.18313302339438353,0.08300977245074193,0.08843210230154917,0.02,49,24,38
webis-touche2020,rr,30,0.02,weighted_cvl,93,1264,366,1,0,0.0,0.06653063705243004,0.08300977245074193,0.08843210230154917,0.02,49,24,38
webis-touche2020,rr,30,0.02,uniform,94,1323,392,1,0,0.0,0.10325299182535799,0.07257284327783749,0.10407558000396876,0.02,49,24,38
webis-touche2020,rr,30,0.02,uniform_nz,94,1297,392,1,0,0.0,0.08847500868035094,0.07257284327783749,0.10407558000396876,0.02,49,24,38
webis-touche2020,rr,30,0.02,weighted,94,1280,392,1,0,0.0,0.07257284327783749,0.07257284327783749,0.10407558000396876,0.02,49,24,38
webis-touche2020,rr,30,0.02,active_judge,94,1268,392,1,0,0.0,0.15138191419843666,0.07257284327783749,0.10407558000396876,0.02,49,24,38
webis-touche2020,rr,30,0.02,strat_pilot,94,1284,392,1,0,0.0,0.07291204135101129,0.07257284327783749,0.10407558000396876,0.02,49,24,38
webis-touche2020,rr,30,0.02,weighted_cv,94,1288,392,1,0,0.0,0.06396465774493101,0.07257284327783749,0.10407558000396876,0.02,49,24,38
webis-touche2020,rr,30,0.02,active_cv,94,1276,392,1,0,0.0,0.11495428741608935,0.07257284327783749,0.10407558000396876,0.02,49,24,38
webis-touche2020,rr,30,0.02,weighted_cvl,94,1288,392,1,0,0.0,0.05824124432403173,0.07257284327783749,0.10407558000396876,0.02,49,24,38
webis-touche2020,rr,30,0.02,uniform,95,1249,387,1,0,0.0,0.04689797511300198,0.02974336302377497,0.05629947208507577,0.02,49,22,38
webis-touche2020,rr,30,0.02,uniform_nz,95,1162,387,1,0,0.0,0.03470441331707551,0.02974336302377497,0.05629947208507577,0.02,49,22,38
webis-touche2020,rr,30,0.02,weighted,95,1176,387,1,0,0.0,0.02974336302377497,0.02974336302377497,0.05629947208507577,0.02,49,22,38
webis-touche2020,rr,30,0.02,active_judge,95,1156,387,1,0,0.0,0.059853560312232455,0.02974336302377497,0.05629947208507577,0.02,49,22,38
webis-touche2020,rr,30,0.02,strat_pilot,95,1150,387,1,0,0.0,0.02985208710988977,0.02974336302377497,0.05629947208507577,0.02,49,22,38
webis-touche2020,rr,30,0.02,weighted_cv,95,1152,387,1,0,0.0,0.02596886624300814,0.02974336302377497,0.05629947208507577,0.02,49,22,38
webis-touche2020,rr,30,0.02,active_cv,95,1161,387,1,0,0.0,0.045802158673559315,0.02974336302377497,0.05629947208507577,0.02,49,22,38
webis-touche2020,rr,30,0.02,weighted_cvl,95,1189,387,1,0,0.0,0.025506031415803355,0.02974336302377497,0.05629947208507577,0.02,49,22,38
webis-touche2020,rr,30,0.02,uniform,96,1250,387,1,0,0.0,0.08315296317927172,0.04601125489103643,0.048468686456302555,0.02,49,22,38
webis-touche2020,rr,30,0.02,uniform_nz,96,1183,387,1,0,0.0,0.05985223183219211,0.04601125489103643,0.048468686456302555,0.02,49,22,38
webis-touche2020,rr,30,0.02,weighted,96,1188,387,1,0,0.0,0.04601125489103643,0.04601125489103643,0.048468686456302555,0.02,49,22,38
webis-touche2020,rr,30,0.02,active_judge,96,1159,387,1,0,0.0,0.121501020583381,0.04601125489103643,0.048468686456302555,0.02,49,22,38
webis-touche2020,rr,30,0.02,strat_pilot,96,1174,387,1,0,0.0,0.04645660410708415,0.04601125489103643,0.048468686456302555,0.02,49,22,38
webis-touche2020,rr,30,0.02,weighted_cv,96,1197,387,1,0,0.0,0.041115492912481656,0.04601125489103643,0.048468686456302555,0.02,49,22,38
webis-touche2020,rr,30,0.02,active_cv,96,1178,387,1,0,0.0,0.09409101338182987,0.04601125489103643,0.048468686456302555,0.02,49,22,38
webis-touche2020,rr,30,0.02,weighted_cvl,96,1180,387,1,0,0.0,0.03882158291911729,0.04601125489103643,0.048468686456302555,0.02,49,22,38
webis-touche2020,rr,30,0.02,uniform,97,1268,365,1,0,0.0,0.09837920909128578,0.07026795603631944,0.11400135341921776,0.02,49,24,38
webis-touche2020,rr,30,0.02,uniform_nz,97,1248,365,1,0,0.0,0.07909666165922945,0.07026795603631944,0.11400135341921776,0.02,49,24,38
webis-touche2020,rr,30,0.02,weighted,97,1280,365,1,0,0.0,0.07026795603631944,0.07026795603631944,0.11400135341921776,0.02,49,24,38
webis-touche2020,rr,30,0.02,active_judge,97,1248,365,1,0,0.0,0.16060775577118283,0.07026795603631944,0.11400135341921776,0.02,49,24,38
webis-touche2020,rr,30,0.02,strat_pilot,97,1254,365,1,0,0.0,0.0719027538010307,0.07026795603631944,0.11400135341921776,0.02,49,24,38
webis-touche2020,rr,30,0.02,weighted_cv,97,1277,365,1,0,0.0,0.05827420484223626,0.07026795603631944,0.11400135341921776,0.02,49,24,38
webis-touche2020,rr,30,0.02,active_cv,97,1235,365,1,0,0.0,0.12607801832227788,0.07026795603631944,0.11400135341921776,0.02,49,24,38
webis-touche2020,rr,30,0.02,weighted_cvl,97,1258,365,1,0,0.0,0.058095490381775014,0.07026795603631944,0.11400135341921776,0.02,49,24,38
webis-touche2020,rr,30,0.02,uniform,98,1265,366,1,0,0.0,0.078973838766908,0.06110914422749066,0.1170720723295094,0.02,49,24,38
webis-touche2020,rr,30,0.02,uniform_nz,98,1283,366,1,0,0.0,0.06495629675370891,0.06110914422749066,0.1170720723295094,0.02,49,24,38
webis-touche2020,rr,30,0.02,weighted,98,1244,366,1,0,0.0,0.06110914422749066,0.06110914422749066,0.1170720723295094,0.02,49,24,38
webis-touche2020,rr,30,0.02,active_judge,98,1251,366,1,0,0.0,0.1293574077424833,0.06110914422749066,0.1170720723295094,0.02,49,24,38
webis-touche2020,rr,30,0.02,strat_pilot,98,1272,366,1,0,0.0,0.062461698872703884,0.06110914422749066,0.1170720723295094,0.02,49,24,38
webis-touche2020,rr,30,0.02,weighted_cv,98,1277,366,1,0,0.0,0.05644486328398453,0.06110914422749066,0.1170720723295094,0.02,49,24,38
webis-touche2020,rr,30,0.02,active_cv,98,1242,366,1,0,0.0,0.15042200255763846,0.06110914422749066,0.1170720723295094,0.02,49,24,38
webis-touche2020,rr,30,0.02,weighted_cvl,98,1251,366,1,0,0.0,0.051483487938021266,0.06110914422749066,0.1170720723295094,0.02,49,24,38
webis-touche2020,rr,30,0.02,uniform,99,1227,382,1,0,0.0,0.0940018380347684,0.0556958248481616,0.05996070922541509,0.02,49,22,38
webis-touche2020,rr,30,0.02,uniform_nz,99,1147,382,1,0,0.0,0.06459928409213203,0.0556958248481616,0.05996070922541509,0.02,49,22,38
webis-touche2020,rr,30,0.02,weighted,99,1167,382,1,0,0.0,0.0556958248481616,0.0556958248481616,0.05996070922541509,0.02,49,22,38
webis-touche2020,rr,30,0.02,active_judge,99,1157,382,1,0,0.0,0.10874055852719385,0.0556958248481616,0.05996070922541509,0.02,49,22,38
webis-touche2020,rr,30,0.02,strat_pilot,99,1170,382,1,0,0.0,0.05577611214911142,0.0556958248481616,0.05996070922541509,0.02,49,22,38
webis-touche2020,rr,30,0.02,weighted_cv,99,1176,382,1,0,0.0,0.05016853830017966,0.0556958248481616,0.05996070922541509,0.02,49,22,38
webis-touche2020,rr,30,0.02,active_cv,99,1161,382,1,0,0.0,0.11026857002111719,0.0556958248481616,0.05996070922541509,0.02,49,22,38
webis-touche2020,rr,30,0.02,weighted_cvl,99,1177,382,1,0,0.0,0.043273955470207806,0.0556958248481616,0.05996070922541509,0.02,49,22,38
webis-touche2020,rr,30,0.02,uniform,100,1194,368,1,0,0.0,0.2292839853257586,0.05620796559031652,0.06405832763727501,0.02,49,22,38
webis-touche2020,rr,30,0.02,uniform_nz,100,1136,368,1,0,0.0,0.09969998162695874,0.05620796559031652,0.06405832763727501,0.02,49,22,38
webis-touche2020,rr,30,0.02,weighted,100,1140,368,1,0,0.0,0.05620796559031652,0.05620796559031652,0.06405832763727501,0.02,49,22,38
webis-touche2020,rr,30,0.02,active_judge,100,1136,368,1,0,0.0,0.1750233451907435,0.05620796559031652,0.06405832763727501,0.02,49,22,38
webis-touche2020,rr,30,0.02,strat_pilot,100,1169,368,1,0,0.0,0.0571871892482406,0.05620796559031652,0.06405832763727501,0.02,49,22,38
webis-touche2020,rr,30,0.02,weighted_cv,100,1162,368,1,0,0.0,0.04225785397452352,0.05620796559031652,0.06405832763727501,0.02,49,22,38
webis-touche2020,rr,30,0.02,active_cv,100,1140,368,1,0,0.0,0.08439457101255984,0.05620796559031652,0.06405832763727501,0.02,49,22,38
webis-touche2020,rr,30,0.02,weighted_cvl,100,1151,368,1,0,0.0,0.041562453720665346,0.05620796559031652,0.06405832763727501,0.02,49,22,38
webis-touche2020,rr,30,0.02,uniform,101,1154,374,1,0,0.0,0.21557932374615482,0.04551524691071075,0.02550127169012618,0.02,49,21,38
webis-touche2020,rr,30,0.02,uniform_nz,101,1114,374,1,0,0.0,0.06732356675614631,0.04551524691071075,0.02550127169012618,0.02,49,21,38
webis-touche2020,rr,30,0.02,weighted,101,1114,374,1,0,0.0,0.04551524691071075,0.04551524691071075,0.02550127169012618,0.02,49,21,38
webis-touche2020,rr,30,0.02,active_judge,101,1098,374,1,0,0.0,0.12294860089369834,0.04551524691071075,0.02550127169012618,0.02,49,21,38
webis-touche2020,rr,30,0.02,strat_pilot,101,1130,374,1,0,0.0,0.04603750357925025,0.04551524691071075,0.02550127169012618,0.02,49,21,38
webis-touche2020,rr,30,0.02,weighted_cv,101,1133,374,1,0,0.0,0.03253949657580163,0.04551524691071075,0.02550127169012618,0.02,49,21,38
webis-touche2020,rr,30,0.02,active_cv,101,1101,374,1,0,0.0,0.049322574401488704,0.04551524691071075,0.02550127169012618,0.02,49,21,38
webis-touche2020,rr,30,0.02,weighted_cvl,101,1143,374,1,0,0.0,0.030799750501237157,0.04551524691071075,0.02550127169012618,0.02,49,21,38
webis-touche2020,rr,30,0.02,uniform,102,1210,379,1,0,0.0,0.07593247327525847,0.05464596517948922,0.03651919506661057,0.02,49,22,38
webis-touche2020,rr,30,0.02,uniform_nz,102,1147,379,1,0,0.0,0.06852019714857634,0.05464596517948922,0.03651919506661057,0.02,49,22,38
webis-touche2020,rr,30,0.02,weighted,102,1168,379,1,0,0.0,0.05464596517948922,0.05464596517948922,0.03651919506661057,0.02,49,22,38
webis-touche2020,rr,30,0.02,active_judge,102,1131,379,1,0,0.0,0.12130607139439327,0.05464596517948922,0.03651919506661057,0.02,49,22,38
webis-touche2020,rr,30,0.02,strat_pilot,102,1145,379,1,0,0.0,0.05596711225328357,0.05464596517948922,0.03651919506661057,0.02,49,22,38
webis-touche2020,rr,30,0.02,weighted_cv,102,1162,379,1,0,0.0,0.0460901655114122,0.05464596517948922,0.03651919506661057,0.02,49,22,38
webis-touche2020,rr,30,0.02,active_cv,102,1115,379,1,0,0.0,0.09229318558811814,0.05464596517948922,0.03651919506661057,0.02,49,22,38
webis-touche2020,rr,30,0.02,weighted_cvl,102,1160,379,1,0,0.0,0.04185057642976535,0.05464596517948922,0.03651919506661057,0.02,49,22,38
webis-touche2020,rr,30,0.02,uniform,103,1300,379,1,0,0.0,0.06333821566456602,0.046727391582664396,0.10350377307569764,0.02,49,24,38
webis-touche2020,rr,30,0.02,uniform_nz,103,1272,379,1,0,0.0,0.04983654519733402,0.046727391582664396,0.10350377307569764,0.02,49,24,38
webis-touche2020,rr,30,0.02,weighted,103,1303,379,1,0,0.0,0.046727391582664396,0.046727391582664396,0.10350377307569764,0.02,49,24,38
webis-touche2020,rr,30,0.02,active_judge,103,1256,379,1,0,0.0,0.10605166218797897,0.046727391582664396,0.10350377307569764,0.02,49,24,38
webis-touche2020,rr,30,0.02,strat_pilot,103,1295,379,1,0,0.0,0.047737252004241955,0.046727391582664396,0.10350377307569764,0.02,49,24,38
webis-touche2020,rr,30,0.02,weighted_cv,103,1270,379,1,0,0.0,0.0405490036834288,0.046727391582664396,0.10350377307569764,0.02,49,24,38
webis-touche2020,rr,30,0.02,active_cv,103,1271,379,1,0,0.0,0.05855718275060066,0.046727391582664396,0.10350377307569764,0.02,49,24,38
webis-touche2020,rr,30,0.02,weighted_cvl,103,1285,379,1,0,0.0,0.03604707084310739,0.046727391582664396,0.10350377307569764,0.02,49,24,38
webis-touche2020,rr,30,0.02,uniform,104,1212,382,1,0,0.0,0.09654097873679443,0.07273773460131776,0.03828790522056774,0.02,49,22,38
webis-touche2020,rr,30,0.02,uniform_nz,104,1168,382,1,0,0.0,0.08696554578028823,0.07273773460131776,0.03828790522056774,0.02,49,22,38
webis-touche2020,rr,30,0.02,weighted,104,1147,382,1,0,0.0,0.07273773460131776,0.07273773460131776,0.03828790522056774,0.02,49,22,38
webis-touche2020,rr,30,0.02,active_judge,104,1139,382,1,0,0.0,0.1816313589606619,0.07273773460131776,0.03828790522056774,0.02,49,22,38
webis-touche2020,rr,30,0.02,strat_pilot,104,1156,382,1,0,0.0,0.0737337351659619,0.07273773460131776,0.03828790522056774,0.02,49,22,38
webis-touche2020,rr,30,0.02,weighted_cv,104,1151,382,1,0,0.0,0.06548171440818165,0.07273773460131776,0.03828790522056774,0.02,49,22,38
webis-touche2020,rr,30,0.02,active_cv,104,1127,382,1,0,0.0,0.12063382483620869,0.07273773460131776,0.03828790522056774,0.02,49,22,38
webis-touche2020,rr,30,0.02,weighted_cvl,104,1165,382,1,0,0.0,0.06089588542788475,0.07273773460131776,0.03828790522056774,0.02,49,22,38
webis-touche2020,rr,30,0.02,uniform,105,1197,373,1,0,0.0,0.07079875364674429,0.04694622098308327,0.08267907969223756,0.02,49,22,38
webis-touche2020,rr,30,0.02,uniform_nz,105,1140,373,1,0,0.0,0.052986416838291826,0.04694622098308327,0.08267907969223756,0.02,49,22,38
webis-touche2020,rr,30,0.02,weighted,105,1180,373,1,0,0.0,0.04694622098308327,0.04694622098308327,0.08267907969223756,0.02,49,22,38
webis-touche2020,rr,30,0.02,active_judge,105,1164,373,1,0,0.0,0.09656632405041943,0.04694622098308327,0.08267907969223756,0.02,49,22,38
webis-touche2020,rr,30,0.02,strat_pilot,105,1160,373,1,0,0.0,0.047597812130353113,0.04694622098308327,0.08267907969223756,0.02,49,22,38
webis-touche2020,rr,30,0.02,weighted_cv,105,1140,373,1,0,0.0,0.04271041168336,0.04694622098308327,0.08267907969223756,0.02,49,22,38
webis-touche2020,rr,30,0.02,active_cv,105,1141,373,1,0,0.0,0.06406351172181476,0.04694622098308327,0.08267907969223756,0.02,49,22,38
webis-touche2020,rr,30,0.02,weighted_cvl,105,1148,373,1,0,0.0,0.03934120736523162,0.04694622098308327,0.08267907969223756,0.02,49,22,38
webis-touche2020,rr,30,0.02,uniform,106,1218,377,1,0,0.0,0.09863880493028514,0.059248926762148456,0.05892696648037206,0.02,49,22,38
webis-touche2020,rr,30,0.02,uniform_nz,106,1159,377,1,0,0.0,0.07083286032140992,0.059248926762148456,0.05892696648037206,0.02,49,22,38
webis-touche2020,rr,30,0.02,weighted,106,1153,377,1,0,0.0,0.059248926762148456,0.059248926762148456,0.05892696648037206,0.02,49,22,38
webis-touche2020,rr,30,0.02,active_judge,106,1157,377,1,0,0.0,0.11428650543451682,0.059248926762148456,0.05892696648037206,0.02,49,22,38
webis-touche2020,rr,30,0.02,strat_pilot,106,1168,377,1,0,0.0,0.05977170651777902,0.059248926762148456,0.05892696648037206,0.02,49,22,38
webis-touche2020,rr,30,0.02,weighted_cv,106,1149,377,1,0,0.0,0.051738621904562763,0.059248926762148456,0.05892696648037206,0.02,49,22,38
webis-touche2020,rr,30,0.02,active_cv,106,1154,377,1,0,0.0,0.11892825126393085,0.059248926762148456,0.05892696648037206,0.02,49,22,38
webis-touche2020,rr,30,0.02,weighted_cvl,106,1171,377,1,0,0.0,0.04740053845589359,0.059248926762148456,0.05892696648037206,0.02,49,22,38
webis-touche2020,rr,30,0.02,uniform,107,1238,388,1,0,0.0,0.11746375983256988,0.05951412715225988,0.07420185192631013,0.02,49,22,38
webis-touche2020,rr,30,0.02,uniform_nz,107,1174,388,1,0,0.0,0.07295665675443339,0.05951412715225988,0.07420185192631013,0.02,49,22,38
webis-touche2020,rr,30,0.02,weighted,107,1199,388,1,0,0.0,0.05951412715225988,0.05951412715225988,0.07420185192631013,0.02,49,22,38
webis-touche2020,rr,30,0.02,active_judge,107,1185,388,1,0,0.0,0.1287120582887708,0.05951412715225988,0.07420185192631013,0.02,49,22,38
webis-touche2020,rr,30,0.02,strat_pilot,107,1193,388,1,0,0.0,0.05970440956064047,0.05951412715225988,0.07420185192631013,0.02,49,22,38
webis-touche2020,rr,30,0.02,weighted_cv,107,1188,388,1,0,0.0,0.05244043798432384,0.05951412715225988,0.07420185192631013,0.02,49,22,38
webis-touche2020,rr,30,0.02,active_cv,107,1162,388,1,0,0.0,0.11757526270411862,0.05951412715225988,0.07420185192631013,0.02,49,22,38
webis-touche2020,rr,30,0.02,weighted_cvl,107,1173,388,1,0,0.0,0.05223064370439886,0.05951412715225988,0.07420185192631013,0.02,49,22,38
webis-touche2020,rr,30,0.02,uniform,108,1243,376,1,0,0.0,0.2454130441833519,0.06330712316716028,0.0741331842678592,0.02,49,22,38
webis-touche2020,rr,30,0.02,uniform_nz,108,1180,376,1,0,0.0,0.10125988343660139,0.06330712316716028,0.0741331842678592,0.02,49,22,38
webis-touche2020,rr,30,0.02,weighted,108,1146,376,1,0,0.0,0.06330712316716028,0.06330712316716028,0.0741331842678592,0.02,49,22,38
webis-touche2020,rr,30,0.02,active_judge,108,1153,376,1,0,0.0,0.21154379547076277,0.06330712316716028,0.0741331842678592,0.02,49,22,38
webis-touche2020,rr,30,0.02,strat_pilot,108,1167,376,1,0,0.0,0.06416195697340321,0.06330712316716028,0.0741331842678592,0.02,49,22,38
webis-touche2020,rr,30,0.02,weighted_cv,108,1168,376,1,0,0.0,0.04474718540880999,0.06330712316716028,0.0741331842678592,0.02,49,22,38
webis-touche2020,rr,30,0.02,active_cv,108,1158,376,1,0,0.0,0.06595199230702896,0.06330712316716028,0.0741331842678592,0.02,49,22,38
webis-touche2020,rr,30,0.02,weighted_cvl,108,1167,376,1,0,0.0,0.04773558909673927,0.06330712316716028,0.0741331842678592,0.02,49,22,38
webis-touche2020,rr,30,0.02,uniform,109,1313,380,1,0,0.0,0.11019439020876817,0.0818228328396528,0.10633961395582789,0.02,49,24,38
webis-touche2020,rr,30,0.02,uniform_nz,109,1279,380,1,0,0.0,0.09207856038746207,0.0818228328396528,0.10633961395582789,0.02,49,24,38
webis-touche2020,rr,30,0.02,weighted,109,1264,380,1,0,0.0,0.0818228328396528,0.0818228328396528,0.10633961395582789,0.02,49,24,38
webis-touche2020,rr,30,0.02,active_judge,109,1259,380,1,0,0.0,0.21526687089822233,0.0818228328396528,0.10633961395582789,0.02,49,24,38
webis-touche2020,rr,30,0.02,strat_pilot,109,1275,380,1,0,0.0,0.08289025306371679,0.0818228328396528,0.10633961395582789,0.02,49,24,38
webis-touche2020,rr,30,0.02,weighted_cv,109,1285,380,1,0,0.0,0.07421617375377479,0.0818228328396528,0.10633961395582789,0.02,49,24,38
webis-touche2020,rr,30,0.02,active_cv,109,1260,380,1,0,0.0,0.18252204743256292,0.0818228328396528,0.10633961395582789,0.02,49,24,38
webis-touche2020,rr,30,0.02,weighted_cvl,109,1253,380,1,0,0.0,0.06502037782080208,0.0818228328396528,0.10633961395582789,0.02,49,24,38
webis-touche2020,rr,30,0.02,uniform,110,1221,370,1,0,0.0,0.10296079012912951,0.05750696159546901,0.04692393090225906,0.02,49,22,38
webis-touche2020,rr,30,0.02,uniform_nz,110,1143,370,1,0,0.0,0.07632468461739886,0.05750696159546901,0.04692393090225906,0.02,49,22,38
webis-touche2020,rr,30,0.02,weighted,110,1158,370,1,0,0.0,0.05750696159546901,0.05750696159546901,0.04692393090225906,0.02,49,22,38
webis-touche2020,rr,30,0.02,active_judge,110,1158,370,1,0,0.0,0.12695659552441602,0.05750696159546901,0.04692393090225906,0.02,49,22,38
webis-touche2020,rr,30,0.02,strat_pilot,110,1144,370,1,0,0.0,0.057175428224086756,0.05750696159546901,0.04692393090225906,0.02,49,22,38
webis-touche2020,rr,30,0.02,weighted_cv,110,1168,370,1,0,0.0,0.04930691861794738,0.05750696159546901,0.04692393090225906,0.02,49,22,38
webis-touche2020,rr,30,0.02,active_cv,110,1133,370,1,0,0.0,0.12124900831613791,0.05750696159546901,0.04692393090225906,0.02,49,22,38
webis-touche2020,rr,30,0.02,weighted_cvl,110,1129,370,1,0,0.0,0.041892178572388396,0.05750696159546901,0.04692393090225906,0.02,49,22,38
webis-touche2020,rr,30,0.02,uniform,111,1239,384,1,0,0.0,0.06222077098057506,0.03277766899966901,0.06136048082178114,0.02,49,22,38
webis-touche2020,rr,30,0.02,uniform_nz,111,1148,384,1,0,0.0,0.042796827184297656,0.03277766899966901,0.06136048082178114,0.02,49,22,38
webis-touche2020,rr,30,0.02,weighted,111,1179,384,1,0,0.0,0.03277766899966901,0.03277766899966901,0.06136048082178114,0.02,49,22,38
webis-touche2020,rr,30,0.02,active_judge,111,1156,384,1,0,0.0,0.07560837116096882,0.03277766899966901,0.06136048082178114,0.02,49,22,38
webis-touche2020,rr,30,0.02,strat_pilot,111,1170,384,1,0,0.0,0.03315817884453462,0.03277766899966901,0.06136048082178114,0.02,49,22,38
webis-touche2020,rr,30,0.02,weighted_cv,111,1182,384,1,0,0.0,0.02841220731793446,0.03277766899966901,0.06136048082178114,0.02,49,22,38
webis-touche2020,rr,30,0.02,active_cv,111,1140,384,1,0,0.0,0.05286228435035127,0.03277766899966901,0.06136048082178114,0.02,49,22,38
webis-touche2020,rr,30,0.02,weighted_cvl,111,1160,384,1,0,0.0,0.025331150316669226,0.03277766899966901,0.06136048082178114,0.02,49,22,38
webis-touche2020,rr,30,0.02,uniform,112,1181,382,1,0,0.0,0.038342687200362435,0.020607604979506554,0.07070568034190323,0.02,49,22,38
webis-touche2020,rr,30,0.02,uniform_nz,112,1163,382,1,0,0.0,0.025117932957217582,0.020607604979506554,0.07070568034190323,0.02,49,22,38
webis-touche2020,rr,30,0.02,weighted,112,1178,382,1,0,0.0,0.020607604979506554,0.020607604979506554,0.07070568034190323,0.02,49,22,38
webis-touche2020,rr,30,0.02,active_judge,112,1158,382,1,0,0.0,0.04595571642960634,0.020607604979506554,0.07070568034190323,0.02,49,22,38
webis-touche2020,rr,30,0.02,strat_pilot,112,1177,382,1,0,0.0,0.020049652283188356,0.020607604979506554,0.07070568034190323,0.02,49,22,38
webis-touche2020,rr,30,0.02,weighted_cv,112,1160,382,1,0,0.0,0.01976616111698356,0.020607604979506554,0.07070568034190323,0.02,49,22,38
webis-touche2020,rr,30,0.02,active_cv,112,1154,382,1,0,0.0,0.027990579205747622,0.020607604979506554,0.07070568034190323,0.02,49,22,38
webis-touche2020,rr,30,0.02,weighted_cvl,112,1165,382,1,0,0.0,0.018963483129249635,0.020607604979506554,0.07070568034190323,0.02,49,22,38
webis-touche2020,rr,30,0.02,uniform,113,1225,368,1,0,0.0,0.06636713971769352,0.046527378327293756,0.05586326283832678,0.02,49,22,38
webis-touche2020,rr,30,0.02,uniform_nz,113,1136,368,1,0,0.0,0.05435931292910592,0.046527378327293756,0.05586326283832678,0.02,49,22,38
webis-touche2020,rr,30,0.02,weighted,113,1129,368,1,0,0.0,0.046527378327293756,0.046527378327293756,0.05586326283832678,0.02,49,22,38
webis-touche2020,rr,30,0.02,active_judge,113,1147,368,1,0,0.0,0.11442942536702772,0.046527378327293756,0.05586326283832678,0.02,49,22,38
webis-touche2020,rr,30,0.02,strat_pilot,113,1144,368,1,0,0.0,0.047291166449107254,0.046527378327293756,0.05586326283832678,0.02,49,22,38
webis-touche2020,rr,30,0.02,weighted_cv,113,1151,368,1,0,0.0,0.045938907249467524,0.046527378327293756,0.05586326283832678,0.02,49,22,38
webis-touche2020,rr,30,0.02,active_cv,113,1146,368,1,0,0.0,0.10979019010943847,0.046527378327293756,0.05586326283832678,0.02,49,22,38
webis-touche2020,rr,30,0.02,weighted_cvl,113,1154,368,1,0,0.0,0.044400984992394345,0.046527378327293756,0.05586326283832678,0.02,49,22,38
webis-touche2020,rr,30,0.02,uniform,114,1181,385,1,0,0.0,0.09902901882766095,0.05981480478237944,0.05942441851807176,0.02,49,22,38
webis-touche2020,rr,30,0.02,uniform_nz,114,1157,385,1,0,0.0,0.08668936781238648,0.05981480478237944,0.05942441851807176,0.02,49,22,38
webis-touche2020,rr,30,0.02,weighted,114,1152,385,1,0,0.0,0.05981480478237944,0.05981480478237944,0.05942441851807176,0.02,49,22,38
webis-touche2020,rr,30,0.02,active_judge,114,1132,385,1,0,0.0,0.15432627055803289,0.05981480478237944,0.05942441851807176,0.02,49,22,38
webis-touche2020,rr,30,0.02,strat_pilot,114,1155,385,1,0,0.0,0.06102541172196998,0.05981480478237944,0.05942441851807176,0.02,49,22,38
webis-touche2020,rr,30,0.02,weighted_cv,114,1146,385,1,0,0.0,0.04822330830679079,0.05981480478237944,0.05942441851807176,0.02,49,22,38
webis-touche2020,rr,30,0.02,active_cv,114,1157,385,1,0,0.0,0.08950000314048281,0.05981480478237944,0.05942441851807176,0.02,49,22,38
webis-touche2020,rr,30,0.02,weighted_cvl,114,1166,385,1,0,0.0,0.04487516168850529,0.05981480478237944,0.05942441851807176,0.02,49,22,38
webis-touche2020,rr,30,0.02,uniform,115,1280,373,1,0,0.0,0.14031340740318488,0.08501024256434772,0.11850928834714886,0.02,49,24,38
webis-touche2020,rr,30,0.02,uniform_nz,115,1298,373,1,0,0.0,0.09822334657817414,0.08501024256434772,0.11850928834714886,0.02,49,24,38
webis-touche2020,rr,30,0.02,weighted,115,1272,373,1,0,0.0,0.08501024256434772,0.08501024256434772,0.11850928834714886,0.02,49,24,38
webis-touche2020,rr,30,0.02,active_judge,115,1252,373,1,0,0.0,0.1854292865915132,0.08501024256434772,0.11850928834714886,0.02,49,24,38
webis-touche2020,rr,30,0.02,strat_pilot,115,1277,373,1,0,0.0,0.08700740101081873,0.08501024256434772,0.11850928834714886,0.02,49,24,38
webis-touche2020,rr,30,0.02,weighted_cv,115,1291,373,1,0,0.0,0.06950104056514982,0.08501024256434772,0.11850928834714886,0.02,49,24,38
webis-touche2020,rr,30,0.02,active_cv,115,1270,373,1,0,0.0,0.1658042185778777,0.08501024256434772,0.11850928834714886,0.02,49,24,38
webis-touche2020,rr,30,0.02,weighted_cvl,115,1291,373,1,0,0.0,0.06229202613760505,0.08501024256434772,0.11850928834714886,0.02,49,24,38
webis-touche2020,rr,30,0.02,uniform,116,1278,375,1,0,0.0,0.11611833111960587,0.06317590739278688,0.11310871874471654,0.02,49,24,38
webis-touche2020,rr,30,0.02,uniform_nz,116,1295,375,1,0,0.0,0.07621388664216067,0.06317590739278688,0.11310871874471654,0.02,49,24,38
webis-touche2020,rr,30,0.02,weighted,116,1284,375,1,0,0.0,0.06317590739278688,0.06317590739278688,0.11310871874471654,0.02,49,24,38
webis-touche2020,rr,30,0.02,active_judge,116,1258,375,1,0,0.0,0.13934122064777524,0.06317590739278688,0.11310871874471654,0.02,49,24,38
webis-touche2020,rr,30,0.02,strat_pilot,116,1278,375,1,0,0.0,0.06390114837050817,0.06317590739278688,0.11310871874471654,0.02,49,24,38
webis-touche2020,rr,30,0.02,weighted_cv,116,1296,375,1,0,0.0,0.05162056391042974,0.06317590739278688,0.11310871874471654,0.02,49,24,38
webis-touche2020,rr,30,0.02,active_cv,116,1246,375,1,0,0.0,0.1157870233454034,0.06317590739278688,0.11310871874471654,0.02,49,24,38
webis-touche2020,rr,30,0.02,weighted_cvl,116,1268,375,1,0,0.0,0.050572756349362605,0.06317590739278688,0.11310871874471654,0.02,49,24,38
webis-touche2020,rr,30,0.02,uniform,117,1188,380,1,0,0.0,0.06213942156922627,0.0437062424922309,0.05544176755477065,0.02,49,22,38
webis-touche2020,rr,30,0.02,uniform_nz,117,1150,380,1,0,0.0,0.05017741890769624,0.0437062424922309,0.05544176755477065,0.02,49,22,38
webis-touche2020,rr,30,0.02,weighted,117,1137,380,1,0,0.0,0.0437062424922309,0.0437062424922309,0.05544176755477065,0.02,49,22,38
webis-touche2020,rr,30,0.02,active_judge,117,1137,380,1,0,0.0,0.11655019553960651,0.0437062424922309,0.05544176755477065,0.02,49,22,38
webis-touche2020,rr,30,0.02,strat_pilot,117,1152,380,1,0,0.0,0.04487436161320314,0.0437062424922309,0.05544176755477065,0.02,49,22,38
webis-touche2020,rr,30,0.02,weighted_cv,117,1150,380,1,0,0.0,0.03846204308680117,0.0437062424922309,0.05544176755477065,0.02,49,22,38
webis-touche2020,rr,30,0.02,active_cv,117,1162,380,1,0,0.0,0.08933808036926752,0.0437062424922309,0.05544176755477065,0.02,49,22,38
webis-touche2020,rr,30,0.02,weighted_cvl,117,1178,380,1,0,0.0,0.0365119026620511,0.0437062424922309,0.05544176755477065,0.02,49,22,38
webis-touche2020,rr,30,0.02,uniform,118,1217,384,1,0,0.0,0.08569548106292965,0.04570165438819531,0.07052361060814416,0.02,49,22,38
webis-touche2020,rr,30,0.02,uniform_nz,118,1167,384,1,0,0.0,0.05483620531188236,0.04570165438819531,0.07052361060814416,0.02,49,22,38
webis-touche2020,rr,30,0.02,weighted,118,1172,384,1,0,0.0,0.04570165438819531,0.04570165438819531,0.07052361060814416,0.02,49,22,38
webis-touche2020,rr,30,0.02,active_judge,118,1160,384,1,0,0.0,0.09761500506057405,0.04570165438819531,0.07052361060814416,0.02,49,22,38
webis-touche2020,rr,30,0.02,strat_pilot,118,1173,384,1,0,0.0,0.04699249867910467,0.04570165438819531,0.07052361060814416,0.02,49,22,38
webis-touche2020,rr,30,0.02,weighted_cv,118,1173,384,1,0,0.0,0.03855710622194469,0.04570165438819531,0.07052361060814416,0.02,49,22,38
webis-touche2020,rr,30,0.02,active_cv,118,1158,384,1,0,0.0,0.06485188882415202,0.04570165438819531,0.07052361060814416,0.02,49,22,38
webis-touche2020,rr,30,0.02,weighted_cvl,118,1183,384,1,0,0.0,0.03934658591928799,0.04570165438819531,0.07052361060814416,0.02,49,22,38
webis-touche2020,rr,30,0.02,uniform,119,1228,369,1,0,0.0,0.25606314041258055,0.0655077755840156,0.10225850248548461,0.02,49,22,38
webis-touche2020,rr,30,0.02,uniform_nz,119,1165,369,1,0,0.0,0.1193911782421836,0.0655077755840156,0.10225850248548461,0.02,49,22,38
webis-touche2020,rr,30,0.02,weighted,119,1178,369,1,0,0.0,0.0655077755840156,0.0655077755840156,0.10225850248548461,0.02,49,22,38
webis-touche2020,rr,30,0.02,active_judge,119,1150,369,1,0,0.0,0.23324354542420767,0.0655077755840156,0.10225850248548461,0.02,49,22,38
webis-touche2020,rr,30,0.02,strat_pilot,119,1170,369,1,0,0.0,0.06604064387886656,0.0655077755840156,0.10225850248548461,0.02,49,22,38
webis-touche2020,rr,30,0.02,weighted_cv,119,1173,369,1,0,0.0,0.046690549085891826,0.0655077755840156,0.10225850248548461,0.02,49,22,38
webis-touche2020,rr,30,0.02,active_cv,119,1156,369,1,0,0.0,0.06920427154319854,0.0655077755840156,0.10225850248548461,0.02,49,22,38
webis-touche2020,rr,30,0.02,weighted_cvl,119,1160,369,1,0,0.0,0.04310978219321908,0.0655077755840156,0.10225850248548461,0.02,49,22,38
webis-touche2020,rr,30,0.02,uniform,120,1212,396,1,0,0.0,0.09802882552114316,0.05544280055078632,0.02381570842871152,0.02,49,22,38
webis-touche2020,rr,30,0.02,uniform_nz,120,1200,396,1,0,0.0,0.0684076193086528,0.05544280055078632,0.02381570842871152,0.02,49,22,38
webis-touche2020,rr,30,0.02,weighted,120,1203,396,1,0,0.0,0.05544280055078632,0.05544280055078632,0.02381570842871152,0.02,49,22,38
webis-touche2020,rr,30,0.02,active_judge,120,1173,396,1,0,0.0,0.13525295380609553,0.05544280055078632,0.02381570842871152,0.02,49,22,38
webis-touche2020,rr,30,0.02,strat_pilot,120,1190,396,1,0,0.0,0.05709867127739064,0.05544280055078632,0.02381570842871152,0.02,49,22,38
webis-touche2020,rr,30,0.02,weighted_cv,120,1175,396,1,0,0.0,0.04633787895990278,0.05544280055078632,0.02381570842871152,0.02,49,22,38
webis-touche2020,rr,30,0.02,active_cv,120,1168,396,1,0,0.0,0.0918926703068335,0.05544280055078632,0.02381570842871152,0.02,49,22,38
webis-touche2020,rr,30,0.02,weighted_cvl,120,1163,396,1,0,0.0,0.04773533276416792,0.05544280055078632,0.02381570842871152,0.02,49,22,38
webis-touche2020,rr,30,0.02,uniform,121,1195,379,1,0,0.0,0.23161730717743403,0.04732886442255914,0.06217093238145871,0.02,49,22,38
webis-touche2020,rr,30,0.02,uniform_nz,121,1169,379,1,0,0.0,0.087108628639784,0.04732886442255914,0.06217093238145871,0.02,49,22,38
webis-touche2020,rr,30,0.02,weighted,121,1166,379,1,0,0.0,0.04732886442255914,0.04732886442255914,0.06217093238145871,0.02,49,22,38
webis-touche2020,rr,30,0.02,active_judge,121,1154,379,1,0,0.0,0.16508409861888232,0.04732886442255914,0.06217093238145871,0.02,49,22,38
webis-touche2020,rr,30,0.02,strat_pilot,121,1174,379,1,0,0.0,0.04888701795483284,0.04732886442255914,0.06217093238145871,0.02,49,22,38
webis-touche2020,rr,30,0.02,weighted_cv,121,1194,379,1,0,0.0,0.03214649129906273,0.04732886442255914,0.06217093238145871,0.02,49,22,38
webis-touche2020,rr,30,0.02,active_cv,121,1171,379,1,0,0.0,0.05810944575901883,0.04732886442255914,0.06217093238145871,0.02,49,22,38
webis-touche2020,rr,30,0.02,weighted_cvl,121,1191,379,1,0,0.0,0.030253408898775758,0.04732886442255914,0.06217093238145871,0.02,49,22,38
webis-touche2020,rr,30,0.02,uniform,122,1215,381,1,0,0.0,0.07140999293649944,0.037387582408199206,0.062032378297084176,0.02,49,22,38
webis-touche2020,rr,30,0.02,uniform_nz,122,1167,381,1,0,0.0,0.04552720595573739,0.037387582408199206,0.062032378297084176,0.02,49,22,38
webis-touche2020,rr,30,0.02,weighted,122,1136,381,1,0,0.0,0.037387582408199206,0.037387582408199206,0.062032378297084176,0.02,49,22,38
webis-touche2020,rr,30,0.02,active_judge,122,1157,381,1,0,0.0,0.0753767266718001,0.037387582408199206,0.062032378297084176,0.02,49,22,38
webis-touche2020,rr,30,0.02,strat_pilot,122,1160,381,1,0,0.0,0.038138897657781896,0.037387582408199206,0.062032378297084176,0.02,49,22,38
webis-touche2020,rr,30,0.02,weighted_cv,122,1166,381,1,0,0.0,0.030570066300038546,0.037387582408199206,0.062032378297084176,0.02,49,22,38
webis-touche2020,rr,30,0.02,active_cv,122,1165,381,1,0,0.0,0.05477030616344312,0.037387582408199206,0.062032378297084176,0.02,49,22,38
webis-touche2020,rr,30,0.02,weighted_cvl,122,1154,381,1,0,0.0,0.027631789172242426,0.037387582408199206,0.062032378297084176,0.02,49,22,38
webis-touche2020,rr,30,0.02,uniform,123,1235,387,1,0,0.0,0.05559142737719168,0.03332289822857222,0.06754967218360675,0.02,49,22,38
webis-touche2020,rr,30,0.02,uniform_nz,123,1177,387,1,0,0.0,0.03973767100307783,0.03332289822857222,0.06754967218360675,0.02,49,22,38
webis-touche2020,rr,30,0.02,weighted,123,1184,387,1,0,0.0,0.03332289822857222,0.03332289822857222,0.06754967218360675,0.02,49,22,38
webis-touche2020,rr,30,0.02,active_judge,123,1157,387,1,0,0.0,0.07360828796507671,0.03332289822857222,0.06754967218360675,0.02,49,22,38
webis-touche2020,rr,30,0.02,strat_pilot,123,1176,387,1,0,0.0,0.03383487297040886,0.03332289822857222,0.06754967218360675,0.02,49,22,38
webis-touche2020,rr,30,0.02,weighted_cv,123,1189,387,1,0,0.0,0.03078605072112293,0.03332289822857222,0.06754967218360675,0.02,49,22,38
webis-touche2020,rr,30,0.02,active_cv,123,1164,387,1,0,0.0,0.05997663212834655,0.03332289822857222,0.06754967218360675,0.02,49,22,38
webis-touche2020,rr,30,0.02,weighted_cvl,123,1200,387,1,0,0.0,0.029462121560080705,0.03332289822857222,0.06754967218360675,0.02,49,22,38
webis-touche2020,rr,30,0.02,uniform,124,1135,378,1,0,0.0,0.055154527519284235,0.028734378307452492,0.029364336643748407,0.02,49,21,37
webis-touche2020,rr,30,0.02,uniform_nz,124,1087,378,1,0,0.0,0.03564607733837792,0.028734378307452492,0.029364336643748407,0.02,49,21,37
webis-touche2020,rr,30,0.02,weighted,124,1100,378,1,0,0.0,0.028734378307452492,0.028734378307452492,0.029364336643748407,0.02,49,21,37
webis-touche2020,rr,30,0.02,active_judge,124,1087,378,1,0,0.0,0.059195136999946565,0.028734378307452492,0.029364336643748407,0.02,49,21,37
webis-touche2020,rr,30,0.02,strat_pilot,124,1102,378,1,0,0.0,0.028589577821722518,0.028734378307452492,0.029364336643748407,0.02,49,21,37
webis-touche2020,rr,30,0.02,weighted_cv,124,1083,378,1,0,0.0,0.02592581883877814,0.028734378307452492,0.029364336643748407,0.02,49,21,37
webis-touche2020,rr,30,0.02,active_cv,124,1076,378,1,0,0.0,0.06335894411048233,0.028734378307452492,0.029364336643748407,0.02,49,21,37
webis-touche2020,rr,30,0.02,weighted_cvl,124,1110,378,1,0,0.0,0.02613380726012805,0.028734378307452492,0.029364336643748407,0.02,49,21,37
webis-touche2020,rr,30,0.02,uniform,125,1187,378,0,0,0.04582470603207034,0.06868836966300088,0.03790409052795803,0.009686627902740441,-0.02582470603207034,49,22,38
webis-touche2020,rr,30,0.02,uniform_nz,125,1109,378,0,0,0.04582470603207034,0.04607982059977609,0.03790409052795803,0.009686627902740441,-0.02582470603207034,49,22,38
webis-touche2020,rr,30,0.02,weighted,125,1209,378,0,0,0.04582470603207034,0.03790409052795803,0.03790409052795803,0.009686627902740441,-0.02582470603207034,49,22,38
webis-touche2020,rr,30,0.02,active_judge,125,1147,378,0,0,0.04582470603207034,0.09821590289629628,0.03790409052795803,0.009686627902740441,-0.02582470603207034,49,22,38
webis-touche2020,rr,30,0.02,strat_pilot,125,1167,378,0,0,0.04582470603207034,0.037860102862618795,0.03790409052795803,0.009686627902740441,-0.02582470603207034,49,22,38
webis-touche2020,rr,30,0.02,weighted_cv,125,1157,378,0,0,0.04582470603207034,0.0360293653256731,0.03790409052795803,0.009686627902740441,-0.02582470603207034,49,22,38
webis-touche2020,rr,30,0.02,active_cv,125,1148,378,0,0,0.04582470603207034,0.08950726549451142,0.03790409052795803,0.009686627902740441,-0.02582470603207034,49,22,38
webis-touche2020,rr,30,0.02,weighted_cvl,125,1193,378,0,0,0.04582470603207034,0.03422366769457015,0.03790409052795803,0.009686627902740441,-0.02582470603207034,49,22,38
webis-touche2020,rr,30,0.02,uniform,126,1241,380,1,0,0.0,0.08278114589348042,0.05005942515803326,0.07989114933017205,0.02,49,22,38
webis-touche2020,rr,30,0.02,uniform_nz,126,1181,380,1,0,0.0,0.056391626312297514,0.05005942515803326,0.07989114933017205,0.02,49,22,38
webis-touche2020,rr,30,0.02,weighted,126,1198,380,1,0,0.0,0.05005942515803326,0.05005942515803326,0.07989114933017205,0.02,49,22,38
webis-touche2020,rr,30,0.02,active_judge,126,1155,380,1,0,0.0,0.11187230709364895,0.05005942515803326,0.07989114933017205,0.02,49,22,38
webis-touche2020,rr,30,0.02,strat_pilot,126,1153,380,1,0,0.0,0.051144381288570503,0.05005942515803326,0.07989114933017205,0.02,49,22,38
webis-touche2020,rr,30,0.02,weighted_cv,126,1142,380,1,0,0.0,0.04223503816299558,0.05005942515803326,0.07989114933017205,0.02,49,22,38
webis-touche2020,rr,30,0.02,active_cv,126,1157,380,1,0,0.0,0.06816970752070274,0.05005942515803326,0.07989114933017205,0.02,49,22,38
webis-touche2020,rr,30,0.02,weighted_cvl,126,1164,380,1,0,0.0,0.04060683873036675,0.05005942515803326,0.07989114933017205,0.02,49,22,38
webis-touche2020,rr,30,0.02,uniform,127,1263,385,1,0,0.0,0.08786673407747861,0.06826431836499829,0.11351532991895087,0.02,49,24,38
webis-touche2020,rr,30,0.02,uniform_nz,127,1299,385,1,0,0.0,0.0730958150105385,0.06826431836499829,0.11351532991895087,0.02,49,24,38
webis-touche2020,rr,30,0.02,weighted,127,1272,385,1,0,0.0,0.06826431836499829,0.06826431836499829,0.11351532991895087,0.02,49,24,38
webis-touche2020,rr,30,0.02,active_judge,127,1261,385,1,0,0.0,0.1482970396869958,0.06826431836499829,0.11351532991895087,0.02,49,24,38
webis-touche2020,rr,30,0.02,strat_pilot,127,1303,385,1,0,0.0,0.06950088067118394,0.06826431836499829,0.11351532991895087,0.02,49,24,38
webis-touche2020,rr,30,0.02,weighted_cv,127,1277,385,1,0,0.0,0.0625869837273194,0.06826431836499829,0.11351532991895087,0.02,49,24,38
webis-touche2020,rr,30,0.02,active_cv,127,1283,385,1,0,0.0,0.12278393442837028,0.06826431836499829,0.11351532991895087,0.02,49,24,38
webis-touche2020,rr,30,0.02,weighted_cvl,127,1292,385,1,0,0.0,0.06082618281737974,0.06826431836499829,0.11351532991895087,0.02,49,24,38
webis-touche2020,rr,30,0.02,uniform,128,1193,375,0,0,0.04153858193588733,0.0511005248190585,0.029713506487901102,0.02705300627840674,-0.02153858193588733,49,22,38
webis-touche2020,rr,30,0.02,uniform_nz,128,1134,375,0,0,0.04153858193588733,0.03965624508629195,0.029713506487901102,0.02705300627840674,-0.02153858193588733,49,22,38
webis-touche2020,rr,30,0.02,weighted,128,1171,375,0,0,0.04153858193588733,0.029713506487901102,0.029713506487901102,0.02705300627840674,-0.02153858193588733,49,22,38
webis-touche2020,rr,30,0.02,active_judge,128,1140,375,0,0,0.04153858193588733,0.061468740501540345,0.029713506487901102,0.02705300627840674,-0.02153858193588733,49,22,38
webis-touche2020,rr,30,0.02,strat_pilot,128,1171,375,0,0,0.04153858193588733,0.029976379580710793,0.029713506487901102,0.02705300627840674,-0.02153858193588733,49,22,38
webis-touche2020,rr,30,0.02,weighted_cv,128,1182,375,0,0,0.04153858193588733,0.025102697307135192,0.029713506487901102,0.02705300627840674,-0.02153858193588733,49,22,38
webis-touche2020,rr,30,0.02,active_cv,128,1138,375,0,0,0.04153858193588733,0.05931359102246446,0.029713506487901102,0.02705300627840674,-0.02153858193588733,49,22,38
webis-touche2020,rr,30,0.02,weighted_cvl,128,1170,375,0,0,0.04153858193588733,0.024508017848777645,0.029713506487901102,0.02705300627840674,-0.02153858193588733,49,22,38
webis-touche2020,rr,30,0.02,uniform,129,1157,372,1,0,0.0,0.06623688392744406,0.037888825166045824,0.04022441610676905,0.02,49,21,38
webis-touche2020,rr,30,0.02,uniform_nz,129,1119,372,1,0,0.0,0.047458818001520735,0.037888825166045824,0.04022441610676905,0.02,49,21,38
webis-touche2020,rr,30,0.02,weighted,129,1067,372,1,0,0.0,0.037888825166045824,0.037888825166045824,0.04022441610676905,0.02,49,21,38
webis-touche2020,rr,30,0.02,active_judge,129,1089,372,1,0,0.0,0.07673669194112517,0.037888825166045824,0.04022441610676905,0.02,49,21,38
webis-touche2020,rr,30,0.02,strat_pilot,129,1092,372,1,0,0.0,0.03751398114594191,0.037888825166045824,0.04022441610676905,0.02,49,21,38
webis-touche2020,rr,30,0.02,weighted_cv,129,1073,372,1,0,0.0,0.035650606891045065,0.037888825166045824,0.04022441610676905,0.02,49,21,38
webis-touche2020,rr,30,0.02,active_cv,129,1091,372,1,0,0.0,0.09692043699083783,0.037888825166045824,0.04022441610676905,0.02,49,21,38
webis-touche2020,rr,30,0.02,weighted_cvl,129,1093,372,1,0,0.0,0.034565162101440686,0.037888825166045824,0.04022441610676905,0.02,49,21,38
webis-touche2020,rr,30,0.02,uniform,130,1209,375,0,0,0.0453336275371472,0.06506981759372976,0.03456400559691679,0.021365390506055494,-0.025333627537147203,49,22,38
webis-touche2020,rr,30,0.02,uniform_nz,130,1146,375,0,0,0.0453336275371472,0.04476422551787646,0.03456400559691679,0.021365390506055494,-0.025333627537147203,49,22,38
webis-touche2020,rr,30,0.02,weighted,130,1148,375,0,0,0.0453336275371472,0.03456400559691679,0.03456400559691679,0.021365390506055494,-0.025333627537147203,49,22,38
webis-touche2020,rr,30,0.02,active_judge,130,1153,375,0,0,0.0453336275371472,0.08002648110595459,0.03456400559691679,0.021365390506055494,-0.025333627537147203,49,22,38
webis-touche2020,rr,30,0.02,strat_pilot,130,1156,375,0,0,0.0453336275371472,0.034914199057467496,0.03456400559691679,0.021365390506055494,-0.025333627537147203,49,22,38
webis-touche2020,rr,30,0.02,weighted_cv,130,1171,375,0,0,0.0453336275371472,0.028427481314418652,0.03456400559691679,0.021365390506055494,-0.025333627537147203,49,22,38
webis-touche2020,rr,30,0.02,active_cv,130,1140,375,0,0,0.0453336275371472,0.06156378694541289,0.03456400559691679,0.021365390506055494,-0.025333627537147203,49,22,38
webis-touche2020,rr,30,0.02,weighted_cvl,130,1151,375,0,0,0.0453336275371472,0.028644757525512016,0.03456400559691679,0.021365390506055494,-0.025333627537147203,49,22,38
webis-touche2020,rr,30,0.02,uniform,131,1209,377,1,0,0.0,0.05291897317196649,0.03150218139956355,0.044957003846524644,0.02,49,22,38
webis-touche2020,rr,30,0.02,uniform_nz,131,1167,377,1,0,0.0,0.039911329920541604,0.03150218139956355,0.044957003846524644,0.02,49,22,38
webis-touche2020,rr,30,0.02,weighted,131,1182,377,1,0,0.0,0.03150218139956355,0.03150218139956355,0.044957003846524644,0.02,49,22,38
webis-touche2020,rr,30,0.02,active_judge,131,1139,377,1,0,0.0,0.07499586946168227,0.03150218139956355,0.044957003846524644,0.02,49,22,38
webis-touche2020,rr,30,0.02,strat_pilot,131,1161,377,1,0,0.0,0.03200559573955602,0.03150218139956355,0.044957003846524644,0.02,49,22,38
webis-touche2020,rr,30,0.02,weighted_cv,131,1172,377,1,0,0.0,0.03153039192535269,0.03150218139956355,0.044957003846524644,0.02,49,22,38
webis-touche2020,rr,30,0.02,active_cv,131,1164,377,1,0,0.0,0.08175730896606538,0.03150218139956355,0.044957003846524644,0.02,49,22,38
webis-touche2020,rr,30,0.02,weighted_cvl,131,1160,377,1,0,0.0,0.029854603958387738,0.03150218139956355,0.044957003846524644,0.02,49,22,38
webis-touche2020,rr,30,0.02,uniform,132,1246,383,1,0,0.0,0.09195529354936825,0.054021637281896503,0.06127745239509945,0.02,49,22,38
webis-touche2020,rr,30,0.02,uniform_nz,132,1155,383,1,0,0.0,0.065736532605052,0.054021637281896503,0.06127745239509945,0.02,49,22,38
webis-touche2020,rr,30,0.02,weighted,132,1169,383,1,0,0.0,0.054021637281896503,0.054021637281896503,0.06127745239509945,0.02,49,22,38
webis-touche2020,rr,30,0.02,active_judge,132,1170,383,1,0,0.0,0.10540071210305024,0.054021637281896503,0.06127745239509945,0.02,49,22,38
webis-touche2020,rr,30,0.02,strat_pilot,132,1169,383,1,0,0.0,0.0544203885029829,0.054021637281896503,0.06127745239509945,0.02,49,22,38
webis-touche2020,rr,30,0.02,weighted_cv,132,1147,383,1,0,0.0,0.046770460678019474,0.054021637281896503,0.06127745239509945,0.02,49,22,38
webis-touche2020,rr,30,0.02,active_cv,132,1173,383,1,0,0.0,0.07878357268553024,0.054021637281896503,0.06127745239509945,0.02,49,22,38
webis-touche2020,rr,30,0.02,weighted_cvl,132,1157,383,1,0,0.0,0.046051186422105185,0.054021637281896503,0.06127745239509945,0.02,49,22,38
webis-touche2020,rr,30,0.02,uniform,133,1211,382,1,0,0.0,0.10645445264246592,0.04526878751976939,0.05727082128397917,0.02,49,22,38
webis-touche2020,rr,30,0.02,uniform_nz,133,1172,382,1,0,0.0,0.06149330957469832,0.04526878751976939,0.05727082128397917,0.02,49,22,38
webis-touche2020,rr,30,0.02,weighted,133,1181,382,1,0,0.0,0.04526878751976939,0.04526878751976939,0.05727082128397917,0.02,49,22,38
webis-touche2020,rr,30,0.02,active_judge,133,1164,382,1,0,0.0,0.11351322246427412,0.04526878751976939,0.05727082128397917,0.02,49,22,38
webis-touche2020,rr,30,0.02,strat_pilot,133,1191,382,1,0,0.0,0.045615770715495524,0.04526878751976939,0.05727082128397917,0.02,49,22,38
webis-touche2020,rr,30,0.02,weighted_cv,133,1155,382,1,0,0.0,0.038912357680126734,0.04526878751976939,0.05727082128397917,0.02,49,22,38
webis-touche2020,rr,30,0.02,active_cv,133,1172,382,1,0,0.0,0.11183055251386338,0.04526878751976939,0.05727082128397917,0.02,49,22,38
webis-touche2020,rr,30,0.02,weighted_cvl,133,1171,382,1,0,0.0,0.03924133942323909,0.04526878751976939,0.05727082128397917,0.02,49,22,38
webis-touche2020,rr,30,0.02,uniform,134,1239,386,1,0,0.0,0.09026467446672885,0.02945904690244633,0.07635226583739166,0.02,49,22,38
webis-touche2020,rr,30,0.02,uniform_nz,134,1177,386,1,0,0.0,0.05642700893036663,0.02945904690244633,0.07635226583739166,0.02,49,22,38
webis-touche2020,rr,30,0.02,weighted,134,1191,386,1,0,0.0,0.02945904690244633,0.02945904690244633,0.07635226583739166,0.02,49,22,38
webis-touche2020,rr,30,0.02,active_judge,134,1164,386,1,0,0.0,0.10531124741237188,0.02945904690244633,0.07635226583739166,0.02,49,22,38
webis-touche2020,rr,30,0.02,strat_pilot,134,1198,386,1,0,0.0,0.02878154461325331,0.02945904690244633,0.07635226583739166,0.02,49,22,38
webis-touche2020,rr,30,0.02,weighted_cv,134,1159,386,1,0,0.0,0.024457845843812002,0.02945904690244633,0.07635226583739166,0.02,49,22,38
webis-touche2020,rr,30,0.02,active_cv,134,1168,386,1,0,0.0,0.04821180879018764,0.02945904690244633,0.07635226583739166,0.02,49,22,38
webis-touche2020,rr,30,0.02,weighted_cvl,134,1193,386,1,0,0.0,0.021667197830923978,0.02945904690244633,0.07635226583739166,0.02,49,22,38
webis-touche2020,rr,30,0.02,uniform,135,1180,360,1,0,0.0,0.07370957534783604,0.03251083240318862,0.08089936866003632,0.02,49,22,38
webis-touche2020,rr,30,0.02,uniform_nz,135,1108,360,1,0,0.0,0.056941711231316125,0.03251083240318862,0.08089936866003632,0.02,49,22,38
webis-touche2020,rr,30,0.02,weighted,135,1154,360,1,0,0.0,0.03251083240318862,0.03251083240318862,0.08089936866003632,0.02,49,22,38
webis-touche2020,rr,30,0.02,active_judge,135,1136,360,1,0,0.0,0.12343329967560342,0.03251083240318862,0.08089936866003632,0.02,49,22,38
webis-touche2020,rr,30,0.02,strat_pilot,135,1145,360,1,0,0.0,0.03493302687165191,0.03251083240318862,0.08089936866003632,0.02,49,22,38
webis-touche2020,rr,30,0.02,weighted_cv,135,1123,360,1,0,0.0,0.025601255952711743,0.03251083240318862,0.08089936866003632,0.02,49,22,38
webis-touche2020,rr,30,0.02,active_cv,135,1124,360,1,0,0.0,0.05318142642588976,0.03251083240318862,0.08089936866003632,0.02,49,22,38
webis-touche2020,rr,30,0.02,weighted_cvl,135,1137,360,1,0,0.0,0.02285691167193177,0.03251083240318862,0.08089936866003632,0.02,49,22,38
webis-touche2020,rr,30,0.02,uniform,136,1229,371,1,0,0.0,0.25034347581327704,0.08043891664008915,0.04302267735704267,0.02,49,22,38
webis-touche2020,rr,30,0.02,uniform_nz,136,1143,371,1,0,0.0,0.12849228620598555,0.08043891664008915,0.04302267735704267,0.02,49,22,38
webis-touche2020,rr,30,0.02,weighted,136,1153,371,1,0,0.0,0.08043891664008915,0.08043891664008915,0.04302267735704267,0.02,49,22,38
webis-touche2020,rr,30,0.02,active_judge,136,1151,371,1,0,0.0,0.22629059995793824,0.08043891664008915,0.04302267735704267,0.02,49,22,38
webis-touche2020,rr,30,0.02,strat_pilot,136,1147,371,1,0,0.0,0.08114025670559996,0.08043891664008915,0.04302267735704267,0.02,49,22,38
webis-touche2020,rr,30,0.02,weighted_cv,136,1165,371,1,0,0.0,0.06932329889947438,0.08043891664008915,0.04302267735704267,0.02,49,22,38
webis-touche2020,rr,30,0.02,active_cv,136,1145,371,1,0,0.0,0.19497350467450913,0.08043891664008915,0.04302267735704267,0.02,49,22,38
webis-touche2020,rr,30,0.02,weighted_cvl,136,1182,371,1,0,0.0,0.06228597362920514,0.08043891664008915,0.04302267735704267,0.02,49,22,38
webis-touche2020,rr,30,0.02,uniform,137,1165,372,1,0,0.0,0.21305166937084183,0.04751247257205835,0.03828072953056126,0.02,49,21,38
webis-touche2020,rr,30,0.02,uniform_nz,137,1102,372,1,0,0.0,0.07098014177448395,0.04751247257205835,0.03828072953056126,0.02,49,21,38
webis-touche2020,rr,30,0.02,weighted,137,1080,372,1,0,0.0,0.04751247257205835,0.04751247257205835,0.03828072953056126,0.02,49,21,38
webis-touche2020,rr,30,0.02,active_judge,137,1107,372,1,0,0.0,0.12748071695913712,0.04751247257205835,0.03828072953056126,0.02,49,21,38
webis-touche2020,rr,30,0.02,strat_pilot,137,1088,372,1,0,0.0,0.04956490181269045,0.04751247257205835,0.03828072953056126,0.02,49,21,38
webis-touche2020,rr,30,0.02,weighted_cv,137,1093,372,1,0,0.0,0.03524120825026979,0.04751247257205835,0.03828072953056126,0.02,49,21,38
webis-touche2020,rr,30,0.02,active_cv,137,1079,372,1,0,0.0,0.07039718732185538,0.04751247257205835,0.03828072953056126,0.02,49,21,38
webis-touche2020,rr,30,0.02,weighted_cvl,137,1115,372,1,0,0.0,0.03568895119515231,0.04751247257205835,0.03828072953056126,0.02,49,21,38
webis-touche2020,rr,30,0.02,uniform,138,1195,366,1,0,0.0,0.08135800112294966,0.05432870209323504,0.08937983155475417,0.02,49,22,38
webis-touche2020,rr,30,0.02,uniform_nz,138,1153,366,1,0,0.0,0.05965932358303243,0.05432870209323504,0.08937983155475417,0.02,49,22,38
webis-touche2020,rr,30,0.02,weighted,138,1126,366,1,0,0.0,0.05432870209323504,0.05432870209323504,0.08937983155475417,0.02,49,22,38
webis-touche2020,rr,30,0.02,active_judge,138,1150,366,1,0,0.0,0.13686452961106493,0.05432870209323504,0.08937983155475417,0.02,49,22,38
webis-touche2020,rr,30,0.02,strat_pilot,138,1167,366,1,0,0.0,0.05598629311421777,0.05432870209323504,0.08937983155475417,0.02,49,22,38
webis-touche2020,rr,30,0.02,weighted_cv,138,1150,366,1,0,0.0,0.04502690350484938,0.05432870209323504,0.08937983155475417,0.02,49,22,38
webis-touche2020,rr,30,0.02,active_cv,138,1142,366,1,0,0.0,0.08874706327065669,0.05432870209323504,0.08937983155475417,0.02,49,22,38
webis-touche2020,rr,30,0.02,weighted_cvl,138,1158,366,1,0,0.0,0.040599728523274314,0.05432870209323504,0.08937983155475417,0.02,49,22,38
webis-touche2020,rr,30,0.02,uniform,139,1224,384,1,0,0.0,0.1262663239721386,0.06304165459637254,0.06417120031671114,0.02,49,22,38
webis-touche2020,rr,30,0.02,uniform_nz,139,1184,384,1,0,0.0,0.08820841770691137,0.06304165459637254,0.06417120031671114,0.02,49,22,38
webis-touche2020,rr,30,0.02,weighted,139,1172,384,1,0,0.0,0.06304165459637254,0.06304165459637254,0.06417120031671114,0.02,49,22,38
webis-touche2020,rr,30,0.02,active_judge,139,1170,384,1,0,0.0,0.13190684769958186,0.06304165459637254,0.06417120031671114,0.02,49,22,38
webis-touche2020,rr,30,0.02,strat_pilot,139,1186,384,1,0,0.0,0.06289824615779996,0.06304165459637254,0.06417120031671114,0.02,49,22,38
webis-touche2020,rr,30,0.02,weighted_cv,139,1165,384,1,0,0.0,0.05693212161231296,0.06304165459637254,0.06417120031671114,0.02,49,22,38
webis-touche2020,rr,30,0.02,active_cv,139,1163,384,1,0,0.0,0.14892206906290273,0.06304165459637254,0.06417120031671114,0.02,49,22,38
webis-touche2020,rr,30,0.02,weighted_cvl,139,1184,384,1,0,0.0,0.053692653920782804,0.06304165459637254,0.06417120031671114,0.02,49,22,38
webis-touche2020,rr,30,0.02,uniform,140,1206,379,1,0,0.0,0.0839801931623326,0.05615553620542753,0.036666664805209706,0.02,49,22,38
webis-touche2020,rr,30,0.02,uniform_nz,140,1165,379,1,0,0.0,0.06795735979476411,0.05615553620542753,0.036666664805209706,0.02,49,22,38
webis-touche2020,rr,30,0.02,weighted,140,1162,379,1,0,0.0,0.05615553620542753,0.05615553620542753,0.036666664805209706,0.02,49,22,38
webis-touche2020,rr,30,0.02,active_judge,140,1148,379,1,0,0.0,0.14462230051134162,0.05615553620542753,0.036666664805209706,0.02,49,22,38
webis-touche2020,rr,30,0.02,strat_pilot,140,1163,379,1,0,0.0,0.057224035648679804,0.05615553620542753,0.036666664805209706,0.02,49,22,38
webis-touche2020,rr,30,0.02,weighted_cv,140,1147,379,1,0,0.0,0.049384292455759864,0.05615553620542753,0.036666664805209706,0.02,49,22,38
webis-touche2020,rr,30,0.02,active_cv,140,1139,379,1,0,0.0,0.11551172897900937,0.05615553620542753,0.036666664805209706,0.02,49,22,38
webis-touche2020,rr,30,0.02,weighted_cvl,140,1176,379,1,0,0.0,0.048139691017453044,0.05615553620542753,0.036666664805209706,0.02,49,22,38
webis-touche2020,rr,30,0.02,uniform,141,1246,393,1,0,0.0,0.22156287040696315,0.06123975453889184,0.06596959232717746,0.02,49,22,38
webis-touche2020,rr,30,0.02,uniform_nz,141,1195,393,1,0,0.0,0.09815094205720823,0.06123975453889184,0.06596959232717746,0.02,49,22,38
webis-touche2020,rr,30,0.02,weighted,141,1184,393,1,0,0.0,0.06123975453889184,0.06123975453889184,0.06596959232717746,0.02,49,22,38
webis-touche2020,rr,30,0.02,active_judge,141,1156,393,1,0,0.0,0.16724664183770926,0.06123975453889184,0.06596959232717746,0.02,49,22,38
webis-touche2020,rr,30,0.02,strat_pilot,141,1183,393,1,0,0.0,0.06170878381457118,0.06123975453889184,0.06596959232717746,0.02,49,22,38
webis-touche2020,rr,30,0.02,weighted_cv,141,1181,393,1,0,0.0,0.04438545979513994,0.06123975453889184,0.06596959232717746,0.02,49,22,38
webis-touche2020,rr,30,0.02,active_cv,141,1167,393,1,0,0.0,0.06445788141484791,0.06123975453889184,0.06596959232717746,0.02,49,22,38
webis-touche2020,rr,30,0.02,weighted_cvl,141,1172,393,1,0,0.0,0.04301609858892649,0.06123975453889184,0.06596959232717746,0.02,49,22,38
webis-touche2020,rr,30,0.02,uniform,142,1277,381,1,0,0.0,0.10237235205901332,0.06715251877975906,0.06189383652486699,0.02,49,24,38
webis-touche2020,rr,30,0.02,uniform_nz,142,1284,381,1,0,0.0,0.08044159989033954,0.06715251877975906,0.06189383652486699,0.02,49,24,38
webis-touche2020,rr,30,0.02,weighted,142,1273,381,1,0,0.0,0.06715251877975906,0.06715251877975906,0.06189383652486699,0.02,49,24,38
webis-touche2020,rr,30,0.02,active_judge,142,1274,381,1,0,0.0,0.16312550201591197,0.06715251877975906,0.06189383652486699,0.02,49,24,38
webis-touche2020,rr,30,0.02,strat_pilot,142,1269,381,1,0,0.0,0.06843158056511525,0.06715251877975906,0.06189383652486699,0.02,49,24,38
webis-touche2020,rr,30,0.02,weighted_cv,142,1299,381,1,0,0.0,0.05355400216320638,0.06715251877975906,0.06189383652486699,0.02,49,24,38
webis-touche2020,rr,30,0.02,active_cv,142,1261,381,1,0,0.0,0.09343053604310138,0.06715251877975906,0.06189383652486699,0.02,49,24,38
webis-touche2020,rr,30,0.02,weighted_cvl,142,1300,381,1,0,0.0,0.04994309435344836,0.06715251877975906,0.06189383652486699,0.02,49,24,38
webis-touche2020,rr,30,0.02,uniform,143,1252,397,1,0,0.0,0.0763035277046333,0.04590278851643892,0.04606636020510699,0.02,49,22,38
webis-touche2020,rr,30,0.02,uniform_nz,143,1176,397,1,0,0.0,0.05364739810778542,0.04590278851643892,0.04606636020510699,0.02,49,22,38
webis-touche2020,rr,30,0.02,weighted,143,1162,397,1,0,0.0,0.04590278851643892,0.04590278851643892,0.04606636020510699,0.02,49,22,38
webis-touche2020,rr,30,0.02,active_judge,143,1182,397,1,0,0.0,0.11829574661734643,0.04590278851643892,0.04606636020510699,0.02,49,22,38
webis-touche2020,rr,30,0.02,strat_pilot,143,1192,397,1,0,0.0,0.046733955058024454,0.04590278851643892,0.04606636020510699,0.02,49,22,38
webis-touche2020,rr,30,0.02,weighted_cv,143,1168,397,1,0,0.0,0.03981831409932207,0.04590278851643892,0.04606636020510699,0.02,49,22,38
webis-touche2020,rr,30,0.02,active_cv,143,1158,397,1,0,0.0,0.07260345900772913,0.04590278851643892,0.04606636020510699,0.02,49,22,38
webis-touche2020,rr,30,0.02,weighted_cvl,143,1180,397,1,0,0.0,0.04114285019981502,0.04590278851643892,0.04606636020510699,0.02,49,22,38
webis-touche2020,rr,30,0.02,uniform,144,1223,382,1,0,0.0,0.10745094006438267,0.06080303781350458,0.07447309298315488,0.02,49,22,38
webis-touche2020,rr,30,0.02,uniform_nz,144,1168,382,1,0,0.0,0.08377467443341821,0.06080303781350458,0.07447309298315488,0.02,49,22,38
webis-touche2020,rr,30,0.02,weighted,144,1149,382,1,0,0.0,0.06080303781350458,0.06080303781350458,0.07447309298315488,0.02,49,22,38
webis-touche2020,rr,30,0.02,active_judge,144,1145,382,1,0,0.0,0.16234927198406052,0.06080303781350458,0.07447309298315488,0.02,49,22,38
webis-touche2020,rr,30,0.02,strat_pilot,144,1147,382,1,0,0.0,0.06084547333848056,0.06080303781350458,0.07447309298315488,0.02,49,22,38
webis-touche2020,rr,30,0.02,weighted_cv,144,1155,382,1,0,0.0,0.05402269299162012,0.06080303781350458,0.07447309298315488,0.02,49,22,38
webis-touche2020,rr,30,0.02,active_cv,144,1148,382,1,0,0.0,0.10484278029637843,0.06080303781350458,0.07447309298315488,0.02,49,22,38
webis-touche2020,rr,30,0.02,weighted_cvl,144,1155,382,1,0,0.0,0.0488947179781453,0.06080303781350458,0.07447309298315488,0.02,49,22,38
webis-touche2020,rr,30,0.02,uniform,145,1230,383,1,0,0.0,0.08711255738004262,0.059815625087006496,0.04307524080666494,0.02,49,22,38
webis-touche2020,rr,30,0.02,uniform_nz,145,1167,383,1,0,0.0,0.07351776525333417,0.059815625087006496,0.04307524080666494,0.02,49,22,38
webis-touche2020,rr,30,0.02,weighted,145,1157,383,1,0,0.0,0.059815625087006496,0.059815625087006496,0.04307524080666494,0.02,49,22,38
webis-touche2020,rr,30,0.02,active_judge,145,1123,383,1,0,0.0,0.13650141351728604,0.059815625087006496,0.04307524080666494,0.02,49,22,38
webis-touche2020,rr,30,0.02,strat_pilot,145,1152,383,1,0,0.0,0.06055836190375134,0.059815625087006496,0.04307524080666494,0.02,49,22,38
webis-touche2020,rr,30,0.02,weighted_cv,145,1144,383,1,0,0.0,0.05388486225669763,0.059815625087006496,0.04307524080666494,0.02,49,22,38
webis-touche2020,rr,30,0.02,active_cv,145,1149,383,1,0,0.0,0.0954411150507696,0.059815625087006496,0.04307524080666494,0.02,49,22,38
webis-touche2020,rr,30,0.02,weighted_cvl,145,1182,383,1,0,0.0,0.0474164811144604,0.059815625087006496,0.04307524080666494,0.02,49,22,38
webis-touche2020,rr,30,0.02,uniform,146,1230,380,0,0,0.044303567083591955,0.06596826698559828,0.03533544357775327,0.01012072215709987,-0.024303567083591954,49,22,38
webis-touche2020,rr,30,0.02,uniform_nz,146,1151,380,0,0,0.044303567083591955,0.04438280360862081,0.03533544357775327,0.01012072215709987,-0.024303567083591954,49,22,38
webis-touche2020,rr,30,0.02,weighted,146,1162,380,0,0,0.044303567083591955,0.03533544357775327,0.03533544357775327,0.01012072215709987,-0.024303567083591954,49,22,38
webis-touche2020,rr,30,0.02,active_judge,146,1130,380,0,0,0.044303567083591955,0.07396553662508645,0.03533544357775327,0.01012072215709987,-0.024303567083591954,49,22,38
webis-touche2020,rr,30,0.02,strat_pilot,146,1153,380,0,0,0.044303567083591955,0.03559857398453164,0.03533544357775327,0.01012072215709987,-0.024303567083591954,49,22,38
webis-touche2020,rr,30,0.02,weighted_cv,146,1188,380,0,0,0.044303567083591955,0.029436670587968766,0.03533544357775327,0.01012072215709987,-0.024303567083591954,49,22,38
webis-touche2020,rr,30,0.02,active_cv,146,1157,380,0,0,0.044303567083591955,0.06908771876453265,0.03533544357775327,0.01012072215709987,-0.024303567083591954,49,22,38
webis-touche2020,rr,30,0.02,weighted_cvl,146,1140,380,0,0,0.044303567083591955,0.027793463547757014,0.03533544357775327,0.01012072215709987,-0.024303567083591954,49,22,38
webis-touche2020,rr,30,0.02,uniform,147,1166,366,1,0,0.0014808452606203115,0.06898627686009433,0.03954453986338311,0.024067124825638754,0.01851915473937969,49,21,38
webis-touche2020,rr,30,0.02,uniform_nz,147,1081,366,1,0,0.0014808452606203115,0.06063098999646956,0.03954453986338311,0.024067124825638754,0.01851915473937969,49,21,38
webis-touche2020,rr,30,0.02,weighted,147,1070,366,1,0,0.0014808452606203115,0.03954453986338311,0.03954453986338311,0.024067124825638754,0.01851915473937969,49,21,38
webis-touche2020,rr,30,0.02,active_judge,147,1071,366,1,0,0.0014808452606203115,0.11366565273573026,0.03954453986338311,0.024067124825638754,0.01851915473937969,49,21,38
webis-touche2020,rr,30,0.02,strat_pilot,147,1082,366,1,0,0.0014808452606203115,0.039988469384779006,0.03954453986338311,0.024067124825638754,0.01851915473937969,49,21,38
webis-touche2020,rr,30,0.02,weighted_cv,147,1122,366,1,0,0.0014808452606203115,0.033621952178015196,0.03954453986338311,0.024067124825638754,0.01851915473937969,49,21,38
webis-touche2020,rr,30,0.02,active_cv,147,1071,366,1,0,0.0014808452606203115,0.06537579485846556,0.03954453986338311,0.024067124825638754,0.01851915473937969,49,21,38
webis-touche2020,rr,30,0.02,weighted_cvl,147,1092,366,1,0,0.0014808452606203115,0.03148415924766225,0.03954453986338311,0.024067124825638754,0.01851915473937969,49,21,38
webis-touche2020,rr,30,0.02,uniform,148,1202,368,1,0,0.0,0.08033211448284429,0.0553169859763491,0.04524096729188262,0.02,49,22,38
webis-touche2020,rr,30,0.02,uniform_nz,148,1132,368,1,0,0.0,0.06424211136272487,0.0553169859763491,0.04524096729188262,0.02,49,22,38
webis-touche2020,rr,30,0.02,weighted,148,1147,368,1,0,0.0,0.0553169859763491,0.0553169859763491,0.04524096729188262,0.02,49,22,38
webis-touche2020,rr,30,0.02,active_judge,148,1142,368,1,0,0.0,0.12357208232199032,0.0553169859763491,0.04524096729188262,0.02,49,22,38
webis-touche2020,rr,30,0.02,strat_pilot,148,1135,368,1,0,0.0,0.05579666713555194,0.0553169859763491,0.04524096729188262,0.02,49,22,38
webis-touche2020,rr,30,0.02,weighted_cv,148,1141,368,1,0,0.0,0.052640592264583286,0.0553169859763491,0.04524096729188262,0.02,49,22,38
webis-touche2020,rr,30,0.02,active_cv,148,1138,368,1,0,0.0,0.15919856151682893,0.0553169859763491,0.04524096729188262,0.02,49,22,38
webis-touche2020,rr,30,0.02,weighted_cvl,148,1144,368,1,0,0.0,0.04821880909846048,0.0553169859763491,0.04524096729188262,0.02,49,22,38
webis-touche2020,rr,30,0.02,uniform,149,1208,382,1,0,0.0,0.10467575546677979,0.06168063429386256,0.045568503850237585,0.02,49,22,38
webis-touche2020,rr,30,0.02,uniform_nz,149,1178,382,1,0,0.0,0.09335403821515968,0.06168063429386256,0.045568503850237585,0.02,49,22,38
webis-touche2020,rr,30,0.02,weighted,149,1176,382,1,0,0.0,0.06168063429386256,0.06168063429386256,0.045568503850237585,0.02,49,22,38
webis-touche2020,rr,30,0.02,active_judge,149,1156,382,1,0,0.0,0.17702429956247984,0.06168063429386256,0.045568503850237585,0.02,49,22,38
webis-touche2020,rr,30,0.02,strat_pilot,149,1171,382,1,0,0.0,0.062090332860829114,0.06168063429386256,0.045568503850237585,0.02,49,22,38
webis-touche2020,rr,30,0.02,weighted_cv,149,1155,382,1,0,0.0,0.05303869120972961,0.06168063429386256,0.045568503850237585,0.02,49,22,38
webis-touche2020,rr,30,0.02,active_cv,149,1159,382,1,0,0.0,0.1322053296552141,0.06168063429386256,0.045568503850237585,0.02,49,22,38
webis-touche2020,rr,30,0.02,weighted_cvl,149,1166,382,1,0,0.0,0.04844044630720052,0.06168063429386256,0.045568503850237585,0.02,49,22,38
webis-touche2020,rr,30,0.02,uniform,150,1203,377,1,0,0.0,0.23692995987493468,0.05403710672239409,0.07489866993757155,0.02,49,22,38
webis-touche2020,rr,30,0.02,uniform_nz,150,1145,377,1,0,0.0,0.11493618227812359,0.05403710672239409,0.07489866993757155,0.02,49,22,38
webis-touche2020,rr,30,0.02,weighted,150,1150,377,1,0,0.0,0.05403710672239409,0.05403710672239409,0.07489866993757155,0.02,49,22,38
webis-touche2020,rr,30,0.02,active_judge,150,1149,377,1,0,0.0,0.2018184694005032,0.05403710672239409,0.07489866993757155,0.02,49,22,38
webis-touche2020,rr,30,0.02,strat_pilot,150,1135,377,1,0,0.0,0.05822683108392283,0.05403710672239409,0.07489866993757155,0.02,49,22,38
webis-touche2020,rr,30,0.02,weighted_cv,150,1155,377,1,0,0.0,0.032802447820672286,0.05403710672239409,0.07489866993757155,0.02,49,22,38
webis-touche2020,rr,30,0.02,active_cv,150,1140,377,1,0,0.0,0.05321417127279583,0.05403710672239409,0.07489866993757155,0.02,49,22,38
webis-touche2020,rr,30,0.02,weighted_cvl,150,1173,377,1,0,0.0,0.032802447820672286,0.05403710672239409,0.07489866993757155,0.02,49,22,38
webis-touche2020,rr,30,0.02,uniform,151,1203,377,1,0,0.0,0.07126109877602814,0.038817795915861084,0.04512664110093105,0.02,49,22,38
webis-touche2020,rr,30,0.02,uniform_nz,151,1141,377,1,0,0.0,0.05030516347327859,0.038817795915861084,0.04512664110093105,0.02,49,22,38
webis-touche2020,rr,30,0.02,weighted,151,1164,377,1,0,0.0,0.038817795915861084,0.038817795915861084,0.04512664110093105,0.02,49,22,38
webis-touche2020,rr,30,0.02,active_judge,151,1154,377,1,0,0.0,0.09260816996412144,0.038817795915861084,0.04512664110093105,0.02,49,22,38
webis-touche2020,rr,30,0.02,strat_pilot,151,1177,377,1,0,0.0,0.039429508710430154,0.038817795915861084,0.04512664110093105,0.02,49,22,38
webis-touche2020,rr,30,0.02,weighted_cv,151,1174,377,1,0,0.0,0.03451248936705522,0.038817795915861084,0.04512664110093105,0.02,49,22,38
webis-touche2020,rr,30,0.02,active_cv,151,1139,377,1,0,0.0,0.08785439610430588,0.038817795915861084,0.04512664110093105,0.02,49,22,38
webis-touche2020,rr,30,0.02,weighted_cvl,151,1179,377,1,0,0.0,0.0315313114423502,0.038817795915861084,0.04512664110093105,0.02,49,22,38
webis-touche2020,rr,30,0.02,uniform,152,1206,380,1,0,0.0,0.05055817630113261,0.029930708497508486,0.05432038649917907,0.02,49,22,38
webis-touche2020,rr,30,0.02,uniform_nz,152,1153,380,1,0,0.0,0.03531958426906002,0.029930708497508486,0.05432038649917907,0.02,49,22,38
webis-touche2020,rr,30,0.02,weighted,152,1174,380,1,0,0.0,0.029930708497508486,0.029930708497508486,0.05432038649917907,0.02,49,22,38
webis-touche2020,rr,30,0.02,active_judge,152,1161,380,1,0,0.0,0.07104252357573157,0.029930708497508486,0.05432038649917907,0.02,49,22,38
webis-touche2020,rr,30,0.02,strat_pilot,152,1190,380,1,0,0.0,0.029561674610147765,0.029930708497508486,0.05432038649917907,0.02,49,22,38
webis-touche2020,rr,30,0.02,weighted_cv,152,1156,380,1,0,0.0,0.02681218411605237,0.029930708497508486,0.05432038649917907,0.02,49,22,38
webis-touche2020,rr,30,0.02,active_cv,152,1151,380,1,0,0.0,0.04740522456834643,0.029930708497508486,0.05432038649917907,0.02,49,22,38
webis-touche2020,rr,30,0.02,weighted_cvl,152,1179,380,1,0,0.0,0.026074673674648236,0.029930708497508486,0.05432038649917907,0.02,49,22,38
webis-touche2020,rr,30,0.02,uniform,153,1239,382,1,0,0.0,0.08011659487854116,0.059729522021515304,0.0390436751357804,0.02,49,22,38
webis-touche2020,rr,30,0.02,uniform_nz,153,1170,382,1,0,0.0,0.07275547352985492,0.059729522021515304,0.0390436751357804,0.02,49,22,38
webis-touche2020,rr,30,0.02,weighted,153,1157,382,1,0,0.0,0.059729522021515304,0.059729522021515304,0.0390436751357804,0.02,49,22,38
webis-touche2020,rr,30,0.02,active_judge,153,1146,382,1,0,0.0,0.13457020144836945,0.059729522021515304,0.0390436751357804,0.02,49,22,38
webis-touche2020,rr,30,0.02,strat_pilot,153,1156,382,1,0,0.0,0.06123719130604037,0.059729522021515304,0.0390436751357804,0.02,49,22,38
webis-touche2020,rr,30,0.02,weighted_cv,153,1137,382,1,0,0.0,0.04805934540610275,0.059729522021515304,0.0390436751357804,0.02,49,22,38
webis-touche2020,rr,30,0.02,active_cv,153,1138,382,1,0,0.0,0.09023930393603426,0.059729522021515304,0.0390436751357804,0.02,49,22,38
webis-touche2020,rr,30,0.02,weighted_cvl,153,1159,382,1,0,0.0,0.045715783015761416,0.059729522021515304,0.0390436751357804,0.02,49,22,38
webis-touche2020,rr,30,0.02,uniform,154,1192,373,1,0,0.0,0.08703660501504619,0.04305982423453826,0.07846961615133644,0.02,49,22,38
webis-touche2020,rr,30,0.02,uniform_nz,154,1165,373,1,0,0.0,0.0678908250811413,0.04305982423453826,0.07846961615133644,0.02,49,22,38
webis-touche2020,rr,30,0.02,weighted,154,1157,373,1,0,0.0,0.04305982423453826,0.04305982423453826,0.07846961615133644,0.02,49,22,38
webis-touche2020,rr,30,0.02,active_judge,154,1154,373,1,0,0.0,0.13587043311197314,0.04305982423453826,0.07846961615133644,0.02,49,22,38
webis-touche2020,rr,30,0.02,strat_pilot,154,1155,373,1,0,0.0,0.044391443593887914,0.04305982423453826,0.07846961615133644,0.02,49,22,38
webis-touche2020,rr,30,0.02,weighted_cv,154,1178,373,1,0,0.0,0.03659254340508876,0.04305982423453826,0.07846961615133644,0.02,49,22,38
webis-touche2020,rr,30,0.02,active_cv,154,1158,373,1,0,0.0,0.06273013946070803,0.04305982423453826,0.07846961615133644,0.02,49,22,38
webis-touche2020,rr,30,0.02,weighted_cvl,154,1167,373,1,0,0.0,0.03195337028401077,0.04305982423453826,0.07846961615133644,0.02,49,22,38
webis-touche2020,rr,30,0.02,uniform,155,1291,369,1,0,0.0,0.10845050868333816,0.062124354084915255,0.10019459934630212,0.02,49,24,38
webis-touche2020,rr,30,0.02,uniform_nz,155,1276,369,1,0,0.0,0.07518199773497544,0.062124354084915255,0.10019459934630212,0.02,49,24,38
webis-touche2020,rr,30,0.02,weighted,155,1282,369,1,0,0.0,0.062124354084915255,0.062124354084915255,0.10019459934630212,0.02,49,24,38
webis-touche2020,rr,30,0.02,active_judge,155,1258,369,1,0,0.0,0.13626078795790436,0.062124354084915255,0.10019459934630212,0.02,49,24,38
webis-touche2020,rr,30,0.02,strat_pilot,155,1281,369,1,0,0.0,0.06344362124683636,0.062124354084915255,0.10019459934630212,0.02,49,24,38
webis-touche2020,rr,30,0.02,weighted_cv,155,1286,369,1,0,0.0,0.05000186645339243,0.062124354084915255,0.10019459934630212,0.02,49,24,38
webis-touche2020,rr,30,0.02,active_cv,155,1258,369,1,0,0.0,0.12588297240822316,0.062124354084915255,0.10019459934630212,0.02,49,24,38
webis-touche2020,rr,30,0.02,weighted_cvl,155,1275,369,1,0,0.0,0.04960462914946528,0.062124354084915255,0.10019459934630212,0.02,49,24,38
webis-touche2020,rr,30,0.02,uniform,156,1236,381,1,0,0.0,0.061416291572359075,0.039281725294836735,0.03925124382554722,0.02,49,22,38
webis-touche2020,rr,30,0.02,uniform_nz,156,1172,381,1,0,0.0,0.048712704809228145,0.039281725294836735,0.03925124382554722,0.02,49,22,38
webis-touche2020,rr,30,0.02,weighted,156,1164,381,1,0,0.0,0.039281725294836735,0.039281725294836735,0.03925124382554722,0.02,49,22,38
webis-touche2020,rr,30,0.02,active_judge,156,1147,381,1,0,0.0,0.07543442654190763,0.039281725294836735,0.03925124382554722,0.02,49,22,38
webis-touche2020,rr,30,0.02,strat_pilot,156,1157,381,1,0,0.0,0.039551957779648435,0.039281725294836735,0.03925124382554722,0.02,49,22,38
webis-touche2020,rr,30,0.02,weighted_cv,156,1166,381,1,0,0.0,0.03676545225649687,0.039281725294836735,0.03925124382554722,0.02,49,22,38
webis-touche2020,rr,30,0.02,active_cv,156,1147,381,1,0,0.0,0.08401587042198769,0.039281725294836735,0.03925124382554722,0.02,49,22,38
webis-touche2020,rr,30,0.02,weighted_cvl,156,1145,381,1,0,0.0,0.034870328677913676,0.039281725294836735,0.03925124382554722,0.02,49,22,38
webis-touche2020,rr,30,0.02,uniform,157,1248,379,1,0,0.0,0.0887574874927308,0.06243105396226752,0.06516588783307047,0.02,49,22,38
webis-touche2020,rr,30,0.02,uniform_nz,157,1137,379,1,0,0.0,0.07403206241328805,0.06243105396226752,0.06516588783307047,0.02,49,22,38
webis-touche2020,rr,30,0.02,weighted,157,1148,379,1,0,0.0,0.06243105396226752,0.06243105396226752,0.06516588783307047,0.02,49,22,38
webis-touche2020,rr,30,0.02,active_judge,157,1148,379,1,0,0.0,0.14360515178704486,0.06243105396226752,0.06516588783307047,0.02,49,22,38
webis-touche2020,rr,30,0.02,strat_pilot,157,1158,379,1,0,0.0,0.06322042610301956,0.06243105396226752,0.06516588783307047,0.02,49,22,38
webis-touche2020,rr,30,0.02,weighted_cv,157,1146,379,1,0,0.0,0.057860192190450535,0.06243105396226752,0.06516588783307047,0.02,49,22,38
webis-touche2020,rr,30,0.02,active_cv,157,1131,379,1,0,0.0,0.12542099198706658,0.06243105396226752,0.06516588783307047,0.02,49,22,38
webis-touche2020,rr,30,0.02,weighted_cvl,157,1136,379,1,0,0.0,0.05282761448546981,0.06243105396226752,0.06516588783307047,0.02,49,22,38
webis-touche2020,rr,30,0.02,uniform,158,1196,372,1,0,0.0,0.24848892639086606,0.07122739793513011,0.0739127602130698,0.02,49,22,38
webis-touche2020,rr,30,0.02,uniform_nz,158,1159,372,1,0,0.0,0.1191635568366765,0.07122739793513011,0.0739127602130698,0.02,49,22,38
webis-touche2020,rr,30,0.02,weighted,158,1152,372,1,0,0.0,0.07122739793513011,0.07122739793513011,0.0739127602130698,0.02,49,22,38
webis-touche2020,rr,30,0.02,active_judge,158,1132,372,1,0,0.0,0.20427352125488185,0.07122739793513011,0.0739127602130698,0.02,49,22,38
webis-touche2020,rr,30,0.02,strat_pilot,158,1174,372,1,0,0.0,0.07254570608375302,0.07122739793513011,0.0739127602130698,0.02,49,22,38
webis-touche2020,rr,30,0.02,weighted_cv,158,1148,372,1,0,0.0,0.050729618474637014,0.07122739793513011,0.0739127602130698,0.02,49,22,38
webis-touche2020,rr,30,0.02,active_cv,158,1136,372,1,0,0.0,0.10108992880679993,0.07122739793513011,0.0739127602130698,0.02,49,22,38
webis-touche2020,rr,30,0.02,weighted_cvl,158,1158,372,1,0,0.0,0.049300823066070844,0.07122739793513011,0.0739127602130698,0.02,49,22,38
webis-touche2020,rr,30,0.02,uniform,159,1209,375,1,0,0.0,0.04981141029855596,0.029176556826722544,0.04277511509245255,0.02,49,22,38
webis-touche2020,rr,30,0.02,uniform_nz,159,1156,375,1,0,0.0,0.034921379675831456,0.029176556826722544,0.04277511509245255,0.02,49,22,38
webis-touche2020,rr,30,0.02,weighted,159,1137,375,1,0,0.0,0.029176556826722544,0.029176556826722544,0.04277511509245255,0.02,49,22,38
webis-touche2020,rr,30,0.02,active_judge,159,1147,375,1,0,0.0,0.06497864005306453,0.029176556826722544,0.04277511509245255,0.02,49,22,38
webis-touche2020,rr,30,0.02,strat_pilot,159,1162,375,1,0,0.0,0.029292681933933168,0.029176556826722544,0.04277511509245255,0.02,49,22,38
webis-touche2020,rr,30,0.02,weighted_cv,159,1163,375,1,0,0.0,0.025948479537113302,0.029176556826722544,0.04277511509245255,0.02,49,22,38
webis-touche2020,rr,30,0.02,active_cv,159,1158,375,1,0,0.0,0.05425070154485549,0.029176556826722544,0.04277511509245255,0.02,49,22,38
webis-touche2020,rr,30,0.02,weighted_cvl,159,1142,375,1,0,0.0,0.023825398556580307,0.029176556826722544,0.04277511509245255,0.02,49,22,38
webis-touche2020,rr,30,0.02,uniform,160,1223,374,1,0,0.0,0.10618716146889806,0.052717260895445164,0.05594848194461198,0.02,49,22,38
webis-touche2020,rr,30,0.02,uniform_nz,160,1154,374,1,0,0.0,0.08168206322912921,0.052717260895445164,0.05594848194461198,0.02,49,22,38
webis-touche2020,rr,30,0.02,weighted,160,1163,374,1,0,0.0,0.052717260895445164,0.052717260895445164,0.05594848194461198,0.02,49,22,38
webis-touche2020,rr,30,0.02,active_judge,160,1140,374,1,0,0.0,0.14931437141238318,0.052717260895445164,0.05594848194461198,0.02,49,22,38
webis-touche2020,rr,30,0.02,strat_pilot,160,1163,374,1,0,0.0,0.0529308627438944,0.052717260895445164,0.05594848194461198,0.02,49,22,38
webis-touche2020,rr,30,0.02,weighted_cv,160,1154,374,1,0,0.0,0.04739097276215955,0.052717260895445164,0.05594848194461198,0.02,49,22,38
webis-touche2020,rr,30,0.02,active_cv,160,1154,374,1,0,0.0,0.1417282818132877,0.052717260895445164,0.05594848194461198,0.02,49,22,38
webis-touche2020,rr,30,0.02,weighted_cvl,160,1157,374,1,0,0.0,0.04204954977270417,0.052717260895445164,0.05594848194461198,0.02,49,22,38
webis-touche2020,rr,30,0.02,uniform,161,1207,389,1,0,0.002166509691783003,0.23729634294814933,0.0508657202159158,0.020167748917748914,0.017833490308216998,49,21,38
webis-touche2020,rr,30,0.02,uniform_nz,161,1100,389,1,0,0.002166509691783003,0.09192441345651847,0.0508657202159158,0.020167748917748914,0.017833490308216998,49,21,38
webis-touche2020,rr,30,0.02,weighted,161,1107,389,1,0,0.002166509691783003,0.0508657202159158,0.0508657202159158,0.020167748917748914,0.017833490308216998,49,21,38
webis-touche2020,rr,30,0.02,active_judge,161,1113,389,1,0,0.002166509691783003,0.17291397632306116,0.0508657202159158,0.020167748917748914,0.017833490308216998,49,21,38
webis-touche2020,rr,30,0.02,strat_pilot,161,1119,389,1,0,0.002166509691783003,0.04973564105718732,0.0508657202159158,0.020167748917748914,0.017833490308216998,49,21,38
webis-touche2020,rr,30,0.02,weighted_cv,161,1103,389,1,0,0.002166509691783003,0.03390053641730063,0.0508657202159158,0.020167748917748914,0.017833490308216998,49,21,38
webis-touche2020,rr,30,0.02,active_cv,161,1096,389,1,0,0.002166509691783003,0.05628185376367319,0.0508657202159158,0.020167748917748914,0.017833490308216998,49,21,38
webis-touche2020,rr,30,0.02,weighted_cvl,161,1109,389,1,0,0.002166509691783003,0.032812613075977146,0.0508657202159158,0.020167748917748914,0.017833490308216998,49,21,38
webis-touche2020,rr,30,0.02,uniform,162,1220,379,1,0,0.0,0.10757758765814054,0.06633561286121668,0.04549991660672774,0.02,49,22,38
webis-touche2020,rr,30,0.02,uniform_nz,162,1168,379,1,0,0.0,0.07678598348359252,0.06633561286121668,0.04549991660672774,0.02,49,22,38
webis-touche2020,rr,30,0.02,weighted,162,1165,379,1,0,0.0,0.06633561286121668,0.06633561286121668,0.04549991660672774,0.02,49,22,38
webis-touche2020,rr,30,0.02,active_judge,162,1151,379,1,0,0.0,0.16871602184061268,0.06633561286121668,0.04549991660672774,0.02,49,22,38
webis-touche2020,rr,30,0.02,strat_pilot,162,1163,379,1,0,0.0,0.06623298089733613,0.06633561286121668,0.04549991660672774,0.02,49,22,38
webis-touche2020,rr,30,0.02,weighted_cv,162,1158,379,1,0,0.0,0.06667485796324456,0.06633561286121668,0.04549991660672774,0.02,49,22,38
webis-touche2020,rr,30,0.02,active_cv,162,1141,379,1,0,0.0,0.2041642756467382,0.06633561286121668,0.04549991660672774,0.02,49,22,38
webis-touche2020,rr,30,0.02,weighted_cvl,162,1161,379,1,0,0.0,0.053382916814332534,0.06633561286121668,0.04549991660672774,0.02,49,22,38
webis-touche2020,rr,30,0.02,uniform,163,1131,376,1,0,0.0005121085011461357,0.07508117770079875,0.03701454312582937,0.026136934960464375,0.019487891498853865,49,21,37
webis-touche2020,rr,30,0.02,uniform_nz,163,1108,376,1,0,0.0005121085011461357,0.05014992962560183,0.03701454312582937,0.026136934960464375,0.019487891498853865,49,21,37
webis-touche2020,rr,30,0.02,weighted,163,1103,376,1,0,0.0005121085011461357,0.03701454312582937,0.03701454312582937,0.026136934960464375,0.019487891498853865,49,21,37
webis-touche2020,rr,30,0.02,active_judge,163,1065,376,1,0,0.0005121085011461357,0.08915834312237715,0.03701454312582937,0.026136934960464375,0.019487891498853865,49,21,37
webis-touche2020,rr,30,0.02,strat_pilot,163,1078,376,1,0,0.0005121085011461357,0.03457158894151667,0.03701454312582937,0.026136934960464375,0.019487891498853865,49,21,37
webis-touche2020,rr,30,0.02,weighted_cv,163,1105,376,1,0,0.0005121085011461357,0.028835442475354457,0.03701454312582937,0.026136934960464375,0.019487891498853865,49,21,37
webis-touche2020,rr,30,0.02,active_cv,163,1077,376,1,0,0.0005121085011461357,0.04891933465091789,0.03701454312582937,0.026136934960464375,0.019487891498853865,49,21,37
webis-touche2020,rr,30,0.02,weighted_cvl,163,1080,376,1,0,0.0005121085011461357,0.02759358300194692,0.03701454312582937,0.026136934960464375,0.019487891498853865,49,21,37
webis-touche2020,rr,30,0.02,uniform,164,1169,386,1,0,0.000346325518657542,0.052050022118917696,0.03643995284218356,0.023986838325073628,0.01965367448134246,49,21,38
webis-touche2020,rr,30,0.02,uniform_nz,164,1108,386,1,0,0.000346325518657542,0.04424427196893584,0.03643995284218356,0.023986838325073628,0.01965367448134246,49,21,38
webis-touche2020,rr,30,0.02,weighted,164,1116,386,1,0,0.000346325518657542,0.03643995284218356,0.03643995284218356,0.023986838325073628,0.01965367448134246,49,21,38
webis-touche2020,rr,30,0.02,active_judge,164,1086,386,1,0,0.000346325518657542,0.05969361611784592,0.03643995284218356,0.023986838325073628,0.01965367448134246,49,21,38
webis-touche2020,rr,30,0.02,strat_pilot,164,1094,386,1,0,0.000346325518657542,0.03622732074644315,0.03643995284218356,0.023986838325073628,0.01965367448134246,49,21,38
webis-touche2020,rr,30,0.02,weighted_cv,164,1118,386,1,0,0.000346325518657542,0.03109346887695046,0.03643995284218356,0.023986838325073628,0.01965367448134246,49,21,38
webis-touche2020,rr,30,0.02,active_cv,164,1100,386,1,0,0.000346325518657542,0.0514539424006199,0.03643995284218356,0.023986838325073628,0.01965367448134246,49,21,38
webis-touche2020,rr,30,0.02,weighted_cvl,164,1089,386,1,0,0.000346325518657542,0.030013276840646853,0.03643995284218356,0.023986838325073628,0.01965367448134246,49,21,38
webis-touche2020,rr,30,0.02,uniform,165,1224,380,1,0,0.0,0.10217622814237222,0.06135065429186311,0.07757795558414754,0.02,49,22,38
webis-touche2020,rr,30,0.02,uniform_nz,165,1173,380,1,0,0.0,0.07664245633382863,0.06135065429186311,0.07757795558414754,0.02,49,22,38
webis-touche2020,rr,30,0.02,weighted,165,1160,380,1,0,0.0,0.06135065429186311,0.06135065429186311,0.07757795558414754,0.02,49,22,38
webis-touche2020,rr,30,0.02,active_judge,165,1127,380,1,0,0.0,0.1329580328618581,0.06135065429186311,0.07757795558414754,0.02,49,22,38
webis-touche2020,rr,30,0.02,strat_pilot,165,1176,380,1,0,0.0,0.060970695517849574,0.06135065429186311,0.07757795558414754,0.02,49,22,38
webis-touche2020,rr,30,0.02,weighted_cv,165,1169,380,1,0,0.0,0.050644900633745826,0.06135065429186311,0.07757795558414754,0.02,49,22,38
webis-touche2020,rr,30,0.02,active_cv,165,1144,380,1,0,0.0,0.08658127725648988,0.06135065429186311,0.07757795558414754,0.02,49,22,38
webis-touche2020,rr,30,0.02,weighted_cvl,165,1168,380,1,0,0.0,0.04853112546858322,0.06135065429186311,0.07757795558414754,0.02,49,22,38
webis-touche2020,rr,30,0.02,uniform,166,1171,378,1,0,0.0,0.23943654694908414,0.06405619981784019,0.08166169557423428,0.02,49,22,38
webis-touche2020,rr,30,0.02,uniform_nz,166,1169,378,1,0,0.0,0.11813647570124945,0.06405619981784019,0.08166169557423428,0.02,49,22,38
webis-touche2020,rr,30,0.02,weighted,166,1153,378,1,0,0.0,0.06405619981784019,0.06405619981784019,0.08166169557423428,0.02,49,22,38
webis-touche2020,rr,30,0.02,active_judge,166,1164,378,1,0,0.0,0.21589959788095703,0.06405619981784019,0.08166169557423428,0.02,49,22,38
webis-touche2020,rr,30,0.02,strat_pilot,166,1154,378,1,0,0.0,0.06507026006904426,0.06405619981784019,0.08166169557423428,0.02,49,22,38
webis-touche2020,rr,30,0.02,weighted_cv,166,1168,378,1,0,0.0,0.04642710910610397,0.06405619981784019,0.08166169557423428,0.02,49,22,38
webis-touche2020,rr,30,0.02,active_cv,166,1147,378,1,0,0.0,0.08019029728641504,0.06405619981784019,0.08166169557423428,0.02,49,22,38
webis-touche2020,rr,30,0.02,weighted_cvl,166,1189,378,1,0,0.0,0.043556323748498264,0.06405619981784019,0.08166169557423428,0.02,49,22,38
webis-touche2020,rr,30,0.02,uniform,167,1193,366,1,0,0.0,0.25006264122876193,0.07830198089142831,0.07586554544526683,0.02,49,22,38
webis-touche2020,rr,30,0.02,uniform_nz,167,1143,366,1,0,0.0,0.12901950219678365,0.07830198089142831,0.07586554544526683,0.02,49,22,38
webis-touche2020,rr,30,0.02,weighted,167,1168,366,1,0,0.0,0.07830198089142831,0.07830198089142831,0.07586554544526683,0.02,49,22,38
webis-touche2020,rr,30,0.02,active_judge,167,1138,366,1,0,0.0,0.229872100264667,0.07830198089142831,0.07586554544526683,0.02,49,22,38
webis-touche2020,rr,30,0.02,strat_pilot,167,1154,366,1,0,0.0,0.08039192816119874,0.07830198089142831,0.07586554544526683,0.02,49,22,38
webis-touche2020,rr,30,0.02,weighted_cv,167,1169,366,1,0,0.0,0.05690780792302772,0.07830198089142831,0.07586554544526683,0.02,49,22,38
webis-touche2020,rr,30,0.02,active_cv,167,1141,366,1,0,0.0,0.12430025755274984,0.07830198089142831,0.07586554544526683,0.02,49,22,38
webis-touche2020,rr,30,0.02,weighted_cvl,167,1146,366,1,0,0.0,0.05715113765887404,0.07830198089142831,0.07586554544526683,0.02,49,22,38
webis-touche2020,rr,30,0.02,uniform,168,1182,377,1,0,0.0,0.10329043151861632,0.05334230145362471,0.03620561779943929,0.02,49,22,38
webis-touche2020,rr,30,0.02,uniform_nz,168,1162,377,1,0,0.0,0.06517075633894029,0.05334230145362471,0.03620561779943929,0.02,49,22,38
webis-touche2020,rr,30,0.02,weighted,168,1170,377,1,0,0.0,0.05334230145362471,0.05334230145362471,0.03620561779943929,0.02,49,22,38
webis-touche2020,rr,30,0.02,active_judge,168,1154,377,1,0,0.0,0.13863634223440757,0.05334230145362471,0.03620561779943929,0.02,49,22,38
webis-touche2020,rr,30,0.02,strat_pilot,168,1147,377,1,0,0.0,0.05414258822736816,0.05334230145362471,0.03620561779943929,0.02,49,22,38
webis-touche2020,rr,30,0.02,weighted_cv,168,1151,377,1,0,0.0,0.043576931610132694,0.05334230145362471,0.03620561779943929,0.02,49,22,38
webis-touche2020,rr,30,0.02,active_cv,168,1152,377,1,0,0.0,0.10146961534231214,0.05334230145362471,0.03620561779943929,0.02,49,22,38
webis-touche2020,rr,30,0.02,weighted_cvl,168,1161,377,1,0,0.0,0.038845240547067,0.05334230145362471,0.03620561779943929,0.02,49,22,38
webis-touche2020,rr,30,0.02,uniform,169,1228,370,1,0,0.0,0.1116960077023768,0.06299768016377111,0.05677136588901295,0.02,49,22,38
webis-touche2020,rr,30,0.02,uniform_nz,169,1144,370,1,0,0.0,0.07914770549985548,0.06299768016377111,0.05677136588901295,0.02,49,22,38
webis-touche2020,rr,30,0.02,weighted,169,1155,370,1,0,0.0,0.06299768016377111,0.06299768016377111,0.05677136588901295,0.02,49,22,38
webis-touche2020,rr,30,0.02,active_judge,169,1121,370,1,0,0.0,0.1543134560237928,0.06299768016377111,0.05677136588901295,0.02,49,22,38
webis-touche2020,rr,30,0.02,strat_pilot,169,1152,370,1,0,0.0,0.06357491619111372,0.06299768016377111,0.05677136588901295,0.02,49,22,38
webis-touche2020,rr,30,0.02,weighted_cv,169,1156,370,1,0,0.0,0.058799797093193475,0.06299768016377111,0.05677136588901295,0.02,49,22,38
webis-touche2020,rr,30,0.02,active_cv,169,1130,370,1,0,0.0,0.1648337240071652,0.06299768016377111,0.05677136588901295,0.02,49,22,38
webis-touche2020,rr,30,0.02,weighted_cvl,169,1150,370,1,0,0.0,0.05513985324557104,0.06299768016377111,0.05677136588901295,0.02,49,22,38
webis-touche2020,rr,30,0.02,uniform,170,1295,373,1,0,0.0,0.08494973377507375,0.06205297226172061,0.08252054182178363,0.02,49,24,38
webis-touche2020,rr,30,0.02,uniform_nz,170,1248,373,1,0,0.0,0.06593365642947381,0.06205297226172061,0.08252054182178363,0.02,49,24,38
webis-touche2020,rr,30,0.02,weighted,170,1271,373,1,0,0.0,0.06205297226172061,0.06205297226172061,0.08252054182178363,0.02,49,24,38
webis-touche2020,rr,30,0.02,active_judge,170,1261,373,1,0,0.0,0.14549326695714934,0.06205297226172061,0.08252054182178363,0.02,49,24,38
webis-touche2020,rr,30,0.02,strat_pilot,170,1262,373,1,0,0.0,0.06249431620935558,0.06205297226172061,0.08252054182178363,0.02,49,24,38
webis-touche2020,rr,30,0.02,weighted_cv,170,1246,373,1,0,0.0,0.05387478892196964,0.06205297226172061,0.08252054182178363,0.02,49,24,38
webis-touche2020,rr,30,0.02,active_cv,170,1246,373,1,0,0.0,0.11619141197915854,0.06205297226172061,0.08252054182178363,0.02,49,24,38
webis-touche2020,rr,30,0.02,weighted_cvl,170,1285,373,1,0,0.0,0.051732213519308456,0.06205297226172061,0.08252054182178363,0.02,49,24,38
webis-touche2020,rr,30,0.02,uniform,171,1176,383,1,0,0.0,0.07277841160977458,0.03173909090454501,0.03267288267288267,0.02,49,21,38
webis-touche2020,rr,30,0.02,uniform_nz,171,1129,383,1,0,0.0,0.0512167925215973,0.03173909090454501,0.03267288267288267,0.02,49,21,38
webis-touche2020,rr,30,0.02,weighted,171,1145,383,1,0,0.0,0.03173909090454501,0.03173909090454501,0.03267288267288267,0.02,49,21,38
webis-touche2020,rr,30,0.02,active_judge,171,1134,383,1,0,0.0,0.10545828472666455,0.03173909090454501,0.03267288267288267,0.02,49,21,38
webis-touche2020,rr,30,0.02,strat_pilot,171,1108,383,1,0,0.0,0.030980146000077702,0.03173909090454501,0.03267288267288267,0.02,49,21,38
webis-touche2020,rr,30,0.02,weighted_cv,171,1122,383,1,0,0.0,0.023460731374781614,0.03173909090454501,0.03267288267288267,0.02,49,21,38
webis-touche2020,rr,30,0.02,active_cv,171,1118,383,1,0,0.0,0.03903892155077915,0.03173909090454501,0.03267288267288267,0.02,49,21,38
webis-touche2020,rr,30,0.02,weighted_cvl,171,1111,383,1,0,0.0,0.021701010877492766,0.03173909090454501,0.03267288267288267,0.02,49,21,38
webis-touche2020,rr,30,0.02,uniform,172,1305,384,1,0,0.0,0.12580534498170776,0.07527857264465948,0.12936037234179648,0.02,49,24,38
webis-touche2020,rr,30,0.02,uniform_nz,172,1288,384,1,0,0.0,0.08602806265328523,0.07527857264465948,0.12936037234179648,0.02,49,24,38
webis-touche2020,rr,30,0.02,weighted,172,1293,384,1,0,0.0,0.07527857264465948,0.07527857264465948,0.12936037234179648,0.02,49,24,38
webis-touche2020,rr,30,0.02,active_judge,172,1291,384,1,0,0.0,0.15952954602093622,0.07527857264465948,0.12936037234179648,0.02,49,24,38
webis-touche2020,rr,30,0.02,strat_pilot,172,1276,384,1,0,0.0,0.07798234557049348,0.07527857264465948,0.12936037234179648,0.02,49,24,38
webis-touche2020,rr,30,0.02,weighted_cv,172,1275,384,1,0,0.0,0.06148673354081367,0.07527857264465948,0.12936037234179648,0.02,49,24,38
webis-touche2020,rr,30,0.02,active_cv,172,1255,384,1,0,0.0,0.10407156999747806,0.07527857264465948,0.12936037234179648,0.02,49,24,38
webis-touche2020,rr,30,0.02,weighted_cvl,172,1277,384,1,0,0.0,0.05814951931938837,0.07527857264465948,0.12936037234179648,0.02,49,24,38
webis-touche2020,rr,30,0.02,uniform,173,1199,385,1,0,0.0,0.06722214589573383,0.0508221348363553,0.0620119140691896,0.02,49,22,38
webis-touche2020,rr,30,0.02,uniform_nz,173,1152,385,1,0,0.0,0.0603498967496028,0.0508221348363553,0.0620119140691896,0.02,49,22,38
webis-touche2020,rr,30,0.02,weighted,173,1162,385,1,0,0.0,0.0508221348363553,0.0508221348363553,0.0620119140691896,0.02,49,22,38
webis-touche2020,rr,30,0.02,active_judge,173,1153,385,1,0,0.0,0.0976490511322939,0.0508221348363553,0.0620119140691896,0.02,49,22,38
webis-touche2020,rr,30,0.02,strat_pilot,173,1156,385,1,0,0.0,0.051590617532035365,0.0508221348363553,0.0620119140691896,0.02,49,22,38
webis-touche2020,rr,30,0.02,weighted_cv,173,1154,385,1,0,0.0,0.04479803875831578,0.0508221348363553,0.0620119140691896,0.02,49,22,38
webis-touche2020,rr,30,0.02,active_cv,173,1133,385,1,0,0.0,0.09900548164188172,0.0508221348363553,0.0620119140691896,0.02,49,22,38
webis-touche2020,rr,30,0.02,weighted_cvl,173,1177,385,1,0,0.0,0.04183597066635637,0.0508221348363553,0.0620119140691896,0.02,49,22,38
webis-touche2020,rr,30,0.02,uniform,174,1173,367,1,0,0.0,0.07257931697016387,0.031626406059187984,0.04972687643491249,0.02,49,22,38
webis-touche2020,rr,30,0.02,uniform_nz,174,1199,367,1,0,0.0,0.043406911061306466,0.031626406059187984,0.04972687643491249,0.02,49,22,38
webis-touche2020,rr,30,0.02,weighted,174,1162,367,1,0,0.0,0.031626406059187984,0.031626406059187984,0.04972687643491249,0.02,49,22,38
webis-touche2020,rr,30,0.02,active_judge,174,1148,367,1,0,0.0,0.07588394768518811,0.031626406059187984,0.04972687643491249,0.02,49,22,38
webis-touche2020,rr,30,0.02,strat_pilot,174,1156,367,1,0,0.0,0.033553465852866775,0.031626406059187984,0.04972687643491249,0.02,49,22,38
webis-touche2020,rr,30,0.02,weighted_cv,174,1176,367,1,0,0.0,0.0242011068603621,0.031626406059187984,0.04972687643491249,0.02,49,22,38
webis-touche2020,rr,30,0.02,active_cv,174,1150,367,1,0,0.0,0.0442018637963603,0.031626406059187984,0.04972687643491249,0.02,49,22,38
webis-touche2020,rr,30,0.02,weighted_cvl,174,1165,367,1,0,0.0,0.022091969021144707,0.031626406059187984,0.04972687643491249,0.02,49,22,38
webis-touche2020,rr,30,0.02,uniform,175,1194,379,1,0,0.0,0.10615458450289224,0.05842069168687203,0.05640082976305888,0.02,49,22,38
webis-touche2020,rr,30,0.02,uniform_nz,175,1164,379,1,0,0.0,0.09061738231375326,0.05842069168687203,0.05640082976305888,0.02,49,22,38
webis-touche2020,rr,30,0.02,weighted,175,1167,379,1,0,0.0,0.05842069168687203,0.05842069168687203,0.05640082976305888,0.02,49,22,38
webis-touche2020,rr,30,0.02,active_judge,175,1144,379,1,0,0.0,0.16846460062195864,0.05842069168687203,0.05640082976305888,0.02,49,22,38
webis-touche2020,rr,30,0.02,strat_pilot,175,1155,379,1,0,0.0,0.06032216144242093,0.05842069168687203,0.05640082976305888,0.02,49,22,38
webis-touche2020,rr,30,0.02,weighted_cv,175,1157,379,1,0,0.0,0.04895633113453224,0.05842069168687203,0.05640082976305888,0.02,49,22,38
webis-touche2020,rr,30,0.02,active_cv,175,1140,379,1,0,0.0,0.10098842306604565,0.05842069168687203,0.05640082976305888,0.02,49,22,38
webis-touche2020,rr,30,0.02,weighted_cvl,175,1160,379,1,0,0.0,0.04503150772764035,0.05842069168687203,0.05640082976305888,0.02,49,22,38
webis-touche2020,rr,30,0.02,uniform,176,1222,379,1,0,0.0,0.08672529061204368,0.0612563894228928,0.0473538842764849,0.02,49,22,38
webis-touche2020,rr,30,0.02,uniform_nz,176,1162,379,1,0,0.0,0.07012951600296405,0.0612563894228928,0.0473538842764849,0.02,49,22,38
webis-touche2020,rr,30,0.02,weighted,176,1166,379,1,0,0.0,0.0612563894228928,0.0612563894228928,0.0473538842764849,0.02,49,22,38
webis-touche2020,rr,30,0.02,active_judge,176,1148,379,1,0,0.0,0.14703390335544686,0.0612563894228928,0.0473538842764849,0.02,49,22,38
webis-touche2020,rr,30,0.02,strat_pilot,176,1127,379,1,0,0.0,0.060837540708836325,0.0612563894228928,0.0473538842764849,0.02,49,22,38
webis-touche2020,rr,30,0.02,weighted_cv,176,1162,379,1,0,0.0,0.058015876512859055,0.0612563894228928,0.0473538842764849,0.02,49,22,38
webis-touche2020,rr,30,0.02,active_cv,176,1141,379,1,0,0.0,0.12433485983211949,0.0612563894228928,0.0473538842764849,0.02,49,22,38
webis-touche2020,rr,30,0.02,weighted_cvl,176,1162,379,1,0,0.0,0.05574197818365153,0.0612563894228928,0.0473538842764849,0.02,49,22,38
webis-touche2020,rr,30,0.02,uniform,177,1094,375,1,0,0.0,0.10826836050732631,0.05901306311293183,0.038445071010860477,0.02,49,21,37
webis-touche2020,rr,30,0.02,uniform_nz,177,1065,375,1,0,0.0,0.09600429297924913,0.05901306311293183,0.038445071010860477,0.02,49,21,37
webis-touche2020,rr,30,0.02,weighted,177,1063,375,1,0,0.0,0.05901306311293183,0.05901306311293183,0.038445071010860477,0.02,49,21,37
webis-touche2020,rr,30,0.02,active_judge,177,1040,375,1,0,0.0,0.14348848323123242,0.05901306311293183,0.038445071010860477,0.02,49,21,37
webis-touche2020,rr,30,0.02,strat_pilot,177,1046,375,1,0,0.0,0.05816825140660796,0.05901306311293183,0.038445071010860477,0.02,49,21,37
webis-touche2020,rr,30,0.02,weighted_cv,177,1051,375,1,0,0.0,0.05267171368085274,0.05901306311293183,0.038445071010860477,0.02,49,21,37
webis-touche2020,rr,30,0.02,active_cv,177,1042,375,1,0,0.0,0.10759186441278401,0.05901306311293183,0.038445071010860477,0.02,49,21,37
webis-touche2020,rr,30,0.02,weighted_cvl,177,1072,375,1,0,0.0,0.04628067197650847,0.05901306311293183,0.038445071010860477,0.02,49,21,37
webis-touche2020,rr,30,0.02,uniform,178,1140,376,0,0,0.0005983664650818232,0.2130291722554251,0.04038802485941595,0.02807950219714926,0.019401633534918177,49,21,38
webis-touche2020,rr,30,0.02,uniform_nz,178,1146,376,1,0,0.0005983664650818232,0.06484999348617679,0.04038802485941595,0.02807950219714926,0.019401633534918177,49,21,38
webis-touche2020,rr,30,0.02,weighted,178,1111,376,1,0,0.0005983664650818232,0.04038802485941595,0.04038802485941595,0.02807950219714926,0.019401633534918177,49,21,38
webis-touche2020,rr,30,0.02,active_judge,178,1121,376,1,0,0.0005983664650818232,0.11387816068169261,0.04038802485941595,0.02807950219714926,0.019401633534918177,49,21,38
webis-touche2020,rr,30,0.02,strat_pilot,178,1113,376,1,0,0.0005983664650818232,0.04091618905108512,0.04038802485941595,0.02807950219714926,0.019401633534918177,49,21,38
webis-touche2020,rr,30,0.02,weighted_cv,178,1119,376,1,0,0.0005983664650818232,0.02710301466314985,0.04038802485941595,0.02807950219714926,0.019401633534918177,49,21,38
webis-touche2020,rr,30,0.02,active_cv,178,1102,376,1,0,0.0005983664650818232,0.042409787544087044,0.04038802485941595,0.02807950219714926,0.019401633534918177,49,21,38
webis-touche2020,rr,30,0.02,weighted_cvl,178,1131,376,1,0,0.0005983664650818232,0.026115499471270526,0.04038802485941595,0.02807950219714926,0.019401633534918177,49,21,38
webis-touche2020,rr,30,0.02,uniform,179,1279,381,1,0,0.0,0.10101292645506357,0.05425655132035383,0.09940583317013524,0.02,49,24,38
webis-touche2020,rr,30,0.02,uniform_nz,179,1270,381,1,0,0.0,0.066736718289482,0.05425655132035383,0.09940583317013524,0.02,49,24,38
webis-touche2020,rr,30,0.02,weighted,179,1290,381,1,0,0.0,0.05425655132035383,0.05425655132035383,0.09940583317013524,0.02,49,24,38
webis-touche2020,rr,30,0.02,active_judge,179,1269,381,1,0,0.0,0.10221938005654349,0.05425655132035383,0.09940583317013524,0.02,49,24,38
webis-touche2020,rr,30,0.02,strat_pilot,179,1296,381,1,0,0.0,0.0550235946113294,0.05425655132035383,0.09940583317013524,0.02,49,24,38
webis-touche2020,rr,30,0.02,weighted_cv,179,1287,381,1,0,0.0,0.04589939147471921,0.05425655132035383,0.09940583317013524,0.02,49,24,38
webis-touche2020,rr,30,0.02,active_cv,179,1281,381,1,0,0.0,0.08537769860361813,0.05425655132035383,0.09940583317013524,0.02,49,24,38
webis-touche2020,rr,30,0.02,weighted_cvl,179,1290,381,1,0,0.0,0.040736851930115385,0.05425655132035383,0.09940583317013524,0.02,49,24,38
webis-touche2020,rr,30,0.02,uniform,180,1171,370,0,0,0.001352794601199081,0.0687671010665711,0.036849892027012596,0.024552669552669572,0.01864720539880092,49,21,37
webis-touche2020,rr,30,0.02,uniform_nz,180,1055,370,1,0,0.001352794601199081,0.05873657492737019,0.036849892027012596,0.024552669552669572,0.01864720539880092,49,21,37
webis-touche2020,rr,30,0.02,weighted,180,1050,370,1,0,0.001352794601199081,0.036849892027012596,0.036849892027012596,0.024552669552669572,0.01864720539880092,49,21,37
webis-touche2020,rr,30,0.02,active_judge,180,1046,370,1,0,0.001352794601199081,0.10739960380164633,0.036849892027012596,0.024552669552669572,0.01864720539880092,49,21,37
webis-touche2020,rr,30,0.02,strat_pilot,180,1049,370,1,0,0.001352794601199081,0.035915422712990246,0.036849892027012596,0.024552669552669572,0.01864720539880092,49,21,37
webis-touche2020,rr,30,0.02,weighted_cv,180,1079,370,1,0,0.001352794601199081,0.028078698444336088,0.036849892027012596,0.024552669552669572,0.01864720539880092,49,21,37
webis-touche2020,rr,30,0.02,active_cv,180,1052,370,1,0,0.001352794601199081,0.045807548822377975,0.036849892027012596,0.024552669552669572,0.01864720539880092,49,21,37
webis-touche2020,rr,30,0.02,weighted_cvl,180,1046,370,1,0,0.001352794601199081,0.02549237755615309,0.036849892027012596,0.024552669552669572,0.01864720539880092,49,21,37
webis-touche2020,rr,30,0.02,uniform,181,1183,382,1,0,0.0,0.07828538786130251,0.04115618333979801,0.028038766788766795,0.02,49,21,38
webis-touche2020,rr,30,0.02,uniform_nz,181,1080,382,1,0,0.0,0.06362198757637819,0.04115618333979801,0.028038766788766795,0.02,49,21,38
webis-touche2020,rr,30,0.02,weighted,181,1105,382,1,0,0.0,0.04115618333979801,0.04115618333979801,0.028038766788766795,0.02,49,21,38
webis-touche2020,rr,30,0.02,active_judge,181,1102,382,1,0,0.0,0.10128939451089117,0.04115618333979801,0.028038766788766795,0.02,49,21,38
webis-touche2020,rr,30,0.02,strat_pilot,181,1107,382,1,0,0.0,0.040907829720029314,0.04115618333979801,0.028038766788766795,0.02,49,21,38
webis-touche2020,rr,30,0.02,weighted_cv,181,1115,382,1,0,0.0,0.03196985533791313,0.04115618333979801,0.028038766788766795,0.02,49,21,38
webis-touche2020,rr,30,0.02,active_cv,181,1114,382,1,0,0.0,0.05283147041426267,0.04115618333979801,0.028038766788766795,0.02,49,21,38
webis-touche2020,rr,30,0.02,weighted_cvl,181,1092,382,1,0,0.0,0.02933393094169661,0.04115618333979801,0.028038766788766795,0.02,49,21,38
webis-touche2020,rr,30,0.02,uniform,182,1183,373,1,0,0.0,0.05706844874783927,0.029792972207877872,0.022447239722781537,0.02,49,21,38
webis-touche2020,rr,30,0.02,uniform_nz,182,1113,373,1,0,0.0,0.036097230149382695,0.029792972207877872,0.022447239722781537,0.02,49,21,38
webis-touche2020,rr,30,0.02,weighted,182,1125,373,1,0,0.0,0.029792972207877872,0.029792972207877872,0.022447239722781537,0.02,49,21,38
webis-touche2020,rr,30,0.02,active_judge,182,1087,373,1,0,0.0,0.06499488563433932,0.029792972207877872,0.022447239722781537,0.02,49,21,38
webis-touche2020,rr,30,0.02,strat_pilot,182,1094,373,1,0,0.0,0.029314172000169787,0.029792972207877872,0.022447239722781537,0.02,49,21,38
webis-touche2020,rr,30,0.02,weighted_cv,182,1080,373,1,0,0.0,0.02512383141570037,0.029792972207877872,0.022447239722781537,0.02,49,21,38
webis-touche2020,rr,30,0.02,active_cv,182,1107,373,1,0,0.0,0.04182293506512573,0.029792972207877872,0.022447239722781537,0.02,49,21,38
webis-touche2020,rr,30,0.02,weighted_cvl,182,1116,373,1,0,0.0,0.022803131507112388,0.029792972207877872,0.022447239722781537,0.02,49,21,38
webis-touche2020,rr,30,0.02,uniform,183,1293,386,1,0,0.0,0.09792866719963819,0.06153431984616929,0.09626255900364124,0.02,49,24,38
webis-touche2020,rr,30,0.02,uniform_nz,183,1317,386,1,0,0.0,0.07676447877280315,0.06153431984616929,0.09626255900364124,0.02,49,24,38
webis-touche2020,rr,30,0.02,weighted,183,1306,386,1,0,0.0,0.06153431984616929,0.06153431984616929,0.09626255900364124,0.02,49,24,38
webis-touche2020,rr,30,0.02,active_judge,183,1271,386,1,0,0.0,0.1318210337290759,0.06153431984616929,0.09626255900364124,0.02,49,24,38
webis-touche2020,rr,30,0.02,strat_pilot,183,1286,386,1,0,0.0,0.061704052764511894,0.06153431984616929,0.09626255900364124,0.02,49,24,38
webis-touche2020,rr,30,0.02,weighted_cv,183,1298,386,1,0,0.0,0.05467054647049495,0.06153431984616929,0.09626255900364124,0.02,49,24,38
webis-touche2020,rr,30,0.02,active_cv,183,1270,386,1,0,0.0,0.1351503859409813,0.06153431984616929,0.09626255900364124,0.02,49,24,38
webis-touche2020,rr,30,0.02,weighted_cvl,183,1283,386,1,0,0.0,0.05517752718589625,0.06153431984616929,0.09626255900364124,0.02,49,24,38
webis-touche2020,rr,30,0.02,uniform,184,1182,370,1,0,0.0,0.08566746688573366,0.03813600414414604,0.030233263468557592,0.02,49,21,38
webis-touche2020,rr,30,0.02,uniform_nz,184,1116,370,1,0,0.0,0.060442277860738504,0.03813600414414604,0.030233263468557592,0.02,49,21,38
webis-touche2020,rr,30,0.02,weighted,184,1088,370,1,0,0.0,0.03813600414414604,0.03813600414414604,0.030233263468557592,0.02,49,21,38
webis-touche2020,rr,30,0.02,active_judge,184,1076,370,1,0,0.0,0.11570453501952083,0.03813600414414604,0.030233263468557592,0.02,49,21,38
webis-touche2020,rr,30,0.02,strat_pilot,184,1111,370,1,0,0.0,0.03941759727590434,0.03813600414414604,0.030233263468557592,0.02,49,21,38
webis-touche2020,rr,30,0.02,weighted_cv,184,1112,370,1,0,0.0,0.02928870011680968,0.03813600414414604,0.030233263468557592,0.02,49,21,38
webis-touche2020,rr,30,0.02,active_cv,184,1091,370,1,0,0.0,0.04616452419507509,0.03813600414414604,0.030233263468557592,0.02,49,21,38
webis-touche2020,rr,30,0.02,weighted_cvl,184,1105,370,1,0,0.0,0.02778768123782948,0.03813600414414604,0.030233263468557592,0.02,49,21,38
webis-touche2020,rr,30,0.02,uniform,185,1156,394,1,0,0.0026876784329238346,0.08907982706441024,0.04075705559720376,0.019527400703871295,0.017312321567076166,49,21,37
webis-touche2020,rr,30,0.02,uniform_nz,185,1125,394,1,0,0.0026876784329238346,0.06717188608646245,0.04075705559720376,0.019527400703871295,0.017312321567076166,49,21,37
webis-touche2020,rr,30,0.02,weighted,185,1105,394,1,0,0.0026876784329238346,0.04075705559720376,0.04075705559720376,0.019527400703871295,0.017312321567076166,49,21,37
webis-touche2020,rr,30,0.02,active_judge,185,1108,394,0,0,0.0026876784329238346,0.11284302096926227,0.04075705559720376,0.019527400703871295,0.017312321567076166,49,21,37
webis-touche2020,rr,30,0.02,strat_pilot,185,1102,394,1,0,0.0026876784329238346,0.036731876642110896,0.04075705559720376,0.019527400703871295,0.017312321567076166,49,21,37
webis-touche2020,rr,30,0.02,weighted_cv,185,1109,394,1,0,0.0026876784329238346,0.034433384630495015,0.04075705559720376,0.019527400703871295,0.017312321567076166,49,21,37
webis-touche2020,rr,30,0.02,active_cv,185,1090,394,1,0,0.0026876784329238346,0.08181257320426641,0.04075705559720376,0.019527400703871295,0.017312321567076166,49,21,37
webis-touche2020,rr,30,0.02,weighted_cvl,185,1142,394,1,0,0.0026876784329238346,0.03345348068044174,0.04075705559720376,0.019527400703871295,0.017312321567076166,49,21,37
webis-touche2020,rr,30,0.02,uniform,186,1205,386,1,0,0.0,0.07306946676123309,0.053867881178581614,0.054842202113705676,0.02,49,22,38
webis-touche2020,rr,30,0.02,uniform_nz,186,1160,386,1,0,0.0,0.06448486072847598,0.053867881178581614,0.054842202113705676,0.02,49,22,38
webis-touche2020,rr,30,0.02,weighted,186,1169,386,1,0,0.0,0.053867881178581614,0.053867881178581614,0.054842202113705676,0.02,49,22,38
webis-touche2020,rr,30,0.02,active_judge,186,1144,386,1,0,0.0,0.11491673427041145,0.053867881178581614,0.054842202113705676,0.02,49,22,38
webis-touche2020,rr,30,0.02,strat_pilot,186,1154,386,1,0,0.0,0.05450725416005514,0.053867881178581614,0.054842202113705676,0.02,49,22,38
webis-touche2020,rr,30,0.02,weighted_cv,186,1160,386,1,0,0.0,0.05106722412088416,0.053867881178581614,0.054842202113705676,0.02,49,22,38
webis-touche2020,rr,30,0.02,active_cv,186,1160,386,1,0,0.0,0.13902741811270652,0.053867881178581614,0.054842202113705676,0.02,49,22,38
webis-touche2020,rr,30,0.02,weighted_cvl,186,1156,386,1,0,0.0,0.047520908973386705,0.053867881178581614,0.054842202113705676,0.02,49,22,38
webis-touche2020,rr,30,0.02,uniform,187,1219,388,1,0,0.0,0.07036550209746414,0.03898373198679704,0.054664539228040376,0.02,49,22,38
webis-touche2020,rr,30,0.02,uniform_nz,187,1183,388,1,0,0.0,0.04715139818043573,0.03898373198679704,0.054664539228040376,0.02,49,22,38
webis-touche2020,rr,30,0.02,weighted,187,1173,388,1,0,0.0,0.03898373198679704,0.03898373198679704,0.054664539228040376,0.02,49,22,38
webis-touche2020,rr,30,0.02,active_judge,187,1175,388,1,0,0.0,0.0863077501233733,0.03898373198679704,0.054664539228040376,0.02,49,22,38
webis-touche2020,rr,30,0.02,strat_pilot,187,1174,388,1,0,0.0,0.03950669576974476,0.03898373198679704,0.054664539228040376,0.02,49,22,38
webis-touche2020,rr,30,0.02,weighted_cv,187,1188,388,1,0,0.0,0.03374824895554595,0.03898373198679704,0.054664539228040376,0.02,49,22,38
webis-touche2020,rr,30,0.02,active_cv,187,1173,388,1,0,0.0,0.05787231421675291,0.03898373198679704,0.054664539228040376,0.02,49,22,38
webis-touche2020,rr,30,0.02,weighted_cvl,187,1164,388,1,0,0.0,0.03190434737849046,0.03898373198679704,0.054664539228040376,0.02,49,22,38
webis-touche2020,rr,30,0.02,uniform,188,1251,386,1,0,0.0,0.1030537316135279,0.04375290729594248,0.0708790928539212,0.02,49,22,38
webis-touche2020,rr,30,0.02,uniform_nz,188,1162,386,1,0,0.0,0.06877463170080858,0.04375290729594248,0.0708790928539212,0.02,49,22,38
webis-touche2020,rr,30,0.02,weighted,188,1185,386,1,0,0.0,0.04375290729594248,0.04375290729594248,0.0708790928539212,0.02,49,22,38
webis-touche2020,rr,30,0.02,active_judge,188,1146,386,1,0,0.0,0.12269168858091713,0.04375290729594248,0.0708790928539212,0.02,49,22,38
webis-touche2020,rr,30,0.02,strat_pilot,188,1179,386,1,0,0.0,0.04572625912050769,0.04375290729594248,0.0708790928539212,0.02,49,22,38
webis-touche2020,rr,30,0.02,weighted_cv,188,1187,386,1,0,0.0,0.036122423468918655,0.04375290729594248,0.0708790928539212,0.02,49,22,38
webis-touche2020,rr,30,0.02,active_cv,188,1182,386,1,0,0.0,0.07663306543408688,0.04375290729594248,0.0708790928539212,0.02,49,22,38
webis-touche2020,rr,30,0.02,weighted_cvl,188,1172,386,1,0,0.0,0.032896733637259465,0.04375290729594248,0.0708790928539212,0.02,49,22,38
webis-touche2020,rr,30,0.02,uniform,189,1227,386,1,0,0.0,0.23426301650681647,0.07317592955877043,0.08259820582791373,0.02,49,22,38
webis-touche2020,rr,30,0.02,uniform_nz,189,1178,386,1,0,0.0,0.11465024286415945,0.07317592955877043,0.08259820582791373,0.02,49,22,38
webis-touche2020,rr,30,0.02,weighted,189,1159,386,1,0,0.0,0.07317592955877043,0.07317592955877043,0.08259820582791373,0.02,49,22,38
webis-touche2020,rr,30,0.02,active_judge,189,1151,386,1,0,0.0,0.19107941868246,0.07317592955877043,0.08259820582791373,0.02,49,22,38
webis-touche2020,rr,30,0.02,strat_pilot,189,1173,386,1,0,0.0,0.07447429259192358,0.07317592955877043,0.08259820582791373,0.02,49,22,38
webis-touche2020,rr,30,0.02,weighted_cv,189,1175,386,1,0,0.0,0.05617426764920465,0.07317592955877043,0.08259820582791373,0.02,49,22,38
webis-touche2020,rr,30,0.02,active_cv,189,1151,386,1,0,0.0,0.09358875971246436,0.07317592955877043,0.08259820582791373,0.02,49,22,38
webis-touche2020,rr,30,0.02,weighted_cvl,189,1183,386,1,0,0.0,0.055169873042421345,0.07317592955877043,0.08259820582791373,0.02,49,22,38
webis-touche2020,rr,30,0.02,uniform,190,1228,376,1,0,0.0,0.25947582215152243,0.07054006557198982,0.10765012876700185,0.02,49,22,38
webis-touche2020,rr,30,0.02,uniform_nz,190,1182,376,1,0,0.0,0.12490607180106286,0.07054006557198982,0.10765012876700185,0.02,49,22,38
webis-touche2020,rr,30,0.02,weighted,190,1154,376,1,0,0.0,0.07054006557198982,0.07054006557198982,0.10765012876700185,0.02,49,22,38
webis-touche2020,rr,30,0.02,active_judge,190,1156,376,1,0,0.0,0.23772075652905772,0.07054006557198982,0.10765012876700185,0.02,49,22,38
webis-touche2020,rr,30,0.02,strat_pilot,190,1163,376,1,0,0.0,0.07207950550690836,0.07054006557198982,0.10765012876700185,0.02,49,22,38
webis-touche2020,rr,30,0.02,weighted_cv,190,1161,376,1,0,0.0,0.049237202137508804,0.07054006557198982,0.10765012876700185,0.02,49,22,38
webis-touche2020,rr,30,0.02,active_cv,190,1151,376,1,0,0.0,0.07169474598638545,0.07054006557198982,0.10765012876700185,0.02,49,22,38
webis-touche2020,rr,30,0.02,weighted_cvl,190,1185,376,1,0,0.0,0.046203228592267505,0.07054006557198982,0.10765012876700185,0.02,49,22,38
webis-touche2020,rr,30,0.02,uniform,191,1211,375,1,0,0.0,0.08989259200946922,0.05026861723423533,0.07330381048260305,0.02,49,22,38
webis-touche2020,rr,30,0.02,uniform_nz,191,1148,375,1,0,0.0,0.0652889976557521,0.05026861723423533,0.07330381048260305,0.02,49,22,38
webis-touche2020,rr,30,0.02,weighted,191,1133,375,1,0,0.0,0.05026861723423533,0.05026861723423533,0.07330381048260305,0.02,49,22,38
webis-touche2020,rr,30,0.02,active_judge,191,1150,375,1,0,0.0,0.1339437696415924,0.05026861723423533,0.07330381048260305,0.02,49,22,38
webis-touche2020,rr,30,0.02,strat_pilot,191,1155,375,1,0,0.0,0.04974156302694483,0.05026861723423533,0.07330381048260305,0.02,49,22,38
webis-touche2020,rr,30,0.02,weighted_cv,191,1153,375,1,0,0.0,0.049501639501417394,0.05026861723423533,0.07330381048260305,0.02,49,22,38
webis-touche2020,rr,30,0.02,active_cv,191,1150,375,1,0,0.0,0.13807222033819302,0.05026861723423533,0.07330381048260305,0.02,49,22,38
webis-touche2020,rr,30,0.02,weighted_cvl,191,1147,375,1,0,0.0,0.04896978875382818,0.05026861723423533,0.07330381048260305,0.02,49,22,38
webis-touche2020,rr,30,0.02,uniform,192,1184,379,1,0,0.0,0.09860046037966755,0.06445806618312457,0.08491858433963696,0.02,49,22,38
webis-touche2020,rr,30,0.02,uniform_nz,192,1179,379,1,0,0.0,0.07869308922280102,0.06445806618312457,0.08491858433963696,0.02,49,22,38
webis-touche2020,rr,30,0.02,weighted,192,1152,379,1,0,0.0,0.06445806618312457,0.06445806618312457,0.08491858433963696,0.02,49,22,38
webis-touche2020,rr,30,0.02,active_judge,192,1139,379,1,0,0.0,0.13764225999436294,0.06445806618312457,0.08491858433963696,0.02,49,22,38
webis-touche2020,rr,30,0.02,strat_pilot,192,1163,379,1,0,0.0,0.0633124772160081,0.06445806618312457,0.08491858433963696,0.02,49,22,38
webis-touche2020,rr,30,0.02,weighted_cv,192,1157,379,1,0,0.0,0.059816538178159975,0.06445806618312457,0.08491858433963696,0.02,49,22,38
webis-touche2020,rr,30,0.02,active_cv,192,1143,379,1,0,0.0,0.0973491658261798,0.06445806618312457,0.08491858433963696,0.02,49,22,38
webis-touche2020,rr,30,0.02,weighted_cvl,192,1153,379,1,0,0.0,0.0555397325932675,0.06445806618312457,0.08491858433963696,0.02,49,22,38
webis-touche2020,rr,30,0.02,uniform,193,1274,375,1,0,0.0,0.09915139808883039,0.07852308668096841,0.12327042484937221,0.02,49,24,38
webis-touche2020,rr,30,0.02,uniform_nz,193,1265,375,1,0,0.0,0.08383051275882866,0.07852308668096841,0.12327042484937221,0.02,49,24,38
webis-touche2020,rr,30,0.02,weighted,193,1274,375,1,0,0.0,0.07852308668096841,0.07852308668096841,0.12327042484937221,0.02,49,24,38
webis-touche2020,rr,30,0.02,active_judge,193,1263,375,1,0,0.0,0.20111169149588576,0.07852308668096841,0.12327042484937221,0.02,49,24,38
webis-touche2020,rr,30,0.02,strat_pilot,193,1285,375,1,0,0.0,0.07968217075584724,0.07852308668096841,0.12327042484937221,0.02,49,24,38
webis-touche2020,rr,30,0.02,weighted_cv,193,1277,375,1,0,0.0,0.07158527497773523,0.07852308668096841,0.12327042484937221,0.02,49,24,38
webis-touche2020,rr,30,0.02,active_cv,193,1243,375,1,0,0.0,0.1729592449400112,0.07852308668096841,0.12327042484937221,0.02,49,24,38
webis-touche2020,rr,30,0.02,weighted_cvl,193,1286,375,1,0,0.0,0.06564657110373404,0.07852308668096841,0.12327042484937221,0.02,49,24,38
webis-touche2020,rr,30,0.02,uniform,194,1264,383,1,0,0.0,0.12807483400868114,0.0775930025414523,0.10839509906061225,0.02,49,24,38
webis-touche2020,rr,30,0.02,uniform_nz,194,1273,383,1,0,0.0,0.09020834637561619,0.0775930025414523,0.10839509906061225,0.02,49,24,38
webis-touche2020,rr,30,0.02,weighted,194,1286,383,1,0,0.0,0.0775930025414523,0.0775930025414523,0.10839509906061225,0.02,49,24,38
webis-touche2020,rr,30,0.02,active_judge,194,1270,383,1,0,0.0,0.14455571239557302,0.0775930025414523,0.10839509906061225,0.02,49,24,38
webis-touche2020,rr,30,0.02,strat_pilot,194,1259,383,1,0,0.0,0.07899423885884975,0.0775930025414523,0.10839509906061225,0.02,49,24,38
webis-touche2020,rr,30,0.02,weighted_cv,194,1268,383,1,0,0.0,0.060420647297052155,0.0775930025414523,0.10839509906061225,0.02,49,24,38
webis-touche2020,rr,30,0.02,active_cv,194,1268,383,1,0,0.0,0.10271618940418603,0.0775930025414523,0.10839509906061225,0.02,49,24,38
webis-touche2020,rr,30,0.02,weighted_cvl,194,1301,383,1,0,0.0,0.05598398363009841,0.0775930025414523,0.10839509906061225,0.02,49,24,38
webis-touche2020,rr,30,0.02,uniform,195,1252,386,1,0,0.0,0.07258129356650221,0.057655204230177046,0.09742941445566293,0.02,49,24,38
webis-touche2020,rr,30,0.02,uniform_nz,195,1298,386,1,0,0.0,0.06405303184347208,0.057655204230177046,0.09742941445566293,0.02,49,24,38
webis-touche2020,rr,30,0.02,weighted,195,1281,386,1,0,0.0,0.057655204230177046,0.057655204230177046,0.09742941445566293,0.02,49,24,38
webis-touche2020,rr,30,0.02,active_judge,195,1273,386,1,0,0.0,0.1387885639263113,0.057655204230177046,0.09742941445566293,0.02,49,24,38
webis-touche2020,rr,30,0.02,strat_pilot,195,1278,386,1,0,0.0,0.058706097534701386,0.057655204230177046,0.09742941445566293,0.02,49,24,38
webis-touche2020,rr,30,0.02,weighted_cv,195,1285,386,1,0,0.0,0.05624205471480953,0.057655204230177046,0.09742941445566293,0.02,49,24,38
webis-touche2020,rr,30,0.02,active_cv,195,1254,386,1,0,0.0,0.1212854863701011,0.057655204230177046,0.09742941445566293,0.02,49,24,38
webis-touche2020,rr,30,0.02,weighted_cvl,195,1288,386,1,0,0.0,0.04996130363845985,0.057655204230177046,0.09742941445566293,0.02,49,24,38
webis-touche2020,rr,30,0.02,uniform,196,1150,382,1,0,0.0,0.04279235068982757,0.024264128475221476,0.03034496222731517,0.02,49,21,37
webis-touche2020,rr,30,0.02,uniform_nz,196,1085,382,1,0,0.0,0.03288539718531848,0.024264128475221476,0.03034496222731517,0.02,49,21,37
webis-touche2020,rr,30,0.02,weighted,196,1070,382,1,0,0.0,0.024264128475221476,0.024264128475221476,0.03034496222731517,0.02,49,21,37
webis-touche2020,rr,30,0.02,active_judge,196,1080,382,1,0,0.0,0.04537165668612086,0.024264128475221476,0.03034496222731517,0.02,49,21,37
webis-touche2020,rr,30,0.02,strat_pilot,196,1089,382,1,0,0.0,0.024398381889986637,0.024264128475221476,0.03034496222731517,0.02,49,21,37
webis-touche2020,rr,30,0.02,weighted_cv,196,1079,382,1,0,0.0,0.020747781964261,0.024264128475221476,0.03034496222731517,0.02,49,21,37
webis-touche2020,rr,30,0.02,active_cv,196,1082,382,1,0,0.0,0.04606986031105127,0.024264128475221476,0.03034496222731517,0.02,49,21,37
webis-touche2020,rr,30,0.02,weighted_cvl,196,1083,382,1,0,0.0,0.021035097984366445,0.024264128475221476,0.03034496222731517,0.02,49,21,37
webis-touche2020,rr,30,0.02,uniform,197,1211,383,1,0,0.0,0.09113942567036727,0.048978630764179555,0.08368121223461779,0.02,49,22,38
webis-touche2020,rr,30,0.02,uniform_nz,197,1179,383,1,0,0.0,0.06481980555719373,0.048978630764179555,0.08368121223461779,0.02,49,22,38
webis-touche2020,rr,30,0.02,weighted,197,1171,383,1,0,0.0,0.048978630764179555,0.048978630764179555,0.08368121223461779,0.02,49,22,38
webis-touche2020,rr,30,0.02,active_judge,197,1167,383,1,0,0.0,0.09777788722180662,0.048978630764179555,0.08368121223461779,0.02,49,22,38
webis-touche2020,rr,30,0.02,strat_pilot,197,1194,383,1,0,0.0,0.04956441711677113,0.048978630764179555,0.08368121223461779,0.02,49,22,38
webis-touche2020,rr,30,0.02,weighted_cv,197,1196,383,1,0,0.0,0.04109711556897383,0.048978630764179555,0.08368121223461779,0.02,49,22,38
webis-touche2020,rr,30,0.02,active_cv,197,1154,383,1,0,0.0,0.0705743650770242,0.048978630764179555,0.08368121223461779,0.02,49,22,38
webis-touche2020,rr,30,0.02,weighted_cvl,197,1190,383,1,0,0.0,0.03938201597085272,0.048978630764179555,0.08368121223461779,0.02,49,22,38
webis-touche2020,rr,30,0.02,uniform,198,1301,382,1,0,0.0,0.1112216971882932,0.08711006980664227,0.11372741662629034,0.02,49,24,38
webis-touche2020,rr,30,0.02,uniform_nz,198,1290,382,1,0,0.0,0.09838582680037487,0.08711006980664227,0.11372741662629034,0.02,49,24,38
webis-touche2020,rr,30,0.02,weighted,198,1306,382,1,0,0.0,0.08711006980664227,0.08711006980664227,0.11372741662629034,0.02,49,24,38
webis-touche2020,rr,30,0.02,active_judge,198,1270,382,1,0,0.0,0.189034926170217,0.08711006980664227,0.11372741662629034,0.02,49,24,38
webis-touche2020,rr,30,0.02,strat_pilot,198,1272,382,1,0,0.0,0.08849309086356547,0.08711006980664227,0.11372741662629034,0.02,49,24,38
webis-touche2020,rr,30,0.02,weighted_cv,198,1280,382,1,0,0.0,0.08076087872359154,0.08711006980664227,0.11372741662629034,0.02,49,24,38
webis-touche2020,rr,30,0.02,active_cv,198,1255,382,1,0,0.0,0.19377337439919118,0.08711006980664227,0.11372741662629034,0.02,49,24,38
webis-touche2020,rr,30,0.02,weighted_cvl,198,1275,382,1,0,0.0,0.0778502441581575,0.08711006980664227,0.11372741662629034,0.02,49,24,38
webis-touche2020,rr,30,0.02,uniform,199,1128,382,1,0,0.001286859136104046,0.07560159458747333,0.0461471871488753,0.024022644022644046,0.018713140863895954,49,21,37
webis-touche2020,rr,30,0.02,uniform_nz,199,1073,382,1,0,0.001286859136104046,0.06427973332337684,0.0461471871488753,0.024022644022644046,0.018713140863895954,49,21,37
webis-touche2020,rr,30,0.02,weighted,199,1066,382,1,0,0.001286859136104046,0.0461471871488753,0.0461471871488753,0.024022644022644046,0.018713140863895954,49,21,37
webis-touche2020,rr,30,0.02,active_judge,199,1077,382,1,0,0.001286859136104046,0.08512476575748235,0.0461471871488753,0.024022644022644046,0.018713140863895954,49,21,37
webis-touche2020,rr,30,0.02,strat_pilot,199,1074,382,1,0,0.001286859136104046,0.04554132091384087,0.0461471871488753,0.024022644022644046,0.018713140863895954,49,21,37
webis-touche2020,rr,30,0.02,weighted_cv,199,1092,382,1,0,0.001286859136104046,0.03802263526621187,0.0461471871488753,0.024022644022644046,0.018713140863895954,49,21,37
webis-touche2020,rr,30,0.02,active_cv,199,1062,382,1,0,0.001286859136104046,0.06672545419572715,0.0461471871488753,0.024022644022644046,0.018713140863895954,49,21,37
webis-touche2020,rr,30,0.02,weighted_cvl,199,1065,382,1,0,0.001286859136104046,0.03577924488535298,0.0461471871488753,0.024022644022644046,0.018713140863895954,49,21,37
webis-touche2020,rr,30,0.02,uniform,200,1164,370,1,0,0.0,0.040425469200181065,0.024329218045004618,0.032391791215320626,0.02,49,21,38
webis-touche2020,rr,30,0.02,uniform_nz,200,1120,370,1,0,0.0,0.026820477475837563,0.024329218045004618,0.032391791215320626,0.02,49,21,38
webis-touche2020,rr,30,0.02,weighted,200,1154,370,1,0,0.0,0.024329218045004618,0.024329218045004618,0.032391791215320626,0.02,49,21,38
webis-touche2020,rr,30,0.02,active_judge,200,1107,370,1,0,0.0,0.05552096713818916,0.024329218045004618,0.032391791215320626,0.02,49,21,38
webis-touche2020,rr,30,0.02,strat_pilot,200,1111,370,1,0,0.0,0.024906360290145042,0.024329218045004618,0.032391791215320626,0.02,49,21,38
webis-touche2020,rr,30,0.02,weighted_cv,200,1104,370,1,0,0.0,0.01901426242454513,0.024329218045004618,0.032391791215320626,0.02,49,21,38
webis-touche2020,rr,30,0.02,active_cv,200,1112,370,1,0,0.0,0.029993963932605294,0.024329218045004618,0.032391791215320626,0.02,49,21,38
webis-touche2020,rr,30,0.02,weighted_cvl,200,1132,370,1,0,0.0,0.017848573237561928,0.024329218045004618,0.032391791215320626,0.02,49,21,38
webis-touche2020,rr,30,0.02,uniform,201,1188,373,1,0,0.0,0.09864287634425323,0.04639823465596175,0.049830675399392566,0.02,49,22,38
webis-touche2020,rr,30,0.02,uniform_nz,201,1158,373,1,0,0.0,0.07539202664431602,0.04639823465596175,0.049830675399392566,0.02,49,22,38
webis-touche2020,rr,30,0.02,weighted,201,1150,373,1,0,0.0,0.04639823465596175,0.04639823465596175,0.049830675399392566,0.02,49,22,38
webis-touche2020,rr,30,0.02,active_judge,201,1138,373,1,0,0.0,0.14802691285204997,0.04639823465596175,0.049830675399392566,0.02,49,22,38
webis-touche2020,rr,30,0.02,strat_pilot,201,1145,373,1,0,0.0,0.04653129496421887,0.04639823465596175,0.049830675399392566,0.02,49,22,38
webis-touche2020,rr,30,0.02,weighted_cv,201,1153,373,1,0,0.0,0.04325952437314347,0.04639823465596175,0.049830675399392566,0.02,49,22,38
webis-touche2020,rr,30,0.02,active_cv,201,1138,373,1,0,0.0,0.12127732129976901,0.04639823465596175,0.049830675399392566,0.02,49,22,38
webis-touche2020,rr,30,0.02,weighted_cvl,201,1148,373,1,0,0.0,0.03679123646133635,0.04639823465596175,0.049830675399392566,0.02,49,22,38
webis-touche2020,rr,30,0.02,uniform,202,1237,375,1,0,0.0,0.08108275142228347,0.03984394014573066,0.04265669283454315,0.02,49,22,38
webis-touche2020,rr,30,0.02,uniform_nz,202,1153,375,1,0,0.0,0.049877760599556384,0.03984394014573066,0.04265669283454315,0.02,49,22,38
webis-touche2020,rr,30,0.02,weighted,202,1169,375,1,0,0.0,0.03984394014573066,0.03984394014573066,0.04265669283454315,0.02,49,22,38
webis-touche2020,rr,30,0.02,active_judge,202,1132,375,1,0,0.0,0.10101194907160908,0.03984394014573066,0.04265669283454315,0.02,49,22,38
webis-touche2020,rr,30,0.02,strat_pilot,202,1173,375,1,0,0.0,0.03984044116384244,0.03984394014573066,0.04265669283454315,0.02,49,22,38
webis-touche2020,rr,30,0.02,weighted_cv,202,1144,375,1,0,0.0,0.03746869402498485,0.03984394014573066,0.04265669283454315,0.02,49,22,38
webis-touche2020,rr,30,0.02,active_cv,202,1138,375,1,0,0.0,0.09172040204751906,0.03984394014573066,0.04265669283454315,0.02,49,22,38
webis-touche2020,rr,30,0.02,weighted_cvl,202,1178,375,1,0,0.0,0.03303849995922923,0.03984394014573066,0.04265669283454315,0.02,49,22,38
webis-touche2020,rr,30,0.02,uniform,203,1211,385,1,0,0.0,0.07933770984211845,0.04791621069326631,0.04953258706415255,0.02,49,21,38
webis-touche2020,rr,30,0.02,uniform_nz,203,1131,385,1,0,0.0,0.053643712640336905,0.04791621069326631,0.04953258706415255,0.02,49,21,38
webis-touche2020,rr,30,0.02,weighted,203,1113,385,1,0,0.0,0.04791621069326631,0.04791621069326631,0.04953258706415255,0.02,49,21,38
webis-touche2020,rr,30,0.02,active_judge,203,1094,385,1,0,0.0,0.10800535297925692,0.04791621069326631,0.04953258706415255,0.02,49,21,38
webis-touche2020,rr,30,0.02,strat_pilot,203,1095,385,1,0,0.0,0.04970192783207898,0.04791621069326631,0.04953258706415255,0.02,49,21,38
webis-touche2020,rr,30,0.02,weighted_cv,203,1117,385,1,0,0.0,0.03766525735898276,0.04791621069326631,0.04953258706415255,0.02,49,21,38
webis-touche2020,rr,30,0.02,active_cv,203,1077,385,1,0,0.0,0.05702078922990409,0.04791621069326631,0.04953258706415255,0.02,49,21,38
webis-touche2020,rr,30,0.02,weighted_cvl,203,1098,385,1,0,0.0,0.036738344643658154,0.04791621069326631,0.04953258706415255,0.02,49,21,38
webis-touche2020,rr,30,0.02,uniform,204,1213,380,1,0,0.0,0.05381102406291606,0.03447890849054397,0.06845060168838601,0.02,49,22,38
webis-touche2020,rr,30,0.02,uniform_nz,204,1175,380,1,0,0.0,0.04097635205846336,0.03447890849054397,0.06845060168838601,0.02,49,22,38
webis-touche2020,rr,30,0.02,weighted,204,1196,380,1,0,0.0,0.03447890849054397,0.03447890849054397,0.06845060168838601,0.02,49,22,38
webis-touche2020,rr,30,0.02,active_judge,204,1155,380,1,0,0.0,0.07765371695462257,0.03447890849054397,0.06845060168838601,0.02,49,22,38
webis-touche2020,rr,30,0.02,strat_pilot,204,1191,380,1,0,0.0,0.034877971724450556,0.03447890849054397,0.06845060168838601,0.02,49,22,38
webis-touche2020,rr,30,0.02,weighted_cv,204,1199,380,1,0,0.0,0.030682972956159314,0.03447890849054397,0.06845060168838601,0.02,49,22,38
webis-touche2020,rr,30,0.02,active_cv,204,1178,380,1,0,0.0,0.07674502154646291,0.03447890849054397,0.06845060168838601,0.02,49,22,38
webis-touche2020,rr,30,0.02,weighted_cvl,204,1184,380,1,0,0.0,0.02917820376210678,0.03447890849054397,0.06845060168838601,0.02,49,22,38
webis-touche2020,rr,30,0.02,uniform,205,1309,381,1,0,0.0,0.1114565412246246,0.08641085949121831,0.09330530027145958,0.02,49,24,38
webis-touche2020,rr,30,0.02,uniform_nz,205,1303,381,1,0,0.0,0.09577314307365695,0.08641085949121831,0.09330530027145958,0.02,49,24,38
webis-touche2020,rr,30,0.02,weighted,205,1257,381,1,0,0.0,0.08641085949121831,0.08641085949121831,0.09330530027145958,0.02,49,24,38
webis-touche2020,rr,30,0.02,active_judge,205,1283,381,1,0,0.0,0.2101701348446306,0.08641085949121831,0.09330530027145958,0.02,49,24,38
webis-touche2020,rr,30,0.02,strat_pilot,205,1275,381,1,0,0.0,0.08796023451158326,0.08641085949121831,0.09330530027145958,0.02,49,24,38
webis-touche2020,rr,30,0.02,weighted_cv,205,1272,381,1,0,0.0,0.07249486538133024,0.08641085949121831,0.09330530027145958,0.02,49,24,38
webis-touche2020,rr,30,0.02,active_cv,205,1260,381,1,0,0.0,0.14448092999379888,0.08641085949121831,0.09330530027145958,0.02,49,24,38
webis-touche2020,rr,30,0.02,weighted_cvl,205,1286,381,1,0,0.0,0.06802879854638952,0.08641085949121831,0.09330530027145958,0.02,49,24,38
webis-touche2020,rr,30,0.02,uniform,206,1211,377,1,0,0.0,0.06706298384098629,0.04121776579146442,0.04070769486542134,0.02,49,22,38
webis-touche2020,rr,30,0.02,uniform_nz,206,1134,377,1,0,0.0,0.053088204733116276,0.04121776579146442,0.04070769486542134,0.02,49,22,38
webis-touche2020,rr,30,0.02,weighted,206,1136,377,1,0,0.0,0.04121776579146442,0.04121776579146442,0.04070769486542134,0.02,49,22,38
webis-touche2020,rr,30,0.02,active_judge,206,1140,377,1,0,0.0,0.1022685525478318,0.04121776579146442,0.04070769486542134,0.02,49,22,38
webis-touche2020,rr,30,0.02,strat_pilot,206,1144,377,1,0,0.0,0.04158397158160146,0.04121776579146442,0.04070769486542134,0.02,49,22,38
webis-touche2020,rr,30,0.02,weighted_cv,206,1161,377,1,0,0.0,0.03887464596536117,0.04121776579146442,0.04070769486542134,0.02,49,22,38
webis-touche2020,rr,30,0.02,active_cv,206,1131,377,1,0,0.0,0.09716441506242361,0.04121776579146442,0.04070769486542134,0.02,49,22,38
webis-touche2020,rr,30,0.02,weighted_cvl,206,1141,377,1,0,0.0,0.03616648297672327,0.04121776579146442,0.04070769486542134,0.02,49,22,38
webis-touche2020,rr,30,0.02,uniform,207,1188,383,1,0,0.0005033113899292063,0.06880976414513289,0.032737013499790434,0.023113076294190845,0.019496688610070794,49,21,38
webis-touche2020,rr,30,0.02,uniform_nz,207,1100,383,1,0,0.0005033113899292063,0.04627619081788802,0.032737013499790434,0.023113076294190845,0.019496688610070794,49,21,38
webis-touche2020,rr,30,0.02,weighted,207,1115,383,1,0,0.0005033113899292063,0.032737013499790434,0.032737013499790434,0.023113076294190845,0.019496688610070794,49,21,38
webis-touche2020,rr,30,0.02,active_judge,207,1103,383,1,0,0.0005033113899292063,0.06576667873439537,0.032737013499790434,0.023113076294190845,0.019496688610070794,49,21,38
webis-touche2020,rr,30,0.02,strat_pilot,207,1103,383,1,0,0.0005033113899292063,0.032311915283197885,0.032737013499790434,0.023113076294190845,0.019496688610070794,49,21,38
webis-touche2020,rr,30,0.02,weighted_cv,207,1086,383,1,0,0.0005033113899292063,0.02796256878217237,0.032737013499790434,0.023113076294190845,0.019496688610070794,49,21,38
webis-touche2020,rr,30,0.02,active_cv,207,1095,383,1,0,0.0005033113899292063,0.05327611518699703,0.032737013499790434,0.023113076294190845,0.019496688610070794,49,21,38
webis-touche2020,rr,30,0.02,weighted_cvl,207,1117,383,1,0,0.0005033113899292063,0.02915684813256486,0.032737013499790434,0.023113076294190845,0.019496688610070794,49,21,38
webis-touche2020,rr,30,0.02,uniform,208,1172,390,1,0,0.0,0.07999930890537894,0.03867581076694895,0.024176225190931076,0.02,49,21,38
webis-touche2020,rr,30,0.02,uniform_nz,208,1117,390,1,0,0.0,0.06205435536213992,0.03867581076694895,0.024176225190931076,0.02,49,21,38
webis-touche2020,rr,30,0.02,weighted,208,1104,390,1,0,0.0,0.03867581076694895,0.03867581076694895,0.024176225190931076,0.02,49,21,38
webis-touche2020,rr,30,0.02,active_judge,208,1106,390,1,0,0.0,0.09814195049604472,0.03867581076694895,0.024176225190931076,0.02,49,21,38
webis-touche2020,rr,30,0.02,strat_pilot,208,1110,390,1,0,0.0,0.043014713901268944,0.03867581076694895,0.024176225190931076,0.02,49,21,38
webis-touche2020,rr,30,0.02,weighted_cv,208,1109,390,1,0,0.0,0.030697726190767393,0.03867581076694895,0.024176225190931076,0.02,49,21,38
webis-touche2020,rr,30,0.02,active_cv,208,1090,390,1,0,0.0,0.06408537992980554,0.03867581076694895,0.024176225190931076,0.02,49,21,38
webis-touche2020,rr,30,0.02,weighted_cvl,208,1118,390,1,0,0.0,0.029715224483634957,0.03867581076694895,0.024176225190931076,0.02,49,21,38
webis-touche2020,rr,30,0.02,uniform,209,1299,397,1,0,0.0,0.08798084550923095,0.07127092040902772,0.07824767715944188,0.02,49,24,38
webis-touche2020,rr,30,0.02,uniform_nz,209,1301,397,1,0,0.0,0.08205924958559027,0.07127092040902772,0.07824767715944188,0.02,49,24,38
webis-touche2020,rr,30,0.02,weighted,209,1317,397,1,0,0.0,0.07127092040902772,0.07127092040902772,0.07824767715944188,0.02,49,24,38
webis-touche2020,rr,30,0.02,active_judge,209,1278,397,1,0,0.0,0.15429549314955454,0.07127092040902772,0.07824767715944188,0.02,49,24,38
webis-touche2020,rr,30,0.02,strat_pilot,209,1317,397,1,0,0.0,0.07195335488406049,0.07127092040902772,0.07824767715944188,0.02,49,24,38
webis-touche2020,rr,30,0.02,weighted_cv,209,1296,397,1,0,0.0,0.06394720712877058,0.07127092040902772,0.07824767715944188,0.02,49,24,38
webis-touche2020,rr,30,0.02,active_cv,209,1289,397,1,0,0.0,0.13216184227994054,0.07127092040902772,0.07824767715944188,0.02,49,24,38
webis-touche2020,rr,30,0.02,weighted_cvl,209,1298,397,1,0,0.0,0.060759266560209524,0.07127092040902772,0.07824767715944188,0.02,49,24,38
webis-touche2020,rr,30,0.02,uniform,210,1212,381,1,0,0.0,0.23594871817954846,0.06342902496133293,0.08704333225540656,0.02,49,22,38
webis-touche2020,rr,30,0.02,uniform_nz,210,1176,381,1,0,0.0,0.10178727516044972,0.06342902496133293,0.08704333225540656,0.02,49,22,38
webis-touche2020,rr,30,0.02,weighted,210,1184,381,1,0,0.0,0.06342902496133293,0.06342902496133293,0.08704333225540656,0.02,49,22,38
webis-touche2020,rr,30,0.02,active_judge,210,1161,381,1,0,0.0,0.20003303297895508,0.06342902496133293,0.08704333225540656,0.02,49,22,38
webis-touche2020,rr,30,0.02,strat_pilot,210,1155,381,1,0,0.0,0.06517902380853409,0.06342902496133293,0.08704333225540656,0.02,49,22,38
webis-touche2020,rr,30,0.02,weighted_cv,210,1180,381,1,0,0.0,0.044310523378893726,0.06342902496133293,0.08704333225540656,0.02,49,22,38
webis-touche2020,rr,30,0.02,active_cv,210,1149,381,1,0,0.0,0.08485255365345463,0.06342902496133293,0.08704333225540656,0.02,49,22,38
webis-touche2020,rr,30,0.02,weighted_cvl,210,1166,381,1,0,0.0,0.04412459965067136,0.06342902496133293,0.08704333225540656,0.02,49,22,38
webis-touche2020,rr,30,0.02,uniform,211,1248,377,1,0,0.0,0.0737577647825155,0.05371066746601984,0.04688325514641302,0.02,49,22,38
webis-touche2020,rr,30,0.02,uniform_nz,211,1162,377,1,0,0.0,0.06410187848381291,0.05371066746601984,0.04688325514641302,0.02,49,22,38
webis-touche2020,rr,30,0.02,weighted,211,1135,377,1,0,0.0,0.05371066746601984,0.05371066746601984,0.04688325514641302,0.02,49,22,38
webis-touche2020,rr,30,0.02,active_judge,211,1136,377,1,0,0.0,0.1214789664670104,0.05371066746601984,0.04688325514641302,0.02,49,22,38
webis-touche2020,rr,30,0.02,strat_pilot,211,1135,377,1,0,0.0,0.05450072243783164,0.05371066746601984,0.04688325514641302,0.02,49,22,38
webis-touche2020,rr,30,0.02,weighted_cv,211,1159,377,1,0,0.0,0.04542440809425914,0.05371066746601984,0.04688325514641302,0.02,49,22,38
webis-touche2020,rr,30,0.02,active_cv,211,1135,377,1,0,0.0,0.09055654595814142,0.05371066746601984,0.04688325514641302,0.02,49,22,38
webis-touche2020,rr,30,0.02,weighted_cvl,211,1147,377,1,0,0.0,0.04293395662872096,0.05371066746601984,0.04688325514641302,0.02,49,22,38
webis-touche2020,rr,30,0.02,uniform,212,1273,376,1,0,0.0,0.08053577495955769,0.059722243524783857,0.09279148830636244,0.02,49,24,38
webis-touche2020,rr,30,0.02,uniform_nz,212,1277,376,1,0,0.0,0.0651048141409975,0.059722243524783857,0.09279148830636244,0.02,49,24,38
webis-touche2020,rr,30,0.02,weighted,212,1268,376,1,0,0.0,0.059722243524783857,0.059722243524783857,0.09279148830636244,0.02,49,24,38
webis-touche2020,rr,30,0.02,active_judge,212,1257,376,1,0,0.0,0.12920492334363962,0.059722243524783857,0.09279148830636244,0.02,49,24,38
webis-touche2020,rr,30,0.02,strat_pilot,212,1284,376,1,0,0.0,0.060141870894166095,0.059722243524783857,0.09279148830636244,0.02,49,24,38
webis-touche2020,rr,30,0.02,weighted_cv,212,1264,376,1,0,0.0,0.053037127633037605,0.059722243524783857,0.09279148830636244,0.02,49,24,38
webis-touche2020,rr,30,0.02,active_cv,212,1264,376,1,0,0.0,0.1121308648771691,0.059722243524783857,0.09279148830636244,0.02,49,24,38
webis-touche2020,rr,30,0.02,weighted_cvl,212,1277,376,1,0,0.0,0.05230956749479514,0.059722243524783857,0.09279148830636244,0.02,49,24,38
webis-touche2020,rr,30,0.02,uniform,213,1189,373,1,0,0.0,0.057845490737954766,0.0381854719684437,0.053037792187172986,0.02,49,22,38
webis-touche2020,rr,30,0.02,uniform_nz,213,1150,373,1,0,0.0,0.04631220580759668,0.0381854719684437,0.053037792187172986,0.02,49,22,38
webis-touche2020,rr,30,0.02,weighted,213,1176,373,1,0,0.0,0.0381854719684437,0.0381854719684437,0.053037792187172986,0.02,49,22,38
webis-touche2020,rr,30,0.02,active_judge,213,1153,373,1,0,0.0,0.10413518749502051,0.0381854719684437,0.053037792187172986,0.02,49,22,38
webis-touche2020,rr,30,0.02,strat_pilot,213,1182,373,1,0,0.0,0.03873530863622156,0.0381854719684437,0.053037792187172986,0.02,49,22,38
webis-touche2020,rr,30,0.02,weighted_cv,213,1191,373,1,0,0.0,0.03382699290573961,0.0381854719684437,0.053037792187172986,0.02,49,22,38
webis-touche2020,rr,30,0.02,active_cv,213,1153,373,1,0,0.0,0.08109756198065651,0.0381854719684437,0.053037792187172986,0.02,49,22,38
webis-touche2020,rr,30,0.02,weighted_cvl,213,1166,373,1,0,0.0,0.032509737228903234,0.0381854719684437,0.053037792187172986,0.02,49,22,38
webis-touche2020,rr,30,0.02,uniform,214,1336,395,1,0,0.0,0.13317095133732,0.08438852157528058,0.11853656133579407,0.02,49,24,38
webis-touche2020,rr,30,0.02,uniform_nz,214,1290,395,1,0,0.0,0.09799995045370476,0.08438852157528058,0.11853656133579407,0.02,49,24,38
webis-touche2020,rr,30,0.02,weighted,214,1305,395,1,0,0.0,0.08438852157528058,0.08438852157528058,0.11853656133579407,0.02,49,24,38
webis-touche2020,rr,30,0.02,active_judge,214,1292,395,1,0,0.0,0.16622877249221527,0.08438852157528058,0.11853656133579407,0.02,49,24,38
webis-touche2020,rr,30,0.02,strat_pilot,214,1291,395,1,0,0.0,0.08591459639272107,0.08438852157528058,0.11853656133579407,0.02,49,24,38
webis-touche2020,rr,30,0.02,weighted_cv,214,1306,395,1,0,0.0,0.06964800487359821,0.08438852157528058,0.11853656133579407,0.02,49,24,38
webis-touche2020,rr,30,0.02,active_cv,214,1272,395,1,0,0.0,0.16867086250886656,0.08438852157528058,0.11853656133579407,0.02,49,24,38
webis-touche2020,rr,30,0.02,weighted_cvl,214,1290,395,1,0,0.0,0.06768932447500092,0.08438852157528058,0.11853656133579407,0.02,49,24,38
webis-touche2020,rr,30,0.02,uniform,215,1229,392,1,0,0.0,0.0706695155896092,0.025748821492493763,0.027100105117906954,0.02,49,22,38
webis-touche2020,rr,30,0.02,uniform_nz,215,1215,392,1,0,0.0,0.0335825323320811,0.025748821492493763,0.027100105117906954,0.02,49,22,38
webis-touche2020,rr,30,0.02,weighted,215,1220,392,1,0,0.0,0.025748821492493763,0.025748821492493763,0.027100105117906954,0.02,49,22,38
webis-touche2020,rr,30,0.02,active_judge,215,1200,392,1,0,0.0,0.06124583001004881,0.025748821492493763,0.027100105117906954,0.02,49,22,38
webis-touche2020,rr,30,0.02,strat_pilot,215,1185,392,1,0,0.0,0.025746612941024417,0.025748821492493763,0.027100105117906954,0.02,49,22,38
webis-touche2020,rr,30,0.02,weighted_cv,215,1230,392,1,0,0.0,0.022646075353449254,0.025748821492493763,0.027100105117906954,0.02,49,22,38
webis-touche2020,rr,30,0.02,active_cv,215,1193,392,1,0,0.0,0.04430258481737231,0.025748821492493763,0.027100105117906954,0.02,49,22,38
webis-touche2020,rr,30,0.02,weighted_cvl,215,1193,392,1,0,0.0,0.021478479072125654,0.025748821492493763,0.027100105117906954,0.02,49,22,38
webis-touche2020,rr,30,0.02,uniform,216,1214,378,1,0,0.0,0.055258359727452425,0.0161815155892001,0.028956676316011322,0.02,49,22,38
webis-touche2020,rr,30,0.02,uniform_nz,216,1167,378,1,0,0.0,0.02478644396568286,0.0161815155892001,0.028956676316011322,0.02,49,22,38
webis-touche2020,rr,30,0.02,weighted,216,1169,378,1,0,0.0,0.0161815155892001,0.0161815155892001,0.028956676316011322,0.02,49,22,38
webis-touche2020,rr,30,0.02,active_judge,216,1158,378,1,0,0.0,0.032976613201241234,0.0161815155892001,0.028956676316011322,0.02,49,22,38
webis-touche2020,rr,30,0.02,strat_pilot,216,1173,378,1,0,0.0,0.016197467315465702,0.0161815155892001,0.028956676316011322,0.02,49,22,38
webis-touche2020,rr,30,0.02,weighted_cv,216,1164,378,1,0,0.0,0.015305098201037643,0.0161815155892001,0.028956676316011322,0.02,49,22,38
webis-touche2020,rr,30,0.02,active_cv,216,1162,378,1,0,0.0,0.0479979178534161,0.0161815155892001,0.028956676316011322,0.02,49,22,38
webis-touche2020,rr,30,0.02,weighted_cvl,216,1169,378,1,0,0.0,0.015463104749001557,0.0161815155892001,0.028956676316011322,0.02,49,22,38
webis-touche2020,rr,30,0.02,uniform,217,1139,381,1,0,0.0,0.05173106226686798,0.03193969543260219,0.025753410676011293,0.02,49,21,37
webis-touche2020,rr,30,0.02,uniform_nz,217,1096,381,1,0,0.0,0.04387258040739903,0.03193969543260219,0.025753410676011293,0.02,49,21,37
webis-touche2020,rr,30,0.02,weighted,217,1092,381,1,0,0.0,0.03193969543260219,0.03193969543260219,0.025753410676011293,0.02,49,21,37
webis-touche2020,rr,30,0.02,active_judge,217,1101,381,1,0,0.0,0.07257427007622677,0.03193969543260219,0.025753410676011293,0.02,49,21,37
webis-touche2020,rr,30,0.02,strat_pilot,217,1094,381,1,0,0.0,0.032317092480206595,0.03193969543260219,0.025753410676011293,0.02,49,21,37
webis-touche2020,rr,30,0.02,weighted_cv,217,1106,381,1,0,0.0,0.03013336404950529,0.03193969543260219,0.025753410676011293,0.02,49,21,37
webis-touche2020,rr,30,0.02,active_cv,217,1070,381,1,0,0.0,0.06606306717074817,0.03193969543260219,0.025753410676011293,0.02,49,21,37
webis-touche2020,rr,30,0.02,weighted_cvl,217,1081,381,1,0,0.0,0.027756829605937505,0.03193969543260219,0.025753410676011293,0.02,49,21,37
webis-touche2020,rr,30,0.02,uniform,218,1142,385,1,0,0.0,0.07456850652770843,0.03023667691889779,0.026683186094950774,0.02,49,21,37
webis-touche2020,rr,30,0.02,uniform_nz,218,1100,385,1,0,0.0,0.05682023471037092,0.03023667691889779,0.026683186094950774,0.02,49,21,37
webis-touche2020,rr,30,0.02,weighted,218,1100,385,1,0,0.0,0.03023667691889779,0.03023667691889779,0.026683186094950774,0.02,49,21,37
webis-touche2020,rr,30,0.02,active_judge,218,1080,385,1,0,0.0,0.08033319960298436,0.03023667691889779,0.026683186094950774,0.02,49,21,37
webis-touche2020,rr,30,0.02,strat_pilot,218,1097,385,1,0,0.0,0.03270037524725797,0.03023667691889779,0.026683186094950774,0.02,49,21,37
webis-touche2020,rr,30,0.02,weighted_cv,218,1119,385,1,0,0.0,0.023123566616066495,0.03023667691889779,0.026683186094950774,0.02,49,21,37
webis-touche2020,rr,30,0.02,active_cv,218,1090,385,1,0,0.0,0.04025817715447401,0.03023667691889779,0.026683186094950774,0.02,49,21,37
webis-touche2020,rr,30,0.02,weighted_cvl,218,1092,385,1,0,0.0,0.021795214204417785,0.03023667691889779,0.026683186094950774,0.02,49,21,37
webis-touche2020,rr,30,0.02,uniform,219,1300,370,1,0,0.0,0.09998259402337448,0.07305986360985342,0.09905369827970445,0.02,49,24,38
webis-touche2020,rr,30,0.02,uniform_nz,219,1278,370,1,0,0.0,0.08283442427683019,0.07305986360985342,0.09905369827970445,0.02,49,24,38
webis-touche2020,rr,30,0.02,weighted,219,1272,370,1,0,0.0,0.07305986360985342,0.07305986360985342,0.09905369827970445,0.02,49,24,38
webis-touche2020,rr,30,0.02,active_judge,219,1244,370,1,0,0.0,0.17678654351634665,0.07305986360985342,0.09905369827970445,0.02,49,24,38
webis-touche2020,rr,30,0.02,strat_pilot,219,1280,370,1,0,0.0,0.07404871182411925,0.07305986360985342,0.09905369827970445,0.02,49,24,38
webis-touche2020,rr,30,0.02,weighted_cv,219,1267,370,1,0,0.0,0.0645083045353223,0.07305986360985342,0.09905369827970445,0.02,49,24,38
webis-touche2020,rr,30,0.02,active_cv,219,1251,370,1,0,0.0,0.14153125394492486,0.07305986360985342,0.09905369827970445,0.02,49,24,38
webis-touche2020,rr,30,0.02,weighted_cvl,219,1279,370,1,0,0.0,0.05561417537918745,0.07305986360985342,0.09905369827970445,0.02,49,24,38
webis-touche2020,rr,30,0.02,uniform,220,1221,363,1,0,0.0,0.06377283314312898,0.033179187293137194,0.053308534456973033,0.02,49,22,38
webis-touche2020,rr,30,0.02,uniform_nz,220,1141,363,1,0,0.0,0.04118034408182368,0.033179187293137194,0.053308534456973033,0.02,49,22,38
webis-touche2020,rr,30,0.02,weighted,220,1118,363,1,0,0.0,0.033179187293137194,0.033179187293137194,0.053308534456973033,0.02,49,22,38
webis-touche2020,rr,30,0.02,active_judge,220,1138,363,1,0,0.0,0.08294848347024522,0.033179187293137194,0.053308534456973033,0.02,49,22,38
webis-touche2020,rr,30,0.02,strat_pilot,220,1159,363,1,0,0.0,0.03406697939333539,0.033179187293137194,0.053308534456973033,0.02,49,22,38
webis-touche2020,rr,30,0.02,weighted_cv,220,1121,363,1,0,0.0,0.027301331199242967,0.033179187293137194,0.053308534456973033,0.02,49,22,38
webis-touche2020,rr,30,0.02,active_cv,220,1135,363,1,0,0.0,0.04932282146585848,0.033179187293137194,0.053308534456973033,0.02,49,22,38
webis-touche2020,rr,30,0.02,weighted_cvl,220,1135,363,1,0,0.0,0.02582015113607163,0.033179187293137194,0.053308534456973033,0.02,49,22,38
webis-touche2020,rr,30,0.02,uniform,221,1196,380,1,0,0.0,0.08941405334356921,0.05528703323840817,0.04521267767320397,0.02,49,22,38
webis-touche2020,rr,30,0.02,uniform_nz,221,1152,380,1,0,0.0,0.0664595472193818,0.05528703323840817,0.04521267767320397,0.02,49,22,38
webis-touche2020,rr,30,0.02,weighted,221,1183,380,1,0,0.0,0.05528703323840817,0.05528703323840817,0.04521267767320397,0.02,49,22,38
webis-touche2020,rr,30,0.02,active_judge,221,1152,380,1,0,0.0,0.12949440970250098,0.05528703323840817,0.04521267767320397,0.02,49,22,38
webis-touche2020,rr,30,0.02,strat_pilot,221,1170,380,1,0,0.0,0.05590722783259261,0.05528703323840817,0.04521267767320397,0.02,49,22,38
webis-touche2020,rr,30,0.02,weighted_cv,221,1139,380,1,0,0.0,0.05356028534223217,0.05528703323840817,0.04521267767320397,0.02,49,22,38
webis-touche2020,rr,30,0.02,active_cv,221,1141,380,1,0,0.0,0.16149421332892933,0.05528703323840817,0.04521267767320397,0.02,49,22,38
webis-touche2020,rr,30,0.02,weighted_cvl,221,1161,380,1,0,0.0,0.04593700518506162,0.05528703323840817,0.04521267767320397,0.02,49,22,38
webis-touche2020,rr,30,0.02,uniform,222,1207,385,1,0,0.0,0.07442724223139492,0.035992851015536835,0.06410142878314905,0.02,49,22,38
webis-touche2020,rr,30,0.02,uniform_nz,222,1174,385,1,0,0.0,0.04277693289626454,0.035992851015536835,0.06410142878314905,0.02,49,22,38
webis-touche2020,rr,30,0.02,weighted,222,1165,385,1,0,0.0,0.035992851015536835,0.035992851015536835,0.06410142878314905,0.02,49,22,38
webis-touche2020,rr,30,0.02,active_judge,222,1168,385,1,0,0.0,0.09184426285852304,0.035992851015536835,0.06410142878314905,0.02,49,22,38
webis-touche2020,rr,30,0.02,strat_pilot,222,1169,385,1,0,0.0,0.03715667978051094,0.035992851015536835,0.06410142878314905,0.02,49,22,38
webis-touche2020,rr,30,0.02,weighted_cv,222,1184,385,1,0,0.0,0.03245593445765539,0.035992851015536835,0.06410142878314905,0.02,49,22,38
webis-touche2020,rr,30,0.02,active_cv,222,1174,385,1,0,0.0,0.0622882305792415,0.035992851015536835,0.06410142878314905,0.02,49,22,38
webis-touche2020,rr,30,0.02,weighted_cvl,222,1166,385,1,0,0.0,0.03179342903869985,0.035992851015536835,0.06410142878314905,0.02,49,22,38
webis-touche2020,rr,30,0.02,uniform,223,1290,382,1,0,0.0,0.10987554681188039,0.05792397024042698,0.03488524919627324,0.02,49,24,38
webis-touche2020,rr,30,0.02,uniform_nz,223,1307,382,1,0,0.0,0.07228309365346663,0.05792397024042698,0.03488524919627324,0.02,49,24,38
webis-touche2020,rr,30,0.02,weighted,223,1307,382,1,0,0.0,0.05792397024042698,0.05792397024042698,0.03488524919627324,0.02,49,24,38
webis-touche2020,rr,30,0.02,active_judge,223,1261,382,1,0,0.0,0.10111304633811594,0.05792397024042698,0.03488524919627324,0.02,49,24,38
webis-touche2020,rr,30,0.02,strat_pilot,223,1308,382,1,0,0.0,0.05862064864022261,0.05792397024042698,0.03488524919627324,0.02,49,24,38
webis-touche2020,rr,30,0.02,weighted_cv,223,1293,382,1,0,0.0,0.04499857694241945,0.05792397024042698,0.03488524919627324,0.02,49,24,38
webis-touche2020,rr,30,0.02,active_cv,223,1255,382,1,0,0.0,0.08400359035152688,0.05792397024042698,0.03488524919627324,0.02,49,24,38
webis-touche2020,rr,30,0.02,weighted_cvl,223,1276,382,1,0,0.0,0.04191744779651482,0.05792397024042698,0.03488524919627324,0.02,49,24,38
webis-touche2020,rr,30,0.02,uniform,224,1202,376,1,0,0.0,0.09954616402780236,0.044248828250540606,0.08599209341856401,0.02,49,22,38
webis-touche2020,rr,30,0.02,uniform_nz,224,1179,376,1,0,0.0,0.05066362041494715,0.044248828250540606,0.08599209341856401,0.02,49,22,38
webis-touche2020,rr,30,0.02,weighted,224,1172,376,1,0,0.0,0.044248828250540606,0.044248828250540606,0.08599209341856401,0.02,49,22,38
webis-touche2020,rr,30,0.02,active_judge,224,1163,376,1,0,0.0,0.10311670315874275,0.044248828250540606,0.08599209341856401,0.02,49,22,38
webis-touche2020,rr,30,0.02,strat_pilot,224,1167,376,1,0,0.0,0.04552928549999713,0.044248828250540606,0.08599209341856401,0.02,49,22,38
webis-touche2020,rr,30,0.02,weighted_cv,224,1191,376,1,0,0.0,0.03621660452691696,0.044248828250540606,0.08599209341856401,0.02,49,22,38
webis-touche2020,rr,30,0.02,active_cv,224,1180,376,1,0,0.0,0.05383767153723209,0.044248828250540606,0.08599209341856401,0.02,49,22,38
webis-touche2020,rr,30,0.02,weighted_cvl,224,1181,376,1,0,0.0,0.03321553055583784,0.044248828250540606,0.08599209341856401,0.02,49,22,38
webis-touche2020,rr,30,0.02,uniform,225,1213,388,1,0,0.0,0.06857469199342758,0.048862664779889604,0.026514180061225412,0.02,49,22,38
webis-touche2020,rr,30,0.02,uniform_nz,225,1159,388,1,0,0.0,0.05899874559676205,0.048862664779889604,0.026514180061225412,0.02,49,22,38
webis-touche2020,rr,30,0.02,weighted,225,1149,388,1,0,0.0,0.048862664779889604,0.048862664779889604,0.026514180061225412,0.02,49,22,38
webis-touche2020,rr,30,0.02,active_judge,225,1166,388,1,0,0.0,0.0962801936083071,0.048862664779889604,0.026514180061225412,0.02,49,22,38
webis-touche2020,rr,30,0.02,strat_pilot,225,1166,388,1,0,0.0,0.04969914482820812,0.048862664779889604,0.026514180061225412,0.02,49,22,38
webis-touche2020,rr,30,0.02,weighted_cv,225,1152,388,1,0,0.0,0.04061470484385491,0.048862664779889604,0.026514180061225412,0.02,49,22,38
webis-touche2020,rr,30,0.02,active_cv,225,1152,388,1,0,0.0,0.07262083365983464,0.048862664779889604,0.026514180061225412,0.02,49,22,38
webis-touche2020,rr,30,0.02,weighted_cvl,225,1165,388,1,0,0.0,0.039790404552893004,0.048862664779889604,0.026514180061225412,0.02,49,22,38
webis-touche2020,rr,30,0.02,uniform,226,1214,385,1,0,0.0,0.08156386178862769,0.04767208899287164,0.07687823519789463,0.02,49,22,38
webis-touche2020,rr,30,0.02,uniform_nz,226,1143,385,1,0,0.0,0.07274510999439002,0.04767208899287164,0.07687823519789463,0.02,49,22,38
webis-touche2020,rr,30,0.02,weighted,226,1156,385,1,0,0.0,0.04767208899287164,0.04767208899287164,0.07687823519789463,0.02,49,22,38
webis-touche2020,rr,30,0.02,active_judge,226,1157,385,1,0,0.0,0.1305435227524367,0.04767208899287164,0.07687823519789463,0.02,49,22,38
webis-touche2020,rr,30,0.02,strat_pilot,226,1155,385,1,0,0.0,0.04814978586244617,0.04767208899287164,0.07687823519789463,0.02,49,22,38
webis-touche2020,rr,30,0.02,weighted_cv,226,1157,385,1,0,0.0,0.04145536843694912,0.04767208899287164,0.07687823519789463,0.02,49,22,38
webis-touche2020,rr,30,0.02,active_cv,226,1155,385,1,0,0.0,0.0805170880319807,0.04767208899287164,0.07687823519789463,0.02,49,22,38
webis-touche2020,rr,30,0.02,weighted_cvl,226,1156,385,1,0,0.0,0.039161422681738535,0.04767208899287164,0.07687823519789463,0.02,49,22,38
webis-touche2020,rr,30,0.02,uniform,227,1204,386,1,0,0.0,0.2279868234431071,0.05491472358805584,0.06820822681503796,0.02,49,22,38
webis-touche2020,rr,30,0.02,uniform_nz,227,1134,386,1,0,0.0,0.09415029777444926,0.05491472358805584,0.06820822681503796,0.02,49,22,38
webis-touche2020,rr,30,0.02,weighted,227,1188,386,1,0,0.0,0.05491472358805584,0.05491472358805584,0.06820822681503796,0.02,49,22,38
webis-touche2020,rr,30,0.02,active_judge,227,1145,386,1,0,0.0,0.16448321146003386,0.05491472358805584,0.06820822681503796,0.02,49,22,38
webis-touche2020,rr,30,0.02,strat_pilot,227,1183,386,1,0,0.0,0.0563622537620596,0.05491472358805584,0.06820822681503796,0.02,49,22,38
webis-touche2020,rr,30,0.02,weighted_cv,227,1174,386,1,0,0.0,0.03641093618944854,0.05491472358805584,0.06820822681503796,0.02,49,22,38
webis-touche2020,rr,30,0.02,active_cv,227,1152,386,1,0,0.0,0.05746578541097348,0.05491472358805584,0.06820822681503796,0.02,49,22,38
webis-touche2020,rr,30,0.02,weighted_cvl,227,1187,386,1,0,0.0,0.03666482184125403,0.05491472358805584,0.06820822681503796,0.02,49,22,38
webis-touche2020,rr,30,0.02,uniform,228,1226,382,1,0,0.0,0.07627918897669222,0.050808662355272614,0.040758335232019424,0.02,49,22,38
webis-touche2020,rr,30,0.02,uniform_nz,228,1161,382,1,0,0.0,0.059192625786509204,0.050808662355272614,0.040758335232019424,0.02,49,22,38
webis-touche2020,rr,30,0.02,weighted,228,1157,382,1,0,0.0,0.050808662355272614,0.050808662355272614,0.040758335232019424,0.02,49,22,38
webis-touche2020,rr,30,0.02,active_judge,228,1139,382,1,0,0.0,0.12539402112693665,0.050808662355272614,0.040758335232019424,0.02,49,22,38
webis-touche2020,rr,30,0.02,strat_pilot,228,1146,382,1,0,0.0,0.05120311091490021,0.050808662355272614,0.040758335232019424,0.02,49,22,38
webis-touche2020,rr,30,0.02,weighted_cv,228,1166,382,1,0,0.0,0.04360542770237306,0.050808662355272614,0.040758335232019424,0.02,49,22,38
webis-touche2020,rr,30,0.02,active_cv,228,1144,382,1,0,0.0,0.08185731992701217,0.050808662355272614,0.040758335232019424,0.02,49,22,38
webis-touche2020,rr,30,0.02,weighted_cvl,228,1179,382,1,0,0.0,0.040528249221530185,0.050808662355272614,0.040758335232019424,0.02,49,22,38
webis-touche2020,rr,30,0.02,uniform,229,1136,365,1,0,0.0,0.0537436013208671,0.02971302249934122,0.031140853470574832,0.02,49,21,38
webis-touche2020,rr,30,0.02,uniform_nz,229,1106,365,1,0,0.0,0.03643935955749125,0.02971302249934122,0.031140853470574832,0.02,49,21,38
webis-touche2020,rr,30,0.02,weighted,229,1098,365,1,0,0.0,0.02971302249934122,0.02971302249934122,0.031140853470574832,0.02,49,21,38
webis-touche2020,rr,30,0.02,active_judge,229,1097,365,1,0,0.0,0.0743109318774995,0.02971302249934122,0.031140853470574832,0.02,49,21,38
webis-touche2020,rr,30,0.02,strat_pilot,229,1085,365,1,0,0.0,0.030126673823085554,0.02971302249934122,0.031140853470574832,0.02,49,21,38
webis-touche2020,rr,30,0.02,weighted_cv,229,1106,365,1,0,0.0,0.028563638198095542,0.02971302249934122,0.031140853470574832,0.02,49,21,38
webis-touche2020,rr,30,0.02,active_cv,229,1063,365,1,0,0.0,0.059069282543621926,0.02971302249934122,0.031140853470574832,0.02,49,21,38
webis-touche2020,rr,30,0.02,weighted_cvl,229,1085,365,1,0,0.0,0.027234653727305103,0.02971302249934122,0.031140853470574832,0.02,49,21,38
webis-touche2020,rr,30,0.02,uniform,230,1162,367,1,0,0.0,0.21808581644047598,0.048200043441632194,0.08595871362899228,0.02,49,22,38
webis-touche2020,rr,30,0.02,uniform_nz,230,1154,367,1,0,0.0,0.08332277116037372,0.048200043441632194,0.08595871362899228,0.02,49,22,38
webis-touche2020,rr,30,0.02,weighted,230,1153,367,1,0,0.0,0.048200043441632194,0.048200043441632194,0.08595871362899228,0.02,49,22,38
webis-touche2020,rr,30,0.02,active_judge,230,1145,367,1,0,0.0,0.1598546997448157,0.048200043441632194,0.08595871362899228,0.02,49,22,38
webis-touche2020,rr,30,0.02,strat_pilot,230,1143,367,1,0,0.0,0.049703998502216865,0.048200043441632194,0.08595871362899228,0.02,49,22,38
webis-touche2020,rr,30,0.02,weighted_cv,230,1134,367,1,0,0.0,0.030643399163884023,0.048200043441632194,0.08595871362899228,0.02,49,22,38
webis-touche2020,rr,30,0.02,active_cv,230,1142,367,1,0,0.0,0.055977904237024145,0.048200043441632194,0.08595871362899228,0.02,49,22,38
webis-touche2020,rr,30,0.02,weighted_cvl,230,1151,367,1,0,0.0,0.029921085228325206,0.048200043441632194,0.08595871362899228,0.02,49,22,38
webis-touche2020,rr,30,0.02,uniform,231,1288,370,1,0,0.0,0.09741763562477948,0.07032463700689869,0.10755308947293915,0.02,49,24,38
webis-touche2020,rr,30,0.02,uniform_nz,231,1280,370,1,0,0.0,0.07883933831983049,0.07032463700689869,0.10755308947293915,0.02,49,24,38
webis-touche2020,rr,30,0.02,weighted,231,1281,370,1,0,0.0,0.07032463700689869,0.07032463700689869,0.10755308947293915,0.02,49,24,38
webis-touche2020,rr,30,0.02,active_judge,231,1242,370,1,0,0.0,0.15562461087544294,0.07032463700689869,0.10755308947293915,0.02,49,24,38
webis-touche2020,rr,30,0.02,strat_pilot,231,1268,370,1,0,0.0,0.07194702252853971,0.07032463700689869,0.10755308947293915,0.02,49,24,38
webis-touche2020,rr,30,0.02,weighted_cv,231,1278,370,1,0,0.0,0.05835391281694689,0.07032463700689869,0.10755308947293915,0.02,49,24,38
webis-touche2020,rr,30,0.02,active_cv,231,1266,370,1,0,0.0,0.11580832395384152,0.07032463700689869,0.10755308947293915,0.02,49,24,38
webis-touche2020,rr,30,0.02,weighted_cvl,231,1274,370,1,0,0.0,0.054196642792879016,0.07032463700689869,0.10755308947293915,0.02,49,24,38
webis-touche2020,rr,30,0.02,uniform,232,1220,374,1,0,0.0,0.0668195077286002,0.0344852526467602,0.050230824730824714,0.02,49,22,38
webis-touche2020,rr,30,0.02,uniform_nz,232,1141,374,1,0,0.0,0.041763886816671716,0.0344852526467602,0.050230824730824714,0.02,49,22,38
webis-touche2020,rr,30,0.02,weighted,232,1167,374,1,0,0.0,0.0344852526467602,0.0344852526467602,0.050230824730824714,0.02,49,22,38
webis-touche2020,rr,30,0.02,active_judge,232,1154,374,1,0,0.0,0.09153686274079816,0.0344852526467602,0.050230824730824714,0.02,49,22,38
webis-touche2020,rr,30,0.02,strat_pilot,232,1168,374,1,0,0.0,0.03483693323719686,0.0344852526467602,0.050230824730824714,0.02,49,22,38
webis-touche2020,rr,30,0.02,weighted_cv,232,1170,374,1,0,0.0,0.031970076612322096,0.0344852526467602,0.050230824730824714,0.02,49,22,38
webis-touche2020,rr,30,0.02,active_cv,232,1161,374,1,0,0.0,0.07259760374774775,0.0344852526467602,0.050230824730824714,0.02,49,22,38
webis-touche2020,rr,30,0.02,weighted_cvl,232,1166,374,1,0,0.0,0.028782336430010037,0.0344852526467602,0.050230824730824714,0.02,49,22,38
webis-touche2020,rr,30,0.02,uniform,233,1213,378,1,0,0.0,0.10850097392948752,0.05876639617906898,0.06459835391646537,0.02,49,22,38
webis-touche2020,rr,30,0.02,uniform_nz,233,1153,378,1,0,0.0,0.08814877962557324,0.05876639617906898,0.06459835391646537,0.02,49,22,38
webis-touche2020,rr,30,0.02,weighted,233,1147,378,1,0,0.0,0.05876639617906898,0.05876639617906898,0.06459835391646537,0.02,49,22,38
webis-touche2020,rr,30,0.02,active_judge,233,1145,378,1,0,0.0,0.15679767114460832,0.05876639617906898,0.06459835391646537,0.02,49,22,38
webis-touche2020,rr,30,0.02,strat_pilot,233,1151,378,1,0,0.0,0.057803012182071636,0.05876639617906898,0.06459835391646537,0.02,49,22,38
webis-touche2020,rr,30,0.02,weighted_cv,233,1158,378,1,0,0.0,0.04930458030876707,0.05876639617906898,0.06459835391646537,0.02,49,22,38
webis-touche2020,rr,30,0.02,active_cv,233,1144,378,1,0,0.0,0.08832033988513707,0.05876639617906898,0.06459835391646537,0.02,49,22,38
webis-touche2020,rr,30,0.02,weighted_cvl,233,1154,378,1,0,0.0,0.044580654907731596,0.05876639617906898,0.06459835391646537,0.02,49,22,38
webis-touche2020,rr,30,0.02,uniform,234,1232,382,1,0,0.0,0.09445797325781607,0.056060028305577145,0.05690583032378696,0.02,49,22,38
webis-touche2020,rr,30,0.02,uniform_nz,234,1166,382,1,0,0.0,0.08412132541919501,0.056060028305577145,0.05690583032378696,0.02,49,22,38
webis-touche2020,rr,30,0.02,weighted,234,1164,382,1,0,0.0,0.056060028305577145,0.056060028305577145,0.05690583032378696,0.02,49,22,38
webis-touche2020,rr,30,0.02,active_judge,234,1150,382,1,0,0.0,0.15200417251936665,0.056060028305577145,0.05690583032378696,0.02,49,22,38
webis-touche2020,rr,30,0.02,strat_pilot,234,1150,382,1,0,0.0,0.05521023491555466,0.056060028305577145,0.05690583032378696,0.02,49,22,38
webis-touche2020,rr,30,0.02,weighted_cv,234,1156,382,1,0,0.0,0.049490459483302426,0.056060028305577145,0.05690583032378696,0.02,49,22,38
webis-touche2020,rr,30,0.02,active_cv,234,1148,382,1,0,0.0,0.11961000015468448,0.056060028305577145,0.05690583032378696,0.02,49,22,38
webis-touche2020,rr,30,0.02,weighted_cvl,234,1161,382,1,0,0.0,0.04317380405918009,0.056060028305577145,0.05690583032378696,0.02,49,22,38
webis-touche2020,rr,30,0.02,uniform,235,1150,384,1,0,0.0,0.05864223003792026,0.03517178750050656,0.020815538091079906,0.02,49,21,37
webis-touche2020,rr,30,0.02,uniform_nz,235,1099,384,1,0,0.0,0.05439071762294114,0.03517178750050656,0.020815538091079906,0.02,49,21,37
webis-touche2020,rr,30,0.02,weighted,235,1096,384,1,0,0.0,0.03517178750050656,0.03517178750050656,0.020815538091079906,0.02,49,21,37
webis-touche2020,rr,30,0.02,active_judge,235,1079,384,1,0,0.0,0.10181656317615524,0.03517178750050656,0.020815538091079906,0.02,49,21,37
webis-touche2020,rr,30,0.02,strat_pilot,235,1103,384,1,0,0.0,0.03546026815620062,0.03517178750050656,0.020815538091079906,0.02,49,21,37
webis-touche2020,rr,30,0.02,weighted_cv,235,1083,384,1,0,0.0,0.02691217162412911,0.03517178750050656,0.020815538091079906,0.02,49,21,37
webis-touche2020,rr,30,0.02,active_cv,235,1072,384,1,0,0.0,0.04638815260655146,0.03517178750050656,0.020815538091079906,0.02,49,21,37
webis-touche2020,rr,30,0.02,weighted_cvl,235,1085,384,1,0,0.0,0.025025900087891562,0.03517178750050656,0.020815538091079906,0.02,49,21,37
webis-touche2020,rr,30,0.02,uniform,236,1205,383,1,0,0.0,0.07784587041488558,0.041641676470227415,0.06296576333882833,0.02,49,22,38
webis-touche2020,rr,30,0.02,uniform_nz,236,1187,383,1,0,0.0,0.04764426925340457,0.041641676470227415,0.06296576333882833,0.02,49,22,38
webis-touche2020,rr,30,0.02,weighted,236,1156,383,1,0,0.0,0.041641676470227415,0.041641676470227415,0.06296576333882833,0.02,49,22,38
webis-touche2020,rr,30,0.02,active_judge,236,1143,383,1,0,0.0,0.09364272742175125,0.041641676470227415,0.06296576333882833,0.02,49,22,38
webis-touche2020,rr,30,0.02,strat_pilot,236,1182,383,1,0,0.0,0.040899610793802624,0.041641676470227415,0.06296576333882833,0.02,49,22,38
webis-touche2020,rr,30,0.02,weighted_cv,236,1166,383,1,0,0.0,0.03938480965780759,0.041641676470227415,0.06296576333882833,0.02,49,22,38
webis-touche2020,rr,30,0.02,active_cv,236,1181,383,1,0,0.0,0.06713483552597614,0.041641676470227415,0.06296576333882833,0.02,49,22,38
webis-touche2020,rr,30,0.02,weighted_cvl,236,1168,383,1,0,0.0,0.039264332005620683,0.041641676470227415,0.06296576333882833,0.02,49,22,38
webis-touche2020,rr,30,0.02,uniform,237,1190,368,1,0,0.0,0.03694916659711723,0.019780378385291723,0.0676781724467483,0.02,49,22,38
webis-touche2020,rr,30,0.02,uniform_nz,237,1176,368,1,0,0.0,0.024625711684313767,0.019780378385291723,0.0676781724467483,0.02,49,22,38
webis-touche2020,rr,30,0.02,weighted,237,1169,368,1,0,0.0,0.019780378385291723,0.019780378385291723,0.0676781724467483,0.02,49,22,38
webis-touche2020,rr,30,0.02,active_judge,237,1134,368,1,0,0.0,0.037676325939270804,0.019780378385291723,0.0676781724467483,0.02,49,22,38
webis-touche2020,rr,30,0.02,strat_pilot,237,1167,368,1,0,0.0,0.0201021291967782,0.019780378385291723,0.0676781724467483,0.02,49,22,38
webis-touche2020,rr,30,0.02,weighted_cv,237,1165,368,1,0,0.0,0.015864446574887017,0.019780378385291723,0.0676781724467483,0.02,49,22,38
webis-touche2020,rr,30,0.02,active_cv,237,1158,368,1,0,0.0,0.026417013591300914,0.019780378385291723,0.0676781724467483,0.02,49,22,38
webis-touche2020,rr,30,0.02,weighted_cvl,237,1156,368,1,0,0.0,0.01553338069231082,0.019780378385291723,0.0676781724467483,0.02,49,22,38
webis-touche2020,rr,30,0.02,uniform,238,1284,391,1,0,0.0,0.09613303292431251,0.06911062227157538,0.11456700562266589,0.02,49,24,38
webis-touche2020,rr,30,0.02,uniform_nz,238,1290,391,1,0,0.0,0.07796567275623342,0.06911062227157538,0.11456700562266589,0.02,49,24,38
webis-touche2020,rr,30,0.02,weighted,238,1307,391,1,0,0.0,0.06911062227157538,0.06911062227157538,0.11456700562266589,0.02,49,24,38
webis-touche2020,rr,30,0.02,active_judge,238,1281,391,1,0,0.0,0.16216917948819834,0.06911062227157538,0.11456700562266589,0.02,49,24,38
webis-touche2020,rr,30,0.02,strat_pilot,238,1282,391,1,0,0.0,0.07091024287352975,0.06911062227157538,0.11456700562266589,0.02,49,24,38
webis-touche2020,rr,30,0.02,weighted_cv,238,1298,391,1,0,0.0,0.05599704829899212,0.06911062227157538,0.11456700562266589,0.02,49,24,38
webis-touche2020,rr,30,0.02,active_cv,238,1273,391,1,0,0.0,0.09843081116301898,0.06911062227157538,0.11456700562266589,0.02,49,24,38
webis-touche2020,rr,30,0.02,weighted_cvl,238,1277,391,1,0,0.0,0.05523267634259441,0.06911062227157538,0.11456700562266589,0.02,49,24,38
webis-touche2020,rr,30,0.02,uniform,239,1287,381,1,0,0.0,0.13839704420469762,0.09877235713552647,0.12334404044020766,0.02,49,24,38
webis-touche2020,rr,30,0.02,uniform_nz,239,1274,381,1,0,0.0,0.13239982256230445,0.09877235713552647,0.12334404044020766,0.02,49,24,38
webis-touche2020,rr,30,0.02,weighted,239,1278,381,1,0,0.0,0.09877235713552647,0.09877235713552647,0.12334404044020766,0.02,49,24,38
webis-touche2020,rr,30,0.02,active_judge,239,1258,381,1,0,0.0,0.2488199404273756,0.09877235713552647,0.12334404044020766,0.02,49,24,38
webis-touche2020,rr,30,0.02,strat_pilot,239,1284,381,1,0,0.0,0.10004495904142743,0.09877235713552647,0.12334404044020766,0.02,49,24,38
webis-touche2020,rr,30,0.02,weighted_cv,239,1258,381,1,0,0.0,0.08641604519846066,0.09877235713552647,0.12334404044020766,0.02,49,24,38
webis-touche2020,rr,30,0.02,active_cv,239,1244,381,1,0,0.0,0.1673863325776066,0.09877235713552647,0.12334404044020766,0.02,49,24,38
webis-touche2020,rr,30,0.02,weighted_cvl,239,1276,381,1,0,0.0,0.07360870954978296,0.09877235713552647,0.12334404044020766,0.02,49,24,38
webis-touche2020,rr,30,0.02,uniform,240,1210,372,1,0,0.0,0.06153890977250185,0.0394725386485981,0.0822100067115547,0.02,49,22,38
webis-touche2020,rr,30,0.02,uniform_nz,240,1170,372,1,0,0.0,0.04621972193894062,0.0394725386485981,0.0822100067115547,0.02,49,22,38
webis-touche2020,rr,30,0.02,weighted,240,1112,372,1,0,0.0,0.0394725386485981,0.0394725386485981,0.0822100067115547,0.02,49,22,38
webis-touche2020,rr,30,0.02,active_judge,240,1143,372,1,0,0.0,0.09039459210393123,0.0394725386485981,0.0822100067115547,0.02,49,22,38
webis-touche2020,rr,30,0.02,strat_pilot,240,1133,372,1,0,0.0,0.040686866874645976,0.0394725386485981,0.0822100067115547,0.02,49,22,38
webis-touche2020,rr,30,0.02,weighted_cv,240,1171,372,1,0,0.0,0.03141512256140743,0.0394725386485981,0.0822100067115547,0.02,49,22,38
webis-touche2020,rr,30,0.02,active_cv,240,1163,372,1,0,0.0,0.05072306182374681,0.0394725386485981,0.0822100067115547,0.02,49,22,38
webis-touche2020,rr,30,0.02,weighted_cvl,240,1166,372,1,0,0.0,0.028982338088867764,0.0394725386485981,0.0822100067115547,0.02,49,22,38
webis-touche2020,rr,30,0.02,uniform,241,1142,381,1,0,0.0,0.05281928135366361,0.02695527778157229,0.023040162451927148,0.02,49,21,37
webis-touche2020,rr,30,0.02,uniform_nz,241,1075,381,1,0,0.0,0.04754185976768507,0.02695527778157229,0.023040162451927148,0.02,49,21,37
webis-touche2020,rr,30,0.02,weighted,241,1118,381,1,0,0.0,0.02695527778157229,0.02695527778157229,0.023040162451927148,0.02,49,21,37
webis-touche2020,rr,30,0.02,active_judge,241,1072,381,1,0,0.0,0.0809665254867534,0.02695527778157229,0.023040162451927148,0.02,49,21,37
webis-touche2020,rr,30,0.02,strat_pilot,241,1070,381,1,0,0.0,0.025421602339926262,0.02695527778157229,0.023040162451927148,0.02,49,21,37
webis-touche2020,rr,30,0.02,weighted_cv,241,1100,381,1,0,0.0,0.020563239525011993,0.02695527778157229,0.023040162451927148,0.02,49,21,37
webis-touche2020,rr,30,0.02,active_cv,241,1085,381,1,0,0.0,0.031753702809477855,0.02695527778157229,0.023040162451927148,0.02,49,21,37
webis-touche2020,rr,30,0.02,weighted_cvl,241,1085,381,1,0,0.0,0.021137863442794676,0.02695527778157229,0.023040162451927148,0.02,49,21,37
webis-touche2020,rr,30,0.02,uniform,242,1168,373,1,0,0.0,0.23289727812873612,0.0537913453869255,0.026863601310969744,0.02,49,21,38
webis-touche2020,rr,30,0.02,uniform_nz,242,1099,373,1,0,0.0,0.09504062888760026,0.0537913453869255,0.026863601310969744,0.02,49,21,38
webis-touche2020,rr,30,0.02,weighted,242,1114,373,1,0,0.0,0.0537913453869255,0.0537913453869255,0.026863601310969744,0.02,49,21,38
webis-touche2020,rr,30,0.02,active_judge,242,1099,373,1,0,0.0,0.16497499887289296,0.0537913453869255,0.026863601310969744,0.02,49,21,38
webis-touche2020,rr,30,0.02,strat_pilot,242,1097,373,1,0,0.0,0.054427251601493976,0.0537913453869255,0.026863601310969744,0.02,49,21,38
webis-touche2020,rr,30,0.02,weighted_cv,242,1114,373,1,0,0.0,0.041250040059534934,0.0537913453869255,0.026863601310969744,0.02,49,21,38
webis-touche2020,rr,30,0.02,active_cv,242,1086,373,1,0,0.0,0.08742820813332493,0.0537913453869255,0.026863601310969744,0.02,49,21,38
webis-touche2020,rr,30,0.02,weighted_cvl,242,1099,373,1,0,0.0,0.037757025462381626,0.0537913453869255,0.026863601310969744,0.02,49,21,38
webis-touche2020,rr,30,0.02,uniform,243,1212,381,1,0,0.0,0.21682431626311574,0.05336864918890942,0.05956470332537098,0.02,49,22,38
webis-touche2020,rr,30,0.02,uniform_nz,243,1143,381,1,0,0.0,0.0910433861656383,0.05336864918890942,0.05956470332537098,0.02,49,22,38
webis-touche2020,rr,30,0.02,weighted,243,1187,381,1,0,0.0,0.05336864918890942,0.05336864918890942,0.05956470332537098,0.02,49,22,38
webis-touche2020,rr,30,0.02,active_judge,243,1169,381,1,0,0.0,0.17455849319099967,0.05336864918890942,0.05956470332537098,0.02,49,22,38
webis-touche2020,rr,30,0.02,strat_pilot,243,1180,381,1,0,0.0,0.05402306910276833,0.05336864918890942,0.05956470332537098,0.02,49,22,38
webis-touche2020,rr,30,0.02,weighted_cv,243,1151,381,1,0,0.0,0.040091203914068216,0.05336864918890942,0.05956470332537098,0.02,49,22,38
webis-touche2020,rr,30,0.02,active_cv,243,1165,381,1,0,0.0,0.06859621453376413,0.05336864918890942,0.05956470332537098,0.02,49,22,38
webis-touche2020,rr,30,0.02,weighted_cvl,243,1154,381,1,0,0.0,0.03735743212914626,0.05336864918890942,0.05956470332537098,0.02,49,22,38
webis-touche2020,rr,30,0.02,uniform,244,1191,388,1,0,0.0,0.2390063678526467,0.05052586004152996,0.0651174583531563,0.02,49,22,38
webis-touche2020,rr,30,0.02,uniform_nz,244,1211,388,1,0,0.0,0.09058580760415372,0.05052586004152996,0.0651174583531563,0.02,49,22,38
webis-touche2020,rr,30,0.02,weighted,244,1175,388,1,0,0.0,0.05052586004152996,0.05052586004152996,0.0651174583531563,0.02,49,22,38
webis-touche2020,rr,30,0.02,active_judge,244,1168,388,1,0,0.0,0.1651068176076817,0.05052586004152996,0.0651174583531563,0.02,49,22,38
webis-touche2020,rr,30,0.02,strat_pilot,244,1182,388,1,0,0.0,0.05180826816804844,0.05052586004152996,0.0651174583531563,0.02,49,22,38
webis-touche2020,rr,30,0.02,weighted_cv,244,1190,388,1,0,0.0,0.03441604032272868,0.05052586004152996,0.0651174583531563,0.02,49,22,38
webis-touche2020,rr,30,0.02,active_cv,244,1173,388,1,0,0.0,0.0782216411967289,0.05052586004152996,0.0651174583531563,0.02,49,22,38
webis-touche2020,rr,30,0.02,weighted_cvl,244,1196,388,1,0,0.0,0.03541149458499583,0.05052586004152996,0.0651174583531563,0.02,49,22,38
webis-touche2020,rr,30,0.02,uniform,245,1186,381,1,0,0.0,0.06041240242280523,0.03722864426290617,0.0668767561987376,0.02,49,22,38
webis-touche2020,rr,30,0.02,uniform_nz,245,1164,381,1,0,0.0,0.047430884794705294,0.03722864426290617,0.0668767561987376,0.02,49,22,38
webis-touche2020,rr,30,0.02,weighted,245,1167,381,1,0,0.0,0.03722864426290617,0.03722864426290617,0.0668767561987376,0.02,49,22,38
webis-touche2020,rr,30,0.02,active_judge,245,1156,381,1,0,0.0,0.07364295144398375,0.03722864426290617,0.0668767561987376,0.02,49,22,38
webis-touche2020,rr,30,0.02,strat_pilot,245,1165,381,1,0,0.0,0.03767669011217847,0.03722864426290617,0.0668767561987376,0.02,49,22,38
webis-touche2020,rr,30,0.02,weighted_cv,245,1170,381,1,0,0.0,0.030182032527837816,0.03722864426290617,0.0668767561987376,0.02,49,22,38
webis-touche2020,rr,30,0.02,active_cv,245,1132,381,1,0,0.0,0.05770355388313162,0.03722864426290617,0.0668767561987376,0.02,49,22,38
webis-touche2020,rr,30,0.02,weighted_cvl,245,1160,381,1,0,0.0,0.026936961322836555,0.03722864426290617,0.0668767561987376,0.02,49,22,38
webis-touche2020,rr,30,0.02,uniform,246,1187,380,1,0,0.0,0.0552177183286696,0.03810028348976555,0.026911976911976897,0.02,49,21,38
webis-touche2020,rr,30,0.02,uniform_nz,246,1112,380,1,0,0.0,0.0431053697991497,0.03810028348976555,0.026911976911976897,0.02,49,21,38
webis-touche2020,rr,30,0.02,weighted,246,1108,380,1,0,0.0,0.03810028348976555,0.03810028348976555,0.026911976911976897,0.02,49,21,38
webis-touche2020,rr,30,0.02,active_judge,246,1102,380,1,0,0.0,0.08438612681819238,0.03810028348976555,0.026911976911976897,0.02,49,21,38
webis-touche2020,rr,30,0.02,strat_pilot,246,1111,380,1,0,0.0,0.03867923834620129,0.03810028348976555,0.026911976911976897,0.02,49,21,38
webis-touche2020,rr,30,0.02,weighted_cv,246,1101,380,1,0,0.0,0.03227700134041203,0.03810028348976555,0.026911976911976897,0.02,49,21,38
webis-touche2020,rr,30,0.02,active_cv,246,1103,380,1,0,0.0,0.060362718440605825,0.03810028348976555,0.026911976911976897,0.02,49,21,38
webis-touche2020,rr,30,0.02,weighted_cvl,246,1092,380,1,0,0.0,0.03193904610562959,0.03810028348976555,0.026911976911976897,0.02,49,21,38
webis-touche2020,rr,30,0.02,uniform,247,1264,383,1,0,0.0,0.10591714721743646,0.07659298159997055,0.12843402913745375,0.02,49,24,38
webis-touche2020,rr,30,0.02,uniform_nz,247,1287,383,1,0,0.0,0.0855416701282116,0.07659298159997055,0.12843402913745375,0.02,49,24,38
webis-touche2020,rr,30,0.02,weighted,247,1260,383,1,0,0.0,0.07659298159997055,0.07659298159997055,0.12843402913745375,0.02,49,24,38
webis-touche2020,rr,30,0.02,active_judge,247,1258,383,1,0,0.0,0.16707716843835171,0.07659298159997055,0.12843402913745375,0.02,49,24,38
webis-touche2020,rr,30,0.02,strat_pilot,247,1288,383,1,0,0.0,0.07717313304092742,0.07659298159997055,0.12843402913745375,0.02,49,24,38
webis-touche2020,rr,30,0.02,weighted_cv,247,1300,383,1,0,0.0,0.06304575918948677,0.07659298159997055,0.12843402913745375,0.02,49,24,38
webis-touche2020,rr,30,0.02,active_cv,247,1251,383,1,0,0.0,0.11791706425393438,0.07659298159997055,0.12843402913745375,0.02,49,24,38
webis-touche2020,rr,30,0.02,weighted_cvl,247,1269,383,1,0,0.0,0.06316235345981865,0.07659298159997055,0.12843402913745375,0.02,49,24,38
webis-touche2020,rr,30,0.02,uniform,248,1181,386,1,0,0.00047630470594373087,0.0980290300976568,0.05870603243464275,0.02766429133302198,0.01952369529405627,49,21,37
webis-touche2020,rr,30,0.02,uniform_nz,248,1067,386,1,0,0.00047630470594373087,0.08823088110398879,0.05870603243464275,0.02766429133302198,0.01952369529405627,49,21,37
webis-touche2020,rr,30,0.02,weighted,248,1060,386,1,0,0.00047630470594373087,0.05870603243464275,0.05870603243464275,0.02766429133302198,0.01952369529405627,49,21,37
webis-touche2020,rr,30,0.02,active_judge,248,1040,386,1,0,0.00047630470594373087,0.14470988698318696,0.05870603243464275,0.02766429133302198,0.01952369529405627,49,21,37
webis-touche2020,rr,30,0.02,strat_pilot,248,1082,386,1,0,0.00047630470594373087,0.05690878529315414,0.05870603243464275,0.02766429133302198,0.01952369529405627,49,21,37
webis-touche2020,rr,30,0.02,weighted_cv,248,1044,386,1,0,0.00047630470594373087,0.047810403369348456,0.05870603243464275,0.02766429133302198,0.01952369529405627,49,21,37
webis-touche2020,rr,30,0.02,active_cv,248,1053,386,1,0,0.00047630470594373087,0.10418417241382996,0.05870603243464275,0.02766429133302198,0.01952369529405627,49,21,37
webis-touche2020,rr,30,0.02,weighted_cvl,248,1068,386,1,0,0.00047630470594373087,0.04693649597606215,0.05870603243464275,0.02766429133302198,0.01952369529405627,49,21,37
webis-touche2020,rr,30,0.02,uniform,249,1310,380,1,0,0.0,0.12048103438649652,0.08536047849088474,0.10060563407561658,0.02,49,24,38
webis-touche2020,rr,30,0.02,uniform_nz,249,1267,380,1,0,0.0,0.10390484351779197,0.08536047849088474,0.10060563407561658,0.02,49,24,38
webis-touche2020,rr,30,0.02,weighted,249,1277,380,1,0,0.0,0.08536047849088474,0.08536047849088474,0.10060563407561658,0.02,49,24,38
webis-touche2020,rr,30,0.02,active_judge,249,1262,380,1,0,0.0,0.1951150746427627,0.08536047849088474,0.10060563407561658,0.02,49,24,38
webis-touche2020,rr,30,0.02,strat_pilot,249,1256,380,1,0,0.0,0.08400471280204957,0.08536047849088474,0.10060563407561658,0.02,49,24,38
webis-touche2020,rr,30,0.02,weighted_cv,249,1297,380,1,0,0.0,0.08189817417690212,0.08536047849088474,0.10060563407561658,0.02,49,24,38
webis-touche2020,rr,30,0.02,active_cv,249,1257,380,1,0,0.0,0.23202358608320348,0.08536047849088474,0.10060563407561658,0.02,49,24,38
webis-touche2020,rr,30,0.02,weighted_cvl,249,1293,380,1,0,0.0,0.07589044396097808,0.08536047849088474,0.10060563407561658,0.02,49,24,38
webis-touche2020,rr,30,0.02,uniform,250,1221,375,1,0,0.0,0.2253898494471344,0.05555645688091212,0.05557587149692414,0.02,49,22,38
webis-touche2020,rr,30,0.02,uniform_nz,250,1165,375,1,0,0.0,0.09776101331144162,0.05555645688091212,0.05557587149692414,0.02,49,22,38
webis-touche2020,rr,30,0.02,weighted,250,1172,375,1,0,0.0,0.05555645688091212,0.05555645688091212,0.05557587149692414,0.02,49,22,38
webis-touche2020,rr,30,0.02,active_judge,250,1157,375,1,0,0.0,0.1809188189274496,0.05555645688091212,0.05557587149692414,0.02,49,22,38
webis-touche2020,rr,30,0.02,strat_pilot,250,1160,375,1,0,0.0,0.05587449196454506,0.05555645688091212,0.05557587149692414,0.02,49,22,38
webis-touche2020,rr,30,0.02,weighted_cv,250,1157,375,1,0,0.0,0.04171702061347837,0.05555645688091212,0.05557587149692414,0.02,49,22,38
webis-touche2020,rr,30,0.02,active_cv,250,1140,375,1,0,0.0,0.08492990462913917,0.05555645688091212,0.05557587149692414,0.02,49,22,38
webis-touche2020,rr,30,0.02,weighted_cvl,250,1137,375,1,0,0.0,0.03900790827806999,0.05555645688091212,0.05557587149692414,0.02,49,22,38
webis-touche2020,rr,30,0.02,uniform,251,1189,375,1,0,0.0,0.08979867267250051,0.04630335585216394,0.06371007063112326,0.02,49,22,38
webis-touche2020,rr,30,0.02,uniform_nz,251,1165,375,1,0,0.0,0.07586070651998698,0.04630335585216394,0.06371007063112326,0.02,49,22,38
webis-touche2020,rr,30,0.02,weighted,251,1169,375,1,0,0.0,0.04630335585216394,0.04630335585216394,0.06371007063112326,0.02,49,22,38
webis-touche2020,rr,30,0.02,active_judge,251,1149,375,1,0,0.0,0.13103492884856532,0.04630335585216394,0.06371007063112326,0.02,49,22,38
webis-touche2020,rr,30,0.02,strat_pilot,251,1156,375,1,0,0.0,0.04586721811490373,0.04630335585216394,0.06371007063112326,0.02,49,22,38
webis-touche2020,rr,30,0.02,weighted_cv,251,1160,375,1,0,0.0,0.0372301401191716,0.04630335585216394,0.06371007063112326,0.02,49,22,38
webis-touche2020,rr,30,0.02,active_cv,251,1139,375,1,0,0.0,0.06849612640356205,0.04630335585216394,0.06371007063112326,0.02,49,22,38
webis-touche2020,rr,30,0.02,weighted_cvl,251,1159,375,1,0,0.0,0.033501847733744414,0.04630335585216394,0.06371007063112326,0.02,49,22,38
webis-touche2020,rr,30,0.02,uniform,252,1249,386,1,0,0.0,0.10685334695638153,0.045064298069807746,0.07461271402353645,0.02,49,22,38
webis-touche2020,rr,30,0.02,uniform_nz,252,1182,386,1,0,0.0,0.07043262470734304,0.045064298069807746,0.07461271402353645,0.02,49,22,38
webis-touche2020,rr,30,0.02,weighted,252,1199,386,1,0,0.0,0.045064298069807746,0.045064298069807746,0.07461271402353645,0.02,49,22,38
webis-touche2020,rr,30,0.02,active_judge,252,1163,386,1,0,0.0,0.14096195433808417,0.045064298069807746,0.07461271402353645,0.02,49,22,38
webis-touche2020,rr,30,0.02,strat_pilot,252,1183,386,1,0,0.0,0.046579470667614156,0.045064298069807746,0.07461271402353645,0.02,49,22,38
webis-touche2020,rr,30,0.02,weighted_cv,252,1166,386,1,0,0.0,0.03797069121834953,0.045064298069807746,0.07461271402353645,0.02,49,22,38
webis-touche2020,rr,30,0.02,active_cv,252,1160,386,1,0,0.0,0.07438585792856965,0.045064298069807746,0.07461271402353645,0.02,49,22,38
webis-touche2020,rr,30,0.02,weighted_cvl,252,1179,386,1,0,0.0,0.03399796035448555,0.045064298069807746,0.07461271402353645,0.02,49,22,38
webis-touche2020,rr,30,0.02,uniform,253,1254,386,1,0,0.0,0.07169807538374416,0.0340024892287021,0.03315497611550241,0.02,49,22,38
webis-touche2020,rr,30,0.02,uniform_nz,253,1184,386,1,0,0.0,0.0424931510819099,0.0340024892287021,0.03315497611550241,0.02,49,22,38
webis-touche2020,rr,30,0.02,weighted,253,1198,386,1,0,0.0,0.0340024892287021,0.0340024892287021,0.03315497611550241,0.02,49,22,38
webis-touche2020,rr,30,0.02,active_judge,253,1181,386,1,0,0.0,0.0754395740120196,0.0340024892287021,0.03315497611550241,0.02,49,22,38
webis-touche2020,rr,30,0.02,strat_pilot,253,1190,386,1,0,0.0,0.03406470354088694,0.0340024892287021,0.03315497611550241,0.02,49,22,38
webis-touche2020,rr,30,0.02,weighted_cv,253,1177,386,1,0,0.0,0.034416076326703314,0.0340024892287021,0.03315497611550241,0.02,49,22,38
webis-touche2020,rr,30,0.02,active_cv,253,1180,386,1,0,0.0,0.09907908490563633,0.0340024892287021,0.03315497611550241,0.02,49,22,38
webis-touche2020,rr,30,0.02,weighted_cvl,253,1178,386,1,0,0.0,0.030240030797138072,0.0340024892287021,0.03315497611550241,0.02,49,22,38
webis-touche2020,rr,30,0.02,uniform,254,1226,380,1,0,0.0,0.25650183455718906,0.07172328631311745,0.07128390993251676,0.02,49,22,38
webis-touche2020,rr,30,0.02,uniform_nz,254,1179,380,1,0,0.0,0.11983865870817823,0.07172328631311745,0.07128390993251676,0.02,49,22,38
webis-touche2020,rr,30,0.02,weighted,254,1184,380,1,0,0.0,0.07172328631311745,0.07172328631311745,0.07128390993251676,0.02,49,22,38
webis-touche2020,rr,30,0.02,active_judge,254,1159,380,1,0,0.0,0.1981895731900784,0.07172328631311745,0.07128390993251676,0.02,49,22,38
webis-touche2020,rr,30,0.02,strat_pilot,254,1186,380,1,0,0.0,0.07249363667956889,0.07172328631311745,0.07128390993251676,0.02,49,22,38
webis-touche2020,rr,30,0.02,weighted_cv,254,1167,380,1,0,0.0,0.05534367898589304,0.07172328631311745,0.07128390993251676,0.02,49,22,38
webis-touche2020,rr,30,0.02,active_cv,254,1152,380,1,0,0.0,0.13864657235616917,0.07172328631311745,0.07128390993251676,0.02,49,22,38
webis-touche2020,rr,30,0.02,weighted_cvl,254,1163,380,1,0,0.0,0.0537043164091893,0.07172328631311745,0.07128390993251676,0.02,49,22,38
webis-touche2020,rr,30,0.02,uniform,255,1162,370,1,0,0.0,0.06501204506103399,0.03232531860329114,0.021082251082251088,0.02,49,21,38
webis-touche2020,rr,30,0.02,uniform_nz,255,1097,370,1,0,0.0,0.053935068483820806,0.03232531860329114,0.021082251082251088,0.02,49,21,38
webis-touche2020,rr,30,0.02,weighted,255,1085,370,1,0,0.0,0.03232531860329114,0.03232531860329114,0.021082251082251088,0.02,49,21,38
webis-touche2020,rr,30,0.02,active_judge,255,1077,370,1,0,0.0,0.09123521221525473,0.03232531860329114,0.021082251082251088,0.02,49,21,38
webis-touche2020,rr,30,0.02,strat_pilot,255,1085,370,1,0,0.0,0.03022033274998966,0.03232531860329114,0.021082251082251088,0.02,49,21,38
webis-touche2020,rr,30,0.02,weighted_cv,255,1094,370,1,0,0.0,0.024136409891312417,0.03232531860329114,0.021082251082251088,0.02,49,21,38
webis-touche2020,rr,30,0.02,active_cv,255,1072,370,1,0,0.0,0.04572277194937644,0.03232531860329114,0.021082251082251088,0.02,49,21,38
webis-touche2020,rr,30,0.02,weighted_cvl,255,1086,370,1,0,0.0,0.022561119767794326,0.03232531860329114,0.021082251082251088,0.02,49,21,38
webis-touche2020,rr,30,0.02,uniform,256,1184,367,1,0,0.0,0.06520601112462757,0.04282133234809947,0.03674195031547971,0.02,49,22,38
webis-touche2020,rr,30,0.02,uniform_nz,256,1149,367,1,0,0.0,0.05227269925173379,0.04282133234809947,0.03674195031547971,0.02,49,22,38
webis-touche2020,rr,30,0.02,weighted,256,1144,367,1,0,0.0,0.04282133234809947,0.04282133234809947,0.03674195031547971,0.02,49,22,38
webis-touche2020,rr,30,0.02,active_judge,256,1112,367,1,0,0.0,0.09949504550386425,0.04282133234809947,0.03674195031547971,0.02,49,22,38
webis-touche2020,rr,30,0.02,strat_pilot,256,1159,367,1,0,0.0,0.042808833741520856,0.04282133234809947,0.03674195031547971,0.02,49,22,38
webis-touche2020,rr,30,0.02,weighted_cv,256,1140,367,1,0,0.0,0.043452434015149415,0.04282133234809947,0.03674195031547971,0.02,49,22,38
webis-touche2020,rr,30,0.02,active_cv,256,1117,367,1,0,0.0,0.11101611581214095,0.04282133234809947,0.03674195031547971,0.02,49,22,38
webis-touche2020,rr,30,0.02,weighted_cvl,256,1142,367,1,0,0.0,0.03884872509609672,0.04282133234809947,0.03674195031547971,0.02,49,22,38
webis-touche2020,rr,30,0.02,uniform,257,1208,381,1,0,0.0,0.23618477346153166,0.06599758581730256,0.08278014340943403,0.02,49,22,38
webis-touche2020,rr,30,0.02,uniform_nz,257,1194,381,1,0,0.0,0.10884252516090809,0.06599758581730256,0.08278014340943403,0.02,49,22,38
webis-touche2020,rr,30,0.02,weighted,257,1158,381,1,0,0.0,0.06599758581730256,0.06599758581730256,0.08278014340943403,0.02,49,22,38
webis-touche2020,rr,30,0.02,active_judge,257,1151,381,1,0,0.0,0.19910383617463207,0.06599758581730256,0.08278014340943403,0.02,49,22,38
webis-touche2020,rr,30,0.02,strat_pilot,257,1147,381,1,0,0.0,0.06808325602085387,0.06599758581730256,0.08278014340943403,0.02,49,22,38
webis-touche2020,rr,30,0.02,weighted_cv,257,1187,381,1,0,0.0,0.047433489109745076,0.06599758581730256,0.08278014340943403,0.02,49,22,38
webis-touche2020,rr,30,0.02,active_cv,257,1159,381,1,0,0.0,0.08176022541088199,0.06599758581730256,0.08278014340943403,0.02,49,22,38
webis-touche2020,rr,30,0.02,weighted_cvl,257,1159,381,1,0,0.0,0.04597882101060055,0.06599758581730256,0.08278014340943403,0.02,49,22,38
webis-touche2020,rr,30,0.02,uniform,258,1250,391,1,0,0.0,0.08562572455424414,0.040553361466163354,0.04961796536796534,0.02,49,22,38
webis-touche2020,rr,30,0.02,uniform_nz,258,1172,391,1,0,0.0,0.053006985237364024,0.040553361466163354,0.04961796536796534,0.02,49,22,38
webis-touche2020,rr,30,0.02,weighted,258,1184,391,1,0,0.0,0.040553361466163354,0.040553361466163354,0.04961796536796534,0.02,49,22,38
webis-touche2020,rr,30,0.02,active_judge,258,1163,391,1,0,0.0,0.0651156083442564,0.040553361466163354,0.04961796536796534,0.02,49,22,38
webis-touche2020,rr,30,0.02,strat_pilot,258,1199,391,1,0,0.0,0.040946672668151295,0.040553361466163354,0.04961796536796534,0.02,49,22,38
webis-touche2020,rr,30,0.02,weighted_cv,258,1202,391,1,0,0.0,0.03602701855258826,0.040553361466163354,0.04961796536796534,0.02,49,22,38
webis-touche2020,rr,30,0.02,active_cv,258,1171,391,1,0,0.0,0.08892580770658866,0.040553361466163354,0.04961796536796534,0.02,49,22,38
webis-touche2020,rr,30,0.02,weighted_cvl,258,1171,391,1,0,0.0,0.032362890768736566,0.040553361466163354,0.04961796536796534,0.02,49,22,38
webis-touche2020,rr,30,0.02,uniform,259,1236,370,1,0,0.0,0.22366429674163862,0.053754465459585635,0.08205177691245805,0.02,49,22,38
webis-touche2020,rr,30,0.02,uniform_nz,259,1158,370,1,0,0.0,0.09530683711696229,0.053754465459585635,0.08205177691245805,0.02,49,22,38
webis-touche2020,rr,30,0.02,weighted,259,1161,370,1,0,0.0,0.053754465459585635,0.053754465459585635,0.08205177691245805,0.02,49,22,38
webis-touche2020,rr,30,0.02,active_judge,259,1134,370,1,0,0.0,0.1641596833491202,0.053754465459585635,0.08205177691245805,0.02,49,22,38
webis-touche2020,rr,30,0.02,strat_pilot,259,1167,370,1,0,0.0,0.05421666166800213,0.053754465459585635,0.08205177691245805,0.02,49,22,38
webis-touche2020,rr,30,0.02,weighted_cv,259,1141,370,1,0,0.0,0.038646552708753376,0.053754465459585635,0.08205177691245805,0.02,49,22,38
webis-touche2020,rr,30,0.02,active_cv,259,1144,370,1,0,0.0,0.06573460460183304,0.053754465459585635,0.08205177691245805,0.02,49,22,38
webis-touche2020,rr,30,0.02,weighted_cvl,259,1154,370,1,0,0.0,0.0376606247859987,0.053754465459585635,0.08205177691245805,0.02,49,22,38
webis-touche2020,rr,30,0.02,uniform,260,1191,381,1,0,0.0,0.11660299461199272,0.055462904869896155,0.07431176537600684,0.02,49,22,38
webis-touche2020,rr,30,0.02,uniform_nz,260,1168,381,1,0,0.0,0.09230242860819973,0.055462904869896155,0.07431176537600684,0.02,49,22,38
webis-touche2020,rr,30,0.02,weighted,260,1198,381,1,0,0.0,0.055462904869896155,0.055462904869896155,0.07431176537600684,0.02,49,22,38
webis-touche2020,rr,30,0.02,active_judge,260,1148,381,1,0,0.0,0.13498130158639254,0.055462904869896155,0.07431176537600684,0.02,49,22,38
webis-touche2020,rr,30,0.02,strat_pilot,260,1182,381,1,0,0.0,0.0539709448936993,0.055462904869896155,0.07431176537600684,0.02,49,22,38
webis-touche2020,rr,30,0.02,weighted_cv,260,1160,381,1,0,0.0,0.05085979724874536,0.055462904869896155,0.07431176537600684,0.02,49,22,38
webis-touche2020,rr,30,0.02,active_cv,260,1173,381,1,0,0.0,0.14318795487664243,0.055462904869896155,0.07431176537600684,0.02,49,22,38
webis-touche2020,rr,30,0.02,weighted_cvl,260,1158,381,1,0,0.0,0.04539451249144913,0.055462904869896155,0.07431176537600684,0.02,49,22,38
webis-touche2020,rr,30,0.02,uniform,261,1299,393,1,0,0.0,0.13344449693640298,0.10162512577422367,0.14663671321205748,0.02,49,24,38
webis-touche2020,rr,30,0.02,uniform_nz,261,1286,393,1,0,0.0,0.11469337631447296,0.10162512577422367,0.14663671321205748,0.02,49,24,38
webis-touche2020,rr,30,0.02,weighted,261,1297,393,1,0,0.0,0.10162512577422367,0.10162512577422367,0.14663671321205748,0.02,49,24,38
webis-touche2020,rr,30,0.02,active_judge,261,1259,393,1,0,0.0,0.22517881094560707,0.10162512577422367,0.14663671321205748,0.02,49,24,38
webis-touche2020,rr,30,0.02,strat_pilot,261,1285,393,1,0,0.0,0.10330941738709551,0.10162512577422367,0.14663671321205748,0.02,49,24,38
webis-touche2020,rr,30,0.02,weighted_cv,261,1283,393,1,0,0.0,0.09123417957962095,0.10162512577422367,0.14663671321205748,0.02,49,24,38
webis-touche2020,rr,30,0.02,active_cv,261,1268,393,1,0,0.0,0.20325023669155834,0.10162512577422367,0.14663671321205748,0.02,49,24,38
webis-touche2020,rr,30,0.02,weighted_cvl,261,1305,393,1,0,0.0,0.09095566044255599,0.10162512577422367,0.14663671321205748,0.02,49,24,38
webis-touche2020,rr,30,0.02,uniform,262,1186,375,1,0,0.0,0.21781318603171265,0.053663312580881826,0.0633102344278815,0.02,49,22,38
webis-touche2020,rr,30,0.02,uniform_nz,262,1143,375,1,0,0.0,0.09468161054324617,0.053663312580881826,0.0633102344278815,0.02,49,22,38
webis-touche2020,rr,30,0.02,weighted,262,1170,375,1,0,0.0,0.053663312580881826,0.053663312580881826,0.0633102344278815,0.02,49,22,38
webis-touche2020,rr,30,0.02,active_judge,262,1141,375,1,0,0.0,0.1731316428309394,0.053663312580881826,0.0633102344278815,0.02,49,22,38
webis-touche2020,rr,30,0.02,strat_pilot,262,1162,375,1,0,0.0,0.05503161925861103,0.053663312580881826,0.0633102344278815,0.02,49,22,38
webis-touche2020,rr,30,0.02,weighted_cv,262,1166,375,1,0,0.0,0.03780421152104847,0.053663312580881826,0.0633102344278815,0.02,49,22,38
webis-touche2020,rr,30,0.02,active_cv,262,1147,375,1,0,0.0,0.05931999386069751,0.053663312580881826,0.0633102344278815,0.02,49,22,38
webis-touche2020,rr,30,0.02,weighted_cvl,262,1153,375,1,0,0.0,0.036131626539524384,0.053663312580881826,0.0633102344278815,0.02,49,22,38
webis-touche2020,rr,30,0.02,uniform,263,1252,390,1,0,0.0,0.10543639751112613,0.04391122580528544,0.07718250016237634,0.02,49,22,38
webis-touche2020,rr,30,0.02,uniform_nz,263,1196,390,1,0,0.0,0.0619243374094278,0.04391122580528544,0.07718250016237634,0.02,49,22,38
webis-touche2020,rr,30,0.02,weighted,263,1185,390,1,0,0.0,0.04391122580528544,0.04391122580528544,0.07718250016237634,0.02,49,22,38
webis-touche2020,rr,30,0.02,active_judge,263,1180,390,1,0,0.0,0.12218801470038594,0.04391122580528544,0.07718250016237634,0.02,49,22,38
webis-touche2020,rr,30,0.02,strat_pilot,263,1219,390,1,0,0.0,0.04286855230580786,0.04391122580528544,0.07718250016237634,0.02,49,22,38
webis-touche2020,rr,30,0.02,weighted_cv,263,1190,390,1,0,0.0,0.03811616211133896,0.04391122580528544,0.07718250016237634,0.02,49,22,38
webis-touche2020,rr,30,0.02,active_cv,263,1188,390,1,0,0.0,0.07582428921141852,0.04391122580528544,0.07718250016237634,0.02,49,22,38
webis-touche2020,rr,30,0.02,weighted_cvl,263,1194,390,1,0,0.0,0.03669710333036045,0.04391122580528544,0.07718250016237634,0.02,49,22,38
webis-touche2020,rr,30,0.02,uniform,264,1233,385,1,0,0.0,0.0739005423477326,0.045910823058002044,0.06710091851483695,0.02,49,22,38
webis-touche2020,rr,30,0.02,uniform_nz,264,1167,385,1,0,0.0,0.059642670262082774,0.045910823058002044,0.06710091851483695,0.02,49,22,38
webis-touche2020,rr,30,0.02,weighted,264,1171,385,1,0,0.0,0.045910823058002044,0.045910823058002044,0.06710091851483695,0.02,49,22,38
webis-touche2020,rr,30,0.02,active_judge,264,1156,385,1,0,0.0,0.11431830465035082,0.045910823058002044,0.06710091851483695,0.02,49,22,38
webis-touche2020,rr,30,0.02,strat_pilot,264,1146,385,1,0,0.0,0.04639388784001684,0.045910823058002044,0.06710091851483695,0.02,49,22,38
webis-touche2020,rr,30,0.02,weighted_cv,264,1154,385,1,0,0.0,0.038325681324777885,0.045910823058002044,0.06710091851483695,0.02,49,22,38
webis-touche2020,rr,30,0.02,active_cv,264,1141,385,1,0,0.0,0.07511895283081368,0.045910823058002044,0.06710091851483695,0.02,49,22,38
webis-touche2020,rr,30,0.02,weighted_cvl,264,1157,385,1,0,0.0,0.03662699327609824,0.045910823058002044,0.06710091851483695,0.02,49,22,38
webis-touche2020,rr,30,0.02,uniform,265,1159,376,1,0,0.0,0.09057145362615393,0.04279109989199574,0.02051382226304827,0.02,49,21,37
webis-touche2020,rr,30,0.02,uniform_nz,265,1087,376,1,0,0.0,0.05494473052399353,0.04279109989199574,0.02051382226304827,0.02,49,21,37
webis-touche2020,rr,30,0.02,weighted,265,1074,376,1,0,0.0,0.04279109989199574,0.04279109989199574,0.02051382226304827,0.02,49,21,37
webis-touche2020,rr,30,0.02,active_judge,265,1060,376,1,0,0.0,0.11864841187757753,0.04279109989199574,0.02051382226304827,0.02,49,21,37
webis-touche2020,rr,30,0.02,strat_pilot,265,1077,376,1,0,0.0,0.0436658788867388,0.04279109989199574,0.02051382226304827,0.02,49,21,37
webis-touche2020,rr,30,0.02,weighted_cv,265,1090,376,1,0,0.0,0.0362260285081005,0.04279109989199574,0.02051382226304827,0.02,49,21,37
webis-touche2020,rr,30,0.02,active_cv,265,1062,376,1,0,0.0,0.0966586255714169,0.04279109989199574,0.02051382226304827,0.02,49,21,37
webis-touche2020,rr,30,0.02,weighted_cvl,265,1077,376,1,0,0.0,0.03601880185367926,0.04279109989199574,0.02051382226304827,0.02,49,21,37
webis-touche2020,rr,30,0.02,uniform,266,1224,374,1,0,0.0,0.057777212111264284,0.024806826292200896,0.03970720441695673,0.02,49,22,38
webis-touche2020,rr,30,0.02,uniform_nz,266,1165,374,1,0,0.0,0.03320625414421623,0.024806826292200896,0.03970720441695673,0.02,49,22,38
webis-touche2020,rr,30,0.02,weighted,266,1157,374,1,0,0.0,0.024806826292200896,0.024806826292200896,0.03970720441695673,0.02,49,22,38
webis-touche2020,rr,30,0.02,active_judge,266,1149,374,1,0,0.0,0.07483526469387378,0.024806826292200896,0.03970720441695673,0.02,49,22,38
webis-touche2020,rr,30,0.02,strat_pilot,266,1171,374,1,0,0.0,0.025099903042783693,0.024806826292200896,0.03970720441695673,0.02,49,22,38
webis-touche2020,rr,30,0.02,weighted_cv,266,1195,374,1,0,0.0,0.021703502186753907,0.024806826292200896,0.03970720441695673,0.02,49,22,38
webis-touche2020,rr,30,0.02,active_cv,266,1160,374,1,0,0.0,0.05270307900075897,0.024806826292200896,0.03970720441695673,0.02,49,22,38
webis-touche2020,rr,30,0.02,weighted_cvl,266,1162,374,1,0,0.0,0.02163032257337121,0.024806826292200896,0.03970720441695673,0.02,49,22,38
webis-touche2020,rr,30,0.02,uniform,267,1201,387,1,0,0.0,0.11148087480471065,0.06645934455368509,0.05494634831399538,0.02,49,22,38
webis-touche2020,rr,30,0.02,uniform_nz,267,1153,387,1,0,0.0,0.09544955820500191,0.06645934455368509,0.05494634831399538,0.02,49,22,38
webis-touche2020,rr,30,0.02,weighted,267,1166,387,1,0,0.0,0.06645934455368509,0.06645934455368509,0.05494634831399538,0.02,49,22,38
webis-touche2020,rr,30,0.02,active_judge,267,1153,387,1,0,0.0,0.17365199761895994,0.06645934455368509,0.05494634831399538,0.02,49,22,38
webis-touche2020,rr,30,0.02,strat_pilot,267,1144,387,1,0,0.0,0.0674218521483789,0.06645934455368509,0.05494634831399538,0.02,49,22,38
webis-touche2020,rr,30,0.02,weighted_cv,267,1139,387,1,0,0.0,0.05315648851533432,0.06645934455368509,0.05494634831399538,0.02,49,22,38
webis-touche2020,rr,30,0.02,active_cv,267,1149,387,1,0,0.0,0.08436664564724472,0.06645934455368509,0.05494634831399538,0.02,49,22,38
webis-touche2020,rr,30,0.02,weighted_cvl,267,1169,387,1,0,0.0,0.048227263649871115,0.06645934455368509,0.05494634831399538,0.02,49,22,38
webis-touche2020,rr,30,0.02,uniform,268,1214,384,1,0,0.0,0.07796335675795252,0.04282694686196187,0.0571679339752095,0.02,49,22,38
webis-touche2020,rr,30,0.02,uniform_nz,268,1156,384,1,0,0.0,0.06734577818015672,0.04282694686196187,0.0571679339752095,0.02,49,22,38
webis-touche2020,rr,30,0.02,weighted,268,1193,384,1,0,0.0,0.04282694686196187,0.04282694686196187,0.0571679339752095,0.02,49,22,38
webis-touche2020,rr,30,0.02,active_judge,268,1156,384,1,0,0.0,0.11394779771990134,0.04282694686196187,0.0571679339752095,0.02,49,22,38
webis-touche2020,rr,30,0.02,strat_pilot,268,1173,384,1,0,0.0,0.04374926519423302,0.04282694686196187,0.0571679339752095,0.02,49,22,38
webis-touche2020,rr,30,0.02,weighted_cv,268,1168,384,1,0,0.0,0.036793582815085435,0.04282694686196187,0.0571679339752095,0.02,49,22,38
webis-touche2020,rr,30,0.02,active_cv,268,1156,384,1,0,0.0,0.06658369674683048,0.04282694686196187,0.0571679339752095,0.02,49,22,38
webis-touche2020,rr,30,0.02,weighted_cvl,268,1142,384,1,0,0.0,0.035344959800043305,0.04282694686196187,0.0571679339752095,0.02,49,22,38
webis-touche2020,rr,30,0.02,uniform,269,1220,380,1,0,0.0,0.09795532370419344,0.05677796647791107,0.07717456296713261,0.02,49,22,38
webis-touche2020,rr,30,0.02,uniform_nz,269,1143,380,1,0,0.0,0.08392568498834792,0.05677796647791107,0.07717456296713261,0.02,49,22,38
webis-touche2020,rr,30,0.02,weighted,269,1133,380,1,0,0.0,0.05677796647791107,0.05677796647791107,0.07717456296713261,0.02,49,22,38
webis-touche2020,rr,30,0.02,active_judge,269,1156,380,1,0,0.0,0.15854734593782444,0.05677796647791107,0.07717456296713261,0.02,49,22,38
webis-touche2020,rr,30,0.02,strat_pilot,269,1179,380,1,0,0.0,0.056503921185812565,0.05677796647791107,0.07717456296713261,0.02,49,22,38
webis-touche2020,rr,30,0.02,weighted_cv,269,1149,380,1,0,0.0,0.04591579145151886,0.05677796647791107,0.07717456296713261,0.02,49,22,38
webis-touche2020,rr,30,0.02,active_cv,269,1153,380,1,0,0.0,0.08953734602310306,0.05677796647791107,0.07717456296713261,0.02,49,22,38
webis-touche2020,rr,30,0.02,weighted_cvl,269,1173,380,1,0,0.0,0.043258406498623524,0.05677796647791107,0.07717456296713261,0.02,49,22,38
webis-touche2020,rr,30,0.02,uniform,270,1184,389,1,0,0.0,0.2500777857495902,0.06379895998172144,0.08239314707193965,0.02,49,22,38
webis-touche2020,rr,30,0.02,uniform_nz,270,1173,389,1,0,0.0,0.12442773519758221,0.06379895998172144,0.08239314707193965,0.02,49,22,38
webis-touche2020,rr,30,0.02,weighted,270,1166,389,1,0,0.0,0.06379895998172144,0.06379895998172144,0.08239314707193965,0.02,49,22,38
webis-touche2020,rr,30,0.02,active_judge,270,1158,389,1,0,0.0,0.21100778333879516,0.06379895998172144,0.08239314707193965,0.02,49,22,38
webis-touche2020,rr,30,0.02,strat_pilot,270,1173,389,1,0,0.0,0.06399196176865071,0.06379895998172144,0.08239314707193965,0.02,49,22,38
webis-touche2020,rr,30,0.02,weighted_cv,270,1158,389,1,0,0.0,0.045974990881284566,0.06379895998172144,0.08239314707193965,0.02,49,22,38
webis-touche2020,rr,30,0.02,active_cv,270,1166,389,1,0,0.0,0.10950639781123268,0.06379895998172144,0.08239314707193965,0.02,49,22,38
webis-touche2020,rr,30,0.02,weighted_cvl,270,1161,389,1,0,0.0,0.042609642735563905,0.06379895998172144,0.08239314707193965,0.02,49,22,38
webis-touche2020,rr,30,0.02,uniform,271,1231,376,1,0,0.0,0.0626601172361981,0.044094851658806264,0.057865143742852704,0.02,49,22,38
webis-touche2020,rr,30,0.02,uniform_nz,271,1177,376,1,0,0.0,0.05099660878230411,0.044094851658806264,0.057865143742852704,0.02,49,22,38
webis-touche2020,rr,30,0.02,weighted,271,1158,376,1,0,0.0,0.044094851658806264,0.044094851658806264,0.057865143742852704,0.02,49,22,38
webis-touche2020,rr,30,0.02,active_judge,271,1144,376,1,0,0.0,0.0931763924554107,0.044094851658806264,0.057865143742852704,0.02,49,22,38
webis-touche2020,rr,30,0.02,strat_pilot,271,1142,376,1,0,0.0,0.04457406904014147,0.044094851658806264,0.057865143742852704,0.02,49,22,38
webis-touche2020,rr,30,0.02,weighted_cv,271,1161,376,1,0,0.0,0.03716597784474783,0.044094851658806264,0.057865143742852704,0.02,49,22,38
webis-touche2020,rr,30,0.02,active_cv,271,1136,376,1,0,0.0,0.06919603427073837,0.044094851658806264,0.057865143742852704,0.02,49,22,38
webis-touche2020,rr,30,0.02,weighted_cvl,271,1170,376,1,0,0.0,0.03436876923650967,0.044094851658806264,0.057865143742852704,0.02,49,22,38
webis-touche2020,rr,30,0.02,uniform,272,1230,391,1,0,0.0,0.09364311790017744,0.046904722331072776,0.06327830423267222,0.02,49,22,38
webis-touche2020,rr,30,0.02,uniform_nz,272,1203,391,1,0,0.0,0.057209079397522365,0.046904722331072776,0.06327830423267222,0.02,49,22,38
webis-touche2020,rr,30,0.02,weighted,272,1186,391,1,0,0.0,0.046904722331072776,0.046904722331072776,0.06327830423267222,0.02,49,22,38
webis-touche2020,rr,30,0.02,active_judge,272,1176,391,1,0,0.0,0.10745291281399463,0.046904722331072776,0.06327830423267222,0.02,49,22,38
webis-touche2020,rr,30,0.02,strat_pilot,272,1157,391,1,0,0.0,0.04849919573505246,0.046904722331072776,0.06327830423267222,0.02,49,22,38
webis-touche2020,rr,30,0.02,weighted_cv,272,1168,391,1,0,0.0,0.04066603779723759,0.046904722331072776,0.06327830423267222,0.02,49,22,38
webis-touche2020,rr,30,0.02,active_cv,272,1175,391,1,0,0.0,0.08108256998417578,0.046904722331072776,0.06327830423267222,0.02,49,22,38
webis-touche2020,rr,30,0.02,weighted_cvl,272,1166,391,1,0,0.0,0.04107358315000868,0.046904722331072776,0.06327830423267222,0.02,49,22,38
webis-touche2020,rr,30,0.02,uniform,273,1144,377,1,0,0.0012384915583562028,0.09232807831431425,0.047845454360671356,0.023598186127597884,0.018761508441643798,49,21,37
webis-touche2020,rr,30,0.02,uniform_nz,273,1038,377,1,0,0.0012384915583562028,0.07600664254040147,0.047845454360671356,0.023598186127597884,0.018761508441643798,49,21,37
webis-touche2020,rr,30,0.02,weighted,273,1065,377,1,0,0.0012384915583562028,0.047845454360671356,0.047845454360671356,0.023598186127597884,0.018761508441643798,49,21,37
webis-touche2020,rr,30,0.02,active_judge,273,1040,377,1,0,0.0012384915583562028,0.13077656373601054,0.047845454360671356,0.023598186127597884,0.018761508441643798,49,21,37
webis-touche2020,rr,30,0.02,strat_pilot,273,1067,377,1,0,0.0012384915583562028,0.04438599441925493,0.047845454360671356,0.023598186127597884,0.018761508441643798,49,21,37
webis-touche2020,rr,30,0.02,weighted_cv,273,1051,377,1,0,0.0012384915583562028,0.03985633716428096,0.047845454360671356,0.023598186127597884,0.018761508441643798,49,21,37
webis-touche2020,rr,30,0.02,active_cv,273,1045,377,1,0,0.0012384915583562028,0.09667387154795218,0.047845454360671356,0.023598186127597884,0.018761508441643798,49,21,37
webis-touche2020,rr,30,0.02,weighted_cvl,273,1072,377,1,0,0.0012384915583562028,0.03648545573142265,0.047845454360671356,0.023598186127597884,0.018761508441643798,49,21,37
webis-touche2020,rr,30,0.02,uniform,274,1251,369,1,0,0.0,0.23920713872686233,0.05025297166375926,0.04807743214244763,0.02,49,22,38
webis-touche2020,rr,30,0.02,uniform_nz,274,1162,369,1,0,0.0,0.0936810614174892,0.05025297166375926,0.04807743214244763,0.02,49,22,38
webis-touche2020,rr,30,0.02,weighted,274,1178,369,1,0,0.0,0.05025297166375926,0.05025297166375926,0.04807743214244763,0.02,49,22,38
webis-touche2020,rr,30,0.02,active_judge,274,1129,369,1,0,0.0,0.16692668352836146,0.05025297166375926,0.04807743214244763,0.02,49,22,38
webis-touche2020,rr,30,0.02,strat_pilot,274,1178,369,1,0,0.0,0.05075924626111021,0.05025297166375926,0.04807743214244763,0.02,49,22,38
webis-touche2020,rr,30,0.02,weighted_cv,274,1152,369,1,0,0.0,0.03159080074672518,0.05025297166375926,0.04807743214244763,0.02,49,22,38
webis-touche2020,rr,30,0.02,active_cv,274,1145,369,1,0,0.0,0.037138927576714706,0.05025297166375926,0.04807743214244763,0.02,49,22,38
webis-touche2020,rr,30,0.02,weighted_cvl,274,1160,369,1,0,0.0,0.030730339850317694,0.05025297166375926,0.04807743214244763,0.02,49,22,38
webis-touche2020,rr,30,0.02,uniform,275,1190,388,0,0,0.0,0.09574396914228264,0.052527529595785105,0.0231306249649903,0.02,49,21,37
webis-touche2020,rr,30,0.02,uniform_nz,275,1105,388,1,0,0.0,0.08359754923084603,0.052527529595785105,0.0231306249649903,0.02,49,21,37
webis-touche2020,rr,30,0.02,weighted,275,1086,388,1,0,0.0,0.052527529595785105,0.052527529595785105,0.0231306249649903,0.02,49,21,37
webis-touche2020,rr,30,0.02,active_judge,275,1091,388,1,0,0.0,0.13179718557263115,0.052527529595785105,0.0231306249649903,0.02,49,21,37
webis-touche2020,rr,30,0.02,strat_pilot,275,1084,388,1,0,0.0,0.04971959895771399,0.052527529595785105,0.0231306249649903,0.02,49,21,37
webis-touche2020,rr,30,0.02,weighted_cv,275,1089,388,1,0,0.0,0.04367361850832076,0.052527529595785105,0.0231306249649903,0.02,49,21,37
webis-touche2020,rr,30,0.02,active_cv,275,1092,388,1,0,0.0,0.10172185917614411,0.052527529595785105,0.0231306249649903,0.02,49,21,37
webis-touche2020,rr,30,0.02,weighted_cvl,275,1084,388,1,0,0.0,0.0396121656684248,0.052527529595785105,0.0231306249649903,0.02,49,21,37
webis-touche2020,rr,30,0.02,uniform,276,1221,378,1,0,0.0,0.22014342912917587,0.05213883429579127,0.06347500897272067,0.02,49,22,38
webis-touche2020,rr,30,0.02,uniform_nz,276,1158,378,1,0,0.0,0.09242611794253149,0.05213883429579127,0.06347500897272067,0.02,49,22,38
webis-touche2020,rr,30,0.02,weighted,276,1149,378,1,0,0.0,0.05213883429579127,0.05213883429579127,0.06347500897272067,0.02,49,22,38
webis-touche2020,rr,30,0.02,active_judge,276,1144,378,1,0,0.0,0.16430953706267876,0.05213883429579127,0.06347500897272067,0.02,49,22,38
webis-touche2020,rr,30,0.02,strat_pilot,276,1144,378,1,0,0.0,0.0550416072929101,0.05213883429579127,0.06347500897272067,0.02,49,22,38
webis-touche2020,rr,30,0.02,weighted_cv,276,1155,378,1,0,0.0,0.03365112190428497,0.05213883429579127,0.06347500897272067,0.02,49,22,38
webis-touche2020,rr,30,0.02,active_cv,276,1156,378,1,0,0.0,0.05053960964095514,0.05213883429579127,0.06347500897272067,0.02,49,22,38
webis-touche2020,rr,30,0.02,weighted_cvl,276,1162,378,1,0,0.0,0.03307243245861837,0.05213883429579127,0.06347500897272067,0.02,49,22,38
webis-touche2020,rr,30,0.02,uniform,277,1271,371,1,0,0.0,0.07777594459804914,0.0561540012025832,0.06692829198641925,0.02,49,24,38
webis-touche2020,rr,30,0.02,uniform_nz,277,1271,371,1,0,0.0,0.06330358279755015,0.0561540012025832,0.06692829198641925,0.02,49,24,38
webis-touche2020,rr,30,0.02,weighted,277,1264,371,1,0,0.0,0.0561540012025832,0.0561540012025832,0.06692829198641925,0.02,49,24,38
webis-touche2020,rr,30,0.02,active_judge,277,1266,371,1,0,0.0,0.11476234848049735,0.0561540012025832,0.06692829198641925,0.02,49,24,38
webis-touche2020,rr,30,0.02,strat_pilot,277,1283,371,1,0,0.0,0.05653813594321953,0.0561540012025832,0.06692829198641925,0.02,49,24,38
webis-touche2020,rr,30,0.02,weighted_cv,277,1256,371,1,0,0.0,0.05472651552540877,0.0561540012025832,0.06692829198641925,0.02,49,24,38
webis-touche2020,rr,30,0.02,active_cv,277,1261,371,1,0,0.0,0.11158761213601198,0.0561540012025832,0.06692829198641925,0.02,49,24,38
webis-touche2020,rr,30,0.02,weighted_cvl,277,1269,371,1,0,0.0,0.051335367155734,0.0561540012025832,0.06692829198641925,0.02,49,24,38
webis-touche2020,rr,30,0.02,uniform,278,1219,386,1,0,0.0,0.23285906893615183,0.05631534730476238,0.08296135523689706,0.02,49,22,38
webis-touche2020,rr,30,0.02,uniform_nz,278,1192,386,1,0,0.0,0.09808568514028873,0.05631534730476238,0.08296135523689706,0.02,49,22,38
webis-touche2020,rr,30,0.02,weighted,278,1168,386,1,0,0.0,0.05631534730476238,0.05631534730476238,0.08296135523689706,0.02,49,22,38
webis-touche2020,rr,30,0.02,active_judge,278,1182,386,1,0,0.0,0.17008350847530493,0.05631534730476238,0.08296135523689706,0.02,49,22,38
webis-touche2020,rr,30,0.02,strat_pilot,278,1181,386,1,0,0.0,0.05717940632574277,0.05631534730476238,0.08296135523689706,0.02,49,22,38
webis-touche2020,rr,30,0.02,weighted_cv,278,1169,386,1,0,0.0,0.040984229286244754,0.05631534730476238,0.08296135523689706,0.02,49,22,38
webis-touche2020,rr,30,0.02,active_cv,278,1169,386,1,0,0.0,0.07546776542266605,0.05631534730476238,0.08296135523689706,0.02,49,22,38
webis-touche2020,rr,30,0.02,weighted_cvl,278,1177,386,1,0,0.0,0.04147854756732023,0.05631534730476238,0.08296135523689706,0.02,49,22,38
webis-touche2020,rr,30,0.02,uniform,279,1152,383,1,0,0.0004557324796471418,0.044480133912943476,0.020995091249893297,0.02073743250213839,0.01954426752035286,49,21,37
webis-touche2020,rr,30,0.02,uniform_nz,279,1113,383,1,0,0.0004557324796471418,0.02582261539964087,0.020995091249893297,0.02073743250213839,0.01954426752035286,49,21,37
webis-touche2020,rr,30,0.02,weighted,279,1097,383,1,0,0.0004557324796471418,0.020995091249893297,0.020995091249893297,0.02073743250213839,0.01954426752035286,49,21,37
webis-touche2020,rr,30,0.02,active_judge,279,1083,383,1,0,0.0004557324796471418,0.04484324061357016,0.020995091249893297,0.02073743250213839,0.01954426752035286,49,21,37
webis-touche2020,rr,30,0.02,strat_pilot,279,1096,383,1,0,0.0004557324796471418,0.020358206480711634,0.020995091249893297,0.02073743250213839,0.01954426752035286,49,21,37
webis-touche2020,rr,30,0.02,weighted_cv,279,1109,383,1,0,0.0004557324796471418,0.018070884267352334,0.020995091249893297,0.02073743250213839,0.01954426752035286,49,21,37
webis-touche2020,rr,30,0.02,active_cv,279,1059,383,1,0,0.0004557324796471418,0.021536156487515896,0.020995091249893297,0.02073743250213839,0.01954426752035286,49,21,37
webis-touche2020,rr,30,0.02,weighted_cvl,279,1117,383,1,0,0.0004557324796471418,0.017713783477680368,0.020995091249893297,0.02073743250213839,0.01954426752035286,49,21,37
webis-touche2020,rr,30,0.02,uniform,280,1239,382,1,0,0.0,0.10761733308591445,0.04667340706736085,0.036067880634444105,0.02,49,22,38
webis-touche2020,rr,30,0.02,uniform_nz,280,1196,382,1,0,0.0,0.06469544556583506,0.04667340706736085,0.036067880634444105,0.02,49,22,38
webis-touche2020,rr,30,0.02,weighted,280,1204,382,1,0,0.0,0.04667340706736085,0.04667340706736085,0.036067880634444105,0.02,49,22,38
webis-touche2020,rr,30,0.02,active_judge,280,1174,382,1,0,0.0,0.10761360364281843,0.04667340706736085,0.036067880634444105,0.02,49,22,38
webis-touche2020,rr,30,0.02,strat_pilot,280,1177,382,1,0,0.0,0.04676355551675385,0.04667340706736085,0.036067880634444105,0.02,49,22,38
webis-touche2020,rr,30,0.02,weighted_cv,280,1153,382,1,0,0.0,0.038988726210214,0.04667340706736085,0.036067880634444105,0.02,49,22,38
webis-touche2020,rr,30,0.02,active_cv,280,1168,382,1,0,0.0,0.07547621005773165,0.04667340706736085,0.036067880634444105,0.02,49,22,38
webis-touche2020,rr,30,0.02,weighted_cvl,280,1174,382,1,0,0.0,0.03653635020545171,0.04667340706736085,0.036067880634444105,0.02,49,22,38
webis-touche2020,rr,30,0.02,uniform,281,1143,379,1,0,0.0,0.08924401604574075,0.05408531955287486,0.029837507263977867,0.02,49,21,37
webis-touche2020,rr,30,0.02,uniform_nz,281,1112,379,1,0,0.0,0.07770194715495664,0.05408531955287486,0.029837507263977867,0.02,49,21,37
webis-touche2020,rr,30,0.02,weighted,281,1083,379,1,0,0.0,0.05408531955287486,0.05408531955287486,0.029837507263977867,0.02,49,21,37
webis-touche2020,rr,30,0.02,active_judge,281,1057,379,1,0,0.0,0.10914543207066278,0.05408531955287486,0.029837507263977867,0.02,49,21,37
webis-touche2020,rr,30,0.02,strat_pilot,281,1077,379,1,0,0.0,0.052619034279225915,0.05408531955287486,0.029837507263977867,0.02,49,21,37
webis-touche2020,rr,30,0.02,weighted_cv,281,1096,379,1,0,0.0,0.04542341378725747,0.05408531955287486,0.029837507263977867,0.02,49,21,37
webis-touche2020,rr,30,0.02,active_cv,281,1098,379,1,0,0.0,0.08925281281518975,0.05408531955287486,0.029837507263977867,0.02,49,21,37
webis-touche2020,rr,30,0.02,weighted_cvl,281,1090,379,1,0,0.0,0.04435328773937365,0.05408531955287486,0.029837507263977867,0.02,49,21,37
webis-touche2020,rr,30,0.02,uniform,282,1225,384,1,0,0.0,0.07019145774749153,0.02989130814364286,0.05298347035424704,0.02,49,22,38
webis-touche2020,rr,30,0.02,uniform_nz,282,1175,384,1,0,0.0,0.03877191868476506,0.02989130814364286,0.05298347035424704,0.02,49,22,38
webis-touche2020,rr,30,0.02,weighted,282,1161,384,1,0,0.0,0.02989130814364286,0.02989130814364286,0.05298347035424704,0.02,49,22,38
webis-touche2020,rr,30,0.02,active_judge,282,1172,384,1,0,0.0,0.06616799462087322,0.02989130814364286,0.05298347035424704,0.02,49,22,38
webis-touche2020,rr,30,0.02,strat_pilot,282,1201,384,1,0,0.0,0.030079444349557345,0.02989130814364286,0.05298347035424704,0.02,49,22,38
webis-touche2020,rr,30,0.02,weighted_cv,282,1193,384,1,0,0.0,0.02700512553150272,0.02989130814364286,0.05298347035424704,0.02,49,22,38
webis-touche2020,rr,30,0.02,active_cv,282,1174,384,1,0,0.0,0.053635665453560175,0.02989130814364286,0.05298347035424704,0.02,49,22,38
webis-touche2020,rr,30,0.02,weighted_cvl,282,1194,384,1,0,0.0,0.026057391216986053,0.02989130814364286,0.05298347035424704,0.02,49,22,38
webis-touche2020,rr,30,0.02,uniform,283,1205,391,1,0,0.0,0.07473312919337682,0.04804830357042128,0.02540935672514619,0.02,49,21,38
webis-touche2020,rr,30,0.02,uniform_nz,283,1114,391,1,0,0.0,0.06774923902387614,0.04804830357042128,0.02540935672514619,0.02,49,21,38
webis-touche2020,rr,30,0.02,weighted,283,1100,391,1,0,0.0,0.04804830357042128,0.04804830357042128,0.02540935672514619,0.02,49,21,38
webis-touche2020,rr,30,0.02,active_judge,283,1102,391,1,0,0.0,0.12466120793524615,0.04804830357042128,0.02540935672514619,0.02,49,21,38
webis-touche2020,rr,30,0.02,strat_pilot,283,1104,391,1,0,0.0,0.046025680314622085,0.04804830357042128,0.02540935672514619,0.02,49,21,38
webis-touche2020,rr,30,0.02,weighted_cv,283,1119,391,1,0,0.0,0.03750166305924012,0.04804830357042128,0.02540935672514619,0.02,49,21,38
webis-touche2020,rr,30,0.02,active_cv,283,1090,391,1,0,0.0,0.056716721193795325,0.04804830357042128,0.02540935672514619,0.02,49,21,38
webis-touche2020,rr,30,0.02,weighted_cvl,283,1105,391,1,0,0.0,0.03375940713935438,0.04804830357042128,0.02540935672514619,0.02,49,21,38
webis-touche2020,rr,30,0.02,uniform,284,1195,385,1,0,0.0,0.07008587685715784,0.03132978396637526,0.0380288730876966,0.02,49,22,38
webis-touche2020,rr,30,0.02,uniform_nz,284,1202,385,1,0,0.0,0.037646082320206,0.03132978396637526,0.0380288730876966,0.02,49,22,38
webis-touche2020,rr,30,0.02,weighted,284,1181,385,1,0,0.0,0.03132978396637526,0.03132978396637526,0.0380288730876966,0.02,49,22,38
webis-touche2020,rr,30,0.02,active_judge,284,1172,385,1,0,0.0,0.06329718467859914,0.03132978396637526,0.0380288730876966,0.02,49,22,38
webis-touche2020,rr,30,0.02,strat_pilot,284,1171,385,1,0,0.0,0.03145190595216092,0.03132978396637526,0.0380288730876966,0.02,49,22,38
webis-touche2020,rr,30,0.02,weighted_cv,284,1175,385,1,0,0.0,0.027944538634673676,0.03132978396637526,0.0380288730876966,0.02,49,22,38
webis-touche2020,rr,30,0.02,active_cv,284,1175,385,1,0,0.0,0.04579888019695496,0.03132978396637526,0.0380288730876966,0.02,49,22,38
webis-touche2020,rr,30,0.02,weighted_cvl,284,1176,385,1,0,0.0,0.025164355055719078,0.03132978396637526,0.0380288730876966,0.02,49,22,38
webis-touche2020,rr,30,0.02,uniform,285,1143,380,1,0,0.0012384915583562028,0.2470587364924806,0.05468046248296763,0.019731309282392865,0.018761508441643798,49,21,37
webis-touche2020,rr,30,0.02,uniform_nz,285,1093,380,1,0,0.0012384915583562028,0.10220666008488652,0.05468046248296763,0.019731309282392865,0.018761508441643798,49,21,37
webis-touche2020,rr,30,0.02,weighted,285,1083,380,1,0,0.0012384915583562028,0.05468046248296763,0.05468046248296763,0.019731309282392865,0.018761508441643798,49,21,37
webis-touche2020,rr,30,0.02,active_judge,285,1052,380,1,0,0.0012384915583562028,0.1734160645955927,0.05468046248296763,0.019731309282392865,0.018761508441643798,49,21,37
webis-touche2020,rr,30,0.02,strat_pilot,285,1061,380,1,0,0.0012384915583562028,0.05329754908497334,0.05468046248296763,0.019731309282392865,0.018761508441643798,49,21,37
webis-touche2020,rr,30,0.02,weighted_cv,285,1070,380,1,0,0.0012384915583562028,0.03834209901539416,0.05468046248296763,0.019731309282392865,0.018761508441643798,49,21,37
webis-touche2020,rr,30,0.02,active_cv,285,1066,380,1,0,0.0012384915583562028,0.0916710411829603,0.05468046248296763,0.019731309282392865,0.018761508441643798,49,21,37
webis-touche2020,rr,30,0.02,weighted_cvl,285,1072,380,1,0,0.0012384915583562028,0.037938765565255175,0.05468046248296763,0.019731309282392865,0.018761508441643798,49,21,37
webis-touche2020,rr,30,0.02,uniform,286,1281,370,1,0,0.0,0.08153651390927581,0.062462604040529,0.08460174936909325,0.02,49,24,38
webis-touche2020,rr,30,0.02,uniform_nz,286,1281,370,1,0,0.0,0.06680825104615581,0.062462604040529,0.08460174936909325,0.02,49,24,38
webis-touche2020,rr,30,0.02,weighted,286,1254,370,1,0,0.0,0.062462604040529,0.062462604040529,0.08460174936909325,0.02,49,24,38
webis-touche2020,rr,30,0.02,active_judge,286,1243,370,1,0,0.0,0.13088703408898333,0.062462604040529,0.08460174936909325,0.02,49,24,38
webis-touche2020,rr,30,0.02,strat_pilot,286,1273,370,1,0,0.0,0.06357121149233683,0.062462604040529,0.08460174936909325,0.02,49,24,38
webis-touche2020,rr,30,0.02,weighted_cv,286,1270,370,1,0,0.0,0.051202155955217196,0.062462604040529,0.08460174936909325,0.02,49,24,38
webis-touche2020,rr,30,0.02,active_cv,286,1241,370,1,0,0.0,0.10164419144197326,0.062462604040529,0.08460174936909325,0.02,49,24,38
webis-touche2020,rr,30,0.02,weighted_cvl,286,1259,370,1,0,0.0,0.05070302684108021,0.062462604040529,0.08460174936909325,0.02,49,24,38
webis-touche2020,rr,30,0.02,uniform,287,1145,371,1,0,0.0,0.04499675482720372,0.02148628869200342,0.031127971787414506,0.02,49,21,38
webis-touche2020,rr,30,0.02,uniform_nz,287,1112,371,1,0,0.0,0.04157501180536459,0.02148628869200342,0.031127971787414506,0.02,49,21,38
webis-touche2020,rr,30,0.02,weighted,287,1098,371,1,0,0.0,0.02148628869200342,0.02148628869200342,0.031127971787414506,0.02,49,21,38
webis-touche2020,rr,30,0.02,active_judge,287,1097,371,1,0,0.0,0.06760448735471017,0.02148628869200342,0.031127971787414506,0.02,49,21,38
webis-touche2020,rr,30,0.02,strat_pilot,287,1095,371,1,0,0.0,0.021769871441392648,0.02148628869200342,0.031127971787414506,0.02,49,21,38
webis-touche2020,rr,30,0.02,weighted_cv,287,1096,371,1,0,0.0,0.019353203326085002,0.02148628869200342,0.031127971787414506,0.02,49,21,38
webis-touche2020,rr,30,0.02,active_cv,287,1093,371,1,0,0.0,0.050801394146274645,0.02148628869200342,0.031127971787414506,0.02,49,21,38
webis-touche2020,rr,30,0.02,weighted_cvl,287,1106,371,1,0,0.0,0.01820444889764861,0.02148628869200342,0.031127971787414506,0.02,49,21,38
webis-touche2020,rr,30,0.02,uniform,288,1281,378,1,0,0.0,0.10256876959278509,0.0733430881943701,0.11750417496096127,0.02,49,24,38
webis-touche2020,rr,30,0.02,uniform_nz,288,1322,378,1,0,0.0,0.08105165311049285,0.0733430881943701,0.11750417496096127,0.02,49,24,38
webis-touche2020,rr,30,0.02,weighted,288,1274,378,1,0,0.0,0.0733430881943701,0.0733430881943701,0.11750417496096127,0.02,49,24,38
webis-touche2020,rr,30,0.02,active_judge,288,1256,378,1,0,0.0,0.18407195218268138,0.0733430881943701,0.11750417496096127,0.02,49,24,38
webis-touche2020,rr,30,0.02,strat_pilot,288,1281,378,1,0,0.0,0.07394385093508456,0.0733430881943701,0.11750417496096127,0.02,49,24,38
webis-touche2020,rr,30,0.02,weighted_cv,288,1283,378,1,0,0.0,0.06237545686550679,0.0733430881943701,0.11750417496096127,0.02,49,24,38
webis-touche2020,rr,30,0.02,active_cv,288,1263,378,1,0,0.0,0.08868585224046785,0.0733430881943701,0.11750417496096127,0.02,49,24,38
webis-touche2020,rr,30,0.02,weighted_cvl,288,1273,378,1,0,0.0,0.05904239121146484,0.0733430881943701,0.11750417496096127,0.02,49,24,38
webis-touche2020,rr,30,0.02,uniform,289,1211,372,1,0,0.0,0.22526593908691334,0.049335706590927966,0.021400809716599172,0.02,49,21,38
webis-touche2020,rr,30,0.02,uniform_nz,289,1105,372,1,0,0.0,0.08892725955844065,0.049335706590927966,0.021400809716599172,0.02,49,21,38
webis-touche2020,rr,30,0.02,weighted,289,1100,372,1,0,0.0,0.049335706590927966,0.049335706590927966,0.021400809716599172,0.02,49,21,38
webis-touche2020,rr,30,0.02,active_judge,289,1088,372,1,0,0.0,0.15158698352011926,0.049335706590927966,0.021400809716599172,0.02,49,21,38
webis-touche2020,rr,30,0.02,strat_pilot,289,1094,372,1,0,0.0,0.05028280366016823,0.049335706590927966,0.021400809716599172,0.02,49,21,38
webis-touche2020,rr,30,0.02,weighted_cv,289,1096,372,1,0,0.0,0.03412207923715081,0.049335706590927966,0.021400809716599172,0.02,49,21,38
webis-touche2020,rr,30,0.02,active_cv,289,1073,372,1,0,0.0,0.05458293399128804,0.049335706590927966,0.021400809716599172,0.02,49,21,38
webis-touche2020,rr,30,0.02,weighted_cvl,289,1102,372,1,0,0.0,0.033351920514374744,0.049335706590927966,0.021400809716599172,0.02,49,21,38
webis-touche2020,rr,30,0.02,uniform,290,1236,393,1,0,0.0,0.23602368495431456,0.0651181963037911,0.0597055908201419,0.02,49,22,38
webis-touche2020,rr,30,0.02,uniform_nz,290,1182,393,1,0,0.0,0.10607725918693615,0.0651181963037911,0.0597055908201419,0.02,49,22,38
webis-touche2020,rr,30,0.02,weighted,290,1165,393,1,0,0.0,0.0651181963037911,0.0651181963037911,0.0597055908201419,0.02,49,22,38
webis-touche2020,rr,30,0.02,active_judge,290,1157,393,1,0,0.0,0.194814251241268,0.0651181963037911,0.0597055908201419,0.02,49,22,38
webis-touche2020,rr,30,0.02,strat_pilot,290,1179,393,1,0,0.0,0.06616471451836775,0.0651181963037911,0.0597055908201419,0.02,49,22,38
webis-touche2020,rr,30,0.02,weighted_cv,290,1186,393,1,0,0.0,0.04940837263354307,0.0651181963037911,0.0597055908201419,0.02,49,22,38
webis-touche2020,rr,30,0.02,active_cv,290,1180,393,1,0,0.0,0.08554345018146557,0.0651181963037911,0.0597055908201419,0.02,49,22,38
webis-touche2020,rr,30,0.02,weighted_cvl,290,1189,393,1,0,0.0,0.0496893808414826,0.0651181963037911,0.0597055908201419,0.02,49,22,38
webis-touche2020,rr,30,0.02,uniform,291,1176,370,1,0,0.0014808452606203115,0.07010893560445837,0.04263488927262023,0.020440490881667342,0.01851915473937969,49,21,38
webis-touche2020,rr,30,0.02,uniform_nz,291,1070,370,1,0,0.0014808452606203115,0.06622704613768816,0.04263488927262023,0.020440490881667342,0.01851915473937969,49,21,38
webis-touche2020,rr,30,0.02,weighted,291,1077,370,1,0,0.0014808452606203115,0.04263488927262023,0.04263488927262023,0.020440490881667342,0.01851915473937969,49,21,38
webis-touche2020,rr,30,0.02,active_judge,291,1082,370,1,0,0.0014808452606203115,0.11191283989274023,0.04263488927262023,0.020440490881667342,0.01851915473937969,49,21,38
webis-touche2020,rr,30,0.02,strat_pilot,291,1078,370,1,0,0.0014808452606203115,0.042860219727550226,0.04263488927262023,0.020440490881667342,0.01851915473937969,49,21,38
webis-touche2020,rr,30,0.02,weighted_cv,291,1101,370,1,0,0.0014808452606203115,0.037202508670398295,0.04263488927262023,0.020440490881667342,0.01851915473937969,49,21,38
webis-touche2020,rr,30,0.02,active_cv,291,1067,370,1,0,0.0014808452606203115,0.09176838697077364,0.04263488927262023,0.020440490881667342,0.01851915473937969,49,21,38
webis-touche2020,rr,30,0.02,weighted_cvl,291,1098,370,1,0,0.0014808452606203115,0.03324826235244792,0.04263488927262023,0.020440490881667342,0.01851915473937969,49,21,38
webis-touche2020,rr,30,0.02,uniform,292,1256,390,1,0,0.0,0.09249219916428923,0.056749718615307296,0.07659863614197981,0.02,49,22,38
webis-touche2020,rr,30,0.02,uniform_nz,292,1196,390,1,0,0.0,0.07189861356420157,0.056749718615307296,0.07659863614197981,0.02,49,22,38
webis-touche2020,rr,30,0.02,weighted,292,1162,390,1,0,0.0,0.056749718615307296,0.056749718615307296,0.07659863614197981,0.02,49,22,38
webis-touche2020,rr,30,0.02,active_judge,292,1158,390,1,0,0.0,0.14080279148475391,0.056749718615307296,0.07659863614197981,0.02,49,22,38
webis-touche2020,rr,30,0.02,strat_pilot,292,1159,390,1,0,0.0,0.05736216659974902,0.056749718615307296,0.07659863614197981,0.02,49,22,38
webis-touche2020,rr,30,0.02,weighted_cv,292,1178,390,1,0,0.0,0.04622820305615001,0.056749718615307296,0.07659863614197981,0.02,49,22,38
webis-touche2020,rr,30,0.02,active_cv,292,1147,390,1,0,0.0,0.08658166029551609,0.056749718615307296,0.07659863614197981,0.02,49,22,38
webis-touche2020,rr,30,0.02,weighted_cvl,292,1167,390,1,0,0.0,0.046184181754045435,0.056749718615307296,0.07659863614197981,0.02,49,22,38
webis-touche2020,rr,30,0.02,uniform,293,1209,392,1,0,0.0,0.08573409533081391,0.03722549241915614,0.032028896138634994,0.02,49,22,38
webis-touche2020,rr,30,0.02,uniform_nz,293,1180,392,1,0,0.0,0.051741563847118976,0.03722549241915614,0.032028896138634994,0.02,49,22,38
webis-touche2020,rr,30,0.02,weighted,293,1177,392,1,0,0.0,0.03722549241915614,0.03722549241915614,0.032028896138634994,0.02,49,22,38
webis-touche2020,rr,30,0.02,active_judge,293,1179,392,1,0,0.0,0.06920354660461123,0.03722549241915614,0.032028896138634994,0.02,49,22,38
webis-touche2020,rr,30,0.02,strat_pilot,293,1171,392,1,0,0.0,0.03731327742894491,0.03722549241915614,0.032028896138634994,0.02,49,22,38
webis-touche2020,rr,30,0.02,weighted_cv,293,1168,392,1,0,0.0,0.031200101887636923,0.03722549241915614,0.032028896138634994,0.02,49,22,38
webis-touche2020,rr,30,0.02,active_cv,293,1180,392,1,0,0.0,0.06553802442711537,0.03722549241915614,0.032028896138634994,0.02,49,22,38
webis-touche2020,rr,30,0.02,weighted_cvl,293,1194,392,1,0,0.0,0.031836814171951014,0.03722549241915614,0.032028896138634994,0.02,49,22,38
webis-touche2020,rr,30,0.02,uniform,294,1223,382,1,0,0.0,0.25192389561606393,0.07559222510540485,0.0800822324390436,0.02,49,22,38
webis-touche2020,rr,30,0.02,uniform_nz,294,1176,382,1,0,0.0,0.13348734651192382,0.07559222510540485,0.0800822324390436,0.02,49,22,38
webis-touche2020,rr,30,0.02,weighted,294,1162,382,1,0,0.0,0.07559222510540485,0.07559222510540485,0.0800822324390436,0.02,49,22,38
webis-touche2020,rr,30,0.02,active_judge,294,1139,382,1,0,0.0,0.2450043149330793,0.07559222510540485,0.0800822324390436,0.02,49,22,38
webis-touche2020,rr,30,0.02,strat_pilot,294,1156,382,1,0,0.0,0.07639354401390511,0.07559222510540485,0.0800822324390436,0.02,49,22,38
webis-touche2020,rr,30,0.02,weighted_cv,294,1159,382,1,0,0.0,0.0542469793021788,0.07559222510540485,0.0800822324390436,0.02,49,22,38
webis-touche2020,rr,30,0.02,active_cv,294,1154,382,1,0,0.0,0.09236639496179364,0.07559222510540485,0.0800822324390436,0.02,49,22,38
webis-touche2020,rr,30,0.02,weighted_cvl,294,1142,382,1,0,0.0,0.051014330306427616,0.07559222510540485,0.0800822324390436,0.02,49,22,38
webis-touche2020,rr,30,0.02,uniform,295,1222,370,1,0,0.0,0.24833993362146503,0.052406887025481255,0.05289882176646883,0.02,49,22,38
webis-touche2020,rr,30,0.02,uniform_nz,295,1153,370,1,0,0.0,0.09486630854271928,0.052406887025481255,0.05289882176646883,0.02,49,22,38
webis-touche2020,rr,30,0.02,weighted,295,1164,370,1,0,0.0,0.052406887025481255,0.052406887025481255,0.05289882176646883,0.02,49,22,38
webis-touche2020,rr,30,0.02,active_judge,295,1153,370,1,0,0.0,0.1669051509173995,0.052406887025481255,0.05289882176646883,0.02,49,22,38
webis-touche2020,rr,30,0.02,strat_pilot,295,1175,370,1,0,0.0,0.05334584096389207,0.052406887025481255,0.05289882176646883,0.02,49,22,38
webis-touche2020,rr,30,0.02,weighted_cv,295,1160,370,1,0,0.0,0.034549515228867685,0.052406887025481255,0.05289882176646883,0.02,49,22,38
webis-touche2020,rr,30,0.02,active_cv,295,1168,370,1,0,0.0,0.05513677973814163,0.052406887025481255,0.05289882176646883,0.02,49,22,38
webis-touche2020,rr,30,0.02,weighted_cvl,295,1188,370,1,0,0.0,0.033053203158038946,0.052406887025481255,0.05289882176646883,0.02,49,22,38
webis-touche2020,rr,30,0.02,uniform,296,1318,379,1,0,0.0,0.09352874095708642,0.07763965894611755,0.08929818060451274,0.02,49,24,38
webis-touche2020,rr,30,0.02,uniform_nz,296,1298,379,1,0,0.0,0.08056777935432165,0.07763965894611755,0.08929818060451274,0.02,49,24,38
webis-touche2020,rr,30,0.02,weighted,296,1264,379,1,0,0.0,0.07763965894611755,0.07763965894611755,0.08929818060451274,0.02,49,24,38
webis-touche2020,rr,30,0.02,active_judge,296,1258,379,1,0,0.0,0.1852067480859957,0.07763965894611755,0.08929818060451274,0.02,49,24,38
webis-touche2020,rr,30,0.02,strat_pilot,296,1290,379,1,0,0.0,0.07792034337390553,0.07763965894611755,0.08929818060451274,0.02,49,24,38
webis-touche2020,rr,30,0.02,weighted_cv,296,1297,379,1,0,0.0,0.07424209426596647,0.07763965894611755,0.08929818060451274,0.02,49,24,38
webis-touche2020,rr,30,0.02,active_cv,296,1247,379,1,0,0.0,0.1605024743316547,0.07763965894611755,0.08929818060451274,0.02,49,24,38
webis-touche2020,rr,30,0.02,weighted_cvl,296,1281,379,1,0,0.0,0.06959603745898277,0.07763965894611755,0.08929818060451274,0.02,49,24,38
webis-touche2020,rr,30,0.02,uniform,297,1232,384,1,0,0.0,0.2569781624705748,0.07991725536052018,0.07635112932888542,0.02,49,22,38
webis-touche2020,rr,30,0.02,uniform_nz,297,1185,384,1,0,0.0,0.1382370407115079,0.07991725536052018,0.07635112932888542,0.02,49,22,38
webis-touche2020,rr,30,0.02,weighted,297,1159,384,1,0,0.0,0.07991725536052018,0.07991725536052018,0.07635112932888542,0.02,49,22,38
webis-touche2020,rr,30,0.02,active_judge,297,1165,384,1,0,0.0,0.2578164330555738,0.07991725536052018,0.07635112932888542,0.02,49,22,38
webis-touche2020,rr,30,0.02,strat_pilot,297,1155,384,1,0,0.0,0.08113538438114874,0.07991725536052018,0.07635112932888542,0.02,49,22,38
webis-touche2020,rr,30,0.02,weighted_cv,297,1168,384,1,0,0.0,0.05629519162759703,0.07991725536052018,0.07635112932888542,0.02,49,22,38
webis-touche2020,rr,30,0.02,active_cv,297,1152,384,1,0,0.0,0.08902907723548428,0.07991725536052018,0.07635112932888542,0.02,49,22,38
webis-touche2020,rr,30,0.02,weighted_cvl,297,1156,384,1,0,0.0,0.05629519162759703,0.07991725536052018,0.07635112932888542,0.02,49,22,38
webis-touche2020,rr,30,0.02,uniform,298,1245,388,1,0,0.0,0.12338682246465764,0.053515764438573664,0.050259502136437116,0.02,49,22,38
webis-touche2020,rr,30,0.02,uniform_nz,298,1210,388,1,0,0.0,0.0830445817372002,0.053515764438573664,0.050259502136437116,0.02,49,22,38
webis-touche2020,rr,30,0.02,weighted,298,1192,388,1,0,0.0,0.053515764438573664,0.053515764438573664,0.050259502136437116,0.02,49,22,38
webis-touche2020,rr,30,0.02,active_judge,298,1171,388,1,0,0.0,0.165091887565382,0.053515764438573664,0.050259502136437116,0.02,49,22,38
webis-touche2020,rr,30,0.02,strat_pilot,298,1177,388,1,0,0.0,0.053876872105857586,0.053515764438573664,0.050259502136437116,0.02,49,22,38
webis-touche2020,rr,30,0.02,weighted_cv,298,1147,388,1,0,0.0,0.04234650407448975,0.053515764438573664,0.050259502136437116,0.02,49,22,38
webis-touche2020,rr,30,0.02,active_cv,298,1181,388,1,0,0.0,0.07678645193274052,0.053515764438573664,0.050259502136437116,0.02,49,22,38
webis-touche2020,rr,30,0.02,weighted_cvl,298,1193,388,1,0,0.0,0.03698341245802746,0.053515764438573664,0.050259502136437116,0.02,49,22,38
webis-touche2020,rr,30,0.02,uniform,299,1196,375,1,0,0.0,0.09313107045046806,0.06225469529106007,0.08512292703856171,0.02,49,22,38
webis-touche2020,rr,30,0.02,uniform_nz,299,1170,375,1,0,0.0,0.07526457992253936,0.06225469529106007,0.08512292703856171,0.02,49,22,38
webis-touche2020,rr,30,0.02,weighted,299,1139,375,1,0,0.0,0.06225469529106007,0.06225469529106007,0.08512292703856171,0.02,49,22,38
webis-touche2020,rr,30,0.02,active_judge,299,1157,375,1,0,0.0,0.13334204239703779,0.06225469529106007,0.08512292703856171,0.02,49,22,38
webis-touche2020,rr,30,0.02,strat_pilot,299,1157,375,1,0,0.0,0.06265095246954737,0.06225469529106007,0.08512292703856171,0.02,49,22,38
webis-touche2020,rr,30,0.02,weighted_cv,299,1141,375,1,0,0.0,0.05893920246635616,0.06225469529106007,0.08512292703856171,0.02,49,22,38
webis-touche2020,rr,30,0.02,active_cv,299,1136,375,1,0,0.0,0.15667390491251576,0.06225469529106007,0.08512292703856171,0.02,49,22,38
webis-touche2020,rr,30,0.02,weighted_cvl,299,1152,375,1,0,0.0,0.05393274148118989,0.06225469529106007,0.08512292703856171,0.02,49,22,38
