collection,judge,budget_full_eq,eps,method,draw,docs,pilot,act,wrong,regret,v_pilot,v_pilot_ref,slack_pilot,slack_true,n_queries,b,n_sampled
webis-touche2020,rr,15,0.01,uniform,0,793,368,0,0,0.0,0.06030952935228463,0.024204487626429905,0.0319213073125107,0.01,49,11,38
webis-touche2020,rr,15,0.01,uniform_nz,0,765,368,1,0,0.0,0.031113102247506602,0.024204487626429905,0.0319213073125107,0.01,49,11,38
webis-touche2020,rr,15,0.01,weighted,0,766,368,1,0,0.0,0.024204487626429905,0.024204487626429905,0.0319213073125107,0.01,49,11,38
webis-touche2020,rr,15,0.01,active_judge,0,760,368,1,0,0.0,0.06720212091795452,0.024204487626429905,0.0319213073125107,0.01,49,11,38
webis-touche2020,rr,15,0.01,strat_pilot,0,799,368,1,0,0.0,0.024452524896106005,0.024204487626429905,0.0319213073125107,0.01,49,11,38
webis-touche2020,rr,15,0.01,weighted_cv,0,753,368,1,0,0.0,0.018230622945298102,0.024204487626429905,0.0319213073125107,0.01,49,11,38
webis-touche2020,rr,15,0.01,active_cv,0,779,368,1,0,0.0,0.022355865129252233,0.024204487626429905,0.0319213073125107,0.01,49,11,38
webis-touche2020,rr,15,0.01,weighted_cvl,0,803,368,1,0,0.0,0.01983193796148296,0.024204487626429905,0.0319213073125107,0.01,49,11,38
webis-touche2020,rr,15,0.01,uniform,1,821,384,1,0,0.0,0.11384839662587536,0.04742629344932736,0.0521469732537844,0.01,49,11,38
webis-touche2020,rr,15,0.01,uniform_nz,1,787,384,1,0,0.0,0.08251305136907652,0.04742629344932736,0.0521469732537844,0.01,49,11,38
webis-touche2020,rr,15,0.01,weighted,1,802,384,1,0,0.0,0.04742629344932736,0.04742629344932736,0.0521469732537844,0.01,49,11,38
webis-touche2020,rr,15,0.01,active_judge,1,808,384,1,0,0.0,0.12478403326025438,0.04742629344932736,0.0521469732537844,0.01,49,11,38
webis-touche2020,rr,15,0.01,strat_pilot,1,818,384,1,0,0.0,0.045613511629884806,0.04742629344932736,0.0521469732537844,0.01,49,11,38
webis-touche2020,rr,15,0.01,weighted_cv,1,796,384,1,0,0.0,0.03950872239177162,0.04742629344932736,0.0521469732537844,0.01,49,11,38
webis-touche2020,rr,15,0.01,active_cv,1,798,384,1,0,0.0,0.09562296231818138,0.04742629344932736,0.0521469732537844,0.01,49,11,38
webis-touche2020,rr,15,0.01,weighted_cvl,1,783,384,1,0,0.0,0.0393914110296024,0.04742629344932736,0.0521469732537844,0.01,49,11,38
webis-touche2020,rr,15,0.01,uniform,2,773,366,1,0,0.0,0.10602000570612158,0.056465058899417366,0.07915827367220554,0.01,49,11,38
webis-touche2020,rr,15,0.01,uniform_nz,2,762,366,1,0,0.0,0.08318578369907532,0.056465058899417366,0.07915827367220554,0.01,49,11,38
webis-touche2020,rr,15,0.01,weighted,2,799,366,1,0,0.0,0.056465058899417366,0.056465058899417366,0.07915827367220554,0.01,49,11,38
webis-touche2020,rr,15,0.01,active_judge,2,790,366,1,0,0.0,0.154374190890475,0.056465058899417366,0.07915827367220554,0.01,49,11,38
webis-touche2020,rr,15,0.01,strat_pilot,2,774,366,1,0,0.0,0.056633468958151925,0.056465058899417366,0.07915827367220554,0.01,49,11,38
webis-touche2020,rr,15,0.01,weighted_cv,2,796,366,1,0,0.0,0.049976040737309345,0.056465058899417366,0.07915827367220554,0.01,49,11,38
webis-touche2020,rr,15,0.01,active_cv,2,779,366,1,0,0.0,0.08425114208589794,0.056465058899417366,0.07915827367220554,0.01,49,11,38
webis-touche2020,rr,15,0.01,weighted_cvl,2,789,366,1,0,0.0,0.04246588492501638,0.056465058899417366,0.07915827367220554,0.01,49,11,38
webis-touche2020,rr,15,0.01,uniform,3,751,375,1,0,0.0,0.10320416028770218,0.048930551845997594,0.021474541540331026,0.01,49,11,36
webis-touche2020,rr,15,0.01,uniform_nz,3,773,375,0,0,0.0,0.07352556259141577,0.048930551845997594,0.021474541540331026,0.01,49,11,36
webis-touche2020,rr,15,0.01,weighted,3,742,375,0,0,0.0,0.048930551845997594,0.048930551845997594,0.021474541540331026,0.01,49,11,36
webis-touche2020,rr,15,0.01,active_judge,3,765,375,0,0,0.0,0.10882139640562767,0.048930551845997594,0.021474541540331026,0.01,49,11,36
webis-touche2020,rr,15,0.01,strat_pilot,3,743,375,1,0,0.0,0.04709757494145799,0.048930551845997594,0.021474541540331026,0.01,49,11,36
webis-touche2020,rr,15,0.01,weighted_cv,3,768,375,1,0,0.0,0.04197337838559287,0.048930551845997594,0.021474541540331026,0.01,49,11,36
webis-touche2020,rr,15,0.01,active_cv,3,764,375,0,0,0.0,0.08262100972138023,0.048930551845997594,0.021474541540331026,0.01,49,11,36
webis-touche2020,rr,15,0.01,weighted_cvl,3,747,375,0,0,0.0,0.04080228402616947,0.048930551845997594,0.021474541540331026,0.01,49,11,36
webis-touche2020,rr,15,0.01,uniform,4,773,381,1,0,0.0,0.13215402460247566,0.08078043176664193,0.05894426351082697,0.01,49,11,38
webis-touche2020,rr,15,0.01,uniform_nz,4,801,381,1,0,0.0,0.10955820702457139,0.08078043176664193,0.05894426351082697,0.01,49,11,38
webis-touche2020,rr,15,0.01,weighted,4,797,381,1,0,0.0,0.08078043176664193,0.08078043176664193,0.05894426351082697,0.01,49,11,38
webis-touche2020,rr,15,0.01,active_judge,4,800,381,1,0,0.0,0.19979966054203357,0.08078043176664193,0.05894426351082697,0.01,49,11,38
webis-touche2020,rr,15,0.01,strat_pilot,4,798,381,1,0,0.0,0.08065067205131604,0.08078043176664193,0.05894426351082697,0.01,49,11,38
webis-touche2020,rr,15,0.01,weighted_cv,4,819,381,1,0,0.0,0.07677289596916405,0.08078043176664193,0.05894426351082697,0.01,49,11,38
webis-touche2020,rr,15,0.01,active_cv,4,807,381,1,0,0.0,0.22023540467911076,0.08078043176664193,0.05894426351082697,0.01,49,11,38
webis-touche2020,rr,15,0.01,weighted_cvl,4,827,381,1,0,0.0,0.06778701659116512,0.08078043176664193,0.05894426351082697,0.01,49,11,38
webis-touche2020,rr,15,0.01,uniform,5,784,368,0,0,0.0,0.2591664889175997,0.06764547073876284,0.08769504603869929,0.01,49,11,38
webis-touche2020,rr,15,0.01,uniform_nz,5,786,368,1,0,0.0,0.12609759023333159,0.06764547073876284,0.08769504603869929,0.01,49,11,38
webis-touche2020,rr,15,0.01,weighted,5,808,368,1,0,0.0,0.06764547073876284,0.06764547073876284,0.08769504603869929,0.01,49,11,38
webis-touche2020,rr,15,0.01,active_judge,5,763,368,0,0,0.0,0.2230126689884341,0.06764547073876284,0.08769504603869929,0.01,49,11,38
webis-touche2020,rr,15,0.01,strat_pilot,5,797,368,1,0,0.0,0.06895455376125123,0.06764547073876284,0.08769504603869929,0.01,49,11,38
webis-touche2020,rr,15,0.01,weighted_cv,5,805,368,1,0,0.0,0.04738967946740373,0.06764547073876284,0.08769504603869929,0.01,49,11,38
webis-touche2020,rr,15,0.01,active_cv,5,785,368,1,0,0.0,0.07516089369306538,0.06764547073876284,0.08769504603869929,0.01,49,11,38
webis-touche2020,rr,15,0.01,weighted_cvl,5,790,368,1,0,0.0,0.04535054865722535,0.06764547073876284,0.08769504603869929,0.01,49,11,38
webis-touche2020,rr,15,0.01,uniform,6,797,380,1,0,0.0,0.10269915655371975,0.0759028224174922,0.017676628783439924,0.01,49,11,38
webis-touche2020,rr,15,0.01,uniform_nz,6,797,380,1,0,0.0,0.08703320336627693,0.0759028224174922,0.017676628783439924,0.01,49,11,38
webis-touche2020,rr,15,0.01,weighted,6,784,380,1,0,0.0,0.0759028224174922,0.0759028224174922,0.017676628783439924,0.01,49,11,38
webis-touche2020,rr,15,0.01,active_judge,6,783,380,1,0,0.0,0.15859866717461188,0.0759028224174922,0.017676628783439924,0.01,49,11,38
webis-touche2020,rr,15,0.01,strat_pilot,6,797,380,1,0,0.0,0.07596795488625738,0.0759028224174922,0.017676628783439924,0.01,49,11,38
webis-touche2020,rr,15,0.01,weighted_cv,6,793,380,1,0,0.0,0.0686433058612657,0.0759028224174922,0.017676628783439924,0.01,49,11,38
webis-touche2020,rr,15,0.01,active_cv,6,791,380,1,0,0.0,0.1523095823953949,0.0759028224174922,0.017676628783439924,0.01,49,11,38
webis-touche2020,rr,15,0.01,weighted_cvl,6,799,380,1,0,0.0,0.06359515672537538,0.0759028224174922,0.017676628783439924,0.01,49,11,38
webis-touche2020,rr,15,0.01,uniform,7,786,381,1,0,0.0,0.08105320067826174,0.03411166935066959,0.03568259140240563,0.01,49,11,38
webis-touche2020,rr,15,0.01,uniform_nz,7,804,381,1,0,0.0,0.04876928160888758,0.03411166935066959,0.03568259140240563,0.01,49,11,38
webis-touche2020,rr,15,0.01,weighted,7,784,381,1,0,0.0,0.03411166935066959,0.03411166935066959,0.03568259140240563,0.01,49,11,38
webis-touche2020,rr,15,0.01,active_judge,7,804,381,1,0,0.0,0.06304211321402838,0.03411166935066959,0.03568259140240563,0.01,49,11,38
webis-touche2020,rr,15,0.01,strat_pilot,7,785,381,1,0,0.0,0.03334599928781754,0.03411166935066959,0.03568259140240563,0.01,49,11,38
webis-touche2020,rr,15,0.01,weighted_cv,7,792,381,1,0,0.0,0.027729748410372207,0.03411166935066959,0.03568259140240563,0.01,49,11,38
webis-touche2020,rr,15,0.01,active_cv,7,819,381,1,0,0.0,0.06672687723591544,0.03411166935066959,0.03568259140240563,0.01,49,11,38
webis-touche2020,rr,15,0.01,weighted_cvl,7,794,381,1,0,0.0,0.026993066017300626,0.03411166935066959,0.03568259140240563,0.01,49,11,38
webis-touche2020,rr,15,0.01,uniform,8,799,378,1,0,0.0,0.2236238605116831,0.04667322246278113,0.016691323382499845,0.01,49,11,36
webis-touche2020,rr,15,0.01,uniform_nz,8,743,378,0,0,0.0,0.0794565817767126,0.04667322246278113,0.016691323382499845,0.01,49,11,36
webis-touche2020,rr,15,0.01,weighted,8,771,378,1,0,0.0,0.04667322246278113,0.04667322246278113,0.016691323382499845,0.01,49,11,36
webis-touche2020,rr,15,0.01,active_judge,8,766,378,1,0,0.0,0.131817433883253,0.04667322246278113,0.016691323382499845,0.01,49,11,36
webis-touche2020,rr,15,0.01,strat_pilot,8,770,378,1,0,0.0,0.047429629900723115,0.04667322246278113,0.016691323382499845,0.01,49,11,36
webis-touche2020,rr,15,0.01,weighted_cv,8,758,378,1,0,0.0,0.036004655701031875,0.04667322246278113,0.016691323382499845,0.01,49,11,36
webis-touche2020,rr,15,0.01,active_cv,8,765,378,0,0,0.0,0.08733356229580494,0.04667322246278113,0.016691323382499845,0.01,49,11,36
webis-touche2020,rr,15,0.01,weighted_cvl,8,761,378,1,0,0.0,0.036004655701031875,0.04667322246278113,0.016691323382499845,0.01,49,11,36
webis-touche2020,rr,15,0.01,uniform,9,793,383,1,0,0.0,0.07659536030822793,0.05271734258566222,0.053526369093134456,0.01,49,11,38
webis-touche2020,rr,15,0.01,uniform_nz,9,798,383,1,0,0.0,0.057393891439054955,0.05271734258566222,0.053526369093134456,0.01,49,11,38
webis-touche2020,rr,15,0.01,weighted,9,799,383,1,0,0.0,0.05271734258566222,0.05271734258566222,0.053526369093134456,0.01,49,11,38
webis-touche2020,rr,15,0.01,active_judge,9,789,383,1,0,0.0,0.1103526252990327,0.05271734258566222,0.053526369093134456,0.01,49,11,38
webis-touche2020,rr,15,0.01,strat_pilot,9,797,383,1,0,0.0,0.053942301133743986,0.05271734258566222,0.053526369093134456,0.01,49,11,38
webis-touche2020,rr,15,0.01,weighted_cv,9,788,383,1,0,0.0,0.046185202237106794,0.05271734258566222,0.053526369093134456,0.01,49,11,38
webis-touche2020,rr,15,0.01,active_cv,9,805,383,1,0,0.0,0.10182293768126763,0.05271734258566222,0.053526369093134456,0.01,49,11,38
webis-touche2020,rr,15,0.01,weighted_cvl,9,799,383,1,0,0.0,0.044429633243407304,0.05271734258566222,0.053526369093134456,0.01,49,11,38
webis-touche2020,rr,15,0.01,uniform,10,832,381,1,0,0.0,0.08140445579121253,0.058416511521417615,0.081485378682175,0.01,49,12,38
webis-touche2020,rr,15,0.01,uniform_nz,10,843,381,1,0,0.0,0.06830767259347087,0.058416511521417615,0.081485378682175,0.01,49,12,38
webis-touche2020,rr,15,0.01,weighted,10,829,381,1,0,0.0,0.058416511521417615,0.058416511521417615,0.081485378682175,0.01,49,12,38
webis-touche2020,rr,15,0.01,active_judge,10,851,381,1,0,0.0,0.12028931876448483,0.058416511521417615,0.081485378682175,0.01,49,12,38
webis-touche2020,rr,15,0.01,strat_pilot,10,848,381,1,0,0.0,0.059434678601409864,0.058416511521417615,0.081485378682175,0.01,49,12,38
webis-touche2020,rr,15,0.01,weighted_cv,10,836,381,1,0,0.0,0.052118797648165724,0.058416511521417615,0.081485378682175,0.01,49,12,38
webis-touche2020,rr,15,0.01,active_cv,10,839,381,1,0,0.0,0.12049392847896771,0.058416511521417615,0.081485378682175,0.01,49,12,38
webis-touche2020,rr,15,0.01,weighted_cvl,10,832,381,1,0,0.0,0.048813401877899364,0.058416511521417615,0.081485378682175,0.01,49,12,38
webis-touche2020,rr,15,0.01,uniform,11,825,390,0,0,0.0,0.08163055415566485,0.06380290619961264,0.06724858540725412,0.01,49,11,38
webis-touche2020,rr,15,0.01,uniform_nz,11,791,390,1,0,0.0,0.0731232141342959,0.06380290619961264,0.06724858540725412,0.01,49,11,38
webis-touche2020,rr,15,0.01,weighted,11,825,390,1,0,0.0,0.06380290619961264,0.06380290619961264,0.06724858540725412,0.01,49,11,38
webis-touche2020,rr,15,0.01,active_judge,11,810,390,1,0,0.0,0.13636335681500586,0.06380290619961264,0.06724858540725412,0.01,49,11,38
webis-touche2020,rr,15,0.01,strat_pilot,11,816,390,1,0,0.0,0.06519726682385178,0.06380290619961264,0.06724858540725412,0.01,49,11,38
webis-touche2020,rr,15,0.01,weighted_cv,11,794,390,1,0,0.0,0.05572554402699696,0.06380290619961264,0.06724858540725412,0.01,49,11,38
webis-touche2020,rr,15,0.01,active_cv,11,792,390,1,0,0.0,0.09196273291648958,0.06380290619961264,0.06724858540725412,0.01,49,11,38
webis-touche2020,rr,15,0.01,weighted_cvl,11,826,390,1,0,0.0,0.056375106647728844,0.06380290619961264,0.06724858540725412,0.01,49,11,38
webis-touche2020,rr,15,0.01,uniform,12,802,388,1,0,0.0,0.05477391602635849,0.015965914454526144,0.056630853274244004,0.01,49,11,38
webis-touche2020,rr,15,0.01,uniform_nz,12,807,388,1,0,0.0,0.022169785953854628,0.015965914454526144,0.056630853274244004,0.01,49,11,38
webis-touche2020,rr,15,0.01,weighted,12,823,388,1,0,0.0,0.015965914454526144,0.015965914454526144,0.056630853274244004,0.01,49,11,38
webis-touche2020,rr,15,0.01,active_judge,12,794,388,1,0,0.0,0.04116158329140278,0.015965914454526144,0.056630853274244004,0.01,49,11,38
webis-touche2020,rr,15,0.01,strat_pilot,12,807,388,1,0,0.0,0.015628865235931037,0.015965914454526144,0.056630853274244004,0.01,49,11,38
webis-touche2020,rr,15,0.01,weighted_cv,12,775,388,1,0,0.0,0.015357440030355463,0.015965914454526144,0.056630853274244004,0.01,49,11,38
webis-touche2020,rr,15,0.01,active_cv,12,804,388,1,0,0.0,0.032462473316053266,0.015965914454526144,0.056630853274244004,0.01,49,11,38
webis-touche2020,rr,15,0.01,weighted_cvl,12,788,388,1,0,0.0,0.01489023744391467,0.015965914454526144,0.056630853274244004,0.01,49,11,38
webis-touche2020,rr,15,0.01,uniform,13,776,376,0,0,0.0005553075989670475,0.05718362549736648,0.029181775920024383,0.01228038043827516,0.009444692401032953,49,11,36
webis-touche2020,rr,15,0.01,uniform_nz,13,784,376,0,0,0.0005553075989670475,0.0483034129260891,0.029181775920024383,0.01228038043827516,0.009444692401032953,49,11,36
webis-touche2020,rr,15,0.01,weighted,13,774,376,0,0,0.0005553075989670475,0.029181775920024383,0.029181775920024383,0.01228038043827516,0.009444692401032953,49,11,36
webis-touche2020,rr,15,0.01,active_judge,13,772,376,0,0,0.0005553075989670475,0.08977340631870334,0.029181775920024383,0.01228038043827516,0.009444692401032953,49,11,36
webis-touche2020,rr,15,0.01,strat_pilot,13,760,376,0,0,0.0005553075989670475,0.02919061183660348,0.029181775920024383,0.01228038043827516,0.009444692401032953,49,11,36
webis-touche2020,rr,15,0.01,weighted_cv,13,747,376,0,0,0.0005553075989670475,0.022036592002347373,0.029181775920024383,0.01228038043827516,0.009444692401032953,49,11,36
webis-touche2020,rr,15,0.01,active_cv,13,759,376,0,0,0.0005553075989670475,0.03725440577307773,0.029181775920024383,0.01228038043827516,0.009444692401032953,49,11,36
webis-touche2020,rr,15,0.01,weighted_cvl,13,760,376,1,0,0.0005553075989670475,0.021410060532738754,0.029181775920024383,0.01228038043827516,0.009444692401032953,49,11,36
webis-touche2020,rr,15,0.01,uniform,14,795,381,1,0,0.0,0.06815083321482253,0.03254112517259904,0.03247312537250613,0.01,49,11,38
webis-touche2020,rr,15,0.01,uniform_nz,14,792,381,1,0,0.0,0.04005736900420096,0.03254112517259904,0.03247312537250613,0.01,49,11,38
webis-touche2020,rr,15,0.01,weighted,14,801,381,1,0,0.0,0.03254112517259904,0.03254112517259904,0.03247312537250613,0.01,49,11,38
webis-touche2020,rr,15,0.01,active_judge,14,771,381,0,0,0.0,0.06778740322924656,0.03254112517259904,0.03247312537250613,0.01,49,11,38
webis-touche2020,rr,15,0.01,strat_pilot,14,799,381,1,0,0.0,0.033267923216773514,0.03254112517259904,0.03247312537250613,0.01,49,11,38
webis-touche2020,rr,15,0.01,weighted_cv,14,815,381,1,0,0.0,0.02960401328870807,0.03254112517259904,0.03247312537250613,0.01,49,11,38
webis-touche2020,rr,15,0.01,active_cv,14,784,381,1,0,0.0,0.047103638520842074,0.03254112517259904,0.03247312537250613,0.01,49,11,38
webis-touche2020,rr,15,0.01,weighted_cvl,14,780,381,1,0,0.0,0.027126185350625324,0.03254112517259904,0.03247312537250613,0.01,49,11,38
webis-touche2020,rr,15,0.01,uniform,15,846,384,1,0,0.0,0.097702329735134,0.07242592301022002,0.0758046591762435,0.01,49,12,38
webis-touche2020,rr,15,0.01,uniform_nz,15,875,384,1,0,0.0,0.08229681243971423,0.07242592301022002,0.0758046591762435,0.01,49,12,38
webis-touche2020,rr,15,0.01,weighted,15,831,384,1,0,0.0,0.07242592301022002,0.07242592301022002,0.0758046591762435,0.01,49,12,38
webis-touche2020,rr,15,0.01,active_judge,15,831,384,1,0,0.0,0.16994350182655443,0.07242592301022002,0.0758046591762435,0.01,49,12,38
webis-touche2020,rr,15,0.01,strat_pilot,15,869,384,1,0,0.0,0.07312630072478069,0.07242592301022002,0.0758046591762435,0.01,49,12,38
webis-touche2020,rr,15,0.01,weighted_cv,15,853,384,1,0,0.0,0.06465714661997349,0.07242592301022002,0.0758046591762435,0.01,49,12,38
webis-touche2020,rr,15,0.01,active_cv,15,824,384,1,0,0.0,0.10422255678775241,0.07242592301022002,0.0758046591762435,0.01,49,12,38
webis-touche2020,rr,15,0.01,weighted_cvl,15,829,384,1,0,0.0,0.06032838040083607,0.07242592301022002,0.0758046591762435,0.01,49,12,38
webis-touche2020,rr,15,0.01,uniform,16,773,361,1,0,0.0,0.11295881533308186,0.05656231766191655,0.07161382992652342,0.01,49,11,38
webis-touche2020,rr,15,0.01,uniform_nz,16,758,361,1,0,0.0,0.08189870000761432,0.05656231766191655,0.07161382992652342,0.01,49,11,38
webis-touche2020,rr,15,0.01,weighted,16,785,361,1,0,0.0,0.05656231766191655,0.05656231766191655,0.07161382992652342,0.01,49,11,38
webis-touche2020,rr,15,0.01,active_judge,16,773,361,1,0,0.0,0.17692529052822398,0.05656231766191655,0.07161382992652342,0.01,49,11,38
webis-touche2020,rr,15,0.01,strat_pilot,16,783,361,1,0,0.0,0.056494425387989364,0.05656231766191655,0.07161382992652342,0.01,49,11,38
webis-touche2020,rr,15,0.01,weighted_cv,16,760,361,1,0,0.0,0.050126528031564255,0.05656231766191655,0.07161382992652342,0.01,49,11,38
webis-touche2020,rr,15,0.01,active_cv,16,774,361,1,0,0.0,0.11064834842481694,0.05656231766191655,0.07161382992652342,0.01,49,11,38
webis-touche2020,rr,15,0.01,weighted_cvl,16,801,361,1,0,0.0,0.04324016917065645,0.05656231766191655,0.07161382992652342,0.01,49,11,38
webis-touche2020,rr,15,0.01,uniform,17,779,359,1,0,0.0,0.061681556932168854,0.03524106294080763,0.06766189125631848,0.01,49,11,38
webis-touche2020,rr,15,0.01,uniform_nz,17,761,359,1,0,0.0,0.04225252265230865,0.03524106294080763,0.06766189125631848,0.01,49,11,38
webis-touche2020,rr,15,0.01,weighted,17,783,359,1,0,0.0,0.03524106294080763,0.03524106294080763,0.06766189125631848,0.01,49,11,38
webis-touche2020,rr,15,0.01,active_judge,17,771,359,1,0,0.0,0.09971108663723227,0.03524106294080763,0.06766189125631848,0.01,49,11,38
webis-touche2020,rr,15,0.01,strat_pilot,17,760,359,1,0,0.0,0.03615009455403176,0.03524106294080763,0.06766189125631848,0.01,49,11,38
webis-touche2020,rr,15,0.01,weighted_cv,17,755,359,1,0,0.0,0.029118384520180018,0.03524106294080763,0.06766189125631848,0.01,49,11,38
webis-touche2020,rr,15,0.01,active_cv,17,766,359,1,0,0.0,0.0458845438882288,0.03524106294080763,0.06766189125631848,0.01,49,11,38
webis-touche2020,rr,15,0.01,weighted_cvl,17,795,359,1,0,0.0,0.02885145822163913,0.03524106294080763,0.06766189125631848,0.01,49,11,38
webis-touche2020,rr,15,0.01,uniform,18,795,377,1,0,0.0,0.0624579734434183,0.03757421401110379,0.022733582524772443,0.01,49,11,38
webis-touche2020,rr,15,0.01,uniform_nz,18,809,377,1,0,0.0,0.04519556896339768,0.03757421401110379,0.022733582524772443,0.01,49,11,38
webis-touche2020,rr,15,0.01,weighted,18,788,377,1,0,0.0,0.03757421401110379,0.03757421401110379,0.022733582524772443,0.01,49,11,38
webis-touche2020,rr,15,0.01,active_judge,18,785,377,1,0,0.0,0.09041924258301517,0.03757421401110379,0.022733582524772443,0.01,49,11,38
webis-touche2020,rr,15,0.01,strat_pilot,18,809,377,1,0,0.0,0.0383274905406175,0.03757421401110379,0.022733582524772443,0.01,49,11,38
webis-touche2020,rr,15,0.01,weighted_cv,18,786,377,1,0,0.0,0.027304569312750233,0.03757421401110379,0.022733582524772443,0.01,49,11,38
webis-touche2020,rr,15,0.01,active_cv,18,793,377,1,0,0.0,0.044543361281503435,0.03757421401110379,0.022733582524772443,0.01,49,11,38
webis-touche2020,rr,15,0.01,weighted_cvl,18,783,377,1,0,0.0,0.026049747103779598,0.03757421401110379,0.022733582524772443,0.01,49,11,38
webis-touche2020,rr,15,0.01,uniform,19,837,383,1,0,0.0,0.08427949362380663,0.06248858851834947,0.10350546151895479,0.01,49,12,38
webis-touche2020,rr,15,0.01,uniform_nz,19,816,383,1,0,0.0,0.0715178747812362,0.06248858851834947,0.10350546151895479,0.01,49,12,38
webis-touche2020,rr,15,0.01,weighted,19,841,383,1,0,0.0,0.06248858851834947,0.06248858851834947,0.10350546151895479,0.01,49,12,38
webis-touche2020,rr,15,0.01,active_judge,19,821,383,1,0,0.0,0.11510095887110003,0.06248858851834947,0.10350546151895479,0.01,49,12,38
webis-touche2020,rr,15,0.01,strat_pilot,19,853,383,1,0,0.0,0.06291657624985152,0.06248858851834947,0.10350546151895479,0.01,49,12,38
webis-touche2020,rr,15,0.01,weighted_cv,19,825,383,1,0,0.0,0.05914357691350387,0.06248858851834947,0.10350546151895479,0.01,49,12,38
webis-touche2020,rr,15,0.01,active_cv,19,847,383,1,0,0.0,0.148816833082135,0.06248858851834947,0.10350546151895479,0.01,49,12,38
webis-touche2020,rr,15,0.01,weighted_cvl,19,848,383,1,0,0.0,0.056229118445847846,0.06248858851834947,0.10350546151895479,0.01,49,12,38
webis-touche2020,rr,15,0.01,uniform,20,827,384,1,0,0.0,0.07895568946691306,0.04559118001310327,0.035461721285250686,0.01,49,11,38
webis-touche2020,rr,15,0.01,uniform_nz,20,792,384,1,0,0.0,0.055103848931072785,0.04559118001310327,0.035461721285250686,0.01,49,11,38
webis-touche2020,rr,15,0.01,weighted,20,807,384,1,0,0.0,0.04559118001310327,0.04559118001310327,0.035461721285250686,0.01,49,11,38
webis-touche2020,rr,15,0.01,active_judge,20,796,384,1,0,0.0,0.09114445489455639,0.04559118001310327,0.035461721285250686,0.01,49,11,38
webis-touche2020,rr,15,0.01,strat_pilot,20,833,384,1,0,0.0,0.047429951175999845,0.04559118001310327,0.035461721285250686,0.01,49,11,38
webis-touche2020,rr,15,0.01,weighted_cv,20,844,384,1,0,0.0,0.038575647396471055,0.04559118001310327,0.035461721285250686,0.01,49,11,38
webis-touche2020,rr,15,0.01,active_cv,20,795,384,1,0,0.0,0.06664289934649967,0.04559118001310327,0.035461721285250686,0.01,49,11,38
webis-touche2020,rr,15,0.01,weighted_cvl,20,802,384,1,0,0.0,0.03968339789909283,0.04559118001310327,0.035461721285250686,0.01,49,11,38
webis-touche2020,rr,15,0.01,uniform,21,794,366,1,0,0.0,0.10152846663522556,0.04123332281550317,0.07024213419879055,0.01,49,11,38
webis-touche2020,rr,15,0.01,uniform_nz,21,766,366,1,0,0.0,0.06601605583007675,0.04123332281550317,0.07024213419879055,0.01,49,11,38
webis-touche2020,rr,15,0.01,weighted,21,785,366,1,0,0.0,0.04123332281550317,0.04123332281550317,0.07024213419879055,0.01,49,11,38
webis-touche2020,rr,15,0.01,active_judge,21,786,366,1,0,0.0,0.12304823533723505,0.04123332281550317,0.07024213419879055,0.01,49,11,38
webis-touche2020,rr,15,0.01,strat_pilot,21,789,366,1,0,0.0,0.041409065183344564,0.04123332281550317,0.07024213419879055,0.01,49,11,38
webis-touche2020,rr,15,0.01,weighted_cv,21,783,366,1,0,0.0,0.03482021579193938,0.04123332281550317,0.07024213419879055,0.01,49,11,38
webis-touche2020,rr,15,0.01,active_cv,21,773,366,1,0,0.0,0.06344513819686899,0.04123332281550317,0.07024213419879055,0.01,49,11,38
webis-touche2020,rr,15,0.01,weighted_cvl,21,782,366,1,0,0.0,0.03191523744170285,0.04123332281550317,0.07024213419879055,0.01,49,11,38
webis-touche2020,rr,15,0.01,uniform,22,823,378,1,0,0.0,0.06631158783834593,0.052688122818665785,0.06737579858223562,0.01,49,12,38
webis-touche2020,rr,15,0.01,uniform_nz,22,842,378,1,0,0.0,0.058487038467415,0.052688122818665785,0.06737579858223562,0.01,49,12,38
webis-touche2020,rr,15,0.01,weighted,22,838,378,1,0,0.0,0.052688122818665785,0.052688122818665785,0.06737579858223562,0.01,49,12,38
webis-touche2020,rr,15,0.01,active_judge,22,829,378,1,0,0.0,0.10265631400604731,0.052688122818665785,0.06737579858223562,0.01,49,12,38
webis-touche2020,rr,15,0.01,strat_pilot,22,834,378,1,0,0.0,0.0534202245389649,0.052688122818665785,0.06737579858223562,0.01,49,12,38
webis-touche2020,rr,15,0.01,weighted_cv,22,831,378,1,0,0.0,0.04993765119899014,0.052688122818665785,0.06737579858223562,0.01,49,12,38
webis-touche2020,rr,15,0.01,active_cv,22,810,378,1,0,0.0,0.10594805478155397,0.052688122818665785,0.06737579858223562,0.01,49,12,38
webis-touche2020,rr,15,0.01,weighted_cvl,22,819,378,1,0,0.0,0.04686520216537541,0.052688122818665785,0.06737579858223562,0.01,49,12,38
webis-touche2020,rr,15,0.01,uniform,23,793,381,0,0,0.0,0.2191822465236603,0.04184081601069284,0.030880657010687956,0.01,49,11,36
webis-touche2020,rr,15,0.01,uniform_nz,23,780,381,0,0,0.0,0.06509073666044314,0.04184081601069284,0.030880657010687956,0.01,49,11,36
webis-touche2020,rr,15,0.01,weighted,23,772,381,1,0,0.0,0.04184081601069284,0.04184081601069284,0.030880657010687956,0.01,49,11,36
webis-touche2020,rr,15,0.01,active_judge,23,784,381,0,0,0.0,0.12387650646466553,0.04184081601069284,0.030880657010687956,0.01,49,11,36
webis-touche2020,rr,15,0.01,strat_pilot,23,773,381,1,0,0.0,0.04293272269201632,0.04184081601069284,0.030880657010687956,0.01,49,11,36
webis-touche2020,rr,15,0.01,weighted_cv,23,767,381,0,0,0.0,0.03026614124716217,0.04184081601069284,0.030880657010687956,0.01,49,11,36
webis-touche2020,rr,15,0.01,active_cv,23,774,381,0,0,0.0,0.04051364430867414,0.04184081601069284,0.030880657010687956,0.01,49,11,36
webis-touche2020,rr,15,0.01,weighted_cvl,23,791,381,1,0,0.0,0.028428237362550235,0.04184081601069284,0.030880657010687956,0.01,49,11,36
webis-touche2020,rr,15,0.01,uniform,24,816,374,1,0,0.0,0.23961073459242316,0.06051794838765214,0.052519871769097774,0.01,49,11,38
webis-touche2020,rr,15,0.01,uniform_nz,24,782,374,1,0,0.0,0.10183734183204296,0.06051794838765214,0.052519871769097774,0.01,49,11,38
webis-touche2020,rr,15,0.01,weighted,24,774,374,1,0,0.0,0.06051794838765214,0.06051794838765214,0.052519871769097774,0.01,49,11,38
webis-touche2020,rr,15,0.01,active_judge,24,784,374,1,0,0.0,0.1902456665111385,0.06051794838765214,0.052519871769097774,0.01,49,11,38
webis-touche2020,rr,15,0.01,strat_pilot,24,791,374,1,0,0.0,0.06180314537795765,0.06051794838765214,0.052519871769097774,0.01,49,11,38
webis-touche2020,rr,15,0.01,weighted_cv,24,804,374,1,0,0.0,0.04640990127880247,0.06051794838765214,0.052519871769097774,0.01,49,11,38
webis-touche2020,rr,15,0.01,active_cv,24,768,374,1,0,0.0,0.10703532545353764,0.06051794838765214,0.052519871769097774,0.01,49,11,38
webis-touche2020,rr,15,0.01,weighted_cvl,24,791,374,1,0,0.0,0.042559468555021254,0.06051794838765214,0.052519871769097774,0.01,49,11,38
webis-touche2020,rr,15,0.01,uniform,25,799,389,1,0,0.0,0.25097564013026535,0.06825642229653732,0.01750549132669876,0.01,49,11,36
webis-touche2020,rr,15,0.01,uniform_nz,25,755,389,1,0,0.0,0.10866959471167217,0.06825642229653732,0.01750549132669876,0.01,49,11,36
webis-touche2020,rr,15,0.01,weighted,25,766,389,1,0,0.0,0.06825642229653732,0.06825642229653732,0.01750549132669876,0.01,49,11,36
webis-touche2020,rr,15,0.01,active_judge,25,768,389,1,0,0.0,0.19342218538784645,0.06825642229653732,0.01750549132669876,0.01,49,11,36
webis-touche2020,rr,15,0.01,strat_pilot,25,784,389,1,0,0.0,0.07172223508753814,0.06825642229653732,0.01750549132669876,0.01,49,11,36
webis-touche2020,rr,15,0.01,weighted_cv,25,766,389,1,0,0.0,0.04779586529371489,0.06825642229653732,0.01750549132669876,0.01,49,11,36
webis-touche2020,rr,15,0.01,active_cv,25,758,389,1,0,0.0,0.084490735011157,0.06825642229653732,0.01750549132669876,0.01,49,11,36
webis-touche2020,rr,15,0.01,weighted_cvl,25,762,389,1,0,0.0,0.04777654183217617,0.06825642229653732,0.01750549132669876,0.01,49,11,36
webis-touche2020,rr,15,0.01,uniform,26,792,371,1,0,0.0,0.04910339591231771,0.031630126545146166,0.03664341308845952,0.01,49,11,38
webis-touche2020,rr,15,0.01,uniform_nz,26,788,371,1,0,0.0,0.039427514341848886,0.031630126545146166,0.03664341308845952,0.01,49,11,38
webis-touche2020,rr,15,0.01,weighted,26,800,371,1,0,0.0,0.031630126545146166,0.031630126545146166,0.03664341308845952,0.01,49,11,38
webis-touche2020,rr,15,0.01,active_judge,26,772,371,1,0,0.0,0.07081428049376923,0.031630126545146166,0.03664341308845952,0.01,49,11,38
webis-touche2020,rr,15,0.01,strat_pilot,26,782,371,1,0,0.0,0.03167576963649256,0.031630126545146166,0.03664341308845952,0.01,49,11,38
webis-touche2020,rr,15,0.01,weighted_cv,26,771,371,1,0,0.0,0.029708435534534162,0.031630126545146166,0.03664341308845952,0.01,49,11,38
webis-touche2020,rr,15,0.01,active_cv,26,792,371,0,0,0.0,0.06276548247237237,0.031630126545146166,0.03664341308845952,0.01,49,11,38
webis-touche2020,rr,15,0.01,weighted_cvl,26,772,371,1,0,0.0,0.026631628058512068,0.031630126545146166,0.03664341308845952,0.01,49,11,38
webis-touche2020,rr,15,0.01,uniform,27,843,381,1,0,0.0,0.13145920661672042,0.07886104268449008,0.11366942663045772,0.01,49,12,38
webis-touche2020,rr,15,0.01,uniform_nz,27,846,381,1,0,0.0,0.08876097078096021,0.07886104268449008,0.11366942663045772,0.01,49,12,38
webis-touche2020,rr,15,0.01,weighted,27,833,381,1,0,0.0,0.07886104268449008,0.07886104268449008,0.11366942663045772,0.01,49,12,38
webis-touche2020,rr,15,0.01,active_judge,27,834,381,1,0,0.0,0.19825035555984344,0.07886104268449008,0.11366942663045772,0.01,49,12,38
webis-touche2020,rr,15,0.01,strat_pilot,27,826,381,1,0,0.0,0.08060376704844385,0.07886104268449008,0.11366942663045772,0.01,49,12,38
webis-touche2020,rr,15,0.01,weighted_cv,27,856,381,1,0,0.0,0.061718642218258124,0.07886104268449008,0.11366942663045772,0.01,49,12,38
webis-touche2020,rr,15,0.01,active_cv,27,818,381,1,0,0.0,0.12006698201888608,0.07886104268449008,0.11366942663045772,0.01,49,12,38
webis-touche2020,rr,15,0.01,weighted_cvl,27,832,381,1,0,0.0,0.05823294186920297,0.07886104268449008,0.11366942663045772,0.01,49,12,38
webis-touche2020,rr,15,0.01,uniform,28,814,387,1,0,0.0,0.258988675888044,0.06846641802902036,0.04621797494768282,0.01,49,11,38
webis-touche2020,rr,15,0.01,uniform_nz,28,787,387,1,0,0.0,0.10941296147782206,0.06846641802902036,0.04621797494768282,0.01,49,11,38
webis-touche2020,rr,15,0.01,weighted,28,831,387,1,0,0.0,0.06846641802902036,0.06846641802902036,0.04621797494768282,0.01,49,11,38
webis-touche2020,rr,15,0.01,active_judge,28,817,387,1,0,0.0,0.19416533920027637,0.06846641802902036,0.04621797494768282,0.01,49,11,38
webis-touche2020,rr,15,0.01,strat_pilot,28,805,387,1,0,0.0,0.07045637367688493,0.06846641802902036,0.04621797494768282,0.01,49,11,38
webis-touche2020,rr,15,0.01,weighted_cv,28,790,387,1,0,0.0,0.05109771203235536,0.06846641802902036,0.04621797494768282,0.01,49,11,38
webis-touche2020,rr,15,0.01,active_cv,28,817,387,1,0,0.0,0.07900974183781458,0.06846641802902036,0.04621797494768282,0.01,49,11,38
webis-touche2020,rr,15,0.01,weighted_cvl,28,805,387,1,0,0.0,0.050837574679993634,0.06846641802902036,0.04621797494768282,0.01,49,11,38
webis-touche2020,rr,15,0.01,uniform,29,758,371,1,0,0.0,0.08677716309836933,0.04278095980351514,0.0258735536597631,0.01,49,11,38
webis-touche2020,rr,15,0.01,uniform_nz,29,776,371,1,0,0.0,0.052990931317846234,0.04278095980351514,0.0258735536597631,0.01,49,11,38
webis-touche2020,rr,15,0.01,weighted,29,778,371,1,0,0.0,0.04278095980351514,0.04278095980351514,0.0258735536597631,0.01,49,11,38
webis-touche2020,rr,15,0.01,active_judge,29,777,371,1,0,0.0,0.10356519557962014,0.04278095980351514,0.0258735536597631,0.01,49,11,38
webis-touche2020,rr,15,0.01,strat_pilot,29,791,371,1,0,0.0,0.04344159183624375,0.04278095980351514,0.0258735536597631,0.01,49,11,38
webis-touche2020,rr,15,0.01,weighted_cv,29,800,371,1,0,0.0,0.04116478100288036,0.04278095980351514,0.0258735536597631,0.01,49,11,38
webis-touche2020,rr,15,0.01,active_cv,29,805,371,1,0,0.0,0.09760873118996038,0.04278095980351514,0.0258735536597631,0.01,49,11,38
webis-touche2020,rr,15,0.01,weighted_cvl,29,790,371,1,0,0.0,0.03745628614946693,0.04278095980351514,0.0258735536597631,0.01,49,11,38
webis-touche2020,rr,15,0.01,uniform,30,779,375,1,0,0.0,0.06339123848232654,0.03110135330041881,0.055179629277758206,0.01,49,11,38
webis-touche2020,rr,15,0.01,uniform_nz,30,801,375,1,0,0.0,0.039456402111345816,0.03110135330041881,0.055179629277758206,0.01,49,11,38
webis-touche2020,rr,15,0.01,weighted,30,768,375,1,0,0.0,0.03110135330041881,0.03110135330041881,0.055179629277758206,0.01,49,11,38
webis-touche2020,rr,15,0.01,active_judge,30,791,375,1,0,0.0,0.07184270310251709,0.03110135330041881,0.055179629277758206,0.01,49,11,38
webis-touche2020,rr,15,0.01,strat_pilot,30,810,375,1,0,0.0,0.03203873509282967,0.03110135330041881,0.055179629277758206,0.01,49,11,38
webis-touche2020,rr,15,0.01,weighted_cv,30,762,375,1,0,0.0,0.0319897099350142,0.03110135330041881,0.055179629277758206,0.01,49,11,38
webis-touche2020,rr,15,0.01,active_cv,30,800,375,1,0,0.0,0.07965106976826557,0.03110135330041881,0.055179629277758206,0.01,49,11,38
webis-touche2020,rr,15,0.01,weighted_cvl,30,797,375,1,0,0.0,0.029355666087672382,0.03110135330041881,0.055179629277758206,0.01,49,11,38
webis-touche2020,rr,15,0.01,uniform,31,799,377,1,0,0.0,0.07029388477878758,0.03826381968894517,0.03764577014869786,0.01,49,11,38
webis-touche2020,rr,15,0.01,uniform_nz,31,825,377,1,0,0.0,0.04452014632013064,0.03826381968894517,0.03764577014869786,0.01,49,11,38
webis-touche2020,rr,15,0.01,weighted,31,770,377,1,0,0.0,0.03826381968894517,0.03826381968894517,0.03764577014869786,0.01,49,11,38
webis-touche2020,rr,15,0.01,active_judge,31,798,377,1,0,0.0,0.08133693934545569,0.03826381968894517,0.03764577014869786,0.01,49,11,38
webis-touche2020,rr,15,0.01,strat_pilot,31,802,377,1,0,0.0,0.03849314839298135,0.03826381968894517,0.03764577014869786,0.01,49,11,38
webis-touche2020,rr,15,0.01,weighted_cv,31,794,377,1,0,0.0,0.034310800482540434,0.03826381968894517,0.03764577014869786,0.01,49,11,38
webis-touche2020,rr,15,0.01,active_cv,31,828,377,1,0,0.0,0.05358035927163731,0.03826381968894517,0.03764577014869786,0.01,49,11,38
webis-touche2020,rr,15,0.01,weighted_cvl,31,791,377,1,0,0.0,0.030682045294731324,0.03826381968894517,0.03764577014869786,0.01,49,11,38
webis-touche2020,rr,15,0.01,uniform,32,744,384,1,0,0.0,0.09360221919761481,0.03907023512653304,0.04451387863344382,0.01,49,11,38
webis-touche2020,rr,15,0.01,uniform_nz,32,779,384,1,0,0.0,0.04837960388789368,0.03907023512653304,0.04451387863344382,0.01,49,11,38
webis-touche2020,rr,15,0.01,weighted,32,788,384,1,0,0.0,0.03907023512653304,0.03907023512653304,0.04451387863344382,0.01,49,11,38
webis-touche2020,rr,15,0.01,active_judge,32,806,384,1,0,0.0,0.09632057147811339,0.03907023512653304,0.04451387863344382,0.01,49,11,38
webis-touche2020,rr,15,0.01,strat_pilot,32,805,384,1,0,0.0,0.03968525238435905,0.03907023512653304,0.04451387863344382,0.01,49,11,38
webis-touche2020,rr,15,0.01,weighted_cv,32,772,384,1,0,0.0,0.034593348092313174,0.03907023512653304,0.04451387863344382,0.01,49,11,38
webis-touche2020,rr,15,0.01,active_cv,32,804,384,1,0,0.0,0.06539228105552188,0.03907023512653304,0.04451387863344382,0.01,49,11,38
webis-touche2020,rr,15,0.01,weighted_cvl,32,807,384,1,0,0.0,0.029898141707361485,0.03907023512653304,0.04451387863344382,0.01,49,11,38
webis-touche2020,rr,15,0.01,uniform,33,849,369,1,0,0.0,0.08715657834985749,0.06272317524842794,0.08875371292511249,0.01,49,12,38
webis-touche2020,rr,15,0.01,uniform_nz,33,801,369,1,0,0.0,0.06906162955165684,0.06272317524842794,0.08875371292511249,0.01,49,12,38
webis-touche2020,rr,15,0.01,weighted,33,825,369,1,0,0.0,0.06272317524842794,0.06272317524842794,0.08875371292511249,0.01,49,12,38
webis-touche2020,rr,15,0.01,active_judge,33,814,369,1,0,0.0,0.1496867979042631,0.06272317524842794,0.08875371292511249,0.01,49,12,38
webis-touche2020,rr,15,0.01,strat_pilot,33,827,369,1,0,0.0,0.0633508585737049,0.06272317524842794,0.08875371292511249,0.01,49,12,38
webis-touche2020,rr,15,0.01,weighted_cv,33,831,369,1,0,0.0,0.05307827599981705,0.06272317524842794,0.08875371292511249,0.01,49,12,38
webis-touche2020,rr,15,0.01,active_cv,33,810,369,1,0,0.0,0.11001971080076771,0.06272317524842794,0.08875371292511249,0.01,49,12,38
webis-touche2020,rr,15,0.01,weighted_cvl,33,826,369,1,0,0.0,0.05027909295862071,0.06272317524842794,0.08875371292511249,0.01,49,12,38
webis-touche2020,rr,15,0.01,uniform,34,779,390,0,0,0.0,0.06347746949333753,0.03911905783607524,0.012602789367495256,0.01,49,11,36
webis-touche2020,rr,15,0.01,uniform_nz,34,783,390,0,0,0.0,0.05777860723981393,0.03911905783607524,0.012602789367495256,0.01,49,11,36
webis-touche2020,rr,15,0.01,weighted,34,791,390,1,0,0.0,0.03911905783607524,0.03911905783607524,0.012602789367495256,0.01,49,11,36
webis-touche2020,rr,15,0.01,active_judge,34,794,390,0,0,0.0,0.07089392909906626,0.03911905783607524,0.012602789367495256,0.01,49,11,36
webis-touche2020,rr,15,0.01,strat_pilot,34,797,390,0,0,0.0,0.0393041751128184,0.03911905783607524,0.012602789367495256,0.01,49,11,36
webis-touche2020,rr,15,0.01,weighted_cv,34,763,390,1,0,0.0,0.03435188024993599,0.03911905783607524,0.012602789367495256,0.01,49,11,36
webis-touche2020,rr,15,0.01,active_cv,34,769,390,0,0,0.0,0.08489920858858233,0.03911905783607524,0.012602789367495256,0.01,49,11,36
webis-touche2020,rr,15,0.01,weighted_cvl,34,790,390,0,0,0.0,0.036078716850036205,0.03911905783607524,0.012602789367495256,0.01,49,11,36
webis-touche2020,rr,15,0.01,uniform,35,786,364,1,0,0.0,0.07111982228795512,0.038695898806639935,0.03468077905926202,0.01,49,11,38
webis-touche2020,rr,15,0.01,uniform_nz,35,785,364,1,0,0.0,0.05049597381083119,0.038695898806639935,0.03468077905926202,0.01,49,11,38
webis-touche2020,rr,15,0.01,weighted,35,777,364,1,0,0.0,0.038695898806639935,0.038695898806639935,0.03468077905926202,0.01,49,11,38
webis-touche2020,rr,15,0.01,active_judge,35,789,364,1,0,0.0,0.09686756268184836,0.038695898806639935,0.03468077905926202,0.01,49,11,38
webis-touche2020,rr,15,0.01,strat_pilot,35,804,364,1,0,0.0,0.03878029941068105,0.038695898806639935,0.03468077905926202,0.01,49,11,38
webis-touche2020,rr,15,0.01,weighted_cv,35,774,364,1,0,0.0,0.0367244233829791,0.038695898806639935,0.03468077905926202,0.01,49,11,38
webis-touche2020,rr,15,0.01,active_cv,35,774,364,1,0,0.0,0.09714979003436547,0.038695898806639935,0.03468077905926202,0.01,49,11,38
webis-touche2020,rr,15,0.01,weighted_cvl,35,733,364,1,0,0.0,0.0367244233829791,0.038695898806639935,0.03468077905926202,0.01,49,11,38
webis-touche2020,rr,15,0.01,uniform,36,743,378,1,0,0.0,0.22246336068344688,0.05029425981671133,0.03374546206051119,0.01,49,11,38
webis-touche2020,rr,15,0.01,uniform_nz,36,781,378,1,0,0.0,0.08947734086557177,0.05029425981671133,0.03374546206051119,0.01,49,11,38
webis-touche2020,rr,15,0.01,weighted,36,820,378,1,0,0.0,0.05029425981671133,0.05029425981671133,0.03374546206051119,0.01,49,11,38
webis-touche2020,rr,15,0.01,active_judge,36,800,378,1,0,0.0,0.15791143900696392,0.05029425981671133,0.03374546206051119,0.01,49,11,38
webis-touche2020,rr,15,0.01,strat_pilot,36,778,378,1,0,0.0,0.050972473276337235,0.05029425981671133,0.03374546206051119,0.01,49,11,38
webis-touche2020,rr,15,0.01,weighted_cv,36,789,378,1,0,0.0,0.03448194037334475,0.05029425981671133,0.03374546206051119,0.01,49,11,38
webis-touche2020,rr,15,0.01,active_cv,36,785,378,1,0,0.0,0.046163749145855706,0.05029425981671133,0.03374546206051119,0.01,49,11,38
webis-touche2020,rr,15,0.01,weighted_cvl,36,805,378,1,0,0.0,0.03932298440816819,0.05029425981671133,0.03374546206051119,0.01,49,11,38
webis-touche2020,rr,15,0.01,uniform,37,843,388,1,0,0.0,0.059090514689446795,0.03988632136062754,0.06053939773676612,0.01,49,11,38
webis-touche2020,rr,15,0.01,uniform_nz,37,781,388,1,0,0.0,0.04525384231507891,0.03988632136062754,0.06053939773676612,0.01,49,11,38
webis-touche2020,rr,15,0.01,weighted,37,813,388,1,0,0.0,0.03988632136062754,0.03988632136062754,0.06053939773676612,0.01,49,11,38
webis-touche2020,rr,15,0.01,active_judge,37,809,388,1,0,0.0,0.08070908493012484,0.03988632136062754,0.06053939773676612,0.01,49,11,38
webis-touche2020,rr,15,0.01,strat_pilot,37,786,388,1,0,0.0,0.040287144206901625,0.03988632136062754,0.06053939773676612,0.01,49,11,38
webis-touche2020,rr,15,0.01,weighted_cv,37,804,388,1,0,0.0,0.03913377507374392,0.03988632136062754,0.06053939773676612,0.01,49,11,38
webis-touche2020,rr,15,0.01,active_cv,37,812,388,1,0,0.0,0.07684422773605429,0.03988632136062754,0.06053939773676612,0.01,49,11,38
webis-touche2020,rr,15,0.01,weighted_cvl,37,791,388,1,0,0.0,0.03537965345372075,0.03988632136062754,0.06053939773676612,0.01,49,11,38
webis-touche2020,rr,15,0.01,uniform,38,799,380,1,0,0.0,0.07188763785657706,0.033399649877164275,0.009018315018315034,0.01,49,11,36
webis-touche2020,rr,15,0.01,uniform_nz,38,781,380,0,0,0.0,0.05842860902139483,0.033399649877164275,0.009018315018315034,0.01,49,11,36
webis-touche2020,rr,15,0.01,weighted,38,774,380,0,0,0.0,0.033399649877164275,0.033399649877164275,0.009018315018315034,0.01,49,11,36
webis-touche2020,rr,15,0.01,active_judge,38,766,380,0,0,0.0,0.09145287770519374,0.033399649877164275,0.009018315018315034,0.01,49,11,36
webis-touche2020,rr,15,0.01,strat_pilot,38,783,380,1,0,0.0,0.03181550765978522,0.033399649877164275,0.009018315018315034,0.01,49,11,36
webis-touche2020,rr,15,0.01,weighted_cv,38,760,380,1,0,0.0,0.024968856604604128,0.033399649877164275,0.009018315018315034,0.01,49,11,36
webis-touche2020,rr,15,0.01,active_cv,38,767,380,0,0,0.0,0.04969965556013721,0.033399649877164275,0.009018315018315034,0.01,49,11,36
webis-touche2020,rr,15,0.01,weighted_cvl,38,771,380,1,0,0.0,0.024590730414335984,0.033399649877164275,0.009018315018315034,0.01,49,11,36
webis-touche2020,rr,15,0.01,uniform,39,828,384,1,0,0.0,0.23458357488131515,0.05308535124657121,0.05474847864553748,0.01,49,11,38
webis-touche2020,rr,15,0.01,uniform_nz,39,788,384,1,0,0.0,0.09400531665211567,0.05308535124657121,0.05474847864553748,0.01,49,11,38
webis-touche2020,rr,15,0.01,weighted,39,827,384,1,0,0.0,0.05308535124657121,0.05308535124657121,0.05474847864553748,0.01,49,11,38
webis-touche2020,rr,15,0.01,active_judge,39,804,384,1,0,0.0,0.17886944234889693,0.05308535124657121,0.05474847864553748,0.01,49,11,38
webis-touche2020,rr,15,0.01,strat_pilot,39,778,384,1,0,0.0,0.05376271400624892,0.05308535124657121,0.05474847864553748,0.01,49,11,38
webis-touche2020,rr,15,0.01,weighted_cv,39,814,384,1,0,0.0,0.034795478779106374,0.05308535124657121,0.05474847864553748,0.01,49,11,38
webis-touche2020,rr,15,0.01,active_cv,39,802,384,1,0,0.0,0.05466698265505966,0.05308535124657121,0.05474847864553748,0.01,49,11,38
webis-touche2020,rr,15,0.01,weighted_cvl,39,806,384,1,0,0.0,0.03597165768379252,0.05308535124657121,0.05474847864553748,0.01,49,11,38
webis-touche2020,rr,15,0.01,uniform,40,771,366,0,0,0.000346325518657542,0.04753617581932837,0.017780957319922568,0.010167748917748912,0.009653674481342458,49,11,36
webis-touche2020,rr,15,0.01,uniform_nz,40,760,366,1,0,0.000346325518657542,0.021672350943803598,0.017780957319922568,0.010167748917748912,0.009653674481342458,49,11,36
webis-touche2020,rr,15,0.01,weighted,40,771,366,0,0,0.000346325518657542,0.017780957319922568,0.017780957319922568,0.010167748917748912,0.009653674481342458,49,11,36
webis-touche2020,rr,15,0.01,active_judge,40,765,366,1,0,0.000346325518657542,0.035795882511767324,0.017780957319922568,0.010167748917748912,0.009653674481342458,49,11,36
webis-touche2020,rr,15,0.01,strat_pilot,40,759,366,0,0,0.000346325518657542,0.018902994901199236,0.017780957319922568,0.010167748917748912,0.009653674481342458,49,11,36
webis-touche2020,rr,15,0.01,weighted_cv,40,765,366,1,0,0.000346325518657542,0.015072186942807885,0.017780957319922568,0.010167748917748912,0.009653674481342458,49,11,36
webis-touche2020,rr,15,0.01,active_cv,40,776,366,1,0,0.000346325518657542,0.017022732968598048,0.017780957319922568,0.010167748917748912,0.009653674481342458,49,11,36
webis-touche2020,rr,15,0.01,weighted_cvl,40,762,366,0,0,0.000346325518657542,0.015268748805382204,0.017780957319922568,0.010167748917748912,0.009653674481342458,49,11,36
webis-touche2020,rr,15,0.01,uniform,41,800,385,0,0,0.0,0.23333549777592638,0.04781968488855854,0.04446372551036703,0.01,49,11,38
webis-touche2020,rr,15,0.01,uniform_nz,41,819,385,1,0,0.0,0.09182947667090614,0.04781968488855854,0.04446372551036703,0.01,49,11,38
webis-touche2020,rr,15,0.01,weighted,41,808,385,1,0,0.0,0.04781968488855854,0.04781968488855854,0.04446372551036703,0.01,49,11,38
webis-touche2020,rr,15,0.01,active_judge,41,812,385,1,0,0.0,0.14452726277163,0.04781968488855854,0.04446372551036703,0.01,49,11,38
webis-touche2020,rr,15,0.01,strat_pilot,41,807,385,1,0,0.0,0.048960172155591786,0.04781968488855854,0.04446372551036703,0.01,49,11,38
webis-touche2020,rr,15,0.01,weighted_cv,41,809,385,1,0,0.0,0.030207060182198348,0.04781968488855854,0.04446372551036703,0.01,49,11,38
webis-touche2020,rr,15,0.01,active_cv,41,803,385,1,0,0.0,0.04767385148339861,0.04781968488855854,0.04446372551036703,0.01,49,11,38
webis-touche2020,rr,15,0.01,weighted_cvl,41,805,385,1,0,0.0,0.029211329318160527,0.04781968488855854,0.04446372551036703,0.01,49,11,38
webis-touche2020,rr,15,0.01,uniform,42,876,384,1,0,0.0,0.10444196259466401,0.07933714966360883,0.046303808086430705,0.01,49,12,38
webis-touche2020,rr,15,0.01,uniform_nz,42,860,384,1,0,0.0,0.08822072747838042,0.07933714966360883,0.046303808086430705,0.01,49,12,38
webis-touche2020,rr,15,0.01,weighted,42,839,384,1,0,0.0,0.07933714966360883,0.07933714966360883,0.046303808086430705,0.01,49,12,38
webis-touche2020,rr,15,0.01,active_judge,42,834,384,1,0,0.0,0.18541951056891653,0.07933714966360883,0.046303808086430705,0.01,49,12,38
webis-touche2020,rr,15,0.01,strat_pilot,42,823,384,1,0,0.0,0.07944803652473348,0.07933714966360883,0.046303808086430705,0.01,49,12,38
webis-touche2020,rr,15,0.01,weighted_cv,42,802,384,1,0,0.0,0.07405655694362909,0.07933714966360883,0.046303808086430705,0.01,49,12,38
webis-touche2020,rr,15,0.01,active_cv,42,837,384,1,0,0.0,0.18559726016304143,0.07933714966360883,0.046303808086430705,0.01,49,12,38
webis-touche2020,rr,15,0.01,weighted_cvl,42,831,384,1,0,0.0,0.07209742519109898,0.07933714966360883,0.046303808086430705,0.01,49,12,38
webis-touche2020,rr,15,0.01,uniform,43,805,389,1,0,0.0,0.06733087507952543,0.04154012557424767,0.043605009779360285,0.01,49,11,38
webis-touche2020,rr,15,0.01,uniform_nz,43,806,389,1,0,0.0,0.046190793369731,0.04154012557424767,0.043605009779360285,0.01,49,11,38
webis-touche2020,rr,15,0.01,weighted,43,819,389,1,0,0.0,0.04154012557424767,0.04154012557424767,0.043605009779360285,0.01,49,11,38
webis-touche2020,rr,15,0.01,active_judge,43,788,389,0,0,0.0,0.09039035497274117,0.04154012557424767,0.043605009779360285,0.01,49,11,38
webis-touche2020,rr,15,0.01,strat_pilot,43,799,389,1,0,0.0,0.04173542217759159,0.04154012557424767,0.043605009779360285,0.01,49,11,38
webis-touche2020,rr,15,0.01,weighted_cv,43,777,389,1,0,0.0,0.03630232473096628,0.04154012557424767,0.043605009779360285,0.01,49,11,38
webis-touche2020,rr,15,0.01,active_cv,43,788,389,0,0,0.0,0.05370970732674313,0.04154012557424767,0.043605009779360285,0.01,49,11,38
webis-touche2020,rr,15,0.01,weighted_cvl,43,816,389,1,0,0.0,0.03250130564525926,0.04154012557424767,0.043605009779360285,0.01,49,11,38
webis-touche2020,rr,15,0.01,uniform,44,790,382,1,0,0.0,0.2204317941209394,0.05376669466363272,0.08077521498109735,0.01,49,11,38
webis-touche2020,rr,15,0.01,uniform_nz,44,791,382,1,0,0.0,0.09395451067947558,0.05376669466363272,0.08077521498109735,0.01,49,11,38
webis-touche2020,rr,15,0.01,weighted,44,811,382,1,0,0.0,0.05376669466363272,0.05376669466363272,0.08077521498109735,0.01,49,11,38
webis-touche2020,rr,15,0.01,active_judge,44,791,382,1,0,0.0,0.16903061970365332,0.05376669466363272,0.08077521498109735,0.01,49,11,38
webis-touche2020,rr,15,0.01,strat_pilot,44,801,382,1,0,0.0,0.05504073200569265,0.05376669466363272,0.08077521498109735,0.01,49,11,38
webis-touche2020,rr,15,0.01,weighted_cv,44,797,382,1,0,0.0,0.037096570773391374,0.05376669466363272,0.08077521498109735,0.01,49,11,38
webis-touche2020,rr,15,0.01,active_cv,44,798,382,1,0,0.0,0.06873548302351652,0.05376669466363272,0.08077521498109735,0.01,49,11,38
webis-touche2020,rr,15,0.01,weighted_cvl,44,817,382,1,0,0.0,0.037096570773391374,0.05376669466363272,0.08077521498109735,0.01,49,11,38
webis-touche2020,rr,15,0.01,uniform,45,870,381,1,0,0.0,0.10108001790953906,0.08920501323694827,0.061703826839844336,0.01,49,12,38
webis-touche2020,rr,15,0.01,uniform_nz,45,846,381,1,0,0.0,0.09561829581495862,0.08920501323694827,0.061703826839844336,0.01,49,12,38
webis-touche2020,rr,15,0.01,weighted,45,829,381,1,0,0.0,0.08920501323694827,0.08920501323694827,0.061703826839844336,0.01,49,12,38
webis-touche2020,rr,15,0.01,active_judge,45,818,381,1,0,0.0,0.18983831220564923,0.08920501323694827,0.061703826839844336,0.01,49,12,38
webis-touche2020,rr,15,0.01,strat_pilot,45,832,381,1,0,0.0,0.08938028736348777,0.08920501323694827,0.061703826839844336,0.01,49,12,38
webis-touche2020,rr,15,0.01,weighted_cv,45,844,381,1,0,0.0,0.08450925689584807,0.08920501323694827,0.061703826839844336,0.01,49,12,38
webis-touche2020,rr,15,0.01,active_cv,45,853,381,1,0,0.0,0.19005087356342956,0.08920501323694827,0.061703826839844336,0.01,49,12,38
webis-touche2020,rr,15,0.01,weighted_cvl,45,830,381,1,0,0.0,0.07885671295664953,0.08920501323694827,0.061703826839844336,0.01,49,12,38
webis-touche2020,rr,15,0.01,uniform,46,854,369,1,0,0.0,0.12471042112949957,0.08210307022463625,0.09152362984604759,0.01,49,12,38
webis-touche2020,rr,15,0.01,uniform_nz,46,843,369,1,0,0.0,0.10158446371152685,0.08210307022463625,0.09152362984604759,0.01,49,12,38
webis-touche2020,rr,15,0.01,weighted,46,838,369,1,0,0.0,0.08210307022463625,0.08210307022463625,0.09152362984604759,0.01,49,12,38
webis-touche2020,rr,15,0.01,active_judge,46,820,369,1,0,0.0,0.20079713618272418,0.08210307022463625,0.09152362984604759,0.01,49,12,38
webis-touche2020,rr,15,0.01,strat_pilot,46,845,369,1,0,0.0,0.08295385583239621,0.08210307022463625,0.09152362984604759,0.01,49,12,38
webis-touche2020,rr,15,0.01,weighted_cv,46,847,369,1,0,0.0,0.0756193308246223,0.08210307022463625,0.09152362984604759,0.01,49,12,38
webis-touche2020,rr,15,0.01,active_cv,46,818,369,0,0,0.0,0.2192393991247586,0.08210307022463625,0.09152362984604759,0.01,49,12,38
webis-touche2020,rr,15,0.01,weighted_cvl,46,836,369,1,0,0.0,0.07269330696242421,0.08210307022463625,0.09152362984604759,0.01,49,12,38
webis-touche2020,rr,15,0.01,uniform,47,840,379,1,0,0.0,0.1122680037204983,0.07994594255201382,0.041198774341404246,0.01,49,12,38
webis-touche2020,rr,15,0.01,uniform_nz,47,838,379,1,0,0.0,0.09076069296479564,0.07994594255201382,0.041198774341404246,0.01,49,12,38
webis-touche2020,rr,15,0.01,weighted,47,828,379,1,0,0.0,0.07994594255201382,0.07994594255201382,0.041198774341404246,0.01,49,12,38
webis-touche2020,rr,15,0.01,active_judge,47,837,379,1,0,0.0,0.17377805714642497,0.07994594255201382,0.041198774341404246,0.01,49,12,38
webis-touche2020,rr,15,0.01,strat_pilot,47,859,379,1,0,0.0,0.080596361753552,0.07994594255201382,0.041198774341404246,0.01,49,12,38
webis-touche2020,rr,15,0.01,weighted_cv,47,844,379,1,0,0.0,0.06779863706689075,0.07994594255201382,0.041198774341404246,0.01,49,12,38
webis-touche2020,rr,15,0.01,active_cv,47,824,379,1,0,0.0,0.1267866078206073,0.07994594255201382,0.041198774341404246,0.01,49,12,38
webis-touche2020,rr,15,0.01,weighted_cvl,47,837,379,1,0,0.0,0.06238714962004356,0.07994594255201382,0.041198774341404246,0.01,49,12,38
webis-touche2020,rr,15,0.01,uniform,48,784,377,1,0,0.0,0.0820792646997425,0.048939640586518174,0.029211405811251007,0.01,49,11,38
webis-touche2020,rr,15,0.01,uniform_nz,48,806,377,1,0,0.0,0.06140187623549358,0.048939640586518174,0.029211405811251007,0.01,49,11,38
webis-touche2020,rr,15,0.01,weighted,48,797,377,1,0,0.0,0.048939640586518174,0.048939640586518174,0.029211405811251007,0.01,49,11,38
webis-touche2020,rr,15,0.01,active_judge,48,788,377,0,0,0.0,0.10873706052516316,0.048939640586518174,0.029211405811251007,0.01,49,11,38
webis-touche2020,rr,15,0.01,strat_pilot,48,809,377,1,0,0.0,0.04867582090534435,0.048939640586518174,0.029211405811251007,0.01,49,11,38
webis-touche2020,rr,15,0.01,weighted_cv,48,778,377,1,0,0.0,0.040533856257530705,0.048939640586518174,0.029211405811251007,0.01,49,11,38
webis-touche2020,rr,15,0.01,active_cv,48,788,377,1,0,0.0,0.07596605258313528,0.048939640586518174,0.029211405811251007,0.01,49,11,38
webis-touche2020,rr,15,0.01,weighted_cvl,48,813,377,1,0,0.0,0.0362057623601177,0.048939640586518174,0.029211405811251007,0.01,49,11,38
webis-touche2020,rr,15,0.01,uniform,49,837,369,1,0,0.0,0.08112944227651932,0.054171490336513306,0.08945841119639748,0.01,49,12,38
webis-touche2020,rr,15,0.01,uniform_nz,49,836,369,1,0,0.0,0.0639555890698207,0.054171490336513306,0.08945841119639748,0.01,49,12,38
webis-touche2020,rr,15,0.01,weighted,49,805,369,1,0,0.0,0.054171490336513306,0.054171490336513306,0.08945841119639748,0.01,49,12,38
webis-touche2020,rr,15,0.01,active_judge,49,817,369,1,0,0.0,0.11812833384970715,0.054171490336513306,0.08945841119639748,0.01,49,12,38
webis-touche2020,rr,15,0.01,strat_pilot,49,829,369,1,0,0.0,0.05565132146585215,0.054171490336513306,0.08945841119639748,0.01,49,12,38
webis-touche2020,rr,15,0.01,weighted_cv,49,826,369,1,0,0.0,0.04502314835872591,0.054171490336513306,0.08945841119639748,0.01,49,12,38
webis-touche2020,rr,15,0.01,active_cv,49,854,369,1,0,0.0,0.09533230039092729,0.054171490336513306,0.08945841119639748,0.01,49,12,38
webis-touche2020,rr,15,0.01,weighted_cvl,49,812,369,1,0,0.0,0.04721047249345197,0.054171490336513306,0.08945841119639748,0.01,49,12,38
webis-touche2020,rr,15,0.01,uniform,50,808,375,1,0,0.0,0.22352410679056814,0.05784174071499244,0.048015938166866945,0.01,49,11,38
webis-touche2020,rr,15,0.01,uniform_nz,50,794,375,1,0,0.0,0.09580273376415074,0.05784174071499244,0.048015938166866945,0.01,49,11,38
webis-touche2020,rr,15,0.01,weighted,50,790,375,1,0,0.0,0.05784174071499244,0.05784174071499244,0.048015938166866945,0.01,49,11,38
webis-touche2020,rr,15,0.01,active_judge,50,782,375,1,0,0.0,0.18320135857375766,0.05784174071499244,0.048015938166866945,0.01,49,11,38
webis-touche2020,rr,15,0.01,strat_pilot,50,785,375,1,0,0.0,0.05833766614776925,0.05784174071499244,0.048015938166866945,0.01,49,11,38
webis-touche2020,rr,15,0.01,weighted_cv,50,778,375,1,0,0.0,0.041940189119676854,0.05784174071499244,0.048015938166866945,0.01,49,11,38
webis-touche2020,rr,15,0.01,active_cv,50,786,375,0,0,0.0,0.09417029836428083,0.05784174071499244,0.048015938166866945,0.01,49,11,38
webis-touche2020,rr,15,0.01,weighted_cvl,50,790,375,1,0,0.0,0.05249564223147981,0.05784174071499244,0.048015938166866945,0.01,49,11,38
webis-touche2020,rr,15,0.01,uniform,51,818,382,1,0,0.0,0.07147222786904225,0.045751470752827025,0.046665001922741846,0.01,49,11,38
webis-touche2020,rr,15,0.01,uniform_nz,51,782,382,1,0,0.0,0.05883232426875543,0.045751470752827025,0.046665001922741846,0.01,49,11,38
webis-touche2020,rr,15,0.01,weighted,51,782,382,1,0,0.0,0.045751470752827025,0.045751470752827025,0.046665001922741846,0.01,49,11,38
webis-touche2020,rr,15,0.01,active_judge,51,802,382,1,0,0.0,0.07921279858332769,0.045751470752827025,0.046665001922741846,0.01,49,11,38
webis-touche2020,rr,15,0.01,strat_pilot,51,794,382,1,0,0.0,0.045703888536700606,0.045751470752827025,0.046665001922741846,0.01,49,11,38
webis-touche2020,rr,15,0.01,weighted_cv,51,794,382,1,0,0.0,0.042930230875136845,0.045751470752827025,0.046665001922741846,0.01,49,11,38
webis-touche2020,rr,15,0.01,active_cv,51,803,382,1,0,0.0,0.12032040897068152,0.045751470752827025,0.046665001922741846,0.01,49,11,38
webis-touche2020,rr,15,0.01,weighted_cvl,51,797,382,1,0,0.0,0.03912655778349301,0.045751470752827025,0.046665001922741846,0.01,49,11,38
webis-touche2020,rr,15,0.01,uniform,52,813,376,1,0,0.0,0.056807648028898504,0.03649082744990475,0.06436545698310402,0.01,49,11,38
webis-touche2020,rr,15,0.01,uniform_nz,52,796,376,1,0,0.0,0.044066562714520655,0.03649082744990475,0.06436545698310402,0.01,49,11,38
webis-touche2020,rr,15,0.01,weighted,52,800,376,1,0,0.0,0.03649082744990475,0.03649082744990475,0.06436545698310402,0.01,49,11,38
webis-touche2020,rr,15,0.01,active_judge,52,764,376,1,0,0.0,0.07617632532039788,0.03649082744990475,0.06436545698310402,0.01,49,11,38
webis-touche2020,rr,15,0.01,strat_pilot,52,808,376,1,0,0.0,0.03715055378648578,0.03649082744990475,0.06436545698310402,0.01,49,11,38
webis-touche2020,rr,15,0.01,weighted_cv,52,779,376,1,0,0.0,0.035645160630746034,0.03649082744990475,0.06436545698310402,0.01,49,11,38
webis-touche2020,rr,15,0.01,active_cv,52,787,376,1,0,0.0,0.06537824159209102,0.03649082744990475,0.06436545698310402,0.01,49,11,38
webis-touche2020,rr,15,0.01,weighted_cvl,52,789,376,1,0,0.0,0.03312541093287707,0.03649082744990475,0.06436545698310402,0.01,49,11,38
webis-touche2020,rr,15,0.01,uniform,53,805,386,0,0,0.0,0.050888281351074184,0.03183128078204766,0.033276174012444024,0.01,49,11,38
webis-touche2020,rr,15,0.01,uniform_nz,53,821,386,1,0,0.0,0.03917533482968106,0.03183128078204766,0.033276174012444024,0.01,49,11,38
webis-touche2020,rr,15,0.01,weighted,53,813,386,1,0,0.0,0.03183128078204766,0.03183128078204766,0.033276174012444024,0.01,49,11,38
webis-touche2020,rr,15,0.01,active_judge,53,808,386,1,0,0.0,0.06074655084809614,0.03183128078204766,0.033276174012444024,0.01,49,11,38
webis-touche2020,rr,15,0.01,strat_pilot,53,805,386,1,0,0.0,0.03256694078740693,0.03183128078204766,0.033276174012444024,0.01,49,11,38
webis-touche2020,rr,15,0.01,weighted_cv,53,791,386,1,0,0.0,0.025839534798764552,0.03183128078204766,0.033276174012444024,0.01,49,11,38
webis-touche2020,rr,15,0.01,active_cv,53,802,386,1,0,0.0,0.04624502177058239,0.03183128078204766,0.033276174012444024,0.01,49,11,38
webis-touche2020,rr,15,0.01,weighted_cvl,53,802,386,1,0,0.0,0.023182999705030176,0.03183128078204766,0.033276174012444024,0.01,49,11,38
webis-touche2020,rr,15,0.01,uniform,54,870,394,1,0,0.0,0.27465878135542743,0.09913332798579308,0.08415081535125458,0.01,49,12,38
webis-touche2020,rr,15,0.01,uniform_nz,54,874,394,1,0,0.0,0.17382718083444787,0.09913332798579308,0.08415081535125458,0.01,49,12,38
webis-touche2020,rr,15,0.01,weighted,54,863,394,1,0,0.0,0.09913332798579308,0.09913332798579308,0.08415081535125458,0.01,49,12,38
webis-touche2020,rr,15,0.01,active_judge,54,871,394,1,0,0.0,0.3103455418625435,0.09913332798579308,0.08415081535125458,0.01,49,12,38
webis-touche2020,rr,15,0.01,strat_pilot,54,843,394,1,0,0.0,0.10098536327722189,0.09913332798579308,0.08415081535125458,0.01,49,12,38
webis-touche2020,rr,15,0.01,weighted_cv,54,855,394,1,0,0.0,0.0760099449489703,0.09913332798579308,0.08415081535125458,0.01,49,12,38
webis-touche2020,rr,15,0.01,active_cv,54,855,394,1,0,0.0,0.13268855583561995,0.09913332798579308,0.08415081535125458,0.01,49,12,38
webis-touche2020,rr,15,0.01,weighted_cvl,54,862,394,1,0,0.0,0.07112608272362703,0.09913332798579308,0.08415081535125458,0.01,49,12,38
webis-touche2020,rr,15,0.01,uniform,55,769,367,0,0,0.0,0.07845503539034168,0.04031754463545634,0.02209807965225922,0.01,49,11,36
webis-touche2020,rr,15,0.01,uniform_nz,55,764,367,0,0,0.0,0.06493597194893552,0.04031754463545634,0.02209807965225922,0.01,49,11,36
webis-touche2020,rr,15,0.01,weighted,55,769,367,1,0,0.0,0.04031754463545634,0.04031754463545634,0.02209807965225922,0.01,49,11,36
webis-touche2020,rr,15,0.01,active_judge,55,763,367,1,0,0.0,0.11608049809761063,0.04031754463545634,0.02209807965225922,0.01,49,11,36
webis-touche2020,rr,15,0.01,strat_pilot,55,749,367,1,0,0.0,0.0417335538418432,0.04031754463545634,0.02209807965225922,0.01,49,11,36
webis-touche2020,rr,15,0.01,weighted_cv,55,744,367,1,0,0.0,0.034813523376167346,0.04031754463545634,0.02209807965225922,0.01,49,11,36
webis-touche2020,rr,15,0.01,active_cv,55,756,367,1,0,0.0,0.07917670241970828,0.04031754463545634,0.02209807965225922,0.01,49,11,36
webis-touche2020,rr,15,0.01,weighted_cvl,55,745,367,1,0,0.0,0.031187592778143917,0.04031754463545634,0.02209807965225922,0.01,49,11,36
webis-touche2020,rr,15,0.01,uniform,56,839,370,1,0,0.0,0.08774797992852586,0.06883016788308371,0.106940224901256,0.01,49,12,38
webis-touche2020,rr,15,0.01,uniform_nz,56,788,370,1,0,0.0,0.07589184340110364,0.06883016788308371,0.106940224901256,0.01,49,12,38
webis-touche2020,rr,15,0.01,weighted,56,827,370,1,0,0.0,0.06883016788308371,0.06883016788308371,0.106940224901256,0.01,49,12,38
webis-touche2020,rr,15,0.01,active_judge,56,814,370,1,0,0.0,0.1408441121132902,0.06883016788308371,0.106940224901256,0.01,49,12,38
webis-touche2020,rr,15,0.01,strat_pilot,56,816,370,1,0,0.0,0.06964061650394981,0.06883016788308371,0.106940224901256,0.01,49,12,38
webis-touche2020,rr,15,0.01,weighted_cv,56,863,370,1,0,0.0,0.06957234353389359,0.06883016788308371,0.106940224901256,0.01,49,12,38
webis-touche2020,rr,15,0.01,active_cv,56,825,370,1,0,0.0,0.17828845409087402,0.06883016788308371,0.106940224901256,0.01,49,12,38
webis-touche2020,rr,15,0.01,weighted_cvl,56,845,370,1,0,0.0,0.05802429428440252,0.06883016788308371,0.106940224901256,0.01,49,12,38
webis-touche2020,rr,15,0.01,uniform,57,747,367,0,0,0.001098070141002938,0.08349945805263553,0.052489468914161876,0.01542355520296695,0.008901929858997062,49,11,36
webis-touche2020,rr,15,0.01,uniform_nz,57,743,367,0,0,0.001098070141002938,0.060284168815620764,0.052489468914161876,0.01542355520296695,0.008901929858997062,49,11,36
webis-touche2020,rr,15,0.01,weighted,57,759,367,1,0,0.001098070141002938,0.052489468914161876,0.052489468914161876,0.01542355520296695,0.008901929858997062,49,11,36
webis-touche2020,rr,15,0.01,active_judge,57,750,367,1,0,0.001098070141002938,0.15061819602850596,0.052489468914161876,0.01542355520296695,0.008901929858997062,49,11,36
webis-touche2020,rr,15,0.01,strat_pilot,57,756,367,0,0,0.001098070141002938,0.053227031217329655,0.052489468914161876,0.01542355520296695,0.008901929858997062,49,11,36
webis-touche2020,rr,15,0.01,weighted_cv,57,743,367,0,0,0.001098070141002938,0.04945041728435998,0.052489468914161876,0.01542355520296695,0.008901929858997062,49,11,36
webis-touche2020,rr,15,0.01,active_cv,57,732,367,0,0,0.001098070141002938,0.11626578491883295,0.052489468914161876,0.01542355520296695,0.008901929858997062,49,11,36
webis-touche2020,rr,15,0.01,weighted_cvl,57,757,367,0,0,0.001098070141002938,0.04925327410348568,0.052489468914161876,0.01542355520296695,0.008901929858997062,49,11,36
webis-touche2020,rr,15,0.01,uniform,58,790,379,0,0,0.0,0.09905730376618295,0.04497670175833657,0.02742007605397699,0.01,49,11,36
webis-touche2020,rr,15,0.01,uniform_nz,58,755,379,0,0,0.0,0.08128706117103249,0.04497670175833657,0.02742007605397699,0.01,49,11,36
webis-touche2020,rr,15,0.01,weighted,58,755,379,0,0,0.0,0.04497670175833657,0.04497670175833657,0.02742007605397699,0.01,49,11,36
webis-touche2020,rr,15,0.01,active_judge,58,760,379,0,0,0.0,0.11065743856113146,0.04497670175833657,0.02742007605397699,0.01,49,11,36
webis-touche2020,rr,15,0.01,strat_pilot,58,766,379,1,0,0.0,0.04144252096678455,0.04497670175833657,0.02742007605397699,0.01,49,11,36
webis-touche2020,rr,15,0.01,weighted_cv,58,762,379,1,0,0.0,0.03684530324183481,0.04497670175833657,0.02742007605397699,0.01,49,11,36
webis-touche2020,rr,15,0.01,active_cv,58,779,379,0,0,0.0,0.08168163357306862,0.04497670175833657,0.02742007605397699,0.01,49,11,36
webis-touche2020,rr,15,0.01,weighted_cvl,58,735,379,1,0,0.0,0.03466632228087811,0.04497670175833657,0.02742007605397699,0.01,49,11,36
webis-touche2020,rr,15,0.01,uniform,59,817,373,1,0,0.0,0.08628531758033445,0.050495336541588595,0.05811856097442988,0.01,49,11,38
webis-touche2020,rr,15,0.01,uniform_nz,59,798,373,1,0,0.0,0.06339689671446676,0.050495336541588595,0.05811856097442988,0.01,49,11,38
webis-touche2020,rr,15,0.01,weighted,59,793,373,1,0,0.0,0.050495336541588595,0.050495336541588595,0.05811856097442988,0.01,49,11,38
webis-touche2020,rr,15,0.01,active_judge,59,812,373,1,0,0.0,0.14317416523511822,0.050495336541588595,0.05811856097442988,0.01,49,11,38
webis-touche2020,rr,15,0.01,strat_pilot,59,780,373,1,0,0.0,0.051285675210217874,0.050495336541588595,0.05811856097442988,0.01,49,11,38
webis-touche2020,rr,15,0.01,weighted_cv,59,771,373,1,0,0.0,0.04961509465492023,0.050495336541588595,0.05811856097442988,0.01,49,11,38
webis-touche2020,rr,15,0.01,active_cv,59,787,373,1,0,0.0,0.12776221545663108,0.050495336541588595,0.05811856097442988,0.01,49,11,38
webis-touche2020,rr,15,0.01,weighted_cvl,59,772,373,1,0,0.0,0.04286932813780915,0.050495336541588595,0.05811856097442988,0.01,49,11,38
webis-touche2020,rr,15,0.01,uniform,60,836,372,1,0,0.0,0.08890315359949129,0.06500911899406879,0.09629422683487372,0.01,49,12,38
webis-touche2020,rr,15,0.01,uniform_nz,60,826,372,1,0,0.0,0.0707318710616591,0.06500911899406879,0.09629422683487372,0.01,49,12,38
webis-touche2020,rr,15,0.01,weighted,60,800,372,1,0,0.0,0.06500911899406879,0.06500911899406879,0.09629422683487372,0.01,49,12,38
webis-touche2020,rr,15,0.01,active_judge,60,783,372,1,0,0.0,0.14758666950553848,0.06500911899406879,0.09629422683487372,0.01,49,12,38
webis-touche2020,rr,15,0.01,strat_pilot,60,841,372,1,0,0.0,0.06674645105826955,0.06500911899406879,0.09629422683487372,0.01,49,12,38
webis-touche2020,rr,15,0.01,weighted_cv,60,818,372,1,0,0.0,0.05963061864525261,0.06500911899406879,0.09629422683487372,0.01,49,12,38
webis-touche2020,rr,15,0.01,active_cv,60,825,372,1,0,0.0,0.12628838879105553,0.06500911899406879,0.09629422683487372,0.01,49,12,38
webis-touche2020,rr,15,0.01,weighted_cvl,60,851,372,1,0,0.0,0.0545643191186964,0.06500911899406879,0.09629422683487372,0.01,49,12,38
webis-touche2020,rr,15,0.01,uniform,61,830,382,1,0,0.0,0.086380130493064,0.06665649827145195,0.10422110907670758,0.01,49,12,38
webis-touche2020,rr,15,0.01,uniform_nz,61,853,382,1,0,0.0,0.07192829758348389,0.06665649827145195,0.10422110907670758,0.01,49,12,38
webis-touche2020,rr,15,0.01,weighted,61,865,382,1,0,0.0,0.06665649827145195,0.06665649827145195,0.10422110907670758,0.01,49,12,38
webis-touche2020,rr,15,0.01,active_judge,61,826,382,1,0,0.0,0.1565477235788917,0.06665649827145195,0.10422110907670758,0.01,49,12,38
webis-touche2020,rr,15,0.01,strat_pilot,61,863,382,1,0,0.0,0.06780042806355155,0.06665649827145195,0.10422110907670758,0.01,49,12,38
webis-touche2020,rr,15,0.01,weighted_cv,61,841,382,1,0,0.0,0.05721658666378748,0.06665649827145195,0.10422110907670758,0.01,49,12,38
webis-touche2020,rr,15,0.01,active_cv,61,833,382,1,0,0.0,0.10600872447062601,0.06665649827145195,0.10422110907670758,0.01,49,12,38
webis-touche2020,rr,15,0.01,weighted_cvl,61,819,382,1,0,0.0,0.054718633888290444,0.06665649827145195,0.10422110907670758,0.01,49,12,38
webis-touche2020,rr,15,0.01,uniform,62,802,388,1,0,0.0,0.10980784306058337,0.062176472814427265,0.05310852666425421,0.01,49,11,38
webis-touche2020,rr,15,0.01,uniform_nz,62,822,388,1,0,0.0,0.0777826978919657,0.062176472814427265,0.05310852666425421,0.01,49,11,38
webis-touche2020,rr,15,0.01,weighted,62,792,388,1,0,0.0,0.062176472814427265,0.062176472814427265,0.05310852666425421,0.01,49,11,38
webis-touche2020,rr,15,0.01,active_judge,62,811,388,1,0,0.0,0.15280781672687657,0.062176472814427265,0.05310852666425421,0.01,49,11,38
webis-touche2020,rr,15,0.01,strat_pilot,62,797,388,1,0,0.0,0.06300894357014698,0.062176472814427265,0.05310852666425421,0.01,49,11,38
webis-touche2020,rr,15,0.01,weighted_cv,62,817,388,1,0,0.0,0.05459171710800993,0.062176472814427265,0.05310852666425421,0.01,49,11,38
webis-touche2020,rr,15,0.01,active_cv,62,792,388,1,0,0.0,0.1352194725390674,0.062176472814427265,0.05310852666425421,0.01,49,11,38
webis-touche2020,rr,15,0.01,weighted_cvl,62,817,388,1,0,0.0,0.05103733949235302,0.062176472814427265,0.05310852666425421,0.01,49,11,38
webis-touche2020,rr,15,0.01,uniform,63,797,382,0,0,0.0003549008116944252,0.05753075235456904,0.04355562260582687,0.010707150195641245,0.009645099188305575,49,11,36
webis-touche2020,rr,15,0.01,uniform_nz,63,794,382,0,0,0.0003549008116944252,0.05148563909066589,0.04355562260582687,0.010707150195641245,0.009645099188305575,49,11,36
webis-touche2020,rr,15,0.01,weighted,63,752,382,1,0,0.0003549008116944252,0.04355562260582687,0.04355562260582687,0.010707150195641245,0.009645099188305575,49,11,36
webis-touche2020,rr,15,0.01,active_judge,63,781,382,0,0,0.0003549008116944252,0.08778986571797172,0.04355562260582687,0.010707150195641245,0.009645099188305575,49,11,36
webis-touche2020,rr,15,0.01,strat_pilot,63,775,382,1,0,0.0003549008116944252,0.04354477691726352,0.04355562260582687,0.010707150195641245,0.009645099188305575,49,11,36
webis-touche2020,rr,15,0.01,weighted_cv,63,769,382,1,0,0.0003549008116944252,0.034189415155752835,0.04355562260582687,0.010707150195641245,0.009645099188305575,49,11,36
webis-touche2020,rr,15,0.01,active_cv,63,746,382,0,0,0.0003549008116944252,0.051748664545719726,0.04355562260582687,0.010707150195641245,0.009645099188305575,49,11,36
webis-touche2020,rr,15,0.01,weighted_cvl,63,766,382,1,0,0.0003549008116944252,0.03140473680441498,0.04355562260582687,0.010707150195641245,0.009645099188305575,49,11,36
webis-touche2020,rr,15,0.01,uniform,64,805,394,1,0,0.0,0.08479311480231796,0.05667009909102103,0.03177798079113867,0.01,49,11,38
webis-touche2020,rr,15,0.01,uniform_nz,64,853,394,1,0,0.0,0.06903875832602702,0.05667009909102103,0.03177798079113867,0.01,49,11,38
webis-touche2020,rr,15,0.01,weighted,64,795,394,1,0,0.0,0.05667009909102103,0.05667009909102103,0.03177798079113867,0.01,49,11,38
webis-touche2020,rr,15,0.01,active_judge,64,817,394,1,0,0.0,0.13543129731505693,0.05667009909102103,0.03177798079113867,0.01,49,11,38
webis-touche2020,rr,15,0.01,strat_pilot,64,778,394,1,0,0.0,0.05779138578108771,0.05667009909102103,0.03177798079113867,0.01,49,11,38
webis-touche2020,rr,15,0.01,weighted_cv,64,790,394,1,0,0.0,0.04909957914291751,0.05667009909102103,0.03177798079113867,0.01,49,11,38
webis-touche2020,rr,15,0.01,active_cv,64,817,394,1,0,0.0,0.0948688133085623,0.05667009909102103,0.03177798079113867,0.01,49,11,38
webis-touche2020,rr,15,0.01,weighted_cvl,64,820,394,1,0,0.0,0.047796175095175156,0.05667009909102103,0.03177798079113867,0.01,49,11,38
webis-touche2020,rr,15,0.01,uniform,65,841,394,1,0,0.0,0.09342442033213919,0.04823163324955146,0.052061142675693735,0.01,49,11,38
webis-touche2020,rr,15,0.01,uniform_nz,65,811,394,1,0,0.0,0.0606378243895177,0.04823163324955146,0.052061142675693735,0.01,49,11,38
webis-touche2020,rr,15,0.01,weighted,65,803,394,1,0,0.0,0.04823163324955146,0.04823163324955146,0.052061142675693735,0.01,49,11,38
webis-touche2020,rr,15,0.01,active_judge,65,828,394,1,0,0.0,0.11577958858447694,0.04823163324955146,0.052061142675693735,0.01,49,11,38
webis-touche2020,rr,15,0.01,strat_pilot,65,825,394,1,0,0.0,0.049197211254807846,0.04823163324955146,0.052061142675693735,0.01,49,11,38
webis-touche2020,rr,15,0.01,weighted_cv,65,795,394,1,0,0.0,0.038391996720845194,0.04823163324955146,0.052061142675693735,0.01,49,11,38
webis-touche2020,rr,15,0.01,active_cv,65,802,394,1,0,0.0,0.07159896468294599,0.04823163324955146,0.052061142675693735,0.01,49,11,38
webis-touche2020,rr,15,0.01,weighted_cvl,65,815,394,1,0,0.0,0.03841857881059926,0.04823163324955146,0.052061142675693735,0.01,49,11,38
webis-touche2020,rr,15,0.01,uniform,66,810,396,0,0,1.5514276587302867e-05,0.06210218077204723,0.0437330370637455,0.008742500189868612,0.009984485723412697,49,11,36
webis-touche2020,rr,15,0.01,uniform_nz,66,796,396,0,0,1.5514276587302867e-05,0.04978493602714383,0.0437330370637455,0.008742500189868612,0.009984485723412697,49,11,36
webis-touche2020,rr,15,0.01,weighted,66,805,396,0,0,1.5514276587302867e-05,0.0437330370637455,0.0437330370637455,0.008742500189868612,0.009984485723412697,49,11,36
webis-touche2020,rr,15,0.01,active_judge,66,793,396,0,0,1.5514276587302867e-05,0.08832705681503232,0.0437330370637455,0.008742500189868612,0.009984485723412697,49,11,36
webis-touche2020,rr,15,0.01,strat_pilot,66,774,396,1,0,1.5514276587302867e-05,0.042911052361244616,0.0437330370637455,0.008742500189868612,0.009984485723412697,49,11,36
webis-touche2020,rr,15,0.01,weighted_cv,66,792,396,0,0,1.5514276587302867e-05,0.03945077093828077,0.0437330370637455,0.008742500189868612,0.009984485723412697,49,11,36
webis-touche2020,rr,15,0.01,active_cv,66,791,396,1,0,1.5514276587302867e-05,0.05843562553853332,0.0437330370637455,0.008742500189868612,0.009984485723412697,49,11,36
webis-touche2020,rr,15,0.01,weighted_cvl,66,787,396,0,0,1.5514276587302867e-05,0.037467352902777355,0.0437330370637455,0.008742500189868612,0.009984485723412697,49,11,36
webis-touche2020,rr,15,0.01,uniform,67,816,386,1,0,0.0,0.0491193588005649,0.02020083930099257,0.052626101707976776,0.01,49,11,38
webis-touche2020,rr,15,0.01,uniform_nz,67,808,386,1,0,0.0,0.026842422938848788,0.02020083930099257,0.052626101707976776,0.01,49,11,38
webis-touche2020,rr,15,0.01,weighted,67,775,386,1,0,0.0,0.02020083930099257,0.02020083930099257,0.052626101707976776,0.01,49,11,38
webis-touche2020,rr,15,0.01,active_judge,67,797,386,1,0,0.0,0.05941087241344145,0.02020083930099257,0.052626101707976776,0.01,49,11,38
webis-touche2020,rr,15,0.01,strat_pilot,67,829,386,1,0,0.0,0.0203135058719127,0.02020083930099257,0.052626101707976776,0.01,49,11,38
webis-touche2020,rr,15,0.01,weighted_cv,67,816,386,1,0,0.0,0.019708911785419607,0.02020083930099257,0.052626101707976776,0.01,49,11,38
webis-touche2020,rr,15,0.01,active_cv,67,792,386,1,0,0.0,0.03720430059801709,0.02020083930099257,0.052626101707976776,0.01,49,11,38
webis-touche2020,rr,15,0.01,weighted_cvl,67,789,386,1,0,0.0,0.016579529170919035,0.02020083930099257,0.052626101707976776,0.01,49,11,38
webis-touche2020,rr,15,0.01,uniform,68,786,380,1,0,0.0,0.057043128740902484,0.03076590408154229,0.0255172580855378,0.01,49,11,38
webis-touche2020,rr,15,0.01,uniform_nz,68,791,380,1,0,0.0,0.03864480224083551,0.03076590408154229,0.0255172580855378,0.01,49,11,38
webis-touche2020,rr,15,0.01,weighted,68,772,380,1,0,0.0,0.03076590408154229,0.03076590408154229,0.0255172580855378,0.01,49,11,38
webis-touche2020,rr,15,0.01,active_judge,68,803,380,0,0,0.0,0.061815385670992026,0.03076590408154229,0.0255172580855378,0.01,49,11,38
webis-touche2020,rr,15,0.01,strat_pilot,68,831,380,1,0,0.0,0.03125152105544411,0.03076590408154229,0.0255172580855378,0.01,49,11,38
webis-touche2020,rr,15,0.01,weighted_cv,68,808,380,1,0,0.0,0.02317980364818826,0.03076590408154229,0.0255172580855378,0.01,49,11,38
webis-touche2020,rr,15,0.01,active_cv,68,805,380,1,0,0.0,0.03925587666868143,0.03076590408154229,0.0255172580855378,0.01,49,11,38
webis-touche2020,rr,15,0.01,weighted_cvl,68,806,380,1,0,0.0,0.022710688837887478,0.03076590408154229,0.0255172580855378,0.01,49,11,38
webis-touche2020,rr,15,0.01,uniform,69,817,377,1,0,0.0,0.2499294386348727,0.07316797205684203,0.06939925893119459,0.01,49,11,38
webis-touche2020,rr,15,0.01,uniform_nz,69,786,377,1,0,0.0,0.11410490229686505,0.07316797205684203,0.06939925893119459,0.01,49,11,38
webis-touche2020,rr,15,0.01,weighted,69,794,377,1,0,0.0,0.07316797205684203,0.07316797205684203,0.06939925893119459,0.01,49,11,38
webis-touche2020,rr,15,0.01,active_judge,69,784,377,1,0,0.0,0.21263644670578424,0.07316797205684203,0.06939925893119459,0.01,49,11,38
webis-touche2020,rr,15,0.01,strat_pilot,69,787,377,1,0,0.0,0.07482192869911389,0.07316797205684203,0.06939925893119459,0.01,49,11,38
webis-touche2020,rr,15,0.01,weighted_cv,69,801,377,1,0,0.0,0.05165836078020297,0.07316797205684203,0.06939925893119459,0.01,49,11,38
webis-touche2020,rr,15,0.01,active_cv,69,792,377,1,0,0.0,0.06981386334109725,0.07316797205684203,0.06939925893119459,0.01,49,11,38
webis-touche2020,rr,15,0.01,weighted_cvl,69,783,377,1,0,0.0,0.049179596907419916,0.07316797205684203,0.06939925893119459,0.01,49,11,38
webis-touche2020,rr,15,0.01,uniform,70,820,385,0,0,0.11230006275363935,0.1025310190780716,0.0521474811335914,0.015214197828614315,-0.10230006275363936,49,11,38
webis-touche2020,rr,15,0.01,uniform_nz,70,829,385,0,0,0.11230006275363935,0.05836532216216399,0.0521474811335914,0.015214197828614315,-0.10230006275363936,49,11,38
webis-touche2020,rr,15,0.01,weighted,70,816,385,0,0,0.11230006275363935,0.0521474811335914,0.0521474811335914,0.015214197828614315,-0.10230006275363936,49,11,38
webis-touche2020,rr,15,0.01,active_judge,70,800,385,0,0,0.11230006275363935,0.14767313128948736,0.0521474811335914,0.015214197828614315,-0.10230006275363936,49,11,38
webis-touche2020,rr,15,0.01,strat_pilot,70,793,385,0,0,0.11230006275363935,0.05233853607319307,0.0521474811335914,0.015214197828614315,-0.10230006275363936,49,11,38
webis-touche2020,rr,15,0.01,weighted_cv,70,822,385,0,0,0.11230006275363935,0.04314369856089907,0.0521474811335914,0.015214197828614315,-0.10230006275363936,49,11,38
webis-touche2020,rr,15,0.01,active_cv,70,817,385,0,0,0.11230006275363935,0.08113059612870914,0.0521474811335914,0.015214197828614315,-0.10230006275363936,49,11,38
webis-touche2020,rr,15,0.01,weighted_cvl,70,797,385,0,0,0.11230006275363935,0.047133019692860795,0.0521474811335914,0.015214197828614315,-0.10230006275363936,49,11,38
webis-touche2020,rr,15,0.01,uniform,71,786,377,1,0,0.0,0.10888997465890544,0.06201019446064637,0.04567331132097587,0.01,49,11,38
webis-touche2020,rr,15,0.01,uniform_nz,71,798,377,1,0,0.0,0.08180275845038792,0.06201019446064637,0.04567331132097587,0.01,49,11,38
webis-touche2020,rr,15,0.01,weighted,71,780,377,1,0,0.0,0.06201019446064637,0.06201019446064637,0.04567331132097587,0.01,49,11,38
webis-touche2020,rr,15,0.01,active_judge,71,801,377,1,0,0.0,0.14128077922372048,0.06201019446064637,0.04567331132097587,0.01,49,11,38
webis-touche2020,rr,15,0.01,strat_pilot,71,775,377,1,0,0.0,0.061823817651527654,0.06201019446064637,0.04567331132097587,0.01,49,11,38
webis-touche2020,rr,15,0.01,weighted_cv,71,793,377,1,0,0.0,0.058109335201111625,0.06201019446064637,0.04567331132097587,0.01,49,11,38
webis-touche2020,rr,15,0.01,active_cv,71,787,377,1,0,0.0,0.1397566042188873,0.06201019446064637,0.04567331132097587,0.01,49,11,38
webis-touche2020,rr,15,0.01,weighted_cvl,71,802,377,1,0,0.0,0.0530152433042564,0.06201019446064637,0.04567331132097587,0.01,49,11,38
webis-touche2020,rr,15,0.01,uniform,72,769,378,1,0,0.0,0.05411392365797692,0.03236614377899168,0.07535966355625796,0.01,49,11,38
webis-touche2020,rr,15,0.01,uniform_nz,72,801,378,1,0,0.0,0.03769733519556893,0.03236614377899168,0.07535966355625796,0.01,49,11,38
webis-touche2020,rr,15,0.01,weighted,72,800,378,1,0,0.0,0.03236614377899168,0.03236614377899168,0.07535966355625796,0.01,49,11,38
webis-touche2020,rr,15,0.01,active_judge,72,804,378,1,0,0.0,0.08345125767420843,0.03236614377899168,0.07535966355625796,0.01,49,11,38
webis-touche2020,rr,15,0.01,strat_pilot,72,803,378,1,0,0.0,0.03280922505609493,0.03236614377899168,0.07535966355625796,0.01,49,11,38
webis-touche2020,rr,15,0.01,weighted_cv,72,781,378,1,0,0.0,0.027234115252762193,0.03236614377899168,0.07535966355625796,0.01,49,11,38
webis-touche2020,rr,15,0.01,active_cv,72,789,378,1,0,0.0,0.050377417795821146,0.03236614377899168,0.07535966355625796,0.01,49,11,38
webis-touche2020,rr,15,0.01,weighted_cvl,72,776,378,1,0,0.0,0.024942456477340107,0.03236614377899168,0.07535966355625796,0.01,49,11,38
webis-touche2020,rr,15,0.01,uniform,73,782,388,0,0,0.0,0.07736234358634046,0.04483065208452668,0.028083028083028073,0.01,49,11,36
webis-touche2020,rr,15,0.01,uniform_nz,73,767,388,0,0,0.0,0.059982598244538554,0.04483065208452668,0.028083028083028073,0.01,49,11,36
webis-touche2020,rr,15,0.01,weighted,73,744,388,1,0,0.0,0.04483065208452668,0.04483065208452668,0.028083028083028073,0.01,49,11,36
webis-touche2020,rr,15,0.01,active_judge,73,756,388,0,0,0.0,0.08971457174195255,0.04483065208452668,0.028083028083028073,0.01,49,11,36
webis-touche2020,rr,15,0.01,strat_pilot,73,768,388,0,0,0.0,0.04410637570499158,0.04483065208452668,0.028083028083028073,0.01,49,11,36
webis-touche2020,rr,15,0.01,weighted_cv,73,767,388,0,0,0.0,0.03990464033553702,0.04483065208452668,0.028083028083028073,0.01,49,11,36
webis-touche2020,rr,15,0.01,active_cv,73,759,388,1,0,0.0,0.05955413453103207,0.04483065208452668,0.028083028083028073,0.01,49,11,36
webis-touche2020,rr,15,0.01,weighted_cvl,73,793,388,0,0,0.0,0.036205032272658075,0.04483065208452668,0.028083028083028073,0.01,49,11,36
webis-touche2020,rr,15,0.01,uniform,74,778,383,0,0,0.0,0.08314171659915667,0.05445830247267973,0.01637212804395468,0.01,49,11,36
webis-touche2020,rr,15,0.01,uniform_nz,74,770,383,0,0,0.0,0.06825633169494094,0.05445830247267973,0.01637212804395468,0.01,49,11,36
webis-touche2020,rr,15,0.01,weighted,74,759,383,1,0,0.0,0.05445830247267973,0.05445830247267973,0.01637212804395468,0.01,49,11,36
webis-touche2020,rr,15,0.01,active_judge,74,769,383,1,0,0.0,0.106150635320896,0.05445830247267973,0.01637212804395468,0.01,49,11,36
webis-touche2020,rr,15,0.01,strat_pilot,74,779,383,1,0,0.0,0.05524621636476087,0.05445830247267973,0.01637212804395468,0.01,49,11,36
webis-touche2020,rr,15,0.01,weighted_cv,74,772,383,1,0,0.0,0.0473371656941893,0.05445830247267973,0.01637212804395468,0.01,49,11,36
webis-touche2020,rr,15,0.01,active_cv,74,751,383,0,0,0.0,0.09979087637043185,0.05445830247267973,0.01637212804395468,0.01,49,11,36
webis-touche2020,rr,15,0.01,weighted_cvl,74,778,383,1,0,0.0,0.04425429366114478,0.05445830247267973,0.01637212804395468,0.01,49,11,36
webis-touche2020,rr,15,0.01,uniform,75,768,372,1,0,0.0,0.07733037925733934,0.04568719975287421,0.07952505927738125,0.01,49,11,38
webis-touche2020,rr,15,0.01,uniform_nz,75,790,372,1,0,0.0,0.0523961287372429,0.04568719975287421,0.07952505927738125,0.01,49,11,38
webis-touche2020,rr,15,0.01,weighted,75,796,372,1,0,0.0,0.04568719975287421,0.04568719975287421,0.07952505927738125,0.01,49,11,38
webis-touche2020,rr,15,0.01,active_judge,75,781,372,1,0,0.0,0.11588995675318334,0.04568719975287421,0.07952505927738125,0.01,49,11,38
webis-touche2020,rr,15,0.01,strat_pilot,75,786,372,1,0,0.0,0.046166254323588715,0.04568719975287421,0.07952505927738125,0.01,49,11,38
webis-touche2020,rr,15,0.01,weighted_cv,75,804,372,1,0,0.0,0.043510948370241616,0.04568719975287421,0.07952505927738125,0.01,49,11,38
webis-touche2020,rr,15,0.01,active_cv,75,808,372,1,0,0.0,0.108706588155701,0.04568719975287421,0.07952505927738125,0.01,49,11,38
webis-touche2020,rr,15,0.01,weighted_cvl,75,805,372,1,0,0.0,0.04374077355675226,0.04568719975287421,0.07952505927738125,0.01,49,11,38
webis-touche2020,rr,15,0.01,uniform,76,790,392,1,0,0.0,0.12115982280885032,0.06398226671933244,0.07051878023936844,0.01,49,11,38
webis-touche2020,rr,15,0.01,uniform_nz,76,824,392,1,0,0.0,0.09166153981525628,0.06398226671933244,0.07051878023936844,0.01,49,11,38
webis-touche2020,rr,15,0.01,weighted,76,812,392,1,0,0.0,0.06398226671933244,0.06398226671933244,0.07051878023936844,0.01,49,11,38
webis-touche2020,rr,15,0.01,active_judge,76,827,392,1,0,0.0,0.1734479950982752,0.06398226671933244,0.07051878023936844,0.01,49,11,38
webis-touche2020,rr,15,0.01,strat_pilot,76,819,392,1,0,0.0,0.06510230519982593,0.06398226671933244,0.07051878023936844,0.01,49,11,38
webis-touche2020,rr,15,0.01,weighted_cv,76,804,392,1,0,0.0,0.05282581909841487,0.06398226671933244,0.07051878023936844,0.01,49,11,38
webis-touche2020,rr,15,0.01,active_cv,76,822,392,1,0,0.0,0.09864242454958994,0.06398226671933244,0.07051878023936844,0.01,49,11,38
webis-touche2020,rr,15,0.01,weighted_cvl,76,800,392,1,0,0.0,0.04945974268382393,0.06398226671933244,0.07051878023936844,0.01,49,11,38
webis-touche2020,rr,15,0.01,uniform,77,786,376,1,0,0.0,0.06783231787809244,0.03269192513109688,0.0447449076526341,0.01,49,11,38
webis-touche2020,rr,15,0.01,uniform_nz,77,789,376,1,0,0.0,0.03869311840565759,0.03269192513109688,0.0447449076526341,0.01,49,11,38
webis-touche2020,rr,15,0.01,weighted,77,798,376,1,0,0.0,0.03269192513109688,0.03269192513109688,0.0447449076526341,0.01,49,11,38
webis-touche2020,rr,15,0.01,active_judge,77,793,376,1,0,0.0,0.09577519772732226,0.03269192513109688,0.0447449076526341,0.01,49,11,38
webis-touche2020,rr,15,0.01,strat_pilot,77,777,376,1,0,0.0,0.03326964440594617,0.03269192513109688,0.0447449076526341,0.01,49,11,38
webis-touche2020,rr,15,0.01,weighted_cv,77,781,376,1,0,0.0,0.028542082875580875,0.03269192513109688,0.0447449076526341,0.01,49,11,38
webis-touche2020,rr,15,0.01,active_cv,77,772,376,0,0,0.0,0.041063430719955246,0.03269192513109688,0.0447449076526341,0.01,49,11,38
webis-touche2020,rr,15,0.01,weighted_cvl,77,800,376,1,0,0.0,0.026469139065632603,0.03269192513109688,0.0447449076526341,0.01,49,11,38
webis-touche2020,rr,15,0.01,uniform,78,776,388,1,0,0.0,0.07138217048268539,0.05172686706700946,0.026866299332849355,0.01,49,11,38
webis-touche2020,rr,15,0.01,uniform_nz,78,813,388,1,0,0.0,0.06340225018833626,0.05172686706700946,0.026866299332849355,0.01,49,11,38
webis-touche2020,rr,15,0.01,weighted,78,811,388,1,0,0.0,0.05172686706700946,0.05172686706700946,0.026866299332849355,0.01,49,11,38
webis-touche2020,rr,15,0.01,active_judge,78,791,388,1,0,0.0,0.1078529168046795,0.05172686706700946,0.026866299332849355,0.01,49,11,38
webis-touche2020,rr,15,0.01,strat_pilot,78,822,388,1,0,0.0,0.052615859362100205,0.05172686706700946,0.026866299332849355,0.01,49,11,38
webis-touche2020,rr,15,0.01,weighted_cv,78,813,388,1,0,0.0,0.04431584944707949,0.05172686706700946,0.026866299332849355,0.01,49,11,38
webis-touche2020,rr,15,0.01,active_cv,78,818,388,1,0,0.0,0.08346179217667524,0.05172686706700946,0.026866299332849355,0.01,49,11,38
webis-touche2020,rr,15,0.01,weighted_cvl,78,829,388,1,0,0.0,0.04518921928051393,0.05172686706700946,0.026866299332849355,0.01,49,11,38
webis-touche2020,rr,15,0.01,uniform,79,830,389,1,0,0.0,0.09115990238211698,0.04500476488008516,0.055867787040387626,0.01,49,11,38
webis-touche2020,rr,15,0.01,uniform_nz,79,817,389,1,0,0.0,0.07276610896471788,0.04500476488008516,0.055867787040387626,0.01,49,11,38
webis-touche2020,rr,15,0.01,weighted,79,798,389,1,0,0.0,0.04500476488008516,0.04500476488008516,0.055867787040387626,0.01,49,11,38
webis-touche2020,rr,15,0.01,active_judge,79,806,389,1,0,0.0,0.12371174417280754,0.04500476488008516,0.055867787040387626,0.01,49,11,38
webis-touche2020,rr,15,0.01,strat_pilot,79,795,389,1,0,0.0,0.045092993120732026,0.04500476488008516,0.055867787040387626,0.01,49,11,38
webis-touche2020,rr,15,0.01,weighted_cv,79,811,389,1,0,0.0,0.04054472434815058,0.04500476488008516,0.055867787040387626,0.01,49,11,38
webis-touche2020,rr,15,0.01,active_cv,79,838,389,1,0,0.0,0.08634710686403582,0.04500476488008516,0.055867787040387626,0.01,49,11,38
webis-touche2020,rr,15,0.01,weighted_cvl,79,781,389,1,0,0.0,0.03557933868886117,0.04500476488008516,0.055867787040387626,0.01,49,11,38
webis-touche2020,rr,15,0.01,uniform,80,785,389,0,0,0.0,0.11580892574752825,0.04943954207320722,0.039104180133591876,0.01,49,11,38
webis-touche2020,rr,15,0.01,uniform_nz,80,804,389,1,0,0.0,0.07595806054296851,0.04943954207320722,0.039104180133591876,0.01,49,11,38
webis-touche2020,rr,15,0.01,weighted,80,829,389,1,0,0.0,0.04943954207320722,0.04943954207320722,0.039104180133591876,0.01,49,11,38
webis-touche2020,rr,15,0.01,active_judge,80,822,389,1,0,0.0,0.1364903384894552,0.04943954207320722,0.039104180133591876,0.01,49,11,38
webis-touche2020,rr,15,0.01,strat_pilot,80,787,389,1,0,0.0,0.0490713629178993,0.04943954207320722,0.039104180133591876,0.01,49,11,38
webis-touche2020,rr,15,0.01,weighted_cv,80,812,389,1,0,0.0,0.04544766227685179,0.04943954207320722,0.039104180133591876,0.01,49,11,38
webis-touche2020,rr,15,0.01,active_cv,80,828,389,1,0,0.0,0.10517027728146666,0.04943954207320722,0.039104180133591876,0.01,49,11,38
webis-touche2020,rr,15,0.01,weighted_cvl,80,793,389,1,0,0.0,0.03896592010449304,0.04943954207320722,0.039104180133591876,0.01,49,11,38
webis-touche2020,rr,15,0.01,uniform,81,826,371,1,0,0.0,0.25683330676261334,0.08939069266466688,0.08252431253864362,0.01,49,12,38
webis-touche2020,rr,15,0.01,uniform_nz,81,815,371,1,0,0.0,0.15762082597334226,0.08939069266466688,0.08252431253864362,0.01,49,12,38
webis-touche2020,rr,15,0.01,weighted,81,836,371,1,0,0.0,0.08939069266466688,0.08939069266466688,0.08252431253864362,0.01,49,12,38
webis-touche2020,rr,15,0.01,active_judge,81,822,371,1,0,0.0,0.25220478805949514,0.08939069266466688,0.08252431253864362,0.01,49,12,38
webis-touche2020,rr,15,0.01,strat_pilot,81,828,371,1,0,0.0,0.0927886636579288,0.08939069266466688,0.08252431253864362,0.01,49,12,38
webis-touche2020,rr,15,0.01,weighted_cv,81,828,371,1,0,0.0,0.066933065985263,0.08939069266466688,0.08252431253864362,0.01,49,12,38
webis-touche2020,rr,15,0.01,active_cv,81,817,371,1,0,0.0,0.12926339085654753,0.08939069266466688,0.08252431253864362,0.01,49,12,38
webis-touche2020,rr,15,0.01,weighted_cvl,81,813,371,1,0,0.0,0.06488257168119743,0.08939069266466688,0.08252431253864362,0.01,49,12,38
webis-touche2020,rr,15,0.01,uniform,82,804,385,1,0,0.0,0.05028736960926942,0.03424909960160333,0.03150333223458811,0.01,49,11,38
webis-touche2020,rr,15,0.01,uniform_nz,82,779,385,1,0,0.0,0.04089967689743183,0.03424909960160333,0.03150333223458811,0.01,49,11,38
webis-touche2020,rr,15,0.01,weighted,82,815,385,1,0,0.0,0.03424909960160333,0.03424909960160333,0.03150333223458811,0.01,49,11,38
webis-touche2020,rr,15,0.01,active_judge,82,789,385,1,0,0.0,0.07055621988696056,0.03424909960160333,0.03150333223458811,0.01,49,11,38
webis-touche2020,rr,15,0.01,strat_pilot,82,795,385,1,0,0.0,0.03456229302234462,0.03424909960160333,0.03150333223458811,0.01,49,11,38
webis-touche2020,rr,15,0.01,weighted_cv,82,786,385,1,0,0.0,0.03131988923919712,0.03424909960160333,0.03150333223458811,0.01,49,11,38
webis-touche2020,rr,15,0.01,active_cv,82,794,385,1,0,0.0,0.05944670141502797,0.03424909960160333,0.03150333223458811,0.01,49,11,38
webis-touche2020,rr,15,0.01,weighted_cvl,82,791,385,1,0,0.0,0.02843239754918454,0.03424909960160333,0.03150333223458811,0.01,49,11,38
webis-touche2020,rr,15,0.01,uniform,83,806,384,1,0,0.0,0.0789234291008927,0.049634140950086475,0.0669904823418755,0.01,49,11,38
webis-touche2020,rr,15,0.01,uniform_nz,83,785,384,1,0,0.0,0.05820511692047753,0.049634140950086475,0.0669904823418755,0.01,49,11,38
webis-touche2020,rr,15,0.01,weighted,83,776,384,1,0,0.0,0.049634140950086475,0.049634140950086475,0.0669904823418755,0.01,49,11,38
webis-touche2020,rr,15,0.01,active_judge,83,776,384,1,0,0.0,0.11122827531587373,0.049634140950086475,0.0669904823418755,0.01,49,11,38
webis-touche2020,rr,15,0.01,strat_pilot,83,776,384,1,0,0.0,0.050967197441225055,0.049634140950086475,0.0669904823418755,0.01,49,11,38
webis-touche2020,rr,15,0.01,weighted_cv,83,785,384,1,0,0.0,0.0418578059359262,0.049634140950086475,0.0669904823418755,0.01,49,11,38
webis-touche2020,rr,15,0.01,active_cv,83,815,384,1,0,0.0,0.07361688824197768,0.049634140950086475,0.0669904823418755,0.01,49,11,38
webis-touche2020,rr,15,0.01,weighted_cvl,83,816,384,1,0,0.0,0.040009543552807676,0.049634140950086475,0.0669904823418755,0.01,49,11,38
webis-touche2020,rr,15,0.01,uniform,84,774,373,0,0,0.0,0.03420194610449738,0.014967308085605702,0.013696969696969707,0.01,49,11,36
webis-touche2020,rr,15,0.01,uniform_nz,84,769,373,0,0,0.0,0.01694249417484529,0.014967308085605702,0.013696969696969707,0.01,49,11,36
webis-touche2020,rr,15,0.01,weighted,84,775,373,1,0,0.0,0.014967308085605702,0.014967308085605702,0.013696969696969707,0.01,49,11,36
webis-touche2020,rr,15,0.01,active_judge,84,761,373,0,0,0.0,0.036152922469904196,0.014967308085605702,0.013696969696969707,0.01,49,11,36
webis-touche2020,rr,15,0.01,strat_pilot,84,764,373,1,0,0.0,0.014055297925129703,0.014967308085605702,0.013696969696969707,0.01,49,11,36
webis-touche2020,rr,15,0.01,weighted_cv,84,772,373,1,0,0.0,0.012317300002506946,0.014967308085605702,0.013696969696969707,0.01,49,11,36
webis-touche2020,rr,15,0.01,active_cv,84,744,373,0,0,0.0,0.016119181251303297,0.014967308085605702,0.013696969696969707,0.01,49,11,36
webis-touche2020,rr,15,0.01,weighted_cvl,84,782,373,1,0,0.0,0.011201457125608372,0.014967308085605702,0.013696969696969707,0.01,49,11,36
webis-touche2020,rr,15,0.01,uniform,85,807,388,1,0,0.0,0.09552566127881934,0.04431921549560828,0.027595386639504282,0.01,49,11,38
webis-touche2020,rr,15,0.01,uniform_nz,85,779,388,1,0,0.0,0.07538438082333462,0.04431921549560828,0.027595386639504282,0.01,49,11,38
webis-touche2020,rr,15,0.01,weighted,85,812,388,1,0,0.0,0.04431921549560828,0.04431921549560828,0.027595386639504282,0.01,49,11,38
webis-touche2020,rr,15,0.01,active_judge,85,796,388,1,0,0.0,0.1347374893740742,0.04431921549560828,0.027595386639504282,0.01,49,11,38
webis-touche2020,rr,15,0.01,strat_pilot,85,835,388,1,0,0.0,0.04471322939211834,0.04431921549560828,0.027595386639504282,0.01,49,11,38
webis-touche2020,rr,15,0.01,weighted_cv,85,800,388,1,0,0.0,0.03647968463785699,0.04431921549560828,0.027595386639504282,0.01,49,11,38
webis-touche2020,rr,15,0.01,active_cv,85,810,388,1,0,0.0,0.08093890533967192,0.04431921549560828,0.027595386639504282,0.01,49,11,38
webis-touche2020,rr,15,0.01,weighted_cvl,85,821,388,1,0,0.0,0.03291246708176295,0.04431921549560828,0.027595386639504282,0.01,49,11,38
webis-touche2020,rr,15,0.01,uniform,86,774,374,1,0,0.0,0.1008060171813558,0.05566946192357739,0.02835712890804421,0.01,49,11,38
webis-touche2020,rr,15,0.01,uniform_nz,86,797,374,1,0,0.0,0.0867562944875106,0.05566946192357739,0.02835712890804421,0.01,49,11,38
webis-touche2020,rr,15,0.01,weighted,86,805,374,1,0,0.0,0.05566946192357739,0.05566946192357739,0.02835712890804421,0.01,49,11,38
webis-touche2020,rr,15,0.01,active_judge,86,807,374,1,0,0.0,0.15771062229112592,0.05566946192357739,0.02835712890804421,0.01,49,11,38
webis-touche2020,rr,15,0.01,strat_pilot,86,790,374,1,0,0.0,0.05632721504020958,0.05566946192357739,0.02835712890804421,0.01,49,11,38
webis-touche2020,rr,15,0.01,weighted_cv,86,808,374,1,0,0.0,0.04997803524467234,0.05566946192357739,0.02835712890804421,0.01,49,11,38
webis-touche2020,rr,15,0.01,active_cv,86,788,374,1,0,0.0,0.12766506990328025,0.05566946192357739,0.02835712890804421,0.01,49,11,38
webis-touche2020,rr,15,0.01,weighted_cvl,86,808,374,1,0,0.0,0.04543183642992456,0.05566946192357739,0.02835712890804421,0.01,49,11,38
webis-touche2020,rr,15,0.01,uniform,87,790,374,0,0,0.0,0.08809172767831791,0.05153292092377548,0.04341439210943853,0.01,49,11,38
webis-touche2020,rr,15,0.01,uniform_nz,87,805,374,1,0,0.0,0.06614545226635933,0.05153292092377548,0.04341439210943853,0.01,49,11,38
webis-touche2020,rr,15,0.01,weighted,87,788,374,1,0,0.0,0.05153292092377548,0.05153292092377548,0.04341439210943853,0.01,49,11,38
webis-touche2020,rr,15,0.01,active_judge,87,793,374,1,0,0.0,0.10032262923459238,0.05153292092377548,0.04341439210943853,0.01,49,11,38
webis-touche2020,rr,15,0.01,strat_pilot,87,780,374,1,0,0.0,0.05142120927834591,0.05153292092377548,0.04341439210943853,0.01,49,11,38
webis-touche2020,rr,15,0.01,weighted_cv,87,775,374,1,0,0.0,0.05142015938493959,0.05153292092377548,0.04341439210943853,0.01,49,11,38
webis-touche2020,rr,15,0.01,active_cv,87,784,374,1,0,0.0,0.16632491290649376,0.05153292092377548,0.04341439210943853,0.01,49,11,38
webis-touche2020,rr,15,0.01,weighted_cvl,87,807,374,1,0,0.0,0.049144891194658605,0.05153292092377548,0.04341439210943853,0.01,49,11,38
webis-touche2020,rr,15,0.01,uniform,88,816,383,1,0,0.0,0.08918329230771804,0.06147872186378874,0.06446538483303191,0.01,49,11,38
webis-touche2020,rr,15,0.01,uniform_nz,88,807,383,0,0,0.0,0.07153609119070212,0.06147872186378874,0.06446538483303191,0.01,49,11,38
webis-touche2020,rr,15,0.01,weighted,88,800,383,1,0,0.0,0.06147872186378874,0.06147872186378874,0.06446538483303191,0.01,49,11,38
webis-touche2020,rr,15,0.01,active_judge,88,790,383,1,0,0.0,0.1307811790130876,0.06147872186378874,0.06446538483303191,0.01,49,11,38
webis-touche2020,rr,15,0.01,strat_pilot,88,790,383,1,0,0.0,0.06299667272817065,0.06147872186378874,0.06446538483303191,0.01,49,11,38
webis-touche2020,rr,15,0.01,weighted_cv,88,801,383,1,0,0.0,0.05187484644510887,0.06147872186378874,0.06446538483303191,0.01,49,11,38
webis-touche2020,rr,15,0.01,active_cv,88,795,383,1,0,0.0,0.0991995443378497,0.06147872186378874,0.06446538483303191,0.01,49,11,38
webis-touche2020,rr,15,0.01,weighted_cvl,88,807,383,1,0,0.0,0.04877839830121966,0.06147872186378874,0.06446538483303191,0.01,49,11,38
webis-touche2020,rr,15,0.01,uniform,89,808,397,0,0,0.0,0.07663062903102433,0.03416699224157106,0.034028128943191537,0.01,49,11,38
webis-touche2020,rr,15,0.01,uniform_nz,89,831,397,1,0,0.0,0.04530719053606358,0.03416699224157106,0.034028128943191537,0.01,49,11,38
webis-touche2020,rr,15,0.01,weighted,89,802,397,1,0,0.0,0.03416699224157106,0.03416699224157106,0.034028128943191537,0.01,49,11,38
webis-touche2020,rr,15,0.01,active_judge,89,824,397,1,0,0.0,0.07882149520815332,0.03416699224157106,0.034028128943191537,0.01,49,11,38
webis-touche2020,rr,15,0.01,strat_pilot,89,831,397,1,0,0.0,0.034924099496125696,0.03416699224157106,0.034028128943191537,0.01,49,11,38
webis-touche2020,rr,15,0.01,weighted_cv,89,816,397,1,0,0.0,0.0305458949565701,0.03416699224157106,0.034028128943191537,0.01,49,11,38
webis-touche2020,rr,15,0.01,active_cv,89,807,397,1,0,0.0,0.06703649442035654,0.03416699224157106,0.034028128943191537,0.01,49,11,38
webis-touche2020,rr,15,0.01,weighted_cvl,89,808,397,1,0,0.0,0.028597639648861507,0.03416699224157106,0.034028128943191537,0.01,49,11,38
webis-touche2020,rr,15,0.01,uniform,90,827,367,1,0,0.0,0.236005841948626,0.05946725596076807,0.065295834196763,0.01,49,11,38
webis-touche2020,rr,15,0.01,uniform_nz,90,759,367,1,0,0.0,0.10246864378361639,0.05946725596076807,0.065295834196763,0.01,49,11,38
webis-touche2020,rr,15,0.01,weighted,90,774,367,1,0,0.0,0.05946725596076807,0.05946725596076807,0.065295834196763,0.01,49,11,38
webis-touche2020,rr,15,0.01,active_judge,90,782,367,1,0,0.0,0.18063470447831187,0.05946725596076807,0.065295834196763,0.01,49,11,38
webis-touche2020,rr,15,0.01,strat_pilot,90,802,367,1,0,0.0,0.05917776636552868,0.05946725596076807,0.065295834196763,0.01,49,11,38
webis-touche2020,rr,15,0.01,weighted_cv,90,768,367,1,0,0.0,0.04142542060185611,0.05946725596076807,0.065295834196763,0.01,49,11,38
webis-touche2020,rr,15,0.01,active_cv,90,787,367,1,0,0.0,0.06835470716839372,0.05946725596076807,0.065295834196763,0.01,49,11,38
webis-touche2020,rr,15,0.01,weighted_cvl,90,793,367,1,0,0.0,0.044588210978607296,0.05946725596076807,0.065295834196763,0.01,49,11,38
webis-touche2020,rr,15,0.01,uniform,91,767,385,0,0,0.0,0.06336373085948768,0.03477730947251906,0.023037851037851022,0.01,49,11,36
webis-touche2020,rr,15,0.01,uniform_nz,91,771,385,1,0,0.0,0.04525634196330513,0.03477730947251906,0.023037851037851022,0.01,49,11,36
webis-touche2020,rr,15,0.01,weighted,91,774,385,1,0,0.0,0.03477730947251906,0.03477730947251906,0.023037851037851022,0.01,49,11,36
webis-touche2020,rr,15,0.01,active_judge,91,780,385,0,0,0.0,0.0742479108539282,0.03477730947251906,0.023037851037851022,0.01,49,11,36
webis-touche2020,rr,15,0.01,strat_pilot,91,773,385,1,0,0.0,0.03546373819764733,0.03477730947251906,0.023037851037851022,0.01,49,11,36
webis-touche2020,rr,15,0.01,weighted_cv,91,773,385,0,0,0.0,0.026824176696976933,0.03477730947251906,0.023037851037851022,0.01,49,11,36
webis-touche2020,rr,15,0.01,active_cv,91,783,385,0,0,0.0,0.05248667601705346,0.03477730947251906,0.023037851037851022,0.01,49,11,36
webis-touche2020,rr,15,0.01,weighted_cvl,91,774,385,1,0,0.0,0.026820997030474858,0.03477730947251906,0.023037851037851022,0.01,49,11,36
webis-touche2020,rr,15,0.01,uniform,92,783,377,0,0,0.0,0.05804556621143927,0.033486285976697915,0.03217825735782391,0.01,49,11,38
webis-touche2020,rr,15,0.01,uniform_nz,92,778,377,1,0,0.0,0.04181499512472136,0.033486285976697915,0.03217825735782391,0.01,49,11,38
webis-touche2020,rr,15,0.01,weighted,92,789,377,1,0,0.0,0.033486285976697915,0.033486285976697915,0.03217825735782391,0.01,49,11,38
webis-touche2020,rr,15,0.01,active_judge,92,817,377,1,0,0.0,0.09902278322282607,0.033486285976697915,0.03217825735782391,0.01,49,11,38
webis-touche2020,rr,15,0.01,strat_pilot,92,781,377,1,0,0.0,0.03423037204059837,0.033486285976697915,0.03217825735782391,0.01,49,11,38
webis-touche2020,rr,15,0.01,weighted_cv,92,803,377,1,0,0.0,0.029821867271931847,0.033486285976697915,0.03217825735782391,0.01,49,11,38
webis-touche2020,rr,15,0.01,active_cv,92,773,377,1,0,0.0,0.06150451306043436,0.033486285976697915,0.03217825735782391,0.01,49,11,38
webis-touche2020,rr,15,0.01,weighted_cvl,92,774,377,1,0,0.0,0.027999925867779395,0.033486285976697915,0.03217825735782391,0.01,49,11,38
webis-touche2020,rr,15,0.01,uniform,93,777,386,0,0,0.0,0.03865591165721326,0.019032009830612914,0.026770701778441715,0.01,49,11,36
webis-touche2020,rr,15,0.01,uniform_nz,93,772,386,1,0,0.0,0.02152571480195968,0.019032009830612914,0.026770701778441715,0.01,49,11,36
webis-touche2020,rr,15,0.01,weighted,93,767,386,1,0,0.0,0.019032009830612914,0.019032009830612914,0.026770701778441715,0.01,49,11,36
webis-touche2020,rr,15,0.01,active_judge,93,782,386,1,0,0.0,0.04899300665766209,0.019032009830612914,0.026770701778441715,0.01,49,11,36
webis-touche2020,rr,15,0.01,strat_pilot,93,774,386,1,0,0.0,0.019244634964485363,0.019032009830612914,0.026770701778441715,0.01,49,11,36
webis-touche2020,rr,15,0.01,weighted_cv,93,761,386,1,0,0.0,0.017384265112122814,0.019032009830612914,0.026770701778441715,0.01,49,11,36
webis-touche2020,rr,15,0.01,active_cv,93,793,386,1,0,0.0,0.023554649736282674,0.019032009830612914,0.026770701778441715,0.01,49,11,36
webis-touche2020,rr,15,0.01,weighted_cvl,93,780,386,1,0,0.0,0.016438158183029877,0.019032009830612914,0.026770701778441715,0.01,49,11,36
webis-touche2020,rr,15,0.01,uniform,94,824,379,1,0,0.0,0.05548393508936661,0.03309981575590028,0.047997078944447345,0.01,49,11,38
webis-touche2020,rr,15,0.01,uniform_nz,94,800,379,1,0,0.0,0.038826851315856746,0.03309981575590028,0.047997078944447345,0.01,49,11,38
webis-touche2020,rr,15,0.01,weighted,94,802,379,1,0,0.0,0.03309981575590028,0.03309981575590028,0.047997078944447345,0.01,49,11,38
webis-touche2020,rr,15,0.01,active_judge,94,773,379,1,0,0.0,0.07571734630774528,0.03309981575590028,0.047997078944447345,0.01,49,11,38
webis-touche2020,rr,15,0.01,strat_pilot,94,794,379,1,0,0.0,0.033781240992931214,0.03309981575590028,0.047997078944447345,0.01,49,11,38
webis-touche2020,rr,15,0.01,weighted_cv,94,809,379,1,0,0.0,0.030183048001582308,0.03309981575590028,0.047997078944447345,0.01,49,11,38
webis-touche2020,rr,15,0.01,active_cv,94,809,379,1,0,0.0,0.05740989090554192,0.03309981575590028,0.047997078944447345,0.01,49,11,38
webis-touche2020,rr,15,0.01,weighted_cvl,94,807,379,1,0,0.0,0.028357996651598993,0.03309981575590028,0.047997078944447345,0.01,49,11,38
webis-touche2020,rr,15,0.01,uniform,95,795,378,1,0,0.0,0.08168154654020574,0.04171210475884645,0.036436659456615034,0.01,49,11,38
webis-touche2020,rr,15,0.01,uniform_nz,95,809,378,1,0,0.0,0.051238674616063795,0.04171210475884645,0.036436659456615034,0.01,49,11,38
webis-touche2020,rr,15,0.01,weighted,95,804,378,1,0,0.0,0.04171210475884645,0.04171210475884645,0.036436659456615034,0.01,49,11,38
webis-touche2020,rr,15,0.01,active_judge,95,799,378,1,0,0.0,0.09278446338900255,0.04171210475884645,0.036436659456615034,0.01,49,11,38
webis-touche2020,rr,15,0.01,strat_pilot,95,792,378,1,0,0.0,0.042064190594181164,0.04171210475884645,0.036436659456615034,0.01,49,11,38
webis-touche2020,rr,15,0.01,weighted_cv,95,772,378,1,0,0.0,0.040167716358256805,0.04171210475884645,0.036436659456615034,0.01,49,11,38
webis-touche2020,rr,15,0.01,active_cv,95,782,378,1,0,0.0,0.09789425343367594,0.04171210475884645,0.036436659456615034,0.01,49,11,38
webis-touche2020,rr,15,0.01,weighted_cvl,95,809,378,1,0,0.0,0.035703656054604856,0.04171210475884645,0.036436659456615034,0.01,49,11,38
webis-touche2020,rr,15,0.01,uniform,96,831,363,1,0,0.0,0.08790045692578291,0.0611395648438697,0.05990990394171543,0.01,49,12,38
webis-touche2020,rr,15,0.01,uniform_nz,96,844,363,1,0,0.0,0.06723669967341316,0.0611395648438697,0.05990990394171543,0.01,49,12,38
webis-touche2020,rr,15,0.01,weighted,96,817,363,1,0,0.0,0.0611395648438697,0.0611395648438697,0.05990990394171543,0.01,49,12,38
webis-touche2020,rr,15,0.01,active_judge,96,823,363,1,0,0.0,0.14603671644795846,0.0611395648438697,0.05990990394171543,0.01,49,12,38
webis-touche2020,rr,15,0.01,strat_pilot,96,802,363,1,0,0.0,0.0613886243267049,0.0611395648438697,0.05990990394171543,0.01,49,12,38
webis-touche2020,rr,15,0.01,weighted_cv,96,851,363,1,0,0.0,0.05244387283487526,0.0611395648438697,0.05990990394171543,0.01,49,12,38
webis-touche2020,rr,15,0.01,active_cv,96,808,363,1,0,0.0,0.09188752199569793,0.0611395648438697,0.05990990394171543,0.01,49,12,38
webis-touche2020,rr,15,0.01,weighted_cvl,96,824,363,1,0,0.0,0.05364912448629446,0.0611395648438697,0.05990990394171543,0.01,49,12,38
webis-touche2020,rr,15,0.01,uniform,97,816,371,1,0,0.0,0.11198369056454952,0.08479436748769187,0.10556621104103941,0.01,49,12,38
webis-touche2020,rr,15,0.01,uniform_nz,97,789,371,1,0,0.0,0.09418588660123538,0.08479436748769187,0.10556621104103941,0.01,49,12,38
webis-touche2020,rr,15,0.01,weighted,97,795,371,1,0,0.0,0.08479436748769187,0.08479436748769187,0.10556621104103941,0.01,49,12,38
webis-touche2020,rr,15,0.01,active_judge,97,836,371,1,0,0.0,0.18155711372678168,0.08479436748769187,0.10556621104103941,0.01,49,12,38
webis-touche2020,rr,15,0.01,strat_pilot,97,861,371,1,0,0.0,0.08749918854868842,0.08479436748769187,0.10556621104103941,0.01,49,12,38
webis-touche2020,rr,15,0.01,weighted_cv,97,823,371,1,0,0.0,0.0737201833471973,0.08479436748769187,0.10556621104103941,0.01,49,12,38
webis-touche2020,rr,15,0.01,active_cv,97,844,371,1,0,0.0,0.17674057332848891,0.08479436748769187,0.10556621104103941,0.01,49,12,38
webis-touche2020,rr,15,0.01,weighted_cvl,97,842,371,1,0,0.0,0.07027650611196237,0.08479436748769187,0.10556621104103941,0.01,49,12,38
webis-touche2020,rr,15,0.01,uniform,98,736,370,0,0,0.0008131892362954751,0.05219827082976641,0.02743169552677822,0.007256566962449319,0.009186810763704525,49,11,36
webis-touche2020,rr,15,0.01,uniform_nz,98,767,370,0,0,0.0008131892362954751,0.03419080196242986,0.02743169552677822,0.007256566962449319,0.009186810763704525,49,11,36
webis-touche2020,rr,15,0.01,weighted,98,783,370,0,0,0.0008131892362954751,0.02743169552677822,0.02743169552677822,0.007256566962449319,0.009186810763704525,49,11,36
webis-touche2020,rr,15,0.01,active_judge,98,757,370,1,0,0.0008131892362954751,0.0700614181182607,0.02743169552677822,0.007256566962449319,0.009186810763704525,49,11,36
webis-touche2020,rr,15,0.01,strat_pilot,98,758,370,0,0,0.0008131892362954751,0.02716839333387348,0.02743169552677822,0.007256566962449319,0.009186810763704525,49,11,36
webis-touche2020,rr,15,0.01,weighted_cv,98,733,370,1,0,0.0008131892362954751,0.023176611369411463,0.02743169552677822,0.007256566962449319,0.009186810763704525,49,11,36
webis-touche2020,rr,15,0.01,active_cv,98,773,370,0,0,0.0008131892362954751,0.039929264505802795,0.02743169552677822,0.007256566962449319,0.009186810763704525,49,11,36
webis-touche2020,rr,15,0.01,weighted_cvl,98,761,370,1,0,0.0008131892362954751,0.023069100410284003,0.02743169552677822,0.007256566962449319,0.009186810763704525,49,11,36
webis-touche2020,rr,15,0.01,uniform,99,844,385,1,0,0.0,0.11394858977229563,0.06562230970717256,0.06725064934093737,0.01,49,12,38
webis-touche2020,rr,15,0.01,uniform_nz,99,813,385,1,0,0.0,0.07503985363405692,0.06562230970717256,0.06725064934093737,0.01,49,12,38
webis-touche2020,rr,15,0.01,weighted,99,847,385,1,0,0.0,0.06562230970717256,0.06562230970717256,0.06725064934093737,0.01,49,12,38
webis-touche2020,rr,15,0.01,active_judge,99,848,385,1,0,0.0,0.133961257852972,0.06562230970717256,0.06725064934093737,0.01,49,12,38
webis-touche2020,rr,15,0.01,strat_pilot,99,866,385,1,0,0.0,0.06615468361211278,0.06562230970717256,0.06725064934093737,0.01,49,12,38
webis-touche2020,rr,15,0.01,weighted_cv,99,847,385,1,0,0.0,0.05330240825699861,0.06562230970717256,0.06725064934093737,0.01,49,12,38
webis-touche2020,rr,15,0.01,active_cv,99,823,385,1,0,0.0,0.10264704214465707,0.06562230970717256,0.06725064934093737,0.01,49,12,38
webis-touche2020,rr,15,0.01,weighted_cvl,99,888,385,1,0,0.0,0.04906444202237357,0.06562230970717256,0.06725064934093737,0.01,49,12,38
webis-touche2020,rr,15,0.01,uniform,100,768,377,0,0,0.0,0.0711079063346195,0.03751354249372939,0.024182521440261392,0.01,49,11,38
webis-touche2020,rr,15,0.01,uniform_nz,100,790,377,1,0,0.0,0.04533095503032351,0.03751354249372939,0.024182521440261392,0.01,49,11,38
webis-touche2020,rr,15,0.01,weighted,100,795,377,1,0,0.0,0.03751354249372939,0.03751354249372939,0.024182521440261392,0.01,49,11,38
webis-touche2020,rr,15,0.01,active_judge,100,770,377,1,0,0.0,0.09826037189521833,0.03751354249372939,0.024182521440261392,0.01,49,11,38
webis-touche2020,rr,15,0.01,strat_pilot,100,811,377,1,0,0.0,0.03766170832966506,0.03751354249372939,0.024182521440261392,0.01,49,11,38
webis-touche2020,rr,15,0.01,weighted_cv,100,794,377,1,0,0.0,0.032230356685771774,0.03751354249372939,0.024182521440261392,0.01,49,11,38
webis-touche2020,rr,15,0.01,active_cv,100,797,377,1,0,0.0,0.04928815347305082,0.03751354249372939,0.024182521440261392,0.01,49,11,38
webis-touche2020,rr,15,0.01,weighted_cvl,100,795,377,1,0,0.0,0.029414453294541426,0.03751354249372939,0.024182521440261392,0.01,49,11,38
webis-touche2020,rr,15,0.01,uniform,101,800,373,1,0,0.0,0.08594689680033891,0.07074026586138413,0.07981098395301874,0.01,49,12,38
webis-touche2020,rr,15,0.01,uniform_nz,101,822,373,1,0,0.0,0.07843510685948392,0.07074026586138413,0.07981098395301874,0.01,49,12,38
webis-touche2020,rr,15,0.01,weighted,101,854,373,1,0,0.0,0.07074026586138413,0.07074026586138413,0.07981098395301874,0.01,49,12,38
webis-touche2020,rr,15,0.01,active_judge,101,832,373,1,0,0.0,0.1678365126609538,0.07074026586138413,0.07981098395301874,0.01,49,12,38
webis-touche2020,rr,15,0.01,strat_pilot,101,822,373,1,0,0.0,0.07174592091929577,0.07074026586138413,0.07981098395301874,0.01,49,12,38
webis-touche2020,rr,15,0.01,weighted_cv,101,822,373,1,0,0.0,0.0680554272911954,0.07074026586138413,0.07981098395301874,0.01,49,12,38
webis-touche2020,rr,15,0.01,active_cv,101,843,373,1,0,0.0,0.16028155782821168,0.07074026586138413,0.07981098395301874,0.01,49,12,38
webis-touche2020,rr,15,0.01,weighted_cvl,101,846,373,1,0,0.0,0.058610067045604675,0.07074026586138413,0.07981098395301874,0.01,49,12,38
webis-touche2020,rr,15,0.01,uniform,102,803,370,1,0,0.0,0.08678891839031443,0.05784146559523701,0.05678314621967874,0.01,49,11,38
webis-touche2020,rr,15,0.01,uniform_nz,102,784,370,1,0,0.0,0.06491328900220934,0.05784146559523701,0.05678314621967874,0.01,49,11,38
webis-touche2020,rr,15,0.01,weighted,102,781,370,1,0,0.0,0.05784146559523701,0.05784146559523701,0.05678314621967874,0.01,49,11,38
webis-touche2020,rr,15,0.01,active_judge,102,807,370,1,0,0.0,0.16125408655259993,0.05784146559523701,0.05678314621967874,0.01,49,11,38
webis-touche2020,rr,15,0.01,strat_pilot,102,793,370,1,0,0.0,0.06023875558137927,0.05784146559523701,0.05678314621967874,0.01,49,11,38
webis-touche2020,rr,15,0.01,weighted_cv,102,790,370,1,0,0.0,0.048850657705585124,0.05784146559523701,0.05678314621967874,0.01,49,11,38
webis-touche2020,rr,15,0.01,active_cv,102,774,370,1,0,0.0,0.09713010179753737,0.05784146559523701,0.05678314621967874,0.01,49,11,38
webis-touche2020,rr,15,0.01,weighted_cvl,102,769,370,1,0,0.0,0.046978585203459614,0.05784146559523701,0.05678314621967874,0.01,49,11,38
webis-touche2020,rr,15,0.01,uniform,103,792,373,0,0,0.0,0.23270040920072277,0.043729315632484916,0.01928048817367701,0.01,49,11,36
webis-touche2020,rr,15,0.01,uniform_nz,103,758,373,1,0,0.0,0.08926541115615245,0.043729315632484916,0.01928048817367701,0.01,49,11,36
webis-touche2020,rr,15,0.01,weighted,103,749,373,0,0,0.0,0.043729315632484916,0.043729315632484916,0.01928048817367701,0.01,49,11,36
webis-touche2020,rr,15,0.01,active_judge,103,729,373,1,0,0.0,0.14335574217808483,0.043729315632484916,0.01928048817367701,0.01,49,11,36
webis-touche2020,rr,15,0.01,strat_pilot,103,780,373,0,0,0.0,0.04382649068853975,0.043729315632484916,0.01928048817367701,0.01,49,11,36
webis-touche2020,rr,15,0.01,weighted_cv,103,770,373,1,0,0.0,0.03186334961292537,0.043729315632484916,0.01928048817367701,0.01,49,11,36
webis-touche2020,rr,15,0.01,active_cv,103,747,373,0,0,0.0,0.07018464112109069,0.043729315632484916,0.01928048817367701,0.01,49,11,36
webis-touche2020,rr,15,0.01,weighted_cvl,103,760,373,0,0,0.0,0.028661926506095493,0.043729315632484916,0.01928048817367701,0.01,49,11,36
webis-touche2020,rr,15,0.01,uniform,104,812,375,1,0,0.0,0.07256772042651241,0.054140757060357717,0.03435663889661736,0.01,49,12,38
webis-touche2020,rr,15,0.01,uniform_nz,104,832,375,1,0,0.0,0.059495604642803304,0.054140757060357717,0.03435663889661736,0.01,49,12,38
webis-touche2020,rr,15,0.01,weighted,104,824,375,1,0,0.0,0.054140757060357717,0.054140757060357717,0.03435663889661736,0.01,49,12,38
webis-touche2020,rr,15,0.01,active_judge,104,845,375,1,0,0.0,0.11497254466265701,0.054140757060357717,0.03435663889661736,0.01,49,12,38
webis-touche2020,rr,15,0.01,strat_pilot,104,828,375,1,0,0.0,0.05427181263761403,0.054140757060357717,0.03435663889661736,0.01,49,12,38
webis-touche2020,rr,15,0.01,weighted_cv,104,824,375,1,0,0.0,0.049230707156789455,0.054140757060357717,0.03435663889661736,0.01,49,12,38
webis-touche2020,rr,15,0.01,active_cv,104,829,375,1,0,0.0,0.10823553545246763,0.054140757060357717,0.03435663889661736,0.01,49,12,38
webis-touche2020,rr,15,0.01,weighted_cvl,104,852,375,1,0,0.0,0.05004198486437592,0.054140757060357717,0.03435663889661736,0.01,49,12,38
webis-touche2020,rr,15,0.01,uniform,105,802,380,1,0,0.0,0.22008716040650628,0.046201407354310824,0.038073232323232335,0.01,49,11,38
webis-touche2020,rr,15,0.01,uniform_nz,105,781,380,1,0,0.0,0.08756035230966017,0.046201407354310824,0.038073232323232335,0.01,49,11,38
webis-touche2020,rr,15,0.01,weighted,105,802,380,1,0,0.0,0.046201407354310824,0.046201407354310824,0.038073232323232335,0.01,49,11,38
webis-touche2020,rr,15,0.01,active_judge,105,787,380,1,0,0.0,0.16329371713533816,0.046201407354310824,0.038073232323232335,0.01,49,11,38
webis-touche2020,rr,15,0.01,strat_pilot,105,788,380,1,0,0.0,0.0469232890338525,0.046201407354310824,0.038073232323232335,0.01,49,11,38
webis-touche2020,rr,15,0.01,weighted_cv,105,789,380,1,0,0.0,0.03269154546398746,0.046201407354310824,0.038073232323232335,0.01,49,11,38
webis-touche2020,rr,15,0.01,active_cv,105,782,380,0,0,0.0,0.07423321661617446,0.046201407354310824,0.038073232323232335,0.01,49,11,38
webis-touche2020,rr,15,0.01,weighted_cvl,105,801,380,1,0,0.0,0.03266454372110065,0.046201407354310824,0.038073232323232335,0.01,49,11,38
webis-touche2020,rr,15,0.01,uniform,106,768,373,0,0,0.0,0.22628805530428125,0.045419273743154444,0.032232085192443236,0.01,49,11,36
webis-touche2020,rr,15,0.01,uniform_nz,106,791,373,1,0,0.0,0.07044464046148619,0.045419273743154444,0.032232085192443236,0.01,49,11,36
webis-touche2020,rr,15,0.01,weighted,106,779,373,1,0,0.0,0.045419273743154444,0.045419273743154444,0.032232085192443236,0.01,49,11,36
webis-touche2020,rr,15,0.01,active_judge,106,753,373,1,0,0.0,0.12196854067701846,0.045419273743154444,0.032232085192443236,0.01,49,11,36
webis-touche2020,rr,15,0.01,strat_pilot,106,741,373,1,0,0.0,0.04652694312653433,0.045419273743154444,0.032232085192443236,0.01,49,11,36
webis-touche2020,rr,15,0.01,weighted_cv,106,789,373,1,0,0.0,0.03745980861334584,0.045419273743154444,0.032232085192443236,0.01,49,11,36
webis-touche2020,rr,15,0.01,active_cv,106,764,373,0,0,0.0,0.09052264461658464,0.045419273743154444,0.032232085192443236,0.01,49,11,36
webis-touche2020,rr,15,0.01,weighted_cvl,106,769,373,1,0,0.0,0.03560833829572143,0.045419273743154444,0.032232085192443236,0.01,49,11,36
webis-touche2020,rr,15,0.01,uniform,107,833,383,1,0,0.0,0.2597728203081415,0.0794815459553079,0.10033583639156396,0.01,49,11,38
webis-touche2020,rr,15,0.01,uniform_nz,107,812,383,1,0,0.0,0.12175681362623463,0.0794815459553079,0.10033583639156396,0.01,49,11,38
webis-touche2020,rr,15,0.01,weighted,107,814,383,1,0,0.0,0.0794815459553079,0.0794815459553079,0.10033583639156396,0.01,49,11,38
webis-touche2020,rr,15,0.01,active_judge,107,810,383,1,0,0.0,0.22702174403245445,0.0794815459553079,0.10033583639156396,0.01,49,11,38
webis-touche2020,rr,15,0.01,strat_pilot,107,782,383,1,0,0.0,0.08113554639255566,0.0794815459553079,0.10033583639156396,0.01,49,11,38
webis-touche2020,rr,15,0.01,weighted_cv,107,779,383,1,0,0.0,0.05867119844977302,0.0794815459553079,0.10033583639156396,0.01,49,11,38
webis-touche2020,rr,15,0.01,active_cv,107,801,383,1,0,0.0,0.09844252140419824,0.0794815459553079,0.10033583639156396,0.01,49,11,38
webis-touche2020,rr,15,0.01,weighted_cvl,107,801,383,1,0,0.0,0.05871280337186876,0.0794815459553079,0.10033583639156396,0.01,49,11,38
webis-touche2020,rr,15,0.01,uniform,108,790,389,1,0,0.0,0.23923233083546122,0.05467744519087832,0.0713371459694989,0.01,49,11,38
webis-touche2020,rr,15,0.01,uniform_nz,108,806,389,1,0,0.0,0.09525865282813015,0.05467744519087832,0.0713371459694989,0.01,49,11,38
webis-touche2020,rr,15,0.01,weighted,108,779,389,1,0,0.0,0.05467744519087832,0.05467744519087832,0.0713371459694989,0.01,49,11,38
webis-touche2020,rr,15,0.01,active_judge,108,809,389,1,0,0.0,0.15252707940005603,0.05467744519087832,0.0713371459694989,0.01,49,11,38
webis-touche2020,rr,15,0.01,strat_pilot,108,807,389,1,0,0.0,0.055858762510009805,0.05467744519087832,0.0713371459694989,0.01,49,11,38
webis-touche2020,rr,15,0.01,weighted_cv,108,814,389,1,0,0.0,0.03912057868257187,0.05467744519087832,0.0713371459694989,0.01,49,11,38
webis-touche2020,rr,15,0.01,active_cv,108,795,389,1,0,0.0,0.058676766574829745,0.05467744519087832,0.0713371459694989,0.01,49,11,38
webis-touche2020,rr,15,0.01,weighted_cvl,108,829,389,1,0,0.0,0.04882728839114566,0.05467744519087832,0.0713371459694989,0.01,49,11,38
webis-touche2020,rr,15,0.01,uniform,109,757,374,0,0,0.0005553075989670475,0.2358732297705748,0.04996518369451414,0.01334332334332334,0.009444692401032953,49,11,36
webis-touche2020,rr,15,0.01,uniform_nz,109,763,374,0,0,0.0005553075989670475,0.09649973432625876,0.04996518369451414,0.01334332334332334,0.009444692401032953,49,11,36
webis-touche2020,rr,15,0.01,weighted,109,799,374,0,0,0.0005553075989670475,0.04996518369451414,0.04996518369451414,0.01334332334332334,0.009444692401032953,49,11,36
webis-touche2020,rr,15,0.01,active_judge,109,770,374,0,0,0.0005553075989670475,0.1529499837217499,0.04996518369451414,0.01334332334332334,0.009444692401032953,49,11,36
webis-touche2020,rr,15,0.01,strat_pilot,109,789,374,0,0,0.0005553075989670475,0.049869066408559794,0.04996518369451414,0.01334332334332334,0.009444692401032953,49,11,36
webis-touche2020,rr,15,0.01,weighted_cv,109,755,374,0,0,0.0005553075989670475,0.03554370530782706,0.04996518369451414,0.01334332334332334,0.009444692401032953,49,11,36
webis-touche2020,rr,15,0.01,active_cv,109,770,374,1,0,0.0005553075989670475,0.06501744803710352,0.04996518369451414,0.01334332334332334,0.009444692401032953,49,11,36
webis-touche2020,rr,15,0.01,weighted_cvl,109,770,374,0,0,0.0005553075989670475,0.03405957476433438,0.04996518369451414,0.01334332334332334,0.009444692401032953,49,11,36
webis-touche2020,rr,15,0.01,uniform,110,809,380,0,0,0.0,0.1112599466796387,0.05093565675831354,0.06494756415792223,0.01,49,11,38
webis-touche2020,rr,15,0.01,uniform_nz,110,801,380,1,0,0.0,0.08037615694498171,0.05093565675831354,0.06494756415792223,0.01,49,11,38
webis-touche2020,rr,15,0.01,weighted,110,764,380,1,0,0.0,0.05093565675831354,0.05093565675831354,0.06494756415792223,0.01,49,11,38
webis-touche2020,rr,15,0.01,active_judge,110,807,380,0,0,0.0,0.18019307725909367,0.05093565675831354,0.06494756415792223,0.01,49,11,38
webis-touche2020,rr,15,0.01,strat_pilot,110,804,380,1,0,0.0,0.050168773231142515,0.05093565675831354,0.06494756415792223,0.01,49,11,38
webis-touche2020,rr,15,0.01,weighted_cv,110,799,380,1,0,0.0,0.04887006717682798,0.05093565675831354,0.06494756415792223,0.01,49,11,38
webis-touche2020,rr,15,0.01,active_cv,110,812,380,1,0,0.0,0.12790916221879825,0.05093565675831354,0.06494756415792223,0.01,49,11,38
webis-touche2020,rr,15,0.01,weighted_cvl,110,819,380,1,0,0.0,0.04210906154586901,0.05093565675831354,0.06494756415792223,0.01,49,11,38
webis-touche2020,rr,15,0.01,uniform,111,792,370,1,0,0.0,0.09761474449083901,0.07161704867971382,0.036854481928684374,0.01,49,12,38
webis-touche2020,rr,15,0.01,uniform_nz,111,827,370,1,0,0.0,0.08573484880621088,0.07161704867971382,0.036854481928684374,0.01,49,12,38
webis-touche2020,rr,15,0.01,weighted,111,803,370,1,0,0.0,0.07161704867971382,0.07161704867971382,0.036854481928684374,0.01,49,12,38
webis-touche2020,rr,15,0.01,active_judge,111,841,370,1,0,0.0,0.14288500189490988,0.07161704867971382,0.036854481928684374,0.01,49,12,38
webis-touche2020,rr,15,0.01,strat_pilot,111,820,370,1,0,0.0,0.07128171283671822,0.07161704867971382,0.036854481928684374,0.01,49,12,38
webis-touche2020,rr,15,0.01,weighted_cv,111,798,370,1,0,0.0,0.06428587228528146,0.07161704867971382,0.036854481928684374,0.01,49,12,38
webis-touche2020,rr,15,0.01,active_cv,111,838,370,1,0,0.0,0.1606085184436399,0.07161704867971382,0.036854481928684374,0.01,49,12,38
webis-touche2020,rr,15,0.01,weighted_cvl,111,822,370,1,0,0.0,0.062813258051471,0.07161704867971382,0.036854481928684374,0.01,49,12,38
webis-touche2020,rr,15,0.01,uniform,112,776,375,1,0,0.0,0.2306923892580716,0.058383695932249034,0.06852737607536366,0.01,49,11,38
webis-touche2020,rr,15,0.01,uniform_nz,112,777,375,1,0,0.0,0.0999325298981793,0.058383695932249034,0.06852737607536366,0.01,49,11,38
webis-touche2020,rr,15,0.01,weighted,112,784,375,1,0,0.0,0.058383695932249034,0.058383695932249034,0.06852737607536366,0.01,49,11,38
webis-touche2020,rr,15,0.01,active_judge,112,792,375,1,0,0.0,0.19270948773628385,0.058383695932249034,0.06852737607536366,0.01,49,11,38
webis-touche2020,rr,15,0.01,strat_pilot,112,773,375,1,0,0.0,0.06101814187462741,0.058383695932249034,0.06852737607536366,0.01,49,11,38
webis-touche2020,rr,15,0.01,weighted_cv,112,794,375,1,0,0.0,0.041770671749461384,0.058383695932249034,0.06852737607536366,0.01,49,11,38
webis-touche2020,rr,15,0.01,active_cv,112,795,375,1,0,0.0,0.0752000495267536,0.058383695932249034,0.06852737607536366,0.01,49,11,38
webis-touche2020,rr,15,0.01,weighted_cvl,112,789,375,1,0,0.0,0.042500372910260154,0.058383695932249034,0.06852737607536366,0.01,49,11,38
webis-touche2020,rr,15,0.01,uniform,113,756,390,0,0,0.0,0.05192639595622154,0.03131292529348136,0.015575174825174825,0.01,49,11,36
webis-touche2020,rr,15,0.01,uniform_nz,113,763,390,0,0,0.0,0.037497326197777535,0.03131292529348136,0.015575174825174825,0.01,49,11,36
webis-touche2020,rr,15,0.01,weighted,113,779,390,0,0,0.0,0.03131292529348136,0.03131292529348136,0.015575174825174825,0.01,49,11,36
webis-touche2020,rr,15,0.01,active_judge,113,795,390,1,0,0.0,0.06242442702139219,0.03131292529348136,0.015575174825174825,0.01,49,11,36
webis-touche2020,rr,15,0.01,strat_pilot,113,788,390,1,0,0.0,0.03192951353538715,0.03131292529348136,0.015575174825174825,0.01,49,11,36
webis-touche2020,rr,15,0.01,weighted_cv,113,785,390,1,0,0.0,0.0237353498408363,0.03131292529348136,0.015575174825174825,0.01,49,11,36
webis-touche2020,rr,15,0.01,active_cv,113,766,390,1,0,0.0,0.039946408231017264,0.03131292529348136,0.015575174825174825,0.01,49,11,36
webis-touche2020,rr,15,0.01,weighted_cvl,113,770,390,1,0,0.0,0.023330155457120853,0.03131292529348136,0.015575174825174825,0.01,49,11,36
webis-touche2020,rr,15,0.01,uniform,114,797,384,1,0,0.0,0.08121302838407102,0.04361937292165012,0.040254900242516316,0.01,49,11,38
webis-touche2020,rr,15,0.01,uniform_nz,114,817,384,1,0,0.0,0.05375522707777873,0.04361937292165012,0.040254900242516316,0.01,49,11,38
webis-touche2020,rr,15,0.01,weighted,114,813,384,1,0,0.0,0.04361937292165012,0.04361937292165012,0.040254900242516316,0.01,49,11,38
webis-touche2020,rr,15,0.01,active_judge,114,786,384,1,0,0.0,0.08570835441894273,0.04361937292165012,0.040254900242516316,0.01,49,11,38
webis-touche2020,rr,15,0.01,strat_pilot,114,825,384,1,0,0.0,0.043489926051192646,0.04361937292165012,0.040254900242516316,0.01,49,11,38
webis-touche2020,rr,15,0.01,weighted_cv,114,828,384,1,0,0.0,0.037632491618452536,0.04361937292165012,0.040254900242516316,0.01,49,11,38
webis-touche2020,rr,15,0.01,active_cv,114,799,384,1,0,0.0,0.08065634089027231,0.04361937292165012,0.040254900242516316,0.01,49,11,38
webis-touche2020,rr,15,0.01,weighted_cvl,114,783,384,1,0,0.0,0.03459071762238784,0.04361937292165012,0.040254900242516316,0.01,49,11,38
webis-touche2020,rr,15,0.01,uniform,115,808,391,1,0,0.0,0.2426117532165263,0.060260986464385845,0.04297801000742178,0.01,49,11,38
webis-touche2020,rr,15,0.01,uniform_nz,115,820,391,1,0,0.0,0.10194319587049987,0.060260986464385845,0.04297801000742178,0.01,49,11,38
webis-touche2020,rr,15,0.01,weighted,115,794,391,1,0,0.0,0.060260986464385845,0.060260986464385845,0.04297801000742178,0.01,49,11,38
webis-touche2020,rr,15,0.01,active_judge,115,802,391,1,0,0.0,0.1628583230463403,0.060260986464385845,0.04297801000742178,0.01,49,11,38
webis-touche2020,rr,15,0.01,strat_pilot,115,838,391,1,0,0.0,0.06083228136081178,0.060260986464385845,0.04297801000742178,0.01,49,11,38
webis-touche2020,rr,15,0.01,weighted_cv,115,831,391,1,0,0.0,0.04365595390033295,0.060260986464385845,0.04297801000742178,0.01,49,11,38
webis-touche2020,rr,15,0.01,active_cv,115,797,391,1,0,0.0,0.09001828682367545,0.060260986464385845,0.04297801000742178,0.01,49,11,38
webis-touche2020,rr,15,0.01,weighted_cvl,115,835,391,1,0,0.0,0.04083761611105642,0.060260986464385845,0.04297801000742178,0.01,49,11,38
webis-touche2020,rr,15,0.01,uniform,116,839,382,1,0,0.0,0.11841491881405222,0.06442419596217322,0.03184915269442124,0.01,49,12,38
webis-touche2020,rr,15,0.01,uniform_nz,116,826,382,1,0,0.0,0.07648796695794083,0.06442419596217322,0.03184915269442124,0.01,49,12,38
webis-touche2020,rr,15,0.01,weighted,116,837,382,1,0,0.0,0.06442419596217322,0.06442419596217322,0.03184915269442124,0.01,49,12,38
webis-touche2020,rr,15,0.01,active_judge,116,845,382,1,0,0.0,0.1552639312086009,0.06442419596217322,0.03184915269442124,0.01,49,12,38
webis-touche2020,rr,15,0.01,strat_pilot,116,834,382,1,0,0.0,0.06477482767878653,0.06442419596217322,0.03184915269442124,0.01,49,12,38
webis-touche2020,rr,15,0.01,weighted_cv,116,825,382,1,0,0.0,0.053042217299038165,0.06442419596217322,0.03184915269442124,0.01,49,12,38
webis-touche2020,rr,15,0.01,active_cv,116,837,382,1,0,0.0,0.11531295058866883,0.06442419596217322,0.03184915269442124,0.01,49,12,38
webis-touche2020,rr,15,0.01,weighted_cvl,116,847,382,1,0,0.0,0.048720903215077674,0.06442419596217322,0.03184915269442124,0.01,49,12,38
webis-touche2020,rr,15,0.01,uniform,117,832,385,1,0,0.0,0.10661875899722503,0.0804275186067243,0.053614066223748216,0.01,49,12,38
webis-touche2020,rr,15,0.01,uniform_nz,117,842,385,1,0,0.0,0.08442752171080796,0.0804275186067243,0.053614066223748216,0.01,49,12,38
webis-touche2020,rr,15,0.01,weighted,117,819,385,1,0,0.0,0.0804275186067243,0.0804275186067243,0.053614066223748216,0.01,49,12,38
webis-touche2020,rr,15,0.01,active_judge,117,849,385,1,0,0.0,0.20863520182479017,0.0804275186067243,0.053614066223748216,0.01,49,12,38
webis-touche2020,rr,15,0.01,strat_pilot,117,821,385,1,0,0.0,0.08153269880945009,0.0804275186067243,0.053614066223748216,0.01,49,12,38
webis-touche2020,rr,15,0.01,weighted_cv,117,818,385,1,0,0.0,0.06964100196419042,0.0804275186067243,0.053614066223748216,0.01,49,12,38
webis-touche2020,rr,15,0.01,active_cv,117,861,385,1,0,0.0,0.12088145049280796,0.0804275186067243,0.053614066223748216,0.01,49,12,38
webis-touche2020,rr,15,0.01,weighted_cvl,117,831,385,1,0,0.0,0.06717430881322926,0.0804275186067243,0.053614066223748216,0.01,49,12,38
webis-touche2020,rr,15,0.01,uniform,118,854,372,1,0,0.0,0.08410105239119126,0.06097958236168723,0.03956527966327401,0.01,49,12,38
webis-touche2020,rr,15,0.01,uniform_nz,118,827,372,1,0,0.0,0.0715196840832157,0.06097958236168723,0.03956527966327401,0.01,49,12,38
webis-touche2020,rr,15,0.01,weighted,118,826,372,1,0,0.0,0.06097958236168723,0.06097958236168723,0.03956527966327401,0.01,49,12,38
webis-touche2020,rr,15,0.01,active_judge,118,827,372,1,0,0.0,0.12952955298770777,0.06097958236168723,0.03956527966327401,0.01,49,12,38
webis-touche2020,rr,15,0.01,strat_pilot,118,807,372,1,0,0.0,0.06125806447198118,0.06097958236168723,0.03956527966327401,0.01,49,12,38
webis-touche2020,rr,15,0.01,weighted_cv,118,841,372,1,0,0.0,0.056152222789876784,0.06097958236168723,0.03956527966327401,0.01,49,12,38
webis-touche2020,rr,15,0.01,active_cv,118,821,372,1,0,0.0,0.13103461266246108,0.06097958236168723,0.03956527966327401,0.01,49,12,38
webis-touche2020,rr,15,0.01,weighted_cvl,118,829,372,1,0,0.0,0.05363914345198373,0.06097958236168723,0.03956527966327401,0.01,49,12,38
webis-touche2020,rr,15,0.01,uniform,119,795,383,0,0,0.0,0.09985125252489777,0.05681184915235975,0.019418381755843043,0.01,49,11,38
webis-touche2020,rr,15,0.01,uniform_nz,119,820,383,1,0,0.0,0.07119902754753538,0.05681184915235975,0.019418381755843043,0.01,49,11,38
webis-touche2020,rr,15,0.01,weighted,119,809,383,1,0,0.0,0.05681184915235975,0.05681184915235975,0.019418381755843043,0.01,49,11,38
webis-touche2020,rr,15,0.01,active_judge,119,813,383,1,0,0.0,0.12926703007046653,0.05681184915235975,0.019418381755843043,0.01,49,11,38
webis-touche2020,rr,15,0.01,strat_pilot,119,799,383,1,0,0.0,0.05719298091712947,0.05681184915235975,0.019418381755843043,0.01,49,11,38
webis-touche2020,rr,15,0.01,weighted_cv,119,790,383,1,0,0.0,0.0507604279586215,0.05681184915235975,0.019418381755843043,0.01,49,11,38
webis-touche2020,rr,15,0.01,active_cv,119,802,383,1,0,0.0,0.15338683744171736,0.05681184915235975,0.019418381755843043,0.01,49,11,38
webis-touche2020,rr,15,0.01,weighted_cvl,119,786,383,1,0,0.0,0.04674861086992932,0.05681184915235975,0.019418381755843043,0.01,49,11,38
webis-touche2020,rr,15,0.01,uniform,120,785,375,1,0,0.0,0.08865499850852049,0.047008132298872254,0.04342698360577618,0.01,49,11,38
webis-touche2020,rr,15,0.01,uniform_nz,120,787,375,1,0,0.0,0.0759398869679623,0.047008132298872254,0.04342698360577618,0.01,49,11,38
webis-touche2020,rr,15,0.01,weighted,120,768,375,1,0,0.0,0.047008132298872254,0.047008132298872254,0.04342698360577618,0.01,49,11,38
webis-touche2020,rr,15,0.01,active_judge,120,787,375,1,0,0.0,0.13810666203681915,0.047008132298872254,0.04342698360577618,0.01,49,11,38
webis-touche2020,rr,15,0.01,strat_pilot,120,776,375,1,0,0.0,0.048754477607880924,0.047008132298872254,0.04342698360577618,0.01,49,11,38
webis-touche2020,rr,15,0.01,weighted_cv,120,791,375,1,0,0.0,0.03587834261255913,0.047008132298872254,0.04342698360577618,0.01,49,11,38
webis-touche2020,rr,15,0.01,active_cv,120,793,375,1,0,0.0,0.06549299190362096,0.047008132298872254,0.04342698360577618,0.01,49,11,38
webis-touche2020,rr,15,0.01,weighted_cvl,120,777,375,1,0,0.0,0.03418477816500598,0.047008132298872254,0.04342698360577618,0.01,49,11,38
webis-touche2020,rr,15,0.01,uniform,121,772,370,1,0,0.0,0.0659871622329745,0.03955139434288381,0.028820606122463684,0.01,49,11,38
webis-touche2020,rr,15,0.01,uniform_nz,121,779,370,1,0,0.0,0.04952007457858071,0.03955139434288381,0.028820606122463684,0.01,49,11,38
webis-touche2020,rr,15,0.01,weighted,121,756,370,1,0,0.0,0.03955139434288381,0.03955139434288381,0.028820606122463684,0.01,49,11,38
webis-touche2020,rr,15,0.01,active_judge,121,770,370,1,0,0.0,0.08610644360997978,0.03955139434288381,0.028820606122463684,0.01,49,11,38
webis-touche2020,rr,15,0.01,strat_pilot,121,771,370,1,0,0.0,0.04003198744331384,0.03955139434288381,0.028820606122463684,0.01,49,11,38
webis-touche2020,rr,15,0.01,weighted_cv,121,787,370,1,0,0.0,0.035504185223665295,0.03955139434288381,0.028820606122463684,0.01,49,11,38
webis-touche2020,rr,15,0.01,active_cv,121,761,370,1,0,0.0,0.0902723237345868,0.03955139434288381,0.028820606122463684,0.01,49,11,38
webis-touche2020,rr,15,0.01,weighted_cvl,121,792,370,1,0,0.0,0.032256525849687426,0.03955139434288381,0.028820606122463684,0.01,49,11,38
webis-touche2020,rr,15,0.01,uniform,122,767,372,0,0,0.0,0.07693456985735864,0.032209844367412685,0.009340698001688722,0.01,49,11,36
webis-touche2020,rr,15,0.01,uniform_nz,122,773,372,0,0,0.0,0.052294280468476464,0.032209844367412685,0.009340698001688722,0.01,49,11,36
webis-touche2020,rr,15,0.01,weighted,122,754,372,1,0,0.0,0.032209844367412685,0.032209844367412685,0.009340698001688722,0.01,49,11,36
webis-touche2020,rr,15,0.01,active_judge,122,765,372,0,0,0.0,0.11117897718689299,0.032209844367412685,0.009340698001688722,0.01,49,11,36
webis-touche2020,rr,15,0.01,strat_pilot,122,763,372,1,0,0.0,0.031080791256612384,0.032209844367412685,0.009340698001688722,0.01,49,11,36
webis-touche2020,rr,15,0.01,weighted_cv,122,749,372,1,0,0.0,0.022507432548918377,0.032209844367412685,0.009340698001688722,0.01,49,11,36
webis-touche2020,rr,15,0.01,active_cv,122,772,372,1,0,0.0,0.040845757248343904,0.032209844367412685,0.009340698001688722,0.01,49,11,36
webis-touche2020,rr,15,0.01,weighted_cvl,122,796,372,0,0,0.0,0.02110357698653576,0.032209844367412685,0.009340698001688722,0.01,49,11,36
webis-touche2020,rr,15,0.01,uniform,123,798,379,1,0,0.0,0.0665075091703912,0.03982153272967164,0.05209287788235157,0.01,49,11,38
webis-touche2020,rr,15,0.01,uniform_nz,123,795,379,1,0,0.0,0.049293540092897915,0.03982153272967164,0.05209287788235157,0.01,49,11,38
webis-touche2020,rr,15,0.01,weighted,123,770,379,1,0,0.0,0.03982153272967164,0.03982153272967164,0.05209287788235157,0.01,49,11,38
webis-touche2020,rr,15,0.01,active_judge,123,785,379,1,0,0.0,0.11054371088217216,0.03982153272967164,0.05209287788235157,0.01,49,11,38
webis-touche2020,rr,15,0.01,strat_pilot,123,790,379,1,0,0.0,0.040929569211495265,0.03982153272967164,0.05209287788235157,0.01,49,11,38
webis-touche2020,rr,15,0.01,weighted_cv,123,806,379,1,0,0.0,0.034266020726259186,0.03982153272967164,0.05209287788235157,0.01,49,11,38
webis-touche2020,rr,15,0.01,active_cv,123,803,379,1,0,0.0,0.07268285262805982,0.03982153272967164,0.05209287788235157,0.01,49,11,38
webis-touche2020,rr,15,0.01,weighted_cvl,123,783,379,1,0,0.0,0.030394686755577927,0.03982153272967164,0.05209287788235157,0.01,49,11,38
webis-touche2020,rr,15,0.01,uniform,124,807,383,1,0,0.0,0.05522751710875723,0.03370743948277233,0.0154665067536921,0.01,49,11,38
webis-touche2020,rr,15,0.01,uniform_nz,124,813,383,1,0,0.0,0.04510779869851213,0.03370743948277233,0.0154665067536921,0.01,49,11,38
webis-touche2020,rr,15,0.01,weighted,124,804,383,1,0,0.0,0.03370743948277233,0.03370743948277233,0.0154665067536921,0.01,49,11,38
webis-touche2020,rr,15,0.01,active_judge,124,781,383,1,0,0.0,0.06417538255331304,0.03370743948277233,0.0154665067536921,0.01,49,11,38
webis-touche2020,rr,15,0.01,strat_pilot,124,801,383,1,0,0.0,0.03380787291227231,0.03370743948277233,0.0154665067536921,0.01,49,11,38
webis-touche2020,rr,15,0.01,weighted_cv,124,817,383,1,0,0.0,0.03269326819981608,0.03370743948277233,0.0154665067536921,0.01,49,11,38
webis-touche2020,rr,15,0.01,active_cv,124,791,383,1,0,0.0,0.061233189197957574,0.03370743948277233,0.0154665067536921,0.01,49,11,38
webis-touche2020,rr,15,0.01,weighted_cvl,124,806,383,1,0,0.0,0.02728593182200017,0.03370743948277233,0.0154665067536921,0.01,49,11,38
webis-touche2020,rr,15,0.01,uniform,125,804,387,1,0,0.0,0.08259240470619895,0.04277388594351818,0.050882261872973934,0.01,49,11,38
webis-touche2020,rr,15,0.01,uniform_nz,125,807,387,0,0,0.0,0.053648369664564724,0.04277388594351818,0.050882261872973934,0.01,49,11,38
webis-touche2020,rr,15,0.01,weighted,125,800,387,1,0,0.0,0.04277388594351818,0.04277388594351818,0.050882261872973934,0.01,49,11,38
webis-touche2020,rr,15,0.01,active_judge,125,807,387,1,0,0.0,0.09588219247527444,0.04277388594351818,0.050882261872973934,0.01,49,11,38
webis-touche2020,rr,15,0.01,strat_pilot,125,819,387,1,0,0.0,0.041765538758295175,0.04277388594351818,0.050882261872973934,0.01,49,11,38
webis-touche2020,rr,15,0.01,weighted_cv,125,811,387,1,0,0.0,0.040415757598231544,0.04277388594351818,0.050882261872973934,0.01,49,11,38
webis-touche2020,rr,15,0.01,active_cv,125,816,387,1,0,0.0,0.07384401636084079,0.04277388594351818,0.050882261872973934,0.01,49,11,38
webis-touche2020,rr,15,0.01,weighted_cvl,125,813,387,1,0,0.0,0.038107647755844895,0.04277388594351818,0.050882261872973934,0.01,49,11,38
webis-touche2020,rr,15,0.01,uniform,126,845,388,1,0,0.0,0.11250107322008995,0.081039371982732,0.11256536572265476,0.01,49,12,38
webis-touche2020,rr,15,0.01,uniform_nz,126,845,388,1,0,0.0,0.09459972748861113,0.081039371982732,0.11256536572265476,0.01,49,12,38
webis-touche2020,rr,15,0.01,weighted,126,855,388,1,0,0.0,0.081039371982732,0.081039371982732,0.11256536572265476,0.01,49,12,38
webis-touche2020,rr,15,0.01,active_judge,126,845,388,1,0,0.0,0.1646969975979516,0.081039371982732,0.11256536572265476,0.01,49,12,38
webis-touche2020,rr,15,0.01,strat_pilot,126,852,388,1,0,0.0,0.0827541541330885,0.081039371982732,0.11256536572265476,0.01,49,12,38
webis-touche2020,rr,15,0.01,weighted_cv,126,856,388,1,0,0.0,0.06664285872363865,0.081039371982732,0.11256536572265476,0.01,49,12,38
webis-touche2020,rr,15,0.01,active_cv,126,847,388,1,0,0.0,0.12316930596591222,0.081039371982732,0.11256536572265476,0.01,49,12,38
webis-touche2020,rr,15,0.01,weighted_cvl,126,833,388,1,0,0.0,0.06759636581462586,0.081039371982732,0.11256536572265476,0.01,49,12,38
webis-touche2020,rr,15,0.01,uniform,127,849,386,1,0,0.0,0.13691139265079605,0.0857909778758584,0.12454728850530404,0.01,49,12,38
webis-touche2020,rr,15,0.01,uniform_nz,127,845,386,1,0,0.0,0.10225508416995,0.0857909778758584,0.12454728850530404,0.01,49,12,38
webis-touche2020,rr,15,0.01,weighted,127,858,386,1,0,0.0,0.0857909778758584,0.0857909778758584,0.12454728850530404,0.01,49,12,38
webis-touche2020,rr,15,0.01,active_judge,127,846,386,1,0,0.0,0.1753762438578216,0.0857909778758584,0.12454728850530404,0.01,49,12,38
webis-touche2020,rr,15,0.01,strat_pilot,127,848,386,1,0,0.0,0.08749839422510555,0.0857909778758584,0.12454728850530404,0.01,49,12,38
webis-touche2020,rr,15,0.01,weighted_cv,127,875,386,1,0,0.0,0.06858485891659584,0.0857909778758584,0.12454728850530404,0.01,49,12,38
webis-touche2020,rr,15,0.01,active_cv,127,829,386,1,0,0.0,0.11209225414749528,0.0857909778758584,0.12454728850530404,0.01,49,12,38
webis-touche2020,rr,15,0.01,weighted_cvl,127,830,386,1,0,0.0,0.0624377798313866,0.0857909778758584,0.12454728850530404,0.01,49,12,38
webis-touche2020,rr,15,0.01,uniform,128,800,382,1,0,0.0,0.07202667335443938,0.045006408523556675,0.02803941672362724,0.01,49,11,38
webis-touche2020,rr,15,0.01,uniform_nz,128,815,382,1,0,0.0,0.05534374622596664,0.045006408523556675,0.02803941672362724,0.01,49,11,38
webis-touche2020,rr,15,0.01,weighted,128,796,382,1,0,0.0,0.045006408523556675,0.045006408523556675,0.02803941672362724,0.01,49,11,38
webis-touche2020,rr,15,0.01,active_judge,128,806,382,1,0,0.0,0.09568554082289478,0.045006408523556675,0.02803941672362724,0.01,49,11,38
webis-touche2020,rr,15,0.01,strat_pilot,128,806,382,1,0,0.0,0.044483042712853055,0.045006408523556675,0.02803941672362724,0.01,49,11,38
webis-touche2020,rr,15,0.01,weighted_cv,128,790,382,1,0,0.0,0.04174377402152804,0.045006408523556675,0.02803941672362724,0.01,49,11,38
webis-touche2020,rr,15,0.01,active_cv,128,816,382,1,0,0.0,0.09910352890201682,0.045006408523556675,0.02803941672362724,0.01,49,11,38
webis-touche2020,rr,15,0.01,weighted_cvl,128,801,382,1,0,0.0,0.036918972226647626,0.045006408523556675,0.02803941672362724,0.01,49,11,38
webis-touche2020,rr,15,0.01,uniform,129,799,387,0,0,0.0,0.07948090413480079,0.03179758731685607,0.026487762237762245,0.01,49,11,38
webis-touche2020,rr,15,0.01,uniform_nz,129,813,387,1,0,0.0,0.03961867656079522,0.03179758731685607,0.026487762237762245,0.01,49,11,38
webis-touche2020,rr,15,0.01,weighted,129,837,387,1,0,0.0,0.03179758731685607,0.03179758731685607,0.026487762237762245,0.01,49,11,38
webis-touche2020,rr,15,0.01,active_judge,129,825,387,1,0,0.0,0.07984673219178229,0.03179758731685607,0.026487762237762245,0.01,49,11,38
webis-touche2020,rr,15,0.01,strat_pilot,129,829,387,1,0,0.0,0.031890708745117555,0.03179758731685607,0.026487762237762245,0.01,49,11,38
webis-touche2020,rr,15,0.01,weighted_cv,129,802,387,1,0,0.0,0.027866725025707306,0.03179758731685607,0.026487762237762245,0.01,49,11,38
webis-touche2020,rr,15,0.01,active_cv,129,806,387,1,0,0.0,0.08708575872545013,0.03179758731685607,0.026487762237762245,0.01,49,11,38
webis-touche2020,rr,15,0.01,weighted_cvl,129,816,387,1,0,0.0,0.024277918068564275,0.03179758731685607,0.026487762237762245,0.01,49,11,38
webis-touche2020,rr,15,0.01,uniform,130,775,368,0,0,0.0,0.05331765298753639,0.02488758292975778,0.015229606994312889,0.01,49,11,36
webis-touche2020,rr,15,0.01,uniform_nz,130,743,368,0,0,0.0,0.029922782923215548,0.02488758292975778,0.015229606994312889,0.01,49,11,36
webis-touche2020,rr,15,0.01,weighted,130,761,368,0,0,0.0,0.02488758292975778,0.02488758292975778,0.015229606994312889,0.01,49,11,36
webis-touche2020,rr,15,0.01,active_judge,130,749,368,0,0,0.0,0.061366429215499674,0.02488758292975778,0.015229606994312889,0.01,49,11,36
webis-touche2020,rr,15,0.01,strat_pilot,130,752,368,0,0,0.0,0.025355633209202817,0.02488758292975778,0.015229606994312889,0.01,49,11,36
webis-touche2020,rr,15,0.01,weighted_cv,130,737,368,1,0,0.0,0.01947328450650004,0.02488758292975778,0.015229606994312889,0.01,49,11,36
webis-touche2020,rr,15,0.01,active_cv,130,758,368,1,0,0.0,0.024233396358597406,0.02488758292975778,0.015229606994312889,0.01,49,11,36
webis-touche2020,rr,15,0.01,weighted_cvl,130,744,368,1,0,0.0,0.0171773335077196,0.02488758292975778,0.015229606994312889,0.01,49,11,36
webis-touche2020,rr,15,0.01,uniform,131,816,379,1,0,0.0,0.08481985201098319,0.037600062689552086,0.04712462074152744,0.01,49,11,38
webis-touche2020,rr,15,0.01,uniform_nz,131,778,379,1,0,0.0,0.06408964471551044,0.037600062689552086,0.04712462074152744,0.01,49,11,38
webis-touche2020,rr,15,0.01,weighted,131,815,379,1,0,0.0,0.037600062689552086,0.037600062689552086,0.04712462074152744,0.01,49,11,38
webis-touche2020,rr,15,0.01,active_judge,131,823,379,1,0,0.0,0.11348204832493876,0.037600062689552086,0.04712462074152744,0.01,49,11,38
webis-touche2020,rr,15,0.01,strat_pilot,131,806,379,1,0,0.0,0.03803369772297671,0.037600062689552086,0.04712462074152744,0.01,49,11,38
webis-touche2020,rr,15,0.01,weighted_cv,131,804,379,1,0,0.0,0.03115592942928629,0.037600062689552086,0.04712462074152744,0.01,49,11,38
webis-touche2020,rr,15,0.01,active_cv,131,785,379,1,0,0.0,0.053047794375048016,0.037600062689552086,0.04712462074152744,0.01,49,11,38
webis-touche2020,rr,15,0.01,weighted_cvl,131,796,379,1,0,0.0,0.027154936503803073,0.037600062689552086,0.04712462074152744,0.01,49,11,38
webis-touche2020,rr,15,0.01,uniform,132,804,384,1,0,0.0,0.069387227962355,0.05073880353205874,0.03698854777260351,0.01,49,11,38
webis-touche2020,rr,15,0.01,uniform_nz,132,784,384,1,0,0.0,0.060068128910101895,0.05073880353205874,0.03698854777260351,0.01,49,11,38
webis-touche2020,rr,15,0.01,weighted,132,799,384,1,0,0.0,0.05073880353205874,0.05073880353205874,0.03698854777260351,0.01,49,11,38
webis-touche2020,rr,15,0.01,active_judge,132,799,384,1,0,0.0,0.10634224549978669,0.05073880353205874,0.03698854777260351,0.01,49,11,38
webis-touche2020,rr,15,0.01,strat_pilot,132,795,384,1,0,0.0,0.05114272921409765,0.05073880353205874,0.03698854777260351,0.01,49,11,38
webis-touche2020,rr,15,0.01,weighted_cv,132,792,384,1,0,0.0,0.04141415899358252,0.05073880353205874,0.03698854777260351,0.01,49,11,38
webis-touche2020,rr,15,0.01,active_cv,132,799,384,1,0,0.0,0.07536812100901318,0.05073880353205874,0.03698854777260351,0.01,49,11,38
webis-touche2020,rr,15,0.01,weighted_cvl,132,782,384,1,0,0.0,0.04141415899358252,0.05073880353205874,0.03698854777260351,0.01,49,11,38
webis-touche2020,rr,15,0.01,uniform,133,801,378,1,0,0.0,0.07245634267387126,0.04591468757566981,0.07273434543077159,0.01,49,11,38
webis-touche2020,rr,15,0.01,uniform_nz,133,787,378,1,0,0.0,0.05294858658435192,0.04591468757566981,0.07273434543077159,0.01,49,11,38
webis-touche2020,rr,15,0.01,weighted,133,806,378,1,0,0.0,0.04591468757566981,0.04591468757566981,0.07273434543077159,0.01,49,11,38
webis-touche2020,rr,15,0.01,active_judge,133,794,378,1,0,0.0,0.10539477863794951,0.04591468757566981,0.07273434543077159,0.01,49,11,38
webis-touche2020,rr,15,0.01,strat_pilot,133,789,378,1,0,0.0,0.04684074574417204,0.04591468757566981,0.07273434543077159,0.01,49,11,38
webis-touche2020,rr,15,0.01,weighted_cv,133,804,378,1,0,0.0,0.042901129245297,0.04591468757566981,0.07273434543077159,0.01,49,11,38
webis-touche2020,rr,15,0.01,active_cv,133,804,378,1,0,0.0,0.09338855885205011,0.04591468757566981,0.07273434543077159,0.01,49,11,38
webis-touche2020,rr,15,0.01,weighted_cvl,133,817,378,1,0,0.0,0.041947902137737435,0.04591468757566981,0.07273434543077159,0.01,49,11,38
webis-touche2020,rr,15,0.01,uniform,134,756,388,1,0,0.0,0.079800046661177,0.04401308790970922,0.015388016658712587,0.01,49,11,36
webis-touche2020,rr,15,0.01,uniform_nz,134,787,388,1,0,0.0,0.06515343419445158,0.04401308790970922,0.015388016658712587,0.01,49,11,36
webis-touche2020,rr,15,0.01,weighted,134,775,388,1,0,0.0,0.04401308790970922,0.04401308790970922,0.015388016658712587,0.01,49,11,36
webis-touche2020,rr,15,0.01,active_judge,134,770,388,1,0,0.0,0.11573808499898605,0.04401308790970922,0.015388016658712587,0.01,49,11,36
webis-touche2020,rr,15,0.01,strat_pilot,134,769,388,1,0,0.0,0.04416956413242702,0.04401308790970922,0.015388016658712587,0.01,49,11,36
webis-touche2020,rr,15,0.01,weighted_cv,134,785,388,1,0,0.0,0.033573982377777534,0.04401308790970922,0.015388016658712587,0.01,49,11,36
webis-touche2020,rr,15,0.01,active_cv,134,790,388,0,0,0.0,0.0532664188240969,0.04401308790970922,0.015388016658712587,0.01,49,11,36
webis-touche2020,rr,15,0.01,weighted_cvl,134,778,388,1,0,0.0,0.031213885803193297,0.04401308790970922,0.015388016658712587,0.01,49,11,36
webis-touche2020,rr,15,0.01,uniform,135,794,389,0,0,0.0,0.22533955782794662,0.05705485337546786,0.01629173372207428,0.01,49,11,36
webis-touche2020,rr,15,0.01,uniform_nz,135,769,389,1,0,0.0,0.08723605804889845,0.05705485337546786,0.01629173372207428,0.01,49,11,36
webis-touche2020,rr,15,0.01,weighted,135,771,389,1,0,0.0,0.05705485337546786,0.05705485337546786,0.01629173372207428,0.01,49,11,36
webis-touche2020,rr,15,0.01,active_judge,135,774,389,0,0,0.0,0.15834147227783196,0.05705485337546786,0.01629173372207428,0.01,49,11,36
webis-touche2020,rr,15,0.01,strat_pilot,135,803,389,0,0,0.0,0.05628771413404819,0.05705485337546786,0.01629173372207428,0.01,49,11,36
webis-touche2020,rr,15,0.01,weighted_cv,135,796,389,1,0,0.0,0.03919108633472155,0.05705485337546786,0.01629173372207428,0.01,49,11,36
webis-touche2020,rr,15,0.01,active_cv,135,782,389,1,0,0.0,0.05656044229826808,0.05705485337546786,0.01629173372207428,0.01,49,11,36
webis-touche2020,rr,15,0.01,weighted_cvl,135,780,389,0,0,0.0,0.0389207402291913,0.05705485337546786,0.01629173372207428,0.01,49,11,36
webis-touche2020,rr,15,0.01,uniform,136,715,370,0,0,0.0,0.0642716825659427,0.02717556538623595,0.012500832500832493,0.01,49,11,36
webis-touche2020,rr,15,0.01,uniform_nz,136,780,370,0,0,0.0,0.044554357128349265,0.02717556538623595,0.012500832500832493,0.01,49,11,36
webis-touche2020,rr,15,0.01,weighted,136,751,370,1,0,0.0,0.02717556538623595,0.02717556538623595,0.012500832500832493,0.01,49,11,36
webis-touche2020,rr,15,0.01,active_judge,136,773,370,0,0,0.0,0.08638436838481492,0.02717556538623595,0.012500832500832493,0.01,49,11,36
webis-touche2020,rr,15,0.01,strat_pilot,136,767,370,1,0,0.0,0.024258695440921595,0.02717556538623595,0.012500832500832493,0.01,49,11,36
webis-touche2020,rr,15,0.01,weighted_cv,136,732,370,1,0,0.0,0.020756690148798378,0.02717556538623595,0.012500832500832493,0.01,49,11,36
webis-touche2020,rr,15,0.01,active_cv,136,759,370,0,0,0.0,0.035699905364208376,0.02717556538623595,0.012500832500832493,0.01,49,11,36
webis-touche2020,rr,15,0.01,weighted_cvl,136,729,370,1,0,0.0,0.01903780188970514,0.02717556538623595,0.012500832500832493,0.01,49,11,36
webis-touche2020,rr,15,0.01,uniform,137,817,383,1,0,0.0,0.0636929149270072,0.03200011548315391,0.05797373111924195,0.01,49,11,38
webis-touche2020,rr,15,0.01,uniform_nz,137,817,383,1,0,0.0,0.03830279667843069,0.03200011548315391,0.05797373111924195,0.01,49,11,38
webis-touche2020,rr,15,0.01,weighted,137,801,383,1,0,0.0,0.03200011548315391,0.03200011548315391,0.05797373111924195,0.01,49,11,38
webis-touche2020,rr,15,0.01,active_judge,137,804,383,1,0,0.0,0.082609936824954,0.03200011548315391,0.05797373111924195,0.01,49,11,38
webis-touche2020,rr,15,0.01,strat_pilot,137,811,383,1,0,0.0,0.03329845049417217,0.03200011548315391,0.05797373111924195,0.01,49,11,38
webis-touche2020,rr,15,0.01,weighted_cv,137,815,383,1,0,0.0,0.02633767076533397,0.03200011548315391,0.05797373111924195,0.01,49,11,38
webis-touche2020,rr,15,0.01,active_cv,137,813,383,0,0,0.0,0.04813303572950496,0.03200011548315391,0.05797373111924195,0.01,49,11,38
webis-touche2020,rr,15,0.01,weighted_cvl,137,778,383,1,0,0.0,0.02399243202222929,0.03200011548315391,0.05797373111924195,0.01,49,11,38
webis-touche2020,rr,15,0.01,uniform,138,802,375,1,0,0.0,0.07484193298829603,0.05147776129306432,0.03404551826455853,0.01,49,11,38
webis-touche2020,rr,15,0.01,uniform_nz,138,784,375,1,0,0.0,0.06010563452720892,0.05147776129306432,0.03404551826455853,0.01,49,11,38
webis-touche2020,rr,15,0.01,weighted,138,793,375,1,0,0.0,0.05147776129306432,0.05147776129306432,0.03404551826455853,0.01,49,11,38
webis-touche2020,rr,15,0.01,active_judge,138,794,375,1,0,0.0,0.12613025386655116,0.05147776129306432,0.03404551826455853,0.01,49,11,38
webis-touche2020,rr,15,0.01,strat_pilot,138,789,375,1,0,0.0,0.05225561373117001,0.05147776129306432,0.03404551826455853,0.01,49,11,38
webis-touche2020,rr,15,0.01,weighted_cv,138,787,375,1,0,0.0,0.04454651181231624,0.05147776129306432,0.03404551826455853,0.01,49,11,38
webis-touche2020,rr,15,0.01,active_cv,138,776,375,1,0,0.0,0.11009821118181765,0.05147776129306432,0.03404551826455853,0.01,49,11,38
webis-touche2020,rr,15,0.01,weighted_cvl,138,794,375,1,0,0.0,0.04187021371886438,0.05147776129306432,0.03404551826455853,0.01,49,11,38
webis-touche2020,rr,15,0.01,uniform,139,832,386,1,0,0.0,0.07212359832874349,0.05472739828080954,0.09331688913530345,0.01,49,12,38
webis-touche2020,rr,15,0.01,uniform_nz,139,807,386,1,0,0.0,0.05900533387689858,0.05472739828080954,0.09331688913530345,0.01,49,12,38
webis-touche2020,rr,15,0.01,weighted,139,830,386,1,0,0.0,0.05472739828080954,0.05472739828080954,0.09331688913530345,0.01,49,12,38
webis-touche2020,rr,15,0.01,active_judge,139,819,386,1,0,0.0,0.1289027927856447,0.05472739828080954,0.09331688913530345,0.01,49,12,38
webis-touche2020,rr,15,0.01,strat_pilot,139,849,386,1,0,0.0,0.055739762216752045,0.05472739828080954,0.09331688913530345,0.01,49,12,38
webis-touche2020,rr,15,0.01,weighted_cv,139,840,386,1,0,0.0,0.048126542944681425,0.05472739828080954,0.09331688913530345,0.01,49,12,38
webis-touche2020,rr,15,0.01,active_cv,139,835,386,1,0,0.0,0.08185314627351935,0.05472739828080954,0.09331688913530345,0.01,49,12,38
webis-touche2020,rr,15,0.01,weighted_cvl,139,862,386,1,0,0.0,0.04304316440926868,0.05472739828080954,0.09331688913530345,0.01,49,12,38
webis-touche2020,rr,15,0.01,uniform,140,827,382,1,0,0.0,0.07853904982094259,0.06104138501733995,0.11864441750200266,0.01,49,12,38
webis-touche2020,rr,15,0.01,uniform_nz,140,829,382,1,0,0.0,0.06883182179286462,0.06104138501733995,0.11864441750200266,0.01,49,12,38
webis-touche2020,rr,15,0.01,weighted,140,835,382,1,0,0.0,0.06104138501733995,0.06104138501733995,0.11864441750200266,0.01,49,12,38
webis-touche2020,rr,15,0.01,active_judge,140,844,382,1,0,0.0,0.13093433846250618,0.06104138501733995,0.11864441750200266,0.01,49,12,38
webis-touche2020,rr,15,0.01,strat_pilot,140,840,382,1,0,0.0,0.06312767582427797,0.06104138501733995,0.11864441750200266,0.01,49,12,38
webis-touche2020,rr,15,0.01,weighted_cv,140,811,382,1,0,0.0,0.052269108727710525,0.06104138501733995,0.11864441750200266,0.01,49,12,38
webis-touche2020,rr,15,0.01,active_cv,140,836,382,1,0,0.0,0.08540955535094143,0.06104138501733995,0.11864441750200266,0.01,49,12,38
webis-touche2020,rr,15,0.01,weighted_cvl,140,829,382,1,0,0.0,0.04828165362066686,0.06104138501733995,0.11864441750200266,0.01,49,12,38
webis-touche2020,rr,15,0.01,uniform,141,817,374,1,0,0.0,0.0883190317728233,0.06858582060636984,0.08619787625445373,0.01,49,12,38
webis-touche2020,rr,15,0.01,uniform_nz,141,822,374,1,0,0.0,0.07889026937121132,0.06858582060636984,0.08619787625445373,0.01,49,12,38
webis-touche2020,rr,15,0.01,weighted,141,852,374,1,0,0.0,0.06858582060636984,0.06858582060636984,0.08619787625445373,0.01,49,12,38
webis-touche2020,rr,15,0.01,active_judge,141,842,374,1,0,0.0,0.13660580001401534,0.06858582060636984,0.08619787625445373,0.01,49,12,38
webis-touche2020,rr,15,0.01,strat_pilot,141,845,374,1,0,0.0,0.06971148855993865,0.06858582060636984,0.08619787625445373,0.01,49,12,38
webis-touche2020,rr,15,0.01,weighted_cv,141,835,374,1,0,0.0,0.06070173674498105,0.06858582060636984,0.08619787625445373,0.01,49,12,38
webis-touche2020,rr,15,0.01,active_cv,141,814,374,1,0,0.0,0.15409515252959566,0.06858582060636984,0.08619787625445373,0.01,49,12,38
webis-touche2020,rr,15,0.01,weighted_cvl,141,850,374,1,0,0.0,0.053577868388522354,0.06858582060636984,0.08619787625445373,0.01,49,12,38
webis-touche2020,rr,15,0.01,uniform,142,799,369,1,0,0.0,0.06795897616451686,0.047378337253069794,0.03826371570179618,0.01,49,11,38
webis-touche2020,rr,15,0.01,uniform_nz,142,804,369,1,0,0.0,0.06018852265017451,0.047378337253069794,0.03826371570179618,0.01,49,11,38
webis-touche2020,rr,15,0.01,weighted,142,770,369,1,0,0.0,0.047378337253069794,0.047378337253069794,0.03826371570179618,0.01,49,11,38
webis-touche2020,rr,15,0.01,active_judge,142,800,369,0,0,0.0,0.11004055223062673,0.047378337253069794,0.03826371570179618,0.01,49,11,38
webis-touche2020,rr,15,0.01,strat_pilot,142,781,369,1,0,0.0,0.04744593725950631,0.047378337253069794,0.03826371570179618,0.01,49,11,38
webis-touche2020,rr,15,0.01,weighted_cv,142,796,369,1,0,0.0,0.0455473420959165,0.047378337253069794,0.03826371570179618,0.01,49,11,38
webis-touche2020,rr,15,0.01,active_cv,142,785,369,1,0,0.0,0.12024662540447988,0.047378337253069794,0.03826371570179618,0.01,49,11,38
webis-touche2020,rr,15,0.01,weighted_cvl,142,805,369,1,0,0.0,0.03910973466104673,0.047378337253069794,0.03826371570179618,0.01,49,11,38
webis-touche2020,rr,15,0.01,uniform,143,854,395,1,0,0.0,0.13127153020472207,0.08454556624222952,0.09182147335100498,0.01,49,12,38
webis-touche2020,rr,15,0.01,uniform_nz,143,843,395,1,0,0.0,0.09478988493296936,0.08454556624222952,0.09182147335100498,0.01,49,12,38
webis-touche2020,rr,15,0.01,weighted,143,858,395,1,0,0.0,0.08454556624222952,0.08454556624222952,0.09182147335100498,0.01,49,12,38
webis-touche2020,rr,15,0.01,active_judge,143,849,395,1,0,0.0,0.156449485288388,0.08454556624222952,0.09182147335100498,0.01,49,12,38
webis-touche2020,rr,15,0.01,strat_pilot,143,853,395,1,0,0.0,0.08582891804787943,0.08454556624222952,0.09182147335100498,0.01,49,12,38
webis-touche2020,rr,15,0.01,weighted_cv,143,871,395,1,0,0.0,0.06872908954315807,0.08454556624222952,0.09182147335100498,0.01,49,12,38
webis-touche2020,rr,15,0.01,active_cv,143,857,395,1,0,0.0,0.1434918641454899,0.08454556624222952,0.09182147335100498,0.01,49,12,38
webis-touche2020,rr,15,0.01,weighted_cvl,143,858,395,1,0,0.0,0.06538729959877242,0.08454556624222952,0.09182147335100498,0.01,49,12,38
webis-touche2020,rr,15,0.01,uniform,144,837,381,1,0,0.0,0.26004688247925983,0.0906392227935869,0.050389670972646475,0.01,49,12,38
webis-touche2020,rr,15,0.01,uniform_nz,144,818,381,1,0,0.0,0.16408846046421027,0.0906392227935869,0.050389670972646475,0.01,49,12,38
webis-touche2020,rr,15,0.01,weighted,144,833,381,1,0,0.0,0.0906392227935869,0.0906392227935869,0.050389670972646475,0.01,49,12,38
webis-touche2020,rr,15,0.01,active_judge,144,844,381,1,0,0.0,0.29562122625731513,0.0906392227935869,0.050389670972646475,0.01,49,12,38
webis-touche2020,rr,15,0.01,strat_pilot,144,838,381,1,0,0.0,0.09213187589671656,0.0906392227935869,0.050389670972646475,0.01,49,12,38
webis-touche2020,rr,15,0.01,weighted_cv,144,839,381,1,0,0.0,0.06910204849899919,0.0906392227935869,0.050389670972646475,0.01,49,12,38
webis-touche2020,rr,15,0.01,active_cv,144,821,381,1,0,0.0,0.1385522357201923,0.0906392227935869,0.050389670972646475,0.01,49,12,38
webis-touche2020,rr,15,0.01,weighted_cvl,144,829,381,1,0,0.0,0.06742607584702434,0.0906392227935869,0.050389670972646475,0.01,49,12,38
webis-touche2020,rr,15,0.01,uniform,145,849,387,0,0,0.0,0.13805115363479104,0.08876981161512695,0.11340214364584081,0.01,49,12,38
webis-touche2020,rr,15,0.01,uniform_nz,145,821,387,1,0,0.0,0.1042924556681852,0.08876981161512695,0.11340214364584081,0.01,49,12,38
webis-touche2020,rr,15,0.01,weighted,145,852,387,1,0,0.0,0.08876981161512695,0.08876981161512695,0.11340214364584081,0.01,49,12,38
webis-touche2020,rr,15,0.01,active_judge,145,847,387,1,0,0.0,0.16717409879933592,0.08876981161512695,0.11340214364584081,0.01,49,12,38
webis-touche2020,rr,15,0.01,strat_pilot,145,842,387,1,0,0.0,0.09045932375742252,0.08876981161512695,0.11340214364584081,0.01,49,12,38
webis-touche2020,rr,15,0.01,weighted_cv,145,846,387,1,0,0.0,0.07305000822470893,0.08876981161512695,0.11340214364584081,0.01,49,12,38
webis-touche2020,rr,15,0.01,active_cv,145,842,387,1,0,0.0,0.1768563183427084,0.08876981161512695,0.11340214364584081,0.01,49,12,38
webis-touche2020,rr,15,0.01,weighted_cvl,145,830,387,1,0,0.0,0.06861523102656636,0.08876981161512695,0.11340214364584081,0.01,49,12,38
webis-touche2020,rr,15,0.01,uniform,146,795,383,1,0,0.0,0.09903480494801088,0.06859126895807584,0.04289016421352536,0.01,49,11,38
webis-touche2020,rr,15,0.01,uniform_nz,146,800,383,1,0,0.0,0.07856389128974244,0.06859126895807584,0.04289016421352536,0.01,49,11,38
webis-touche2020,rr,15,0.01,weighted,146,815,383,1,0,0.0,0.06859126895807584,0.06859126895807584,0.04289016421352536,0.01,49,11,38
webis-touche2020,rr,15,0.01,active_judge,146,795,383,1,0,0.0,0.1701758766309222,0.06859126895807584,0.04289016421352536,0.01,49,11,38
webis-touche2020,rr,15,0.01,strat_pilot,146,807,383,1,0,0.0,0.06972299700023274,0.06859126895807584,0.04289016421352536,0.01,49,11,38
webis-touche2020,rr,15,0.01,weighted_cv,146,822,383,1,0,0.0,0.05749054803493603,0.06859126895807584,0.04289016421352536,0.01,49,11,38
webis-touche2020,rr,15,0.01,active_cv,146,801,383,1,0,0.0,0.11023703171660401,0.06859126895807584,0.04289016421352536,0.01,49,11,38
webis-touche2020,rr,15,0.01,weighted_cvl,146,813,383,1,0,0.0,0.05351230747695331,0.06859126895807584,0.04289016421352536,0.01,49,11,38
webis-touche2020,rr,15,0.01,uniform,147,806,391,1,0,0.0,0.05490277939680046,0.031469688192728364,0.041940648850259825,0.01,49,11,38
webis-touche2020,rr,15,0.01,uniform_nz,147,788,391,1,0,0.0,0.038840545567010706,0.031469688192728364,0.041940648850259825,0.01,49,11,38
webis-touche2020,rr,15,0.01,weighted,147,823,391,1,0,0.0,0.031469688192728364,0.031469688192728364,0.041940648850259825,0.01,49,11,38
webis-touche2020,rr,15,0.01,active_judge,147,813,391,1,0,0.0,0.07982197416717514,0.031469688192728364,0.041940648850259825,0.01,49,11,38
webis-touche2020,rr,15,0.01,strat_pilot,147,790,391,1,0,0.0,0.03198351755325032,0.031469688192728364,0.041940648850259825,0.01,49,11,38
webis-touche2020,rr,15,0.01,weighted_cv,147,823,391,1,0,0.0,0.026268983766882237,0.031469688192728364,0.041940648850259825,0.01,49,11,38
webis-touche2020,rr,15,0.01,active_cv,147,814,391,0,0,0.0,0.04878352086295536,0.031469688192728364,0.041940648850259825,0.01,49,11,38
webis-touche2020,rr,15,0.01,weighted_cvl,147,817,391,1,0,0.0,0.024107884843872617,0.031469688192728364,0.041940648850259825,0.01,49,11,38
webis-touche2020,rr,15,0.01,uniform,148,798,370,1,0,0.0,0.0954109246878117,0.07250513348264653,0.08428169909284461,0.01,49,12,38
webis-touche2020,rr,15,0.01,uniform_nz,148,833,370,1,0,0.0,0.08376392258765356,0.07250513348264653,0.08428169909284461,0.01,49,12,38
webis-touche2020,rr,15,0.01,weighted,148,809,370,1,0,0.0,0.07250513348264653,0.07250513348264653,0.08428169909284461,0.01,49,12,38
webis-touche2020,rr,15,0.01,active_judge,148,838,370,1,0,0.0,0.14617129663190037,0.07250513348264653,0.08428169909284461,0.01,49,12,38
webis-touche2020,rr,15,0.01,strat_pilot,148,836,370,1,0,0.0,0.07321501691052401,0.07250513348264653,0.08428169909284461,0.01,49,12,38
webis-touche2020,rr,15,0.01,weighted_cv,148,822,370,1,0,0.0,0.06561320047222649,0.07250513348264653,0.08428169909284461,0.01,49,12,38
webis-touche2020,rr,15,0.01,active_cv,148,820,370,1,0,0.0,0.14706828396210098,0.07250513348264653,0.08428169909284461,0.01,49,12,38
webis-touche2020,rr,15,0.01,weighted_cvl,148,822,370,1,0,0.0,0.06033481404757366,0.07250513348264653,0.08428169909284461,0.01,49,12,38
webis-touche2020,rr,15,0.01,uniform,149,795,378,0,0,0.04440949392836069,0.0662447346743604,0.04336496474414121,0.016593346388036133,-0.034409493928360686,49,11,38
webis-touche2020,rr,15,0.01,uniform_nz,149,808,378,0,0,0.04440949392836069,0.05754186820980407,0.04336496474414121,0.016593346388036133,-0.034409493928360686,49,11,38
webis-touche2020,rr,15,0.01,weighted,149,813,378,0,0,0.04440949392836069,0.04336496474414121,0.04336496474414121,0.016593346388036133,-0.034409493928360686,49,11,38
webis-touche2020,rr,15,0.01,active_judge,149,781,378,0,0,0.04440949392836069,0.08689791680731561,0.04336496474414121,0.016593346388036133,-0.034409493928360686,49,11,38
webis-touche2020,rr,15,0.01,strat_pilot,149,811,378,0,0,0.04440949392836069,0.04375244486137723,0.04336496474414121,0.016593346388036133,-0.034409493928360686,49,11,38
webis-touche2020,rr,15,0.01,weighted_cv,149,795,378,0,0,0.04440949392836069,0.03761754299466902,0.04336496474414121,0.016593346388036133,-0.034409493928360686,49,11,38
webis-touche2020,rr,15,0.01,active_cv,149,795,378,0,0,0.04440949392836069,0.07931255597430827,0.04336496474414121,0.016593346388036133,-0.034409493928360686,49,11,38
webis-touche2020,rr,15,0.01,weighted_cvl,149,786,378,0,0,0.04440949392836069,0.03440367148303092,0.04336496474414121,0.016593346388036133,-0.034409493928360686,49,11,38
webis-touche2020,rr,15,0.01,uniform,150,860,395,1,0,0.0,0.09432150266227794,0.06655983495462134,0.08682527240381592,0.01,49,12,38
webis-touche2020,rr,15,0.01,uniform_nz,150,816,395,1,0,0.0,0.07764034356841906,0.06655983495462134,0.08682527240381592,0.01,49,12,38
webis-touche2020,rr,15,0.01,weighted,150,850,395,1,0,0.0,0.06655983495462134,0.06655983495462134,0.08682527240381592,0.01,49,12,38
webis-touche2020,rr,15,0.01,active_judge,150,832,395,1,0,0.0,0.13304955073250752,0.06655983495462134,0.08682527240381592,0.01,49,12,38
webis-touche2020,rr,15,0.01,strat_pilot,150,841,395,1,0,0.0,0.06758796276628706,0.06655983495462134,0.08682527240381592,0.01,49,12,38
webis-touche2020,rr,15,0.01,weighted_cv,150,874,395,1,0,0.0,0.052518025300193304,0.06655983495462134,0.08682527240381592,0.01,49,12,38
webis-touche2020,rr,15,0.01,active_cv,150,872,395,1,0,0.0,0.09502892883982636,0.06655983495462134,0.08682527240381592,0.01,49,12,38
webis-touche2020,rr,15,0.01,weighted_cvl,150,841,395,1,0,0.0,0.05170930100278648,0.06655983495462134,0.08682527240381592,0.01,49,12,38
webis-touche2020,rr,15,0.01,uniform,151,798,387,1,0,0.0,0.07683127239084143,0.03621192371398039,0.04792260210587037,0.01,49,11,38
webis-touche2020,rr,15,0.01,uniform_nz,151,818,387,1,0,0.0,0.0454436185361987,0.03621192371398039,0.04792260210587037,0.01,49,11,38
webis-touche2020,rr,15,0.01,weighted,151,818,387,1,0,0.0,0.03621192371398039,0.03621192371398039,0.04792260210587037,0.01,49,11,38
webis-touche2020,rr,15,0.01,active_judge,151,801,387,1,0,0.0,0.0734850703331302,0.03621192371398039,0.04792260210587037,0.01,49,11,38
webis-touche2020,rr,15,0.01,strat_pilot,151,807,387,1,0,0.0,0.036542942086415134,0.03621192371398039,0.04792260210587037,0.01,49,11,38
webis-touche2020,rr,15,0.01,weighted_cv,151,801,387,1,0,0.0,0.02979610165560395,0.03621192371398039,0.04792260210587037,0.01,49,11,38
webis-touche2020,rr,15,0.01,active_cv,151,784,387,1,0,0.0,0.052896027823678936,0.03621192371398039,0.04792260210587037,0.01,49,11,38
webis-touche2020,rr,15,0.01,weighted_cvl,151,820,387,1,0,0.0,0.030920604421584053,0.03621192371398039,0.04792260210587037,0.01,49,11,38
webis-touche2020,rr,15,0.01,uniform,152,797,390,0,0,0.0,0.0938232463949426,0.0371990038528299,0.011331878905408325,0.01,49,11,36
webis-touche2020,rr,15,0.01,uniform_nz,152,800,390,1,0,0.0,0.059622608473191965,0.0371990038528299,0.011331878905408325,0.01,49,11,36
webis-touche2020,rr,15,0.01,weighted,152,792,390,1,0,0.0,0.0371990038528299,0.0371990038528299,0.011331878905408325,0.01,49,11,36
webis-touche2020,rr,15,0.01,active_judge,152,758,390,1,0,0.0,0.10306617944482883,0.0371990038528299,0.011331878905408325,0.01,49,11,36
webis-touche2020,rr,15,0.01,strat_pilot,152,781,390,1,0,0.0,0.03695336577649957,0.0371990038528299,0.011331878905408325,0.01,49,11,36
webis-touche2020,rr,15,0.01,weighted_cv,152,796,390,1,0,0.0,0.027304014469686305,0.0371990038528299,0.011331878905408325,0.01,49,11,36
webis-touche2020,rr,15,0.01,active_cv,152,796,390,0,0,0.0,0.049879083015377655,0.0371990038528299,0.011331878905408325,0.01,49,11,36
webis-touche2020,rr,15,0.01,weighted_cvl,152,788,390,1,0,0.0,0.026360993896283557,0.0371990038528299,0.011331878905408325,0.01,49,11,36
webis-touche2020,rr,15,0.01,uniform,153,819,366,1,0,0.0,0.09146024393221756,0.067260229138925,0.08800174351018254,0.01,49,12,38
webis-touche2020,rr,15,0.01,uniform_nz,153,798,366,1,0,0.0,0.07807096452805612,0.067260229138925,0.08800174351018254,0.01,49,12,38
webis-touche2020,rr,15,0.01,weighted,153,838,366,1,0,0.0,0.067260229138925,0.067260229138925,0.08800174351018254,0.01,49,12,38
webis-touche2020,rr,15,0.01,active_judge,153,831,366,1,0,0.0,0.18093266424190246,0.067260229138925,0.08800174351018254,0.01,49,12,38
webis-touche2020,rr,15,0.01,strat_pilot,153,810,366,1,0,0.0,0.06834801384319471,0.067260229138925,0.08800174351018254,0.01,49,12,38
webis-touche2020,rr,15,0.01,weighted_cv,153,799,366,1,0,0.0,0.05999254025906568,0.067260229138925,0.08800174351018254,0.01,49,12,38
webis-touche2020,rr,15,0.01,active_cv,153,816,366,1,0,0.0,0.14056869366633057,0.067260229138925,0.08800174351018254,0.01,49,12,38
webis-touche2020,rr,15,0.01,weighted_cvl,153,815,366,1,0,0.0,0.05167261352094965,0.067260229138925,0.08800174351018254,0.01,49,12,38
webis-touche2020,rr,15,0.01,uniform,154,814,370,1,0,0.0,0.25680687105615657,0.06398420400682603,0.06260391096691408,0.01,49,11,38
webis-touche2020,rr,15,0.01,uniform_nz,154,817,370,1,0,0.0,0.1008113341892124,0.06398420400682603,0.06260391096691408,0.01,49,11,38
webis-touche2020,rr,15,0.01,weighted,154,781,370,1,0,0.0,0.06398420400682603,0.06398420400682603,0.06260391096691408,0.01,49,11,38
webis-touche2020,rr,15,0.01,active_judge,154,771,370,1,0,0.0,0.22028168907759293,0.06398420400682603,0.06260391096691408,0.01,49,11,38
webis-touche2020,rr,15,0.01,strat_pilot,154,780,370,1,0,0.0,0.06660230372194638,0.06398420400682603,0.06260391096691408,0.01,49,11,38
webis-touche2020,rr,15,0.01,weighted_cv,154,800,370,1,0,0.0,0.04085173273993655,0.06398420400682603,0.06260391096691408,0.01,49,11,38
webis-touche2020,rr,15,0.01,active_cv,154,787,370,1,0,0.0,0.049768158403345725,0.06398420400682603,0.06260391096691408,0.01,49,11,38
webis-touche2020,rr,15,0.01,weighted_cvl,154,798,370,1,0,0.0,0.03988107718574899,0.06398420400682603,0.06260391096691408,0.01,49,11,38
webis-touche2020,rr,15,0.01,uniform,155,787,392,1,0,0.0,0.07375838667803583,0.04661335719653501,0.04768500658243555,0.01,49,11,38
webis-touche2020,rr,15,0.01,uniform_nz,155,815,392,1,0,0.0,0.05216365906417368,0.04661335719653501,0.04768500658243555,0.01,49,11,38
webis-touche2020,rr,15,0.01,weighted,155,773,392,1,0,0.0,0.04661335719653501,0.04661335719653501,0.04768500658243555,0.01,49,11,38
webis-touche2020,rr,15,0.01,active_judge,155,808,392,1,0,0.0,0.11506144017520317,0.04661335719653501,0.04768500658243555,0.01,49,11,38
webis-touche2020,rr,15,0.01,strat_pilot,155,818,392,1,0,0.0,0.04882189448094755,0.04661335719653501,0.04768500658243555,0.01,49,11,38
webis-touche2020,rr,15,0.01,weighted_cv,155,845,392,1,0,0.0,0.0345357930950531,0.04661335719653501,0.04768500658243555,0.01,49,11,38
webis-touche2020,rr,15,0.01,active_cv,155,810,392,1,0,0.0,0.06317764150064821,0.04661335719653501,0.04768500658243555,0.01,49,11,38
webis-touche2020,rr,15,0.01,weighted_cvl,155,819,392,1,0,0.0,0.03470800352649626,0.04661335719653501,0.04768500658243555,0.01,49,11,38
webis-touche2020,rr,15,0.01,uniform,156,777,380,1,0,0.0,0.10624930857076305,0.06783348337422164,0.050043202841190466,0.01,49,11,38
webis-touche2020,rr,15,0.01,uniform_nz,156,800,380,1,0,0.0,0.08028806466469258,0.06783348337422164,0.050043202841190466,0.01,49,11,38
webis-touche2020,rr,15,0.01,weighted,156,806,380,1,0,0.0,0.06783348337422164,0.06783348337422164,0.050043202841190466,0.01,49,11,38
webis-touche2020,rr,15,0.01,active_judge,156,774,380,1,0,0.0,0.17124899776971741,0.06783348337422164,0.050043202841190466,0.01,49,11,38
webis-touche2020,rr,15,0.01,strat_pilot,156,816,380,1,0,0.0,0.06867214773685731,0.06783348337422164,0.050043202841190466,0.01,49,11,38
webis-touche2020,rr,15,0.01,weighted_cv,156,799,380,1,0,0.0,0.05856338705292456,0.06783348337422164,0.050043202841190466,0.01,49,11,38
webis-touche2020,rr,15,0.01,active_cv,156,800,380,1,0,0.0,0.1305021980633777,0.06783348337422164,0.050043202841190466,0.01,49,11,38
webis-touche2020,rr,15,0.01,weighted_cvl,156,807,380,1,0,0.0,0.0545683973559646,0.06783348337422164,0.050043202841190466,0.01,49,11,38
webis-touche2020,rr,15,0.01,uniform,157,774,377,1,0,0.0,0.10503205714207371,0.05769647648887337,0.06805029209733743,0.01,49,11,38
webis-touche2020,rr,15,0.01,uniform_nz,157,794,377,1,0,0.0,0.08721636884955922,0.05769647648887337,0.06805029209733743,0.01,49,11,38
webis-touche2020,rr,15,0.01,weighted,157,781,377,1,0,0.0,0.05769647648887337,0.05769647648887337,0.06805029209733743,0.01,49,11,38
webis-touche2020,rr,15,0.01,active_judge,157,783,377,1,0,0.0,0.1680085587181463,0.05769647648887337,0.06805029209733743,0.01,49,11,38
webis-touche2020,rr,15,0.01,strat_pilot,157,806,377,1,0,0.0,0.05838099585217153,0.05769647648887337,0.06805029209733743,0.01,49,11,38
webis-touche2020,rr,15,0.01,weighted_cv,157,778,377,1,0,0.0,0.04885265473870376,0.05769647648887337,0.06805029209733743,0.01,49,11,38
webis-touche2020,rr,15,0.01,active_cv,157,773,377,1,0,0.0,0.11534546536252796,0.05769647648887337,0.06805029209733743,0.01,49,11,38
webis-touche2020,rr,15,0.01,weighted_cvl,157,810,377,1,0,0.0,0.040836008892613136,0.05769647648887337,0.06805029209733743,0.01,49,11,38
webis-touche2020,rr,15,0.01,uniform,158,812,377,1,0,0.0,0.1009688343251085,0.05299974844405605,0.06432311874571935,0.01,49,11,38
webis-touche2020,rr,15,0.01,uniform_nz,158,807,377,1,0,0.0,0.07697598428592294,0.05299974844405605,0.06432311874571935,0.01,49,11,38
webis-touche2020,rr,15,0.01,weighted,158,777,377,1,0,0.0,0.05299974844405605,0.05299974844405605,0.06432311874571935,0.01,49,11,38
webis-touche2020,rr,15,0.01,active_judge,158,798,377,1,0,0.0,0.15921867081505778,0.05299974844405605,0.06432311874571935,0.01,49,11,38
webis-touche2020,rr,15,0.01,strat_pilot,158,811,377,1,0,0.0,0.05267042502390057,0.05299974844405605,0.06432311874571935,0.01,49,11,38
webis-touche2020,rr,15,0.01,weighted_cv,158,803,377,1,0,0.0,0.04757159194184797,0.05299974844405605,0.06432311874571935,0.01,49,11,38
webis-touche2020,rr,15,0.01,active_cv,158,780,377,1,0,0.0,0.09151671157587578,0.05299974844405605,0.06432311874571935,0.01,49,11,38
webis-touche2020,rr,15,0.01,weighted_cvl,158,769,377,1,0,0.0,0.04037820110877681,0.05299974844405605,0.06432311874571935,0.01,49,11,38
webis-touche2020,rr,15,0.01,uniform,159,842,399,1,0,0.0,0.13471428103273506,0.08154262409606498,0.08864355606481063,0.01,49,12,38
webis-touche2020,rr,15,0.01,uniform_nz,159,861,399,1,0,0.0,0.09197812743246635,0.08154262409606498,0.08864355606481063,0.01,49,12,38
webis-touche2020,rr,15,0.01,weighted,159,875,399,1,0,0.0,0.08154262409606498,0.08154262409606498,0.08864355606481063,0.01,49,12,38
webis-touche2020,rr,15,0.01,active_judge,159,835,399,1,0,0.0,0.19461863562413767,0.08154262409606498,0.08864355606481063,0.01,49,12,38
webis-touche2020,rr,15,0.01,strat_pilot,159,858,399,1,0,0.0,0.08453114606272515,0.08154262409606498,0.08864355606481063,0.01,49,12,38
webis-touche2020,rr,15,0.01,weighted_cv,159,846,399,1,0,0.0,0.06713088678976682,0.08154262409606498,0.08864355606481063,0.01,49,12,38
webis-touche2020,rr,15,0.01,active_cv,159,832,399,0,0,0.0,0.135632857063997,0.08154262409606498,0.08864355606481063,0.01,49,12,38
webis-touche2020,rr,15,0.01,weighted_cvl,159,828,399,1,0,0.0,0.06003218695844263,0.08154262409606498,0.08864355606481063,0.01,49,12,38
webis-touche2020,rr,15,0.01,uniform,160,838,375,1,0,0.0,0.07096137150267907,0.027516358307736872,0.05424470810444693,0.01,49,11,38
webis-touche2020,rr,15,0.01,uniform_nz,160,755,375,1,0,0.0,0.053143067238730156,0.027516358307736872,0.05424470810444693,0.01,49,11,38
webis-touche2020,rr,15,0.01,weighted,160,780,375,1,0,0.0,0.027516358307736872,0.027516358307736872,0.05424470810444693,0.01,49,11,38
webis-touche2020,rr,15,0.01,active_judge,160,804,375,1,0,0.0,0.1043002599576962,0.027516358307736872,0.05424470810444693,0.01,49,11,38
webis-touche2020,rr,15,0.01,strat_pilot,160,785,375,1,0,0.0,0.026756703053052933,0.027516358307736872,0.05424470810444693,0.01,49,11,38
webis-touche2020,rr,15,0.01,weighted_cv,160,800,375,1,0,0.0,0.02351645195951133,0.027516358307736872,0.05424470810444693,0.01,49,11,38
webis-touche2020,rr,15,0.01,active_cv,160,778,375,1,0,0.0,0.04411683197796941,0.027516358307736872,0.05424470810444693,0.01,49,11,38
webis-touche2020,rr,15,0.01,weighted_cvl,160,776,375,1,0,0.0,0.020675830266026714,0.027516358307736872,0.05424470810444693,0.01,49,11,38
webis-touche2020,rr,15,0.01,uniform,161,815,382,1,0,0.0,0.07710894496431085,0.052946134558561744,0.0645232004837268,0.01,49,11,38
webis-touche2020,rr,15,0.01,uniform_nz,161,794,382,1,0,0.0,0.06364981892093534,0.052946134558561744,0.0645232004837268,0.01,49,11,38
webis-touche2020,rr,15,0.01,weighted,161,795,382,1,0,0.0,0.052946134558561744,0.052946134558561744,0.0645232004837268,0.01,49,11,38
webis-touche2020,rr,15,0.01,active_judge,161,792,382,1,0,0.0,0.09614424373350666,0.052946134558561744,0.0645232004837268,0.01,49,11,38
webis-touche2020,rr,15,0.01,strat_pilot,161,791,382,1,0,0.0,0.0536648214285421,0.052946134558561744,0.0645232004837268,0.01,49,11,38
webis-touche2020,rr,15,0.01,weighted_cv,161,806,382,1,0,0.0,0.047333530232326844,0.052946134558561744,0.0645232004837268,0.01,49,11,38
webis-touche2020,rr,15,0.01,active_cv,161,808,382,1,0,0.0,0.08889421813512499,0.052946134558561744,0.0645232004837268,0.01,49,11,38
webis-touche2020,rr,15,0.01,weighted_cvl,161,830,382,1,0,0.0,0.04395252919347527,0.052946134558561744,0.0645232004837268,0.01,49,11,38
webis-touche2020,rr,15,0.01,uniform,162,815,379,0,0,0.0,0.2506059627799376,0.06655961633315052,0.07004719003346008,0.01,49,11,38
webis-touche2020,rr,15,0.01,uniform_nz,162,791,379,1,0,0.0,0.10830815635406035,0.06655961633315052,0.07004719003346008,0.01,49,11,38
webis-touche2020,rr,15,0.01,weighted,162,810,379,1,0,0.0,0.06655961633315052,0.06655961633315052,0.07004719003346008,0.01,49,11,38
webis-touche2020,rr,15,0.01,active_judge,162,782,379,1,0,0.0,0.20423479474852485,0.06655961633315052,0.07004719003346008,0.01,49,11,38
webis-touche2020,rr,15,0.01,strat_pilot,162,811,379,1,0,0.0,0.06769227369348177,0.06655961633315052,0.07004719003346008,0.01,49,11,38
webis-touche2020,rr,15,0.01,weighted_cv,162,785,379,1,0,0.0,0.04523034079266131,0.06655961633315052,0.07004719003346008,0.01,49,11,38
webis-touche2020,rr,15,0.01,active_cv,162,802,379,1,0,0.0,0.07472462198284871,0.06655961633315052,0.07004719003346008,0.01,49,11,38
webis-touche2020,rr,15,0.01,weighted_cvl,162,779,379,1,0,0.0,0.0425432516817264,0.06655961633315052,0.07004719003346008,0.01,49,11,38
webis-touche2020,rr,15,0.01,uniform,163,762,375,1,0,0.0,0.11322759431952165,0.0646160096894017,0.01953377977371783,0.01,49,11,38
webis-touche2020,rr,15,0.01,uniform_nz,163,767,375,1,0,0.0,0.08007368749670993,0.0646160096894017,0.01953377977371783,0.01,49,11,38
webis-touche2020,rr,15,0.01,weighted,163,799,375,1,0,0.0,0.0646160096894017,0.0646160096894017,0.01953377977371783,0.01,49,11,38
webis-touche2020,rr,15,0.01,active_judge,163,795,375,1,0,0.0,0.13578013563410232,0.0646160096894017,0.01953377977371783,0.01,49,11,38
webis-touche2020,rr,15,0.01,strat_pilot,163,793,375,1,0,0.0,0.06472998774413438,0.0646160096894017,0.01953377977371783,0.01,49,11,38
webis-touche2020,rr,15,0.01,weighted_cv,163,793,375,1,0,0.0,0.06705059458591546,0.0646160096894017,0.01953377977371783,0.01,49,11,38
webis-touche2020,rr,15,0.01,active_cv,163,772,375,1,0,0.0,0.19357969814431658,0.0646160096894017,0.01953377977371783,0.01,49,11,38
webis-touche2020,rr,15,0.01,weighted_cvl,163,792,375,1,0,0.0,0.0585699545354663,0.0646160096894017,0.01953377977371783,0.01,49,11,38
webis-touche2020,rr,15,0.01,uniform,164,818,388,0,0,0.0,0.0698601941519004,0.04278038550392899,0.06722016728578849,0.01,49,11,38
webis-touche2020,rr,15,0.01,uniform_nz,164,783,388,1,0,0.0,0.050923014217477726,0.04278038550392899,0.06722016728578849,0.01,49,11,38
webis-touche2020,rr,15,0.01,weighted,164,801,388,1,0,0.0,0.04278038550392899,0.04278038550392899,0.06722016728578849,0.01,49,11,38
webis-touche2020,rr,15,0.01,active_judge,164,805,388,1,0,0.0,0.09443682129954539,0.04278038550392899,0.06722016728578849,0.01,49,11,38
webis-touche2020,rr,15,0.01,strat_pilot,164,819,388,1,0,0.0,0.04293253957264113,0.04278038550392899,0.06722016728578849,0.01,49,11,38
webis-touche2020,rr,15,0.01,weighted_cv,164,789,388,1,0,0.0,0.04064081129495258,0.04278038550392899,0.06722016728578849,0.01,49,11,38
webis-touche2020,rr,15,0.01,active_cv,164,797,388,1,0,0.0,0.10320117039997952,0.04278038550392899,0.06722016728578849,0.01,49,11,38
webis-touche2020,rr,15,0.01,weighted_cvl,164,804,388,1,0,0.0,0.03627635758602743,0.04278038550392899,0.06722016728578849,0.01,49,11,38
webis-touche2020,rr,15,0.01,uniform,165,817,378,1,0,0.0,0.0991668037326082,0.04994691712941947,0.049457061170683464,0.01,49,11,38
webis-touche2020,rr,15,0.01,uniform_nz,165,804,378,1,0,0.0,0.058953181386521926,0.04994691712941947,0.049457061170683464,0.01,49,11,38
webis-touche2020,rr,15,0.01,weighted,165,822,378,1,0,0.0,0.04994691712941947,0.04994691712941947,0.049457061170683464,0.01,49,11,38
webis-touche2020,rr,15,0.01,active_judge,165,809,378,1,0,0.0,0.12366271189180564,0.04994691712941947,0.049457061170683464,0.01,49,11,38
webis-touche2020,rr,15,0.01,strat_pilot,165,804,378,1,0,0.0,0.05180930733321189,0.04994691712941947,0.049457061170683464,0.01,49,11,38
webis-touche2020,rr,15,0.01,weighted_cv,165,795,378,1,0,0.0,0.03804282021541373,0.04994691712941947,0.049457061170683464,0.01,49,11,38
webis-touche2020,rr,15,0.01,active_cv,165,818,378,1,0,0.0,0.07253443683874464,0.04994691712941947,0.049457061170683464,0.01,49,11,38
webis-touche2020,rr,15,0.01,weighted_cvl,165,801,378,1,0,0.0,0.03542853582203593,0.04994691712941947,0.049457061170683464,0.01,49,11,38
webis-touche2020,rr,15,0.01,uniform,166,814,371,1,0,0.0,0.21616005944675537,0.0479549523641804,0.05687825647328943,0.01,49,11,38
webis-touche2020,rr,15,0.01,uniform_nz,166,778,371,1,0,0.0,0.08902863973094963,0.0479549523641804,0.05687825647328943,0.01,49,11,38
webis-touche2020,rr,15,0.01,weighted,166,786,371,1,0,0.0,0.0479549523641804,0.0479549523641804,0.05687825647328943,0.01,49,11,38
webis-touche2020,rr,15,0.01,active_judge,166,801,371,1,0,0.0,0.15647354858374146,0.0479549523641804,0.05687825647328943,0.01,49,11,38
webis-touche2020,rr,15,0.01,strat_pilot,166,754,371,1,0,0.0,0.04996355627436825,0.0479549523641804,0.05687825647328943,0.01,49,11,38
webis-touche2020,rr,15,0.01,weighted_cv,166,786,371,1,0,0.0,0.030574265372171512,0.0479549523641804,0.05687825647328943,0.01,49,11,38
webis-touche2020,rr,15,0.01,active_cv,166,801,371,1,0,0.0,0.04237979235367433,0.0479549523641804,0.05687825647328943,0.01,49,11,38
webis-touche2020,rr,15,0.01,weighted_cvl,166,796,371,1,0,0.0,0.029475821662359736,0.0479549523641804,0.05687825647328943,0.01,49,11,38
webis-touche2020,rr,15,0.01,uniform,167,776,377,0,0,0.001352794601199081,0.0824839782287343,0.04934057645078878,0.01866121623474564,0.00864720539880092,49,11,36
webis-touche2020,rr,15,0.01,uniform_nz,167,769,377,1,0,0.001352794601199081,0.062242604238072506,0.04934057645078878,0.01866121623474564,0.00864720539880092,49,11,36
webis-touche2020,rr,15,0.01,weighted,167,783,377,0,0,0.001352794601199081,0.04934057645078878,0.04934057645078878,0.01866121623474564,0.00864720539880092,49,11,36
webis-touche2020,rr,15,0.01,active_judge,167,770,377,1,0,0.001352794601199081,0.11176236054477189,0.04934057645078878,0.01866121623474564,0.00864720539880092,49,11,36
webis-touche2020,rr,15,0.01,strat_pilot,167,781,377,0,0,0.001352794601199081,0.049644802280864694,0.04934057645078878,0.01866121623474564,0.00864720539880092,49,11,36
webis-touche2020,rr,15,0.01,weighted_cv,167,768,377,0,0,0.001352794601199081,0.04043366821828046,0.04934057645078878,0.01866121623474564,0.00864720539880092,49,11,36
webis-touche2020,rr,15,0.01,active_cv,167,783,377,0,0,0.001352794601199081,0.07669331707564563,0.04934057645078878,0.01866121623474564,0.00864720539880092,49,11,36
webis-touche2020,rr,15,0.01,weighted_cvl,167,774,377,1,0,0.001352794601199081,0.04209309662107307,0.04934057645078878,0.01866121623474564,0.00864720539880092,49,11,36
webis-touche2020,rr,15,0.01,uniform,168,784,376,0,0,0.0,0.06786385053787088,0.04142315587833279,0.06277519742612622,0.01,49,11,38
webis-touche2020,rr,15,0.01,uniform_nz,168,760,376,1,0,0.0,0.056699540995813605,0.04142315587833279,0.06277519742612622,0.01,49,11,38
webis-touche2020,rr,15,0.01,weighted,168,772,376,1,0,0.0,0.04142315587833279,0.04142315587833279,0.06277519742612622,0.01,49,11,38
webis-touche2020,rr,15,0.01,active_judge,168,807,376,1,0,0.0,0.09175904549887542,0.04142315587833279,0.06277519742612622,0.01,49,11,38
webis-touche2020,rr,15,0.01,strat_pilot,168,791,376,1,0,0.0,0.04137028677366441,0.04142315587833279,0.06277519742612622,0.01,49,11,38
webis-touche2020,rr,15,0.01,weighted_cv,168,792,376,1,0,0.0,0.037603265037630056,0.04142315587833279,0.06277519742612622,0.01,49,11,38
webis-touche2020,rr,15,0.01,active_cv,168,804,376,1,0,0.0,0.09782257451832949,0.04142315587833279,0.06277519742612622,0.01,49,11,38
webis-touche2020,rr,15,0.01,weighted_cvl,168,785,376,1,0,0.0,0.03635457014995522,0.04142315587833279,0.06277519742612622,0.01,49,11,38
webis-touche2020,rr,15,0.01,uniform,169,854,378,1,0,0.0,0.12367970158369053,0.06308951477928144,0.07885395997490492,0.01,49,12,38
webis-touche2020,rr,15,0.01,uniform_nz,169,798,378,1,0,0.0,0.07927737280958445,0.06308951477928144,0.07885395997490492,0.01,49,12,38
webis-touche2020,rr,15,0.01,weighted,169,827,378,1,0,0.0,0.06308951477928144,0.06308951477928144,0.07885395997490492,0.01,49,12,38
webis-touche2020,rr,15,0.01,active_judge,169,837,378,1,0,0.0,0.1382096671531674,0.06308951477928144,0.07885395997490492,0.01,49,12,38
webis-touche2020,rr,15,0.01,strat_pilot,169,834,378,1,0,0.0,0.06322364219161623,0.06308951477928144,0.07885395997490492,0.01,49,12,38
webis-touche2020,rr,15,0.01,weighted_cv,169,838,378,1,0,0.0,0.04973808122971365,0.06308951477928144,0.07885395997490492,0.01,49,12,38
webis-touche2020,rr,15,0.01,active_cv,169,830,378,1,0,0.0,0.0777752259562885,0.06308951477928144,0.07885395997490492,0.01,49,12,38
webis-touche2020,rr,15,0.01,weighted_cvl,169,823,378,1,0,0.0,0.0471335284248493,0.06308951477928144,0.07885395997490492,0.01,49,12,38
webis-touche2020,rr,15,0.01,uniform,170,810,371,1,0,0.0,0.07487824139916634,0.025662750085209168,0.025364915184574614,0.01,49,11,38
webis-touche2020,rr,15,0.01,uniform_nz,170,787,371,1,0,0.0,0.03397770903926108,0.025662750085209168,0.025364915184574614,0.01,49,11,38
webis-touche2020,rr,15,0.01,weighted,170,789,371,1,0,0.0,0.025662750085209168,0.025662750085209168,0.025364915184574614,0.01,49,11,38
webis-touche2020,rr,15,0.01,active_judge,170,787,371,1,0,0.0,0.07665088331029368,0.025662750085209168,0.025364915184574614,0.01,49,11,38
webis-touche2020,rr,15,0.01,strat_pilot,170,803,371,1,0,0.0,0.025950676228867042,0.025662750085209168,0.025364915184574614,0.01,49,11,38
webis-touche2020,rr,15,0.01,weighted_cv,170,796,371,1,0,0.0,0.020667462031816825,0.025662750085209168,0.025364915184574614,0.01,49,11,38
webis-touche2020,rr,15,0.01,active_cv,170,782,371,1,0,0.0,0.0395075500994529,0.025662750085209168,0.025364915184574614,0.01,49,11,38
webis-touche2020,rr,15,0.01,weighted_cvl,170,785,371,1,0,0.0,0.020625651334772073,0.025662750085209168,0.025364915184574614,0.01,49,11,38
webis-touche2020,rr,15,0.01,uniform,171,834,376,1,0,0.0,0.10073714867384412,0.07527056800471567,0.0859969522966356,0.01,49,12,38
webis-touche2020,rr,15,0.01,uniform_nz,171,830,376,1,0,0.0,0.081761880527557,0.07527056800471567,0.0859969522966356,0.01,49,12,38
webis-touche2020,rr,15,0.01,weighted,171,827,376,1,0,0.0,0.07527056800471567,0.07527056800471567,0.0859969522966356,0.01,49,12,38
webis-touche2020,rr,15,0.01,active_judge,171,854,376,1,0,0.0,0.16039582499994648,0.07527056800471567,0.0859969522966356,0.01,49,12,38
webis-touche2020,rr,15,0.01,strat_pilot,171,798,376,1,0,0.0,0.0761976976251926,0.07527056800471567,0.0859969522966356,0.01,49,12,38
webis-touche2020,rr,15,0.01,weighted_cv,171,816,376,1,0,0.0,0.05632117995894613,0.07527056800471567,0.0859969522966356,0.01,49,12,38
webis-touche2020,rr,15,0.01,active_cv,171,826,376,1,0,0.0,0.07496974143320223,0.07527056800471567,0.0859969522966356,0.01,49,12,38
webis-touche2020,rr,15,0.01,weighted_cvl,171,849,376,1,0,0.0,0.055258012902750765,0.07527056800471567,0.0859969522966356,0.01,49,12,38
webis-touche2020,rr,15,0.01,uniform,172,774,368,0,0,0.0008131892362954751,0.0826997058685979,0.03799086624363715,0.008687146187146189,0.009186810763704525,49,11,36
webis-touche2020,rr,15,0.01,uniform_nz,172,775,368,0,0,0.0008131892362954751,0.06419703794063011,0.03799086624363715,0.008687146187146189,0.009186810763704525,49,11,36
webis-touche2020,rr,15,0.01,weighted,172,759,368,1,0,0.0008131892362954751,0.03799086624363715,0.03799086624363715,0.008687146187146189,0.009186810763704525,49,11,36
webis-touche2020,rr,15,0.01,active_judge,172,744,368,0,0,0.0008131892362954751,0.10664245694854924,0.03799086624363715,0.008687146187146189,0.009186810763704525,49,11,36
webis-touche2020,rr,15,0.01,strat_pilot,172,805,368,0,0,0.0008131892362954751,0.03767494595861894,0.03799086624363715,0.008687146187146189,0.009186810763704525,49,11,36
webis-touche2020,rr,15,0.01,weighted_cv,172,777,368,1,0,0.0008131892362954751,0.030561659867704843,0.03799086624363715,0.008687146187146189,0.009186810763704525,49,11,36
webis-touche2020,rr,15,0.01,active_cv,172,754,368,0,0,0.0008131892362954751,0.07861864800188391,0.03799086624363715,0.008687146187146189,0.009186810763704525,49,11,36
webis-touche2020,rr,15,0.01,weighted_cvl,172,750,368,0,0,0.0008131892362954751,0.028628864204340042,0.03799086624363715,0.008687146187146189,0.009186810763704525,49,11,36
webis-touche2020,rr,15,0.01,uniform,173,816,384,1,0,0.0,0.09262017761779066,0.05036335775907304,0.03980612329993134,0.01,49,11,38
webis-touche2020,rr,15,0.01,uniform_nz,173,820,384,1,0,0.0,0.05847628586577702,0.05036335775907304,0.03980612329993134,0.01,49,11,38
webis-touche2020,rr,15,0.01,weighted,173,794,384,1,0,0.0,0.05036335775907304,0.05036335775907304,0.03980612329993134,0.01,49,11,38
webis-touche2020,rr,15,0.01,active_judge,173,795,384,1,0,0.0,0.1022860736584779,0.05036335775907304,0.03980612329993134,0.01,49,11,38
webis-touche2020,rr,15,0.01,strat_pilot,173,803,384,1,0,0.0,0.050912189926977644,0.05036335775907304,0.03980612329993134,0.01,49,11,38
webis-touche2020,rr,15,0.01,weighted_cv,173,788,384,1,0,0.0,0.046191586028238085,0.05036335775907304,0.03980612329993134,0.01,49,11,38
webis-touche2020,rr,15,0.01,active_cv,173,811,384,1,0,0.0,0.1090321690314053,0.05036335775907304,0.03980612329993134,0.01,49,11,38
webis-touche2020,rr,15,0.01,weighted_cvl,173,820,384,1,0,0.0,0.04225550362277712,0.05036335775907304,0.03980612329993134,0.01,49,11,38
webis-touche2020,rr,15,0.01,uniform,174,789,385,1,0,0.0,0.060587759581656145,0.04066948903076616,0.030228536513366225,0.01,49,11,36
webis-touche2020,rr,15,0.01,uniform_nz,174,789,385,1,0,0.0,0.04527872087653437,0.04066948903076616,0.030228536513366225,0.01,49,11,36
webis-touche2020,rr,15,0.01,weighted,174,771,385,1,0,0.0,0.04066948903076616,0.04066948903076616,0.030228536513366225,0.01,49,11,36
webis-touche2020,rr,15,0.01,active_judge,174,751,385,1,0,0.0,0.08423830131856189,0.04066948903076616,0.030228536513366225,0.01,49,11,36
webis-touche2020,rr,15,0.01,strat_pilot,174,767,385,1,0,0.0,0.04021678289907503,0.04066948903076616,0.030228536513366225,0.01,49,11,36
webis-touche2020,rr,15,0.01,weighted_cv,174,752,385,1,0,0.0,0.03488379566312524,0.04066948903076616,0.030228536513366225,0.01,49,11,36
webis-touche2020,rr,15,0.01,active_cv,174,769,385,1,0,0.0,0.051378224933771165,0.04066948903076616,0.030228536513366225,0.01,49,11,36
webis-touche2020,rr,15,0.01,weighted_cvl,174,783,385,1,0,0.0,0.03262471709863412,0.04066948903076616,0.030228536513366225,0.01,49,11,36
webis-touche2020,rr,15,0.01,uniform,175,803,381,1,0,0.0,0.0843688867223487,0.03499737888952706,0.024027222061277782,0.01,49,11,38
webis-touche2020,rr,15,0.01,uniform_nz,175,824,381,1,0,0.0,0.04284579252345111,0.03499737888952706,0.024027222061277782,0.01,49,11,38
webis-touche2020,rr,15,0.01,weighted,175,779,381,1,0,0.0,0.03499737888952706,0.03499737888952706,0.024027222061277782,0.01,49,11,38
webis-touche2020,rr,15,0.01,active_judge,175,780,381,1,0,0.0,0.09377345228256859,0.03499737888952706,0.024027222061277782,0.01,49,11,38
webis-touche2020,rr,15,0.01,strat_pilot,175,808,381,1,0,0.0,0.03511211077977064,0.03499737888952706,0.024027222061277782,0.01,49,11,38
webis-touche2020,rr,15,0.01,weighted_cv,175,808,381,1,0,0.0,0.03022836732678283,0.03499737888952706,0.024027222061277782,0.01,49,11,38
webis-touche2020,rr,15,0.01,active_cv,175,803,381,1,0,0.0,0.052142472729456456,0.03499737888952706,0.024027222061277782,0.01,49,11,38
webis-touche2020,rr,15,0.01,weighted_cvl,175,796,381,1,0,0.0,0.02711005744307456,0.03499737888952706,0.024027222061277782,0.01,49,11,38
webis-touche2020,rr,15,0.01,uniform,176,788,365,0,0,0.0,0.07499273698234857,0.0387541588861937,0.019730539068774353,0.01,49,11,36
webis-touche2020,rr,15,0.01,uniform_nz,176,771,365,0,0,0.0,0.054477292644782474,0.0387541588861937,0.019730539068774353,0.01,49,11,36
webis-touche2020,rr,15,0.01,weighted,176,764,365,1,0,0.0,0.0387541588861937,0.0387541588861937,0.019730539068774353,0.01,49,11,36
webis-touche2020,rr,15,0.01,active_judge,176,751,365,1,0,0.0,0.0900762655408526,0.0387541588861937,0.019730539068774353,0.01,49,11,36
webis-touche2020,rr,15,0.01,strat_pilot,176,755,365,0,0,0.0,0.03881335874607196,0.0387541588861937,0.019730539068774353,0.01,49,11,36
webis-touche2020,rr,15,0.01,weighted_cv,176,755,365,1,0,0.0,0.03416638070300203,0.0387541588861937,0.019730539068774353,0.01,49,11,36
webis-touche2020,rr,15,0.01,active_cv,176,768,365,0,0,0.0,0.08988839901228686,0.0387541588861937,0.019730539068774353,0.01,49,11,36
webis-touche2020,rr,15,0.01,weighted_cvl,176,757,365,1,0,0.0,0.03466513910107718,0.0387541588861937,0.019730539068774353,0.01,49,11,36
webis-touche2020,rr,15,0.01,uniform,177,760,365,1,0,0.0,0.04885337267349738,0.018952360633735114,0.03431856413280561,0.01,49,11,38
webis-touche2020,rr,15,0.01,uniform_nz,177,788,365,1,0,0.0,0.027286161947221804,0.018952360633735114,0.03431856413280561,0.01,49,11,38
webis-touche2020,rr,15,0.01,weighted,177,792,365,1,0,0.0,0.018952360633735114,0.018952360633735114,0.03431856413280561,0.01,49,11,38
webis-touche2020,rr,15,0.01,active_judge,177,792,365,1,0,0.0,0.0531743003172791,0.018952360633735114,0.03431856413280561,0.01,49,11,38
webis-touche2020,rr,15,0.01,strat_pilot,177,755,365,1,0,0.0,0.019202468797657017,0.018952360633735114,0.03431856413280561,0.01,49,11,38
webis-touche2020,rr,15,0.01,weighted_cv,177,775,365,1,0,0.0,0.01467440004391923,0.018952360633735114,0.03431856413280561,0.01,49,11,38
webis-touche2020,rr,15,0.01,active_cv,177,774,365,1,0,0.0,0.023504260405356036,0.018952360633735114,0.03431856413280561,0.01,49,11,38
webis-touche2020,rr,15,0.01,weighted_cvl,177,776,365,1,0,0.0,0.014707608531942798,0.018952360633735114,0.03431856413280561,0.01,49,11,38
webis-touche2020,rr,15,0.01,uniform,178,796,378,0,0,0.0,0.06685858639850357,0.03898206994603391,0.022383522686961914,0.01,49,11,38
webis-touche2020,rr,15,0.01,uniform_nz,178,804,378,1,0,0.0,0.04625386681995185,0.03898206994603391,0.022383522686961914,0.01,49,11,38
webis-touche2020,rr,15,0.01,weighted,178,785,378,1,0,0.0,0.03898206994603391,0.03898206994603391,0.022383522686961914,0.01,49,11,38
webis-touche2020,rr,15,0.01,active_judge,178,788,378,1,0,0.0,0.09191722463713424,0.03898206994603391,0.022383522686961914,0.01,49,11,38
webis-touche2020,rr,15,0.01,strat_pilot,178,795,378,1,0,0.0,0.03918695276565644,0.03898206994603391,0.022383522686961914,0.01,49,11,38
webis-touche2020,rr,15,0.01,weighted_cv,178,826,378,1,0,0.0,0.03447770287370381,0.03898206994603391,0.022383522686961914,0.01,49,11,38
webis-touche2020,rr,15,0.01,active_cv,178,790,378,1,0,0.0,0.05081107452895084,0.03898206994603391,0.022383522686961914,0.01,49,11,38
webis-touche2020,rr,15,0.01,weighted_cvl,178,775,378,1,0,0.0,0.03181541691552811,0.03898206994603391,0.022383522686961914,0.01,49,11,38
webis-touche2020,rr,15,0.01,uniform,179,765,371,0,0,0.0,0.09904667175184338,0.06746482878434253,0.027565684086581915,0.01,49,11,38
webis-touche2020,rr,15,0.01,uniform_nz,179,773,371,1,0,0.0,0.08162402125595655,0.06746482878434253,0.027565684086581915,0.01,49,11,38
webis-touche2020,rr,15,0.01,weighted,179,802,371,1,0,0.0,0.06746482878434253,0.06746482878434253,0.027565684086581915,0.01,49,11,38
webis-touche2020,rr,15,0.01,active_judge,179,798,371,1,0,0.0,0.14867919744083366,0.06746482878434253,0.027565684086581915,0.01,49,11,38
webis-touche2020,rr,15,0.01,strat_pilot,179,820,371,1,0,0.0,0.06691713355864398,0.06746482878434253,0.027565684086581915,0.01,49,11,38
webis-touche2020,rr,15,0.01,weighted_cv,179,799,371,1,0,0.0,0.06328159085778866,0.06746482878434253,0.027565684086581915,0.01,49,11,38
webis-touche2020,rr,15,0.01,active_cv,179,789,371,1,0,0.0,0.15947214718576336,0.06746482878434253,0.027565684086581915,0.01,49,11,38
webis-touche2020,rr,15,0.01,weighted_cvl,179,798,371,1,0,0.0,0.057358687714538115,0.06746482878434253,0.027565684086581915,0.01,49,11,38
webis-touche2020,rr,15,0.01,uniform,180,791,362,1,0,0.0,0.08739658466306295,0.03863491143747648,0.0721031262339312,0.01,49,11,38
webis-touche2020,rr,15,0.01,uniform_nz,180,795,362,1,0,0.0,0.06315049071460486,0.03863491143747648,0.0721031262339312,0.01,49,11,38
webis-touche2020,rr,15,0.01,weighted,180,768,362,1,0,0.0,0.03863491143747648,0.03863491143747648,0.0721031262339312,0.01,49,11,38
webis-touche2020,rr,15,0.01,active_judge,180,758,362,1,0,0.0,0.12411019949272892,0.03863491143747648,0.0721031262339312,0.01,49,11,38
webis-touche2020,rr,15,0.01,strat_pilot,180,761,362,1,0,0.0,0.03833246701001236,0.03863491143747648,0.0721031262339312,0.01,49,11,38
webis-touche2020,rr,15,0.01,weighted_cv,180,770,362,1,0,0.0,0.030065140932145816,0.03863491143747648,0.0721031262339312,0.01,49,11,38
webis-touche2020,rr,15,0.01,active_cv,180,787,362,1,0,0.0,0.051202367652939396,0.03863491143747648,0.0721031262339312,0.01,49,11,38
webis-touche2020,rr,15,0.01,weighted_cvl,180,791,362,1,0,0.0,0.027796522392116114,0.03863491143747648,0.0721031262339312,0.01,49,11,38
webis-touche2020,rr,15,0.01,uniform,181,793,389,1,0,0.0,0.07426103335152019,0.027544676666858024,0.03488902245807615,0.01,49,11,38
webis-touche2020,rr,15,0.01,uniform_nz,181,812,389,1,0,0.0,0.03376453050321895,0.027544676666858024,0.03488902245807615,0.01,49,11,38
webis-touche2020,rr,15,0.01,weighted,181,816,389,1,0,0.0,0.027544676666858024,0.027544676666858024,0.03488902245807615,0.01,49,11,38
webis-touche2020,rr,15,0.01,active_judge,181,819,389,1,0,0.0,0.07832061764057122,0.027544676666858024,0.03488902245807615,0.01,49,11,38
webis-touche2020,rr,15,0.01,strat_pilot,181,810,389,1,0,0.0,0.027914327605378448,0.027544676666858024,0.03488902245807615,0.01,49,11,38
webis-touche2020,rr,15,0.01,weighted_cv,181,795,389,1,0,0.0,0.021593168660495342,0.027544676666858024,0.03488902245807615,0.01,49,11,38
webis-touche2020,rr,15,0.01,active_cv,181,817,389,0,0,0.0,0.05017512026369364,0.027544676666858024,0.03488902245807615,0.01,49,11,38
webis-touche2020,rr,15,0.01,weighted_cvl,181,795,389,1,0,0.0,0.02179233137526306,0.027544676666858024,0.03488902245807615,0.01,49,11,38
webis-touche2020,rr,15,0.01,uniform,182,833,393,1,0,0.0,0.09270163658763737,0.07391212709327205,0.043596272068271366,0.01,49,12,38
webis-touche2020,rr,15,0.01,uniform_nz,182,854,393,1,0,0.0,0.08382747659815995,0.07391212709327205,0.043596272068271366,0.01,49,12,38
webis-touche2020,rr,15,0.01,weighted,182,851,393,1,0,0.0,0.07391212709327205,0.07391212709327205,0.043596272068271366,0.01,49,12,38
webis-touche2020,rr,15,0.01,active_judge,182,847,393,1,0,0.0,0.15072820707609905,0.07391212709327205,0.043596272068271366,0.01,49,12,38
webis-touche2020,rr,15,0.01,strat_pilot,182,865,393,1,0,0.0,0.07422385955027871,0.07391212709327205,0.043596272068271366,0.01,49,12,38
webis-touche2020,rr,15,0.01,weighted_cv,182,831,393,1,0,0.0,0.06909282759326887,0.07391212709327205,0.043596272068271366,0.01,49,12,38
webis-touche2020,rr,15,0.01,active_cv,182,844,393,1,0,0.0,0.16082826358036356,0.07391212709327205,0.043596272068271366,0.01,49,12,38
webis-touche2020,rr,15,0.01,weighted_cvl,182,850,393,1,0,0.0,0.06533445041405114,0.07391212709327205,0.043596272068271366,0.01,49,12,38
webis-touche2020,rr,15,0.01,uniform,183,790,375,0,0,0.0,0.0728301845940619,0.051780393109762235,0.04195300705949481,0.01,49,12,38
webis-touche2020,rr,15,0.01,uniform_nz,183,832,375,1,0,0.0,0.05648481818104959,0.051780393109762235,0.04195300705949481,0.01,49,12,38
webis-touche2020,rr,15,0.01,weighted,183,838,375,1,0,0.0,0.051780393109762235,0.051780393109762235,0.04195300705949481,0.01,49,12,38
webis-touche2020,rr,15,0.01,active_judge,183,848,375,1,0,0.0,0.12186992054909271,0.051780393109762235,0.04195300705949481,0.01,49,12,38
webis-touche2020,rr,15,0.01,strat_pilot,183,827,375,1,0,0.0,0.05255911281584293,0.051780393109762235,0.04195300705949481,0.01,49,12,38
webis-touche2020,rr,15,0.01,weighted_cv,183,812,375,1,0,0.0,0.040812807936644414,0.051780393109762235,0.04195300705949481,0.01,49,12,38
webis-touche2020,rr,15,0.01,active_cv,183,854,375,0,0,0.0,0.06642947772527792,0.051780393109762235,0.04195300705949481,0.01,49,12,38
webis-touche2020,rr,15,0.01,weighted_cvl,183,836,375,1,0,0.0,0.03887044897187225,0.051780393109762235,0.04195300705949481,0.01,49,12,38
webis-touche2020,rr,15,0.01,uniform,184,787,378,0,0,0.0,0.06558220487522283,0.04458260291621829,0.05988691715397863,0.01,49,11,38
webis-touche2020,rr,15,0.01,uniform_nz,184,785,378,1,0,0.0,0.04773498600905248,0.04458260291621829,0.05988691715397863,0.01,49,11,38
webis-touche2020,rr,15,0.01,weighted,184,793,378,1,0,0.0,0.04458260291621829,0.04458260291621829,0.05988691715397863,0.01,49,11,38
webis-touche2020,rr,15,0.01,active_judge,184,800,378,1,0,0.0,0.09913390008676075,0.04458260291621829,0.05988691715397863,0.01,49,11,38
webis-touche2020,rr,15,0.01,strat_pilot,184,785,378,1,0,0.0,0.04527420235016339,0.04458260291621829,0.05988691715397863,0.01,49,11,38
webis-touche2020,rr,15,0.01,weighted_cv,184,790,378,1,0,0.0,0.04041883669750885,0.04458260291621829,0.05988691715397863,0.01,49,11,38
webis-touche2020,rr,15,0.01,active_cv,184,800,378,1,0,0.0,0.05543527240270803,0.04458260291621829,0.05988691715397863,0.01,49,11,38
webis-touche2020,rr,15,0.01,weighted_cvl,184,785,378,1,0,0.0,0.034847742301005305,0.04458260291621829,0.05988691715397863,0.01,49,11,38
webis-touche2020,rr,15,0.01,uniform,185,776,378,1,0,0.0,0.19815956574527147,0.03844985185949441,0.007982972909443494,0.01,49,11,36
webis-touche2020,rr,15,0.01,uniform_nz,185,774,378,0,0,0.0,0.0649819983917416,0.03844985185949441,0.007982972909443494,0.01,49,11,36
webis-touche2020,rr,15,0.01,weighted,185,768,378,1,0,0.0,0.03844985185949441,0.03844985185949441,0.007982972909443494,0.01,49,11,36
webis-touche2020,rr,15,0.01,active_judge,185,763,378,1,0,0.0,0.11196628121508527,0.03844985185949441,0.007982972909443494,0.01,49,11,36
webis-touche2020,rr,15,0.01,strat_pilot,185,791,378,1,0,0.0,0.038871918526396175,0.03844985185949441,0.007982972909443494,0.01,49,11,36
webis-touche2020,rr,15,0.01,weighted_cv,185,776,378,1,0,0.0,0.028352172123333234,0.03844985185949441,0.007982972909443494,0.01,49,11,36
webis-touche2020,rr,15,0.01,active_cv,185,769,378,1,0,0.0,0.0422181019559273,0.03844985185949441,0.007982972909443494,0.01,49,11,36
webis-touche2020,rr,15,0.01,weighted_cvl,185,759,378,1,0,0.0,0.029219352125680005,0.03844985185949441,0.007982972909443494,0.01,49,11,36
webis-touche2020,rr,15,0.01,uniform,186,809,382,0,0,0.0,0.07723067535209133,0.044550887431614984,0.017257883633842713,0.01,49,11,36
webis-touche2020,rr,15,0.01,uniform_nz,186,768,382,0,0,0.0,0.06777444261291934,0.044550887431614984,0.017257883633842713,0.01,49,11,36
webis-touche2020,rr,15,0.01,weighted,186,787,382,1,0,0.0,0.044550887431614984,0.044550887431614984,0.017257883633842713,0.01,49,11,36
webis-touche2020,rr,15,0.01,active_judge,186,791,382,1,0,0.0,0.11876704798804719,0.044550887431614984,0.017257883633842713,0.01,49,11,36
webis-touche2020,rr,15,0.01,strat_pilot,186,790,382,1,0,0.0,0.045578800686434814,0.044550887431614984,0.017257883633842713,0.01,49,11,36
webis-touche2020,rr,15,0.01,weighted_cv,186,742,382,1,0,0.0,0.03620136801087686,0.044550887431614984,0.017257883633842713,0.01,49,11,36
webis-touche2020,rr,15,0.01,active_cv,186,781,382,1,0,0.0,0.08444205730242732,0.044550887431614984,0.017257883633842713,0.01,49,11,36
webis-touche2020,rr,15,0.01,weighted_cvl,186,785,382,1,0,0.0,0.036628091904729834,0.044550887431614984,0.017257883633842713,0.01,49,11,36
webis-touche2020,rr,15,0.01,uniform,187,835,375,1,0,0.0,0.10664636618170711,0.07482844126800925,0.06825944063863029,0.01,49,12,38
webis-touche2020,rr,15,0.01,uniform_nz,187,849,375,1,0,0.0,0.08589031862770127,0.07482844126800925,0.06825944063863029,0.01,49,12,38
webis-touche2020,rr,15,0.01,weighted,187,834,375,1,0,0.0,0.07482844126800925,0.07482844126800925,0.06825944063863029,0.01,49,12,38
webis-touche2020,rr,15,0.01,active_judge,187,827,375,1,0,0.0,0.18387045736891044,0.07482844126800925,0.06825944063863029,0.01,49,12,38
webis-touche2020,rr,15,0.01,strat_pilot,187,809,375,1,0,0.0,0.07528753559754384,0.07482844126800925,0.06825944063863029,0.01,49,12,38
webis-touche2020,rr,15,0.01,weighted_cv,187,815,375,1,0,0.0,0.06859589959525494,0.07482844126800925,0.06825944063863029,0.01,49,12,38
webis-touche2020,rr,15,0.01,active_cv,187,849,375,1,0,0.0,0.162514868907732,0.07482844126800925,0.06825944063863029,0.01,49,12,38
webis-touche2020,rr,15,0.01,weighted_cvl,187,847,375,1,0,0.0,0.05876316014454126,0.07482844126800925,0.06825944063863029,0.01,49,12,38
webis-touche2020,rr,15,0.01,uniform,188,839,375,1,0,0.0,0.07883042622816157,0.05733792217016047,0.07486697625572303,0.01,49,12,38
webis-touche2020,rr,15,0.01,uniform_nz,188,827,375,1,0,0.0,0.06231548871476374,0.05733792217016047,0.07486697625572303,0.01,49,12,38
webis-touche2020,rr,15,0.01,weighted,188,842,375,1,0,0.0,0.05733792217016047,0.05733792217016047,0.07486697625572303,0.01,49,12,38
webis-touche2020,rr,15,0.01,active_judge,188,839,375,1,0,0.0,0.13807283128137499,0.05733792217016047,0.07486697625572303,0.01,49,12,38
webis-touche2020,rr,15,0.01,strat_pilot,188,827,375,1,0,0.0,0.05758695689634189,0.05733792217016047,0.07486697625572303,0.01,49,12,38
webis-touche2020,rr,15,0.01,weighted_cv,188,854,375,1,0,0.0,0.05011686733417396,0.05733792217016047,0.07486697625572303,0.01,49,12,38
webis-touche2020,rr,15,0.01,active_cv,188,831,375,1,0,0.0,0.09460589229283829,0.05733792217016047,0.07486697625572303,0.01,49,12,38
webis-touche2020,rr,15,0.01,weighted_cvl,188,848,375,1,0,0.0,0.0449914829753502,0.05733792217016047,0.07486697625572303,0.01,49,12,38
webis-touche2020,rr,15,0.01,uniform,189,792,379,1,0,0.0,0.07264089587069461,0.04978716236721844,0.04168634152225482,0.01,49,11,38
webis-touche2020,rr,15,0.01,uniform_nz,189,803,379,1,0,0.0,0.06016322564266104,0.04978716236721844,0.04168634152225482,0.01,49,11,38
webis-touche2020,rr,15,0.01,weighted,189,781,379,1,0,0.0,0.04978716236721844,0.04978716236721844,0.04168634152225482,0.01,49,11,38
webis-touche2020,rr,15,0.01,active_judge,189,797,379,1,0,0.0,0.11282658832495882,0.04978716236721844,0.04168634152225482,0.01,49,11,38
webis-touche2020,rr,15,0.01,strat_pilot,189,785,379,1,0,0.0,0.05140287462015467,0.04978716236721844,0.04168634152225482,0.01,49,11,38
webis-touche2020,rr,15,0.01,weighted_cv,189,789,379,1,0,0.0,0.04312586732161751,0.04978716236721844,0.04168634152225482,0.01,49,11,38
webis-touche2020,rr,15,0.01,active_cv,189,793,379,1,0,0.0,0.092419735603955,0.04978716236721844,0.04168634152225482,0.01,49,11,38
webis-touche2020,rr,15,0.01,weighted_cvl,189,805,379,1,0,0.0,0.04402093657509579,0.04978716236721844,0.04168634152225482,0.01,49,11,38
webis-touche2020,rr,15,0.01,uniform,190,816,381,1,0,0.0,0.20123832213347126,0.03835906792428799,0.04596435521312322,0.01,49,11,38
webis-touche2020,rr,15,0.01,uniform_nz,190,783,381,1,0,0.0,0.07457974416332032,0.03835906792428799,0.04596435521312322,0.01,49,11,38
webis-touche2020,rr,15,0.01,weighted,190,795,381,1,0,0.0,0.03835906792428799,0.03835906792428799,0.04596435521312322,0.01,49,11,38
webis-touche2020,rr,15,0.01,active_judge,190,777,381,1,0,0.0,0.1280161189735129,0.03835906792428799,0.04596435521312322,0.01,49,11,38
webis-touche2020,rr,15,0.01,strat_pilot,190,779,381,1,0,0.0,0.0384761824108198,0.03835906792428799,0.04596435521312322,0.01,49,11,38
webis-touche2020,rr,15,0.01,weighted_cv,190,797,381,1,0,0.0,0.022439441881911756,0.03835906792428799,0.04596435521312322,0.01,49,11,38
webis-touche2020,rr,15,0.01,active_cv,190,777,381,1,0,0.0,0.026009561522596585,0.03835906792428799,0.04596435521312322,0.01,49,11,38
webis-touche2020,rr,15,0.01,weighted_cvl,190,786,381,1,0,0.0,0.023873714862163675,0.03835906792428799,0.04596435521312322,0.01,49,11,38
webis-touche2020,rr,15,0.01,uniform,191,829,380,1,0,0.0,0.09713039591705064,0.07393542849146924,0.11945446112494168,0.01,49,12,38
webis-touche2020,rr,15,0.01,uniform_nz,191,860,380,1,0,0.0,0.07757992324511227,0.07393542849146924,0.11945446112494168,0.01,49,12,38
webis-touche2020,rr,15,0.01,weighted,191,841,380,1,0,0.0,0.07393542849146924,0.07393542849146924,0.11945446112494168,0.01,49,12,38
webis-touche2020,rr,15,0.01,active_judge,191,834,380,1,0,0.0,0.1984312338323539,0.07393542849146924,0.11945446112494168,0.01,49,12,38
webis-touche2020,rr,15,0.01,strat_pilot,191,814,380,1,0,0.0,0.07571209814337895,0.07393542849146924,0.11945446112494168,0.01,49,12,38
webis-touche2020,rr,15,0.01,weighted_cv,191,824,380,1,0,0.0,0.06304049389938896,0.07393542849146924,0.11945446112494168,0.01,49,12,38
webis-touche2020,rr,15,0.01,active_cv,191,831,380,1,0,0.0,0.12326816739079863,0.07393542849146924,0.11945446112494168,0.01,49,12,38
webis-touche2020,rr,15,0.01,weighted_cvl,191,841,380,1,0,0.0,0.059112832120156354,0.07393542849146924,0.11945446112494168,0.01,49,12,38
webis-touche2020,rr,15,0.01,uniform,192,781,371,0,0,0.0,0.07232291715337971,0.03885370382251735,0.011513858690329283,0.01,49,11,36
webis-touche2020,rr,15,0.01,uniform_nz,192,757,371,0,0,0.0,0.06650270465426253,0.03885370382251735,0.011513858690329283,0.01,49,11,36
webis-touche2020,rr,15,0.01,weighted,192,767,371,1,0,0.0,0.03885370382251735,0.03885370382251735,0.011513858690329283,0.01,49,11,36
webis-touche2020,rr,15,0.01,active_judge,192,766,371,1,0,0.0,0.1044611122235114,0.03885370382251735,0.011513858690329283,0.01,49,11,36
webis-touche2020,rr,15,0.01,strat_pilot,192,761,371,1,0,0.0,0.03818398243658296,0.03885370382251735,0.011513858690329283,0.01,49,11,36
webis-touche2020,rr,15,0.01,weighted_cv,192,779,371,1,0,0.0,0.028688754932933113,0.03885370382251735,0.011513858690329283,0.01,49,11,36
webis-touche2020,rr,15,0.01,active_cv,192,773,371,0,0,0.0,0.0586901066785433,0.03885370382251735,0.011513858690329283,0.01,49,11,36
webis-touche2020,rr,15,0.01,weighted_cvl,192,758,371,1,0,0.0,0.02696991555323259,0.03885370382251735,0.011513858690329283,0.01,49,11,36
webis-touche2020,rr,15,0.01,uniform,193,849,384,1,0,0.0,0.27336420545389173,0.10166404831680893,0.06307793907908323,0.01,49,12,38
webis-touche2020,rr,15,0.01,uniform_nz,193,830,384,1,0,0.0,0.17517146618560248,0.10166404831680893,0.06307793907908323,0.01,49,12,38
webis-touche2020,rr,15,0.01,weighted,193,820,384,1,0,0.0,0.10166404831680893,0.10166404831680893,0.06307793907908323,0.01,49,12,38
webis-touche2020,rr,15,0.01,active_judge,193,849,384,1,0,0.0,0.2723033334018945,0.10166404831680893,0.06307793907908323,0.01,49,12,38
webis-touche2020,rr,15,0.01,strat_pilot,193,828,384,1,0,0.0,0.10308200433413492,0.10166404831680893,0.06307793907908323,0.01,49,12,38
webis-touche2020,rr,15,0.01,weighted_cv,193,849,384,1,0,0.0,0.07500401940277476,0.10166404831680893,0.06307793907908323,0.01,49,12,38
webis-touche2020,rr,15,0.01,active_cv,193,837,384,1,0,0.0,0.14462274479976506,0.10166404831680893,0.06307793907908323,0.01,49,12,38
webis-touche2020,rr,15,0.01,weighted_cvl,193,812,384,1,0,0.0,0.07998291101472839,0.10166404831680893,0.06307793907908323,0.01,49,12,38
webis-touche2020,rr,15,0.01,uniform,194,759,388,0,0,0.000346325518657542,0.06129453005217589,0.044366049736144546,0.019453242835595762,0.009653674481342458,49,11,36
webis-touche2020,rr,15,0.01,uniform_nz,194,769,388,1,0,0.000346325518657542,0.05118865190060379,0.044366049736144546,0.019453242835595762,0.009653674481342458,49,11,36
webis-touche2020,rr,15,0.01,weighted,194,787,388,0,0,0.000346325518657542,0.044366049736144546,0.044366049736144546,0.019453242835595762,0.009653674481342458,49,11,36
webis-touche2020,rr,15,0.01,active_judge,194,769,388,1,0,0.000346325518657542,0.08578213229658421,0.044366049736144546,0.019453242835595762,0.009653674481342458,49,11,36
webis-touche2020,rr,15,0.01,strat_pilot,194,784,388,0,0,0.000346325518657542,0.04474279757724123,0.044366049736144546,0.019453242835595762,0.009653674481342458,49,11,36
webis-touche2020,rr,15,0.01,weighted_cv,194,786,388,1,0,0.000346325518657542,0.03976012523451296,0.044366049736144546,0.019453242835595762,0.009653674481342458,49,11,36
webis-touche2020,rr,15,0.01,active_cv,194,777,388,1,0,0.000346325518657542,0.06813285745390614,0.044366049736144546,0.019453242835595762,0.009653674481342458,49,11,36
webis-touche2020,rr,15,0.01,weighted_cvl,194,782,388,1,0,0.000346325518657542,0.037564953863032734,0.044366049736144546,0.019453242835595762,0.009653674481342458,49,11,36
webis-touche2020,rr,15,0.01,uniform,195,789,382,1,0,0.0,0.2287084981620041,0.04966007510915965,0.07234184922379833,0.01,49,11,38
webis-touche2020,rr,15,0.01,uniform_nz,195,826,382,1,0,0.0,0.08659419454966852,0.04966007510915965,0.07234184922379833,0.01,49,11,38
webis-touche2020,rr,15,0.01,weighted,195,811,382,1,0,0.0,0.04966007510915965,0.04966007510915965,0.07234184922379833,0.01,49,11,38
webis-touche2020,rr,15,0.01,active_judge,195,797,382,1,0,0.0,0.16351723145907077,0.04966007510915965,0.07234184922379833,0.01,49,11,38
webis-touche2020,rr,15,0.01,strat_pilot,195,795,382,1,0,0.0,0.05294542997829029,0.04966007510915965,0.07234184922379833,0.01,49,11,38
webis-touche2020,rr,15,0.01,weighted_cv,195,802,382,1,0,0.0,0.029614120834824353,0.04966007510915965,0.07234184922379833,0.01,49,11,38
webis-touche2020,rr,15,0.01,active_cv,195,791,382,1,0,0.0,0.03809709114757749,0.04966007510915965,0.07234184922379833,0.01,49,11,38
webis-touche2020,rr,15,0.01,weighted_cvl,195,800,382,1,0,0.0,0.029971195036406738,0.04966007510915965,0.07234184922379833,0.01,49,11,38
webis-touche2020,rr,15,0.01,uniform,196,779,385,0,0,0.0,0.06637448530682297,0.028882473825395133,0.013178194354664932,0.01,49,11,36
webis-touche2020,rr,15,0.01,uniform_nz,196,785,385,0,0,0.0,0.05229042925719467,0.028882473825395133,0.013178194354664932,0.01,49,11,36
webis-touche2020,rr,15,0.01,weighted,196,794,385,0,0,0.0,0.028882473825395133,0.028882473825395133,0.013178194354664932,0.01,49,11,36
webis-touche2020,rr,15,0.01,active_judge,196,765,385,0,0,0.0,0.08397686436486884,0.028882473825395133,0.013178194354664932,0.01,49,11,36
webis-touche2020,rr,15,0.01,strat_pilot,196,774,385,0,0,0.0,0.02713261657465771,0.028882473825395133,0.013178194354664932,0.01,49,11,36
webis-touche2020,rr,15,0.01,weighted_cv,196,808,385,1,0,0.0,0.021054281838650424,0.028882473825395133,0.013178194354664932,0.01,49,11,36
webis-touche2020,rr,15,0.01,active_cv,196,790,385,0,0,0.0,0.036569693362957595,0.028882473825395133,0.013178194354664932,0.01,49,11,36
webis-touche2020,rr,15,0.01,weighted_cvl,196,762,385,0,0,0.0,0.020141643346253343,0.028882473825395133,0.013178194354664932,0.01,49,11,36
webis-touche2020,rr,15,0.01,uniform,197,754,387,0,0,0.0,0.07818990161864132,0.03043525080336155,0.037406835473197037,0.01,49,11,36
webis-touche2020,rr,15,0.01,uniform_nz,197,793,387,1,0,0.0,0.053071248819409576,0.03043525080336155,0.037406835473197037,0.01,49,11,36
webis-touche2020,rr,15,0.01,weighted,197,786,387,1,0,0.0,0.03043525080336155,0.03043525080336155,0.037406835473197037,0.01,49,11,36
webis-touche2020,rr,15,0.01,active_judge,197,786,387,1,0,0.0,0.09573968095181638,0.03043525080336155,0.037406835473197037,0.01,49,11,36
webis-touche2020,rr,15,0.01,strat_pilot,197,802,387,1,0,0.0,0.029849670556133794,0.03043525080336155,0.037406835473197037,0.01,49,11,36
webis-touche2020,rr,15,0.01,weighted_cv,197,794,387,1,0,0.0,0.023922138794343697,0.03043525080336155,0.037406835473197037,0.01,49,11,36
webis-touche2020,rr,15,0.01,active_cv,197,782,387,1,0,0.0,0.04190151520447285,0.03043525080336155,0.037406835473197037,0.01,49,11,36
webis-touche2020,rr,15,0.01,weighted_cvl,197,787,387,1,0,0.0,0.02387640562744129,0.03043525080336155,0.037406835473197037,0.01,49,11,36
webis-touche2020,rr,15,0.01,uniform,198,745,374,1,0,0.0,0.0887385943428343,0.041254289225664105,0.012674089068825918,0.01,49,11,36
webis-touche2020,rr,15,0.01,uniform_nz,198,731,374,1,0,0.0,0.0641493708471659,0.041254289225664105,0.012674089068825918,0.01,49,11,36
webis-touche2020,rr,15,0.01,weighted,198,767,374,1,0,0.0,0.041254289225664105,0.041254289225664105,0.012674089068825918,0.01,49,11,36
webis-touche2020,rr,15,0.01,active_judge,198,781,374,0,0,0.0,0.10769233128516884,0.041254289225664105,0.012674089068825918,0.01,49,11,36
webis-touche2020,rr,15,0.01,strat_pilot,198,761,374,1,0,0.0,0.041435112610819655,0.041254289225664105,0.012674089068825918,0.01,49,11,36
webis-touche2020,rr,15,0.01,weighted_cv,198,787,374,1,0,0.0,0.0317307434832261,0.041254289225664105,0.012674089068825918,0.01,49,11,36
webis-touche2020,rr,15,0.01,active_cv,198,737,374,0,0,0.0,0.05885607258758789,0.041254289225664105,0.012674089068825918,0.01,49,11,36
webis-touche2020,rr,15,0.01,weighted_cvl,198,764,374,1,0,0.0,0.030077096544878258,0.041254289225664105,0.012674089068825918,0.01,49,11,36
webis-touche2020,rr,15,0.01,uniform,199,875,373,1,0,0.0,0.10897402760053188,0.08187771867034507,0.11489462574005492,0.01,49,12,38
webis-touche2020,rr,15,0.01,uniform_nz,199,824,373,1,0,0.0,0.08984657015247113,0.08187771867034507,0.11489462574005492,0.01,49,12,38
webis-touche2020,rr,15,0.01,weighted,199,817,373,1,0,0.0,0.08187771867034507,0.08187771867034507,0.11489462574005492,0.01,49,12,38
webis-touche2020,rr,15,0.01,active_judge,199,856,373,1,0,0.0,0.19187048907442,0.08187771867034507,0.11489462574005492,0.01,49,12,38
webis-touche2020,rr,15,0.01,strat_pilot,199,841,373,1,0,0.0,0.08261599851538663,0.08187771867034507,0.11489462574005492,0.01,49,12,38
webis-touche2020,rr,15,0.01,weighted_cv,199,845,373,1,0,0.0,0.07126461332079305,0.08187771867034507,0.11489462574005492,0.01,49,12,38
webis-touche2020,rr,15,0.01,active_cv,199,858,373,1,0,0.0,0.12758058413565426,0.08187771867034507,0.11489462574005492,0.01,49,12,38
webis-touche2020,rr,15,0.01,weighted_cvl,199,819,373,1,0,0.0,0.07107609261992222,0.08187771867034507,0.11489462574005492,0.01,49,12,38
webis-touche2020,rr,15,0.01,uniform,200,798,373,1,0,0.0,0.1065305260613498,0.05905556648042809,0.0889229151767851,0.01,49,11,38
webis-touche2020,rr,15,0.01,uniform_nz,200,798,373,1,0,0.0,0.08396605538430005,0.05905556648042809,0.0889229151767851,0.01,49,11,38
webis-touche2020,rr,15,0.01,weighted,200,795,373,1,0,0.0,0.05905556648042809,0.05905556648042809,0.0889229151767851,0.01,49,11,38
webis-touche2020,rr,15,0.01,active_judge,200,767,373,1,0,0.0,0.15932329203495338,0.05905556648042809,0.0889229151767851,0.01,49,11,38
webis-touche2020,rr,15,0.01,strat_pilot,200,787,373,1,0,0.0,0.06084813132143627,0.05905556648042809,0.0889229151767851,0.01,49,11,38
webis-touche2020,rr,15,0.01,weighted_cv,200,783,373,1,0,0.0,0.050985169905548765,0.05905556648042809,0.0889229151767851,0.01,49,11,38
webis-touche2020,rr,15,0.01,active_cv,200,776,373,1,0,0.0,0.08858874569200229,0.05905556648042809,0.0889229151767851,0.01,49,11,38
webis-touche2020,rr,15,0.01,weighted_cvl,200,813,373,1,0,0.0,0.044200731331091855,0.05905556648042809,0.0889229151767851,0.01,49,11,38
webis-touche2020,rr,15,0.01,uniform,201,772,377,0,0,0.0017010554448161352,0.24915551952442955,0.052112214209150874,0.01311405914347091,0.008298944555183865,49,11,36
webis-touche2020,rr,15,0.01,uniform_nz,201,776,377,1,0,0.0017010554448161352,0.10069803139999527,0.052112214209150874,0.01311405914347091,0.008298944555183865,49,11,36
webis-touche2020,rr,15,0.01,weighted,201,785,377,1,0,0.0017010554448161352,0.052112214209150874,0.052112214209150874,0.01311405914347091,0.008298944555183865,49,11,36
webis-touche2020,rr,15,0.01,active_judge,201,778,377,0,0,0.0017010554448161352,0.14768813568447556,0.052112214209150874,0.01311405914347091,0.008298944555183865,49,11,36
webis-touche2020,rr,15,0.01,strat_pilot,201,756,377,0,0,0.0017010554448161352,0.05195052764597324,0.052112214209150874,0.01311405914347091,0.008298944555183865,49,11,36
webis-touche2020,rr,15,0.01,weighted_cv,201,768,377,1,0,0.0017010554448161352,0.03739570949097816,0.052112214209150874,0.01311405914347091,0.008298944555183865,49,11,36
webis-touche2020,rr,15,0.01,active_cv,201,772,377,0,0,0.0017010554448161352,0.09259809830218306,0.052112214209150874,0.01311405914347091,0.008298944555183865,49,11,36
webis-touche2020,rr,15,0.01,weighted_cvl,201,767,377,1,0,0.0017010554448161352,0.035141269311107205,0.052112214209150874,0.01311405914347091,0.008298944555183865,49,11,36
webis-touche2020,rr,15,0.01,uniform,202,833,391,1,0,0.0,0.2537078495978467,0.07039414142822509,0.027015697904444705,0.01,49,11,38
webis-touche2020,rr,15,0.01,uniform_nz,202,790,391,1,0,0.0,0.11662572635455704,0.07039414142822509,0.027015697904444705,0.01,49,11,38
webis-touche2020,rr,15,0.01,weighted,202,830,391,1,0,0.0,0.07039414142822509,0.07039414142822509,0.027015697904444705,0.01,49,11,38
webis-touche2020,rr,15,0.01,active_judge,202,812,391,1,0,0.0,0.21206544814166076,0.07039414142822509,0.027015697904444705,0.01,49,11,38
webis-touche2020,rr,15,0.01,strat_pilot,202,832,391,1,0,0.0,0.0707504069172547,0.07039414142822509,0.027015697904444705,0.01,49,11,38
webis-touche2020,rr,15,0.01,weighted_cv,202,821,391,1,0,0.0,0.05254890931067678,0.07039414142822509,0.027015697904444705,0.01,49,11,38
webis-touche2020,rr,15,0.01,active_cv,202,798,391,1,0,0.0,0.11434768681285656,0.07039414142822509,0.027015697904444705,0.01,49,11,38
webis-touche2020,rr,15,0.01,weighted_cvl,202,796,391,1,0,0.0,0.04886855995904441,0.07039414142822509,0.027015697904444705,0.01,49,11,38
webis-touche2020,rr,15,0.01,uniform,203,807,381,1,0,0.0,0.06510926603948301,0.02971064985813237,0.026635628988401897,0.01,49,11,38
webis-touche2020,rr,15,0.01,uniform_nz,203,794,381,1,0,0.0,0.036785191716078545,0.02971064985813237,0.026635628988401897,0.01,49,11,38
webis-touche2020,rr,15,0.01,weighted,203,798,381,1,0,0.0,0.02971064985813237,0.02971064985813237,0.026635628988401897,0.01,49,11,38
webis-touche2020,rr,15,0.01,active_judge,203,784,381,1,0,0.0,0.06564015465379901,0.02971064985813237,0.026635628988401897,0.01,49,11,38
webis-touche2020,rr,15,0.01,strat_pilot,203,810,381,1,0,0.0,0.029973719066102404,0.02971064985813237,0.026635628988401897,0.01,49,11,38
webis-touche2020,rr,15,0.01,weighted_cv,203,776,381,1,0,0.0,0.0258536926233232,0.02971064985813237,0.026635628988401897,0.01,49,11,38
webis-touche2020,rr,15,0.01,active_cv,203,821,381,1,0,0.0,0.04306460945640667,0.02971064985813237,0.026635628988401897,0.01,49,11,38
webis-touche2020,rr,15,0.01,weighted_cvl,203,783,381,1,0,0.0,0.0242394182455386,0.02971064985813237,0.026635628988401897,0.01,49,11,38
webis-touche2020,rr,15,0.01,uniform,204,807,372,1,0,0.0,0.06645038964752709,0.049559171801729376,0.0809848207006771,0.01,49,12,38
webis-touche2020,rr,15,0.01,uniform_nz,204,831,372,1,0,0.0,0.05208800044013795,0.049559171801729376,0.0809848207006771,0.01,49,12,38
webis-touche2020,rr,15,0.01,weighted,204,817,372,1,0,0.0,0.049559171801729376,0.049559171801729376,0.0809848207006771,0.01,49,12,38
webis-touche2020,rr,15,0.01,active_judge,204,799,372,1,0,0.0,0.12800141266301812,0.049559171801729376,0.0809848207006771,0.01,49,12,38
webis-touche2020,rr,15,0.01,strat_pilot,204,828,372,1,0,0.0,0.05116597613384868,0.049559171801729376,0.0809848207006771,0.01,49,12,38
webis-touche2020,rr,15,0.01,weighted_cv,204,855,372,1,0,0.0,0.0398986189681706,0.049559171801729376,0.0809848207006771,0.01,49,12,38
webis-touche2020,rr,15,0.01,active_cv,204,812,372,1,0,0.0,0.06644241768706391,0.049559171801729376,0.0809848207006771,0.01,49,12,38
webis-touche2020,rr,15,0.01,weighted_cvl,204,812,372,1,0,0.0,0.037117541722507925,0.049559171801729376,0.0809848207006771,0.01,49,12,38
webis-touche2020,rr,15,0.01,uniform,205,821,389,1,0,0.0,0.0853498624681875,0.04308244727920192,0.05261500121003417,0.01,49,11,38
webis-touche2020,rr,15,0.01,uniform_nz,205,786,389,1,0,0.0,0.07135545690027803,0.04308244727920192,0.05261500121003417,0.01,49,11,38
webis-touche2020,rr,15,0.01,weighted,205,786,389,1,0,0.0,0.04308244727920192,0.04308244727920192,0.05261500121003417,0.01,49,11,38
webis-touche2020,rr,15,0.01,active_judge,205,784,389,1,0,0.0,0.13385148559470353,0.04308244727920192,0.05261500121003417,0.01,49,11,38
webis-touche2020,rr,15,0.01,strat_pilot,205,800,389,1,0,0.0,0.043574535652404114,0.04308244727920192,0.05261500121003417,0.01,49,11,38
webis-touche2020,rr,15,0.01,weighted_cv,205,795,389,1,0,0.0,0.038308986439619455,0.04308244727920192,0.05261500121003417,0.01,49,11,38
webis-touche2020,rr,15,0.01,active_cv,205,792,389,1,0,0.0,0.07648090851132996,0.04308244727920192,0.05261500121003417,0.01,49,11,38
webis-touche2020,rr,15,0.01,weighted_cvl,205,831,389,1,0,0.0,0.03322876614644159,0.04308244727920192,0.05261500121003417,0.01,49,11,38
webis-touche2020,rr,15,0.01,uniform,206,788,372,0,0,0.04642354696704587,0.049341767877794936,0.024447956446606706,0.005840615126387108,-0.03642354696704587,49,11,38
webis-touche2020,rr,15,0.01,uniform_nz,206,798,372,0,0,0.04642354696704587,0.03535038347048942,0.024447956446606706,0.005840615126387108,-0.03642354696704587,49,11,38
webis-touche2020,rr,15,0.01,weighted,206,795,372,0,0,0.04642354696704587,0.024447956446606706,0.024447956446606706,0.005840615126387108,-0.03642354696704587,49,11,38
webis-touche2020,rr,15,0.01,active_judge,206,782,372,0,0,0.04642354696704587,0.05594108867366391,0.024447956446606706,0.005840615126387108,-0.03642354696704587,49,11,38
webis-touche2020,rr,15,0.01,strat_pilot,206,797,372,0,0,0.04642354696704587,0.024609428926766312,0.024447956446606706,0.005840615126387108,-0.03642354696704587,49,11,38
webis-touche2020,rr,15,0.01,weighted_cv,206,785,372,0,0,0.04642354696704587,0.022712735893853968,0.024447956446606706,0.005840615126387108,-0.03642354696704587,49,11,38
webis-touche2020,rr,15,0.01,active_cv,206,797,372,0,0,0.04642354696704587,0.05267357190435081,0.024447956446606706,0.005840615126387108,-0.03642354696704587,49,11,38
webis-touche2020,rr,15,0.01,weighted_cvl,206,781,372,0,0,0.04642354696704587,0.021236769974122667,0.024447956446606706,0.005840615126387108,-0.03642354696704587,49,11,38
webis-touche2020,rr,15,0.01,uniform,207,883,378,1,0,0.0,0.10339312155629758,0.050997112947751055,0.04778443255492655,0.01,49,12,38
webis-touche2020,rr,15,0.01,uniform_nz,207,816,378,1,0,0.0,0.06661959890813834,0.050997112947751055,0.04778443255492655,0.01,49,12,38
webis-touche2020,rr,15,0.01,weighted,207,863,378,1,0,0.0,0.050997112947751055,0.050997112947751055,0.04778443255492655,0.01,49,12,38
webis-touche2020,rr,15,0.01,active_judge,207,825,378,1,0,0.0,0.09400709852461328,0.050997112947751055,0.04778443255492655,0.01,49,12,38
webis-touche2020,rr,15,0.01,strat_pilot,207,855,378,1,0,0.0,0.05175174714630752,0.050997112947751055,0.04778443255492655,0.01,49,12,38
webis-touche2020,rr,15,0.01,weighted_cv,207,820,378,1,0,0.0,0.041625133832466674,0.050997112947751055,0.04778443255492655,0.01,49,12,38
webis-touche2020,rr,15,0.01,active_cv,207,852,378,1,0,0.0,0.08801768778448209,0.050997112947751055,0.04778443255492655,0.01,49,12,38
webis-touche2020,rr,15,0.01,weighted_cvl,207,820,378,1,0,0.0,0.03651801441830894,0.050997112947751055,0.04778443255492655,0.01,49,12,38
webis-touche2020,rr,15,0.01,uniform,208,797,378,1,0,0.0,0.07035472423657362,0.05146454498178289,0.06270084983242875,0.01,49,11,38
webis-touche2020,rr,15,0.01,uniform_nz,208,778,378,1,0,0.0,0.060217696786943255,0.05146454498178289,0.06270084983242875,0.01,49,11,38
webis-touche2020,rr,15,0.01,weighted,208,806,378,1,0,0.0,0.05146454498178289,0.05146454498178289,0.06270084983242875,0.01,49,11,38
webis-touche2020,rr,15,0.01,active_judge,208,799,378,1,0,0.0,0.1049009521934557,0.05146454498178289,0.06270084983242875,0.01,49,11,38
webis-touche2020,rr,15,0.01,strat_pilot,208,786,378,1,0,0.0,0.05210807428802637,0.05146454498178289,0.06270084983242875,0.01,49,11,38
webis-touche2020,rr,15,0.01,weighted_cv,208,797,378,1,0,0.0,0.04975916709152533,0.05146454498178289,0.06270084983242875,0.01,49,11,38
webis-touche2020,rr,15,0.01,active_cv,208,774,378,1,0,0.0,0.1137484488428145,0.05146454498178289,0.06270084983242875,0.01,49,11,38
webis-touche2020,rr,15,0.01,weighted_cvl,208,776,378,1,0,0.0,0.041662840936851575,0.05146454498178289,0.06270084983242875,0.01,49,11,38
webis-touche2020,rr,15,0.01,uniform,209,791,376,1,0,0.0,0.07409010138687891,0.04098684544297484,0.042709349474055344,0.01,49,11,38
webis-touche2020,rr,15,0.01,uniform_nz,209,796,376,1,0,0.0,0.045433377394134736,0.04098684544297484,0.042709349474055344,0.01,49,11,38
webis-touche2020,rr,15,0.01,weighted,209,791,376,1,0,0.0,0.04098684544297484,0.04098684544297484,0.042709349474055344,0.01,49,11,38
webis-touche2020,rr,15,0.01,active_judge,209,809,376,1,0,0.0,0.09178094294716879,0.04098684544297484,0.042709349474055344,0.01,49,11,38
webis-touche2020,rr,15,0.01,strat_pilot,209,793,376,1,0,0.0,0.04137687783230269,0.04098684544297484,0.042709349474055344,0.01,49,11,38
webis-touche2020,rr,15,0.01,weighted_cv,209,815,376,1,0,0.0,0.035970952466788234,0.04098684544297484,0.042709349474055344,0.01,49,11,38
webis-touche2020,rr,15,0.01,active_cv,209,778,376,1,0,0.0,0.06280788106415959,0.04098684544297484,0.042709349474055344,0.01,49,11,38
webis-touche2020,rr,15,0.01,weighted_cvl,209,788,376,1,0,0.0,0.03303401856408752,0.04098684544297484,0.042709349474055344,0.01,49,11,38
webis-touche2020,rr,15,0.01,uniform,210,753,372,0,0,0.0,0.06497651206156543,0.039422884638338276,0.018550949394602632,0.01,49,11,36
webis-touche2020,rr,15,0.01,uniform_nz,210,764,372,0,0,0.0,0.04838539685835243,0.039422884638338276,0.018550949394602632,0.01,49,11,36
webis-touche2020,rr,15,0.01,weighted,210,764,372,1,0,0.0,0.039422884638338276,0.039422884638338276,0.018550949394602632,0.01,49,11,36
webis-touche2020,rr,15,0.01,active_judge,210,763,372,1,0,0.0,0.08695084119003475,0.039422884638338276,0.018550949394602632,0.01,49,11,36
webis-touche2020,rr,15,0.01,strat_pilot,210,755,372,1,0,0.0,0.040220085810332665,0.039422884638338276,0.018550949394602632,0.01,49,11,36
webis-touche2020,rr,15,0.01,weighted_cv,210,744,372,1,0,0.0,0.035591600475062185,0.039422884638338276,0.018550949394602632,0.01,49,11,36
webis-touche2020,rr,15,0.01,active_cv,210,749,372,1,0,0.0,0.08108184247127437,0.039422884638338276,0.018550949394602632,0.01,49,11,36
webis-touche2020,rr,15,0.01,weighted_cvl,210,761,372,1,0,0.0,0.03467819905433045,0.039422884638338276,0.018550949394602632,0.01,49,11,36
webis-touche2020,rr,15,0.01,uniform,211,837,385,1,0,0.0,0.08233533893640191,0.05544490296443412,0.059491354056571466,0.01,49,12,38
webis-touche2020,rr,15,0.01,uniform_nz,211,835,385,1,0,0.0,0.06192408768915072,0.05544490296443412,0.059491354056571466,0.01,49,12,38
webis-touche2020,rr,15,0.01,weighted,211,843,385,1,0,0.0,0.05544490296443412,0.05544490296443412,0.059491354056571466,0.01,49,12,38
webis-touche2020,rr,15,0.01,active_judge,211,836,385,1,0,0.0,0.16506022724491545,0.05544490296443412,0.059491354056571466,0.01,49,12,38
webis-touche2020,rr,15,0.01,strat_pilot,211,847,385,1,0,0.0,0.05578924677113665,0.05544490296443412,0.059491354056571466,0.01,49,12,38
webis-touche2020,rr,15,0.01,weighted_cv,211,843,385,1,0,0.0,0.05391728224418744,0.05544490296443412,0.059491354056571466,0.01,49,12,38
webis-touche2020,rr,15,0.01,active_cv,211,839,385,1,0,0.0,0.12341987050286347,0.05544490296443412,0.059491354056571466,0.01,49,12,38
webis-touche2020,rr,15,0.01,weighted_cvl,211,829,385,1,0,0.0,0.0468493380375412,0.05544490296443412,0.059491354056571466,0.01,49,12,38
webis-touche2020,rr,15,0.01,uniform,212,790,369,1,0,0.0,0.29166908453135265,0.09504394872719094,0.04069472546206933,0.01,49,12,38
webis-touche2020,rr,15,0.01,uniform_nz,212,848,369,1,0,0.0,0.16970256363024486,0.09504394872719094,0.04069472546206933,0.01,49,12,38
webis-touche2020,rr,15,0.01,weighted,212,820,369,1,0,0.0,0.09504394872719094,0.09504394872719094,0.04069472546206933,0.01,49,12,38
webis-touche2020,rr,15,0.01,active_judge,212,837,369,1,0,0.0,0.26669404450180595,0.09504394872719094,0.04069472546206933,0.01,49,12,38
webis-touche2020,rr,15,0.01,strat_pilot,212,842,369,1,0,0.0,0.0972044387841137,0.09504394872719094,0.04069472546206933,0.01,49,12,38
webis-touche2020,rr,15,0.01,weighted_cv,212,828,369,1,0,0.0,0.06120966309166979,0.09504394872719094,0.04069472546206933,0.01,49,12,38
webis-touche2020,rr,15,0.01,active_cv,212,805,369,1,0,0.0,0.12326696502795711,0.09504394872719094,0.04069472546206933,0.01,49,12,38
webis-touche2020,rr,15,0.01,weighted_cvl,212,819,369,1,0,0.0,0.061648086500501895,0.09504394872719094,0.04069472546206933,0.01,49,12,38
webis-touche2020,rr,15,0.01,uniform,213,777,386,0,0,0.0,0.08070664036891,0.056347875262020085,0.0271623649827984,0.01,49,11,38
webis-touche2020,rr,15,0.01,uniform_nz,213,792,386,1,0,0.0,0.06832457406814052,0.056347875262020085,0.0271623649827984,0.01,49,11,38
webis-touche2020,rr,15,0.01,weighted,213,818,386,1,0,0.0,0.056347875262020085,0.056347875262020085,0.0271623649827984,0.01,49,11,38
webis-touche2020,rr,15,0.01,active_judge,213,801,386,1,0,0.0,0.12244096989547484,0.056347875262020085,0.0271623649827984,0.01,49,11,38
webis-touche2020,rr,15,0.01,strat_pilot,213,793,386,1,0,0.0,0.056364669699170554,0.056347875262020085,0.0271623649827984,0.01,49,11,38
webis-touche2020,rr,15,0.01,weighted_cv,213,811,386,1,0,0.0,0.05316061498559042,0.056347875262020085,0.0271623649827984,0.01,49,11,38
webis-touche2020,rr,15,0.01,active_cv,213,796,386,1,0,0.0,0.15358085617096823,0.056347875262020085,0.0271623649827984,0.01,49,11,38
webis-touche2020,rr,15,0.01,weighted_cvl,213,813,386,1,0,0.0,0.0490214356782475,0.056347875262020085,0.0271623649827984,0.01,49,11,38
webis-touche2020,rr,15,0.01,uniform,214,849,381,1,0,0.0,0.08682543815045708,0.05856355753185272,0.05397910565091174,0.01,49,12,38
webis-touche2020,rr,15,0.01,uniform_nz,214,848,381,1,0,0.0,0.07028743036460774,0.05856355753185272,0.05397910565091174,0.01,49,12,38
webis-touche2020,rr,15,0.01,weighted,214,821,381,1,0,0.0,0.05856355753185272,0.05856355753185272,0.05397910565091174,0.01,49,12,38
webis-touche2020,rr,15,0.01,active_judge,214,836,381,1,0,0.0,0.12482605314807263,0.05856355753185272,0.05397910565091174,0.01,49,12,38
webis-touche2020,rr,15,0.01,strat_pilot,214,847,381,1,0,0.0,0.05893348055794832,0.05856355753185272,0.05397910565091174,0.01,49,12,38
webis-touche2020,rr,15,0.01,weighted_cv,214,840,381,1,0,0.0,0.04950563946282423,0.05856355753185272,0.05397910565091174,0.01,49,12,38
webis-touche2020,rr,15,0.01,active_cv,214,823,381,1,0,0.0,0.09848233841495121,0.05856355753185272,0.05397910565091174,0.01,49,12,38
webis-touche2020,rr,15,0.01,weighted_cvl,214,829,381,1,0,0.0,0.044355737630615,0.05856355753185272,0.05397910565091174,0.01,49,12,38
webis-touche2020,rr,15,0.01,uniform,215,765,374,0,0,0.04153858193588733,0.07599328675350016,0.030693444108175462,0.005349379808358118,-0.03153858193588733,49,11,38
webis-touche2020,rr,15,0.01,uniform_nz,215,775,374,0,0,0.04153858193588733,0.043587899801100685,0.030693444108175462,0.005349379808358118,-0.03153858193588733,49,11,38
webis-touche2020,rr,15,0.01,weighted,215,802,374,0,0,0.04153858193588733,0.030693444108175462,0.030693444108175462,0.005349379808358118,-0.03153858193588733,49,11,38
webis-touche2020,rr,15,0.01,active_judge,215,792,374,0,0,0.04153858193588733,0.0739486034953381,0.030693444108175462,0.005349379808358118,-0.03153858193588733,49,11,38
webis-touche2020,rr,15,0.01,strat_pilot,215,796,374,0,0,0.04153858193588733,0.03110314985386667,0.030693444108175462,0.005349379808358118,-0.03153858193588733,49,11,38
webis-touche2020,rr,15,0.01,weighted_cv,215,788,374,0,0,0.04153858193588733,0.025314342694467352,0.030693444108175462,0.005349379808358118,-0.03153858193588733,49,11,38
webis-touche2020,rr,15,0.01,active_cv,215,799,374,0,0,0.04153858193588733,0.04990377264938045,0.030693444108175462,0.005349379808358118,-0.03153858193588733,49,11,38
webis-touche2020,rr,15,0.01,weighted_cvl,215,792,374,0,0,0.04153858193588733,0.024227666205680575,0.030693444108175462,0.005349379808358118,-0.03153858193588733,49,11,38
webis-touche2020,rr,15,0.01,uniform,216,826,380,1,0,0.0,0.1069130241201243,0.08156320093035543,0.07193348515356629,0.01,49,12,38
webis-touche2020,rr,15,0.01,uniform_nz,216,844,380,1,0,0.0,0.09315140917379108,0.08156320093035543,0.07193348515356629,0.01,49,12,38
webis-touche2020,rr,15,0.01,weighted,216,832,380,1,0,0.0,0.08156320093035543,0.08156320093035543,0.07193348515356629,0.01,49,12,38
webis-touche2020,rr,15,0.01,active_judge,216,828,380,1,0,0.0,0.18505860120510137,0.08156320093035543,0.07193348515356629,0.01,49,12,38
webis-touche2020,rr,15,0.01,strat_pilot,216,865,380,1,0,0.0,0.0824359927234122,0.08156320093035543,0.07193348515356629,0.01,49,12,38
webis-touche2020,rr,15,0.01,weighted_cv,216,853,380,1,0,0.0,0.0715314560155253,0.08156320093035543,0.07193348515356629,0.01,49,12,38
webis-touche2020,rr,15,0.01,active_cv,216,847,380,1,0,0.0,0.13062551892154056,0.08156320093035543,0.07193348515356629,0.01,49,12,38
webis-touche2020,rr,15,0.01,weighted_cvl,216,876,380,1,0,0.0,0.06865848633796563,0.08156320093035543,0.07193348515356629,0.01,49,12,38
webis-touche2020,rr,15,0.01,uniform,217,773,372,1,0,0.0,0.06589852344657353,0.04572325148744203,0.09647566035625874,0.01,49,12,38
webis-touche2020,rr,15,0.01,uniform_nz,217,821,372,1,0,0.0,0.04970644382650712,0.04572325148744203,0.09647566035625874,0.01,49,12,38
webis-touche2020,rr,15,0.01,weighted,217,830,372,1,0,0.0,0.04572325148744203,0.04572325148744203,0.09647566035625874,0.01,49,12,38
webis-touche2020,rr,15,0.01,active_judge,217,831,372,1,0,0.0,0.10484239672878597,0.04572325148744203,0.09647566035625874,0.01,49,12,38
webis-touche2020,rr,15,0.01,strat_pilot,217,821,372,1,0,0.0,0.04699326568092236,0.04572325148744203,0.09647566035625874,0.01,49,12,38
webis-touche2020,rr,15,0.01,weighted_cv,217,855,372,1,0,0.0,0.04097271099371765,0.04572325148744203,0.09647566035625874,0.01,49,12,38
webis-touche2020,rr,15,0.01,active_cv,217,822,372,1,0,0.0,0.0955925368926979,0.04572325148744203,0.09647566035625874,0.01,49,12,38
webis-touche2020,rr,15,0.01,weighted_cvl,217,830,372,1,0,0.0,0.038327541544466534,0.04572325148744203,0.09647566035625874,0.01,49,12,38
webis-touche2020,rr,15,0.01,uniform,218,781,382,1,0,0.0,0.25789685624070247,0.07356948214930766,0.08382328891152421,0.01,49,11,38
webis-touche2020,rr,15,0.01,uniform_nz,218,827,382,1,0,0.0,0.13276697114256114,0.07356948214930766,0.08382328891152421,0.01,49,11,38
webis-touche2020,rr,15,0.01,weighted,218,802,382,1,0,0.0,0.07356948214930766,0.07356948214930766,0.08382328891152421,0.01,49,11,38
webis-touche2020,rr,15,0.01,active_judge,218,815,382,1,0,0.0,0.23204075457794895,0.07356948214930766,0.08382328891152421,0.01,49,11,38
webis-touche2020,rr,15,0.01,strat_pilot,218,792,382,1,0,0.0,0.0756081790299566,0.07356948214930766,0.08382328891152421,0.01,49,11,38
webis-touche2020,rr,15,0.01,weighted_cv,218,784,382,1,0,0.0,0.05320504813241607,0.07356948214930766,0.08382328891152421,0.01,49,11,38
webis-touche2020,rr,15,0.01,active_cv,218,796,382,1,0,0.0,0.09914392708787725,0.07356948214930766,0.08382328891152421,0.01,49,11,38
webis-touche2020,rr,15,0.01,weighted_cvl,218,784,382,1,0,0.0,0.050759255741331735,0.07356948214930766,0.08382328891152421,0.01,49,11,38
webis-touche2020,rr,15,0.01,uniform,219,767,380,0,0,0.002899582217520069,0.0891020994744081,0.041669953603317024,0.013752750517456403,0.007100417782479931,49,11,36
webis-touche2020,rr,15,0.01,uniform_nz,219,756,380,0,0,0.002899582217520069,0.06458442411066809,0.041669953603317024,0.013752750517456403,0.007100417782479931,49,11,36
webis-touche2020,rr,15,0.01,weighted,219,779,380,1,0,0.002899582217520069,0.041669953603317024,0.041669953603317024,0.013752750517456403,0.007100417782479931,49,11,36
webis-touche2020,rr,15,0.01,active_judge,219,765,380,1,0,0.002899582217520069,0.10929604332989766,0.041669953603317024,0.013752750517456403,0.007100417782479931,49,11,36
webis-touche2020,rr,15,0.01,strat_pilot,219,793,380,1,0,0.002899582217520069,0.04105267393403109,0.041669953603317024,0.013752750517456403,0.007100417782479931,49,11,36
webis-touche2020,rr,15,0.01,weighted_cv,219,778,380,1,0,0.002899582217520069,0.033289674304098356,0.041669953603317024,0.013752750517456403,0.007100417782479931,49,11,36
webis-touche2020,rr,15,0.01,active_cv,219,754,380,1,0,0.002899582217520069,0.05294743919760514,0.041669953603317024,0.013752750517456403,0.007100417782479931,49,11,36
webis-touche2020,rr,15,0.01,weighted_cvl,219,770,380,1,0,0.002899582217520069,0.028995596708765226,0.041669953603317024,0.013752750517456403,0.007100417782479931,49,11,36
webis-touche2020,rr,15,0.01,uniform,220,839,374,1,0,0.0,0.12198512985211647,0.06663196697864314,0.10874055133780532,0.01,49,12,38
webis-touche2020,rr,15,0.01,uniform_nz,220,814,374,1,0,0.0,0.08068324466153495,0.06663196697864314,0.10874055133780532,0.01,49,12,38
webis-touche2020,rr,15,0.01,weighted,220,847,374,1,0,0.0,0.06663196697864314,0.06663196697864314,0.10874055133780532,0.01,49,12,38
webis-touche2020,rr,15,0.01,active_judge,220,831,374,1,0,0.0,0.14667324496098072,0.06663196697864314,0.10874055133780532,0.01,49,12,38
webis-touche2020,rr,15,0.01,strat_pilot,220,825,374,1,0,0.0,0.0669162074256521,0.06663196697864314,0.10874055133780532,0.01,49,12,38
webis-touche2020,rr,15,0.01,weighted_cv,220,849,374,1,0,0.0,0.05729319655357581,0.06663196697864314,0.10874055133780532,0.01,49,12,38
webis-touche2020,rr,15,0.01,active_cv,220,810,374,1,0,0.0,0.12833624714578862,0.06663196697864314,0.10874055133780532,0.01,49,12,38
webis-touche2020,rr,15,0.01,weighted_cvl,220,816,374,1,0,0.0,0.05265339108523517,0.06663196697864314,0.10874055133780532,0.01,49,12,38
webis-touche2020,rr,15,0.01,uniform,221,805,378,1,0,0.001352794601199081,0.09176595883614035,0.04344906911547249,0.0163921067752337,0.00864720539880092,49,11,36
webis-touche2020,rr,15,0.01,uniform_nz,221,794,378,0,0,0.001352794601199081,0.06093527995877409,0.04344906911547249,0.0163921067752337,0.00864720539880092,49,11,36
webis-touche2020,rr,15,0.01,weighted,221,780,378,0,0,0.001352794601199081,0.04344906911547249,0.04344906911547249,0.0163921067752337,0.00864720539880092,49,11,36
webis-touche2020,rr,15,0.01,active_judge,221,761,378,0,0,0.001352794601199081,0.0982945217494285,0.04344906911547249,0.0163921067752337,0.00864720539880092,49,11,36
webis-touche2020,rr,15,0.01,strat_pilot,221,773,378,0,0,0.001352794601199081,0.04273649166852108,0.04344906911547249,0.0163921067752337,0.00864720539880092,49,11,36
webis-touche2020,rr,15,0.01,weighted_cv,221,792,378,1,0,0.001352794601199081,0.036038807501136125,0.04344906911547249,0.0163921067752337,0.00864720539880092,49,11,36
webis-touche2020,rr,15,0.01,active_cv,221,756,378,0,0,0.001352794601199081,0.0736424132893277,0.04344906911547249,0.0163921067752337,0.00864720539880092,49,11,36
webis-touche2020,rr,15,0.01,weighted_cvl,221,740,378,0,0,0.001352794601199081,0.03745207974842655,0.04344906911547249,0.0163921067752337,0.00864720539880092,49,11,36
webis-touche2020,rr,15,0.01,uniform,222,840,379,1,0,0.0,0.08716045584517068,0.06834855636761121,0.07153908442755855,0.01,49,12,38
webis-touche2020,rr,15,0.01,uniform_nz,222,839,379,1,0,0.0,0.0750962454736455,0.06834855636761121,0.07153908442755855,0.01,49,12,38
webis-touche2020,rr,15,0.01,weighted,222,841,379,1,0,0.0,0.06834855636761121,0.06834855636761121,0.07153908442755855,0.01,49,12,38
webis-touche2020,rr,15,0.01,active_judge,222,828,379,1,0,0.0,0.1424552285110469,0.06834855636761121,0.07153908442755855,0.01,49,12,38
webis-touche2020,rr,15,0.01,strat_pilot,222,838,379,1,0,0.0,0.06878136755121446,0.06834855636761121,0.07153908442755855,0.01,49,12,38
webis-touche2020,rr,15,0.01,weighted_cv,222,851,379,1,0,0.0,0.058466435863613705,0.06834855636761121,0.07153908442755855,0.01,49,12,38
webis-touche2020,rr,15,0.01,active_cv,222,809,379,1,0,0.0,0.11077297611234235,0.06834855636761121,0.07153908442755855,0.01,49,12,38
webis-touche2020,rr,15,0.01,weighted_cvl,222,837,379,1,0,0.0,0.055008171029250416,0.06834855636761121,0.07153908442755855,0.01,49,12,38
webis-touche2020,rr,15,0.01,uniform,223,807,386,1,0,0.0,0.07279968135039926,0.04345795450653459,0.024700009313012403,0.01,49,11,36
webis-touche2020,rr,15,0.01,uniform_nz,223,780,386,1,0,0.0,0.05203990150159786,0.04345795450653459,0.024700009313012403,0.01,49,11,36
webis-touche2020,rr,15,0.01,weighted,223,757,386,1,0,0.0,0.04345795450653459,0.04345795450653459,0.024700009313012403,0.01,49,11,36
webis-touche2020,rr,15,0.01,active_judge,223,779,386,1,0,0.0,0.09398353147851393,0.04345795450653459,0.024700009313012403,0.01,49,11,36
webis-touche2020,rr,15,0.01,strat_pilot,223,765,386,1,0,0.0,0.0442475453176381,0.04345795450653459,0.024700009313012403,0.01,49,11,36
webis-touche2020,rr,15,0.01,weighted_cv,223,811,386,1,0,0.0,0.03848429751239428,0.04345795450653459,0.024700009313012403,0.01,49,11,36
webis-touche2020,rr,15,0.01,active_cv,223,776,386,1,0,0.0,0.06717944792516298,0.04345795450653459,0.024700009313012403,0.01,49,11,36
webis-touche2020,rr,15,0.01,weighted_cvl,223,753,386,1,0,0.0,0.03469902646466846,0.04345795450653459,0.024700009313012403,0.01,49,11,36
webis-touche2020,rr,15,0.01,uniform,224,806,379,1,0,0.0,0.08910040269431699,0.05105803999455851,0.05809274506023732,0.01,49,11,38
webis-touche2020,rr,15,0.01,uniform_nz,224,793,379,1,0,0.0,0.06057144400179828,0.05105803999455851,0.05809274506023732,0.01,49,11,38
webis-touche2020,rr,15,0.01,weighted,224,811,379,1,0,0.0,0.05105803999455851,0.05105803999455851,0.05809274506023732,0.01,49,11,38
webis-touche2020,rr,15,0.01,active_judge,224,798,379,1,0,0.0,0.1095570236726022,0.05105803999455851,0.05809274506023732,0.01,49,11,38
webis-touche2020,rr,15,0.01,strat_pilot,224,805,379,1,0,0.0,0.05077098265714264,0.05105803999455851,0.05809274506023732,0.01,49,11,38
webis-touche2020,rr,15,0.01,weighted_cv,224,809,379,1,0,0.0,0.04677667785836152,0.05105803999455851,0.05809274506023732,0.01,49,11,38
webis-touche2020,rr,15,0.01,active_cv,224,803,379,1,0,0.0,0.09952057121703703,0.05105803999455851,0.05809274506023732,0.01,49,11,38
webis-touche2020,rr,15,0.01,weighted_cvl,224,803,379,1,0,0.0,0.043591395160262766,0.05105803999455851,0.05809274506023732,0.01,49,11,38
webis-touche2020,rr,15,0.01,uniform,225,816,372,1,0,0.0,0.2430262458919444,0.05995250216247745,0.06902213169490058,0.01,49,11,38
webis-touche2020,rr,15,0.01,uniform_nz,225,811,372,1,0,0.0,0.11662936471266332,0.05995250216247745,0.06902213169490058,0.01,49,11,38
webis-touche2020,rr,15,0.01,weighted,225,788,372,1,0,0.0,0.05995250216247745,0.05995250216247745,0.06902213169490058,0.01,49,11,38
webis-touche2020,rr,15,0.01,active_judge,225,791,372,1,0,0.0,0.20997569791021906,0.05995250216247745,0.06902213169490058,0.01,49,11,38
webis-touche2020,rr,15,0.01,strat_pilot,225,766,372,1,0,0.0,0.06116740205623196,0.05995250216247745,0.06902213169490058,0.01,49,11,38
webis-touche2020,rr,15,0.01,weighted_cv,225,782,372,1,0,0.0,0.040075395474359954,0.05995250216247745,0.06902213169490058,0.01,49,11,38
webis-touche2020,rr,15,0.01,active_cv,225,786,372,1,0,0.0,0.06364552373205118,0.05995250216247745,0.06902213169490058,0.01,49,11,38
webis-touche2020,rr,15,0.01,weighted_cvl,225,771,372,1,0,0.0,0.038348701924186,0.05995250216247745,0.06902213169490058,0.01,49,11,38
webis-touche2020,rr,15,0.01,uniform,226,775,375,0,0,0.0,0.07602929828516672,0.04337708769645659,0.0199934685197843,0.01,49,11,38
webis-touche2020,rr,15,0.01,uniform_nz,226,779,375,1,0,0.0,0.05463698799388197,0.04337708769645659,0.0199934685197843,0.01,49,11,38
webis-touche2020,rr,15,0.01,weighted,226,778,375,1,0,0.0,0.04337708769645659,0.04337708769645659,0.0199934685197843,0.01,49,11,38
webis-touche2020,rr,15,0.01,active_judge,226,795,375,1,0,0.0,0.10039389021076621,0.04337708769645659,0.0199934685197843,0.01,49,11,38
webis-touche2020,rr,15,0.01,strat_pilot,226,778,375,1,0,0.0,0.04395854991456936,0.04337708769645659,0.0199934685197843,0.01,49,11,38
webis-touche2020,rr,15,0.01,weighted_cv,226,805,375,1,0,0.0,0.03781192229943163,0.04337708769645659,0.0199934685197843,0.01,49,11,38
webis-touche2020,rr,15,0.01,active_cv,226,777,375,1,0,0.0,0.10080991755614424,0.04337708769645659,0.0199934685197843,0.01,49,11,38
webis-touche2020,rr,15,0.01,weighted_cvl,226,781,375,1,0,0.0,0.03306173504096989,0.04337708769645659,0.0199934685197843,0.01,49,11,38
webis-touche2020,rr,15,0.01,uniform,227,789,374,1,0,0.0,0.21210274179065788,0.047351173443794,0.05359236712719686,0.01,49,11,38
webis-touche2020,rr,15,0.01,uniform_nz,227,810,374,1,0,0.0,0.08828100799356883,0.047351173443794,0.05359236712719686,0.01,49,11,38
webis-touche2020,rr,15,0.01,weighted,227,805,374,1,0,0.0,0.047351173443794,0.047351173443794,0.05359236712719686,0.01,49,11,38
webis-touche2020,rr,15,0.01,active_judge,227,780,374,1,0,0.0,0.15623522042268118,0.047351173443794,0.05359236712719686,0.01,49,11,38
webis-touche2020,rr,15,0.01,strat_pilot,227,782,374,1,0,0.0,0.047942341170385316,0.047351173443794,0.05359236712719686,0.01,49,11,38
webis-touche2020,rr,15,0.01,weighted_cv,227,800,374,1,0,0.0,0.03237736805963594,0.047351173443794,0.05359236712719686,0.01,49,11,38
webis-touche2020,rr,15,0.01,active_cv,227,783,374,1,0,0.0,0.04438704539515423,0.047351173443794,0.05359236712719686,0.01,49,11,38
webis-touche2020,rr,15,0.01,weighted_cvl,227,796,374,1,0,0.0,0.030150250967666194,0.047351173443794,0.05359236712719686,0.01,49,11,38
webis-touche2020,rr,15,0.01,uniform,228,810,378,1,0,0.0,0.10787340586148379,0.06874105096890781,0.0696760137007815,0.01,49,11,38
webis-touche2020,rr,15,0.01,uniform_nz,228,804,378,1,0,0.0,0.08827197093883052,0.06874105096890781,0.0696760137007815,0.01,49,11,38
webis-touche2020,rr,15,0.01,weighted,228,808,378,1,0,0.0,0.06874105096890781,0.06874105096890781,0.0696760137007815,0.01,49,11,38
webis-touche2020,rr,15,0.01,active_judge,228,780,378,1,0,0.0,0.15446487728734598,0.06874105096890781,0.0696760137007815,0.01,49,11,38
webis-touche2020,rr,15,0.01,strat_pilot,228,807,378,1,0,0.0,0.06944879878012307,0.06874105096890781,0.0696760137007815,0.01,49,11,38
webis-touche2020,rr,15,0.01,weighted_cv,228,790,378,1,0,0.0,0.05707606627634652,0.06874105096890781,0.0696760137007815,0.01,49,11,38
webis-touche2020,rr,15,0.01,active_cv,228,790,378,1,0,0.0,0.10534448879992528,0.06874105096890781,0.0696760137007815,0.01,49,11,38
webis-touche2020,rr,15,0.01,weighted_cvl,228,785,378,1,0,0.0,0.0582864494255174,0.06874105096890781,0.0696760137007815,0.01,49,11,38
webis-touche2020,rr,15,0.01,uniform,229,809,371,1,0,0.0,0.06480678677535393,0.04251922787357938,0.056725388646441284,0.01,49,11,38
webis-touche2020,rr,15,0.01,uniform_nz,229,766,371,1,0,0.0,0.05102291264595417,0.04251922787357938,0.056725388646441284,0.01,49,11,38
webis-touche2020,rr,15,0.01,weighted,229,791,371,1,0,0.0,0.04251922787357938,0.04251922787357938,0.056725388646441284,0.01,49,11,38
webis-touche2020,rr,15,0.01,active_judge,229,777,371,0,0,0.0,0.09183185737352621,0.04251922787357938,0.056725388646441284,0.01,49,11,38
webis-touche2020,rr,15,0.01,strat_pilot,229,787,371,1,0,0.0,0.04276192430315295,0.04251922787357938,0.056725388646441284,0.01,49,11,38
webis-touche2020,rr,15,0.01,weighted_cv,229,787,371,1,0,0.0,0.03767613512143295,0.04251922787357938,0.056725388646441284,0.01,49,11,38
webis-touche2020,rr,15,0.01,active_cv,229,790,371,0,0,0.0,0.060072896239176776,0.04251922787357938,0.056725388646441284,0.01,49,11,38
webis-touche2020,rr,15,0.01,weighted_cvl,229,792,371,1,0,0.0,0.035012984923295756,0.04251922787357938,0.056725388646441284,0.01,49,11,38
webis-touche2020,rr,15,0.01,uniform,230,807,379,1,0,0.0,0.050538851870008096,0.024976431984153013,0.046363226825671296,0.01,49,11,38
webis-touche2020,rr,15,0.01,uniform_nz,230,806,379,1,0,0.0,0.035081389349417486,0.024976431984153013,0.046363226825671296,0.01,49,11,38
webis-touche2020,rr,15,0.01,weighted,230,783,379,1,0,0.0,0.024976431984153013,0.024976431984153013,0.046363226825671296,0.01,49,11,38
webis-touche2020,rr,15,0.01,active_judge,230,817,379,1,0,0.0,0.046805385935053734,0.024976431984153013,0.046363226825671296,0.01,49,11,38
webis-touche2020,rr,15,0.01,strat_pilot,230,794,379,1,0,0.0,0.025776812276045585,0.024976431984153013,0.046363226825671296,0.01,49,11,38
webis-touche2020,rr,15,0.01,weighted_cv,230,786,379,1,0,0.0,0.020275877418019204,0.024976431984153013,0.046363226825671296,0.01,49,11,38
webis-touche2020,rr,15,0.01,active_cv,230,788,379,1,0,0.0,0.040569969037169404,0.024976431984153013,0.046363226825671296,0.01,49,11,38
webis-touche2020,rr,15,0.01,weighted_cvl,230,797,379,1,0,0.0,0.01911831357656677,0.024976431984153013,0.046363226825671296,0.01,49,11,38
webis-touche2020,rr,15,0.01,uniform,231,840,374,1,0,0.0,0.11258847741855744,0.0871491073748903,0.08438280824944111,0.01,49,12,38
webis-touche2020,rr,15,0.01,uniform_nz,231,843,374,1,0,0.0,0.09382476233558276,0.0871491073748903,0.08438280824944111,0.01,49,12,38
webis-touche2020,rr,15,0.01,weighted,231,841,374,1,0,0.0,0.0871491073748903,0.0871491073748903,0.08438280824944111,0.01,49,12,38
webis-touche2020,rr,15,0.01,active_judge,231,832,374,1,0,0.0,0.17770126215223314,0.0871491073748903,0.08438280824944111,0.01,49,12,38
webis-touche2020,rr,15,0.01,strat_pilot,231,817,374,1,0,0.0,0.0881286382899334,0.0871491073748903,0.08438280824944111,0.01,49,12,38
webis-touche2020,rr,15,0.01,weighted_cv,231,833,374,1,0,0.0,0.07235583331053322,0.0871491073748903,0.08438280824944111,0.01,49,12,38
webis-touche2020,rr,15,0.01,active_cv,231,823,374,1,0,0.0,0.14621968830038534,0.0871491073748903,0.08438280824944111,0.01,49,12,38
webis-touche2020,rr,15,0.01,weighted_cvl,231,811,374,1,0,0.0,0.0710079292015889,0.0871491073748903,0.08438280824944111,0.01,49,12,38
webis-touche2020,rr,15,0.01,uniform,232,833,371,1,0,0.0,0.0714191434158029,0.045156521309102846,0.053167848405464506,0.01,49,11,38
webis-touche2020,rr,15,0.01,uniform_nz,232,786,371,1,0,0.0,0.053460737847352724,0.045156521309102846,0.053167848405464506,0.01,49,11,38
webis-touche2020,rr,15,0.01,weighted,232,771,371,1,0,0.0,0.045156521309102846,0.045156521309102846,0.053167848405464506,0.01,49,11,38
webis-touche2020,rr,15,0.01,active_judge,232,794,371,0,0,0.0,0.11130800379764579,0.045156521309102846,0.053167848405464506,0.01,49,11,38
webis-touche2020,rr,15,0.01,strat_pilot,232,781,371,1,0,0.0,0.04549766778921916,0.045156521309102846,0.053167848405464506,0.01,49,11,38
webis-touche2020,rr,15,0.01,weighted_cv,232,758,371,1,0,0.0,0.03609329301995585,0.045156521309102846,0.053167848405464506,0.01,49,11,38
webis-touche2020,rr,15,0.01,active_cv,232,765,371,1,0,0.0,0.05369085490353861,0.045156521309102846,0.053167848405464506,0.01,49,11,38
webis-touche2020,rr,15,0.01,weighted_cvl,232,791,371,1,0,0.0,0.035691416574652766,0.045156521309102846,0.053167848405464506,0.01,49,11,38
webis-touche2020,rr,15,0.01,uniform,233,825,387,1,0,0.0,0.08141347646099475,0.060788057020866995,0.051060205629608967,0.01,49,12,38
webis-touche2020,rr,15,0.01,uniform_nz,233,832,387,1,0,0.0,0.06747918083174073,0.060788057020866995,0.051060205629608967,0.01,49,12,38
webis-touche2020,rr,15,0.01,weighted,233,855,387,1,0,0.0,0.060788057020866995,0.060788057020866995,0.051060205629608967,0.01,49,12,38
webis-touche2020,rr,15,0.01,active_judge,233,836,387,1,0,0.0,0.1338639549829624,0.060788057020866995,0.051060205629608967,0.01,49,12,38
webis-touche2020,rr,15,0.01,strat_pilot,233,864,387,1,0,0.0,0.0611131052845866,0.060788057020866995,0.051060205629608967,0.01,49,12,38
webis-touche2020,rr,15,0.01,weighted_cv,233,798,387,1,0,0.0,0.0520165441760137,0.060788057020866995,0.051060205629608967,0.01,49,12,38
webis-touche2020,rr,15,0.01,active_cv,233,852,387,1,0,0.0,0.08320807553589003,0.060788057020866995,0.051060205629608967,0.01,49,12,38
webis-touche2020,rr,15,0.01,weighted_cvl,233,836,387,1,0,0.0,0.04613190679220661,0.060788057020866995,0.051060205629608967,0.01,49,12,38
webis-touche2020,rr,15,0.01,uniform,234,856,383,1,0,0.0,0.12983281797581953,0.10427844204392081,0.12059828680470526,0.01,49,12,38
webis-touche2020,rr,15,0.01,uniform_nz,234,845,383,1,0,0.0,0.1115448239581817,0.10427844204392081,0.12059828680470526,0.01,49,12,38
webis-touche2020,rr,15,0.01,weighted,234,860,383,1,0,0.0,0.10427844204392081,0.10427844204392081,0.12059828680470526,0.01,49,12,38
webis-touche2020,rr,15,0.01,active_judge,234,831,383,1,0,0.0,0.22960346875686327,0.10427844204392081,0.12059828680470526,0.01,49,12,38
webis-touche2020,rr,15,0.01,strat_pilot,234,849,383,1,0,0.0,0.10639102541319909,0.10427844204392081,0.12059828680470526,0.01,49,12,38
webis-touche2020,rr,15,0.01,weighted_cv,234,827,383,1,0,0.0,0.08894905171799758,0.10427844204392081,0.12059828680470526,0.01,49,12,38
webis-touche2020,rr,15,0.01,active_cv,234,835,383,1,0,0.0,0.14397377898039682,0.10427844204392081,0.12059828680470526,0.01,49,12,38
webis-touche2020,rr,15,0.01,weighted_cvl,234,848,383,1,0,0.0,0.08271436056091655,0.10427844204392081,0.12059828680470526,0.01,49,12,38
webis-touche2020,rr,15,0.01,uniform,235,771,376,1,0,0.0,0.23798102488642522,0.06063978201658141,0.04962873469839416,0.01,49,11,38
webis-touche2020,rr,15,0.01,uniform_nz,235,811,376,1,0,0.0,0.10219567357119688,0.06063978201658141,0.04962873469839416,0.01,49,11,38
webis-touche2020,rr,15,0.01,weighted,235,786,376,1,0,0.0,0.06063978201658141,0.06063978201658141,0.04962873469839416,0.01,49,11,38
webis-touche2020,rr,15,0.01,active_judge,235,786,376,1,0,0.0,0.19195212508615078,0.06063978201658141,0.04962873469839416,0.01,49,11,38
webis-touche2020,rr,15,0.01,strat_pilot,235,800,376,1,0,0.0,0.061519467161098094,0.06063978201658141,0.04962873469839416,0.01,49,11,38
webis-touche2020,rr,15,0.01,weighted_cv,235,772,376,1,0,0.0,0.044308590055028005,0.06063978201658141,0.04962873469839416,0.01,49,11,38
webis-touche2020,rr,15,0.01,active_cv,235,794,376,1,0,0.0,0.09035028813060636,0.06063978201658141,0.04962873469839416,0.01,49,11,38
webis-touche2020,rr,15,0.01,weighted_cvl,235,774,376,1,0,0.0,0.043647645422022555,0.06063978201658141,0.04962873469839416,0.01,49,11,38
webis-touche2020,rr,15,0.01,uniform,236,754,371,0,0,0.0,0.04403912200740702,0.00743999390298136,0.03502965963357669,0.01,49,11,38
webis-touche2020,rr,15,0.01,uniform_nz,236,795,371,1,0,0.0,0.01410986876027871,0.00743999390298136,0.03502965963357669,0.01,49,11,38
webis-touche2020,rr,15,0.01,weighted,236,772,371,1,0,0.0,0.00743999390298136,0.00743999390298136,0.03502965963357669,0.01,49,11,38
webis-touche2020,rr,15,0.01,active_judge,236,796,371,1,0,0.0,0.012901375973581156,0.00743999390298136,0.03502965963357669,0.01,49,11,38
webis-touche2020,rr,15,0.01,strat_pilot,236,781,371,1,0,0.0,0.007550352229250148,0.00743999390298136,0.03502965963357669,0.01,49,11,38
webis-touche2020,rr,15,0.01,weighted_cv,236,787,371,1,0,0.0,0.006599850926944423,0.00743999390298136,0.03502965963357669,0.01,49,11,38
webis-touche2020,rr,15,0.01,active_cv,236,792,371,1,0,0.0,0.013896203260013257,0.00743999390298136,0.03502965963357669,0.01,49,11,38
webis-touche2020,rr,15,0.01,weighted_cvl,236,768,371,1,0,0.0,0.006754436025164222,0.00743999390298136,0.03502965963357669,0.01,49,11,38
webis-touche2020,rr,15,0.01,uniform,237,839,384,1,0,0.0,0.2751657790751719,0.10122701554789934,0.11501980021969255,0.01,49,12,38
webis-touche2020,rr,15,0.01,uniform_nz,237,838,384,1,0,0.0,0.17758719979174337,0.10122701554789934,0.11501980021969255,0.01,49,12,38
webis-touche2020,rr,15,0.01,weighted,237,871,384,1,0,0.0,0.10122701554789934,0.10122701554789934,0.11501980021969255,0.01,49,12,38
webis-touche2020,rr,15,0.01,active_judge,237,830,384,1,0,0.0,0.29539628965405684,0.10122701554789934,0.11501980021969255,0.01,49,12,38
webis-touche2020,rr,15,0.01,strat_pilot,237,843,384,1,0,0.0,0.1044766199810467,0.10122701554789934,0.11501980021969255,0.01,49,12,38
webis-touche2020,rr,15,0.01,weighted_cv,237,827,384,1,0,0.0,0.0714042942409461,0.10122701554789934,0.11501980021969255,0.01,49,12,38
webis-touche2020,rr,15,0.01,active_cv,237,846,384,1,0,0.0,0.10870770382805843,0.10122701554789934,0.11501980021969255,0.01,49,12,38
webis-touche2020,rr,15,0.01,weighted_cvl,237,851,384,1,0,0.0,0.0689444926026676,0.10122701554789934,0.11501980021969255,0.01,49,12,38
webis-touche2020,rr,15,0.01,uniform,238,834,378,1,0,0.0,0.0981292221605985,0.07219525196079254,0.10465601772954715,0.01,49,12,38
webis-touche2020,rr,15,0.01,uniform_nz,238,829,378,1,0,0.0,0.08119241008736879,0.07219525196079254,0.10465601772954715,0.01,49,12,38
webis-touche2020,rr,15,0.01,weighted,238,854,378,1,0,0.0,0.07219525196079254,0.07219525196079254,0.10465601772954715,0.01,49,12,38
webis-touche2020,rr,15,0.01,active_judge,238,833,378,1,0,0.0,0.15929953397860536,0.07219525196079254,0.10465601772954715,0.01,49,12,38
webis-touche2020,rr,15,0.01,strat_pilot,238,820,378,1,0,0.0,0.07296137359255013,0.07219525196079254,0.10465601772954715,0.01,49,12,38
webis-touche2020,rr,15,0.01,weighted_cv,238,841,378,1,0,0.0,0.06649910784210253,0.07219525196079254,0.10465601772954715,0.01,49,12,38
webis-touche2020,rr,15,0.01,active_cv,238,838,378,0,0,0.0,0.11443114541659354,0.07219525196079254,0.10465601772954715,0.01,49,12,38
webis-touche2020,rr,15,0.01,weighted_cvl,238,852,378,1,0,0.0,0.06287372922137939,0.07219525196079254,0.10465601772954715,0.01,49,12,38
webis-touche2020,rr,15,0.01,uniform,239,804,381,1,0,0.0,0.09080121361321367,0.07548715129687926,0.07878096332457388,0.01,49,12,38
webis-touche2020,rr,15,0.01,uniform_nz,239,836,381,1,0,0.0,0.08353188675299619,0.07548715129687926,0.07878096332457388,0.01,49,12,38
webis-touche2020,rr,15,0.01,weighted,239,853,381,1,0,0.0,0.07548715129687926,0.07548715129687926,0.07878096332457388,0.01,49,12,38
webis-touche2020,rr,15,0.01,active_judge,239,836,381,1,0,0.0,0.18495344210585746,0.07548715129687926,0.07878096332457388,0.01,49,12,38
webis-touche2020,rr,15,0.01,strat_pilot,239,840,381,1,0,0.0,0.07649054905705496,0.07548715129687926,0.07878096332457388,0.01,49,12,38
webis-touche2020,rr,15,0.01,weighted_cv,239,805,381,1,0,0.0,0.07031961087794128,0.07548715129687926,0.07878096332457388,0.01,49,12,38
webis-touche2020,rr,15,0.01,active_cv,239,824,381,1,0,0.0,0.15724598037876028,0.07548715129687926,0.07878096332457388,0.01,49,12,38
webis-touche2020,rr,15,0.01,weighted_cvl,239,837,381,1,0,0.0,0.06479272996380675,0.07548715129687926,0.07878096332457388,0.01,49,12,38
webis-touche2020,rr,15,0.01,uniform,240,827,383,1,0,0.0,0.06704526164128236,0.04884332393197176,0.053020564338564766,0.01,49,12,38
webis-touche2020,rr,15,0.01,uniform_nz,240,845,383,1,0,0.0,0.05348108465423601,0.04884332393197176,0.053020564338564766,0.01,49,12,38
webis-touche2020,rr,15,0.01,weighted,240,872,383,1,0,0.0,0.04884332393197176,0.04884332393197176,0.053020564338564766,0.01,49,12,38
webis-touche2020,rr,15,0.01,active_judge,240,826,383,1,0,0.0,0.11159756540197299,0.04884332393197176,0.053020564338564766,0.01,49,12,38
webis-touche2020,rr,15,0.01,strat_pilot,240,844,383,1,0,0.0,0.049038834066751594,0.04884332393197176,0.053020564338564766,0.01,49,12,38
webis-touche2020,rr,15,0.01,weighted_cv,240,848,383,1,0,0.0,0.04451959337742335,0.04884332393197176,0.053020564338564766,0.01,49,12,38
webis-touche2020,rr,15,0.01,active_cv,240,851,383,1,0,0.0,0.08470589645538959,0.04884332393197176,0.053020564338564766,0.01,49,12,38
webis-touche2020,rr,15,0.01,weighted_cvl,240,807,383,1,0,0.0,0.03836014044963666,0.04884332393197176,0.053020564338564766,0.01,49,12,38
webis-touche2020,rr,15,0.01,uniform,241,824,379,1,0,0.0,0.21319839333084856,0.0524563605754821,0.05278447764825474,0.01,49,11,38
webis-touche2020,rr,15,0.01,uniform_nz,241,791,379,1,0,0.0,0.09057540747923105,0.0524563605754821,0.05278447764825474,0.01,49,11,38
webis-touche2020,rr,15,0.01,weighted,241,799,379,1,0,0.0,0.0524563605754821,0.0524563605754821,0.05278447764825474,0.01,49,11,38
webis-touche2020,rr,15,0.01,active_judge,241,784,379,1,0,0.0,0.1624298819965654,0.0524563605754821,0.05278447764825474,0.01,49,11,38
webis-touche2020,rr,15,0.01,strat_pilot,241,782,379,1,0,0.0,0.05356667476064679,0.0524563605754821,0.05278447764825474,0.01,49,11,38
webis-touche2020,rr,15,0.01,weighted_cv,241,785,379,1,0,0.0,0.03916712984051331,0.0524563605754821,0.05278447764825474,0.01,49,11,38
webis-touche2020,rr,15,0.01,active_cv,241,786,379,1,0,0.0,0.07250973000754928,0.0524563605754821,0.05278447764825474,0.01,49,11,38
webis-touche2020,rr,15,0.01,weighted_cvl,241,796,379,1,0,0.0,0.037944406688194335,0.0524563605754821,0.05278447764825474,0.01,49,11,38
webis-touche2020,rr,15,0.01,uniform,242,782,373,1,0,0.0,0.22518486193688864,0.04964745989828496,0.059434916390798724,0.01,49,11,38
webis-touche2020,rr,15,0.01,uniform_nz,242,775,373,1,0,0.0,0.09075743838279754,0.04964745989828496,0.059434916390798724,0.01,49,11,38
webis-touche2020,rr,15,0.01,weighted,242,781,373,1,0,0.0,0.04964745989828496,0.04964745989828496,0.059434916390798724,0.01,49,11,38
webis-touche2020,rr,15,0.01,active_judge,242,784,373,0,0,0.0,0.15862429810249679,0.04964745989828496,0.059434916390798724,0.01,49,11,38
webis-touche2020,rr,15,0.01,strat_pilot,242,805,373,1,0,0.0,0.05139905520958323,0.04964745989828496,0.059434916390798724,0.01,49,11,38
webis-touche2020,rr,15,0.01,weighted_cv,242,771,373,1,0,0.0,0.03235381104516413,0.04964745989828496,0.059434916390798724,0.01,49,11,38
webis-touche2020,rr,15,0.01,active_cv,242,777,373,1,0,0.0,0.04416691817577429,0.04964745989828496,0.059434916390798724,0.01,49,11,38
webis-touche2020,rr,15,0.01,weighted_cvl,242,795,373,1,0,0.0,0.03271682058247013,0.04964745989828496,0.059434916390798724,0.01,49,11,38
webis-touche2020,rr,15,0.01,uniform,243,778,365,1,0,0.0,0.054016492842839915,0.031032889265872797,0.035467847769705345,0.01,49,11,38
webis-touche2020,rr,15,0.01,uniform_nz,243,781,365,1,0,0.0,0.03812073362319271,0.031032889265872797,0.035467847769705345,0.01,49,11,38
webis-touche2020,rr,15,0.01,weighted,243,779,365,1,0,0.0,0.031032889265872797,0.031032889265872797,0.035467847769705345,0.01,49,11,38
webis-touche2020,rr,15,0.01,active_judge,243,770,365,1,0,0.0,0.0730737522759826,0.031032889265872797,0.035467847769705345,0.01,49,11,38
webis-touche2020,rr,15,0.01,strat_pilot,243,782,365,1,0,0.0,0.031183573687856257,0.031032889265872797,0.035467847769705345,0.01,49,11,38
webis-touche2020,rr,15,0.01,weighted_cv,243,798,365,1,0,0.0,0.02583789065162348,0.031032889265872797,0.035467847769705345,0.01,49,11,38
webis-touche2020,rr,15,0.01,active_cv,243,776,365,1,0,0.0,0.04122162173115283,0.031032889265872797,0.035467847769705345,0.01,49,11,38
webis-touche2020,rr,15,0.01,weighted_cvl,243,782,365,1,0,0.0,0.024448331869322614,0.031032889265872797,0.035467847769705345,0.01,49,11,38
webis-touche2020,rr,15,0.01,uniform,244,790,380,1,0,0.0,0.05369041153653015,0.025775858146221686,0.04320132401711349,0.01,49,11,38
webis-touche2020,rr,15,0.01,uniform_nz,244,792,380,1,0,0.0,0.0373139296407954,0.025775858146221686,0.04320132401711349,0.01,49,11,38
webis-touche2020,rr,15,0.01,weighted,244,800,380,1,0,0.0,0.025775858146221686,0.025775858146221686,0.04320132401711349,0.01,49,11,38
webis-touche2020,rr,15,0.01,active_judge,244,813,380,1,0,0.0,0.04918358388984318,0.025775858146221686,0.04320132401711349,0.01,49,11,38
webis-touche2020,rr,15,0.01,strat_pilot,244,791,380,1,0,0.0,0.02611950954068899,0.025775858146221686,0.04320132401711349,0.01,49,11,38
webis-touche2020,rr,15,0.01,weighted_cv,244,816,380,1,0,0.0,0.02587349545750418,0.025775858146221686,0.04320132401711349,0.01,49,11,38
webis-touche2020,rr,15,0.01,active_cv,244,779,380,0,0,0.0,0.07791889652641988,0.025775858146221686,0.04320132401711349,0.01,49,11,38
webis-touche2020,rr,15,0.01,weighted_cvl,244,776,380,1,0,0.0,0.023992131121138092,0.025775858146221686,0.04320132401711349,0.01,49,11,38
webis-touche2020,rr,15,0.01,uniform,245,813,376,1,0,0.0,0.13886977554161367,0.09916944765577591,0.0961601288744567,0.01,49,12,38
webis-touche2020,rr,15,0.01,uniform_nz,245,834,376,1,0,0.0,0.12064595298317035,0.09916944765577591,0.0961601288744567,0.01,49,12,38
webis-touche2020,rr,15,0.01,weighted,245,810,376,1,0,0.0,0.09916944765577591,0.09916944765577591,0.0961601288744567,0.01,49,12,38
webis-touche2020,rr,15,0.01,active_judge,245,823,376,1,0,0.0,0.2021809345231514,0.09916944765577591,0.0961601288744567,0.01,49,12,38
webis-touche2020,rr,15,0.01,strat_pilot,245,832,376,1,0,0.0,0.10001506294227236,0.09916944765577591,0.0961601288744567,0.01,49,12,38
webis-touche2020,rr,15,0.01,weighted_cv,245,854,376,1,0,0.0,0.09208289050116435,0.09916944765577591,0.0961601288744567,0.01,49,12,38
webis-touche2020,rr,15,0.01,active_cv,245,830,376,1,0,0.0,0.2503307866697987,0.09916944765577591,0.0961601288744567,0.01,49,12,38
webis-touche2020,rr,15,0.01,weighted_cvl,245,836,376,1,0,0.0,0.08734815503383223,0.09916944765577591,0.0961601288744567,0.01,49,12,38
webis-touche2020,rr,15,0.01,uniform,246,766,365,0,0,0.0,0.1939919201975901,0.03866884643569278,0.018461971121413852,0.01,49,11,36
webis-touche2020,rr,15,0.01,uniform_nz,246,746,365,1,0,0.0,0.06227038297235463,0.03866884643569278,0.018461971121413852,0.01,49,11,36
webis-touche2020,rr,15,0.01,weighted,246,760,365,1,0,0.0,0.03866884643569278,0.03866884643569278,0.018461971121413852,0.01,49,11,36
webis-touche2020,rr,15,0.01,active_judge,246,757,365,1,0,0.0,0.1065677903078246,0.03866884643569278,0.018461971121413852,0.01,49,11,36
webis-touche2020,rr,15,0.01,strat_pilot,246,755,365,1,0,0.0,0.03966490475421973,0.03866884643569278,0.018461971121413852,0.01,49,11,36
webis-touche2020,rr,15,0.01,weighted_cv,246,754,365,1,0,0.0,0.03038468140185992,0.03866884643569278,0.018461971121413852,0.01,49,11,36
webis-touche2020,rr,15,0.01,active_cv,246,775,365,1,0,0.0,0.05964637285427891,0.03866884643569278,0.018461971121413852,0.01,49,11,36
webis-touche2020,rr,15,0.01,weighted_cvl,246,752,365,1,0,0.0,0.0296628815132979,0.03866884643569278,0.018461971121413852,0.01,49,11,36
webis-touche2020,rr,15,0.01,uniform,247,789,381,0,0,0.0,0.09795723597384144,0.05723752626248678,0.06754964872302335,0.01,49,11,38
webis-touche2020,rr,15,0.01,uniform_nz,247,784,381,1,0,0.0,0.0745131498492769,0.05723752626248678,0.06754964872302335,0.01,49,11,38
webis-touche2020,rr,15,0.01,weighted,247,781,381,1,0,0.0,0.05723752626248678,0.05723752626248678,0.06754964872302335,0.01,49,11,38
webis-touche2020,rr,15,0.01,active_judge,247,820,381,1,0,0.0,0.15878888799627833,0.05723752626248678,0.06754964872302335,0.01,49,11,38
webis-touche2020,rr,15,0.01,strat_pilot,247,775,381,1,0,0.0,0.05745506569440275,0.05723752626248678,0.06754964872302335,0.01,49,11,38
webis-touche2020,rr,15,0.01,weighted_cv,247,803,381,1,0,0.0,0.05295449111128764,0.05723752626248678,0.06754964872302335,0.01,49,11,38
webis-touche2020,rr,15,0.01,active_cv,247,795,381,1,0,0.0,0.13478102849989507,0.05723752626248678,0.06754964872302335,0.01,49,11,38
webis-touche2020,rr,15,0.01,weighted_cvl,247,800,381,1,0,0.0,0.05259368722311327,0.05723752626248678,0.06754964872302335,0.01,49,11,38
webis-touche2020,rr,15,0.01,uniform,248,764,375,0,0,0.00047630470594373087,0.06310189456044298,0.04603430974172154,0.02345269668412083,0.00952369529405627,49,11,36
webis-touche2020,rr,15,0.01,uniform_nz,248,760,375,1,0,0.00047630470594373087,0.05774317125159306,0.04603430974172154,0.02345269668412083,0.00952369529405627,49,11,36
webis-touche2020,rr,15,0.01,weighted,248,764,375,0,0,0.00047630470594373087,0.04603430974172154,0.04603430974172154,0.02345269668412083,0.00952369529405627,49,11,36
webis-touche2020,rr,15,0.01,active_judge,248,740,375,0,0,0.00047630470594373087,0.09611684806084143,0.04603430974172154,0.02345269668412083,0.00952369529405627,49,11,36
webis-touche2020,rr,15,0.01,strat_pilot,248,758,375,1,0,0.00047630470594373087,0.04645304048889681,0.04603430974172154,0.02345269668412083,0.00952369529405627,49,11,36
webis-touche2020,rr,15,0.01,weighted_cv,248,748,375,1,0,0.00047630470594373087,0.041855798893734364,0.04603430974172154,0.02345269668412083,0.00952369529405627,49,11,36
webis-touche2020,rr,15,0.01,active_cv,248,744,375,0,0,0.00047630470594373087,0.07775243357964763,0.04603430974172154,0.02345269668412083,0.00952369529405627,49,11,36
webis-touche2020,rr,15,0.01,weighted_cvl,248,771,375,1,0,0.00047630470594373087,0.0410496850851416,0.04603430974172154,0.02345269668412083,0.00952369529405627,49,11,36
webis-touche2020,rr,15,0.01,uniform,249,824,390,1,0,0.0,0.06693293370727899,0.029394535604570726,0.05256659992341104,0.01,49,11,38
webis-touche2020,rr,15,0.01,uniform_nz,249,809,390,1,0,0.0,0.03506459620629008,0.029394535604570726,0.05256659992341104,0.01,49,11,38
webis-touche2020,rr,15,0.01,weighted,249,783,390,1,0,0.0,0.029394535604570726,0.029394535604570726,0.05256659992341104,0.01,49,11,38
webis-touche2020,rr,15,0.01,active_judge,249,798,390,1,0,0.0,0.06869227282677134,0.029394535604570726,0.05256659992341104,0.01,49,11,38
webis-touche2020,rr,15,0.01,strat_pilot,249,792,390,1,0,0.0,0.02956008695083187,0.029394535604570726,0.05256659992341104,0.01,49,11,38
webis-touche2020,rr,15,0.01,weighted_cv,249,824,390,1,0,0.0,0.02762880246951071,0.029394535604570726,0.05256659992341104,0.01,49,11,38
webis-touche2020,rr,15,0.01,active_cv,249,811,390,0,0,0.0,0.04714860622381322,0.029394535604570726,0.05256659992341104,0.01,49,11,38
webis-touche2020,rr,15,0.01,weighted_cvl,249,800,390,1,0,0.0,0.026048400394472863,0.029394535604570726,0.05256659992341104,0.01,49,11,38
webis-touche2020,rr,15,0.01,uniform,250,796,387,0,0,0.001352794601199081,0.08078001503442975,0.05458974926629111,0.015727918452376657,0.00864720539880092,49,11,36
webis-touche2020,rr,15,0.01,uniform_nz,250,775,387,0,0,0.001352794601199081,0.07051481457164052,0.05458974926629111,0.015727918452376657,0.00864720539880092,49,11,36
webis-touche2020,rr,15,0.01,weighted,250,777,387,0,0,0.001352794601199081,0.05458974926629111,0.05458974926629111,0.015727918452376657,0.00864720539880092,49,11,36
webis-touche2020,rr,15,0.01,active_judge,250,789,387,0,0,0.001352794601199081,0.11008571461675239,0.05458974926629111,0.015727918452376657,0.00864720539880092,49,11,36
webis-touche2020,rr,15,0.01,strat_pilot,250,789,387,0,0,0.001352794601199081,0.054443108737635956,0.05458974926629111,0.015727918452376657,0.00864720539880092,49,11,36
webis-touche2020,rr,15,0.01,weighted_cv,250,751,387,0,0,0.001352794601199081,0.045211008425821556,0.05458974926629111,0.015727918452376657,0.00864720539880092,49,11,36
webis-touche2020,rr,15,0.01,active_cv,250,788,387,1,0,0.001352794601199081,0.07934647141193582,0.05458974926629111,0.015727918452376657,0.00864720539880092,49,11,36
webis-touche2020,rr,15,0.01,weighted_cvl,250,767,387,0,0,0.001352794601199081,0.0417323052071583,0.05458974926629111,0.015727918452376657,0.00864720539880092,49,11,36
webis-touche2020,rr,15,0.01,uniform,251,797,390,0,0,0.0,0.06473780719674228,0.03900331802885966,0.04921066716520341,0.01,49,11,38
webis-touche2020,rr,15,0.01,uniform_nz,251,819,390,1,0,0.0,0.04838319818442478,0.03900331802885966,0.04921066716520341,0.01,49,11,38
webis-touche2020,rr,15,0.01,weighted,251,812,390,1,0,0.0,0.03900331802885966,0.03900331802885966,0.04921066716520341,0.01,49,11,38
webis-touche2020,rr,15,0.01,active_judge,251,799,390,1,0,0.0,0.08335125477476267,0.03900331802885966,0.04921066716520341,0.01,49,11,38
webis-touche2020,rr,15,0.01,strat_pilot,251,811,390,1,0,0.0,0.03971640758865708,0.03900331802885966,0.04921066716520341,0.01,49,11,38
webis-touche2020,rr,15,0.01,weighted_cv,251,808,390,1,0,0.0,0.03438167917036576,0.03900331802885966,0.04921066716520341,0.01,49,11,38
webis-touche2020,rr,15,0.01,active_cv,251,789,390,1,0,0.0,0.06301494474095956,0.03900331802885966,0.04921066716520341,0.01,49,11,38
webis-touche2020,rr,15,0.01,weighted_cvl,251,806,390,1,0,0.0,0.034917378008980524,0.03900331802885966,0.04921066716520341,0.01,49,11,38
webis-touche2020,rr,15,0.01,uniform,252,826,395,1,0,0.0,0.27267855474888614,0.08454118144431905,0.03831619638817779,0.01,49,11,38
webis-touche2020,rr,15,0.01,uniform_nz,252,814,395,1,0,0.0,0.1256781842231546,0.08454118144431905,0.03831619638817779,0.01,49,11,38
webis-touche2020,rr,15,0.01,weighted,252,828,395,1,0,0.0,0.08454118144431905,0.08454118144431905,0.03831619638817779,0.01,49,11,38
webis-touche2020,rr,15,0.01,active_judge,252,816,395,1,0,0.0,0.21826678659847398,0.08454118144431905,0.03831619638817779,0.01,49,11,38
webis-touche2020,rr,15,0.01,strat_pilot,252,791,395,1,0,0.0,0.08493357485920391,0.08454118144431905,0.03831619638817779,0.01,49,11,38
webis-touche2020,rr,15,0.01,weighted_cv,252,801,395,1,0,0.0,0.06354575281137154,0.08454118144431905,0.03831619638817779,0.01,49,11,38
webis-touche2020,rr,15,0.01,active_cv,252,784,395,1,0,0.0,0.11202294472894099,0.08454118144431905,0.03831619638817779,0.01,49,11,38
webis-touche2020,rr,15,0.01,weighted_cvl,252,821,395,1,0,0.0,0.06672028700009053,0.08454118144431905,0.03831619638817779,0.01,49,11,38
webis-touche2020,rr,15,0.01,uniform,253,833,378,1,0,0.0,0.0641951748709709,0.03672121587316846,0.07728889611457922,0.01,49,11,38
webis-touche2020,rr,15,0.01,uniform_nz,253,802,378,1,0,0.0,0.04577291300323624,0.03672121587316846,0.07728889611457922,0.01,49,11,38
webis-touche2020,rr,15,0.01,weighted,253,834,378,1,0,0.0,0.03672121587316846,0.03672121587316846,0.07728889611457922,0.01,49,11,38
webis-touche2020,rr,15,0.01,active_judge,253,817,378,1,0,0.0,0.07395957853547572,0.03672121587316846,0.07728889611457922,0.01,49,11,38
webis-touche2020,rr,15,0.01,strat_pilot,253,804,378,1,0,0.0,0.037691587930374096,0.03672121587316846,0.07728889611457922,0.01,49,11,38
webis-touche2020,rr,15,0.01,weighted_cv,253,793,378,1,0,0.0,0.031095252828946086,0.03672121587316846,0.07728889611457922,0.01,49,11,38
webis-touche2020,rr,15,0.01,active_cv,253,808,378,1,0,0.0,0.051703093752991966,0.03672121587316846,0.07728889611457922,0.01,49,11,38
webis-touche2020,rr,15,0.01,weighted_cvl,253,816,378,1,0,0.0,0.03104035807217062,0.03672121587316846,0.07728889611457922,0.01,49,11,38
webis-touche2020,rr,15,0.01,uniform,254,806,368,1,0,0.0,0.21952087571275364,0.04933513470608925,0.043277571354028495,0.01,49,11,38
webis-touche2020,rr,15,0.01,uniform_nz,254,779,368,1,0,0.0,0.09179256843972246,0.04933513470608925,0.043277571354028495,0.01,49,11,38
webis-touche2020,rr,15,0.01,weighted,254,808,368,1,0,0.0,0.04933513470608925,0.04933513470608925,0.043277571354028495,0.01,49,11,38
webis-touche2020,rr,15,0.01,active_judge,254,787,368,1,0,0.0,0.15243697410389007,0.04933513470608925,0.043277571354028495,0.01,49,11,38
webis-touche2020,rr,15,0.01,strat_pilot,254,781,368,1,0,0.0,0.05025712825438398,0.04933513470608925,0.043277571354028495,0.01,49,11,38
webis-touche2020,rr,15,0.01,weighted_cv,254,780,368,1,0,0.0,0.03308454977293927,0.04933513470608925,0.043277571354028495,0.01,49,11,38
webis-touche2020,rr,15,0.01,active_cv,254,769,368,1,0,0.0,0.052054177422747996,0.04933513470608925,0.043277571354028495,0.01,49,11,38
webis-touche2020,rr,15,0.01,weighted_cvl,254,793,368,1,0,0.0,0.03408323503304776,0.04933513470608925,0.043277571354028495,0.01,49,11,38
webis-touche2020,rr,15,0.01,uniform,255,797,384,1,0,0.0,0.12701635007197526,0.07389791663177396,0.07208788433788432,0.01,49,11,38
webis-touche2020,rr,15,0.01,uniform_nz,255,786,384,1,0,0.0,0.11227940143195443,0.07389791663177396,0.07208788433788432,0.01,49,11,38
webis-touche2020,rr,15,0.01,weighted,255,824,384,1,0,0.0,0.07389791663177396,0.07389791663177396,0.07208788433788432,0.01,49,11,38
webis-touche2020,rr,15,0.01,active_judge,255,813,384,1,0,0.0,0.1743839509750617,0.07389791663177396,0.07208788433788432,0.01,49,11,38
webis-touche2020,rr,15,0.01,strat_pilot,255,779,384,1,0,0.0,0.07375335717786866,0.07389791663177396,0.07208788433788432,0.01,49,11,38
webis-touche2020,rr,15,0.01,weighted_cv,255,781,384,1,0,0.0,0.06333375457503651,0.07389791663177396,0.07208788433788432,0.01,49,11,38
webis-touche2020,rr,15,0.01,active_cv,255,798,384,1,0,0.0,0.12232385377358237,0.07389791663177396,0.07208788433788432,0.01,49,11,38
webis-touche2020,rr,15,0.01,weighted_cvl,255,807,384,1,0,0.0,0.056488461196986306,0.07389791663177396,0.07208788433788432,0.01,49,11,38
webis-touche2020,rr,15,0.01,uniform,256,798,379,1,0,0.0,0.04822527283069787,0.0296504586800846,0.0396491070848656,0.01,49,11,38
webis-touche2020,rr,15,0.01,uniform_nz,256,796,379,1,0,0.0,0.03838242465779971,0.0296504586800846,0.0396491070848656,0.01,49,11,38
webis-touche2020,rr,15,0.01,weighted,256,794,379,1,0,0.0,0.0296504586800846,0.0296504586800846,0.0396491070848656,0.01,49,11,38
webis-touche2020,rr,15,0.01,active_judge,256,772,379,1,0,0.0,0.057493778898896716,0.0296504586800846,0.0396491070848656,0.01,49,11,38
webis-touche2020,rr,15,0.01,strat_pilot,256,810,379,1,0,0.0,0.029007810478896678,0.0296504586800846,0.0396491070848656,0.01,49,11,38
webis-touche2020,rr,15,0.01,weighted_cv,256,812,379,1,0,0.0,0.025259234085729075,0.0296504586800846,0.0396491070848656,0.01,49,11,38
webis-touche2020,rr,15,0.01,active_cv,256,777,379,1,0,0.0,0.04554561387116146,0.0296504586800846,0.0396491070848656,0.01,49,11,38
webis-touche2020,rr,15,0.01,weighted_cvl,256,804,379,1,0,0.0,0.022025825613413697,0.0296504586800846,0.0396491070848656,0.01,49,11,38
webis-touche2020,rr,15,0.01,uniform,257,779,383,0,0,0.0,0.08507208937608884,0.03730879515404119,0.01608460167283697,0.01,49,11,36
webis-touche2020,rr,15,0.01,uniform_nz,257,787,383,0,0,0.0,0.059978940822012584,0.03730879515404119,0.01608460167283697,0.01,49,11,36
webis-touche2020,rr,15,0.01,weighted,257,779,383,1,0,0.0,0.03730879515404119,0.03730879515404119,0.01608460167283697,0.01,49,11,36
webis-touche2020,rr,15,0.01,active_judge,257,778,383,1,0,0.0,0.10122485018160694,0.03730879515404119,0.01608460167283697,0.01,49,11,36
webis-touche2020,rr,15,0.01,strat_pilot,257,744,383,1,0,0.0,0.036890204165660336,0.03730879515404119,0.01608460167283697,0.01,49,11,36
webis-touche2020,rr,15,0.01,weighted_cv,257,785,383,1,0,0.0,0.030542833881492797,0.03730879515404119,0.01608460167283697,0.01,49,11,36
webis-touche2020,rr,15,0.01,active_cv,257,756,383,1,0,0.0,0.07321968962685602,0.03730879515404119,0.01608460167283697,0.01,49,11,36
webis-touche2020,rr,15,0.01,weighted_cvl,257,791,383,1,0,0.0,0.028901852724597055,0.03730879515404119,0.01608460167283697,0.01,49,11,36
webis-touche2020,rr,15,0.01,uniform,258,784,381,1,0,0.0,0.06027238538091666,0.04330354933417232,0.056586505399198885,0.01,49,11,38
webis-touche2020,rr,15,0.01,uniform_nz,258,806,381,1,0,0.0,0.052249488213609016,0.04330354933417232,0.056586505399198885,0.01,49,11,38
webis-touche2020,rr,15,0.01,weighted,258,790,381,1,0,0.0,0.04330354933417232,0.04330354933417232,0.056586505399198885,0.01,49,11,38
webis-touche2020,rr,15,0.01,active_judge,258,794,381,1,0,0.0,0.08413974732502916,0.04330354933417232,0.056586505399198885,0.01,49,11,38
webis-touche2020,rr,15,0.01,strat_pilot,258,802,381,1,0,0.0,0.0434296626999965,0.04330354933417232,0.056586505399198885,0.01,49,11,38
webis-touche2020,rr,15,0.01,weighted_cv,258,777,381,1,0,0.0,0.03698271280866714,0.04330354933417232,0.056586505399198885,0.01,49,11,38
webis-touche2020,rr,15,0.01,active_cv,258,789,381,0,0,0.0,0.06279862877861309,0.04330354933417232,0.056586505399198885,0.01,49,11,38
webis-touche2020,rr,15,0.01,weighted_cvl,258,775,381,1,0,0.0,0.03522078676338371,0.04330354933417232,0.056586505399198885,0.01,49,11,38
webis-touche2020,rr,15,0.01,uniform,259,825,378,1,0,0.0,0.06960766158664211,0.04983487647688416,0.026559591632548965,0.01,49,11,38
webis-touche2020,rr,15,0.01,uniform_nz,259,784,378,1,0,0.0,0.06099542157096614,0.04983487647688416,0.026559591632548965,0.01,49,11,38
webis-touche2020,rr,15,0.01,weighted,259,775,378,1,0,0.0,0.04983487647688416,0.04983487647688416,0.026559591632548965,0.01,49,11,38
webis-touche2020,rr,15,0.01,active_judge,259,762,378,1,0,0.0,0.11535540449789142,0.04983487647688416,0.026559591632548965,0.01,49,11,38
webis-touche2020,rr,15,0.01,strat_pilot,259,808,378,1,0,0.0,0.05076470807466812,0.04983487647688416,0.026559591632548965,0.01,49,11,38
webis-touche2020,rr,15,0.01,weighted_cv,259,793,378,1,0,0.0,0.04081899732811316,0.04983487647688416,0.026559591632548965,0.01,49,11,38
webis-touche2020,rr,15,0.01,active_cv,259,808,378,1,0,0.0,0.06587426280398764,0.04983487647688416,0.026559591632548965,0.01,49,11,38
webis-touche2020,rr,15,0.01,weighted_cvl,259,809,378,1,0,0.0,0.0392314621078058,0.04983487647688416,0.026559591632548965,0.01,49,11,38
webis-touche2020,rr,15,0.01,uniform,260,859,388,1,0,0.0,0.08741440751460391,0.07203429016463041,0.08942785800370937,0.01,49,12,38
webis-touche2020,rr,15,0.01,uniform_nz,260,838,388,1,0,0.0,0.07603854154289331,0.07203429016463041,0.08942785800370937,0.01,49,12,38
webis-touche2020,rr,15,0.01,weighted,260,829,388,1,0,0.0,0.07203429016463041,0.07203429016463041,0.08942785800370937,0.01,49,12,38
webis-touche2020,rr,15,0.01,active_judge,260,853,388,1,0,0.0,0.16561088348696643,0.07203429016463041,0.08942785800370937,0.01,49,12,38
webis-touche2020,rr,15,0.01,strat_pilot,260,835,388,1,0,0.0,0.07282372716799071,0.07203429016463041,0.08942785800370937,0.01,49,12,38
webis-touche2020,rr,15,0.01,weighted_cv,260,853,388,1,0,0.0,0.06428131431507858,0.07203429016463041,0.08942785800370937,0.01,49,12,38
webis-touche2020,rr,15,0.01,active_cv,260,837,388,1,0,0.0,0.13865221656364257,0.07203429016463041,0.08942785800370937,0.01,49,12,38
webis-touche2020,rr,15,0.01,weighted_cvl,260,830,388,1,0,0.0,0.055389159402129164,0.07203429016463041,0.08942785800370937,0.01,49,12,38
webis-touche2020,rr,15,0.01,uniform,261,763,374,0,0,0.0,0.06640863074014766,0.040509476536423505,0.017900681190154873,0.01,49,11,36
webis-touche2020,rr,15,0.01,uniform_nz,261,754,374,1,0,0.0,0.05027557663270389,0.040509476536423505,0.017900681190154873,0.01,49,11,36
webis-touche2020,rr,15,0.01,weighted,261,763,374,1,0,0.0,0.040509476536423505,0.040509476536423505,0.017900681190154873,0.01,49,11,36
webis-touche2020,rr,15,0.01,active_judge,261,766,374,1,0,0.0,0.07750353820358333,0.040509476536423505,0.017900681190154873,0.01,49,11,36
webis-touche2020,rr,15,0.01,strat_pilot,261,782,374,1,0,0.0,0.0418996917713446,0.040509476536423505,0.017900681190154873,0.01,49,11,36
webis-touche2020,rr,15,0.01,weighted_cv,261,758,374,1,0,0.0,0.034824458825563454,0.040509476536423505,0.017900681190154873,0.01,49,11,36
webis-touche2020,rr,15,0.01,active_cv,261,761,374,1,0,0.0,0.06319966421908245,0.040509476536423505,0.017900681190154873,0.01,49,11,36
webis-touche2020,rr,15,0.01,weighted_cvl,261,761,374,1,0,0.0,0.03205716005835444,0.040509476536423505,0.017900681190154873,0.01,49,11,36
webis-touche2020,rr,15,0.01,uniform,262,761,382,1,0,0.0,0.20843728892925073,0.03244639949659768,0.01168730650154798,0.01,49,11,36
webis-touche2020,rr,15,0.01,uniform_nz,262,767,382,1,0,0.0,0.05439237792597501,0.03244639949659768,0.01168730650154798,0.01,49,11,36
webis-touche2020,rr,15,0.01,weighted,262,779,382,1,0,0.0,0.03244639949659768,0.03244639949659768,0.01168730650154798,0.01,49,11,36
webis-touche2020,rr,15,0.01,active_judge,262,761,382,0,0,0.0,0.10064409024311893,0.03244639949659768,0.01168730650154798,0.01,49,11,36
webis-touche2020,rr,15,0.01,strat_pilot,262,803,382,1,0,0.0,0.03279892751137137,0.03244639949659768,0.01168730650154798,0.01,49,11,36
webis-touche2020,rr,15,0.01,weighted_cv,262,795,382,1,0,0.0,0.02131264300899325,0.03244639949659768,0.01168730650154798,0.01,49,11,36
webis-touche2020,rr,15,0.01,active_cv,262,777,382,1,0,0.0,0.029192154058372798,0.03244639949659768,0.01168730650154798,0.01,49,11,36
webis-touche2020,rr,15,0.01,weighted_cvl,262,761,382,1,0,0.0,0.021307245515058953,0.03244639949659768,0.01168730650154798,0.01,49,11,36
webis-touche2020,rr,15,0.01,uniform,263,751,381,0,0,0.0002439868809047674,0.22653483140822522,0.0442298107335759,0.014895104895104892,0.009756013119095233,49,11,36
webis-touche2020,rr,15,0.01,uniform_nz,263,757,381,0,0,0.0002439868809047674,0.08739233270957611,0.0442298107335759,0.014895104895104892,0.009756013119095233,49,11,36
webis-touche2020,rr,15,0.01,weighted,263,767,381,1,0,0.0002439868809047674,0.0442298107335759,0.0442298107335759,0.014895104895104892,0.009756013119095233,49,11,36
webis-touche2020,rr,15,0.01,active_judge,263,764,381,1,0,0.0002439868809047674,0.1426806089319777,0.0442298107335759,0.014895104895104892,0.009756013119095233,49,11,36
webis-touche2020,rr,15,0.01,strat_pilot,263,746,381,1,0,0.0002439868809047674,0.04404615826949976,0.0442298107335759,0.014895104895104892,0.009756013119095233,49,11,36
webis-touche2020,rr,15,0.01,weighted_cv,263,765,381,1,0,0.0002439868809047674,0.02779006497452117,0.0442298107335759,0.014895104895104892,0.009756013119095233,49,11,36
webis-touche2020,rr,15,0.01,active_cv,263,769,381,0,0,0.0002439868809047674,0.04729058703050051,0.0442298107335759,0.014895104895104892,0.009756013119095233,49,11,36
webis-touche2020,rr,15,0.01,weighted_cvl,263,787,381,1,0,0.0002439868809047674,0.02779006497452117,0.0442298107335759,0.014895104895104892,0.009756013119095233,49,11,36
webis-touche2020,rr,15,0.01,uniform,264,797,367,1,0,0.0,0.2338337437970203,0.06648731893641122,0.03517072985494038,0.01,49,11,38
webis-touche2020,rr,15,0.01,uniform_nz,264,755,367,1,0,0.0,0.1087003690677408,0.06648731893641122,0.03517072985494038,0.01,49,11,38
webis-touche2020,rr,15,0.01,weighted,264,778,367,1,0,0.0,0.06648731893641122,0.06648731893641122,0.03517072985494038,0.01,49,11,38
webis-touche2020,rr,15,0.01,active_judge,264,783,367,1,0,0.0,0.20365198770572635,0.06648731893641122,0.03517072985494038,0.01,49,11,38
webis-touche2020,rr,15,0.01,strat_pilot,264,755,367,1,0,0.0,0.06840688473616566,0.06648731893641122,0.03517072985494038,0.01,49,11,38
webis-touche2020,rr,15,0.01,weighted_cv,264,782,367,1,0,0.0,0.04515201857091493,0.06648731893641122,0.03517072985494038,0.01,49,11,38
webis-touche2020,rr,15,0.01,active_cv,264,789,367,1,0,0.0,0.09174822348922572,0.06648731893641122,0.03517072985494038,0.01,49,11,38
webis-touche2020,rr,15,0.01,weighted_cvl,264,781,367,1,0,0.0,0.0425470363968096,0.06648731893641122,0.03517072985494038,0.01,49,11,38
webis-touche2020,rr,15,0.01,uniform,265,828,380,1,0,0.0,0.09908282691132907,0.06540768168517817,0.1120021723199809,0.01,49,12,38
webis-touche2020,rr,15,0.01,uniform_nz,265,847,380,1,0,0.0,0.07749454553934972,0.06540768168517817,0.1120021723199809,0.01,49,12,38
webis-touche2020,rr,15,0.01,weighted,265,829,380,1,0,0.0,0.06540768168517817,0.06540768168517817,0.1120021723199809,0.01,49,12,38
webis-touche2020,rr,15,0.01,active_judge,265,836,380,1,0,0.0,0.13609942276914727,0.06540768168517817,0.1120021723199809,0.01,49,12,38
webis-touche2020,rr,15,0.01,strat_pilot,265,832,380,1,0,0.0,0.06478652698230354,0.06540768168517817,0.1120021723199809,0.01,49,12,38
webis-touche2020,rr,15,0.01,weighted_cv,265,839,380,1,0,0.0,0.05594635977271485,0.06540768168517817,0.1120021723199809,0.01,49,12,38
webis-touche2020,rr,15,0.01,active_cv,265,817,380,1,0,0.0,0.10376291125785637,0.06540768168517817,0.1120021723199809,0.01,49,12,38
webis-touche2020,rr,15,0.01,weighted_cvl,265,859,380,1,0,0.0,0.05367690929695875,0.06540768168517817,0.1120021723199809,0.01,49,12,38
webis-touche2020,rr,15,0.01,uniform,266,793,376,1,0,0.0,0.07348319675571455,0.034129499348556636,0.050612412613186615,0.01,49,11,38
webis-touche2020,rr,15,0.01,uniform_nz,266,789,376,1,0,0.0,0.059696166937387884,0.034129499348556636,0.050612412613186615,0.01,49,11,38
webis-touche2020,rr,15,0.01,weighted,266,819,376,1,0,0.0,0.034129499348556636,0.034129499348556636,0.050612412613186615,0.01,49,11,38
webis-touche2020,rr,15,0.01,active_judge,266,789,376,0,0,0.0,0.09866646935964782,0.034129499348556636,0.050612412613186615,0.01,49,11,38
webis-touche2020,rr,15,0.01,strat_pilot,266,769,376,1,0,0.0,0.03357525319810061,0.034129499348556636,0.050612412613186615,0.01,49,11,38
webis-touche2020,rr,15,0.01,weighted_cv,266,772,376,1,0,0.0,0.02778488725128908,0.034129499348556636,0.050612412613186615,0.01,49,11,38
webis-touche2020,rr,15,0.01,active_cv,266,786,376,1,0,0.0,0.052291650378914825,0.034129499348556636,0.050612412613186615,0.01,49,11,38
webis-touche2020,rr,15,0.01,weighted_cvl,266,817,376,1,0,0.0,0.025940050684907824,0.034129499348556636,0.050612412613186615,0.01,49,11,38
webis-touche2020,rr,15,0.01,uniform,267,793,375,0,0,0.0,0.06293563525053011,0.04480464540310387,0.01891330891330892,0.01,49,11,36
webis-touche2020,rr,15,0.01,uniform_nz,267,732,375,0,0,0.0,0.055264876230983404,0.04480464540310387,0.01891330891330892,0.01,49,11,36
webis-touche2020,rr,15,0.01,weighted,267,761,375,1,0,0.0,0.04480464540310387,0.04480464540310387,0.01891330891330892,0.01,49,11,36
webis-touche2020,rr,15,0.01,active_judge,267,776,375,0,0,0.0,0.0992326359697492,0.04480464540310387,0.01891330891330892,0.01,49,11,36
webis-touche2020,rr,15,0.01,strat_pilot,267,756,375,0,0,0.0,0.052678553482317605,0.04480464540310387,0.01891330891330892,0.01,49,11,36
webis-touche2020,rr,15,0.01,weighted_cv,267,761,375,0,0,0.0,0.036680783602988494,0.04480464540310387,0.01891330891330892,0.01,49,11,36
webis-touche2020,rr,15,0.01,active_cv,267,761,375,1,0,0.0,0.0784447535644767,0.04480464540310387,0.01891330891330892,0.01,49,11,36
webis-touche2020,rr,15,0.01,weighted_cvl,267,774,375,0,0,0.0,0.03428922355220417,0.04480464540310387,0.01891330891330892,0.01,49,11,36
webis-touche2020,rr,15,0.01,uniform,268,767,373,0,0,0.001098070141002938,0.0670777946250681,0.034510095693296335,0.012402695343871808,0.008901929858997062,49,11,36
webis-touche2020,rr,15,0.01,uniform_nz,268,781,373,0,0,0.001098070141002938,0.05389538213757632,0.034510095693296335,0.012402695343871808,0.008901929858997062,49,11,36
webis-touche2020,rr,15,0.01,weighted,268,765,373,0,0,0.001098070141002938,0.034510095693296335,0.034510095693296335,0.012402695343871808,0.008901929858997062,49,11,36
webis-touche2020,rr,15,0.01,active_judge,268,750,373,0,0,0.001098070141002938,0.09967026949528907,0.034510095693296335,0.012402695343871808,0.008901929858997062,49,11,36
webis-touche2020,rr,15,0.01,strat_pilot,268,755,373,0,0,0.001098070141002938,0.03412415206557446,0.034510095693296335,0.012402695343871808,0.008901929858997062,49,11,36
webis-touche2020,rr,15,0.01,weighted_cv,268,754,373,0,0,0.001098070141002938,0.025719642737628567,0.034510095693296335,0.012402695343871808,0.008901929858997062,49,11,36
webis-touche2020,rr,15,0.01,active_cv,268,769,373,0,0,0.001098070141002938,0.041218363152325146,0.034510095693296335,0.012402695343871808,0.008901929858997062,49,11,36
webis-touche2020,rr,15,0.01,weighted_cvl,268,786,373,0,0,0.001098070141002938,0.025506436346754185,0.034510095693296335,0.012402695343871808,0.008901929858997062,49,11,36
webis-touche2020,rr,15,0.01,uniform,269,857,371,1,0,0.0,0.24596467903483582,0.08552411066119506,0.0682166426624631,0.01,49,12,38
webis-touche2020,rr,15,0.01,uniform_nz,269,828,371,1,0,0.0,0.16003359147777635,0.08552411066119506,0.0682166426624631,0.01,49,12,38
webis-touche2020,rr,15,0.01,weighted,269,840,371,1,0,0.0,0.08552411066119506,0.08552411066119506,0.0682166426624631,0.01,49,12,38
webis-touche2020,rr,15,0.01,active_judge,269,813,371,1,0,0.0,0.243362967144916,0.08552411066119506,0.0682166426624631,0.01,49,12,38
webis-touche2020,rr,15,0.01,strat_pilot,269,807,371,1,0,0.0,0.08650598387528621,0.08552411066119506,0.0682166426624631,0.01,49,12,38
webis-touche2020,rr,15,0.01,weighted_cv,269,817,371,1,0,0.0,0.0695988358899149,0.08552411066119506,0.0682166426624631,0.01,49,12,38
webis-touche2020,rr,15,0.01,active_cv,269,836,371,1,0,0.0,0.17860240257280854,0.08552411066119506,0.0682166426624631,0.01,49,12,38
webis-touche2020,rr,15,0.01,weighted_cvl,269,839,371,1,0,0.0,0.0672978840084107,0.08552411066119506,0.0682166426624631,0.01,49,12,38
webis-touche2020,rr,15,0.01,uniform,270,796,376,0,0,0.0,0.05642995202799145,0.0335109941316694,0.03911427801968248,0.01,49,11,38
webis-touche2020,rr,15,0.01,uniform_nz,270,778,376,1,0,0.0,0.040652914765265814,0.0335109941316694,0.03911427801968248,0.01,49,11,38
webis-touche2020,rr,15,0.01,weighted,270,779,376,1,0,0.0,0.0335109941316694,0.0335109941316694,0.03911427801968248,0.01,49,11,38
webis-touche2020,rr,15,0.01,active_judge,270,796,376,1,0,0.0,0.09031787319784237,0.0335109941316694,0.03911427801968248,0.01,49,11,38
webis-touche2020,rr,15,0.01,strat_pilot,270,791,376,1,0,0.0,0.03541363683214484,0.0335109941316694,0.03911427801968248,0.01,49,11,38
webis-touche2020,rr,15,0.01,weighted_cv,270,808,376,1,0,0.0,0.02787280543741686,0.0335109941316694,0.03911427801968248,0.01,49,11,38
webis-touche2020,rr,15,0.01,active_cv,270,797,376,1,0,0.0,0.0471823548899306,0.0335109941316694,0.03911427801968248,0.01,49,11,38
webis-touche2020,rr,15,0.01,weighted_cvl,270,813,376,1,0,0.0,0.026414278039232224,0.0335109941316694,0.03911427801968248,0.01,49,11,38
webis-touche2020,rr,15,0.01,uniform,271,799,387,0,0,0.0,0.0992089984551128,0.05870667701302638,0.012189542483660127,0.01,49,11,36
webis-touche2020,rr,15,0.01,uniform_nz,271,748,387,1,0,0.0,0.07854327748262795,0.05870667701302638,0.012189542483660127,0.01,49,11,36
webis-touche2020,rr,15,0.01,weighted,271,777,387,1,0,0.0,0.05870667701302638,0.05870667701302638,0.012189542483660127,0.01,49,11,36
webis-touche2020,rr,15,0.01,active_judge,271,785,387,1,0,0.0,0.17177129527720605,0.05870667701302638,0.012189542483660127,0.01,49,11,36
webis-touche2020,rr,15,0.01,strat_pilot,271,770,387,1,0,0.0,0.0591265057614756,0.05870667701302638,0.012189542483660127,0.01,49,11,36
webis-touche2020,rr,15,0.01,weighted_cv,271,785,387,1,0,0.0,0.048957949793839675,0.05870667701302638,0.012189542483660127,0.01,49,11,36
webis-touche2020,rr,15,0.01,active_cv,271,780,387,1,0,0.0,0.10112346504161415,0.05870667701302638,0.012189542483660127,0.01,49,11,36
webis-touche2020,rr,15,0.01,weighted_cvl,271,785,387,1,0,0.0,0.048317527975154144,0.05870667701302638,0.012189542483660127,0.01,49,11,36
webis-touche2020,rr,15,0.01,uniform,272,749,389,1,0,0.0,0.07932421848497676,0.047200278114406635,0.013921525670751684,0.01,49,11,36
webis-touche2020,rr,15,0.01,uniform_nz,272,768,389,0,0,0.0,0.06227591827358845,0.047200278114406635,0.013921525670751684,0.01,49,11,36
webis-touche2020,rr,15,0.01,weighted,272,778,389,1,0,0.0,0.047200278114406635,0.047200278114406635,0.013921525670751684,0.01,49,11,36
webis-touche2020,rr,15,0.01,active_judge,272,769,389,1,0,0.0,0.09300695977331187,0.047200278114406635,0.013921525670751684,0.01,49,11,36
webis-touche2020,rr,15,0.01,strat_pilot,272,777,389,0,0,0.0,0.0475774887700235,0.047200278114406635,0.013921525670751684,0.01,49,11,36
webis-touche2020,rr,15,0.01,weighted_cv,272,772,389,1,0,0.0,0.03662533185149269,0.047200278114406635,0.013921525670751684,0.01,49,11,36
webis-touche2020,rr,15,0.01,active_cv,272,771,389,0,0,0.0,0.06842578443602772,0.047200278114406635,0.013921525670751684,0.01,49,11,36
webis-touche2020,rr,15,0.01,weighted_cvl,272,779,389,1,0,0.0,0.03853447362501829,0.047200278114406635,0.013921525670751684,0.01,49,11,36
webis-touche2020,rr,15,0.01,uniform,273,774,377,0,0,0.0005121085011461357,0.057217625225605195,0.03702406387838593,0.009293139608929085,0.009487891498853864,49,11,36
webis-touche2020,rr,15,0.01,uniform_nz,273,768,377,1,0,0.0005121085011461357,0.044270789538307945,0.03702406387838593,0.009293139608929085,0.009487891498853864,49,11,36
webis-touche2020,rr,15,0.01,weighted,273,789,377,0,0,0.0005121085011461357,0.03702406387838593,0.03702406387838593,0.009293139608929085,0.009487891498853864,49,11,36
webis-touche2020,rr,15,0.01,active_judge,273,761,377,0,0,0.0005121085011461357,0.07634428637616208,0.03702406387838593,0.009293139608929085,0.009487891498853864,49,11,36
webis-touche2020,rr,15,0.01,strat_pilot,273,773,377,0,0,0.0005121085011461357,0.037307746764578265,0.03702406387838593,0.009293139608929085,0.009487891498853864,49,11,36
webis-touche2020,rr,15,0.01,weighted_cv,273,770,377,1,0,0.0005121085011461357,0.02957551130484039,0.03702406387838593,0.009293139608929085,0.009487891498853864,49,11,36
webis-touche2020,rr,15,0.01,active_cv,273,757,377,1,0,0.0005121085011461357,0.04289419098207934,0.03702406387838593,0.009293139608929085,0.009487891498853864,49,11,36
webis-touche2020,rr,15,0.01,weighted_cvl,273,750,377,0,0,0.0005121085011461357,0.02736004038905812,0.03702406387838593,0.009293139608929085,0.009487891498853864,49,11,36
webis-touche2020,rr,15,0.01,uniform,274,772,377,0,0,1.5514276587302867e-05,0.09993879310431487,0.04549974299838836,0.011449024831377774,0.009984485723412697,49,11,36
webis-touche2020,rr,15,0.01,uniform_nz,274,787,377,0,0,1.5514276587302867e-05,0.06986732729014587,0.04549974299838836,0.011449024831377774,0.009984485723412697,49,11,36
webis-touche2020,rr,15,0.01,weighted,274,770,377,1,0,1.5514276587302867e-05,0.04549974299838836,0.04549974299838836,0.011449024831377774,0.009984485723412697,49,11,36
webis-touche2020,rr,15,0.01,active_judge,274,750,377,1,0,1.5514276587302867e-05,0.15619141274906992,0.04549974299838836,0.011449024831377774,0.009984485723412697,49,11,36
webis-touche2020,rr,15,0.01,strat_pilot,274,797,377,1,0,1.5514276587302867e-05,0.04571153064388111,0.04549974299838836,0.011449024831377774,0.009984485723412697,49,11,36
webis-touche2020,rr,15,0.01,weighted_cv,274,753,377,1,0,1.5514276587302867e-05,0.03771050377335099,0.04549974299838836,0.011449024831377774,0.009984485723412697,49,11,36
webis-touche2020,rr,15,0.01,active_cv,274,778,377,1,0,1.5514276587302867e-05,0.08975318434612725,0.04549974299838836,0.011449024831377774,0.009984485723412697,49,11,36
webis-touche2020,rr,15,0.01,weighted_cvl,274,767,377,1,0,1.5514276587302867e-05,0.037991618434933636,0.04549974299838836,0.011449024831377774,0.009984485723412697,49,11,36
webis-touche2020,rr,15,0.01,uniform,275,839,391,1,0,0.0,0.0947973242233566,0.07329127665464212,0.09952039970396967,0.01,49,12,38
webis-touche2020,rr,15,0.01,uniform_nz,275,858,391,1,0,0.0,0.08111949964256313,0.07329127665464212,0.09952039970396967,0.01,49,12,38
webis-touche2020,rr,15,0.01,weighted,275,865,391,1,0,0.0,0.07329127665464212,0.07329127665464212,0.09952039970396967,0.01,49,12,38
webis-touche2020,rr,15,0.01,active_judge,275,861,391,1,0,0.0,0.16355482314690054,0.07329127665464212,0.09952039970396967,0.01,49,12,38
webis-touche2020,rr,15,0.01,strat_pilot,275,836,391,1,0,0.0,0.07377599860277204,0.07329127665464212,0.09952039970396967,0.01,49,12,38
webis-touche2020,rr,15,0.01,weighted_cv,275,844,391,1,0,0.0,0.06588651130408947,0.07329127665464212,0.09952039970396967,0.01,49,12,38
webis-touche2020,rr,15,0.01,active_cv,275,845,391,1,0,0.0,0.15412249976523368,0.07329127665464212,0.09952039970396967,0.01,49,12,38
webis-touche2020,rr,15,0.01,weighted_cvl,275,857,391,1,0,0.0,0.06232872647999217,0.07329127665464212,0.09952039970396967,0.01,49,12,38
webis-touche2020,rr,15,0.01,uniform,276,772,379,1,0,0.0,0.08015337110656713,0.03802004864084567,0.03326970217604894,0.01,49,11,38
webis-touche2020,rr,15,0.01,uniform_nz,276,827,379,1,0,0.0,0.04648917114738351,0.03802004864084567,0.03326970217604894,0.01,49,11,38
webis-touche2020,rr,15,0.01,weighted,276,788,379,1,0,0.0,0.03802004864084567,0.03802004864084567,0.03326970217604894,0.01,49,11,38
webis-touche2020,rr,15,0.01,active_judge,276,777,379,0,0,0.0,0.09594864565494529,0.03802004864084567,0.03326970217604894,0.01,49,11,38
webis-touche2020,rr,15,0.01,strat_pilot,276,794,379,1,0,0.0,0.03904768137496766,0.03802004864084567,0.03326970217604894,0.01,49,11,38
webis-touche2020,rr,15,0.01,weighted_cv,276,813,379,1,0,0.0,0.03190911448778499,0.03802004864084567,0.03326970217604894,0.01,49,11,38
webis-touche2020,rr,15,0.01,active_cv,276,800,379,1,0,0.0,0.0530764295868877,0.03802004864084567,0.03326970217604894,0.01,49,11,38
webis-touche2020,rr,15,0.01,weighted_cvl,276,793,379,1,0,0.0,0.030626904682861295,0.03802004864084567,0.03326970217604894,0.01,49,11,38
webis-touche2020,rr,15,0.01,uniform,277,797,376,1,0,0.0,0.0775339495464003,0.046771261762413904,0.030758653140232073,0.01,49,11,38
webis-touche2020,rr,15,0.01,uniform_nz,277,778,376,1,0,0.0,0.05793826787201153,0.046771261762413904,0.030758653140232073,0.01,49,11,38
webis-touche2020,rr,15,0.01,weighted,277,762,376,1,0,0.0,0.046771261762413904,0.046771261762413904,0.030758653140232073,0.01,49,11,38
webis-touche2020,rr,15,0.01,active_judge,277,788,376,0,0,0.0,0.09121583075196509,0.046771261762413904,0.030758653140232073,0.01,49,11,38
webis-touche2020,rr,15,0.01,strat_pilot,277,773,376,1,0,0.0,0.04714183291349694,0.046771261762413904,0.030758653140232073,0.01,49,11,38
webis-touche2020,rr,15,0.01,weighted_cv,277,781,376,1,0,0.0,0.04547042653881346,0.046771261762413904,0.030758653140232073,0.01,49,11,38
webis-touche2020,rr,15,0.01,active_cv,277,811,376,1,0,0.0,0.10873150723453713,0.046771261762413904,0.030758653140232073,0.01,49,11,38
webis-touche2020,rr,15,0.01,weighted_cvl,277,801,376,1,0,0.0,0.03768340539056831,0.046771261762413904,0.030758653140232073,0.01,49,11,38
webis-touche2020,rr,15,0.01,uniform,278,839,383,1,0,0.0,0.11021301690564608,0.07273635695125885,0.08135181627362237,0.01,49,12,38
webis-touche2020,rr,15,0.01,uniform_nz,278,868,383,1,0,0.0,0.08505957124700689,0.07273635695125885,0.08135181627362237,0.01,49,12,38
webis-touche2020,rr,15,0.01,weighted,278,830,383,1,0,0.0,0.07273635695125885,0.07273635695125885,0.08135181627362237,0.01,49,12,38
webis-touche2020,rr,15,0.01,active_judge,278,853,383,1,0,0.0,0.1941271831503983,0.07273635695125885,0.08135181627362237,0.01,49,12,38
webis-touche2020,rr,15,0.01,strat_pilot,278,822,383,1,0,0.0,0.07393456564730974,0.07273635695125885,0.08135181627362237,0.01,49,12,38
webis-touche2020,rr,15,0.01,weighted_cv,278,847,383,1,0,0.0,0.06041089842562845,0.07273635695125885,0.08135181627362237,0.01,49,12,38
webis-touche2020,rr,15,0.01,active_cv,278,850,383,0,0,0.0,0.1413573761621036,0.07273635695125885,0.08135181627362237,0.01,49,12,38
webis-touche2020,rr,15,0.01,weighted_cvl,278,825,383,1,0,0.0,0.05698688895260845,0.07273635695125885,0.08135181627362237,0.01,49,12,38
webis-touche2020,rr,15,0.01,uniform,279,798,376,1,0,0.0,0.08872765244697041,0.033235012286237035,0.052166243597963895,0.01,49,11,38
webis-touche2020,rr,15,0.01,uniform_nz,279,781,376,1,0,0.0,0.05973610082195061,0.033235012286237035,0.052166243597963895,0.01,49,11,38
webis-touche2020,rr,15,0.01,weighted,279,819,376,1,0,0.0,0.033235012286237035,0.033235012286237035,0.052166243597963895,0.01,49,11,38
webis-touche2020,rr,15,0.01,active_judge,279,806,376,1,0,0.0,0.11278031702771918,0.033235012286237035,0.052166243597963895,0.01,49,11,38
webis-touche2020,rr,15,0.01,strat_pilot,279,785,376,1,0,0.0,0.03568322980724385,0.033235012286237035,0.052166243597963895,0.01,49,11,38
webis-touche2020,rr,15,0.01,weighted_cv,279,770,376,1,0,0.0,0.023753505902197325,0.033235012286237035,0.052166243597963895,0.01,49,11,38
webis-touche2020,rr,15,0.01,active_cv,279,796,376,1,0,0.0,0.045639683461845146,0.033235012286237035,0.052166243597963895,0.01,49,11,38
webis-touche2020,rr,15,0.01,weighted_cvl,279,797,376,1,0,0.0,0.02294686891341222,0.033235012286237035,0.052166243597963895,0.01,49,11,38
webis-touche2020,rr,15,0.01,uniform,280,758,373,0,0,0.0,0.06490885096080386,0.03837530836926244,0.01679738562091503,0.01,49,11,36
webis-touche2020,rr,15,0.01,uniform_nz,280,774,373,1,0,0.0,0.0458780542746294,0.03837530836926244,0.01679738562091503,0.01,49,11,36
webis-touche2020,rr,15,0.01,weighted,280,769,373,1,0,0.0,0.03837530836926244,0.03837530836926244,0.01679738562091503,0.01,49,11,36
webis-touche2020,rr,15,0.01,active_judge,280,776,373,1,0,0.0,0.08050828068006935,0.03837530836926244,0.01679738562091503,0.01,49,11,36
webis-touche2020,rr,15,0.01,strat_pilot,280,762,373,1,0,0.0,0.040074136361439236,0.03837530836926244,0.01679738562091503,0.01,49,11,36
webis-touche2020,rr,15,0.01,weighted_cv,280,756,373,1,0,0.0,0.031538018619208935,0.03837530836926244,0.01679738562091503,0.01,49,11,36
webis-touche2020,rr,15,0.01,active_cv,280,761,373,1,0,0.0,0.055044363724628634,0.03837530836926244,0.01679738562091503,0.01,49,11,36
webis-touche2020,rr,15,0.01,weighted_cvl,280,745,373,1,0,0.0,0.030292558076509747,0.03837530836926244,0.01679738562091503,0.01,49,11,36
webis-touche2020,rr,15,0.01,uniform,281,771,390,1,0,0.0,0.054528756445736716,0.03517945867606592,0.01921750634985929,0.01,49,11,36
webis-touche2020,rr,15,0.01,uniform_nz,281,754,390,0,0,0.0,0.04195558532385409,0.03517945867606592,0.01921750634985929,0.01,49,11,36
webis-touche2020,rr,15,0.01,weighted,281,796,390,1,0,0.0,0.03517945867606592,0.03517945867606592,0.01921750634985929,0.01,49,11,36
webis-touche2020,rr,15,0.01,active_judge,281,780,390,0,0,0.0,0.06716034350553471,0.03517945867606592,0.01921750634985929,0.01,49,11,36
webis-touche2020,rr,15,0.01,strat_pilot,281,787,390,1,0,0.0,0.03505677963408481,0.03517945867606592,0.01921750634985929,0.01,49,11,36
webis-touche2020,rr,15,0.01,weighted_cv,281,771,390,1,0,0.0,0.029590555348336534,0.03517945867606592,0.01921750634985929,0.01,49,11,36
webis-touche2020,rr,15,0.01,active_cv,281,766,390,0,0,0.0,0.06078891702662618,0.03517945867606592,0.01921750634985929,0.01,49,11,36
webis-touche2020,rr,15,0.01,weighted_cvl,281,762,390,1,0,0.0,0.028452215861957175,0.03517945867606592,0.01921750634985929,0.01,49,11,36
webis-touche2020,rr,15,0.01,uniform,282,785,377,1,0,0.0,0.055079567133740515,0.028265740861131483,0.03534059236556206,0.01,49,11,38
webis-touche2020,rr,15,0.01,uniform_nz,282,740,377,1,0,0.0,0.03685213513813808,0.028265740861131483,0.03534059236556206,0.01,49,11,38
webis-touche2020,rr,15,0.01,weighted,282,784,377,1,0,0.0,0.028265740861131483,0.028265740861131483,0.03534059236556206,0.01,49,11,38
webis-touche2020,rr,15,0.01,active_judge,282,773,377,1,0,0.0,0.07098691403564436,0.028265740861131483,0.03534059236556206,0.01,49,11,38
webis-touche2020,rr,15,0.01,strat_pilot,282,780,377,1,0,0.0,0.02870119877860395,0.028265740861131483,0.03534059236556206,0.01,49,11,38
webis-touche2020,rr,15,0.01,weighted_cv,282,775,377,1,0,0.0,0.02042229279013099,0.028265740861131483,0.03534059236556206,0.01,49,11,38
webis-touche2020,rr,15,0.01,active_cv,282,779,377,1,0,0.0,0.03393719911251881,0.028265740861131483,0.03534059236556206,0.01,49,11,38
webis-touche2020,rr,15,0.01,weighted_cvl,282,783,377,1,0,0.0,0.019403177786766625,0.028265740861131483,0.03534059236556206,0.01,49,11,38
webis-touche2020,rr,15,0.01,uniform,283,834,387,1,0,0.0,0.14209796367843203,0.09533121509811801,0.11727670571724164,0.01,49,12,38
webis-touche2020,rr,15,0.01,uniform_nz,283,843,387,1,0,0.0,0.13143184534119806,0.09533121509811801,0.11727670571724164,0.01,49,12,38
webis-touche2020,rr,15,0.01,weighted,283,828,387,1,0,0.0,0.09533121509811801,0.09533121509811801,0.11727670571724164,0.01,49,12,38
webis-touche2020,rr,15,0.01,active_judge,283,850,387,1,0,0.0,0.23393557510513188,0.09533121509811801,0.11727670571724164,0.01,49,12,38
webis-touche2020,rr,15,0.01,strat_pilot,283,843,387,1,0,0.0,0.09639248617559251,0.09533121509811801,0.11727670571724164,0.01,49,12,38
webis-touche2020,rr,15,0.01,weighted_cv,283,836,387,1,0,0.0,0.08143076859499039,0.09533121509811801,0.11727670571724164,0.01,49,12,38
webis-touche2020,rr,15,0.01,active_cv,283,849,387,1,0,0.0,0.16183063903637493,0.09533121509811801,0.11727670571724164,0.01,49,12,38
webis-touche2020,rr,15,0.01,weighted_cvl,283,833,387,1,0,0.0,0.07058628461352574,0.09533121509811801,0.11727670571724164,0.01,49,12,38
webis-touche2020,rr,15,0.01,uniform,284,783,384,1,0,0.0,0.25441637445733206,0.08032082806718302,0.07496114996114996,0.01,49,11,38
webis-touche2020,rr,15,0.01,uniform_nz,284,793,384,1,0,0.0,0.12218421117661385,0.08032082806718302,0.07496114996114996,0.01,49,11,38
webis-touche2020,rr,15,0.01,weighted,284,787,384,1,0,0.0,0.08032082806718302,0.08032082806718302,0.07496114996114996,0.01,49,11,38
webis-touche2020,rr,15,0.01,active_judge,284,785,384,1,0,0.0,0.21950247404764833,0.08032082806718302,0.07496114996114996,0.01,49,11,38
webis-touche2020,rr,15,0.01,strat_pilot,284,807,384,1,0,0.0,0.0815144820657797,0.08032082806718302,0.07496114996114996,0.01,49,11,38
webis-touche2020,rr,15,0.01,weighted_cv,284,801,384,1,0,0.0,0.0590581380845801,0.08032082806718302,0.07496114996114996,0.01,49,11,38
webis-touche2020,rr,15,0.01,active_cv,284,812,384,1,0,0.0,0.08786008229476808,0.08032082806718302,0.07496114996114996,0.01,49,11,38
webis-touche2020,rr,15,0.01,weighted_cvl,284,798,384,1,0,0.0,0.05762699284798443,0.08032082806718302,0.07496114996114996,0.01,49,11,38
webis-touche2020,rr,15,0.01,uniform,285,742,371,0,0,0.000743627731033647,0.061955102237997065,0.03637912302196443,0.01720328690916926,0.009256372268966353,49,11,36
webis-touche2020,rr,15,0.01,uniform_nz,285,755,371,0,0,0.000743627731033647,0.04880939199018852,0.03637912302196443,0.01720328690916926,0.009256372268966353,49,11,36
webis-touche2020,rr,15,0.01,weighted,285,752,371,1,0,0.000743627731033647,0.03637912302196443,0.03637912302196443,0.01720328690916926,0.009256372268966353,49,11,36
webis-touche2020,rr,15,0.01,active_judge,285,759,371,1,0,0.000743627731033647,0.08664995405823836,0.03637912302196443,0.01720328690916926,0.009256372268966353,49,11,36
webis-touche2020,rr,15,0.01,strat_pilot,285,761,371,0,0,0.000743627731033647,0.036833850757664155,0.03637912302196443,0.01720328690916926,0.009256372268966353,49,11,36
webis-touche2020,rr,15,0.01,weighted_cv,285,754,371,1,0,0.000743627731033647,0.028813816730699948,0.03637912302196443,0.01720328690916926,0.009256372268966353,49,11,36
webis-touche2020,rr,15,0.01,active_cv,285,765,371,0,0,0.000743627731033647,0.056962252259806403,0.03637912302196443,0.01720328690916926,0.009256372268966353,49,11,36
webis-touche2020,rr,15,0.01,weighted_cvl,285,761,371,1,0,0.000743627731033647,0.02870693096785624,0.03637912302196443,0.01720328690916926,0.009256372268966353,49,11,36
webis-touche2020,rr,15,0.01,uniform,286,769,376,0,0,0.0009042635404231669,0.0847493680590234,0.05030601132893599,0.011821432351618096,0.009095736459576833,49,11,36
webis-touche2020,rr,15,0.01,uniform_nz,286,783,376,0,0,0.0009042635404231669,0.073278470377481,0.05030601132893599,0.011821432351618096,0.009095736459576833,49,11,36
webis-touche2020,rr,15,0.01,weighted,286,762,376,0,0,0.0009042635404231669,0.05030601132893599,0.05030601132893599,0.011821432351618096,0.009095736459576833,49,11,36
webis-touche2020,rr,15,0.01,active_judge,286,764,376,0,0,0.0009042635404231669,0.1318493739223352,0.05030601132893599,0.011821432351618096,0.009095736459576833,49,11,36
webis-touche2020,rr,15,0.01,strat_pilot,286,767,376,0,0,0.0009042635404231669,0.05043561687258176,0.05030601132893599,0.011821432351618096,0.009095736459576833,49,11,36
webis-touche2020,rr,15,0.01,weighted_cv,286,766,376,0,0,0.0009042635404231669,0.0368268433100321,0.05030601132893599,0.011821432351618096,0.009095736459576833,49,11,36
webis-touche2020,rr,15,0.01,active_cv,286,786,376,0,0,0.0009042635404231669,0.07011905842542183,0.05030601132893599,0.011821432351618096,0.009095736459576833,49,11,36
webis-touche2020,rr,15,0.01,weighted_cvl,286,795,376,0,0,0.0009042635404231669,0.03606772769481275,0.05030601132893599,0.011821432351618096,0.009095736459576833,49,11,36
webis-touche2020,rr,15,0.01,uniform,287,824,376,1,0,0.0,0.09389847605799669,0.07200812627858619,0.08981813054433864,0.01,49,12,38
webis-touche2020,rr,15,0.01,uniform_nz,287,847,376,1,0,0.0,0.07704245067421092,0.07200812627858619,0.08981813054433864,0.01,49,12,38
webis-touche2020,rr,15,0.01,weighted,287,856,376,1,0,0.0,0.07200812627858619,0.07200812627858619,0.08981813054433864,0.01,49,12,38
webis-touche2020,rr,15,0.01,active_judge,287,849,376,1,0,0.0,0.14241390409836502,0.07200812627858619,0.08981813054433864,0.01,49,12,38
webis-touche2020,rr,15,0.01,strat_pilot,287,865,376,1,0,0.0,0.07351811981922025,0.07200812627858619,0.08981813054433864,0.01,49,12,38
webis-touche2020,rr,15,0.01,weighted_cv,287,853,376,1,0,0.0,0.06355593231249135,0.07200812627858619,0.08981813054433864,0.01,49,12,38
webis-touche2020,rr,15,0.01,active_cv,287,822,376,1,0,0.0,0.14144546331320673,0.07200812627858619,0.08981813054433864,0.01,49,12,38
webis-touche2020,rr,15,0.01,weighted_cvl,287,844,376,1,0,0.0,0.060338492189253266,0.07200812627858619,0.08981813054433864,0.01,49,12,38
webis-touche2020,rr,15,0.01,uniform,288,757,369,0,0,0.0,0.10388274734094416,0.05127622500208442,0.025455168756252363,0.01,49,11,36
webis-touche2020,rr,15,0.01,uniform_nz,288,761,369,0,0,0.0,0.0741821789441041,0.05127622500208442,0.025455168756252363,0.01,49,11,36
webis-touche2020,rr,15,0.01,weighted,288,721,369,0,0,0.0,0.05127622500208442,0.05127622500208442,0.025455168756252363,0.01,49,11,36
webis-touche2020,rr,15,0.01,active_judge,288,752,369,0,0,0.0,0.11967468002438612,0.05127622500208442,0.025455168756252363,0.01,49,11,36
webis-touche2020,rr,15,0.01,strat_pilot,288,739,369,1,0,0.0,0.049842512355439905,0.05127622500208442,0.025455168756252363,0.01,49,11,36
webis-touche2020,rr,15,0.01,weighted_cv,288,770,369,1,0,0.0,0.04759635770977209,0.05127622500208442,0.025455168756252363,0.01,49,11,36
webis-touche2020,rr,15,0.01,active_cv,288,752,369,0,0,0.0,0.11279296076219103,0.05127622500208442,0.025455168756252363,0.01,49,11,36
webis-touche2020,rr,15,0.01,weighted_cvl,288,740,369,1,0,0.0,0.044254054663596436,0.05127622500208442,0.025455168756252363,0.01,49,11,36
webis-touche2020,rr,15,0.01,uniform,289,788,378,1,0,0.0,0.09028882753118676,0.04498525889344733,0.03123396876028455,0.01,49,11,38
webis-touche2020,rr,15,0.01,uniform_nz,289,807,378,0,0,0.0,0.07230875845571128,0.04498525889344733,0.03123396876028455,0.01,49,11,38
webis-touche2020,rr,15,0.01,weighted,289,783,378,1,0,0.0,0.04498525889344733,0.04498525889344733,0.03123396876028455,0.01,49,11,38
webis-touche2020,rr,15,0.01,active_judge,289,776,378,1,0,0.0,0.12119942636683992,0.04498525889344733,0.03123396876028455,0.01,49,11,38
webis-touche2020,rr,15,0.01,strat_pilot,289,803,378,1,0,0.0,0.0454969243219852,0.04498525889344733,0.03123396876028455,0.01,49,11,38
webis-touche2020,rr,15,0.01,weighted_cv,289,809,378,1,0,0.0,0.03720335192142313,0.04498525889344733,0.03123396876028455,0.01,49,11,38
webis-touche2020,rr,15,0.01,active_cv,289,792,378,1,0,0.0,0.1032288443492289,0.04498525889344733,0.03123396876028455,0.01,49,11,38
webis-touche2020,rr,15,0.01,weighted_cvl,289,792,378,1,0,0.0,0.03322853545173769,0.04498525889344733,0.03123396876028455,0.01,49,11,38
webis-touche2020,rr,15,0.01,uniform,290,791,389,1,0,0.0,0.06764604136162529,0.046578512762113,0.04162013717027851,0.01,49,11,38
webis-touche2020,rr,15,0.01,uniform_nz,290,803,389,1,0,0.0,0.0558040049164444,0.046578512762113,0.04162013717027851,0.01,49,11,38
webis-touche2020,rr,15,0.01,weighted,290,822,389,1,0,0.0,0.046578512762113,0.046578512762113,0.04162013717027851,0.01,49,11,38
webis-touche2020,rr,15,0.01,active_judge,290,805,389,1,0,0.0,0.09196041950550463,0.046578512762113,0.04162013717027851,0.01,49,11,38
webis-touche2020,rr,15,0.01,strat_pilot,290,806,389,1,0,0.0,0.0475362890348471,0.046578512762113,0.04162013717027851,0.01,49,11,38
webis-touche2020,rr,15,0.01,weighted_cv,290,798,389,1,0,0.0,0.039898554933500176,0.046578512762113,0.04162013717027851,0.01,49,11,38
webis-touche2020,rr,15,0.01,active_cv,290,811,389,1,0,0.0,0.07061453051901356,0.046578512762113,0.04162013717027851,0.01,49,11,38
webis-touche2020,rr,15,0.01,weighted_cvl,290,802,389,1,0,0.0,0.038757552417931204,0.046578512762113,0.04162013717027851,0.01,49,11,38
webis-touche2020,rr,15,0.01,uniform,291,790,403,0,0,0.0,0.05412467309244899,0.03648749702778862,0.01861961095320227,0.01,49,11,36
webis-touche2020,rr,15,0.01,uniform_nz,291,791,403,0,0,0.0,0.04395954695948995,0.03648749702778862,0.01861961095320227,0.01,49,11,36
webis-touche2020,rr,15,0.01,weighted,291,814,403,1,0,0.0,0.03648749702778862,0.03648749702778862,0.01861961095320227,0.01,49,11,36
webis-touche2020,rr,15,0.01,active_judge,291,793,403,1,0,0.0,0.06599780548196574,0.03648749702778862,0.01861961095320227,0.01,49,11,36
webis-touche2020,rr,15,0.01,strat_pilot,291,792,403,1,0,0.0,0.03669628202111023,0.03648749702778862,0.01861961095320227,0.01,49,11,36
webis-touche2020,rr,15,0.01,weighted_cv,291,799,403,1,0,0.0,0.031033732255353406,0.03648749702778862,0.01861961095320227,0.01,49,11,36
webis-touche2020,rr,15,0.01,active_cv,291,794,403,0,0,0.0,0.046332248753357216,0.03648749702778862,0.01861961095320227,0.01,49,11,36
webis-touche2020,rr,15,0.01,weighted_cvl,291,786,403,0,0,0.0,0.02897392276091585,0.03648749702778862,0.01861961095320227,0.01,49,11,36
webis-touche2020,rr,15,0.01,uniform,292,792,382,1,0,0.0,0.05868582328758267,0.03950923571854729,0.019340385276917782,0.01,49,11,36
webis-touche2020,rr,15,0.01,uniform_nz,292,769,382,0,0,0.0,0.04662637628905736,0.03950923571854729,0.019340385276917782,0.01,49,11,36
webis-touche2020,rr,15,0.01,weighted,292,755,382,1,0,0.0,0.03950923571854729,0.03950923571854729,0.019340385276917782,0.01,49,11,36
webis-touche2020,rr,15,0.01,active_judge,292,769,382,1,0,0.0,0.08113247888394357,0.03950923571854729,0.019340385276917782,0.01,49,11,36
webis-touche2020,rr,15,0.01,strat_pilot,292,786,382,1,0,0.0,0.04036635113847275,0.03950923571854729,0.019340385276917782,0.01,49,11,36
webis-touche2020,rr,15,0.01,weighted_cv,292,783,382,0,0,0.0,0.033403323329127724,0.03950923571854729,0.019340385276917782,0.01,49,11,36
webis-touche2020,rr,15,0.01,active_cv,292,780,382,1,0,0.0,0.06309415682562781,0.03950923571854729,0.019340385276917782,0.01,49,11,36
webis-touche2020,rr,15,0.01,weighted_cvl,292,779,382,1,0,0.0,0.033883909846144186,0.03950923571854729,0.019340385276917782,0.01,49,11,36
webis-touche2020,rr,15,0.01,uniform,293,744,372,0,0,0.0,0.20614460464607695,0.04387194113364591,0.023477484561075873,0.01,49,11,36
webis-touche2020,rr,15,0.01,uniform_nz,293,754,372,1,0,0.0,0.06789228907521369,0.04387194113364591,0.023477484561075873,0.01,49,11,36
webis-touche2020,rr,15,0.01,weighted,293,766,372,0,0,0.0,0.04387194113364591,0.04387194113364591,0.023477484561075873,0.01,49,11,36
webis-touche2020,rr,15,0.01,active_judge,293,753,372,0,0,0.0,0.12293036034729414,0.04387194113364591,0.023477484561075873,0.01,49,11,36
webis-touche2020,rr,15,0.01,strat_pilot,293,741,372,0,0,0.0,0.04452781001353251,0.04387194113364591,0.023477484561075873,0.01,49,11,36
webis-touche2020,rr,15,0.01,weighted_cv,293,747,372,1,0,0.0,0.03280401139222823,0.04387194113364591,0.023477484561075873,0.01,49,11,36
webis-touche2020,rr,15,0.01,active_cv,293,734,372,1,0,0.0,0.04783382933251233,0.04387194113364591,0.023477484561075873,0.01,49,11,36
webis-touche2020,rr,15,0.01,weighted_cvl,293,759,372,1,0,0.0,0.0317902400532324,0.04387194113364591,0.023477484561075873,0.01,49,11,36
webis-touche2020,rr,15,0.01,uniform,294,830,381,1,0,0.0,0.060155231172994025,0.04331648743003977,0.04899073453878948,0.01,49,12,38
webis-touche2020,rr,15,0.01,uniform_nz,294,818,381,1,0,0.0,0.04774332445956886,0.04331648743003977,0.04899073453878948,0.01,49,12,38
webis-touche2020,rr,15,0.01,weighted,294,831,381,1,0,0.0,0.04331648743003977,0.04331648743003977,0.04899073453878948,0.01,49,12,38
webis-touche2020,rr,15,0.01,active_judge,294,834,381,1,0,0.0,0.09609668686310427,0.04331648743003977,0.04899073453878948,0.01,49,12,38
webis-touche2020,rr,15,0.01,strat_pilot,294,853,381,1,0,0.0,0.04367098746879937,0.04331648743003977,0.04899073453878948,0.01,49,12,38
webis-touche2020,rr,15,0.01,weighted_cv,294,839,381,1,0,0.0,0.04275200858287931,0.04331648743003977,0.04899073453878948,0.01,49,12,38
webis-touche2020,rr,15,0.01,active_cv,294,839,381,1,0,0.0,0.08463654676555739,0.04331648743003977,0.04899073453878948,0.01,49,12,38
webis-touche2020,rr,15,0.01,weighted_cvl,294,817,381,1,0,0.0,0.03617890047870596,0.04331648743003977,0.04899073453878948,0.01,49,12,38
webis-touche2020,rr,15,0.01,uniform,295,800,369,1,0,0.0,0.22665653513749745,0.058470002923507416,0.07923920816026081,0.01,49,11,38
webis-touche2020,rr,15,0.01,uniform_nz,295,775,369,1,0,0.0,0.10125507511707485,0.058470002923507416,0.07923920816026081,0.01,49,11,38
webis-touche2020,rr,15,0.01,weighted,295,803,369,1,0,0.0,0.058470002923507416,0.058470002923507416,0.07923920816026081,0.01,49,11,38
webis-touche2020,rr,15,0.01,active_judge,295,775,369,1,0,0.0,0.19415700331440205,0.058470002923507416,0.07923920816026081,0.01,49,11,38
webis-touche2020,rr,15,0.01,strat_pilot,295,806,369,1,0,0.0,0.05961116198031965,0.058470002923507416,0.07923920816026081,0.01,49,11,38
webis-touche2020,rr,15,0.01,weighted_cv,295,777,369,1,0,0.0,0.04240676178177473,0.058470002923507416,0.07923920816026081,0.01,49,11,38
webis-touche2020,rr,15,0.01,active_cv,295,774,369,1,0,0.0,0.09252020657313954,0.058470002923507416,0.07923920816026081,0.01,49,11,38
webis-touche2020,rr,15,0.01,weighted_cvl,295,780,369,1,0,0.0,0.0397114160711572,0.058470002923507416,0.07923920816026081,0.01,49,11,38
webis-touche2020,rr,15,0.01,uniform,296,746,365,0,0,0.0,0.052018554205297975,0.02877405676395587,0.01583280771516065,0.01,49,11,36
webis-touche2020,rr,15,0.01,uniform_nz,296,732,365,0,0,0.0,0.0409852813082563,0.02877405676395587,0.01583280771516065,0.01,49,11,36
webis-touche2020,rr,15,0.01,weighted,296,740,365,0,0,0.0,0.02877405676395587,0.02877405676395587,0.01583280771516065,0.01,49,11,36
webis-touche2020,rr,15,0.01,active_judge,296,761,365,1,0,0.0,0.056844661364850405,0.02877405676395587,0.01583280771516065,0.01,49,11,36
webis-touche2020,rr,15,0.01,strat_pilot,296,746,365,1,0,0.0,0.029419790350135117,0.02877405676395587,0.01583280771516065,0.01,49,11,36
webis-touche2020,rr,15,0.01,weighted_cv,296,748,365,1,0,0.0,0.026188481827368586,0.02877405676395587,0.01583280771516065,0.01,49,11,36
webis-touche2020,rr,15,0.01,active_cv,296,738,365,0,0,0.0,0.05672352078861777,0.02877405676395587,0.01583280771516065,0.01,49,11,36
webis-touche2020,rr,15,0.01,weighted_cvl,296,753,365,1,0,0.0,0.02521580364460087,0.02877405676395587,0.01583280771516065,0.01,49,11,36
webis-touche2020,rr,15,0.01,uniform,297,850,383,1,0,0.0,0.10150474985468479,0.06345073205425872,0.10886693115243391,0.01,49,12,38
webis-touche2020,rr,15,0.01,uniform_nz,297,857,383,1,0,0.0,0.08182548846431228,0.06345073205425872,0.10886693115243391,0.01,49,12,38
webis-touche2020,rr,15,0.01,weighted,297,868,383,1,0,0.0,0.06345073205425872,0.06345073205425872,0.10886693115243391,0.01,49,12,38
webis-touche2020,rr,15,0.01,active_judge,297,830,383,1,0,0.0,0.1415645254807222,0.06345073205425872,0.10886693115243391,0.01,49,12,38
webis-touche2020,rr,15,0.01,strat_pilot,297,834,383,1,0,0.0,0.06389475759168133,0.06345073205425872,0.10886693115243391,0.01,49,12,38
webis-touche2020,rr,15,0.01,weighted_cv,297,864,383,1,0,0.0,0.054251409549075126,0.06345073205425872,0.10886693115243391,0.01,49,12,38
webis-touche2020,rr,15,0.01,active_cv,297,859,383,1,0,0.0,0.10377436460795875,0.06345073205425872,0.10886693115243391,0.01,49,12,38
webis-touche2020,rr,15,0.01,weighted_cvl,297,819,383,1,0,0.0,0.05442547710309205,0.06345073205425872,0.10886693115243391,0.01,49,12,38
webis-touche2020,rr,15,0.01,uniform,298,761,380,0,0,0.0008690031554715594,0.20512759322594828,0.03811893956128891,0.011880654175545806,0.00913099684452844,49,11,36
webis-touche2020,rr,15,0.01,uniform_nz,298,777,380,0,0,0.0008690031554715594,0.06131066867827016,0.03811893956128891,0.011880654175545806,0.00913099684452844,49,11,36
webis-touche2020,rr,15,0.01,weighted,298,795,380,0,0,0.0008690031554715594,0.03811893956128891,0.03811893956128891,0.011880654175545806,0.00913099684452844,49,11,36
webis-touche2020,rr,15,0.01,active_judge,298,780,380,0,0,0.0008690031554715594,0.11992932038724682,0.03811893956128891,0.011880654175545806,0.00913099684452844,49,11,36
webis-touche2020,rr,15,0.01,strat_pilot,298,770,380,1,0,0.0008690031554715594,0.038200447922073354,0.03811893956128891,0.011880654175545806,0.00913099684452844,49,11,36
webis-touche2020,rr,15,0.01,weighted_cv,298,778,380,0,0,0.0008690031554715594,0.027488334241612556,0.03811893956128891,0.011880654175545806,0.00913099684452844,49,11,36
webis-touche2020,rr,15,0.01,active_cv,298,782,380,0,0,0.0008690031554715594,0.043126662512746786,0.03811893956128891,0.011880654175545806,0.00913099684452844,49,11,36
webis-touche2020,rr,15,0.01,weighted_cvl,298,786,380,0,0,0.0008690031554715594,0.026284251217707992,0.03811893956128891,0.011880654175545806,0.00913099684452844,49,11,36
webis-touche2020,rr,15,0.01,uniform,299,789,369,0,0,0.0,0.11905191692524195,0.06490011695047024,0.08005136951112182,0.01,49,11,38
webis-touche2020,rr,15,0.01,uniform_nz,299,783,369,1,0,0.0,0.07780975940226834,0.06490011695047024,0.08005136951112182,0.01,49,11,38
webis-touche2020,rr,15,0.01,weighted,299,774,369,1,0,0.0,0.06490011695047024,0.06490011695047024,0.08005136951112182,0.01,49,11,38
webis-touche2020,rr,15,0.01,active_judge,299,795,369,1,0,0.0,0.1627822541754961,0.06490011695047024,0.08005136951112182,0.01,49,11,38
webis-touche2020,rr,15,0.01,strat_pilot,299,786,369,1,0,0.0,0.06453558497440733,0.06490011695047024,0.08005136951112182,0.01,49,11,38
webis-touche2020,rr,15,0.01,weighted_cv,299,784,369,1,0,0.0,0.056959395906721534,0.06490011695047024,0.08005136951112182,0.01,49,11,38
webis-touche2020,rr,15,0.01,active_cv,299,784,369,1,0,0.0,0.10603012862619184,0.06490011695047024,0.08005136951112182,0.01,49,11,38
webis-touche2020,rr,15,0.01,weighted_cvl,299,778,369,1,0,0.0,0.05392666466168942,0.06490011695047024,0.08005136951112182,0.01,49,11,38
webis-touche2020,rr,15,0.02,uniform,0,834,381,1,0,0.0,0.07286804530456249,0.04018559993081252,0.031200794501709816,0.02,49,11,38
webis-touche2020,rr,15,0.02,uniform_nz,0,813,381,1,0,0.0,0.046400217082819384,0.04018559993081252,0.031200794501709816,0.02,49,11,38
webis-touche2020,rr,15,0.02,weighted,0,806,381,1,0,0.0,0.04018559993081252,0.04018559993081252,0.031200794501709816,0.02,49,11,38
webis-touche2020,rr,15,0.02,active_judge,0,787,381,1,0,0.0,0.08806529629702582,0.04018559993081252,0.031200794501709816,0.02,49,11,38
webis-touche2020,rr,15,0.02,strat_pilot,0,789,381,1,0,0.0,0.0405639195395915,0.04018559993081252,0.031200794501709816,0.02,49,11,38
webis-touche2020,rr,15,0.02,weighted_cv,0,816,381,1,0,0.0,0.03499254967176517,0.04018559993081252,0.031200794501709816,0.02,49,11,38
webis-touche2020,rr,15,0.02,active_cv,0,807,381,1,0,0.0,0.06624582349214195,0.04018559993081252,0.031200794501709816,0.02,49,11,38
webis-touche2020,rr,15,0.02,weighted_cvl,0,825,381,1,0,0.0,0.032383424265780614,0.04018559993081252,0.031200794501709816,0.02,49,11,38
webis-touche2020,rr,15,0.02,uniform,1,811,373,1,0,0.0,0.12009121568621714,0.0849492063706224,0.08100441276989266,0.02,49,12,38
webis-touche2020,rr,15,0.02,uniform_nz,1,809,373,1,0,0.0,0.09903054323707525,0.0849492063706224,0.08100441276989266,0.02,49,12,38
webis-touche2020,rr,15,0.02,weighted,1,858,373,1,0,0.0,0.0849492063706224,0.0849492063706224,0.08100441276989266,0.02,49,12,38
webis-touche2020,rr,15,0.02,active_judge,1,836,373,1,0,0.0,0.16255208286934839,0.0849492063706224,0.08100441276989266,0.02,49,12,38
webis-touche2020,rr,15,0.02,strat_pilot,1,845,373,1,0,0.0,0.08536905233248362,0.0849492063706224,0.08100441276989266,0.02,49,12,38
webis-touche2020,rr,15,0.02,weighted_cv,1,843,373,1,0,0.0,0.07623149813001431,0.0849492063706224,0.08100441276989266,0.02,49,12,38
webis-touche2020,rr,15,0.02,active_cv,1,841,373,1,0,0.0,0.1800796257042711,0.0849492063706224,0.08100441276989266,0.02,49,12,38
webis-touche2020,rr,15,0.02,weighted_cvl,1,840,373,1,0,0.0,0.071809221501373,0.0849492063706224,0.08100441276989266,0.02,49,12,38
webis-touche2020,rr,15,0.02,uniform,2,847,373,1,0,0.0,0.21790200041801971,0.03990617386609201,0.07186040762605574,0.02,49,11,38
webis-touche2020,rr,15,0.02,uniform_nz,2,769,373,1,0,0.0,0.0774720385447685,0.03990617386609201,0.07186040762605574,0.02,49,11,38
webis-touche2020,rr,15,0.02,weighted,2,787,373,1,0,0.0,0.03990617386609201,0.03990617386609201,0.07186040762605574,0.02,49,11,38
webis-touche2020,rr,15,0.02,active_judge,2,785,373,1,0,0.0,0.13413036674523504,0.03990617386609201,0.07186040762605574,0.02,49,11,38
webis-touche2020,rr,15,0.02,strat_pilot,2,766,373,1,0,0.0,0.04092896950173842,0.03990617386609201,0.07186040762605574,0.02,49,11,38
webis-touche2020,rr,15,0.02,weighted_cv,2,758,373,1,0,0.0,0.024364388459090853,0.03990617386609201,0.07186040762605574,0.02,49,11,38
webis-touche2020,rr,15,0.02,active_cv,2,785,373,1,0,0.0,0.036523168642072355,0.03990617386609201,0.07186040762605574,0.02,49,11,38
webis-touche2020,rr,15,0.02,weighted_cvl,2,779,373,1,0,0.0,0.024012316527308588,0.03990617386609201,0.07186040762605574,0.02,49,11,38
webis-touche2020,rr,15,0.02,uniform,3,846,377,1,0,0.0,0.0862189755434886,0.065125427413619,0.06500092007661633,0.02,49,12,38
webis-touche2020,rr,15,0.02,uniform_nz,3,842,377,1,0,0.0,0.06781956290076736,0.065125427413619,0.06500092007661633,0.02,49,12,38
webis-touche2020,rr,15,0.02,weighted,3,818,377,1,0,0.0,0.065125427413619,0.065125427413619,0.06500092007661633,0.02,49,12,38
webis-touche2020,rr,15,0.02,active_judge,3,829,377,1,0,0.0,0.137132327294326,0.065125427413619,0.06500092007661633,0.02,49,12,38
webis-touche2020,rr,15,0.02,strat_pilot,3,813,377,1,0,0.0,0.06615236607811517,0.065125427413619,0.06500092007661633,0.02,49,12,38
webis-touche2020,rr,15,0.02,weighted_cv,3,839,377,1,0,0.0,0.05389760221490771,0.065125427413619,0.06500092007661633,0.02,49,12,38
webis-touche2020,rr,15,0.02,active_cv,3,853,377,1,0,0.0,0.0861942978057053,0.065125427413619,0.06500092007661633,0.02,49,12,38
webis-touche2020,rr,15,0.02,weighted_cvl,3,853,377,1,0,0.0,0.05220033297952574,0.065125427413619,0.06500092007661633,0.02,49,12,38
webis-touche2020,rr,15,0.02,uniform,4,736,373,0,0,0.0008754356501875504,0.06896981335916855,0.04001357446300678,0.021940720098614818,0.01912456434981245,49,11,36
webis-touche2020,rr,15,0.02,uniform_nz,4,765,373,0,0,0.0008754356501875504,0.05916338381313574,0.04001357446300678,0.021940720098614818,0.01912456434981245,49,11,36
webis-touche2020,rr,15,0.02,weighted,4,762,373,1,0,0.0008754356501875504,0.04001357446300678,0.04001357446300678,0.021940720098614818,0.01912456434981245,49,11,36
webis-touche2020,rr,15,0.02,active_judge,4,751,373,1,0,0.0008754356501875504,0.11519045917338708,0.04001357446300678,0.021940720098614818,0.01912456434981245,49,11,36
webis-touche2020,rr,15,0.02,strat_pilot,4,765,373,1,0,0.0008754356501875504,0.04038920361147026,0.04001357446300678,0.021940720098614818,0.01912456434981245,49,11,36
webis-touche2020,rr,15,0.02,weighted_cv,4,760,373,1,0,0.0008754356501875504,0.03087211557041733,0.04001357446300678,0.021940720098614818,0.01912456434981245,49,11,36
webis-touche2020,rr,15,0.02,active_cv,4,783,373,0,0,0.0008754356501875504,0.058103041133057975,0.04001357446300678,0.021940720098614818,0.01912456434981245,49,11,36
webis-touche2020,rr,15,0.02,weighted_cvl,4,750,373,1,0,0.0008754356501875504,0.029679373860829965,0.04001357446300678,0.021940720098614818,0.01912456434981245,49,11,36
webis-touche2020,rr,15,0.02,uniform,5,817,379,1,0,0.0,0.22492797309704238,0.042964461764505406,0.05768926353157072,0.02,49,11,38
webis-touche2020,rr,15,0.02,uniform_nz,5,828,379,1,0,0.0,0.08047282173955692,0.042964461764505406,0.05768926353157072,0.02,49,11,38
webis-touche2020,rr,15,0.02,weighted,5,792,379,1,0,0.0,0.042964461764505406,0.042964461764505406,0.05768926353157072,0.02,49,11,38
webis-touche2020,rr,15,0.02,active_judge,5,784,379,1,0,0.0,0.14121107878845385,0.042964461764505406,0.05768926353157072,0.02,49,11,38
webis-touche2020,rr,15,0.02,strat_pilot,5,791,379,1,0,0.0,0.044353972401331807,0.042964461764505406,0.05768926353157072,0.02,49,11,38
webis-touche2020,rr,15,0.02,weighted_cv,5,780,379,1,0,0.0,0.028184731046909446,0.042964461764505406,0.05768926353157072,0.02,49,11,38
webis-touche2020,rr,15,0.02,active_cv,5,784,379,1,0,0.0,0.04038880821982409,0.042964461764505406,0.05768926353157072,0.02,49,11,38
webis-touche2020,rr,15,0.02,weighted_cvl,5,798,379,1,0,0.0,0.02910266185841933,0.042964461764505406,0.05768926353157072,0.02,49,11,38
webis-touche2020,rr,15,0.02,uniform,6,789,383,1,0,0.0010923645270014548,0.06554818745479342,0.036614901920648216,0.026227027186779498,0.018907635472998546,49,11,36
webis-touche2020,rr,15,0.02,uniform_nz,6,760,383,0,0,0.0010923645270014548,0.047639624055371706,0.036614901920648216,0.026227027186779498,0.018907635472998546,49,11,36
webis-touche2020,rr,15,0.02,weighted,6,780,383,1,0,0.0010923645270014548,0.036614901920648216,0.036614901920648216,0.026227027186779498,0.018907635472998546,49,11,36
webis-touche2020,rr,15,0.02,active_judge,6,757,383,1,0,0.0010923645270014548,0.09033833568923383,0.036614901920648216,0.026227027186779498,0.018907635472998546,49,11,36
webis-touche2020,rr,15,0.02,strat_pilot,6,789,383,1,0,0.0010923645270014548,0.03561368506095597,0.036614901920648216,0.026227027186779498,0.018907635472998546,49,11,36
webis-touche2020,rr,15,0.02,weighted_cv,6,793,383,1,0,0.0010923645270014548,0.0289199675365935,0.036614901920648216,0.026227027186779498,0.018907635472998546,49,11,36
webis-touche2020,rr,15,0.02,active_cv,6,766,383,0,0,0.0010923645270014548,0.050058530678555924,0.036614901920648216,0.026227027186779498,0.018907635472998546,49,11,36
webis-touche2020,rr,15,0.02,weighted_cvl,6,768,383,1,0,0.0010923645270014548,0.02970599850585339,0.036614901920648216,0.026227027186779498,0.018907635472998546,49,11,36
webis-touche2020,rr,15,0.02,uniform,7,822,372,1,0,0.0,0.1468245811214146,0.0959253044556979,0.12059338195011818,0.02,49,12,38
webis-touche2020,rr,15,0.02,uniform_nz,7,814,372,1,0,0.0,0.13061759998609465,0.0959253044556979,0.12059338195011818,0.02,49,12,38
webis-touche2020,rr,15,0.02,weighted,7,837,372,1,0,0.0,0.0959253044556979,0.0959253044556979,0.12059338195011818,0.02,49,12,38
webis-touche2020,rr,15,0.02,active_judge,7,804,372,1,0,0.0,0.2591944547492417,0.0959253044556979,0.12059338195011818,0.02,49,12,38
webis-touche2020,rr,15,0.02,strat_pilot,7,822,372,1,0,0.0,0.09800922246349966,0.0959253044556979,0.12059338195011818,0.02,49,12,38
webis-touche2020,rr,15,0.02,weighted_cv,7,821,372,1,0,0.0,0.081405385375112,0.0959253044556979,0.12059338195011818,0.02,49,12,38
webis-touche2020,rr,15,0.02,active_cv,7,816,372,1,0,0.0,0.19435519312695537,0.0959253044556979,0.12059338195011818,0.02,49,12,38
webis-touche2020,rr,15,0.02,weighted_cvl,7,841,372,1,0,0.0,0.07526802679466323,0.0959253044556979,0.12059338195011818,0.02,49,12,38
webis-touche2020,rr,15,0.02,uniform,8,793,378,1,0,0.0,0.20323686853907175,0.04296228343917914,0.027836257309941513,0.02,49,11,36
webis-touche2020,rr,15,0.02,uniform_nz,8,764,378,1,0,0.0,0.06606617135864952,0.04296228343917914,0.027836257309941513,0.02,49,11,36
webis-touche2020,rr,15,0.02,weighted,8,764,378,1,0,0.0,0.04296228343917914,0.04296228343917914,0.027836257309941513,0.02,49,11,36
webis-touche2020,rr,15,0.02,active_judge,8,771,378,0,0,0.0,0.1200025322095668,0.04296228343917914,0.027836257309941513,0.02,49,11,36
webis-touche2020,rr,15,0.02,strat_pilot,8,736,378,1,0,0.0,0.04338828886035699,0.04296228343917914,0.027836257309941513,0.02,49,11,36
webis-touche2020,rr,15,0.02,weighted_cv,8,774,378,1,0,0.0,0.032375378524942364,0.04296228343917914,0.027836257309941513,0.02,49,11,36
webis-touche2020,rr,15,0.02,active_cv,8,766,378,1,0,0.0,0.06161732162326359,0.04296228343917914,0.027836257309941513,0.02,49,11,36
webis-touche2020,rr,15,0.02,weighted_cvl,8,773,378,1,0,0.0,0.030427458361254968,0.04296228343917914,0.027836257309941513,0.02,49,11,36
webis-touche2020,rr,15,0.02,uniform,9,790,383,1,0,0.0,0.23080234484183376,0.06757499049477915,0.06022404530454066,0.02,49,11,38
webis-touche2020,rr,15,0.02,uniform_nz,9,798,383,1,0,0.0,0.10721387478420777,0.06757499049477915,0.06022404530454066,0.02,49,11,38
webis-touche2020,rr,15,0.02,weighted,9,786,383,1,0,0.0,0.06757499049477915,0.06757499049477915,0.06022404530454066,0.02,49,11,38
webis-touche2020,rr,15,0.02,active_judge,9,804,383,1,0,0.0,0.19182992412822056,0.06757499049477915,0.06022404530454066,0.02,49,11,38
webis-touche2020,rr,15,0.02,strat_pilot,9,815,383,1,0,0.0,0.06809841899305427,0.06757499049477915,0.06022404530454066,0.02,49,11,38
webis-touche2020,rr,15,0.02,weighted_cv,9,790,383,1,0,0.0,0.052572284967499175,0.06757499049477915,0.06022404530454066,0.02,49,11,38
webis-touche2020,rr,15,0.02,active_cv,9,781,383,1,0,0.0,0.10928332006902022,0.06757499049477915,0.06022404530454066,0.02,49,11,38
webis-touche2020,rr,15,0.02,weighted_cvl,9,800,383,1,0,0.0,0.04820457019355756,0.06757499049477915,0.06022404530454066,0.02,49,11,38
webis-touche2020,rr,15,0.02,uniform,10,775,387,1,0,0.0,0.06771094471732758,0.04089958673499973,0.04086097463207436,0.02,49,11,38
webis-touche2020,rr,15,0.02,uniform_nz,10,823,387,1,0,0.0,0.05146287776511793,0.04089958673499973,0.04086097463207436,0.02,49,11,38
webis-touche2020,rr,15,0.02,weighted,10,788,387,1,0,0.0,0.04089958673499973,0.04089958673499973,0.04086097463207436,0.02,49,11,38
webis-touche2020,rr,15,0.02,active_judge,10,811,387,1,0,0.0,0.10364611731307986,0.04089958673499973,0.04086097463207436,0.02,49,11,38
webis-touche2020,rr,15,0.02,strat_pilot,10,813,387,1,0,0.0,0.04105938881777028,0.04089958673499973,0.04086097463207436,0.02,49,11,38
webis-touche2020,rr,15,0.02,weighted_cv,10,809,387,1,0,0.0,0.03753615076367073,0.04089958673499973,0.04086097463207436,0.02,49,11,38
webis-touche2020,rr,15,0.02,active_cv,10,791,387,1,0,0.0,0.07591278244465686,0.04089958673499973,0.04086097463207436,0.02,49,11,38
webis-touche2020,rr,15,0.02,weighted_cvl,10,796,387,1,0,0.0,0.03584443104907818,0.04089958673499973,0.04086097463207436,0.02,49,11,38
webis-touche2020,rr,15,0.02,uniform,11,812,382,1,0,0.0,0.12301957963569701,0.06948776775885943,0.032923869502816866,0.02,49,11,38
webis-touche2020,rr,15,0.02,uniform_nz,11,755,382,1,0,0.0,0.09087426364677323,0.06948776775885943,0.032923869502816866,0.02,49,11,38
webis-touche2020,rr,15,0.02,weighted,11,774,382,1,0,0.0,0.06948776775885943,0.06948776775885943,0.032923869502816866,0.02,49,11,38
webis-touche2020,rr,15,0.02,active_judge,11,799,382,1,0,0.0,0.12967827881759184,0.06948776775885943,0.032923869502816866,0.02,49,11,38
webis-touche2020,rr,15,0.02,strat_pilot,11,819,382,1,0,0.0,0.06935533480264945,0.06948776775885943,0.032923869502816866,0.02,49,11,38
webis-touche2020,rr,15,0.02,weighted_cv,11,789,382,1,0,0.0,0.06833041205742596,0.06948776775885943,0.032923869502816866,0.02,49,11,38
webis-touche2020,rr,15,0.02,active_cv,11,795,382,1,0,0.0,0.20402131029812748,0.06948776775885943,0.032923869502816866,0.02,49,11,38
webis-touche2020,rr,15,0.02,weighted_cvl,11,798,382,1,0,0.0,0.060163992528687635,0.06948776775885943,0.032923869502816866,0.02,49,11,38
webis-touche2020,rr,15,0.02,uniform,12,805,374,1,0,0.0,0.0900909871501612,0.04166030203251856,0.05844939271255062,0.02,49,11,38
webis-touche2020,rr,15,0.02,uniform_nz,12,788,374,1,0,0.0,0.05106067347395732,0.04166030203251856,0.05844939271255062,0.02,49,11,38
webis-touche2020,rr,15,0.02,weighted,12,796,374,1,0,0.0,0.04166030203251856,0.04166030203251856,0.05844939271255062,0.02,49,11,38
webis-touche2020,rr,15,0.02,active_judge,12,780,374,1,0,0.0,0.09471948056748279,0.04166030203251856,0.05844939271255062,0.02,49,11,38
webis-touche2020,rr,15,0.02,strat_pilot,12,780,374,1,0,0.0,0.0420227122147056,0.04166030203251856,0.05844939271255062,0.02,49,11,38
webis-touche2020,rr,15,0.02,weighted_cv,12,790,374,1,0,0.0,0.03366347863746803,0.04166030203251856,0.05844939271255062,0.02,49,11,38
webis-touche2020,rr,15,0.02,active_cv,12,799,374,1,0,0.0,0.04875624207960809,0.04166030203251856,0.05844939271255062,0.02,49,11,38
webis-touche2020,rr,15,0.02,weighted_cvl,12,797,374,1,0,0.0,0.03042587511871602,0.04166030203251856,0.05844939271255062,0.02,49,11,38
webis-touche2020,rr,15,0.02,uniform,13,782,365,1,0,0.0,0.12086032857203739,0.07428800499449333,0.07903713489239805,0.02,49,11,38
webis-touche2020,rr,15,0.02,uniform_nz,13,772,365,1,0,0.0,0.09120121804831326,0.07428800499449333,0.07903713489239805,0.02,49,11,38
webis-touche2020,rr,15,0.02,weighted,13,774,365,1,0,0.0,0.07428800499449333,0.07428800499449333,0.07903713489239805,0.02,49,11,38
webis-touche2020,rr,15,0.02,active_judge,13,795,365,1,0,0.0,0.18389045020749653,0.07428800499449333,0.07903713489239805,0.02,49,11,38
webis-touche2020,rr,15,0.02,strat_pilot,13,775,365,1,0,0.0,0.07585920502991728,0.07428800499449333,0.07903713489239805,0.02,49,11,38
webis-touche2020,rr,15,0.02,weighted_cv,13,798,365,1,0,0.0,0.06500270256080438,0.07428800499449333,0.07903713489239805,0.02,49,11,38
webis-touche2020,rr,15,0.02,active_cv,13,768,365,1,0,0.0,0.1524997005755192,0.07428800499449333,0.07903713489239805,0.02,49,11,38
webis-touche2020,rr,15,0.02,weighted_cvl,13,786,365,1,0,0.0,0.06042921525258297,0.07428800499449333,0.07903713489239805,0.02,49,11,38
webis-touche2020,rr,15,0.02,uniform,14,822,380,1,0,0.0,0.13056464555314015,0.09763391025274024,0.10099687077628257,0.02,49,12,38
webis-touche2020,rr,15,0.02,uniform_nz,14,840,380,1,0,0.0,0.11068836048478936,0.09763391025274024,0.10099687077628257,0.02,49,12,38
webis-touche2020,rr,15,0.02,weighted,14,861,380,1,0,0.0,0.09763391025274024,0.09763391025274024,0.10099687077628257,0.02,49,12,38
webis-touche2020,rr,15,0.02,active_judge,14,830,380,1,0,0.0,0.21975380812735018,0.09763391025274024,0.10099687077628257,0.02,49,12,38
webis-touche2020,rr,15,0.02,strat_pilot,14,821,380,1,0,0.0,0.09897212971991204,0.09763391025274024,0.10099687077628257,0.02,49,12,38
webis-touche2020,rr,15,0.02,weighted_cv,14,848,380,1,0,0.0,0.08445492169876145,0.09763391025274024,0.10099687077628257,0.02,49,12,38
webis-touche2020,rr,15,0.02,active_cv,14,849,380,1,0,0.0,0.1680172562611381,0.09763391025274024,0.10099687077628257,0.02,49,12,38
webis-touche2020,rr,15,0.02,weighted_cvl,14,832,380,1,0,0.0,0.08381345261994232,0.09763391025274024,0.10099687077628257,0.02,49,12,38
webis-touche2020,rr,15,0.02,uniform,15,797,386,1,0,0.0,0.057731064760626914,0.04262170441410419,0.06090170411243234,0.02,49,11,38
webis-touche2020,rr,15,0.02,uniform_nz,15,795,386,1,0,0.0,0.04829783230676016,0.04262170441410419,0.06090170411243234,0.02,49,11,38
webis-touche2020,rr,15,0.02,weighted,15,804,386,1,0,0.0,0.04262170441410419,0.04262170441410419,0.06090170411243234,0.02,49,11,38
webis-touche2020,rr,15,0.02,active_judge,15,795,386,1,0,0.0,0.09210377014288024,0.04262170441410419,0.06090170411243234,0.02,49,11,38
webis-touche2020,rr,15,0.02,strat_pilot,15,794,386,1,0,0.0,0.043294287830008896,0.04262170441410419,0.06090170411243234,0.02,49,11,38
webis-touche2020,rr,15,0.02,weighted_cv,15,815,386,1,0,0.0,0.03968544603572302,0.04262170441410419,0.06090170411243234,0.02,49,11,38
webis-touche2020,rr,15,0.02,active_cv,15,800,386,1,0,0.0,0.09093048497411768,0.04262170441410419,0.06090170411243234,0.02,49,11,38
webis-touche2020,rr,15,0.02,weighted_cvl,15,824,386,1,0,0.0,0.034607874199117566,0.04262170441410419,0.06090170411243234,0.02,49,11,38
webis-touche2020,rr,15,0.02,uniform,16,821,388,1,0,0.0,0.06363606224653717,0.0437552825608246,0.03356774838508583,0.02,49,11,38
webis-touche2020,rr,15,0.02,uniform_nz,16,794,388,1,0,0.0,0.05384880336469687,0.0437552825608246,0.03356774838508583,0.02,49,11,38
webis-touche2020,rr,15,0.02,weighted,16,798,388,1,0,0.0,0.0437552825608246,0.0437552825608246,0.03356774838508583,0.02,49,11,38
webis-touche2020,rr,15,0.02,active_judge,16,798,388,1,0,0.0,0.09034755048514066,0.0437552825608246,0.03356774838508583,0.02,49,11,38
webis-touche2020,rr,15,0.02,strat_pilot,16,814,388,1,0,0.0,0.04391680413634259,0.0437552825608246,0.03356774838508583,0.02,49,11,38
webis-touche2020,rr,15,0.02,weighted_cv,16,808,388,1,0,0.0,0.04156922768412927,0.0437552825608246,0.03356774838508583,0.02,49,11,38
webis-touche2020,rr,15,0.02,active_cv,16,810,388,1,0,0.0,0.11000130149382285,0.0437552825608246,0.03356774838508583,0.02,49,11,38
webis-touche2020,rr,15,0.02,weighted_cvl,16,808,388,1,0,0.0,0.035999898359895,0.0437552825608246,0.03356774838508583,0.02,49,11,38
webis-touche2020,rr,15,0.02,uniform,17,761,375,1,0,0.0,0.23750263070889105,0.06252729897076646,0.061894336600218966,0.02,49,11,38
webis-touche2020,rr,15,0.02,uniform_nz,17,796,375,1,0,0.0,0.09892609224181381,0.06252729897076646,0.061894336600218966,0.02,49,11,38
webis-touche2020,rr,15,0.02,weighted,17,796,375,1,0,0.0,0.06252729897076646,0.06252729897076646,0.061894336600218966,0.02,49,11,38
webis-touche2020,rr,15,0.02,active_judge,17,786,375,1,0,0.0,0.19992115089023593,0.06252729897076646,0.061894336600218966,0.02,49,11,38
webis-touche2020,rr,15,0.02,strat_pilot,17,788,375,1,0,0.0,0.06340376749714867,0.06252729897076646,0.061894336600218966,0.02,49,11,38
webis-touche2020,rr,15,0.02,weighted_cv,17,804,375,1,0,0.0,0.04433164833275347,0.06252729897076646,0.061894336600218966,0.02,49,11,38
webis-touche2020,rr,15,0.02,active_cv,17,809,375,1,0,0.0,0.061636929804483855,0.06252729897076646,0.061894336600218966,0.02,49,11,38
webis-touche2020,rr,15,0.02,weighted_cvl,17,807,375,1,0,0.0,0.04587874697544464,0.06252729897076646,0.061894336600218966,0.02,49,11,38
webis-touche2020,rr,15,0.02,uniform,18,827,385,1,0,0.0,0.08552359374318154,0.052809005301299186,0.03124476856133203,0.02,49,11,38
webis-touche2020,rr,15,0.02,uniform_nz,18,803,385,1,0,0.0,0.06359466721039853,0.052809005301299186,0.03124476856133203,0.02,49,11,38
webis-touche2020,rr,15,0.02,weighted,18,815,385,1,0,0.0,0.052809005301299186,0.052809005301299186,0.03124476856133203,0.02,49,11,38
webis-touche2020,rr,15,0.02,active_judge,18,809,385,1,0,0.0,0.1134320245644779,0.052809005301299186,0.03124476856133203,0.02,49,11,38
webis-touche2020,rr,15,0.02,strat_pilot,18,785,385,1,0,0.0,0.05320009754912826,0.052809005301299186,0.03124476856133203,0.02,49,11,38
webis-touche2020,rr,15,0.02,weighted_cv,18,805,385,1,0,0.0,0.04163872595272446,0.052809005301299186,0.03124476856133203,0.02,49,11,38
webis-touche2020,rr,15,0.02,active_cv,18,798,385,1,0,0.0,0.06306591117248549,0.052809005301299186,0.03124476856133203,0.02,49,11,38
webis-touche2020,rr,15,0.02,weighted_cvl,18,768,385,1,0,0.0,0.040414729628748855,0.052809005301299186,0.03124476856133203,0.02,49,11,38
webis-touche2020,rr,15,0.02,uniform,19,787,386,1,0,0.0,0.10723621684323796,0.055602136627766266,0.054463498172308236,0.02,49,11,38
webis-touche2020,rr,15,0.02,uniform_nz,19,771,386,1,0,0.0,0.07467741750545655,0.055602136627766266,0.054463498172308236,0.02,49,11,38
webis-touche2020,rr,15,0.02,weighted,19,803,386,1,0,0.0,0.055602136627766266,0.055602136627766266,0.054463498172308236,0.02,49,11,38
webis-touche2020,rr,15,0.02,active_judge,19,797,386,1,0,0.0,0.11579013850014899,0.055602136627766266,0.054463498172308236,0.02,49,11,38
webis-touche2020,rr,15,0.02,strat_pilot,19,814,386,1,0,0.0,0.05582110299516985,0.055602136627766266,0.054463498172308236,0.02,49,11,38
webis-touche2020,rr,15,0.02,weighted_cv,19,818,386,1,0,0.0,0.05074614140174499,0.055602136627766266,0.054463498172308236,0.02,49,11,38
webis-touche2020,rr,15,0.02,active_cv,19,818,386,0,0,0.0,0.12596641572470205,0.055602136627766266,0.054463498172308236,0.02,49,11,38
webis-touche2020,rr,15,0.02,weighted_cvl,19,838,386,1,0,0.0,0.0466821362476243,0.055602136627766266,0.054463498172308236,0.02,49,11,38
webis-touche2020,rr,15,0.02,uniform,20,765,378,1,0,0.0,0.21722514284023245,0.044391247654782987,0.06936393503596355,0.02,49,11,38
webis-touche2020,rr,15,0.02,uniform_nz,20,833,378,1,0,0.0,0.08323902463870247,0.044391247654782987,0.06936393503596355,0.02,49,11,38
webis-touche2020,rr,15,0.02,weighted,20,815,378,1,0,0.0,0.044391247654782987,0.044391247654782987,0.06936393503596355,0.02,49,11,38
webis-touche2020,rr,15,0.02,active_judge,20,776,378,1,0,0.0,0.1678666482804396,0.044391247654782987,0.06936393503596355,0.02,49,11,38
webis-touche2020,rr,15,0.02,strat_pilot,20,797,378,1,0,0.0,0.04520881004504148,0.044391247654782987,0.06936393503596355,0.02,49,11,38
webis-touche2020,rr,15,0.02,weighted_cv,20,805,378,1,0,0.0,0.03091568987761349,0.044391247654782987,0.06936393503596355,0.02,49,11,38
webis-touche2020,rr,15,0.02,active_cv,20,791,378,1,0,0.0,0.06361375384160174,0.044391247654782987,0.06936393503596355,0.02,49,11,38
webis-touche2020,rr,15,0.02,weighted_cvl,20,797,378,1,0,0.0,0.03056901936670292,0.044391247654782987,0.06936393503596355,0.02,49,11,38
webis-touche2020,rr,15,0.02,uniform,21,822,379,1,0,0.0,0.23829051050848343,0.053776586740146695,0.06438021074785782,0.02,49,11,38
webis-touche2020,rr,15,0.02,uniform_nz,21,775,379,1,0,0.0,0.09200923089535659,0.053776586740146695,0.06438021074785782,0.02,49,11,38
webis-touche2020,rr,15,0.02,weighted,21,781,379,1,0,0.0,0.053776586740146695,0.053776586740146695,0.06438021074785782,0.02,49,11,38
webis-touche2020,rr,15,0.02,active_judge,21,801,379,1,0,0.0,0.17370723398383456,0.053776586740146695,0.06438021074785782,0.02,49,11,38
webis-touche2020,rr,15,0.02,strat_pilot,21,800,379,1,0,0.0,0.054499921938655535,0.053776586740146695,0.06438021074785782,0.02,49,11,38
webis-touche2020,rr,15,0.02,weighted_cv,21,782,379,1,0,0.0,0.040383236258663656,0.053776586740146695,0.06438021074785782,0.02,49,11,38
webis-touche2020,rr,15,0.02,active_cv,21,812,379,1,0,0.0,0.06858639387075602,0.053776586740146695,0.06438021074785782,0.02,49,11,38
webis-touche2020,rr,15,0.02,weighted_cvl,21,798,379,1,0,0.0,0.0462304987054387,0.053776586740146695,0.06438021074785782,0.02,49,11,38
webis-touche2020,rr,15,0.02,uniform,22,794,381,1,0,0.0,0.2114826757553335,0.04997502110727753,0.06972509205346733,0.02,49,11,38
webis-touche2020,rr,15,0.02,uniform_nz,22,781,381,1,0,0.0,0.0866741629830083,0.04997502110727753,0.06972509205346733,0.02,49,11,38
webis-touche2020,rr,15,0.02,weighted,22,785,381,1,0,0.0,0.04997502110727753,0.04997502110727753,0.06972509205346733,0.02,49,11,38
webis-touche2020,rr,15,0.02,active_judge,22,808,381,1,0,0.0,0.1821902135162954,0.04997502110727753,0.06972509205346733,0.02,49,11,38
webis-touche2020,rr,15,0.02,strat_pilot,22,799,381,1,0,0.0,0.05106216800039799,0.04997502110727753,0.06972509205346733,0.02,49,11,38
webis-touche2020,rr,15,0.02,weighted_cv,22,801,381,1,0,0.0,0.03454778947232429,0.04997502110727753,0.06972509205346733,0.02,49,11,38
webis-touche2020,rr,15,0.02,active_cv,22,796,381,1,0,0.0,0.055340728593343505,0.04997502110727753,0.06972509205346733,0.02,49,11,38
webis-touche2020,rr,15,0.02,weighted_cvl,22,804,381,1,0,0.0,0.0327308679018421,0.04997502110727753,0.06972509205346733,0.02,49,11,38
webis-touche2020,rr,15,0.02,uniform,23,840,374,1,0,0.0,0.13701753602940286,0.08051777566274557,0.10256813214681029,0.02,49,12,38
webis-touche2020,rr,15,0.02,uniform_nz,23,840,374,1,0,0.0,0.09256434717233858,0.08051777566274557,0.10256813214681029,0.02,49,12,38
webis-touche2020,rr,15,0.02,weighted,23,844,374,1,0,0.0,0.08051777566274557,0.08051777566274557,0.10256813214681029,0.02,49,12,38
webis-touche2020,rr,15,0.02,active_judge,23,823,374,1,0,0.0,0.15949050057990527,0.08051777566274557,0.10256813214681029,0.02,49,12,38
webis-touche2020,rr,15,0.02,strat_pilot,23,838,374,1,0,0.0,0.08075563426501106,0.08051777566274557,0.10256813214681029,0.02,49,12,38
webis-touche2020,rr,15,0.02,weighted_cv,23,842,374,1,0,0.0,0.0684027387266648,0.08051777566274557,0.10256813214681029,0.02,49,12,38
webis-touche2020,rr,15,0.02,active_cv,23,823,374,1,0,0.0,0.17055504615762945,0.08051777566274557,0.10256813214681029,0.02,49,12,38
webis-touche2020,rr,15,0.02,weighted_cvl,23,825,374,1,0,0.0,0.06078593462968451,0.08051777566274557,0.10256813214681029,0.02,49,12,38
webis-touche2020,rr,15,0.02,uniform,24,806,375,1,0,0.0,0.05316929295314911,0.031195812386036127,0.07436186139282112,0.02,49,11,38
webis-touche2020,rr,15,0.02,uniform_nz,24,793,375,1,0,0.0,0.03782052983466838,0.031195812386036127,0.07436186139282112,0.02,49,11,38
webis-touche2020,rr,15,0.02,weighted,24,800,375,1,0,0.0,0.031195812386036127,0.031195812386036127,0.07436186139282112,0.02,49,11,38
webis-touche2020,rr,15,0.02,active_judge,24,793,375,1,0,0.0,0.08217434367914846,0.031195812386036127,0.07436186139282112,0.02,49,11,38
webis-touche2020,rr,15,0.02,strat_pilot,24,811,375,1,0,0.0,0.03111917055730228,0.031195812386036127,0.07436186139282112,0.02,49,11,38
webis-touche2020,rr,15,0.02,weighted_cv,24,798,375,1,0,0.0,0.02816475172734522,0.031195812386036127,0.07436186139282112,0.02,49,11,38
webis-touche2020,rr,15,0.02,active_cv,24,786,375,1,0,0.0,0.05241046125317579,0.031195812386036127,0.07436186139282112,0.02,49,11,38
webis-touche2020,rr,15,0.02,weighted_cvl,24,804,375,1,0,0.0,0.024814197735848722,0.031195812386036127,0.07436186139282112,0.02,49,11,38
webis-touche2020,rr,15,0.02,uniform,25,805,383,1,0,0.0,0.056587099456756475,0.029452465696679076,0.03172237076648842,0.02,49,11,36
webis-touche2020,rr,15,0.02,uniform_nz,25,809,383,1,0,0.0,0.03450140713664311,0.029452465696679076,0.03172237076648842,0.02,49,11,36
webis-touche2020,rr,15,0.02,weighted,25,771,383,1,0,0.0,0.029452465696679076,0.029452465696679076,0.03172237076648842,0.02,49,11,36
webis-touche2020,rr,15,0.02,active_judge,25,775,383,1,0,0.0,0.07048363533555055,0.029452465696679076,0.03172237076648842,0.02,49,11,36
webis-touche2020,rr,15,0.02,strat_pilot,25,784,383,1,0,0.0,0.0281255584816923,0.029452465696679076,0.03172237076648842,0.02,49,11,36
webis-touche2020,rr,15,0.02,weighted_cv,25,771,383,1,0,0.0,0.025857765904521317,0.029452465696679076,0.03172237076648842,0.02,49,11,36
webis-touche2020,rr,15,0.02,active_cv,25,762,383,0,0,0.0,0.04288083833289195,0.029452465696679076,0.03172237076648842,0.02,49,11,36
webis-touche2020,rr,15,0.02,weighted_cvl,25,798,383,1,0,0.0,0.025030617050015115,0.029452465696679076,0.03172237076648842,0.02,49,11,36
webis-touche2020,rr,15,0.02,uniform,26,793,384,1,0,0.0,0.06074831332641186,0.03143058074698184,0.04660914584211796,0.02,49,11,38
webis-touche2020,rr,15,0.02,uniform_nz,26,801,384,1,0,0.0,0.03920263371602276,0.03143058074698184,0.04660914584211796,0.02,49,11,38
webis-touche2020,rr,15,0.02,weighted,26,796,384,1,0,0.0,0.03143058074698184,0.03143058074698184,0.04660914584211796,0.02,49,11,38
webis-touche2020,rr,15,0.02,active_judge,26,799,384,1,0,0.0,0.07889478843406313,0.03143058074698184,0.04660914584211796,0.02,49,11,38
webis-touche2020,rr,15,0.02,strat_pilot,26,778,384,1,0,0.0,0.03243231860122324,0.03143058074698184,0.04660914584211796,0.02,49,11,38
webis-touche2020,rr,15,0.02,weighted_cv,26,818,384,1,0,0.0,0.02400883931361798,0.03143058074698184,0.04660914584211796,0.02,49,11,38
webis-touche2020,rr,15,0.02,active_cv,26,798,384,0,0,0.0,0.04045232006400788,0.03143058074698184,0.04660914584211796,0.02,49,11,38
webis-touche2020,rr,15,0.02,weighted_cvl,26,809,384,1,0,0.0,0.023929821005705204,0.03143058074698184,0.04660914584211796,0.02,49,11,38
webis-touche2020,rr,15,0.02,uniform,27,785,390,1,0,0.0,0.060625420294639146,0.03773227092610793,0.05653792429956786,0.02,49,11,38
webis-touche2020,rr,15,0.02,uniform_nz,27,823,390,1,0,0.0,0.047803728311526635,0.03773227092610793,0.05653792429956786,0.02,49,11,38
webis-touche2020,rr,15,0.02,weighted,27,803,390,1,0,0.0,0.03773227092610793,0.03773227092610793,0.05653792429956786,0.02,49,11,38
webis-touche2020,rr,15,0.02,active_judge,27,776,390,1,0,0.0,0.08877197305129003,0.03773227092610793,0.05653792429956786,0.02,49,11,38
webis-touche2020,rr,15,0.02,strat_pilot,27,802,390,1,0,0.0,0.03805281313774237,0.03773227092610793,0.05653792429956786,0.02,49,11,38
webis-touche2020,rr,15,0.02,weighted_cv,27,817,390,1,0,0.0,0.03128301006255933,0.03773227092610793,0.05653792429956786,0.02,49,11,38
webis-touche2020,rr,15,0.02,active_cv,27,811,390,1,0,0.0,0.049239879419457754,0.03773227092610793,0.05653792429956786,0.02,49,11,38
webis-touche2020,rr,15,0.02,weighted_cvl,27,803,390,1,0,0.0,0.03040059999514632,0.03773227092610793,0.05653792429956786,0.02,49,11,38
webis-touche2020,rr,15,0.02,uniform,28,815,377,1,0,0.0,0.22719407770343106,0.050232053585557844,0.08747874674345264,0.02,49,11,38
webis-touche2020,rr,15,0.02,uniform_nz,28,791,377,1,0,0.0,0.08920490067850269,0.050232053585557844,0.08747874674345264,0.02,49,11,38
webis-touche2020,rr,15,0.02,weighted,28,802,377,1,0,0.0,0.050232053585557844,0.050232053585557844,0.08747874674345264,0.02,49,11,38
webis-touche2020,rr,15,0.02,active_judge,28,800,377,1,0,0.0,0.1773978027081442,0.050232053585557844,0.08747874674345264,0.02,49,11,38
webis-touche2020,rr,15,0.02,strat_pilot,28,808,377,1,0,0.0,0.05062599867145212,0.050232053585557844,0.08747874674345264,0.02,49,11,38
webis-touche2020,rr,15,0.02,weighted_cv,28,807,377,1,0,0.0,0.031245654193254625,0.050232053585557844,0.08747874674345264,0.02,49,11,38
webis-touche2020,rr,15,0.02,active_cv,28,790,377,1,0,0.0,0.049566692234194416,0.050232053585557844,0.08747874674345264,0.02,49,11,38
webis-touche2020,rr,15,0.02,weighted_cvl,28,792,377,1,0,0.0,0.033210954210870974,0.050232053585557844,0.08747874674345264,0.02,49,11,38
webis-touche2020,rr,15,0.02,uniform,29,836,389,1,0,0.0,0.06796006299857157,0.028317042972143085,0.033303208868426255,0.02,49,11,38
webis-touche2020,rr,15,0.02,uniform_nz,29,816,389,1,0,0.0,0.03968024752193564,0.028317042972143085,0.033303208868426255,0.02,49,11,38
webis-touche2020,rr,15,0.02,weighted,29,801,389,1,0,0.0,0.028317042972143085,0.028317042972143085,0.033303208868426255,0.02,49,11,38
webis-touche2020,rr,15,0.02,active_judge,29,823,389,1,0,0.0,0.060565166169179174,0.028317042972143085,0.033303208868426255,0.02,49,11,38
webis-touche2020,rr,15,0.02,strat_pilot,29,808,389,1,0,0.0,0.028643975695440103,0.028317042972143085,0.033303208868426255,0.02,49,11,38
webis-touche2020,rr,15,0.02,weighted_cv,29,802,389,1,0,0.0,0.02468580826833862,0.028317042972143085,0.033303208868426255,0.02,49,11,38
webis-touche2020,rr,15,0.02,active_cv,29,820,389,1,0,0.0,0.054548392141265625,0.028317042972143085,0.033303208868426255,0.02,49,11,38
webis-touche2020,rr,15,0.02,weighted_cvl,29,826,389,1,0,0.0,0.023695864725625463,0.028317042972143085,0.033303208868426255,0.02,49,11,38
webis-touche2020,rr,15,0.02,uniform,30,818,381,1,0,0.0,0.07603135134292727,0.049514723907899995,0.07902789788221881,0.02,49,11,38
webis-touche2020,rr,15,0.02,uniform_nz,30,793,381,1,0,0.0,0.060381443923448644,0.049514723907899995,0.07902789788221881,0.02,49,11,38
webis-touche2020,rr,15,0.02,weighted,30,777,381,1,0,0.0,0.049514723907899995,0.049514723907899995,0.07902789788221881,0.02,49,11,38
webis-touche2020,rr,15,0.02,active_judge,30,821,381,1,0,0.0,0.09984497877005907,0.049514723907899995,0.07902789788221881,0.02,49,11,38
webis-touche2020,rr,15,0.02,strat_pilot,30,783,381,1,0,0.0,0.05024397395149775,0.049514723907899995,0.07902789788221881,0.02,49,11,38
webis-touche2020,rr,15,0.02,weighted_cv,30,806,381,1,0,0.0,0.04316436714526305,0.049514723907899995,0.07902789788221881,0.02,49,11,38
webis-touche2020,rr,15,0.02,active_cv,30,809,381,1,0,0.0,0.08236816465753502,0.049514723907899995,0.07902789788221881,0.02,49,11,38
webis-touche2020,rr,15,0.02,weighted_cvl,30,818,381,1,0,0.0,0.03809116800141944,0.049514723907899995,0.07902789788221881,0.02,49,11,38
webis-touche2020,rr,15,0.02,uniform,31,843,382,1,0,0.0,0.14362665778359315,0.0881745550630856,0.13293978690530414,0.02,49,12,38
webis-touche2020,rr,15,0.02,uniform_nz,31,818,382,1,0,0.0,0.10477117057831468,0.0881745550630856,0.13293978690530414,0.02,49,12,38
webis-touche2020,rr,15,0.02,weighted,31,828,382,1,0,0.0,0.0881745550630856,0.0881745550630856,0.13293978690530414,0.02,49,12,38
webis-touche2020,rr,15,0.02,active_judge,31,808,382,1,0,0.0,0.18605671895768358,0.0881745550630856,0.13293978690530414,0.02,49,12,38
webis-touche2020,rr,15,0.02,strat_pilot,31,818,382,1,0,0.0,0.08965771387389901,0.0881745550630856,0.13293978690530414,0.02,49,12,38
webis-touche2020,rr,15,0.02,weighted_cv,31,843,382,1,0,0.0,0.07127235371642171,0.0881745550630856,0.13293978690530414,0.02,49,12,38
webis-touche2020,rr,15,0.02,active_cv,31,821,382,1,0,0.0,0.13317654386592118,0.0881745550630856,0.13293978690530414,0.02,49,12,38
webis-touche2020,rr,15,0.02,weighted_cvl,31,829,382,1,0,0.0,0.06508255629551302,0.0881745550630856,0.13293978690530414,0.02,49,12,38
webis-touche2020,rr,15,0.02,uniform,32,828,382,1,0,0.0,0.0798397172239792,0.06605733231004446,0.09809213779110408,0.02,49,12,38
webis-touche2020,rr,15,0.02,uniform_nz,32,836,382,1,0,0.0,0.06975456569742454,0.06605733231004446,0.09809213779110408,0.02,49,12,38
webis-touche2020,rr,15,0.02,weighted,32,834,382,1,0,0.0,0.06605733231004446,0.06605733231004446,0.09809213779110408,0.02,49,12,38
webis-touche2020,rr,15,0.02,active_judge,32,835,382,1,0,0.0,0.139028730580884,0.06605733231004446,0.09809213779110408,0.02,49,12,38
webis-touche2020,rr,15,0.02,strat_pilot,32,846,382,1,0,0.0,0.0671386933116113,0.06605733231004446,0.09809213779110408,0.02,49,12,38
webis-touche2020,rr,15,0.02,weighted_cv,32,840,382,1,0,0.0,0.057218747243507354,0.06605733231004446,0.09809213779110408,0.02,49,12,38
webis-touche2020,rr,15,0.02,active_cv,32,822,382,1,0,0.0,0.10633915967659044,0.06605733231004446,0.09809213779110408,0.02,49,12,38
webis-touche2020,rr,15,0.02,weighted_cvl,32,867,382,1,0,0.0,0.05449563844098865,0.06605733231004446,0.09809213779110408,0.02,49,12,38
webis-touche2020,rr,15,0.02,uniform,33,770,382,0,0,0.001286859136104046,0.08749236344884252,0.04786695608008468,0.02258036081565493,0.018713140863895954,49,11,36
webis-touche2020,rr,15,0.02,uniform_nz,33,804,382,0,0,0.001286859136104046,0.07697889683738361,0.04786695608008468,0.02258036081565493,0.018713140863895954,49,11,36
webis-touche2020,rr,15,0.02,weighted,33,769,382,1,0,0.001286859136104046,0.04786695608008468,0.04786695608008468,0.02258036081565493,0.018713140863895954,49,11,36
webis-touche2020,rr,15,0.02,active_judge,33,778,382,0,0,0.001286859136104046,0.1253522991095122,0.04786695608008468,0.02258036081565493,0.018713140863895954,49,11,36
webis-touche2020,rr,15,0.02,strat_pilot,33,793,382,1,0,0.001286859136104046,0.04716115143034532,0.04786695608008468,0.02258036081565493,0.018713140863895954,49,11,36
webis-touche2020,rr,15,0.02,weighted_cv,33,785,382,1,0,0.001286859136104046,0.04045684317921803,0.04786695608008468,0.02258036081565493,0.018713140863895954,49,11,36
webis-touche2020,rr,15,0.02,active_cv,33,807,382,0,0,0.001286859136104046,0.1048897010793722,0.04786695608008468,0.02258036081565493,0.018713140863895954,49,11,36
webis-touche2020,rr,15,0.02,weighted_cvl,33,771,382,1,0,0.001286859136104046,0.04109782127846991,0.04786695608008468,0.02258036081565493,0.018713140863895954,49,11,36
webis-touche2020,rr,15,0.02,uniform,34,795,370,1,0,0.0,0.23457419941502491,0.060009590392429105,0.07200242147785561,0.02,49,11,38
webis-touche2020,rr,15,0.02,uniform_nz,34,778,370,1,0,0.0,0.09933290670886832,0.060009590392429105,0.07200242147785561,0.02,49,11,38
webis-touche2020,rr,15,0.02,weighted,34,774,370,1,0,0.0,0.060009590392429105,0.060009590392429105,0.07200242147785561,0.02,49,11,38
webis-touche2020,rr,15,0.02,active_judge,34,779,370,1,0,0.0,0.18424846071105566,0.060009590392429105,0.07200242147785561,0.02,49,11,38
webis-touche2020,rr,15,0.02,strat_pilot,34,776,370,1,0,0.0,0.060854549687686076,0.060009590392429105,0.07200242147785561,0.02,49,11,38
webis-touche2020,rr,15,0.02,weighted_cv,34,777,370,1,0,0.0,0.0414405408972722,0.060009590392429105,0.07200242147785561,0.02,49,11,38
webis-touche2020,rr,15,0.02,active_cv,34,798,370,1,0,0.0,0.07995802017302,0.060009590392429105,0.07200242147785561,0.02,49,11,38
webis-touche2020,rr,15,0.02,weighted_cvl,34,768,370,1,0,0.0,0.041166383001830426,0.060009590392429105,0.07200242147785561,0.02,49,11,38
webis-touche2020,rr,15,0.02,uniform,35,828,361,1,0,0.0,0.09444449593902775,0.06498052869307006,0.12800072476543065,0.02,49,12,38
webis-touche2020,rr,15,0.02,uniform_nz,35,802,361,1,0,0.0,0.07391542222079193,0.06498052869307006,0.12800072476543065,0.02,49,12,38
webis-touche2020,rr,15,0.02,weighted,35,827,361,1,0,0.0,0.06498052869307006,0.06498052869307006,0.12800072476543065,0.02,49,12,38
webis-touche2020,rr,15,0.02,active_judge,35,809,361,1,0,0.0,0.1664195881024564,0.06498052869307006,0.12800072476543065,0.02,49,12,38
webis-touche2020,rr,15,0.02,strat_pilot,35,789,361,1,0,0.0,0.06690533717041702,0.06498052869307006,0.12800072476543065,0.02,49,12,38
webis-touche2020,rr,15,0.02,weighted_cv,35,821,361,1,0,0.0,0.05833654745583664,0.06498052869307006,0.12800072476543065,0.02,49,12,38
webis-touche2020,rr,15,0.02,active_cv,35,816,361,1,0,0.0,0.13478412437642856,0.06498052869307006,0.12800072476543065,0.02,49,12,38
webis-touche2020,rr,15,0.02,weighted_cvl,35,796,361,1,0,0.0,0.06104970079487433,0.06498052869307006,0.12800072476543065,0.02,49,12,38
webis-touche2020,rr,15,0.02,uniform,36,771,383,0,0,0.0,0.06415538261371483,0.028456554785834393,0.05481609284510079,0.02,49,11,36
webis-touche2020,rr,15,0.02,uniform_nz,36,782,383,1,0,0.0,0.03371759048649235,0.028456554785834393,0.05481609284510079,0.02,49,11,36
webis-touche2020,rr,15,0.02,weighted,36,765,383,1,0,0.0,0.028456554785834393,0.028456554785834393,0.05481609284510079,0.02,49,11,36
webis-touche2020,rr,15,0.02,active_judge,36,790,383,1,0,0.0,0.07273275955822249,0.028456554785834393,0.05481609284510079,0.02,49,11,36
webis-touche2020,rr,15,0.02,strat_pilot,36,802,383,1,0,0.0,0.028737042504856286,0.028456554785834393,0.05481609284510079,0.02,49,11,36
webis-touche2020,rr,15,0.02,weighted_cv,36,752,383,1,0,0.0,0.024690489052856722,0.028456554785834393,0.05481609284510079,0.02,49,11,36
webis-touche2020,rr,15,0.02,active_cv,36,789,383,1,0,0.0,0.04408629140924131,0.028456554785834393,0.05481609284510079,0.02,49,11,36
webis-touche2020,rr,15,0.02,weighted_cvl,36,762,383,1,0,0.0,0.02463172491758413,0.028456554785834393,0.05481609284510079,0.02,49,11,36
webis-touche2020,rr,15,0.02,uniform,37,781,369,1,0,0.0,0.11035945856458355,0.06308683925711354,0.08664425057226914,0.02,49,11,38
webis-touche2020,rr,15,0.02,uniform_nz,37,785,369,1,0,0.0,0.06839969000031466,0.06308683925711354,0.08664425057226914,0.02,49,11,38
webis-touche2020,rr,15,0.02,weighted,37,809,369,1,0,0.0,0.06308683925711354,0.06308683925711354,0.08664425057226914,0.02,49,11,38
webis-touche2020,rr,15,0.02,active_judge,37,779,369,1,0,0.0,0.1418952146901913,0.06308683925711354,0.08664425057226914,0.02,49,11,38
webis-touche2020,rr,15,0.02,strat_pilot,37,776,369,1,0,0.0,0.06382432803152616,0.06308683925711354,0.08664425057226914,0.02,49,11,38
webis-touche2020,rr,15,0.02,weighted_cv,37,786,369,1,0,0.0,0.059010362519024695,0.06308683925711354,0.08664425057226914,0.02,49,11,38
webis-touche2020,rr,15,0.02,active_cv,37,776,369,1,0,0.0,0.12716791094559005,0.06308683925711354,0.08664425057226914,0.02,49,11,38
webis-touche2020,rr,15,0.02,weighted_cvl,37,781,369,1,0,0.0,0.050943994888305644,0.06308683925711354,0.08664425057226914,0.02,49,11,38
webis-touche2020,rr,15,0.02,uniform,38,844,388,1,0,0.0,0.05788893832325624,0.02422470242298975,0.04753170384577707,0.02,49,11,38
webis-touche2020,rr,15,0.02,uniform_nz,38,802,388,1,0,0.0,0.032168186726523613,0.02422470242298975,0.04753170384577707,0.02,49,11,38
webis-touche2020,rr,15,0.02,weighted,38,803,388,1,0,0.0,0.02422470242298975,0.02422470242298975,0.04753170384577707,0.02,49,11,38
webis-touche2020,rr,15,0.02,active_judge,38,800,388,1,0,0.0,0.04309251952273374,0.02422470242298975,0.04753170384577707,0.02,49,11,38
webis-touche2020,rr,15,0.02,strat_pilot,38,790,388,1,0,0.0,0.024382769359645194,0.02422470242298975,0.04753170384577707,0.02,49,11,38
webis-touche2020,rr,15,0.02,weighted_cv,38,794,388,1,0,0.0,0.019596038205756977,0.02422470242298975,0.04753170384577707,0.02,49,11,38
webis-touche2020,rr,15,0.02,active_cv,38,810,388,1,0,0.0,0.03075234960444221,0.02422470242298975,0.04753170384577707,0.02,49,11,38
webis-touche2020,rr,15,0.02,weighted_cvl,38,823,388,1,0,0.0,0.018675436053573084,0.02422470242298975,0.04753170384577707,0.02,49,11,38
webis-touche2020,rr,15,0.02,uniform,39,802,386,1,0,0.0,0.2215905519852801,0.05949783768099093,0.05054819111381233,0.02,49,11,38
webis-touche2020,rr,15,0.02,uniform_nz,39,784,386,1,0,0.0,0.09833641833167933,0.05949783768099093,0.05054819111381233,0.02,49,11,38
webis-touche2020,rr,15,0.02,weighted,39,831,386,1,0,0.0,0.05949783768099093,0.05949783768099093,0.05054819111381233,0.02,49,11,38
webis-touche2020,rr,15,0.02,active_judge,39,803,386,1,0,0.0,0.18985042836625274,0.05949783768099093,0.05054819111381233,0.02,49,11,38
webis-touche2020,rr,15,0.02,strat_pilot,39,778,386,1,0,0.0,0.05999131526990701,0.05949783768099093,0.05054819111381233,0.02,49,11,38
webis-touche2020,rr,15,0.02,weighted_cv,39,791,386,1,0,0.0,0.042056351161516,0.05949783768099093,0.05054819111381233,0.02,49,11,38
webis-touche2020,rr,15,0.02,active_cv,39,825,386,1,0,0.0,0.06650750210960633,0.05949783768099093,0.05054819111381233,0.02,49,11,38
webis-touche2020,rr,15,0.02,weighted_cvl,39,794,386,1,0,0.0,0.039095264695921866,0.05949783768099093,0.05054819111381233,0.02,49,11,38
webis-touche2020,rr,15,0.02,uniform,40,761,387,1,0,0.0,0.20757703736665137,0.037325921451009665,0.03455523034470403,0.02,49,11,36
webis-touche2020,rr,15,0.02,uniform_nz,40,808,387,1,0,0.0,0.06133518372679605,0.037325921451009665,0.03455523034470403,0.02,49,11,36
webis-touche2020,rr,15,0.02,weighted,40,780,387,1,0,0.0,0.037325921451009665,0.037325921451009665,0.03455523034470403,0.02,49,11,36
webis-touche2020,rr,15,0.02,active_judge,40,766,387,1,0,0.0,0.11794409916819262,0.037325921451009665,0.03455523034470403,0.02,49,11,36
webis-touche2020,rr,15,0.02,strat_pilot,40,795,387,1,0,0.0,0.037546474010760625,0.037325921451009665,0.03455523034470403,0.02,49,11,36
webis-touche2020,rr,15,0.02,weighted_cv,40,788,387,1,0,0.0,0.02631072015770136,0.037325921451009665,0.03455523034470403,0.02,49,11,36
webis-touche2020,rr,15,0.02,active_cv,40,790,387,1,0,0.0,0.039254519409694974,0.037325921451009665,0.03455523034470403,0.02,49,11,36
webis-touche2020,rr,15,0.02,weighted_cvl,40,801,387,1,0,0.0,0.024343943533323458,0.037325921451009665,0.03455523034470403,0.02,49,11,36
webis-touche2020,rr,15,0.02,uniform,41,751,396,1,0,0.0,0.08928648920620288,0.046732003802930897,0.023843501699538857,0.02,49,11,36
webis-touche2020,rr,15,0.02,uniform_nz,41,776,396,1,0,0.0,0.06922378132184048,0.046732003802930897,0.023843501699538857,0.02,49,11,36
webis-touche2020,rr,15,0.02,weighted,41,806,396,1,0,0.0,0.046732003802930897,0.046732003802930897,0.023843501699538857,0.02,49,11,36
webis-touche2020,rr,15,0.02,active_judge,41,784,396,1,0,0.0,0.11501522607379933,0.046732003802930897,0.023843501699538857,0.02,49,11,36
webis-touche2020,rr,15,0.02,strat_pilot,41,802,396,1,0,0.0,0.047440189571341995,0.046732003802930897,0.023843501699538857,0.02,49,11,36
webis-touche2020,rr,15,0.02,weighted_cv,41,781,396,1,0,0.0,0.035415162231693983,0.046732003802930897,0.023843501699538857,0.02,49,11,36
webis-touche2020,rr,15,0.02,active_cv,41,786,396,1,0,0.0,0.06460185840457752,0.046732003802930897,0.023843501699538857,0.02,49,11,36
webis-touche2020,rr,15,0.02,weighted_cvl,41,789,396,1,0,0.0,0.035344311088871705,0.046732003802930897,0.023843501699538857,0.02,49,11,36
webis-touche2020,rr,15,0.02,uniform,42,842,393,1,0,0.0,0.1057389925305966,0.051435494692863015,0.07429683062036002,0.02,49,11,38
webis-touche2020,rr,15,0.02,uniform_nz,42,830,393,1,0,0.0,0.08394917544197719,0.051435494692863015,0.07429683062036002,0.02,49,11,38
webis-touche2020,rr,15,0.02,weighted,42,826,393,1,0,0.0,0.051435494692863015,0.051435494692863015,0.07429683062036002,0.02,49,11,38
webis-touche2020,rr,15,0.02,active_judge,42,803,393,1,0,0.0,0.13395102027250258,0.051435494692863015,0.07429683062036002,0.02,49,11,38
webis-touche2020,rr,15,0.02,strat_pilot,42,809,393,1,0,0.0,0.05085210123728425,0.051435494692863015,0.07429683062036002,0.02,49,11,38
webis-touche2020,rr,15,0.02,weighted_cv,42,824,393,1,0,0.0,0.04313164576349945,0.051435494692863015,0.07429683062036002,0.02,49,11,38
webis-touche2020,rr,15,0.02,active_cv,42,833,393,1,0,0.0,0.07484845645070674,0.051435494692863015,0.07429683062036002,0.02,49,11,38
webis-touche2020,rr,15,0.02,weighted_cvl,42,812,393,1,0,0.0,0.03929114219825528,0.051435494692863015,0.07429683062036002,0.02,49,11,38
webis-touche2020,rr,15,0.02,uniform,43,788,379,1,0,0.0,0.12244219657355895,0.06474011640881092,0.08601302693407957,0.02,49,11,38
webis-touche2020,rr,15,0.02,uniform_nz,43,795,379,1,0,0.0,0.08791260032732531,0.06474011640881092,0.08601302693407957,0.02,49,11,38
webis-touche2020,rr,15,0.02,weighted,43,794,379,1,0,0.0,0.06474011640881092,0.06474011640881092,0.08601302693407957,0.02,49,11,38
webis-touche2020,rr,15,0.02,active_judge,43,816,379,1,0,0.0,0.15542917254206265,0.06474011640881092,0.08601302693407957,0.02,49,11,38
webis-touche2020,rr,15,0.02,strat_pilot,43,796,379,1,0,0.0,0.06409030076069945,0.06474011640881092,0.08601302693407957,0.02,49,11,38
webis-touche2020,rr,15,0.02,weighted_cv,43,796,379,1,0,0.0,0.06671062652891555,0.06474011640881092,0.08601302693407957,0.02,49,11,38
webis-touche2020,rr,15,0.02,active_cv,43,807,379,1,0,0.0,0.2029132102235441,0.06474011640881092,0.08601302693407957,0.02,49,11,38
webis-touche2020,rr,15,0.02,weighted_cvl,43,794,379,1,0,0.0,0.058415384060384476,0.06474011640881092,0.08601302693407957,0.02,49,11,38
webis-touche2020,rr,15,0.02,uniform,44,868,385,1,0,0.0,0.1075589384488818,0.07751572989153815,0.08925953846449482,0.02,49,12,38
webis-touche2020,rr,15,0.02,uniform_nz,44,864,385,1,0,0.0,0.0920108781184004,0.07751572989153815,0.08925953846449482,0.02,49,12,38
webis-touche2020,rr,15,0.02,weighted,44,851,385,1,0,0.0,0.07751572989153815,0.07751572989153815,0.08925953846449482,0.02,49,12,38
webis-touche2020,rr,15,0.02,active_judge,44,856,385,1,0,0.0,0.15149468676371589,0.07751572989153815,0.08925953846449482,0.02,49,12,38
webis-touche2020,rr,15,0.02,strat_pilot,44,834,385,1,0,0.0,0.07830991250968465,0.07751572989153815,0.08925953846449482,0.02,49,12,38
webis-touche2020,rr,15,0.02,weighted_cv,44,820,385,1,0,0.0,0.06772584637040215,0.07751572989153815,0.08925953846449482,0.02,49,12,38
webis-touche2020,rr,15,0.02,active_cv,44,849,385,1,0,0.0,0.15612972621902083,0.07751572989153815,0.08925953846449482,0.02,49,12,38
webis-touche2020,rr,15,0.02,weighted_cvl,44,869,385,1,0,0.0,0.06572286121191631,0.07751572989153815,0.08925953846449482,0.02,49,12,38
webis-touche2020,rr,15,0.02,uniform,45,810,382,1,0,0.0,0.061590533322571916,0.03221424726844826,0.05055687198415018,0.02,49,11,38
webis-touche2020,rr,15,0.02,uniform_nz,45,795,382,1,0,0.0,0.04039913391474196,0.03221424726844826,0.05055687198415018,0.02,49,11,38
webis-touche2020,rr,15,0.02,weighted,45,799,382,1,0,0.0,0.03221424726844826,0.03221424726844826,0.05055687198415018,0.02,49,11,38
webis-touche2020,rr,15,0.02,active_judge,45,811,382,1,0,0.0,0.07971929877490526,0.03221424726844826,0.05055687198415018,0.02,49,11,38
webis-touche2020,rr,15,0.02,strat_pilot,45,805,382,1,0,0.0,0.03270385370804959,0.03221424726844826,0.05055687198415018,0.02,49,11,38
webis-touche2020,rr,15,0.02,weighted_cv,45,773,382,1,0,0.0,0.028559036371993286,0.03221424726844826,0.05055687198415018,0.02,49,11,38
webis-touche2020,rr,15,0.02,active_cv,45,809,382,1,0,0.0,0.05391746623137783,0.03221424726844826,0.05055687198415018,0.02,49,11,38
webis-touche2020,rr,15,0.02,weighted_cvl,45,814,382,1,0,0.0,0.02813312014624067,0.03221424726844826,0.05055687198415018,0.02,49,11,38
webis-touche2020,rr,15,0.02,uniform,46,781,378,0,0,0.0,0.06450660266644256,0.03410777088984195,0.02096064066652301,0.02,49,11,36
webis-touche2020,rr,15,0.02,uniform_nz,46,778,378,1,0,0.0,0.055389033128803646,0.03410777088984195,0.02096064066652301,0.02,49,11,36
webis-touche2020,rr,15,0.02,weighted,46,759,378,1,0,0.0,0.03410777088984195,0.03410777088984195,0.02096064066652301,0.02,49,11,36
webis-touche2020,rr,15,0.02,active_judge,46,762,378,1,0,0.0,0.09003081040152469,0.03410777088984195,0.02096064066652301,0.02,49,11,36
webis-touche2020,rr,15,0.02,strat_pilot,46,775,378,1,0,0.0,0.03409579730941007,0.03410777088984195,0.02096064066652301,0.02,49,11,36
webis-touche2020,rr,15,0.02,weighted_cv,46,774,378,1,0,0.0,0.025934299831190326,0.03410777088984195,0.02096064066652301,0.02,49,11,36
webis-touche2020,rr,15,0.02,active_cv,46,776,378,1,0,0.0,0.048044211077885604,0.03410777088984195,0.02096064066652301,0.02,49,11,36
webis-touche2020,rr,15,0.02,weighted_cvl,46,765,378,1,0,0.0,0.022908185265467222,0.03410777088984195,0.02096064066652301,0.02,49,11,36
webis-touche2020,rr,15,0.02,uniform,47,816,377,0,0,0.04582470603207034,0.08228470816230296,0.02841093153523961,0.01661279678926738,-0.02582470603207034,49,11,38
webis-touche2020,rr,15,0.02,uniform_nz,47,777,377,0,0,0.04582470603207034,0.038932775877083076,0.02841093153523961,0.01661279678926738,-0.02582470603207034,49,11,38
webis-touche2020,rr,15,0.02,weighted,47,797,377,0,0,0.04582470603207034,0.02841093153523961,0.02841093153523961,0.01661279678926738,-0.02582470603207034,49,11,38
webis-touche2020,rr,15,0.02,active_judge,47,788,377,0,0,0.04582470603207034,0.051512720360263387,0.02841093153523961,0.01661279678926738,-0.02582470603207034,49,11,38
webis-touche2020,rr,15,0.02,strat_pilot,47,779,377,0,0,0.04582470603207034,0.02850992884929296,0.02841093153523961,0.01661279678926738,-0.02582470603207034,49,11,38
webis-touche2020,rr,15,0.02,weighted_cv,47,794,377,0,0,0.04582470603207034,0.025799630809061003,0.02841093153523961,0.01661279678926738,-0.02582470603207034,49,11,38
webis-touche2020,rr,15,0.02,active_cv,47,774,377,0,0,0.04582470603207034,0.06134020110176447,0.02841093153523961,0.01661279678926738,-0.02582470603207034,49,11,38
webis-touche2020,rr,15,0.02,weighted_cvl,47,766,377,0,0,0.04582470603207034,0.024200723597924138,0.02841093153523961,0.01661279678926738,-0.02582470603207034,49,11,38
webis-touche2020,rr,15,0.02,uniform,48,810,391,1,0,0.0,0.24286186117839628,0.06351381325053942,0.053156756756601975,0.02,49,11,38
webis-touche2020,rr,15,0.02,uniform_nz,48,822,391,1,0,0.0,0.10562823393071452,0.06351381325053942,0.053156756756601975,0.02,49,11,38
webis-touche2020,rr,15,0.02,weighted,48,793,391,1,0,0.0,0.06351381325053942,0.06351381325053942,0.053156756756601975,0.02,49,11,38
webis-touche2020,rr,15,0.02,active_judge,48,819,391,1,0,0.0,0.18120789221406058,0.06351381325053942,0.053156756756601975,0.02,49,11,38
webis-touche2020,rr,15,0.02,strat_pilot,48,821,391,1,0,0.0,0.06550158609763865,0.06351381325053942,0.053156756756601975,0.02,49,11,38
webis-touche2020,rr,15,0.02,weighted_cv,48,823,391,1,0,0.0,0.04421595113705702,0.06351381325053942,0.053156756756601975,0.02,49,11,38
webis-touche2020,rr,15,0.02,active_cv,48,798,391,1,0,0.0,0.07325725859983764,0.06351381325053942,0.053156756756601975,0.02,49,11,38
webis-touche2020,rr,15,0.02,weighted_cvl,48,808,391,1,0,0.0,0.04372998609200941,0.06351381325053942,0.053156756756601975,0.02,49,11,38
webis-touche2020,rr,15,0.02,uniform,49,752,369,0,0,0.002166509691783003,0.07818280435076186,0.03773549907265482,0.019532828282828287,0.017833490308216998,49,11,36
webis-touche2020,rr,15,0.02,uniform_nz,49,772,369,1,0,0.002166509691783003,0.05712132914846455,0.03773549907265482,0.019532828282828287,0.017833490308216998,49,11,36
webis-touche2020,rr,15,0.02,weighted,49,779,369,1,0,0.002166509691783003,0.03773549907265482,0.03773549907265482,0.019532828282828287,0.017833490308216998,49,11,36
webis-touche2020,rr,15,0.02,active_judge,49,767,369,1,0,0.002166509691783003,0.11551897085572575,0.03773549907265482,0.019532828282828287,0.017833490308216998,49,11,36
webis-touche2020,rr,15,0.02,strat_pilot,49,762,369,1,0,0.002166509691783003,0.03723077368147261,0.03773549907265482,0.019532828282828287,0.017833490308216998,49,11,36
webis-touche2020,rr,15,0.02,weighted_cv,49,772,369,1,0,0.002166509691783003,0.02801561889536213,0.03773549907265482,0.019532828282828287,0.017833490308216998,49,11,36
webis-touche2020,rr,15,0.02,active_cv,49,767,369,1,0,0.002166509691783003,0.03893639251950486,0.03773549907265482,0.019532828282828287,0.017833490308216998,49,11,36
webis-touche2020,rr,15,0.02,weighted_cvl,49,780,369,1,0,0.002166509691783003,0.024902740213314078,0.03773549907265482,0.019532828282828287,0.017833490308216998,49,11,36
webis-touche2020,rr,15,0.02,uniform,50,806,386,1,0,0.0,0.08047241915943024,0.05051864531548034,0.04757525903151155,0.02,49,11,38
webis-touche2020,rr,15,0.02,uniform_nz,50,801,386,1,0,0.0,0.059383907207560926,0.05051864531548034,0.04757525903151155,0.02,49,11,38
webis-touche2020,rr,15,0.02,weighted,50,798,386,1,0,0.0,0.05051864531548034,0.05051864531548034,0.04757525903151155,0.02,49,11,38
webis-touche2020,rr,15,0.02,active_judge,50,822,386,1,0,0.0,0.10782423209723946,0.05051864531548034,0.04757525903151155,0.02,49,11,38
webis-touche2020,rr,15,0.02,strat_pilot,50,806,386,1,0,0.0,0.05098597497977732,0.05051864531548034,0.04757525903151155,0.02,49,11,38
webis-touche2020,rr,15,0.02,weighted_cv,50,813,386,1,0,0.0,0.04277887989905058,0.05051864531548034,0.04757525903151155,0.02,49,11,38
webis-touche2020,rr,15,0.02,active_cv,50,799,386,1,0,0.0,0.06583327982150802,0.05051864531548034,0.04757525903151155,0.02,49,11,38
webis-touche2020,rr,15,0.02,weighted_cvl,50,794,386,1,0,0.0,0.04109017888603007,0.05051864531548034,0.04757525903151155,0.02,49,11,38
webis-touche2020,rr,15,0.02,uniform,51,789,386,0,0,0.0,0.06581321439775932,0.046875464941275466,0.06911280369097705,0.02,49,11,38
webis-touche2020,rr,15,0.02,uniform_nz,51,801,386,1,0,0.0,0.055540314246695074,0.046875464941275466,0.06911280369097705,0.02,49,11,38
webis-touche2020,rr,15,0.02,weighted,51,812,386,1,0,0.0,0.046875464941275466,0.046875464941275466,0.06911280369097705,0.02,49,11,38
webis-touche2020,rr,15,0.02,active_judge,51,800,386,1,0,0.0,0.11484648412046967,0.046875464941275466,0.06911280369097705,0.02,49,11,38
webis-touche2020,rr,15,0.02,strat_pilot,51,805,386,1,0,0.0,0.04706102757107988,0.046875464941275466,0.06911280369097705,0.02,49,11,38
webis-touche2020,rr,15,0.02,weighted_cv,51,773,386,1,0,0.0,0.04311651879728372,0.046875464941275466,0.06911280369097705,0.02,49,11,38
webis-touche2020,rr,15,0.02,active_cv,51,835,386,1,0,0.0,0.09540501981601845,0.046875464941275466,0.06911280369097705,0.02,49,11,38
webis-touche2020,rr,15,0.02,weighted_cvl,51,779,386,1,0,0.0,0.04361432552837258,0.046875464941275466,0.06911280369097705,0.02,49,11,38
webis-touche2020,rr,15,0.02,uniform,52,835,376,1,0,0.0,0.1111257459012874,0.08222516902431624,0.10208094337351303,0.02,49,12,38
webis-touche2020,rr,15,0.02,uniform_nz,52,804,376,1,0,0.0,0.09351259765569465,0.08222516902431624,0.10208094337351303,0.02,49,12,38
webis-touche2020,rr,15,0.02,weighted,52,818,376,1,0,0.0,0.08222516902431624,0.08222516902431624,0.10208094337351303,0.02,49,12,38
webis-touche2020,rr,15,0.02,active_judge,52,828,376,1,0,0.0,0.16093821508327838,0.08222516902431624,0.10208094337351303,0.02,49,12,38
webis-touche2020,rr,15,0.02,strat_pilot,52,853,376,1,0,0.0,0.08307060461349244,0.08222516902431624,0.10208094337351303,0.02,49,12,38
webis-touche2020,rr,15,0.02,weighted_cv,52,815,376,1,0,0.0,0.07830006214722701,0.08222516902431624,0.10208094337351303,0.02,49,12,38
webis-touche2020,rr,15,0.02,active_cv,52,839,376,1,0,0.0,0.19614860296082218,0.08222516902431624,0.10208094337351303,0.02,49,12,38
webis-touche2020,rr,15,0.02,weighted_cvl,52,816,376,1,0,0.0,0.07487387227623521,0.08222516902431624,0.10208094337351303,0.02,49,12,38
webis-touche2020,rr,15,0.02,uniform,53,774,372,0,0,0.0,0.05783245157037947,0.03463290402070544,0.02218525626420362,0.02,49,11,36
webis-touche2020,rr,15,0.02,uniform_nz,53,750,372,1,0,0.0,0.04017629428070988,0.03463290402070544,0.02218525626420362,0.02,49,11,36
webis-touche2020,rr,15,0.02,weighted,53,787,372,1,0,0.0,0.03463290402070544,0.03463290402070544,0.02218525626420362,0.02,49,11,36
webis-touche2020,rr,15,0.02,active_judge,53,770,372,1,0,0.0,0.07097745566149229,0.03463290402070544,0.02218525626420362,0.02,49,11,36
webis-touche2020,rr,15,0.02,strat_pilot,53,749,372,1,0,0.0,0.03579140572351524,0.03463290402070544,0.02218525626420362,0.02,49,11,36
webis-touche2020,rr,15,0.02,weighted_cv,53,769,372,1,0,0.0,0.030837140828926322,0.03463290402070544,0.02218525626420362,0.02,49,11,36
webis-touche2020,rr,15,0.02,active_cv,53,757,372,1,0,0.0,0.059125812991199934,0.03463290402070544,0.02218525626420362,0.02,49,11,36
webis-touche2020,rr,15,0.02,weighted_cvl,53,770,372,1,0,0.0,0.030739456673716775,0.03463290402070544,0.02218525626420362,0.02,49,11,36
webis-touche2020,rr,15,0.02,uniform,54,763,373,0,0,0.00047630470594373087,0.06756350600295002,0.04149630615606265,0.027575209877841463,0.01952369529405627,49,11,36
webis-touche2020,rr,15,0.02,uniform_nz,54,738,373,1,0,0.00047630470594373087,0.0538450821544604,0.04149630615606265,0.027575209877841463,0.01952369529405627,49,11,36
webis-touche2020,rr,15,0.02,weighted,54,777,373,1,0,0.00047630470594373087,0.04149630615606265,0.04149630615606265,0.027575209877841463,0.01952369529405627,49,11,36
webis-touche2020,rr,15,0.02,active_judge,54,767,373,1,0,0.00047630470594373087,0.09333684055038247,0.04149630615606265,0.027575209877841463,0.01952369529405627,49,11,36
webis-touche2020,rr,15,0.02,strat_pilot,54,761,373,1,0,0.00047630470594373087,0.041374834528300306,0.04149630615606265,0.027575209877841463,0.01952369529405627,49,11,36
webis-touche2020,rr,15,0.02,weighted_cv,54,779,373,1,0,0.00047630470594373087,0.040361229194932804,0.04149630615606265,0.027575209877841463,0.01952369529405627,49,11,36
webis-touche2020,rr,15,0.02,active_cv,54,766,373,1,0,0.00047630470594373087,0.07516116561648355,0.04149630615606265,0.027575209877841463,0.01952369529405627,49,11,36
webis-touche2020,rr,15,0.02,weighted_cvl,54,760,373,1,0,0.00047630470594373087,0.03913107718367662,0.04149630615606265,0.027575209877841463,0.01952369529405627,49,11,36
webis-touche2020,rr,15,0.02,uniform,55,762,370,1,0,0.0,0.24975360275368969,0.06038381930321689,0.07755943850623487,0.02,49,11,38
webis-touche2020,rr,15,0.02,uniform_nz,55,823,370,1,0,0.0,0.10209722093138467,0.06038381930321689,0.07755943850623487,0.02,49,11,38
webis-touche2020,rr,15,0.02,weighted,55,783,370,1,0,0.0,0.06038381930321689,0.06038381930321689,0.07755943850623487,0.02,49,11,38
webis-touche2020,rr,15,0.02,active_judge,55,801,370,1,0,0.0,0.19916085256123015,0.06038381930321689,0.07755943850623487,0.02,49,11,38
webis-touche2020,rr,15,0.02,strat_pilot,55,804,370,1,0,0.0,0.0622807622213826,0.06038381930321689,0.07755943850623487,0.02,49,11,38
webis-touche2020,rr,15,0.02,weighted_cv,55,792,370,1,0,0.0,0.043673080534631196,0.06038381930321689,0.07755943850623487,0.02,49,11,38
webis-touche2020,rr,15,0.02,active_cv,55,794,370,1,0,0.0,0.09470372919284145,0.06038381930321689,0.07755943850623487,0.02,49,11,38
webis-touche2020,rr,15,0.02,weighted_cvl,55,773,370,1,0,0.0,0.04095499947967706,0.06038381930321689,0.07755943850623487,0.02,49,11,38
webis-touche2020,rr,15,0.02,uniform,56,840,391,1,0,0.0,0.07107710967017357,0.05281792744763257,0.04665758920015885,0.02,49,11,38
webis-touche2020,rr,15,0.02,uniform_nz,56,790,391,1,0,0.0,0.0625869166685821,0.05281792744763257,0.04665758920015885,0.02,49,11,38
webis-touche2020,rr,15,0.02,weighted,56,814,391,1,0,0.0,0.05281792744763257,0.05281792744763257,0.04665758920015885,0.02,49,11,38
webis-touche2020,rr,15,0.02,active_judge,56,815,391,1,0,0.0,0.10915781689210531,0.05281792744763257,0.04665758920015885,0.02,49,11,38
webis-touche2020,rr,15,0.02,strat_pilot,56,800,391,1,0,0.0,0.0532824350254966,0.05281792744763257,0.04665758920015885,0.02,49,11,38
webis-touche2020,rr,15,0.02,weighted_cv,56,809,391,1,0,0.0,0.04913710223584743,0.05281792744763257,0.04665758920015885,0.02,49,11,38
webis-touche2020,rr,15,0.02,active_cv,56,816,391,1,0,0.0,0.11027788321474505,0.05281792744763257,0.04665758920015885,0.02,49,11,38
webis-touche2020,rr,15,0.02,weighted_cvl,56,791,391,1,0,0.0,0.04585147435036454,0.05281792744763257,0.04665758920015885,0.02,49,11,38
webis-touche2020,rr,15,0.02,uniform,57,763,373,1,0,0.0,0.07089518387341186,0.0367393289289438,0.0294781070322866,0.02,49,11,36
webis-touche2020,rr,15,0.02,uniform_nz,57,754,373,1,0,0.0,0.0603629897194668,0.0367393289289438,0.0294781070322866,0.02,49,11,36
webis-touche2020,rr,15,0.02,weighted,57,769,373,1,0,0.0,0.0367393289289438,0.0367393289289438,0.0294781070322866,0.02,49,11,36
webis-touche2020,rr,15,0.02,active_judge,57,769,373,1,0,0.0,0.09445206731293798,0.0367393289289438,0.0294781070322866,0.02,49,11,36
webis-touche2020,rr,15,0.02,strat_pilot,57,765,373,1,0,0.0,0.04077094609618999,0.0367393289289438,0.0294781070322866,0.02,49,11,36
webis-touche2020,rr,15,0.02,weighted_cv,57,750,373,1,0,0.0,0.03376420606590179,0.0367393289289438,0.0294781070322866,0.02,49,11,36
webis-touche2020,rr,15,0.02,active_cv,57,742,373,0,0,0.0,0.0962487532561161,0.0367393289289438,0.0294781070322866,0.02,49,11,36
webis-touche2020,rr,15,0.02,weighted_cvl,57,759,373,1,0,0.0,0.03282655666693971,0.0367393289289438,0.0294781070322866,0.02,49,11,36
webis-touche2020,rr,15,0.02,uniform,58,808,370,0,0,0.045814877539269605,0.05428483962491106,0.028159180612282696,0.019970880484038393,-0.025814877539269605,49,11,38
webis-touche2020,rr,15,0.02,uniform_nz,58,784,370,0,0,0.045814877539269605,0.03724133935907629,0.028159180612282696,0.019970880484038393,-0.025814877539269605,49,11,38
webis-touche2020,rr,15,0.02,weighted,58,760,370,0,0,0.045814877539269605,0.028159180612282696,0.028159180612282696,0.019970880484038393,-0.025814877539269605,49,11,38
webis-touche2020,rr,15,0.02,active_judge,58,804,370,0,0,0.045814877539269605,0.05926961106313831,0.028159180612282696,0.019970880484038393,-0.025814877539269605,49,11,38
webis-touche2020,rr,15,0.02,strat_pilot,58,778,370,0,0,0.045814877539269605,0.028233328076886593,0.028159180612282696,0.019970880484038393,-0.025814877539269605,49,11,38
webis-touche2020,rr,15,0.02,weighted_cv,58,799,370,0,0,0.045814877539269605,0.02786472113656247,0.028159180612282696,0.019970880484038393,-0.025814877539269605,49,11,38
webis-touche2020,rr,15,0.02,active_cv,58,768,370,0,0,0.045814877539269605,0.07345078092696469,0.028159180612282696,0.019970880484038393,-0.025814877539269605,49,11,38
webis-touche2020,rr,15,0.02,weighted_cvl,58,761,370,0,0,0.045814877539269605,0.02577128064459226,0.028159180612282696,0.019970880484038393,-0.025814877539269605,49,11,38
webis-touche2020,rr,15,0.02,uniform,59,763,359,1,0,0.0008754356501875504,0.039329966100682075,0.02088269429673263,0.02197057328636277,0.01912456434981245,49,11,36
webis-touche2020,rr,15,0.02,uniform_nz,59,753,359,1,0,0.0008754356501875504,0.025403261280554434,0.02088269429673263,0.02197057328636277,0.01912456434981245,49,11,36
webis-touche2020,rr,15,0.02,weighted,59,762,359,1,0,0.0008754356501875504,0.02088269429673263,0.02088269429673263,0.02197057328636277,0.01912456434981245,49,11,36
webis-touche2020,rr,15,0.02,active_judge,59,754,359,0,0,0.0008754356501875504,0.05315606493634793,0.02088269429673263,0.02197057328636277,0.01912456434981245,49,11,36
webis-touche2020,rr,15,0.02,strat_pilot,59,757,359,1,0,0.0008754356501875504,0.020170105492019558,0.02088269429673263,0.02197057328636277,0.01912456434981245,49,11,36
webis-touche2020,rr,15,0.02,weighted_cv,59,746,359,1,0,0.0008754356501875504,0.017542094518218435,0.02088269429673263,0.02197057328636277,0.01912456434981245,49,11,36
webis-touche2020,rr,15,0.02,active_cv,59,747,359,0,0,0.0008754356501875504,0.025987068426864775,0.02088269429673263,0.02197057328636277,0.01912456434981245,49,11,36
webis-touche2020,rr,15,0.02,weighted_cvl,59,749,359,1,0,0.0008754356501875504,0.01588477244153077,0.02088269429673263,0.02197057328636277,0.01912456434981245,49,11,36
webis-touche2020,rr,15,0.02,uniform,60,788,381,1,0,0.0,0.10264051567545178,0.05921659809696439,0.04096188927458276,0.02,49,11,38
webis-touche2020,rr,15,0.02,uniform_nz,60,813,381,1,0,0.0,0.07669641754078857,0.05921659809696439,0.04096188927458276,0.02,49,11,38
webis-touche2020,rr,15,0.02,weighted,60,804,381,1,0,0.0,0.05921659809696439,0.05921659809696439,0.04096188927458276,0.02,49,11,38
webis-touche2020,rr,15,0.02,active_judge,60,789,381,1,0,0.0,0.13774706559713787,0.05921659809696439,0.04096188927458276,0.02,49,11,38
webis-touche2020,rr,15,0.02,strat_pilot,60,797,381,1,0,0.0,0.05944525428061109,0.05921659809696439,0.04096188927458276,0.02,49,11,38
webis-touche2020,rr,15,0.02,weighted_cv,60,801,381,1,0,0.0,0.05714062090672395,0.05921659809696439,0.04096188927458276,0.02,49,11,38
webis-touche2020,rr,15,0.02,active_cv,60,789,381,1,0,0.0,0.1547692096910325,0.05921659809696439,0.04096188927458276,0.02,49,11,38
webis-touche2020,rr,15,0.02,weighted_cvl,60,797,381,1,0,0.0,0.05180002696802164,0.05921659809696439,0.04096188927458276,0.02,49,11,38
webis-touche2020,rr,15,0.02,uniform,61,800,372,1,0,0.0,0.2512822737543846,0.0598063313419646,0.07898684210526319,0.02,49,11,38
webis-touche2020,rr,15,0.02,uniform_nz,61,808,372,1,0,0.0,0.11576894196767999,0.0598063313419646,0.07898684210526319,0.02,49,11,38
webis-touche2020,rr,15,0.02,weighted,61,790,372,1,0,0.0,0.0598063313419646,0.0598063313419646,0.07898684210526319,0.02,49,11,38
webis-touche2020,rr,15,0.02,active_judge,61,798,372,1,0,0.0,0.21163477150661786,0.0598063313419646,0.07898684210526319,0.02,49,11,38
webis-touche2020,rr,15,0.02,strat_pilot,61,773,372,1,0,0.0,0.06008237882480485,0.0598063313419646,0.07898684210526319,0.02,49,11,38
webis-touche2020,rr,15,0.02,weighted_cv,61,828,372,1,0,0.0,0.03927844003209314,0.0598063313419646,0.07898684210526319,0.02,49,11,38
webis-touche2020,rr,15,0.02,active_cv,61,779,372,1,0,0.0,0.055798231274747964,0.0598063313419646,0.07898684210526319,0.02,49,11,38
webis-touche2020,rr,15,0.02,weighted_cvl,61,769,372,1,0,0.0,0.037206224916185526,0.0598063313419646,0.07898684210526319,0.02,49,11,38
webis-touche2020,rr,15,0.02,uniform,62,809,389,1,0,0.0,0.22990138982190808,0.05480989938133927,0.06893412880026151,0.02,49,11,38
webis-touche2020,rr,15,0.02,uniform_nz,62,836,389,1,0,0.0,0.09310512003310484,0.05480989938133927,0.06893412880026151,0.02,49,11,38
webis-touche2020,rr,15,0.02,weighted,62,789,389,1,0,0.0,0.05480989938133927,0.05480989938133927,0.06893412880026151,0.02,49,11,38
webis-touche2020,rr,15,0.02,active_judge,62,793,389,1,0,0.0,0.18714289214658106,0.05480989938133927,0.06893412880026151,0.02,49,11,38
webis-touche2020,rr,15,0.02,strat_pilot,62,783,389,1,0,0.0,0.056452002311261386,0.05480989938133927,0.06893412880026151,0.02,49,11,38
webis-touche2020,rr,15,0.02,weighted_cv,62,791,389,1,0,0.0,0.03736436909446843,0.05480989938133927,0.06893412880026151,0.02,49,11,38
webis-touche2020,rr,15,0.02,active_cv,62,791,389,1,0,0.0,0.05577173374108568,0.05480989938133927,0.06893412880026151,0.02,49,11,38
webis-touche2020,rr,15,0.02,weighted_cvl,62,769,389,1,0,0.0,0.03647702338641604,0.05480989938133927,0.06893412880026151,0.02,49,11,38
webis-touche2020,rr,15,0.02,uniform,63,795,379,1,0,0.0,0.08233385739041754,0.038362237544232944,0.06639991727436201,0.02,49,11,38
webis-touche2020,rr,15,0.02,uniform_nz,63,798,379,1,0,0.0,0.04906543358279711,0.038362237544232944,0.06639991727436201,0.02,49,11,38
webis-touche2020,rr,15,0.02,weighted,63,794,379,1,0,0.0,0.038362237544232944,0.038362237544232944,0.06639991727436201,0.02,49,11,38
webis-touche2020,rr,15,0.02,active_judge,63,821,379,1,0,0.0,0.10954019183532959,0.038362237544232944,0.06639991727436201,0.02,49,11,38
webis-touche2020,rr,15,0.02,strat_pilot,63,793,379,1,0,0.0,0.039255886669018344,0.038362237544232944,0.06639991727436201,0.02,49,11,38
webis-touche2020,rr,15,0.02,weighted_cv,63,785,379,1,0,0.0,0.032266725132669,0.038362237544232944,0.06639991727436201,0.02,49,11,38
webis-touche2020,rr,15,0.02,active_cv,63,787,379,1,0,0.0,0.07178074053770263,0.038362237544232944,0.06639991727436201,0.02,49,11,38
webis-touche2020,rr,15,0.02,weighted_cvl,63,778,379,1,0,0.0,0.032335900698473516,0.038362237544232944,0.06639991727436201,0.02,49,11,38
webis-touche2020,rr,15,0.02,uniform,64,794,385,1,0,0.0,0.09090226583956137,0.05716326725429619,0.057743543350354476,0.02,49,11,38
webis-touche2020,rr,15,0.02,uniform_nz,64,790,385,1,0,0.0,0.0657215128707622,0.05716326725429619,0.057743543350354476,0.02,49,11,38
webis-touche2020,rr,15,0.02,weighted,64,816,385,1,0,0.0,0.05716326725429619,0.05716326725429619,0.057743543350354476,0.02,49,11,38
webis-touche2020,rr,15,0.02,active_judge,64,784,385,1,0,0.0,0.10957654808457706,0.05716326725429619,0.057743543350354476,0.02,49,11,38
webis-touche2020,rr,15,0.02,strat_pilot,64,846,385,1,0,0.0,0.057608253194062785,0.05716326725429619,0.057743543350354476,0.02,49,11,38
webis-touche2020,rr,15,0.02,weighted_cv,64,817,385,1,0,0.0,0.048643289948050915,0.05716326725429619,0.057743543350354476,0.02,49,11,38
webis-touche2020,rr,15,0.02,active_cv,64,806,385,1,0,0.0,0.11031709199077813,0.05716326725429619,0.057743543350354476,0.02,49,11,38
webis-touche2020,rr,15,0.02,weighted_cvl,64,808,385,1,0,0.0,0.04583266189522196,0.05716326725429619,0.057743543350354476,0.02,49,11,38
webis-touche2020,rr,15,0.02,uniform,65,766,370,0,0,0.001352794601199081,0.044370979316363274,0.022680427469000126,0.02020288045288045,0.01864720539880092,49,11,36
webis-touche2020,rr,15,0.02,uniform_nz,65,734,370,0,0,0.001352794601199081,0.033449415098952814,0.022680427469000126,0.02020288045288045,0.01864720539880092,49,11,36
webis-touche2020,rr,15,0.02,weighted,65,776,370,1,0,0.001352794601199081,0.022680427469000126,0.022680427469000126,0.02020288045288045,0.01864720539880092,49,11,36
webis-touche2020,rr,15,0.02,active_judge,65,765,370,0,0,0.001352794601199081,0.04189466220642431,0.022680427469000126,0.02020288045288045,0.01864720539880092,49,11,36
webis-touche2020,rr,15,0.02,strat_pilot,65,777,370,1,0,0.001352794601199081,0.02189184619720192,0.022680427469000126,0.02020288045288045,0.01864720539880092,49,11,36
webis-touche2020,rr,15,0.02,weighted_cv,65,794,370,1,0,0.001352794601199081,0.021666849365002606,0.022680427469000126,0.02020288045288045,0.01864720539880092,49,11,36
webis-touche2020,rr,15,0.02,active_cv,65,764,370,0,0,0.001352794601199081,0.04219304556540315,0.022680427469000126,0.02020288045288045,0.01864720539880092,49,11,36
webis-touche2020,rr,15,0.02,weighted_cvl,65,759,370,1,0,0.001352794601199081,0.022086050319200645,0.022680427469000126,0.02020288045288045,0.01864720539880092,49,11,36
webis-touche2020,rr,15,0.02,uniform,66,809,381,1,0,0.0,0.08396594051832817,0.053544149190521785,0.05984368830344061,0.02,49,11,38
webis-touche2020,rr,15,0.02,uniform_nz,66,798,381,1,0,0.0,0.061638390297666955,0.053544149190521785,0.05984368830344061,0.02,49,11,38
webis-touche2020,rr,15,0.02,weighted,66,804,381,1,0,0.0,0.053544149190521785,0.053544149190521785,0.05984368830344061,0.02,49,11,38
webis-touche2020,rr,15,0.02,active_judge,66,810,381,1,0,0.0,0.12779275859008232,0.053544149190521785,0.05984368830344061,0.02,49,11,38
webis-touche2020,rr,15,0.02,strat_pilot,66,788,381,1,0,0.0,0.05453232712021926,0.053544149190521785,0.05984368830344061,0.02,49,11,38
webis-touche2020,rr,15,0.02,weighted_cv,66,799,381,1,0,0.0,0.046374227282799434,0.053544149190521785,0.05984368830344061,0.02,49,11,38
webis-touche2020,rr,15,0.02,active_cv,66,813,381,1,0,0.0,0.08941843209006393,0.053544149190521785,0.05984368830344061,0.02,49,11,38
webis-touche2020,rr,15,0.02,weighted_cvl,66,804,381,1,0,0.0,0.04495297095744247,0.053544149190521785,0.05984368830344061,0.02,49,11,38
webis-touche2020,rr,15,0.02,uniform,67,774,382,1,0,0.0,0.20529479596308634,0.03401724268885254,0.037895143287187974,0.02,49,11,36
webis-touche2020,rr,15,0.02,uniform_nz,67,776,382,1,0,0.0,0.05946610391097572,0.03401724268885254,0.037895143287187974,0.02,49,11,36
webis-touche2020,rr,15,0.02,weighted,67,761,382,1,0,0.0,0.03401724268885254,0.03401724268885254,0.037895143287187974,0.02,49,11,36
webis-touche2020,rr,15,0.02,active_judge,67,766,382,1,0,0.0,0.09873626447124026,0.03401724268885254,0.037895143287187974,0.02,49,11,36
webis-touche2020,rr,15,0.02,strat_pilot,67,777,382,1,0,0.0,0.035451882277365614,0.03401724268885254,0.037895143287187974,0.02,49,11,36
webis-touche2020,rr,15,0.02,weighted_cv,67,772,382,1,0,0.0,0.02319729580297608,0.03401724268885254,0.037895143287187974,0.02,49,11,36
webis-touche2020,rr,15,0.02,active_cv,67,754,382,1,0,0.0,0.02825357160288307,0.03401724268885254,0.037895143287187974,0.02,49,11,36
webis-touche2020,rr,15,0.02,weighted_cvl,67,785,382,1,0,0.0,0.023607853812263577,0.03401724268885254,0.037895143287187974,0.02,49,11,36
webis-touche2020,rr,15,0.02,uniform,68,809,381,1,0,0.0,0.1287080349249967,0.06999543803657886,0.03195867851892857,0.02,49,12,38
webis-touche2020,rr,15,0.02,uniform_nz,68,833,381,1,0,0.0,0.08789491250868138,0.06999543803657886,0.03195867851892857,0.02,49,12,38
webis-touche2020,rr,15,0.02,weighted,68,825,381,1,0,0.0,0.06999543803657886,0.06999543803657886,0.03195867851892857,0.02,49,12,38
webis-touche2020,rr,15,0.02,active_judge,68,841,381,1,0,0.0,0.13615602316688089,0.06999543803657886,0.03195867851892857,0.02,49,12,38
webis-touche2020,rr,15,0.02,strat_pilot,68,807,381,1,0,0.0,0.07063590587325606,0.06999543803657886,0.03195867851892857,0.02,49,12,38
webis-touche2020,rr,15,0.02,weighted_cv,68,832,381,1,0,0.0,0.05302175190424959,0.06999543803657886,0.03195867851892857,0.02,49,12,38
webis-touche2020,rr,15,0.02,active_cv,68,841,381,1,0,0.0,0.08737610866698745,0.06999543803657886,0.03195867851892857,0.02,49,12,38
webis-touche2020,rr,15,0.02,weighted_cvl,68,842,381,1,0,0.0,0.04978302460094503,0.06999543803657886,0.03195867851892857,0.02,49,12,38
webis-touche2020,rr,15,0.02,uniform,69,791,374,1,0,0.0,0.23691450140633838,0.06564022764376916,0.06274835999913399,0.02,49,11,38
webis-touche2020,rr,15,0.02,uniform_nz,69,775,374,1,0,0.0,0.10958636945491593,0.06564022764376916,0.06274835999913399,0.02,49,11,38
webis-touche2020,rr,15,0.02,weighted,69,809,374,1,0,0.0,0.06564022764376916,0.06564022764376916,0.06274835999913399,0.02,49,11,38
webis-touche2020,rr,15,0.02,active_judge,69,793,374,1,0,0.0,0.1840381063551539,0.06564022764376916,0.06274835999913399,0.02,49,11,38
webis-touche2020,rr,15,0.02,strat_pilot,69,790,374,1,0,0.0,0.06664314255258723,0.06564022764376916,0.06274835999913399,0.02,49,11,38
webis-touche2020,rr,15,0.02,weighted_cv,69,784,374,1,0,0.0,0.04560217231595363,0.06564022764376916,0.06274835999913399,0.02,49,11,38
webis-touche2020,rr,15,0.02,active_cv,69,797,374,0,0,0.0,0.09999193823935623,0.06564022764376916,0.06274835999913399,0.02,49,11,38
webis-touche2020,rr,15,0.02,weighted_cvl,69,783,374,1,0,0.0,0.04441165324947551,0.06564022764376916,0.06274835999913399,0.02,49,11,38
webis-touche2020,rr,15,0.02,uniform,70,762,373,1,0,0.0,0.06302418307008281,0.038576651561812406,0.031343997133470816,0.02,49,11,36
webis-touche2020,rr,15,0.02,uniform_nz,70,778,373,1,0,0.0,0.049150170536554384,0.038576651561812406,0.031343997133470816,0.02,49,11,36
webis-touche2020,rr,15,0.02,weighted,70,762,373,1,0,0.0,0.038576651561812406,0.038576651561812406,0.031343997133470816,0.02,49,11,36
webis-touche2020,rr,15,0.02,active_judge,70,736,373,1,0,0.0,0.07397977777537745,0.038576651561812406,0.031343997133470816,0.02,49,11,36
webis-touche2020,rr,15,0.02,strat_pilot,70,769,373,1,0,0.0,0.03872708180405163,0.038576651561812406,0.031343997133470816,0.02,49,11,36
webis-touche2020,rr,15,0.02,weighted_cv,70,763,373,1,0,0.0,0.03255380300505926,0.038576651561812406,0.031343997133470816,0.02,49,11,36
webis-touche2020,rr,15,0.02,active_cv,70,749,373,1,0,0.0,0.06783444967734145,0.038576651561812406,0.031343997133470816,0.02,49,11,36
webis-touche2020,rr,15,0.02,weighted_cvl,70,761,373,1,0,0.0,0.02943992464975904,0.038576651561812406,0.031343997133470816,0.02,49,11,36
webis-touche2020,rr,15,0.02,uniform,71,790,379,0,0,0.0022622492921664517,0.20551258229049313,0.040131355508799246,0.028993068335173594,0.01773775070783355,49,11,36
webis-touche2020,rr,15,0.02,uniform_nz,71,764,379,0,0,0.0022622492921664517,0.061690856899939514,0.040131355508799246,0.028993068335173594,0.01773775070783355,49,11,36
webis-touche2020,rr,15,0.02,weighted,71,764,379,1,0,0.0022622492921664517,0.040131355508799246,0.040131355508799246,0.028993068335173594,0.01773775070783355,49,11,36
webis-touche2020,rr,15,0.02,active_judge,71,784,379,0,0,0.0022622492921664517,0.12518649391919667,0.040131355508799246,0.028993068335173594,0.01773775070783355,49,11,36
webis-touche2020,rr,15,0.02,strat_pilot,71,774,379,1,0,0.0022622492921664517,0.040431420221748046,0.040131355508799246,0.028993068335173594,0.01773775070783355,49,11,36
webis-touche2020,rr,15,0.02,weighted_cv,71,796,379,1,0,0.0022622492921664517,0.028367273411105065,0.040131355508799246,0.028993068335173594,0.01773775070783355,49,11,36
webis-touche2020,rr,15,0.02,active_cv,71,770,379,1,0,0.0022622492921664517,0.03118213591247011,0.040131355508799246,0.028993068335173594,0.01773775070783355,49,11,36
webis-touche2020,rr,15,0.02,weighted_cvl,71,751,379,1,0,0.0022622492921664517,0.02651291549961148,0.040131355508799246,0.028993068335173594,0.01773775070783355,49,11,36
webis-touche2020,rr,15,0.02,uniform,72,831,379,1,0,0.0,0.07766631516854895,0.06706826306068708,0.12238614800759014,0.02,49,12,38
webis-touche2020,rr,15,0.02,uniform_nz,72,845,379,1,0,0.0,0.06990329064762814,0.06706826306068708,0.12238614800759014,0.02,49,12,38
webis-touche2020,rr,15,0.02,weighted,72,847,379,1,0,0.0,0.06706826306068708,0.06706826306068708,0.12238614800759014,0.02,49,12,38
webis-touche2020,rr,15,0.02,active_judge,72,808,379,1,0,0.0,0.14662814960598458,0.06706826306068708,0.12238614800759014,0.02,49,12,38
webis-touche2020,rr,15,0.02,strat_pilot,72,869,379,1,0,0.0,0.06842616749267091,0.06706826306068708,0.12238614800759014,0.02,49,12,38
webis-touche2020,rr,15,0.02,weighted_cv,72,822,379,1,0,0.0,0.06175532039291942,0.06706826306068708,0.12238614800759014,0.02,49,12,38
webis-touche2020,rr,15,0.02,active_cv,72,829,379,1,0,0.0,0.12632592745390997,0.06706826306068708,0.12238614800759014,0.02,49,12,38
webis-touche2020,rr,15,0.02,weighted_cvl,72,830,379,1,0,0.0,0.054116347335124895,0.06706826306068708,0.12238614800759014,0.02,49,12,38
webis-touche2020,rr,15,0.02,uniform,73,797,383,1,0,0.0,0.051390706215989804,0.03494218802859626,0.032695986532673825,0.02,49,11,38
webis-touche2020,rr,15,0.02,uniform_nz,73,811,383,1,0,0.0,0.04147177918981326,0.03494218802859626,0.032695986532673825,0.02,49,11,38
webis-touche2020,rr,15,0.02,weighted,73,796,383,1,0,0.0,0.03494218802859626,0.03494218802859626,0.032695986532673825,0.02,49,11,38
webis-touche2020,rr,15,0.02,active_judge,73,791,383,1,0,0.0,0.07011614816398616,0.03494218802859626,0.032695986532673825,0.02,49,11,38
webis-touche2020,rr,15,0.02,strat_pilot,73,808,383,1,0,0.0,0.03496857294092136,0.03494218802859626,0.032695986532673825,0.02,49,11,38
webis-touche2020,rr,15,0.02,weighted_cv,73,817,383,1,0,0.0,0.031123550925928833,0.03494218802859626,0.032695986532673825,0.02,49,11,38
webis-touche2020,rr,15,0.02,active_cv,73,798,383,1,0,0.0,0.06802602744051431,0.03494218802859626,0.032695986532673825,0.02,49,11,38
webis-touche2020,rr,15,0.02,weighted_cvl,73,801,383,1,0,0.0,0.02993441618966252,0.03494218802859626,0.032695986532673825,0.02,49,11,38
webis-touche2020,rr,15,0.02,uniform,74,798,388,1,0,0.0,0.06560516207907355,0.03457334146951173,0.05747490690760308,0.02,49,11,38
webis-touche2020,rr,15,0.02,uniform_nz,74,839,388,1,0,0.0,0.042719700137874066,0.03457334146951173,0.05747490690760308,0.02,49,11,38
webis-touche2020,rr,15,0.02,weighted,74,811,388,1,0,0.0,0.03457334146951173,0.03457334146951173,0.05747490690760308,0.02,49,11,38
webis-touche2020,rr,15,0.02,active_judge,74,784,388,1,0,0.0,0.08279286346610984,0.03457334146951173,0.05747490690760308,0.02,49,11,38
webis-touche2020,rr,15,0.02,strat_pilot,74,804,388,1,0,0.0,0.035839018299975586,0.03457334146951173,0.05747490690760308,0.02,49,11,38
webis-touche2020,rr,15,0.02,weighted_cv,74,802,388,1,0,0.0,0.028001558628992545,0.03457334146951173,0.05747490690760308,0.02,49,11,38
webis-touche2020,rr,15,0.02,active_cv,74,804,388,1,0,0.0,0.06203409755359518,0.03457334146951173,0.05747490690760308,0.02,49,11,38
webis-touche2020,rr,15,0.02,weighted_cvl,74,788,388,1,0,0.0,0.02794891927338481,0.03457334146951173,0.05747490690760308,0.02,49,11,38
webis-touche2020,rr,15,0.02,uniform,75,775,366,1,0,0.0,0.10161139187187318,0.06330904828695597,0.05083741550846811,0.02,49,11,38
webis-touche2020,rr,15,0.02,uniform_nz,75,806,366,1,0,0.0,0.07516071767110552,0.06330904828695597,0.05083741550846811,0.02,49,11,38
webis-touche2020,rr,15,0.02,weighted,75,766,366,1,0,0.0,0.06330904828695597,0.06330904828695597,0.05083741550846811,0.02,49,11,38
webis-touche2020,rr,15,0.02,active_judge,75,764,366,1,0,0.0,0.15170076870456217,0.06330904828695597,0.05083741550846811,0.02,49,11,38
webis-touche2020,rr,15,0.02,strat_pilot,75,774,366,1,0,0.0,0.06332023856484281,0.06330904828695597,0.05083741550846811,0.02,49,11,38
webis-touche2020,rr,15,0.02,weighted_cv,75,781,366,1,0,0.0,0.06366817510365448,0.06330904828695597,0.05083741550846811,0.02,49,11,38
webis-touche2020,rr,15,0.02,active_cv,75,771,366,1,0,0.0,0.19753068763774131,0.06330904828695597,0.05083741550846811,0.02,49,11,38
webis-touche2020,rr,15,0.02,weighted_cvl,75,765,366,1,0,0.0,0.05462001203581296,0.06330904828695597,0.05083741550846811,0.02,49,11,38
webis-touche2020,rr,15,0.02,uniform,76,792,378,1,0,0.0,0.09076326556289877,0.05278456524533365,0.044152969837180325,0.02,49,11,38
webis-touche2020,rr,15,0.02,uniform_nz,76,793,378,1,0,0.0,0.06600342127024056,0.05278456524533365,0.044152969837180325,0.02,49,11,38
webis-touche2020,rr,15,0.02,weighted,76,796,378,1,0,0.0,0.05278456524533365,0.05278456524533365,0.044152969837180325,0.02,49,11,38
webis-touche2020,rr,15,0.02,active_judge,76,791,378,1,0,0.0,0.11684652930825426,0.05278456524533365,0.044152969837180325,0.02,49,11,38
webis-touche2020,rr,15,0.02,strat_pilot,76,789,378,1,0,0.0,0.052163709840654104,0.05278456524533365,0.044152969837180325,0.02,49,11,38
webis-touche2020,rr,15,0.02,weighted_cv,76,778,378,1,0,0.0,0.05084357368520259,0.05278456524533365,0.044152969837180325,0.02,49,11,38
webis-touche2020,rr,15,0.02,active_cv,76,774,378,1,0,0.0,0.13144524671136326,0.05278456524533365,0.044152969837180325,0.02,49,11,38
webis-touche2020,rr,15,0.02,weighted_cvl,76,801,378,1,0,0.0,0.04305993913399577,0.05278456524533365,0.044152969837180325,0.02,49,11,38
webis-touche2020,rr,15,0.02,uniform,77,817,368,1,0,0.0,0.1161686575025569,0.04800815445025884,0.09851887491593372,0.02,49,11,38
webis-touche2020,rr,15,0.02,uniform_nz,77,791,368,1,0,0.0,0.07743960355674308,0.04800815445025884,0.09851887491593372,0.02,49,11,38
webis-touche2020,rr,15,0.02,weighted,77,786,368,1,0,0.0,0.04800815445025884,0.04800815445025884,0.09851887491593372,0.02,49,11,38
webis-touche2020,rr,15,0.02,active_judge,77,764,368,1,0,0.0,0.1450402320592634,0.04800815445025884,0.09851887491593372,0.02,49,11,38
webis-touche2020,rr,15,0.02,strat_pilot,77,763,368,1,0,0.0,0.04743128897221559,0.04800815445025884,0.09851887491593372,0.02,49,11,38
webis-touche2020,rr,15,0.02,weighted_cv,77,781,368,1,0,0.0,0.04152239131425138,0.04800815445025884,0.09851887491593372,0.02,49,11,38
webis-touche2020,rr,15,0.02,active_cv,77,779,368,1,0,0.0,0.09212627748335309,0.04800815445025884,0.09851887491593372,0.02,49,11,38
webis-touche2020,rr,15,0.02,weighted_cvl,77,799,368,1,0,0.0,0.03966421594713257,0.04800815445025884,0.09851887491593372,0.02,49,11,38
webis-touche2020,rr,15,0.02,uniform,78,820,386,1,0,0.0,0.272600461929852,0.06491147747229639,0.08358048027014241,0.02,49,11,38
webis-touche2020,rr,15,0.02,uniform_nz,78,799,386,1,0,0.0,0.12558835969393728,0.06491147747229639,0.08358048027014241,0.02,49,11,38
webis-touche2020,rr,15,0.02,weighted,78,800,386,1,0,0.0,0.06491147747229639,0.06491147747229639,0.08358048027014241,0.02,49,11,38
webis-touche2020,rr,15,0.02,active_judge,78,790,386,1,0,0.0,0.2394842573109083,0.06491147747229639,0.08358048027014241,0.02,49,11,38
webis-touche2020,rr,15,0.02,strat_pilot,78,793,386,1,0,0.0,0.06792182036475848,0.06491147747229639,0.08358048027014241,0.02,49,11,38
webis-touche2020,rr,15,0.02,weighted_cv,78,820,386,1,0,0.0,0.04472590179532149,0.06491147747229639,0.08358048027014241,0.02,49,11,38
webis-touche2020,rr,15,0.02,active_cv,78,800,386,1,0,0.0,0.08453540456368928,0.06491147747229639,0.08358048027014241,0.02,49,11,38
webis-touche2020,rr,15,0.02,weighted_cvl,78,808,386,1,0,0.0,0.04246689165830088,0.06491147747229639,0.08358048027014241,0.02,49,11,38
webis-touche2020,rr,15,0.02,uniform,79,803,390,1,0,0.0,0.2440867606699415,0.0701784373309848,0.06351563861548384,0.02,49,11,38
webis-touche2020,rr,15,0.02,uniform_nz,79,799,390,1,0,0.0,0.1142573849496048,0.0701784373309848,0.06351563861548384,0.02,49,11,38
webis-touche2020,rr,15,0.02,weighted,79,811,390,1,0,0.0,0.0701784373309848,0.0701784373309848,0.06351563861548384,0.02,49,11,38
webis-touche2020,rr,15,0.02,active_judge,79,801,390,1,0,0.0,0.2057504950261515,0.0701784373309848,0.06351563861548384,0.02,49,11,38
webis-touche2020,rr,15,0.02,strat_pilot,79,822,390,1,0,0.0,0.07236539904356973,0.0701784373309848,0.06351563861548384,0.02,49,11,38
webis-touche2020,rr,15,0.02,weighted_cv,79,807,390,1,0,0.0,0.04692331844938964,0.0701784373309848,0.06351563861548384,0.02,49,11,38
webis-touche2020,rr,15,0.02,active_cv,79,784,390,1,0,0.0,0.07868249662436308,0.0701784373309848,0.06351563861548384,0.02,49,11,38
webis-touche2020,rr,15,0.02,weighted_cvl,79,805,390,1,0,0.0,0.04841621926452168,0.0701784373309848,0.06351563861548384,0.02,49,11,38
webis-touche2020,rr,15,0.02,uniform,80,830,388,1,0,0.0,0.09888481640884976,0.05563213499249259,0.06180600746625782,0.02,49,11,38
webis-touche2020,rr,15,0.02,uniform_nz,80,760,388,1,0,0.0,0.08528026985297864,0.05563213499249259,0.06180600746625782,0.02,49,11,38
webis-touche2020,rr,15,0.02,weighted,80,796,388,1,0,0.0,0.05563213499249259,0.05563213499249259,0.06180600746625782,0.02,49,11,38
webis-touche2020,rr,15,0.02,active_judge,80,792,388,1,0,0.0,0.15671051666553434,0.05563213499249259,0.06180600746625782,0.02,49,11,38
webis-touche2020,rr,15,0.02,strat_pilot,80,798,388,1,0,0.0,0.055721651161577866,0.05563213499249259,0.06180600746625782,0.02,49,11,38
webis-touche2020,rr,15,0.02,weighted_cv,80,812,388,1,0,0.0,0.04963097454234871,0.05563213499249259,0.06180600746625782,0.02,49,11,38
webis-touche2020,rr,15,0.02,active_cv,80,790,388,1,0,0.0,0.09776494666191024,0.05563213499249259,0.06180600746625782,0.02,49,11,38
webis-touche2020,rr,15,0.02,weighted_cvl,80,816,388,1,0,0.0,0.043336504633010475,0.05563213499249259,0.06180600746625782,0.02,49,11,38
webis-touche2020,rr,15,0.02,uniform,81,788,370,1,0,0.0,0.22410441843313494,0.04646829101047345,0.05970272262996723,0.02,49,11,38
webis-touche2020,rr,15,0.02,uniform_nz,81,799,370,1,0,0.0,0.08413907059817419,0.04646829101047345,0.05970272262996723,0.02,49,11,38
webis-touche2020,rr,15,0.02,weighted,81,772,370,1,0,0.0,0.04646829101047345,0.04646829101047345,0.05970272262996723,0.02,49,11,38
webis-touche2020,rr,15,0.02,active_judge,81,768,370,1,0,0.0,0.16514755233359132,0.04646829101047345,0.05970272262996723,0.02,49,11,38
webis-touche2020,rr,15,0.02,strat_pilot,81,795,370,1,0,0.0,0.04774295306111808,0.04646829101047345,0.05970272262996723,0.02,49,11,38
webis-touche2020,rr,15,0.02,weighted_cv,81,809,370,1,0,0.0,0.031666924351440966,0.04646829101047345,0.05970272262996723,0.02,49,11,38
webis-touche2020,rr,15,0.02,active_cv,81,793,370,1,0,0.0,0.0519585558394414,0.04646829101047345,0.05970272262996723,0.02,49,11,38
webis-touche2020,rr,15,0.02,weighted_cvl,81,806,370,1,0,0.0,0.03281645174826186,0.04646829101047345,0.05970272262996723,0.02,49,11,38
webis-touche2020,rr,15,0.02,uniform,82,793,382,1,0,0.0,0.11009040148054441,0.06594596982070408,0.0764479701385745,0.02,49,11,38
webis-touche2020,rr,15,0.02,uniform_nz,82,802,382,1,0,0.0,0.09814551279701939,0.06594596982070408,0.0764479701385745,0.02,49,11,38
webis-touche2020,rr,15,0.02,weighted,82,780,382,1,0,0.0,0.06594596982070408,0.06594596982070408,0.0764479701385745,0.02,49,11,38
webis-touche2020,rr,15,0.02,active_judge,82,790,382,0,0,0.0,0.17646974301146326,0.06594596982070408,0.0764479701385745,0.02,49,11,38
webis-touche2020,rr,15,0.02,strat_pilot,82,799,382,1,0,0.0,0.06776301331689229,0.06594596982070408,0.0764479701385745,0.02,49,11,38
webis-touche2020,rr,15,0.02,weighted_cv,82,769,382,1,0,0.0,0.054495401914545785,0.06594596982070408,0.0764479701385745,0.02,49,11,38
webis-touche2020,rr,15,0.02,active_cv,82,785,382,1,0,0.0,0.10053664843885253,0.06594596982070408,0.0764479701385745,0.02,49,11,38
webis-touche2020,rr,15,0.02,weighted_cvl,82,815,382,1,0,0.0,0.04854529314278623,0.06594596982070408,0.0764479701385745,0.02,49,11,38
webis-touche2020,rr,15,0.02,uniform,83,802,389,1,0,0.0,0.050408090612513334,0.028157921063228154,0.033364616767497364,0.02,49,11,38
webis-touche2020,rr,15,0.02,uniform_nz,83,816,389,1,0,0.0,0.03644564004133506,0.028157921063228154,0.033364616767497364,0.02,49,11,38
webis-touche2020,rr,15,0.02,weighted,83,774,389,1,0,0.0,0.028157921063228154,0.028157921063228154,0.033364616767497364,0.02,49,11,38
webis-touche2020,rr,15,0.02,active_judge,83,796,389,1,0,0.0,0.06700286813195713,0.028157921063228154,0.033364616767497364,0.02,49,11,38
webis-touche2020,rr,15,0.02,strat_pilot,83,806,389,1,0,0.0,0.028243378537169694,0.028157921063228154,0.033364616767497364,0.02,49,11,38
webis-touche2020,rr,15,0.02,weighted_cv,83,796,389,1,0,0.0,0.025151321863939147,0.028157921063228154,0.033364616767497364,0.02,49,11,38
webis-touche2020,rr,15,0.02,active_cv,83,799,389,1,0,0.0,0.04906463923026268,0.028157921063228154,0.033364616767497364,0.02,49,11,38
webis-touche2020,rr,15,0.02,weighted_cvl,83,785,389,1,0,0.0,0.02417066816994747,0.028157921063228154,0.033364616767497364,0.02,49,11,38
webis-touche2020,rr,15,0.02,uniform,84,767,372,1,0,0.0,0.23413424956829085,0.04888842476634484,0.10699516488855568,0.02,49,11,38
webis-touche2020,rr,15,0.02,uniform_nz,84,809,372,1,0,0.0,0.1072451506470687,0.04888842476634484,0.10699516488855568,0.02,49,11,38
webis-touche2020,rr,15,0.02,weighted,84,814,372,1,0,0.0,0.04888842476634484,0.04888842476634484,0.10699516488855568,0.02,49,11,38
webis-touche2020,rr,15,0.02,active_judge,84,811,372,1,0,0.0,0.18867769777086904,0.04888842476634484,0.10699516488855568,0.02,49,11,38
webis-touche2020,rr,15,0.02,strat_pilot,84,819,372,1,0,0.0,0.05089609988816096,0.04888842476634484,0.10699516488855568,0.02,49,11,38
webis-touche2020,rr,15,0.02,weighted_cv,84,796,372,1,0,0.0,0.029749007278614535,0.04888842476634484,0.10699516488855568,0.02,49,11,38
webis-touche2020,rr,15,0.02,active_cv,84,777,372,1,0,0.0,0.05519207470624945,0.04888842476634484,0.10699516488855568,0.02,49,11,38
webis-touche2020,rr,15,0.02,weighted_cvl,84,764,372,1,0,0.0,0.02924644591013526,0.04888842476634484,0.10699516488855568,0.02,49,11,38
webis-touche2020,rr,15,0.02,uniform,85,782,369,1,0,0.0,0.07863643199334201,0.056897767608423244,0.04730165562888672,0.02,49,11,38
webis-touche2020,rr,15,0.02,uniform_nz,85,790,369,1,0,0.0,0.07097032237934468,0.056897767608423244,0.04730165562888672,0.02,49,11,38
webis-touche2020,rr,15,0.02,weighted,85,798,369,1,0,0.0,0.056897767608423244,0.056897767608423244,0.04730165562888672,0.02,49,11,38
webis-touche2020,rr,15,0.02,active_judge,85,787,369,1,0,0.0,0.12390482013434759,0.056897767608423244,0.04730165562888672,0.02,49,11,38
webis-touche2020,rr,15,0.02,strat_pilot,85,767,369,1,0,0.0,0.05829780905889951,0.056897767608423244,0.04730165562888672,0.02,49,11,38
webis-touche2020,rr,15,0.02,weighted_cv,85,766,369,1,0,0.0,0.05455897815883035,0.056897767608423244,0.04730165562888672,0.02,49,11,38
webis-touche2020,rr,15,0.02,active_cv,85,766,369,1,0,0.0,0.11760869648957187,0.056897767608423244,0.04730165562888672,0.02,49,11,38
webis-touche2020,rr,15,0.02,weighted_cvl,85,786,369,1,0,0.0,0.048532109029233605,0.056897767608423244,0.04730165562888672,0.02,49,11,38
webis-touche2020,rr,15,0.02,uniform,86,837,392,1,0,0.0,0.21268731022449733,0.047977478709558444,0.06643416754097868,0.02,49,11,38
webis-touche2020,rr,15,0.02,uniform_nz,86,818,392,1,0,0.0,0.08742371130707234,0.047977478709558444,0.06643416754097868,0.02,49,11,38
webis-touche2020,rr,15,0.02,weighted,86,828,392,1,0,0.0,0.047977478709558444,0.047977478709558444,0.06643416754097868,0.02,49,11,38
webis-touche2020,rr,15,0.02,active_judge,86,781,392,1,0,0.0,0.14776557682219554,0.047977478709558444,0.06643416754097868,0.02,49,11,38
webis-touche2020,rr,15,0.02,strat_pilot,86,834,392,1,0,0.0,0.04876111655425914,0.047977478709558444,0.06643416754097868,0.02,49,11,38
webis-touche2020,rr,15,0.02,weighted_cv,86,818,392,1,0,0.0,0.03189746794433854,0.047977478709558444,0.06643416754097868,0.02,49,11,38
webis-touche2020,rr,15,0.02,active_cv,86,796,392,1,0,0.0,0.048965897638901246,0.047977478709558444,0.06643416754097868,0.02,49,11,38
webis-touche2020,rr,15,0.02,weighted_cvl,86,821,392,1,0,0.0,0.03294287791963431,0.047977478709558444,0.06643416754097868,0.02,49,11,38
webis-touche2020,rr,15,0.02,uniform,87,760,371,1,0,0.0,0.24785123564609193,0.0739629850672272,0.09264808892517871,0.02,49,11,38
webis-touche2020,rr,15,0.02,uniform_nz,87,778,371,1,0,0.0,0.11586584534899505,0.0739629850672272,0.09264808892517871,0.02,49,11,38
webis-touche2020,rr,15,0.02,weighted,87,771,371,1,0,0.0,0.0739629850672272,0.0739629850672272,0.09264808892517871,0.02,49,11,38
webis-touche2020,rr,15,0.02,active_judge,87,811,371,1,0,0.0,0.21603302204445102,0.0739629850672272,0.09264808892517871,0.02,49,11,38
webis-touche2020,rr,15,0.02,strat_pilot,87,824,371,1,0,0.0,0.07484483918268872,0.0739629850672272,0.09264808892517871,0.02,49,11,38
webis-touche2020,rr,15,0.02,weighted_cv,87,819,371,1,0,0.0,0.058230797590890206,0.0739629850672272,0.09264808892517871,0.02,49,11,38
webis-touche2020,rr,15,0.02,active_cv,87,773,371,1,0,0.0,0.12137728098349262,0.0739629850672272,0.09264808892517871,0.02,49,11,38
webis-touche2020,rr,15,0.02,weighted_cvl,87,793,371,1,0,0.0,0.052776061296496826,0.0739629850672272,0.09264808892517871,0.02,49,11,38
webis-touche2020,rr,15,0.02,uniform,88,805,384,1,0,0.0,0.22515328587007372,0.046430986693520755,0.050620607002017676,0.02,49,11,38
webis-touche2020,rr,15,0.02,uniform_nz,88,822,384,1,0,0.0,0.08495361153363042,0.046430986693520755,0.050620607002017676,0.02,49,11,38
webis-touche2020,rr,15,0.02,weighted,88,785,384,1,0,0.0,0.046430986693520755,0.046430986693520755,0.050620607002017676,0.02,49,11,38
webis-touche2020,rr,15,0.02,active_judge,88,794,384,1,0,0.0,0.15073563868166445,0.046430986693520755,0.050620607002017676,0.02,49,11,38
webis-touche2020,rr,15,0.02,strat_pilot,88,802,384,1,0,0.0,0.04705527923598555,0.046430986693520755,0.050620607002017676,0.02,49,11,38
webis-touche2020,rr,15,0.02,weighted_cv,88,784,384,1,0,0.0,0.029701636573358024,0.046430986693520755,0.050620607002017676,0.02,49,11,38
webis-touche2020,rr,15,0.02,active_cv,88,814,384,1,0,0.0,0.04337434935141249,0.046430986693520755,0.050620607002017676,0.02,49,11,38
webis-touche2020,rr,15,0.02,weighted_cvl,88,784,384,1,0,0.0,0.028987030159646977,0.046430986693520755,0.050620607002017676,0.02,49,11,38
webis-touche2020,rr,15,0.02,uniform,89,748,367,1,0,0.0,0.20507254078541387,0.03748242711877926,0.0633113216706567,0.02,49,11,38
webis-touche2020,rr,15,0.02,uniform_nz,89,769,367,1,0,0.0,0.0801697948694445,0.03748242711877926,0.0633113216706567,0.02,49,11,38
webis-touche2020,rr,15,0.02,weighted,89,780,367,1,0,0.0,0.03748242711877926,0.03748242711877926,0.0633113216706567,0.02,49,11,38
webis-touche2020,rr,15,0.02,active_judge,89,789,367,1,0,0.0,0.11892163263544027,0.03748242711877926,0.0633113216706567,0.02,49,11,38
webis-touche2020,rr,15,0.02,strat_pilot,89,783,367,1,0,0.0,0.03832024621511319,0.03748242711877926,0.0633113216706567,0.02,49,11,38
webis-touche2020,rr,15,0.02,weighted_cv,89,786,367,1,0,0.0,0.024154772329460988,0.03748242711877926,0.0633113216706567,0.02,49,11,38
webis-touche2020,rr,15,0.02,active_cv,89,765,367,1,0,0.0,0.042819203290998406,0.03748242711877926,0.0633113216706567,0.02,49,11,38
webis-touche2020,rr,15,0.02,weighted_cvl,89,797,367,1,0,0.0,0.024154772329460988,0.03748242711877926,0.0633113216706567,0.02,49,11,38
webis-touche2020,rr,15,0.02,uniform,90,778,377,1,0,0.0,0.12438989100350573,0.06979807366364499,0.06411554733536158,0.02,49,11,38
webis-touche2020,rr,15,0.02,uniform_nz,90,793,377,1,0,0.0,0.10021532083178677,0.06979807366364499,0.06411554733536158,0.02,49,11,38
webis-touche2020,rr,15,0.02,weighted,90,799,377,1,0,0.0,0.06979807366364499,0.06979807366364499,0.06411554733536158,0.02,49,11,38
webis-touche2020,rr,15,0.02,active_judge,90,794,377,1,0,0.0,0.21633022022100978,0.06979807366364499,0.06411554733536158,0.02,49,11,38
webis-touche2020,rr,15,0.02,strat_pilot,90,800,377,1,0,0.0,0.067385411179138,0.06979807366364499,0.06411554733536158,0.02,49,11,38
webis-touche2020,rr,15,0.02,weighted_cv,90,761,377,1,0,0.0,0.060280209680880006,0.06979807366364499,0.06411554733536158,0.02,49,11,38
webis-touche2020,rr,15,0.02,active_cv,90,794,377,1,0,0.0,0.14639624132048723,0.06979807366364499,0.06411554733536158,0.02,49,11,38
webis-touche2020,rr,15,0.02,weighted_cvl,90,785,377,1,0,0.0,0.05128818869677073,0.06979807366364499,0.06411554733536158,0.02,49,11,38
webis-touche2020,rr,15,0.02,uniform,91,851,387,1,0,0.0,0.28621255703974857,0.08473556232227873,0.08984655452182212,0.02,49,12,38
webis-touche2020,rr,15,0.02,uniform_nz,91,830,387,1,0,0.0,0.162496592252074,0.08473556232227873,0.08984655452182212,0.02,49,12,38
webis-touche2020,rr,15,0.02,weighted,91,867,387,1,0,0.0,0.08473556232227873,0.08473556232227873,0.08984655452182212,0.02,49,12,38
webis-touche2020,rr,15,0.02,active_judge,91,854,387,1,0,0.0,0.25343557026070773,0.08473556232227873,0.08984655452182212,0.02,49,12,38
webis-touche2020,rr,15,0.02,strat_pilot,91,852,387,1,0,0.0,0.08658820242626979,0.08473556232227873,0.08984655452182212,0.02,49,12,38
webis-touche2020,rr,15,0.02,weighted_cv,91,843,387,1,0,0.0,0.05278290884532198,0.08473556232227873,0.08984655452182212,0.02,49,12,38
webis-touche2020,rr,15,0.02,active_cv,91,852,387,1,0,0.0,0.0718440086085009,0.08473556232227873,0.08984655452182212,0.02,49,12,38
webis-touche2020,rr,15,0.02,weighted_cvl,91,860,387,1,0,0.0,0.05278290884532198,0.08473556232227873,0.08984655452182212,0.02,49,12,38
webis-touche2020,rr,15,0.02,uniform,92,799,380,0,0,0.0,0.051300052879827876,0.03120090496064613,0.06590656577111685,0.02,49,11,38
webis-touche2020,rr,15,0.02,uniform_nz,92,785,380,1,0,0.0,0.036257807936426904,0.03120090496064613,0.06590656577111685,0.02,49,11,38
webis-touche2020,rr,15,0.02,weighted,92,795,380,1,0,0.0,0.03120090496064613,0.03120090496064613,0.06590656577111685,0.02,49,11,38
webis-touche2020,rr,15,0.02,active_judge,92,803,380,1,0,0.0,0.0800267316361956,0.03120090496064613,0.06590656577111685,0.02,49,11,38
webis-touche2020,rr,15,0.02,strat_pilot,92,786,380,1,0,0.0,0.03174223198323128,0.03120090496064613,0.06590656577111685,0.02,49,11,38
webis-touche2020,rr,15,0.02,weighted_cv,92,821,380,1,0,0.0,0.0262528825797153,0.03120090496064613,0.06590656577111685,0.02,49,11,38
webis-touche2020,rr,15,0.02,active_cv,92,804,380,1,0,0.0,0.03403051773509403,0.03120090496064613,0.06590656577111685,0.02,49,11,38
webis-touche2020,rr,15,0.02,weighted_cvl,92,784,380,1,0,0.0,0.02597145949833976,0.03120090496064613,0.06590656577111685,0.02,49,11,38
webis-touche2020,rr,15,0.02,uniform,93,818,389,1,0,0.0,0.06994205710700788,0.03001813382898617,0.0420490109567374,0.02,49,11,38
webis-touche2020,rr,15,0.02,uniform_nz,93,785,389,1,0,0.0,0.03733930331768921,0.03001813382898617,0.0420490109567374,0.02,49,11,38
webis-touche2020,rr,15,0.02,weighted,93,779,389,1,0,0.0,0.03001813382898617,0.03001813382898617,0.0420490109567374,0.02,49,11,38
webis-touche2020,rr,15,0.02,active_judge,93,795,389,1,0,0.0,0.04818826222611066,0.03001813382898617,0.0420490109567374,0.02,49,11,38
webis-touche2020,rr,15,0.02,strat_pilot,93,788,389,1,0,0.0,0.03022095154306443,0.03001813382898617,0.0420490109567374,0.02,49,11,38
webis-touche2020,rr,15,0.02,weighted_cv,93,793,389,1,0,0.0,0.027644656189446254,0.03001813382898617,0.0420490109567374,0.02,49,11,38
webis-touche2020,rr,15,0.02,active_cv,93,806,389,1,0,0.0,0.071945857032054,0.03001813382898617,0.0420490109567374,0.02,49,11,38
webis-touche2020,rr,15,0.02,weighted_cvl,93,812,389,1,0,0.0,0.02618974250807652,0.03001813382898617,0.0420490109567374,0.02,49,11,38
webis-touche2020,rr,15,0.02,uniform,94,773,375,1,0,0.0,0.21850430407466534,0.04919740446761836,0.08348809644461821,0.02,49,11,38
webis-touche2020,rr,15,0.02,uniform_nz,94,790,375,1,0,0.0,0.08758214116984071,0.04919740446761836,0.08348809644461821,0.02,49,11,38
webis-touche2020,rr,15,0.02,weighted,94,776,375,1,0,0.0,0.04919740446761836,0.04919740446761836,0.08348809644461821,0.02,49,11,38
webis-touche2020,rr,15,0.02,active_judge,94,781,375,1,0,0.0,0.16151461302922393,0.04919740446761836,0.08348809644461821,0.02,49,11,38
webis-touche2020,rr,15,0.02,strat_pilot,94,776,375,1,0,0.0,0.0499487245878931,0.04919740446761836,0.08348809644461821,0.02,49,11,38
webis-touche2020,rr,15,0.02,weighted_cv,94,782,375,1,0,0.0,0.03638578008037474,0.04919740446761836,0.08348809644461821,0.02,49,11,38
webis-touche2020,rr,15,0.02,active_cv,94,786,375,1,0,0.0,0.0766166890830279,0.04919740446761836,0.08348809644461821,0.02,49,11,38
webis-touche2020,rr,15,0.02,weighted_cvl,94,814,375,1,0,0.0,0.033173656819608044,0.04919740446761836,0.08348809644461821,0.02,49,11,38
webis-touche2020,rr,15,0.02,uniform,95,780,368,1,0,0.0,0.2479879525692466,0.06694540620385427,0.099649068278157,0.02,49,11,38
webis-touche2020,rr,15,0.02,uniform_nz,95,798,368,1,0,0.0,0.12428652199163488,0.06694540620385427,0.099649068278157,0.02,49,11,38
webis-touche2020,rr,15,0.02,weighted,95,779,368,1,0,0.0,0.06694540620385427,0.06694540620385427,0.099649068278157,0.02,49,11,38
webis-touche2020,rr,15,0.02,active_judge,95,779,368,1,0,0.0,0.22236924138823108,0.06694540620385427,0.099649068278157,0.02,49,11,38
webis-touche2020,rr,15,0.02,strat_pilot,95,783,368,1,0,0.0,0.06859253041157952,0.06694540620385427,0.099649068278157,0.02,49,11,38
webis-touche2020,rr,15,0.02,weighted_cv,95,781,368,1,0,0.0,0.0529038651574256,0.06694540620385427,0.099649068278157,0.02,49,11,38
webis-touche2020,rr,15,0.02,active_cv,95,780,368,1,0,0.0,0.13590564432303226,0.06694540620385427,0.099649068278157,0.02,49,11,38
webis-touche2020,rr,15,0.02,weighted_cvl,95,805,368,1,0,0.0,0.051182593266282696,0.06694540620385427,0.099649068278157,0.02,49,11,38
webis-touche2020,rr,15,0.02,uniform,96,780,382,1,0,0.0,0.05365651290356134,0.027431939018179464,0.049880227813496075,0.02,49,11,38
webis-touche2020,rr,15,0.02,uniform_nz,96,812,382,1,0,0.0,0.03296243664615777,0.027431939018179464,0.049880227813496075,0.02,49,11,38
webis-touche2020,rr,15,0.02,weighted,96,782,382,1,0,0.0,0.027431939018179464,0.027431939018179464,0.049880227813496075,0.02,49,11,38
webis-touche2020,rr,15,0.02,active_judge,96,783,382,1,0,0.0,0.05799192952675265,0.027431939018179464,0.049880227813496075,0.02,49,11,38
webis-touche2020,rr,15,0.02,strat_pilot,96,795,382,1,0,0.0,0.027651555456816874,0.027431939018179464,0.049880227813496075,0.02,49,11,38
webis-touche2020,rr,15,0.02,weighted_cv,96,787,382,1,0,0.0,0.022507270235000328,0.027431939018179464,0.049880227813496075,0.02,49,11,38
webis-touche2020,rr,15,0.02,active_cv,96,804,382,1,0,0.0,0.04733702181332925,0.027431939018179464,0.049880227813496075,0.02,49,11,38
webis-touche2020,rr,15,0.02,weighted_cvl,96,798,382,1,0,0.0,0.021525453660447808,0.027431939018179464,0.049880227813496075,0.02,49,11,38
webis-touche2020,rr,15,0.02,uniform,97,777,379,0,0,0.0,0.07215954499786283,0.0420528428346998,0.035334026912200285,0.02,49,11,38
webis-touche2020,rr,15,0.02,uniform_nz,97,779,379,1,0,0.0,0.05338555352009794,0.0420528428346998,0.035334026912200285,0.02,49,11,38
webis-touche2020,rr,15,0.02,weighted,97,797,379,1,0,0.0,0.0420528428346998,0.0420528428346998,0.035334026912200285,0.02,49,11,38
webis-touche2020,rr,15,0.02,active_judge,97,796,379,1,0,0.0,0.10215435481761963,0.0420528428346998,0.035334026912200285,0.02,49,11,38
webis-touche2020,rr,15,0.02,strat_pilot,97,821,379,1,0,0.0,0.042937310296663714,0.0420528428346998,0.035334026912200285,0.02,49,11,38
webis-touche2020,rr,15,0.02,weighted_cv,97,781,379,1,0,0.0,0.03107733998300381,0.0420528428346998,0.035334026912200285,0.02,49,11,38
webis-touche2020,rr,15,0.02,active_cv,97,779,379,1,0,0.0,0.05599509093178369,0.0420528428346998,0.035334026912200285,0.02,49,11,38
webis-touche2020,rr,15,0.02,weighted_cvl,97,780,379,1,0,0.0,0.029205255234999707,0.0420528428346998,0.035334026912200285,0.02,49,11,38
webis-touche2020,rr,15,0.02,uniform,98,831,372,1,0,0.0,0.10362787530359112,0.07904044853289341,0.07833599211173581,0.02,49,12,38
webis-touche2020,rr,15,0.02,uniform_nz,98,819,372,1,0,0.0,0.08455560376700814,0.07904044853289341,0.07833599211173581,0.02,49,12,38
webis-touche2020,rr,15,0.02,weighted,98,819,372,1,0,0.0,0.07904044853289341,0.07904044853289341,0.07833599211173581,0.02,49,12,38
webis-touche2020,rr,15,0.02,active_judge,98,830,372,1,0,0.0,0.19220325511473288,0.07904044853289341,0.07833599211173581,0.02,49,12,38
webis-touche2020,rr,15,0.02,strat_pilot,98,823,372,1,0,0.0,0.08028766113409785,0.07904044853289341,0.07833599211173581,0.02,49,12,38
webis-touche2020,rr,15,0.02,weighted_cv,98,847,372,1,0,0.0,0.06885994196949066,0.07904044853289341,0.07833599211173581,0.02,49,12,38
webis-touche2020,rr,15,0.02,active_cv,98,823,372,1,0,0.0,0.13392901224187695,0.07904044853289341,0.07833599211173581,0.02,49,12,38
webis-touche2020,rr,15,0.02,weighted_cvl,98,831,372,1,0,0.0,0.061623588204273785,0.07904044853289341,0.07833599211173581,0.02,49,12,38
webis-touche2020,rr,15,0.02,uniform,99,771,385,0,0,0.0,0.2236046420784986,0.05259881993865019,0.022718196835843887,0.02,49,11,36
webis-touche2020,rr,15,0.02,uniform_nz,99,767,385,0,0,0.0,0.08650017877155794,0.05259881993865019,0.022718196835843887,0.02,49,11,36
webis-touche2020,rr,15,0.02,weighted,99,772,385,1,0,0.0,0.05259881993865019,0.05259881993865019,0.022718196835843887,0.02,49,11,36
webis-touche2020,rr,15,0.02,active_judge,99,766,385,1,0,0.0,0.13212435419586474,0.05259881993865019,0.022718196835843887,0.02,49,11,36
webis-touche2020,rr,15,0.02,strat_pilot,99,783,385,1,0,0.0,0.05251727620642329,0.05259881993865019,0.022718196835843887,0.02,49,11,36
webis-touche2020,rr,15,0.02,weighted_cv,99,774,385,1,0,0.0,0.03616479104866903,0.05259881993865019,0.022718196835843887,0.02,49,11,36
webis-touche2020,rr,15,0.02,active_cv,99,791,385,1,0,0.0,0.060549060227743666,0.05259881993865019,0.022718196835843887,0.02,49,11,36
webis-touche2020,rr,15,0.02,weighted_cvl,99,800,385,1,0,0.0,0.03560128315583523,0.05259881993865019,0.022718196835843887,0.02,49,11,36
webis-touche2020,rr,15,0.02,uniform,100,868,372,1,0,0.0,0.05558656556536303,0.03834637337052504,0.07743422464535205,0.02,49,12,38
webis-touche2020,rr,15,0.02,uniform_nz,100,833,372,1,0,0.0,0.04502884225137908,0.03834637337052504,0.07743422464535205,0.02,49,12,38
webis-touche2020,rr,15,0.02,weighted,100,829,372,1,0,0.0,0.03834637337052504,0.03834637337052504,0.07743422464535205,0.02,49,12,38
webis-touche2020,rr,15,0.02,active_judge,100,839,372,1,0,0.0,0.07668231245650624,0.03834637337052504,0.07743422464535205,0.02,49,12,38
webis-touche2020,rr,15,0.02,strat_pilot,100,802,372,1,0,0.0,0.039089455741112,0.03834637337052504,0.07743422464535205,0.02,49,12,38
webis-touche2020,rr,15,0.02,weighted_cv,100,819,372,1,0,0.0,0.03538893743057511,0.03834637337052504,0.07743422464535205,0.02,49,12,38
webis-touche2020,rr,15,0.02,active_cv,100,802,372,1,0,0.0,0.0628438052199068,0.03834637337052504,0.07743422464535205,0.02,49,12,38
webis-touche2020,rr,15,0.02,weighted_cvl,100,838,372,1,0,0.0,0.034741375845429426,0.03834637337052504,0.07743422464535205,0.02,49,12,38
webis-touche2020,rr,15,0.02,uniform,101,782,377,0,0,7.231080033875958e-05,0.2450801663485775,0.06288568857919118,0.025110570544007088,0.01992768919966124,49,11,36
webis-touche2020,rr,15,0.02,uniform_nz,101,739,377,1,0,7.231080033875958e-05,0.10514711248468274,0.06288568857919118,0.025110570544007088,0.01992768919966124,49,11,36
webis-touche2020,rr,15,0.02,weighted,101,762,377,1,0,7.231080033875958e-05,0.06288568857919118,0.06288568857919118,0.025110570544007088,0.01992768919966124,49,11,36
webis-touche2020,rr,15,0.02,active_judge,101,745,377,1,0,7.231080033875958e-05,0.1896384978023887,0.06288568857919118,0.025110570544007088,0.01992768919966124,49,11,36
webis-touche2020,rr,15,0.02,strat_pilot,101,756,377,1,0,7.231080033875958e-05,0.0619599541265199,0.06288568857919118,0.025110570544007088,0.01992768919966124,49,11,36
webis-touche2020,rr,15,0.02,weighted_cv,101,747,377,1,0,7.231080033875958e-05,0.0437988910195387,0.06288568857919118,0.025110570544007088,0.01992768919966124,49,11,36
webis-touche2020,rr,15,0.02,active_cv,101,755,377,1,0,7.231080033875958e-05,0.06127500680205315,0.06288568857919118,0.025110570544007088,0.01992768919966124,49,11,36
webis-touche2020,rr,15,0.02,weighted_cvl,101,748,377,1,0,7.231080033875958e-05,0.04034159602803581,0.06288568857919118,0.025110570544007088,0.01992768919966124,49,11,36
webis-touche2020,rr,15,0.02,uniform,102,743,372,1,0,0.0,0.0601878614566578,0.03364315567314653,0.023909048467872,0.02,49,11,36
webis-touche2020,rr,15,0.02,uniform_nz,102,791,372,1,0,0.0,0.03785319735042832,0.03364315567314653,0.023909048467872,0.02,49,11,36
webis-touche2020,rr,15,0.02,weighted,102,767,372,1,0,0.0,0.03364315567314653,0.03364315567314653,0.023909048467872,0.02,49,11,36
webis-touche2020,rr,15,0.02,active_judge,102,766,372,1,0,0.0,0.08514852922730624,0.03364315567314653,0.023909048467872,0.02,49,11,36
webis-touche2020,rr,15,0.02,strat_pilot,102,812,372,1,0,0.0,0.03501790255683099,0.03364315567314653,0.023909048467872,0.02,49,11,36
webis-touche2020,rr,15,0.02,weighted_cv,102,763,372,1,0,0.0,0.0280149847585092,0.03364315567314653,0.023909048467872,0.02,49,11,36
webis-touche2020,rr,15,0.02,active_cv,102,768,372,1,0,0.0,0.05830199213859594,0.03364315567314653,0.023909048467872,0.02,49,11,36
webis-touche2020,rr,15,0.02,weighted_cvl,102,766,372,1,0,0.0,0.0280149847585092,0.03364315567314653,0.023909048467872,0.02,49,11,36
webis-touche2020,rr,15,0.02,uniform,103,749,371,0,0,0.0,0.10262239136732951,0.05353560562254463,0.033394864938982596,0.02,49,11,36
webis-touche2020,rr,15,0.02,uniform_nz,103,758,371,0,0,0.0,0.08824502514828814,0.05353560562254463,0.033394864938982596,0.02,49,11,36
webis-touche2020,rr,15,0.02,weighted,103,770,371,1,0,0.0,0.05353560562254463,0.05353560562254463,0.033394864938982596,0.02,49,11,36
webis-touche2020,rr,15,0.02,active_judge,103,781,371,1,0,0.0,0.11642946073536971,0.05353560562254463,0.033394864938982596,0.02,49,11,36
webis-touche2020,rr,15,0.02,strat_pilot,103,789,371,1,0,0.0,0.051477925973112196,0.05353560562254463,0.033394864938982596,0.02,49,11,36
webis-touche2020,rr,15,0.02,weighted_cv,103,758,371,1,0,0.0,0.05024632343306079,0.05353560562254463,0.033394864938982596,0.02,49,11,36
webis-touche2020,rr,15,0.02,active_cv,103,774,371,0,0,0.0,0.12800140381303707,0.05353560562254463,0.033394864938982596,0.02,49,11,36
webis-touche2020,rr,15,0.02,weighted_cvl,103,765,371,1,0,0.0,0.04439005559021218,0.05353560562254463,0.033394864938982596,0.02,49,11,36
webis-touche2020,rr,15,0.02,uniform,104,805,379,0,0,0.0,0.07731568680657261,0.04853980485763024,0.04134841594593915,0.02,49,11,38
webis-touche2020,rr,15,0.02,uniform_nz,104,787,379,1,0,0.0,0.0550694142235818,0.04853980485763024,0.04134841594593915,0.02,49,11,38
webis-touche2020,rr,15,0.02,weighted,104,777,379,1,0,0.0,0.04853980485763024,0.04853980485763024,0.04134841594593915,0.02,49,11,38
webis-touche2020,rr,15,0.02,active_judge,104,808,379,1,0,0.0,0.10941694324031959,0.04853980485763024,0.04134841594593915,0.02,49,11,38
webis-touche2020,rr,15,0.02,strat_pilot,104,781,379,1,0,0.0,0.04898633205829704,0.04853980485763024,0.04134841594593915,0.02,49,11,38
webis-touche2020,rr,15,0.02,weighted_cv,104,776,379,1,0,0.0,0.04417859228942443,0.04853980485763024,0.04134841594593915,0.02,49,11,38
webis-touche2020,rr,15,0.02,active_cv,104,790,379,1,0,0.0,0.07576241280902947,0.04853980485763024,0.04134841594593915,0.02,49,11,38
webis-touche2020,rr,15,0.02,weighted_cvl,104,828,379,1,0,0.0,0.03973765119263536,0.04853980485763024,0.04134841594593915,0.02,49,11,38
webis-touche2020,rr,15,0.02,uniform,105,802,391,1,0,0.0,0.08323382913083889,0.04090973669655298,0.040255265520139645,0.02,49,11,38
webis-touche2020,rr,15,0.02,uniform_nz,105,775,391,1,0,0.0,0.04733917972361464,0.04090973669655298,0.040255265520139645,0.02,49,11,38
webis-touche2020,rr,15,0.02,weighted,105,804,391,1,0,0.0,0.04090973669655298,0.04090973669655298,0.040255265520139645,0.02,49,11,38
webis-touche2020,rr,15,0.02,active_judge,105,797,391,0,0,0.0,0.09235677199821193,0.04090973669655298,0.040255265520139645,0.02,49,11,38
webis-touche2020,rr,15,0.02,strat_pilot,105,790,391,1,0,0.0,0.04159627590656741,0.04090973669655298,0.040255265520139645,0.02,49,11,38
webis-touche2020,rr,15,0.02,weighted_cv,105,807,391,1,0,0.0,0.03226031655663396,0.04090973669655298,0.040255265520139645,0.02,49,11,38
webis-touche2020,rr,15,0.02,active_cv,105,790,391,1,0,0.0,0.04880745406125021,0.04090973669655298,0.040255265520139645,0.02,49,11,38
webis-touche2020,rr,15,0.02,weighted_cvl,105,817,391,1,0,0.0,0.029177182660524596,0.04090973669655298,0.040255265520139645,0.02,49,11,38
webis-touche2020,rr,15,0.02,uniform,106,811,380,1,0,0.0,0.08200918424252973,0.04665388212666688,0.04348251249954034,0.02,49,11,38
webis-touche2020,rr,15,0.02,uniform_nz,106,787,380,1,0,0.0,0.06040907412825146,0.04665388212666688,0.04348251249954034,0.02,49,11,38
webis-touche2020,rr,15,0.02,weighted,106,817,380,1,0,0.0,0.04665388212666688,0.04665388212666688,0.04348251249954034,0.02,49,11,38
webis-touche2020,rr,15,0.02,active_judge,106,796,380,1,0,0.0,0.09014319259191444,0.04665388212666688,0.04348251249954034,0.02,49,11,38
webis-touche2020,rr,15,0.02,strat_pilot,106,797,380,1,0,0.0,0.046240789616032146,0.04665388212666688,0.04348251249954034,0.02,49,11,38
webis-touche2020,rr,15,0.02,weighted_cv,106,820,380,1,0,0.0,0.04599352918237542,0.04665388212666688,0.04348251249954034,0.02,49,11,38
webis-touche2020,rr,15,0.02,active_cv,106,788,380,1,0,0.0,0.12777541267184822,0.04665388212666688,0.04348251249954034,0.02,49,11,38
webis-touche2020,rr,15,0.02,weighted_cvl,106,825,380,1,0,0.0,0.04205085656848855,0.04665388212666688,0.04348251249954034,0.02,49,11,38
webis-touche2020,rr,15,0.02,uniform,107,789,369,1,0,0.0,0.1073899666717995,0.057543749572737446,0.10516719234211494,0.02,49,11,38
webis-touche2020,rr,15,0.02,uniform_nz,107,801,369,1,0,0.0,0.08442567806115545,0.057543749572737446,0.10516719234211494,0.02,49,11,38
webis-touche2020,rr,15,0.02,weighted,107,781,369,1,0,0.0,0.057543749572737446,0.057543749572737446,0.10516719234211494,0.02,49,11,38
webis-touche2020,rr,15,0.02,active_judge,107,791,369,1,0,0.0,0.17614666184997868,0.057543749572737446,0.10516719234211494,0.02,49,11,38
webis-touche2020,rr,15,0.02,strat_pilot,107,777,369,1,0,0.0,0.056765308913948355,0.057543749572737446,0.10516719234211494,0.02,49,11,38
webis-touche2020,rr,15,0.02,weighted_cv,107,796,369,1,0,0.0,0.050072288385343555,0.057543749572737446,0.10516719234211494,0.02,49,11,38
webis-touche2020,rr,15,0.02,active_cv,107,786,369,1,0,0.0,0.10394614693071547,0.057543749572737446,0.10516719234211494,0.02,49,11,38
webis-touche2020,rr,15,0.02,weighted_cvl,107,776,369,1,0,0.0,0.042203219287581736,0.057543749572737446,0.10516719234211494,0.02,49,11,38
webis-touche2020,rr,15,0.02,uniform,108,847,386,1,0,0.0,0.12499890071579371,0.07982376418866953,0.08396112691631574,0.02,49,12,38
webis-touche2020,rr,15,0.02,uniform_nz,108,831,386,1,0,0.0,0.11425210469206584,0.07982376418866953,0.08396112691631574,0.02,49,12,38
webis-touche2020,rr,15,0.02,weighted,108,849,386,1,0,0.0,0.07982376418866953,0.07982376418866953,0.08396112691631574,0.02,49,12,38
webis-touche2020,rr,15,0.02,active_judge,108,838,386,1,0,0.0,0.2017218448591493,0.07982376418866953,0.08396112691631574,0.02,49,12,38
webis-touche2020,rr,15,0.02,strat_pilot,108,813,386,1,0,0.0,0.08207854636168986,0.07982376418866953,0.08396112691631574,0.02,49,12,38
webis-touche2020,rr,15,0.02,weighted_cv,108,820,386,1,0,0.0,0.06828223858819404,0.07982376418866953,0.08396112691631574,0.02,49,12,38
webis-touche2020,rr,15,0.02,active_cv,108,843,386,1,0,0.0,0.14520846554773184,0.07982376418866953,0.08396112691631574,0.02,49,12,38
webis-touche2020,rr,15,0.02,weighted_cvl,108,835,386,1,0,0.0,0.06317705748044634,0.07982376418866953,0.08396112691631574,0.02,49,12,38
webis-touche2020,rr,15,0.02,uniform,109,828,378,1,0,0.0,0.1219472738417143,0.08785705042837988,0.04595494112132925,0.02,49,12,38
webis-touche2020,rr,15,0.02,uniform_nz,109,824,378,1,0,0.0,0.0972443936655469,0.08785705042837988,0.04595494112132925,0.02,49,12,38
webis-touche2020,rr,15,0.02,weighted,109,815,378,1,0,0.0,0.08785705042837988,0.08785705042837988,0.04595494112132925,0.02,49,12,38
webis-touche2020,rr,15,0.02,active_judge,109,836,378,1,0,0.0,0.20460530207696315,0.08785705042837988,0.04595494112132925,0.02,49,12,38
webis-touche2020,rr,15,0.02,strat_pilot,109,809,378,1,0,0.0,0.0893137250785652,0.08785705042837988,0.04595494112132925,0.02,49,12,38
webis-touche2020,rr,15,0.02,weighted_cv,109,817,378,1,0,0.0,0.06727813836014482,0.08785705042837988,0.04595494112132925,0.02,49,12,38
webis-touche2020,rr,15,0.02,active_cv,109,844,378,1,0,0.0,0.10259814961854677,0.08785705042837988,0.04595494112132925,0.02,49,12,38
webis-touche2020,rr,15,0.02,weighted_cvl,109,814,378,1,0,0.0,0.06516047163773744,0.08785705042837988,0.04595494112132925,0.02,49,12,38
webis-touche2020,rr,15,0.02,uniform,110,822,376,1,0,0.0,0.09453609559180708,0.07196245004664752,0.10889840695790355,0.02,49,12,38
webis-touche2020,rr,15,0.02,uniform_nz,110,795,376,1,0,0.0,0.07728707759974682,0.07196245004664752,0.10889840695790355,0.02,49,12,38
webis-touche2020,rr,15,0.02,weighted,110,833,376,1,0,0.0,0.07196245004664752,0.07196245004664752,0.10889840695790355,0.02,49,12,38
webis-touche2020,rr,15,0.02,active_judge,110,853,376,1,0,0.0,0.19368956750624872,0.07196245004664752,0.10889840695790355,0.02,49,12,38
webis-touche2020,rr,15,0.02,strat_pilot,110,847,376,1,0,0.0,0.07343808051346506,0.07196245004664752,0.10889840695790355,0.02,49,12,38
webis-touche2020,rr,15,0.02,weighted_cv,110,859,376,1,0,0.0,0.0663523277399614,0.07196245004664752,0.10889840695790355,0.02,49,12,38
webis-touche2020,rr,15,0.02,active_cv,110,815,376,1,0,0.0,0.15589109397476772,0.07196245004664752,0.10889840695790355,0.02,49,12,38
webis-touche2020,rr,15,0.02,weighted_cvl,110,830,376,1,0,0.0,0.05844785598749615,0.07196245004664752,0.10889840695790355,0.02,49,12,38
webis-touche2020,rr,15,0.02,uniform,111,826,382,1,0,0.0,0.07874883815503618,0.05394730016954351,0.07294951144486743,0.02,49,11,38
webis-touche2020,rr,15,0.02,uniform_nz,111,795,382,1,0,0.0,0.06347640767128804,0.05394730016954351,0.07294951144486743,0.02,49,11,38
webis-touche2020,rr,15,0.02,weighted,111,820,382,1,0,0.0,0.05394730016954351,0.05394730016954351,0.07294951144486743,0.02,49,11,38
webis-touche2020,rr,15,0.02,active_judge,111,807,382,1,0,0.0,0.11461297807343784,0.05394730016954351,0.07294951144486743,0.02,49,11,38
webis-touche2020,rr,15,0.02,strat_pilot,111,808,382,1,0,0.0,0.05493464081920918,0.05394730016954351,0.07294951144486743,0.02,49,11,38
webis-touche2020,rr,15,0.02,weighted_cv,111,801,382,1,0,0.0,0.051322812560478236,0.05394730016954351,0.07294951144486743,0.02,49,11,38
webis-touche2020,rr,15,0.02,active_cv,111,797,382,1,0,0.0,0.09914435575142821,0.05394730016954351,0.07294951144486743,0.02,49,11,38
webis-touche2020,rr,15,0.02,weighted_cvl,111,782,382,1,0,0.0,0.047735205680631713,0.05394730016954351,0.07294951144486743,0.02,49,11,38
webis-touche2020,rr,15,0.02,uniform,112,823,385,0,0,0.0013780910124182588,0.08781903031135095,0.04617196441602249,0.024129516853975068,0.01862190898758174,49,11,36
webis-touche2020,rr,15,0.02,uniform_nz,112,796,385,1,0,0.0013780910124182588,0.06652495670824583,0.04617196441602249,0.024129516853975068,0.01862190898758174,49,11,36
webis-touche2020,rr,15,0.02,weighted,112,762,385,1,0,0.0013780910124182588,0.04617196441602249,0.04617196441602249,0.024129516853975068,0.01862190898758174,49,11,36
webis-touche2020,rr,15,0.02,active_judge,112,785,385,1,0,0.0013780910124182588,0.13298722657436537,0.04617196441602249,0.024129516853975068,0.01862190898758174,49,11,36
webis-touche2020,rr,15,0.02,strat_pilot,112,788,385,1,0,0.0013780910124182588,0.04633769085264141,0.04617196441602249,0.024129516853975068,0.01862190898758174,49,11,36
webis-touche2020,rr,15,0.02,weighted_cv,112,784,385,1,0,0.0013780910124182588,0.037371978513396756,0.04617196441602249,0.024129516853975068,0.01862190898758174,49,11,36
webis-touche2020,rr,15,0.02,active_cv,112,782,385,1,0,0.0013780910124182588,0.0648874949171448,0.04617196441602249,0.024129516853975068,0.01862190898758174,49,11,36
webis-touche2020,rr,15,0.02,weighted_cvl,112,784,385,1,0,0.0013780910124182588,0.035327289821482324,0.04617196441602249,0.024129516853975068,0.01862190898758174,49,11,36
webis-touche2020,rr,15,0.02,uniform,113,860,378,1,0,0.0,0.10937173020385833,0.06518880780357408,0.10790036337519174,0.02,49,12,38
webis-touche2020,rr,15,0.02,uniform_nz,113,842,378,1,0,0.0,0.07466040118375836,0.06518880780357408,0.10790036337519174,0.02,49,12,38
webis-touche2020,rr,15,0.02,weighted,113,813,378,1,0,0.0,0.06518880780357408,0.06518880780357408,0.10790036337519174,0.02,49,12,38
webis-touche2020,rr,15,0.02,active_judge,113,847,378,1,0,0.0,0.12642271686471346,0.06518880780357408,0.10790036337519174,0.02,49,12,38
webis-touche2020,rr,15,0.02,strat_pilot,113,818,378,1,0,0.0,0.06756627169251836,0.06518880780357408,0.10790036337519174,0.02,49,12,38
webis-touche2020,rr,15,0.02,weighted_cv,113,845,378,1,0,0.0,0.048528172465575545,0.06518880780357408,0.10790036337519174,0.02,49,12,38
webis-touche2020,rr,15,0.02,active_cv,113,818,378,1,0,0.0,0.08015194789221505,0.06518880780357408,0.10790036337519174,0.02,49,12,38
webis-touche2020,rr,15,0.02,weighted_cvl,113,829,378,1,0,0.0,0.0452754246547301,0.06518880780357408,0.10790036337519174,0.02,49,12,38
webis-touche2020,rr,15,0.02,uniform,114,800,369,1,0,0.0,0.06337393546487163,0.03544596206064868,0.05460016219055121,0.02,49,11,38
webis-touche2020,rr,15,0.02,uniform_nz,114,781,369,1,0,0.0,0.0449261970526425,0.03544596206064868,0.05460016219055121,0.02,49,11,38
webis-touche2020,rr,15,0.02,weighted,114,783,369,1,0,0.0,0.03544596206064868,0.03544596206064868,0.05460016219055121,0.02,49,11,38
webis-touche2020,rr,15,0.02,active_judge,114,784,369,1,0,0.0,0.10179031149201971,0.03544596206064868,0.05460016219055121,0.02,49,11,38
webis-touche2020,rr,15,0.02,strat_pilot,114,791,369,1,0,0.0,0.03704815004696404,0.03544596206064868,0.05460016219055121,0.02,49,11,38
webis-touche2020,rr,15,0.02,weighted_cv,114,790,369,1,0,0.0,0.030539228363263615,0.03544596206064868,0.05460016219055121,0.02,49,11,38
webis-touche2020,rr,15,0.02,active_cv,114,786,369,1,0,0.0,0.055508435221942196,0.03544596206064868,0.05460016219055121,0.02,49,11,38
webis-touche2020,rr,15,0.02,weighted_cvl,114,777,369,1,0,0.0,0.027755078654056298,0.03544596206064868,0.05460016219055121,0.02,49,11,38
webis-touche2020,rr,15,0.02,uniform,115,770,383,1,0,0.0,0.06791570463345967,0.045654816694792155,0.03031953770343862,0.02,49,11,36
webis-touche2020,rr,15,0.02,uniform_nz,115,780,383,0,0,0.0,0.057633235021178585,0.045654816694792155,0.03031953770343862,0.02,49,11,36
webis-touche2020,rr,15,0.02,weighted,115,768,383,1,0,0.0,0.045654816694792155,0.045654816694792155,0.03031953770343862,0.02,49,11,36
webis-touche2020,rr,15,0.02,active_judge,115,782,383,1,0,0.0,0.09069398913185309,0.045654816694792155,0.03031953770343862,0.02,49,11,36
webis-touche2020,rr,15,0.02,strat_pilot,115,768,383,1,0,0.0,0.045369392409386526,0.045654816694792155,0.03031953770343862,0.02,49,11,36
webis-touche2020,rr,15,0.02,weighted_cv,115,760,383,1,0,0.0,0.03859677469178032,0.045654816694792155,0.03031953770343862,0.02,49,11,36
webis-touche2020,rr,15,0.02,active_cv,115,780,383,1,0,0.0,0.06601552101807526,0.045654816694792155,0.03031953770343862,0.02,49,11,36
webis-touche2020,rr,15,0.02,weighted_cvl,115,787,383,1,0,0.0,0.037422709757918615,0.045654816694792155,0.03031953770343862,0.02,49,11,36
webis-touche2020,rr,15,0.02,uniform,116,815,382,1,0,0.0,0.06782961203680478,0.03204590034468143,0.08531654333511918,0.02,49,11,38
webis-touche2020,rr,15,0.02,uniform_nz,116,810,382,1,0,0.0,0.03836905366716943,0.03204590034468143,0.08531654333511918,0.02,49,11,38
webis-touche2020,rr,15,0.02,weighted,116,805,382,1,0,0.0,0.03204590034468143,0.03204590034468143,0.08531654333511918,0.02,49,11,38
webis-touche2020,rr,15,0.02,active_judge,116,771,382,1,0,0.0,0.0564589002547362,0.03204590034468143,0.08531654333511918,0.02,49,11,38
webis-touche2020,rr,15,0.02,strat_pilot,116,818,382,1,0,0.0,0.03234896953943149,0.03204590034468143,0.08531654333511918,0.02,49,11,38
webis-touche2020,rr,15,0.02,weighted_cv,116,777,382,1,0,0.0,0.03287184909791789,0.03204590034468143,0.08531654333511918,0.02,49,11,38
webis-touche2020,rr,15,0.02,active_cv,116,802,382,1,0,0.0,0.0641492021814194,0.03204590034468143,0.08531654333511918,0.02,49,11,38
webis-touche2020,rr,15,0.02,weighted_cvl,116,790,382,1,0,0.0,0.03154809984215785,0.03204590034468143,0.08531654333511918,0.02,49,11,38
webis-touche2020,rr,15,0.02,uniform,117,847,378,1,0,0.0,0.2601173212644064,0.08566627563772926,0.11259836895878086,0.02,49,12,38
webis-touche2020,rr,15,0.02,uniform_nz,117,824,378,1,0,0.0,0.16260139145785424,0.08566627563772926,0.11259836895878086,0.02,49,12,38
webis-touche2020,rr,15,0.02,weighted,117,851,378,1,0,0.0,0.08566627563772926,0.08566627563772926,0.11259836895878086,0.02,49,12,38
webis-touche2020,rr,15,0.02,active_judge,117,850,378,1,0,0.0,0.2679924768597857,0.08566627563772926,0.11259836895878086,0.02,49,12,38
webis-touche2020,rr,15,0.02,strat_pilot,117,813,378,1,0,0.0,0.08937318172513434,0.08566627563772926,0.11259836895878086,0.02,49,12,38
webis-touche2020,rr,15,0.02,weighted_cv,117,837,378,1,0,0.0,0.061867693575143656,0.08566627563772926,0.11259836895878086,0.02,49,12,38
webis-touche2020,rr,15,0.02,active_cv,117,826,378,1,0,0.0,0.10558657218464455,0.08566627563772926,0.11259836895878086,0.02,49,12,38
webis-touche2020,rr,15,0.02,weighted_cvl,117,822,378,1,0,0.0,0.05707528418528428,0.08566627563772926,0.11259836895878086,0.02,49,12,38
webis-touche2020,rr,15,0.02,uniform,118,792,381,1,0,0.0,0.052969269127232356,0.033061192656882746,0.023026137948738562,0.02,49,11,36
webis-touche2020,rr,15,0.02,uniform_nz,118,788,381,0,0,0.0,0.04356753604926035,0.033061192656882746,0.023026137948738562,0.02,49,11,36
webis-touche2020,rr,15,0.02,weighted,118,770,381,1,0,0.0,0.033061192656882746,0.033061192656882746,0.023026137948738562,0.02,49,11,36
webis-touche2020,rr,15,0.02,active_judge,118,756,381,1,0,0.0,0.06319969833015512,0.033061192656882746,0.023026137948738562,0.02,49,11,36
webis-touche2020,rr,15,0.02,strat_pilot,118,782,381,1,0,0.0,0.031206190141928374,0.033061192656882746,0.023026137948738562,0.02,49,11,36
webis-touche2020,rr,15,0.02,weighted_cv,118,782,381,1,0,0.0,0.03188775516740395,0.033061192656882746,0.023026137948738562,0.02,49,11,36
webis-touche2020,rr,15,0.02,active_cv,118,781,381,1,0,0.0,0.0661409643528838,0.033061192656882746,0.023026137948738562,0.02,49,11,36
webis-touche2020,rr,15,0.02,weighted_cvl,118,775,381,1,0,0.0,0.03265789026560565,0.033061192656882746,0.023026137948738562,0.02,49,11,36
webis-touche2020,rr,15,0.02,uniform,119,757,374,0,0,0.0,0.20197925401256306,0.030890944334694748,0.026232492997198882,0.02,49,11,36
webis-touche2020,rr,15,0.02,uniform_nz,119,771,374,0,0,0.0,0.056005036459882376,0.030890944334694748,0.026232492997198882,0.02,49,11,36
webis-touche2020,rr,15,0.02,weighted,119,774,374,1,0,0.0,0.030890944334694748,0.030890944334694748,0.026232492997198882,0.02,49,11,36
webis-touche2020,rr,15,0.02,active_judge,119,773,374,1,0,0.0,0.0977366631417518,0.030890944334694748,0.026232492997198882,0.02,49,11,36
webis-touche2020,rr,15,0.02,strat_pilot,119,762,374,1,0,0.0,0.03407850289224611,0.030890944334694748,0.026232492997198882,0.02,49,11,36
webis-touche2020,rr,15,0.02,weighted_cv,119,788,374,1,0,0.0,0.021762754382578152,0.030890944334694748,0.026232492997198882,0.02,49,11,36
webis-touche2020,rr,15,0.02,active_cv,119,768,374,1,0,0.0,0.04585738200296368,0.030890944334694748,0.026232492997198882,0.02,49,11,36
webis-touche2020,rr,15,0.02,weighted_cvl,119,768,374,1,0,0.0,0.019722740397278178,0.030890944334694748,0.026232492997198882,0.02,49,11,36
webis-touche2020,rr,15,0.02,uniform,120,856,382,1,0,0.0,0.11096710695504797,0.07779777965383489,0.13280732750042212,0.02,49,12,38
webis-touche2020,rr,15,0.02,uniform_nz,120,841,382,1,0,0.0,0.09206610522757855,0.07779777965383489,0.13280732750042212,0.02,49,12,38
webis-touche2020,rr,15,0.02,weighted,120,852,382,1,0,0.0,0.07779777965383489,0.07779777965383489,0.13280732750042212,0.02,49,12,38
webis-touche2020,rr,15,0.02,active_judge,120,837,382,1,0,0.0,0.17748371569426585,0.07779777965383489,0.13280732750042212,0.02,49,12,38
webis-touche2020,rr,15,0.02,strat_pilot,120,839,382,1,0,0.0,0.07776167383108482,0.07779777965383489,0.13280732750042212,0.02,49,12,38
webis-touche2020,rr,15,0.02,weighted_cv,120,843,382,1,0,0.0,0.06332040776116113,0.07779777965383489,0.13280732750042212,0.02,49,12,38
webis-touche2020,rr,15,0.02,active_cv,120,806,382,1,0,0.0,0.11616986992059408,0.07779777965383489,0.13280732750042212,0.02,49,12,38
webis-touche2020,rr,15,0.02,weighted_cvl,120,832,382,1,0,0.0,0.06020607203658248,0.07779777965383489,0.13280732750042212,0.02,49,12,38
webis-touche2020,rr,15,0.02,uniform,121,814,386,1,0,0.0,0.076037259525162,0.043506007236207164,0.05140979920778682,0.02,49,11,38
webis-touche2020,rr,15,0.02,uniform_nz,121,803,386,1,0,0.0,0.04962872803800695,0.043506007236207164,0.05140979920778682,0.02,49,11,38
webis-touche2020,rr,15,0.02,weighted,121,800,386,1,0,0.0,0.043506007236207164,0.043506007236207164,0.05140979920778682,0.02,49,11,38
webis-touche2020,rr,15,0.02,active_judge,121,811,386,1,0,0.0,0.12542756804272995,0.043506007236207164,0.05140979920778682,0.02,49,11,38
webis-touche2020,rr,15,0.02,strat_pilot,121,807,386,1,0,0.0,0.04375733275514223,0.043506007236207164,0.05140979920778682,0.02,49,11,38
webis-touche2020,rr,15,0.02,weighted_cv,121,800,386,1,0,0.0,0.037703645278174484,0.043506007236207164,0.05140979920778682,0.02,49,11,38
webis-touche2020,rr,15,0.02,active_cv,121,810,386,1,0,0.0,0.0725950048807209,0.043506007236207164,0.05140979920778682,0.02,49,11,38
webis-touche2020,rr,15,0.02,weighted_cvl,121,784,386,1,0,0.0,0.0338752339709236,0.043506007236207164,0.05140979920778682,0.02,49,11,38
webis-touche2020,rr,15,0.02,uniform,122,827,389,1,0,0.0,0.2403665449471121,0.055369304514619265,0.06546176549952294,0.02,49,11,38
webis-touche2020,rr,15,0.02,uniform_nz,122,804,389,1,0,0.0,0.09772153702133729,0.055369304514619265,0.06546176549952294,0.02,49,11,38
webis-touche2020,rr,15,0.02,weighted,122,812,389,1,0,0.0,0.055369304514619265,0.055369304514619265,0.06546176549952294,0.02,49,11,38
webis-touche2020,rr,15,0.02,active_judge,122,787,389,1,0,0.0,0.17465892740026068,0.055369304514619265,0.06546176549952294,0.02,49,11,38
webis-touche2020,rr,15,0.02,strat_pilot,122,818,389,1,0,0.0,0.05753594190720006,0.055369304514619265,0.06546176549952294,0.02,49,11,38
webis-touche2020,rr,15,0.02,weighted_cv,122,808,389,1,0,0.0,0.037177009592110816,0.055369304514619265,0.06546176549952294,0.02,49,11,38
webis-touche2020,rr,15,0.02,active_cv,122,806,389,1,0,0.0,0.06025464106268452,0.055369304514619265,0.06546176549952294,0.02,49,11,38
webis-touche2020,rr,15,0.02,weighted_cvl,122,820,389,1,0,0.0,0.035097066566171134,0.055369304514619265,0.06546176549952294,0.02,49,11,38
webis-touche2020,rr,15,0.02,uniform,123,805,378,1,0,0.0,0.07638388136145931,0.03927216740379859,0.0629813258126288,0.02,49,11,38
webis-touche2020,rr,15,0.02,uniform_nz,123,781,378,1,0,0.0,0.047810192006752815,0.03927216740379859,0.0629813258126288,0.02,49,11,38
webis-touche2020,rr,15,0.02,weighted,123,795,378,1,0,0.0,0.03927216740379859,0.03927216740379859,0.0629813258126288,0.02,49,11,38
webis-touche2020,rr,15,0.02,active_judge,123,802,378,1,0,0.0,0.08650131889285814,0.03927216740379859,0.0629813258126288,0.02,49,11,38
webis-touche2020,rr,15,0.02,strat_pilot,123,804,378,1,0,0.0,0.039941401035375926,0.03927216740379859,0.0629813258126288,0.02,49,11,38
webis-touche2020,rr,15,0.02,weighted_cv,123,798,378,1,0,0.0,0.03574711598629349,0.03927216740379859,0.0629813258126288,0.02,49,11,38
webis-touche2020,rr,15,0.02,active_cv,123,809,378,1,0,0.0,0.0615586697446886,0.03927216740379859,0.0629813258126288,0.02,49,11,38
webis-touche2020,rr,15,0.02,weighted_cvl,123,812,378,1,0,0.0,0.030850200477864943,0.03927216740379859,0.0629813258126288,0.02,49,11,38
webis-touche2020,rr,15,0.02,uniform,124,830,374,1,0,0.0,0.1082644331491005,0.07958552021184141,0.07886192376084654,0.02,49,12,38
webis-touche2020,rr,15,0.02,uniform_nz,124,811,374,1,0,0.0,0.09152650621220824,0.07958552021184141,0.07886192376084654,0.02,49,12,38
webis-touche2020,rr,15,0.02,weighted,124,839,374,1,0,0.0,0.07958552021184141,0.07958552021184141,0.07886192376084654,0.02,49,12,38
webis-touche2020,rr,15,0.02,active_judge,124,838,374,1,0,0.0,0.16345943660065915,0.07958552021184141,0.07886192376084654,0.02,49,12,38
webis-touche2020,rr,15,0.02,strat_pilot,124,810,374,1,0,0.0,0.08040581924935028,0.07958552021184141,0.07886192376084654,0.02,49,12,38
webis-touche2020,rr,15,0.02,weighted_cv,124,815,374,1,0,0.0,0.06811973088817017,0.07958552021184141,0.07886192376084654,0.02,49,12,38
webis-touche2020,rr,15,0.02,active_cv,124,836,374,1,0,0.0,0.11663692671279824,0.07958552021184141,0.07886192376084654,0.02,49,12,38
webis-touche2020,rr,15,0.02,weighted_cvl,124,857,374,1,0,0.0,0.06822094034759461,0.07958552021184141,0.07886192376084654,0.02,49,12,38
webis-touche2020,rr,15,0.02,uniform,125,769,374,1,0,0.0,0.0632174250664529,0.04006696407986965,0.06559261475575916,0.02,49,11,38
webis-touche2020,rr,15,0.02,uniform_nz,125,802,374,1,0,0.0,0.048634298030679014,0.04006696407986965,0.06559261475575916,0.02,49,11,38
webis-touche2020,rr,15,0.02,weighted,125,772,374,1,0,0.0,0.04006696407986965,0.04006696407986965,0.06559261475575916,0.02,49,11,38
webis-touche2020,rr,15,0.02,active_judge,125,793,374,1,0,0.0,0.09917900931165176,0.04006696407986965,0.06559261475575916,0.02,49,11,38
webis-touche2020,rr,15,0.02,strat_pilot,125,775,374,1,0,0.0,0.04146451262748837,0.04006696407986965,0.06559261475575916,0.02,49,11,38
webis-touche2020,rr,15,0.02,weighted_cv,125,769,374,1,0,0.0,0.0370810139125433,0.04006696407986965,0.06559261475575916,0.02,49,11,38
webis-touche2020,rr,15,0.02,active_cv,125,787,374,1,0,0.0,0.0897465067568379,0.04006696407986965,0.06559261475575916,0.02,49,11,38
webis-touche2020,rr,15,0.02,weighted_cvl,125,793,374,1,0,0.0,0.035862887578661476,0.04006696407986965,0.06559261475575916,0.02,49,11,38
webis-touche2020,rr,15,0.02,uniform,126,781,390,0,0,0.04663842112265426,0.06786119400635557,0.03884220492334727,0.022958499618716356,-0.02663842112265426,49,11,38
webis-touche2020,rr,15,0.02,uniform_nz,126,784,390,0,0,0.04663842112265426,0.04885051452113774,0.03884220492334727,0.022958499618716356,-0.02663842112265426,49,11,38
webis-touche2020,rr,15,0.02,weighted,126,790,390,0,0,0.04663842112265426,0.03884220492334727,0.03884220492334727,0.022958499618716356,-0.02663842112265426,49,11,38
webis-touche2020,rr,15,0.02,active_judge,126,805,390,0,0,0.04663842112265426,0.08753311041655018,0.03884220492334727,0.022958499618716356,-0.02663842112265426,49,11,38
webis-touche2020,rr,15,0.02,strat_pilot,126,813,390,0,0,0.04663842112265426,0.03876608614651856,0.03884220492334727,0.022958499618716356,-0.02663842112265426,49,11,38
webis-touche2020,rr,15,0.02,weighted_cv,126,783,390,0,0,0.04663842112265426,0.032794367403263816,0.03884220492334727,0.022958499618716356,-0.02663842112265426,49,11,38
webis-touche2020,rr,15,0.02,active_cv,126,804,390,0,0,0.04663842112265426,0.07390019892873322,0.03884220492334727,0.022958499618716356,-0.02663842112265426,49,11,38
webis-touche2020,rr,15,0.02,weighted_cvl,126,778,390,0,0,0.04663842112265426,0.031085702207221465,0.03884220492334727,0.022958499618716356,-0.02663842112265426,49,11,38
webis-touche2020,rr,15,0.02,uniform,127,820,376,1,0,0.0,0.14568263427496073,0.08536500636060926,0.07066088271893223,0.02,49,11,38
webis-touche2020,rr,15,0.02,uniform_nz,127,798,376,1,0,0.0,0.120037210494546,0.08536500636060926,0.07066088271893223,0.02,49,11,38
webis-touche2020,rr,15,0.02,weighted,127,796,376,1,0,0.0,0.08536500636060926,0.08536500636060926,0.07066088271893223,0.02,49,11,38
webis-touche2020,rr,15,0.02,active_judge,127,796,376,1,0,0.0,0.20567830281207272,0.08536500636060926,0.07066088271893223,0.02,49,11,38
webis-touche2020,rr,15,0.02,strat_pilot,127,813,376,1,0,0.0,0.08561853566003104,0.08536500636060926,0.07066088271893223,0.02,49,11,38
webis-touche2020,rr,15,0.02,weighted_cv,127,792,376,1,0,0.0,0.07352955475029464,0.08536500636060926,0.07066088271893223,0.02,49,11,38
webis-touche2020,rr,15,0.02,active_cv,127,786,376,1,0,0.0,0.17084414578979362,0.08536500636060926,0.07066088271893223,0.02,49,11,38
webis-touche2020,rr,15,0.02,weighted_cvl,127,777,376,1,0,0.0,0.0628200742809812,0.08536500636060926,0.07066088271893223,0.02,49,11,38
webis-touche2020,rr,15,0.02,uniform,128,790,372,1,0,0.0,0.07386649412583109,0.04480718313009921,0.06955593340268264,0.02,49,11,38
webis-touche2020,rr,15,0.02,uniform_nz,128,777,372,1,0,0.0,0.05317912526522772,0.04480718313009921,0.06955593340268264,0.02,49,11,38
webis-touche2020,rr,15,0.02,weighted,128,779,372,1,0,0.0,0.04480718313009921,0.04480718313009921,0.06955593340268264,0.02,49,11,38
webis-touche2020,rr,15,0.02,active_judge,128,777,372,1,0,0.0,0.09841487717292126,0.04480718313009921,0.06955593340268264,0.02,49,11,38
webis-touche2020,rr,15,0.02,strat_pilot,128,812,372,1,0,0.0,0.04440575227625943,0.04480718313009921,0.06955593340268264,0.02,49,11,38
webis-touche2020,rr,15,0.02,weighted_cv,128,785,372,1,0,0.0,0.036891192713140425,0.04480718313009921,0.06955593340268264,0.02,49,11,38
webis-touche2020,rr,15,0.02,active_cv,128,774,372,1,0,0.0,0.060116892886291226,0.04480718313009921,0.06955593340268264,0.02,49,11,38
webis-touche2020,rr,15,0.02,weighted_cvl,128,795,372,1,0,0.0,0.03518619735165094,0.04480718313009921,0.06955593340268264,0.02,49,11,38
webis-touche2020,rr,15,0.02,uniform,129,767,367,1,0,0.0,0.20408633413983496,0.03335268928162479,0.03225119107472049,0.02,49,11,36
webis-touche2020,rr,15,0.02,uniform_nz,129,756,367,1,0,0.0,0.05336093513165032,0.03335268928162479,0.03225119107472049,0.02,49,11,36
webis-touche2020,rr,15,0.02,weighted,129,778,367,1,0,0.0,0.03335268928162479,0.03335268928162479,0.03225119107472049,0.02,49,11,36
webis-touche2020,rr,15,0.02,active_judge,129,787,367,1,0,0.0,0.10082947146684966,0.03335268928162479,0.03225119107472049,0.02,49,11,36
webis-touche2020,rr,15,0.02,strat_pilot,129,765,367,1,0,0.0,0.0342370085051467,0.03335268928162479,0.03225119107472049,0.02,49,11,36
webis-touche2020,rr,15,0.02,weighted_cv,129,754,367,1,0,0.0,0.022649423263641534,0.03335268928162479,0.03225119107472049,0.02,49,11,36
webis-touche2020,rr,15,0.02,active_cv,129,757,367,1,0,0.0,0.02918684168959485,0.03335268928162479,0.03225119107472049,0.02,49,11,36
webis-touche2020,rr,15,0.02,weighted_cvl,129,774,367,1,0,0.0,0.021408965860691,0.03335268928162479,0.03225119107472049,0.02,49,11,36
webis-touche2020,rr,15,0.02,uniform,130,850,394,1,0,0.0,0.131054403199807,0.07552740062371692,0.14232017997943397,0.02,49,12,38
webis-touche2020,rr,15,0.02,uniform_nz,130,844,394,1,0,0.0,0.09006195496284868,0.07552740062371692,0.14232017997943397,0.02,49,12,38
webis-touche2020,rr,15,0.02,weighted,130,832,394,1,0,0.0,0.07552740062371692,0.07552740062371692,0.14232017997943397,0.02,49,12,38
webis-touche2020,rr,15,0.02,active_judge,130,842,394,1,0,0.0,0.16143440273373047,0.07552740062371692,0.14232017997943397,0.02,49,12,38
webis-touche2020,rr,15,0.02,strat_pilot,130,840,394,1,0,0.0,0.0771887932171687,0.07552740062371692,0.14232017997943397,0.02,49,12,38
webis-touche2020,rr,15,0.02,weighted_cv,130,844,394,1,0,0.0,0.05758868302382403,0.07552740062371692,0.14232017997943397,0.02,49,12,38
webis-touche2020,rr,15,0.02,active_cv,130,850,394,1,0,0.0,0.11285178190229947,0.07552740062371692,0.14232017997943397,0.02,49,12,38
webis-touche2020,rr,15,0.02,weighted_cvl,130,858,394,1,0,0.0,0.05758868302382403,0.07552740062371692,0.14232017997943397,0.02,49,12,38
webis-touche2020,rr,15,0.02,uniform,131,772,371,1,0,0.0,0.08134046425982482,0.04773927336220744,0.058235777953270215,0.02,49,11,38
webis-touche2020,rr,15,0.02,uniform_nz,131,790,371,1,0,0.0,0.06347700663328895,0.04773927336220744,0.058235777953270215,0.02,49,11,38
webis-touche2020,rr,15,0.02,weighted,131,756,371,1,0,0.0,0.04773927336220744,0.04773927336220744,0.058235777953270215,0.02,49,11,38
webis-touche2020,rr,15,0.02,active_judge,131,793,371,0,0,0.0,0.09993089575522199,0.04773927336220744,0.058235777953270215,0.02,49,11,38
webis-touche2020,rr,15,0.02,strat_pilot,131,764,371,1,0,0.0,0.04777583384499461,0.04773927336220744,0.058235777953270215,0.02,49,11,38
webis-touche2020,rr,15,0.02,weighted_cv,131,788,371,1,0,0.0,0.04861602286962067,0.04773927336220744,0.058235777953270215,0.02,49,11,38
webis-touche2020,rr,15,0.02,active_cv,131,767,371,1,0,0.0,0.15653598551892875,0.04773927336220744,0.058235777953270215,0.02,49,11,38
webis-touche2020,rr,15,0.02,weighted_cvl,131,768,371,1,0,0.0,0.04323703388991048,0.04773927336220744,0.058235777953270215,0.02,49,11,38
webis-touche2020,rr,15,0.02,uniform,132,803,390,1,0,0.0,0.06416663278790764,0.03342156045564768,0.05155712436285191,0.02,49,11,38
webis-touche2020,rr,15,0.02,uniform_nz,132,817,390,1,0,0.0,0.040612924449744695,0.03342156045564768,0.05155712436285191,0.02,49,11,38
webis-touche2020,rr,15,0.02,weighted,132,813,390,1,0,0.0,0.03342156045564768,0.03342156045564768,0.05155712436285191,0.02,49,11,38
webis-touche2020,rr,15,0.02,active_judge,132,806,390,1,0,0.0,0.08111773745082843,0.03342156045564768,0.05155712436285191,0.02,49,11,38
webis-touche2020,rr,15,0.02,strat_pilot,132,826,390,1,0,0.0,0.03414179816125871,0.03342156045564768,0.05155712436285191,0.02,49,11,38
webis-touche2020,rr,15,0.02,weighted_cv,132,816,390,1,0,0.0,0.029172380450451767,0.03342156045564768,0.05155712436285191,0.02,49,11,38
webis-touche2020,rr,15,0.02,active_cv,132,792,390,1,0,0.0,0.05634904875438089,0.03342156045564768,0.05155712436285191,0.02,49,11,38
webis-touche2020,rr,15,0.02,weighted_cvl,132,821,390,1,0,0.0,0.027780943526198264,0.03342156045564768,0.05155712436285191,0.02,49,11,38
webis-touche2020,rr,15,0.02,uniform,133,779,370,1,0,0.0,0.07747968343227124,0.046184024268468175,0.06943129098856653,0.02,49,11,38
webis-touche2020,rr,15,0.02,uniform_nz,133,781,370,1,0,0.0,0.07187916753317831,0.046184024268468175,0.06943129098856653,0.02,49,11,38
webis-touche2020,rr,15,0.02,weighted,133,772,370,1,0,0.0,0.046184024268468175,0.046184024268468175,0.06943129098856653,0.02,49,11,38
webis-touche2020,rr,15,0.02,active_judge,133,787,370,1,0,0.0,0.13754199212974555,0.046184024268468175,0.06943129098856653,0.02,49,11,38
webis-touche2020,rr,15,0.02,strat_pilot,133,758,370,1,0,0.0,0.04757051450595969,0.046184024268468175,0.06943129098856653,0.02,49,11,38
webis-touche2020,rr,15,0.02,weighted_cv,133,782,370,1,0,0.0,0.03813092668000702,0.046184024268468175,0.06943129098856653,0.02,49,11,38
webis-touche2020,rr,15,0.02,active_cv,133,794,370,1,0,0.0,0.06938072287886611,0.046184024268468175,0.06943129098856653,0.02,49,11,38
webis-touche2020,rr,15,0.02,weighted_cvl,133,770,370,1,0,0.0,0.03529039285806575,0.046184024268468175,0.06943129098856653,0.02,49,11,38
webis-touche2020,rr,15,0.02,uniform,134,783,377,1,0,0.0,0.07378297847055501,0.04558193522208694,0.05869459605918079,0.02,49,11,38
webis-touche2020,rr,15,0.02,uniform_nz,134,816,377,1,0,0.0,0.054797103091560787,0.04558193522208694,0.05869459605918079,0.02,49,11,38
webis-touche2020,rr,15,0.02,weighted,134,775,377,1,0,0.0,0.04558193522208694,0.04558193522208694,0.05869459605918079,0.02,49,11,38
webis-touche2020,rr,15,0.02,active_judge,134,797,377,1,0,0.0,0.11144235449700493,0.04558193522208694,0.05869459605918079,0.02,49,11,38
webis-touche2020,rr,15,0.02,strat_pilot,134,808,377,1,0,0.0,0.04685005246069492,0.04558193522208694,0.05869459605918079,0.02,49,11,38
webis-touche2020,rr,15,0.02,weighted_cv,134,786,377,1,0,0.0,0.03678112176282715,0.04558193522208694,0.05869459605918079,0.02,49,11,38
webis-touche2020,rr,15,0.02,active_cv,134,817,377,1,0,0.0,0.051806014150874505,0.04558193522208694,0.05869459605918079,0.02,49,11,38
webis-touche2020,rr,15,0.02,weighted_cvl,134,757,377,1,0,0.0,0.03468917177133442,0.04558193522208694,0.05869459605918079,0.02,49,11,38
webis-touche2020,rr,15,0.02,uniform,135,768,389,1,0,0.0,0.21016147739338256,0.04349338725558303,0.04326083991388878,0.02,49,11,36
webis-touche2020,rr,15,0.02,uniform_nz,135,775,389,1,0,0.0,0.06475461507949018,0.04349338725558303,0.04326083991388878,0.02,49,11,36
webis-touche2020,rr,15,0.02,weighted,135,771,389,1,0,0.0,0.04349338725558303,0.04349338725558303,0.04326083991388878,0.02,49,11,36
webis-touche2020,rr,15,0.02,active_judge,135,793,389,1,0,0.0,0.12630157667284386,0.04349338725558303,0.04326083991388878,0.02,49,11,36
webis-touche2020,rr,15,0.02,strat_pilot,135,784,389,1,0,0.0,0.04494235336467257,0.04349338725558303,0.04326083991388878,0.02,49,11,36
webis-touche2020,rr,15,0.02,weighted_cv,135,786,389,1,0,0.0,0.030759603456076666,0.04349338725558303,0.04326083991388878,0.02,49,11,36
webis-touche2020,rr,15,0.02,active_cv,135,794,389,1,0,0.0,0.03966745271883086,0.04349338725558303,0.04326083991388878,0.02,49,11,36
webis-touche2020,rr,15,0.02,weighted_cvl,135,779,389,1,0,0.0,0.030739723581563894,0.04349338725558303,0.04326083991388878,0.02,49,11,36
webis-touche2020,rr,15,0.02,uniform,136,762,382,1,0,0.0,0.11421623113550479,0.07094503526022934,0.06965636436147274,0.02,49,11,38
webis-touche2020,rr,15,0.02,uniform_nz,136,794,382,1,0,0.0,0.09189913312611318,0.07094503526022934,0.06965636436147274,0.02,49,11,38
webis-touche2020,rr,15,0.02,weighted,136,791,382,1,0,0.0,0.07094503526022934,0.07094503526022934,0.06965636436147274,0.02,49,11,38
webis-touche2020,rr,15,0.02,active_judge,136,779,382,1,0,0.0,0.18041073934398644,0.07094503526022934,0.06965636436147274,0.02,49,11,38
webis-touche2020,rr,15,0.02,strat_pilot,136,823,382,1,0,0.0,0.07122233676306958,0.07094503526022934,0.06965636436147274,0.02,49,11,38
webis-touche2020,rr,15,0.02,weighted_cv,136,815,382,1,0,0.0,0.060501798867697,0.07094503526022934,0.06965636436147274,0.02,49,11,38
webis-touche2020,rr,15,0.02,active_cv,136,784,382,1,0,0.0,0.1603726850540636,0.07094503526022934,0.06965636436147274,0.02,49,11,38
webis-touche2020,rr,15,0.02,weighted_cvl,136,763,382,1,0,0.0,0.058644911534287136,0.07094503526022934,0.06965636436147274,0.02,49,11,38
webis-touche2020,rr,15,0.02,uniform,137,790,387,1,0,0.0,0.0855539652175449,0.04367117800802657,0.08943127827338355,0.02,49,11,38
webis-touche2020,rr,15,0.02,uniform_nz,137,777,387,1,0,0.0,0.07025725277356033,0.04367117800802657,0.08943127827338355,0.02,49,11,38
webis-touche2020,rr,15,0.02,weighted,137,812,387,1,0,0.0,0.04367117800802657,0.04367117800802657,0.08943127827338355,0.02,49,11,38
webis-touche2020,rr,15,0.02,active_judge,137,802,387,1,0,0.0,0.12439583660368232,0.04367117800802657,0.08943127827338355,0.02,49,11,38
webis-touche2020,rr,15,0.02,strat_pilot,137,793,387,1,0,0.0,0.04264910484054623,0.04367117800802657,0.08943127827338355,0.02,49,11,38
webis-touche2020,rr,15,0.02,weighted_cv,137,817,387,1,0,0.0,0.03383110626130574,0.04367117800802657,0.08943127827338355,0.02,49,11,38
webis-touche2020,rr,15,0.02,active_cv,137,803,387,1,0,0.0,0.07086030549976219,0.04367117800802657,0.08943127827338355,0.02,49,11,38
webis-touche2020,rr,15,0.02,weighted_cvl,137,829,387,1,0,0.0,0.030362377079411917,0.04367117800802657,0.08943127827338355,0.02,49,11,38
webis-touche2020,rr,15,0.02,uniform,138,772,385,1,0,0.0,0.06387652185410128,0.03447016695210181,0.017563686313686322,0.02,49,11,36
webis-touche2020,rr,15,0.02,uniform_nz,138,786,385,1,0,0.0,0.04364009726103353,0.03447016695210181,0.017563686313686322,0.02,49,11,36
webis-touche2020,rr,15,0.02,weighted,138,775,385,1,0,0.0,0.03447016695210181,0.03447016695210181,0.017563686313686322,0.02,49,11,36
webis-touche2020,rr,15,0.02,active_judge,138,758,385,1,0,0.0,0.06412765458750218,0.03447016695210181,0.017563686313686322,0.02,49,11,36
webis-touche2020,rr,15,0.02,strat_pilot,138,751,385,1,0,0.0,0.03439427048735967,0.03447016695210181,0.017563686313686322,0.02,49,11,36
webis-touche2020,rr,15,0.02,weighted_cv,138,766,385,1,0,0.0,0.028790897614037664,0.03447016695210181,0.017563686313686322,0.02,49,11,36
webis-touche2020,rr,15,0.02,active_cv,138,769,385,1,0,0.0,0.044868381744339575,0.03447016695210181,0.017563686313686322,0.02,49,11,36
webis-touche2020,rr,15,0.02,weighted_cvl,138,790,385,1,0,0.0,0.029631808369144204,0.03447016695210181,0.017563686313686322,0.02,49,11,36
webis-touche2020,rr,15,0.02,uniform,139,795,392,1,0,0.0,0.08836546294743906,0.061449219681902076,0.038006505915376534,0.02,49,11,38
webis-touche2020,rr,15,0.02,uniform_nz,139,807,392,1,0,0.0,0.07194731596840898,0.061449219681902076,0.038006505915376534,0.02,49,11,38
webis-touche2020,rr,15,0.02,weighted,139,779,392,1,0,0.0,0.061449219681902076,0.061449219681902076,0.038006505915376534,0.02,49,11,38
webis-touche2020,rr,15,0.02,active_judge,139,808,392,1,0,0.0,0.1244762910190389,0.061449219681902076,0.038006505915376534,0.02,49,11,38
webis-touche2020,rr,15,0.02,strat_pilot,139,786,392,1,0,0.0,0.061918858435042176,0.061449219681902076,0.038006505915376534,0.02,49,11,38
webis-touche2020,rr,15,0.02,weighted_cv,139,797,392,1,0,0.0,0.05385489502280003,0.061449219681902076,0.038006505915376534,0.02,49,11,38
webis-touche2020,rr,15,0.02,active_cv,139,826,392,1,0,0.0,0.08646304308056144,0.061449219681902076,0.038006505915376534,0.02,49,11,38
webis-touche2020,rr,15,0.02,weighted_cvl,139,807,392,1,0,0.0,0.04825886645448261,0.061449219681902076,0.038006505915376534,0.02,49,11,38
webis-touche2020,rr,15,0.02,uniform,140,800,376,1,0,0.0,0.22843222292475063,0.06583379538407001,0.06759067005119636,0.02,49,11,38
webis-touche2020,rr,15,0.02,uniform_nz,140,791,376,1,0,0.0,0.10412663384682444,0.06583379538407001,0.06759067005119636,0.02,49,11,38
webis-touche2020,rr,15,0.02,weighted,140,791,376,1,0,0.0,0.06583379538407001,0.06583379538407001,0.06759067005119636,0.02,49,11,38
webis-touche2020,rr,15,0.02,active_judge,140,819,376,1,0,0.0,0.1901694939329333,0.06583379538407001,0.06759067005119636,0.02,49,11,38
webis-touche2020,rr,15,0.02,strat_pilot,140,776,376,1,0,0.0,0.06675109138357646,0.06583379538407001,0.06759067005119636,0.02,49,11,38
webis-touche2020,rr,15,0.02,weighted_cv,140,798,376,1,0,0.0,0.05276141394820657,0.06583379538407001,0.06759067005119636,0.02,49,11,38
webis-touche2020,rr,15,0.02,active_cv,140,792,376,1,0,0.0,0.10986444494963535,0.06583379538407001,0.06759067005119636,0.02,49,11,38
webis-touche2020,rr,15,0.02,weighted_cvl,140,793,376,1,0,0.0,0.049833943018982516,0.06583379538407001,0.06759067005119636,0.02,49,11,38
webis-touche2020,rr,15,0.02,uniform,141,788,387,1,0,0.0,0.06643783915604812,0.0403409795175136,0.030001611305790883,0.02,49,11,36
webis-touche2020,rr,15,0.02,uniform_nz,141,764,387,1,0,0.0,0.05422944018364845,0.0403409795175136,0.030001611305790883,0.02,49,11,36
webis-touche2020,rr,15,0.02,weighted,141,776,387,1,0,0.0,0.0403409795175136,0.0403409795175136,0.030001611305790883,0.02,49,11,36
webis-touche2020,rr,15,0.02,active_judge,141,789,387,1,0,0.0,0.07543223732448323,0.0403409795175136,0.030001611305790883,0.02,49,11,36
webis-touche2020,rr,15,0.02,strat_pilot,141,764,387,1,0,0.0,0.040699155067252746,0.0403409795175136,0.030001611305790883,0.02,49,11,36
webis-touche2020,rr,15,0.02,weighted_cv,141,794,387,1,0,0.0,0.03841252851223624,0.0403409795175136,0.030001611305790883,0.02,49,11,36
webis-touche2020,rr,15,0.02,active_cv,141,791,387,1,0,0.0,0.08695245223645655,0.0403409795175136,0.030001611305790883,0.02,49,11,36
webis-touche2020,rr,15,0.02,weighted_cvl,141,764,387,1,0,0.0,0.034648515693339314,0.0403409795175136,0.030001611305790883,0.02,49,11,36
webis-touche2020,rr,15,0.02,uniform,142,826,383,1,0,0.0,0.06322700610559734,0.04335021763609446,0.06973233526019902,0.02,49,11,38
webis-touche2020,rr,15,0.02,uniform_nz,142,796,383,1,0,0.0,0.05377306913992658,0.04335021763609446,0.06973233526019902,0.02,49,11,38
webis-touche2020,rr,15,0.02,weighted,142,800,383,1,0,0.0,0.04335021763609446,0.04335021763609446,0.06973233526019902,0.02,49,11,38
webis-touche2020,rr,15,0.02,active_judge,142,816,383,1,0,0.0,0.0824456738025372,0.04335021763609446,0.06973233526019902,0.02,49,11,38
webis-touche2020,rr,15,0.02,strat_pilot,142,769,383,1,0,0.0,0.043153675741118155,0.04335021763609446,0.06973233526019902,0.02,49,11,38
webis-touche2020,rr,15,0.02,weighted_cv,142,795,383,1,0,0.0,0.0395670081888584,0.04335021763609446,0.06973233526019902,0.02,49,11,38
webis-touche2020,rr,15,0.02,active_cv,142,796,383,1,0,0.0,0.07304886788717319,0.04335021763609446,0.06973233526019902,0.02,49,11,38
webis-touche2020,rr,15,0.02,weighted_cvl,142,820,383,1,0,0.0,0.037696850881441125,0.04335021763609446,0.06973233526019902,0.02,49,11,38
webis-touche2020,rr,15,0.02,uniform,143,834,387,1,0,0.0,0.17958510321357107,0.10223358695007431,0.10482624572311577,0.02,49,12,38
webis-touche2020,rr,15,0.02,uniform_nz,143,832,387,1,0,0.0,0.14291342946677155,0.10223358695007431,0.10482624572311577,0.02,49,12,38
webis-touche2020,rr,15,0.02,weighted,143,847,387,1,0,0.0,0.10223358695007431,0.10223358695007431,0.10482624572311577,0.02,49,12,38
webis-touche2020,rr,15,0.02,active_judge,143,834,387,1,0,0.0,0.2536456969210855,0.10223358695007431,0.10482624572311577,0.02,49,12,38
webis-touche2020,rr,15,0.02,strat_pilot,143,817,387,1,0,0.0,0.10298845928248812,0.10223358695007431,0.10482624572311577,0.02,49,12,38
webis-touche2020,rr,15,0.02,weighted_cv,143,827,387,1,0,0.0,0.08418027790085017,0.10223358695007431,0.10482624572311577,0.02,49,12,38
webis-touche2020,rr,15,0.02,active_cv,143,857,387,1,0,0.0,0.18013740838400424,0.10223358695007431,0.10482624572311577,0.02,49,12,38
webis-touche2020,rr,15,0.02,weighted_cvl,143,856,387,1,0,0.0,0.07422942215815137,0.10223358695007431,0.10482624572311577,0.02,49,12,38
webis-touche2020,rr,15,0.02,uniform,144,806,372,1,0,0.0,0.08463200315974177,0.054431263688419905,0.044427867024616235,0.02,49,11,38
webis-touche2020,rr,15,0.02,uniform_nz,144,796,372,1,0,0.0,0.06258182780886215,0.054431263688419905,0.044427867024616235,0.02,49,11,38
webis-touche2020,rr,15,0.02,weighted,144,761,372,1,0,0.0,0.054431263688419905,0.054431263688419905,0.044427867024616235,0.02,49,11,38
webis-touche2020,rr,15,0.02,active_judge,144,772,372,1,0,0.0,0.10546844725993143,0.054431263688419905,0.044427867024616235,0.02,49,11,38
webis-touche2020,rr,15,0.02,strat_pilot,144,761,372,1,0,0.0,0.05466772823933079,0.054431263688419905,0.044427867024616235,0.02,49,11,38
webis-touche2020,rr,15,0.02,weighted_cv,144,801,372,1,0,0.0,0.050065709477945884,0.054431263688419905,0.044427867024616235,0.02,49,11,38
webis-touche2020,rr,15,0.02,active_cv,144,782,372,1,0,0.0,0.1153708542418361,0.054431263688419905,0.044427867024616235,0.02,49,11,38
webis-touche2020,rr,15,0.02,weighted_cvl,144,772,372,1,0,0.0,0.04472675543127768,0.054431263688419905,0.044427867024616235,0.02,49,11,38
webis-touche2020,rr,15,0.02,uniform,145,838,390,1,0,0.0,0.0774694772015696,0.049840411078819445,0.07278780192402481,0.02,49,11,38
webis-touche2020,rr,15,0.02,uniform_nz,145,825,390,1,0,0.0,0.05834458935932143,0.049840411078819445,0.07278780192402481,0.02,49,11,38
webis-touche2020,rr,15,0.02,weighted,145,818,390,1,0,0.0,0.049840411078819445,0.049840411078819445,0.07278780192402481,0.02,49,11,38
webis-touche2020,rr,15,0.02,active_judge,145,805,390,1,0,0.0,0.09982290515279568,0.049840411078819445,0.07278780192402481,0.02,49,11,38
webis-touche2020,rr,15,0.02,strat_pilot,145,822,390,1,0,0.0,0.050688238024682586,0.049840411078819445,0.07278780192402481,0.02,49,11,38
webis-touche2020,rr,15,0.02,weighted_cv,145,809,390,1,0,0.0,0.0418820972463582,0.049840411078819445,0.07278780192402481,0.02,49,11,38
webis-touche2020,rr,15,0.02,active_cv,145,801,390,1,0,0.0,0.06473985933967,0.049840411078819445,0.07278780192402481,0.02,49,11,38
webis-touche2020,rr,15,0.02,weighted_cvl,145,809,390,1,0,0.0,0.04063616009487926,0.049840411078819445,0.07278780192402481,0.02,49,11,38
webis-touche2020,rr,15,0.02,uniform,146,786,383,1,0,0.0,0.09871480120174451,0.053147011981342786,0.06488918909894142,0.02,49,11,38
webis-touche2020,rr,15,0.02,uniform_nz,146,787,383,1,0,0.0,0.08118034738892732,0.053147011981342786,0.06488918909894142,0.02,49,11,38
webis-touche2020,rr,15,0.02,weighted,146,765,383,1,0,0.0,0.053147011981342786,0.053147011981342786,0.06488918909894142,0.02,49,11,38
webis-touche2020,rr,15,0.02,active_judge,146,798,383,1,0,0.0,0.15176545965366223,0.053147011981342786,0.06488918909894142,0.02,49,11,38
webis-touche2020,rr,15,0.02,strat_pilot,146,797,383,1,0,0.0,0.05346470375025717,0.053147011981342786,0.06488918909894142,0.02,49,11,38
webis-touche2020,rr,15,0.02,weighted_cv,146,809,383,1,0,0.0,0.042398525490501104,0.053147011981342786,0.06488918909894142,0.02,49,11,38
webis-touche2020,rr,15,0.02,active_cv,146,786,383,1,0,0.0,0.08037257480240562,0.053147011981342786,0.06488918909894142,0.02,49,11,38
webis-touche2020,rr,15,0.02,weighted_cvl,146,788,383,1,0,0.0,0.04127699644762748,0.053147011981342786,0.06488918909894142,0.02,49,11,38
webis-touche2020,rr,15,0.02,uniform,147,790,384,1,0,0.0,0.07605222443323868,0.04561792355026499,0.048679975084168076,0.02,49,11,38
webis-touche2020,rr,15,0.02,uniform_nz,147,786,384,1,0,0.0,0.05504355205231807,0.04561792355026499,0.048679975084168076,0.02,49,11,38
webis-touche2020,rr,15,0.02,weighted,147,815,384,1,0,0.0,0.04561792355026499,0.04561792355026499,0.048679975084168076,0.02,49,11,38
webis-touche2020,rr,15,0.02,active_judge,147,782,384,1,0,0.0,0.10929532049342257,0.04561792355026499,0.048679975084168076,0.02,49,11,38
webis-touche2020,rr,15,0.02,strat_pilot,147,797,384,1,0,0.0,0.0462023330780845,0.04561792355026499,0.048679975084168076,0.02,49,11,38
webis-touche2020,rr,15,0.02,weighted_cv,147,812,384,1,0,0.0,0.041682632287502505,0.04561792355026499,0.048679975084168076,0.02,49,11,38
webis-touche2020,rr,15,0.02,active_cv,147,793,384,1,0,0.0,0.07990772099852275,0.04561792355026499,0.048679975084168076,0.02,49,11,38
webis-touche2020,rr,15,0.02,weighted_cvl,147,796,384,1,0,0.0,0.03746365939576391,0.04561792355026499,0.048679975084168076,0.02,49,11,38
webis-touche2020,rr,15,0.02,uniform,148,818,370,0,0,0.11222607211842428,0.4064540062366223,0.07531290949418747,0.019900699326719302,-0.09222607211842428,49,12,38
webis-touche2020,rr,15,0.02,uniform_nz,148,847,370,0,0,0.11222607211842428,0.23242754417784767,0.07531290949418747,0.019900699326719302,-0.09222607211842428,49,12,38
webis-touche2020,rr,15,0.02,weighted,148,823,370,0,0,0.11222607211842428,0.07531290949418747,0.07531290949418747,0.019900699326719302,-0.09222607211842428,49,12,38
webis-touche2020,rr,15,0.02,active_judge,148,826,370,0,0,0.11222607211842428,0.2384394591608851,0.07531290949418747,0.019900699326719302,-0.09222607211842428,49,12,38
webis-touche2020,rr,15,0.02,strat_pilot,148,823,370,0,0,0.11222607211842428,0.0767809033321462,0.07531290949418747,0.019900699326719302,-0.09222607211842428,49,12,38
webis-touche2020,rr,15,0.02,weighted_cv,148,837,370,0,0,0.11222607211842428,0.051489542994496526,0.07531290949418747,0.019900699326719302,-0.09222607211842428,49,12,38
webis-touche2020,rr,15,0.02,active_cv,148,837,370,0,0,0.11222607211842428,0.09260941894167486,0.07531290949418747,0.019900699326719302,-0.09222607211842428,49,12,38
webis-touche2020,rr,15,0.02,weighted_cvl,148,835,370,0,0,0.11222607211842428,0.06016080698478878,0.07531290949418747,0.019900699326719302,-0.09222607211842428,49,12,38
webis-touche2020,rr,15,0.02,uniform,149,786,380,0,0,0.0,0.09556347228008803,0.0545781112250723,0.027075068464387352,0.02,49,11,36
webis-touche2020,rr,15,0.02,uniform_nz,149,786,380,1,0,0.0,0.07973775911313798,0.0545781112250723,0.027075068464387352,0.02,49,11,36
webis-touche2020,rr,15,0.02,weighted,149,745,380,1,0,0.0,0.0545781112250723,0.0545781112250723,0.027075068464387352,0.02,49,11,36
webis-touche2020,rr,15,0.02,active_judge,149,767,380,0,0,0.0,0.14236571635237466,0.0545781112250723,0.027075068464387352,0.02,49,11,36
webis-touche2020,rr,15,0.02,strat_pilot,149,759,380,1,0,0.0,0.05200547072449309,0.0545781112250723,0.027075068464387352,0.02,49,11,36
webis-touche2020,rr,15,0.02,weighted_cv,149,772,380,1,0,0.0,0.043663674473496554,0.0545781112250723,0.027075068464387352,0.02,49,11,36
webis-touche2020,rr,15,0.02,active_cv,149,754,380,0,0,0.0,0.07081302188473845,0.0545781112250723,0.027075068464387352,0.02,49,11,36
webis-touche2020,rr,15,0.02,weighted_cvl,149,786,380,1,0,0.0,0.039723416948209064,0.0545781112250723,0.027075068464387352,0.02,49,11,36
webis-touche2020,rr,15,0.02,uniform,150,776,364,1,0,0.0,0.09552186153679951,0.06059307839460452,0.08355751764575294,0.02,49,11,38
webis-touche2020,rr,15,0.02,uniform_nz,150,781,364,1,0,0.0,0.07271939639036835,0.06059307839460452,0.08355751764575294,0.02,49,11,38
webis-touche2020,rr,15,0.02,weighted,150,784,364,1,0,0.0,0.06059307839460452,0.06059307839460452,0.08355751764575294,0.02,49,11,38
webis-touche2020,rr,15,0.02,active_judge,150,774,364,1,0,0.0,0.1472729200448666,0.06059307839460452,0.08355751764575294,0.02,49,11,38
webis-touche2020,rr,15,0.02,strat_pilot,150,788,364,1,0,0.0,0.06164572405585224,0.06059307839460452,0.08355751764575294,0.02,49,11,38
webis-touche2020,rr,15,0.02,weighted_cv,150,771,364,1,0,0.0,0.05802352669228861,0.06059307839460452,0.08355751764575294,0.02,49,11,38
webis-touche2020,rr,15,0.02,active_cv,150,781,364,1,0,0.0,0.13958329087222834,0.06059307839460452,0.08355751764575294,0.02,49,11,38
webis-touche2020,rr,15,0.02,weighted_cvl,150,760,364,1,0,0.0,0.05681139179638656,0.06059307839460452,0.08355751764575294,0.02,49,11,38
webis-touche2020,rr,15,0.02,uniform,151,793,379,0,0,0.0,0.10059994092544229,0.05274266502053644,0.0814574295673367,0.02,49,11,38
webis-touche2020,rr,15,0.02,uniform_nz,151,804,379,1,0,0.0,0.07636325010532703,0.05274266502053644,0.0814574295673367,0.02,49,11,38
webis-touche2020,rr,15,0.02,weighted,151,778,379,1,0,0.0,0.05274266502053644,0.05274266502053644,0.0814574295673367,0.02,49,11,38
webis-touche2020,rr,15,0.02,active_judge,151,773,379,1,0,0.0,0.1457266929192737,0.05274266502053644,0.0814574295673367,0.02,49,11,38
webis-touche2020,rr,15,0.02,strat_pilot,151,807,379,1,0,0.0,0.054237287613980036,0.05274266502053644,0.0814574295673367,0.02,49,11,38
webis-touche2020,rr,15,0.02,weighted_cv,151,802,379,1,0,0.0,0.04016097429379881,0.05274266502053644,0.0814574295673367,0.02,49,11,38
webis-touche2020,rr,15,0.02,active_cv,151,816,379,1,0,0.0,0.06798239022275847,0.05274266502053644,0.0814574295673367,0.02,49,11,38
webis-touche2020,rr,15,0.02,weighted_cvl,151,795,379,1,0,0.0,0.03717145439667191,0.05274266502053644,0.0814574295673367,0.02,49,11,38
webis-touche2020,rr,15,0.02,uniform,152,821,375,1,0,0.0,0.06204425492515344,0.033261381068755334,0.08005641531708296,0.02,49,11,38
webis-touche2020,rr,15,0.02,uniform_nz,152,773,375,1,0,0.0,0.039920984495595516,0.033261381068755334,0.08005641531708296,0.02,49,11,38
webis-touche2020,rr,15,0.02,weighted,152,783,375,1,0,0.0,0.033261381068755334,0.033261381068755334,0.08005641531708296,0.02,49,11,38
webis-touche2020,rr,15,0.02,active_judge,152,790,375,0,0,0.0,0.10176244827527263,0.033261381068755334,0.08005641531708296,0.02,49,11,38
webis-touche2020,rr,15,0.02,strat_pilot,152,780,375,1,0,0.0,0.034216536654900334,0.033261381068755334,0.08005641531708296,0.02,49,11,38
webis-touche2020,rr,15,0.02,weighted_cv,152,780,375,1,0,0.0,0.0284259416682776,0.033261381068755334,0.08005641531708296,0.02,49,11,38
webis-touche2020,rr,15,0.02,active_cv,152,794,375,1,0,0.0,0.05763352389597369,0.033261381068755334,0.08005641531708296,0.02,49,11,38
webis-touche2020,rr,15,0.02,weighted_cvl,152,805,375,1,0,0.0,0.027534312693915153,0.033261381068755334,0.08005641531708296,0.02,49,11,38
webis-touche2020,rr,15,0.02,uniform,153,794,386,1,0,0.0,0.108556635461929,0.06948872129932375,0.06622044750914717,0.02,49,11,38
webis-touche2020,rr,15,0.02,uniform_nz,153,826,386,1,0,0.0,0.08455517695821411,0.06948872129932375,0.06622044750914717,0.02,49,11,38
webis-touche2020,rr,15,0.02,weighted,153,783,386,1,0,0.0,0.06948872129932375,0.06948872129932375,0.06622044750914717,0.02,49,11,38
webis-touche2020,rr,15,0.02,active_judge,153,808,386,1,0,0.0,0.1399529474574076,0.06948872129932375,0.06622044750914717,0.02,49,11,38
webis-touche2020,rr,15,0.02,strat_pilot,153,786,386,1,0,0.0,0.07010118436271612,0.06948872129932375,0.06622044750914717,0.02,49,11,38
webis-touche2020,rr,15,0.02,weighted_cv,153,777,386,1,0,0.0,0.06373587106270463,0.06948872129932375,0.06622044750914717,0.02,49,11,38
webis-touche2020,rr,15,0.02,active_cv,153,809,386,1,0,0.0,0.14753011361562113,0.06948872129932375,0.06622044750914717,0.02,49,11,38
webis-touche2020,rr,15,0.02,weighted_cvl,153,800,386,1,0,0.0,0.06547887789668509,0.06948872129932375,0.06622044750914717,0.02,49,11,38
webis-touche2020,rr,15,0.02,uniform,154,819,385,0,0,0.0,0.068931706281314,0.05414151346272929,0.054702820428052606,0.02,49,11,38
webis-touche2020,rr,15,0.02,uniform_nz,154,817,385,1,0,0.0,0.0623680531852797,0.05414151346272929,0.054702820428052606,0.02,49,11,38
webis-touche2020,rr,15,0.02,weighted,154,795,385,1,0,0.0,0.05414151346272929,0.05414151346272929,0.054702820428052606,0.02,49,11,38
webis-touche2020,rr,15,0.02,active_judge,154,804,385,1,0,0.0,0.10497464525290334,0.05414151346272929,0.054702820428052606,0.02,49,11,38
webis-touche2020,rr,15,0.02,strat_pilot,154,835,385,1,0,0.0,0.05423358855521674,0.05414151346272929,0.054702820428052606,0.02,49,11,38
webis-touche2020,rr,15,0.02,weighted_cv,154,787,385,1,0,0.0,0.05219861441831314,0.05414151346272929,0.054702820428052606,0.02,49,11,38
webis-touche2020,rr,15,0.02,active_cv,154,796,385,1,0,0.0,0.10187435091610997,0.05414151346272929,0.054702820428052606,0.02,49,11,38
webis-touche2020,rr,15,0.02,weighted_cvl,154,776,385,1,0,0.0,0.045269167913227146,0.05414151346272929,0.054702820428052606,0.02,49,11,38
webis-touche2020,rr,15,0.02,uniform,155,780,381,1,0,0.0,0.21091251754066395,0.04634067790162661,0.05749392996064823,0.02,49,11,38
webis-touche2020,rr,15,0.02,uniform_nz,155,824,381,1,0,0.0,0.08637515896520916,0.04634067790162661,0.05749392996064823,0.02,49,11,38
webis-touche2020,rr,15,0.02,weighted,155,791,381,1,0,0.0,0.04634067790162661,0.04634067790162661,0.05749392996064823,0.02,49,11,38
webis-touche2020,rr,15,0.02,active_judge,155,789,381,1,0,0.0,0.14082083263116385,0.04634067790162661,0.05749392996064823,0.02,49,11,38
webis-touche2020,rr,15,0.02,strat_pilot,155,804,381,1,0,0.0,0.04692963676351033,0.04634067790162661,0.05749392996064823,0.02,49,11,38
webis-touche2020,rr,15,0.02,weighted_cv,155,818,381,1,0,0.0,0.03159113249568802,0.04634067790162661,0.05749392996064823,0.02,49,11,38
webis-touche2020,rr,15,0.02,active_cv,155,784,381,1,0,0.0,0.044914323461148854,0.04634067790162661,0.05749392996064823,0.02,49,11,38
webis-touche2020,rr,15,0.02,weighted_cvl,155,810,381,1,0,0.0,0.03159113249568802,0.04634067790162661,0.05749392996064823,0.02,49,11,38
webis-touche2020,rr,15,0.02,uniform,156,817,378,1,0,0.0,0.06618817317907379,0.03984394088077976,0.06791544847817559,0.02,49,11,38
webis-touche2020,rr,15,0.02,uniform_nz,156,805,378,1,0,0.0,0.04556539406075597,0.03984394088077976,0.06791544847817559,0.02,49,11,38
webis-touche2020,rr,15,0.02,weighted,156,794,378,1,0,0.0,0.03984394088077976,0.03984394088077976,0.06791544847817559,0.02,49,11,38
webis-touche2020,rr,15,0.02,active_judge,156,794,378,1,0,0.0,0.10127969808067261,0.03984394088077976,0.06791544847817559,0.02,49,11,38
webis-touche2020,rr,15,0.02,strat_pilot,156,796,378,1,0,0.0,0.04289448299422984,0.03984394088077976,0.06791544847817559,0.02,49,11,38
webis-touche2020,rr,15,0.02,weighted_cv,156,803,378,1,0,0.0,0.028864827604458982,0.03984394088077976,0.06791544847817559,0.02,49,11,38
webis-touche2020,rr,15,0.02,active_cv,156,809,378,1,0,0.0,0.0482355446910502,0.03984394088077976,0.06791544847817559,0.02,49,11,38
webis-touche2020,rr,15,0.02,weighted_cvl,156,790,378,1,0,0.0,0.027663897913545905,0.03984394088077976,0.06791544847817559,0.02,49,11,38
webis-touche2020,rr,15,0.02,uniform,157,817,377,1,0,0.0,0.0995455856554022,0.05915042375011977,0.06821425850837613,0.02,49,11,38
webis-touche2020,rr,15,0.02,uniform_nz,157,798,377,1,0,0.0,0.08260698889670161,0.05915042375011977,0.06821425850837613,0.02,49,11,38
webis-touche2020,rr,15,0.02,weighted,157,800,377,1,0,0.0,0.05915042375011977,0.05915042375011977,0.06821425850837613,0.02,49,11,38
webis-touche2020,rr,15,0.02,active_judge,157,799,377,1,0,0.0,0.16819775054736627,0.05915042375011977,0.06821425850837613,0.02,49,11,38
webis-touche2020,rr,15,0.02,strat_pilot,157,782,377,1,0,0.0,0.06095517797842213,0.05915042375011977,0.06821425850837613,0.02,49,11,38
webis-touche2020,rr,15,0.02,weighted_cv,157,795,377,1,0,0.0,0.052017361584621225,0.05915042375011977,0.06821425850837613,0.02,49,11,38
webis-touche2020,rr,15,0.02,active_cv,157,784,377,1,0,0.0,0.11869127701473581,0.05915042375011977,0.06821425850837613,0.02,49,11,38
webis-touche2020,rr,15,0.02,weighted_cvl,157,797,377,1,0,0.0,0.04587515806932049,0.05915042375011977,0.06821425850837613,0.02,49,11,38
webis-touche2020,rr,15,0.02,uniform,158,854,373,1,0,0.0,0.12901802089704498,0.07211186063765318,0.046571595875943686,0.02,49,12,38
webis-touche2020,rr,15,0.02,uniform_nz,158,826,373,1,0,0.0,0.08483499627187115,0.07211186063765318,0.046571595875943686,0.02,49,12,38
webis-touche2020,rr,15,0.02,weighted,158,852,373,1,0,0.0,0.07211186063765318,0.07211186063765318,0.046571595875943686,0.02,49,12,38
webis-touche2020,rr,15,0.02,active_judge,158,826,373,1,0,0.0,0.15741539982907643,0.07211186063765318,0.046571595875943686,0.02,49,12,38
webis-touche2020,rr,15,0.02,strat_pilot,158,826,373,1,0,0.0,0.07230883043248384,0.07211186063765318,0.046571595875943686,0.02,49,12,38
webis-touche2020,rr,15,0.02,weighted_cv,158,836,373,1,0,0.0,0.05646699877909761,0.07211186063765318,0.046571595875943686,0.02,49,12,38
webis-touche2020,rr,15,0.02,active_cv,158,841,373,1,0,0.0,0.12701090835931722,0.07211186063765318,0.046571595875943686,0.02,49,12,38
webis-touche2020,rr,15,0.02,weighted_cvl,158,867,373,1,0,0.0,0.057438228466940064,0.07211186063765318,0.046571595875943686,0.02,49,12,38
webis-touche2020,rr,15,0.02,uniform,159,877,387,1,0,0.0,0.06666046941281115,0.04430425986199642,0.031096344671018232,0.02,49,12,38
webis-touche2020,rr,15,0.02,uniform_nz,159,839,387,1,0,0.0,0.05068185238027566,0.04430425986199642,0.031096344671018232,0.02,49,12,38
webis-touche2020,rr,15,0.02,weighted,159,858,387,1,0,0.0,0.04430425986199642,0.04430425986199642,0.031096344671018232,0.02,49,12,38
webis-touche2020,rr,15,0.02,active_judge,159,826,387,1,0,0.0,0.09361193277369256,0.04430425986199642,0.031096344671018232,0.02,49,12,38
webis-touche2020,rr,15,0.02,strat_pilot,159,830,387,1,0,0.0,0.044298348639231176,0.04430425986199642,0.031096344671018232,0.02,49,12,38
webis-touche2020,rr,15,0.02,weighted_cv,159,842,387,1,0,0.0,0.040273329690152224,0.04430425986199642,0.031096344671018232,0.02,49,12,38
webis-touche2020,rr,15,0.02,active_cv,159,851,387,1,0,0.0,0.06105861494839104,0.04430425986199642,0.031096344671018232,0.02,49,12,38
webis-touche2020,rr,15,0.02,weighted_cvl,159,836,387,1,0,0.0,0.04430425986199642,0.04430425986199642,0.031096344671018232,0.02,49,12,38
webis-touche2020,rr,15,0.02,uniform,160,763,380,0,0,0.0,0.08820739375922955,0.05740065978406207,0.041094782410571865,0.02,49,11,36
webis-touche2020,rr,15,0.02,uniform_nz,160,748,380,1,0,0.0,0.08386417380884305,0.05740065978406207,0.041094782410571865,0.02,49,11,36
webis-touche2020,rr,15,0.02,weighted,160,758,380,1,0,0.0,0.05740065978406207,0.05740065978406207,0.041094782410571865,0.02,49,11,36
webis-touche2020,rr,15,0.02,active_judge,160,749,380,0,0,0.0,0.1548856699663701,0.05740065978406207,0.041094782410571865,0.02,49,11,36
webis-touche2020,rr,15,0.02,strat_pilot,160,759,380,1,0,0.0,0.0554355810688141,0.05740065978406207,0.041094782410571865,0.02,49,11,36
webis-touche2020,rr,15,0.02,weighted_cv,160,750,380,1,0,0.0,0.045046970958096365,0.05740065978406207,0.041094782410571865,0.02,49,11,36
webis-touche2020,rr,15,0.02,active_cv,160,749,380,1,0,0.0,0.08168979387329298,0.05740065978406207,0.041094782410571865,0.02,49,11,36
webis-touche2020,rr,15,0.02,weighted_cvl,160,775,380,1,0,0.0,0.04242347499076836,0.05740065978406207,0.041094782410571865,0.02,49,11,36
webis-touche2020,rr,15,0.02,uniform,161,841,382,1,0,0.0,0.13832634743775007,0.07693192900861585,0.08499787588460357,0.02,49,12,38
webis-touche2020,rr,15,0.02,uniform_nz,161,842,382,1,0,0.0,0.09200706031966549,0.07693192900861585,0.08499787588460357,0.02,49,12,38
webis-touche2020,rr,15,0.02,weighted,161,860,382,1,0,0.0,0.07693192900861585,0.07693192900861585,0.08499787588460357,0.02,49,12,38
webis-touche2020,rr,15,0.02,active_judge,161,828,382,1,0,0.0,0.16133011241601897,0.07693192900861585,0.08499787588460357,0.02,49,12,38
webis-touche2020,rr,15,0.02,strat_pilot,161,852,382,1,0,0.0,0.07720956449445596,0.07693192900861585,0.08499787588460357,0.02,49,12,38
webis-touche2020,rr,15,0.02,weighted_cv,161,835,382,1,0,0.0,0.06393799965232502,0.07693192900861585,0.08499787588460357,0.02,49,12,38
webis-touche2020,rr,15,0.02,active_cv,161,852,382,1,0,0.0,0.13773790126829727,0.07693192900861585,0.08499787588460357,0.02,49,12,38
webis-touche2020,rr,15,0.02,weighted_cvl,161,815,382,1,0,0.0,0.05674895996037209,0.07693192900861585,0.08499787588460357,0.02,49,12,38
webis-touche2020,rr,15,0.02,uniform,162,747,377,0,0,0.0014808452606203115,0.06761963586815424,0.042356917039538984,0.021802364302364288,0.01851915473937969,49,11,36
webis-touche2020,rr,15,0.02,uniform_nz,162,763,377,0,0,0.0014808452606203115,0.04894784701259232,0.042356917039538984,0.021802364302364288,0.01851915473937969,49,11,36
webis-touche2020,rr,15,0.02,weighted,162,779,377,1,0,0.0014808452606203115,0.042356917039538984,0.042356917039538984,0.021802364302364288,0.01851915473937969,49,11,36
webis-touche2020,rr,15,0.02,active_judge,162,756,377,1,0,0.0014808452606203115,0.10245099630490162,0.042356917039538984,0.021802364302364288,0.01851915473937969,49,11,36
webis-touche2020,rr,15,0.02,strat_pilot,162,783,377,1,0,0.0014808452606203115,0.043035286117076445,0.042356917039538984,0.021802364302364288,0.01851915473937969,49,11,36
webis-touche2020,rr,15,0.02,weighted_cv,162,769,377,1,0,0.0014808452606203115,0.03599491427655867,0.042356917039538984,0.021802364302364288,0.01851915473937969,49,11,36
webis-touche2020,rr,15,0.02,active_cv,162,758,377,1,0,0.0014808452606203115,0.06153449544370332,0.042356917039538984,0.021802364302364288,0.01851915473937969,49,11,36
webis-touche2020,rr,15,0.02,weighted_cvl,162,777,377,1,0,0.0014808452606203115,0.032561994939139124,0.042356917039538984,0.021802364302364288,0.01851915473937969,49,11,36
webis-touche2020,rr,15,0.02,uniform,163,775,366,0,0,0.0,0.06656748213208011,0.041426195672331294,0.06033947854441864,0.02,49,11,38
webis-touche2020,rr,15,0.02,uniform_nz,163,806,366,1,0,0.0,0.05714951141981275,0.041426195672331294,0.06033947854441864,0.02,49,11,38
webis-touche2020,rr,15,0.02,weighted,163,781,366,1,0,0.0,0.041426195672331294,0.041426195672331294,0.06033947854441864,0.02,49,11,38
webis-touche2020,rr,15,0.02,active_judge,163,789,366,1,0,0.0,0.10313011197108643,0.041426195672331294,0.06033947854441864,0.02,49,11,38
webis-touche2020,rr,15,0.02,strat_pilot,163,785,366,1,0,0.0,0.04225828503650632,0.041426195672331294,0.06033947854441864,0.02,49,11,38
webis-touche2020,rr,15,0.02,weighted_cv,163,785,366,1,0,0.0,0.039523733359063035,0.041426195672331294,0.06033947854441864,0.02,49,11,38
webis-touche2020,rr,15,0.02,active_cv,163,750,366,1,0,0.0,0.10846901833538136,0.041426195672331294,0.06033947854441864,0.02,49,11,38
webis-touche2020,rr,15,0.02,weighted_cvl,163,787,366,1,0,0.0,0.03563152548296606,0.041426195672331294,0.06033947854441864,0.02,49,11,38
webis-touche2020,rr,15,0.02,uniform,164,812,381,0,0,0.0,0.1115737932080199,0.07633912493652635,0.049008024638371575,0.02,49,12,38
webis-touche2020,rr,15,0.02,uniform_nz,164,818,381,1,0,0.0,0.08475954062575727,0.07633912493652635,0.049008024638371575,0.02,49,12,38
webis-touche2020,rr,15,0.02,weighted,164,817,381,1,0,0.0,0.07633912493652635,0.07633912493652635,0.049008024638371575,0.02,49,12,38
webis-touche2020,rr,15,0.02,active_judge,164,824,381,1,0,0.0,0.21189102465852566,0.07633912493652635,0.049008024638371575,0.02,49,12,38
webis-touche2020,rr,15,0.02,strat_pilot,164,807,381,1,0,0.0,0.07733270850495415,0.07633912493652635,0.049008024638371575,0.02,49,12,38
webis-touche2020,rr,15,0.02,weighted_cv,164,821,381,1,0,0.0,0.06038802195059969,0.07633912493652635,0.049008024638371575,0.02,49,12,38
webis-touche2020,rr,15,0.02,active_cv,164,816,381,1,0,0.0,0.10477977764193366,0.07633912493652635,0.049008024638371575,0.02,49,12,38
webis-touche2020,rr,15,0.02,weighted_cvl,164,841,381,1,0,0.0,0.057098178124725875,0.07633912493652635,0.049008024638371575,0.02,49,12,38
webis-touche2020,rr,15,0.02,uniform,165,869,378,1,0,0.0,0.0917342548864832,0.06442287711424179,0.060586094581127264,0.02,49,12,38
webis-touche2020,rr,15,0.02,uniform_nz,165,816,378,1,0,0.0,0.0739698862830224,0.06442287711424179,0.060586094581127264,0.02,49,12,38
webis-touche2020,rr,15,0.02,weighted,165,824,378,1,0,0.0,0.06442287711424179,0.06442287711424179,0.060586094581127264,0.02,49,12,38
webis-touche2020,rr,15,0.02,active_judge,165,858,378,1,0,0.0,0.16331629776302498,0.06442287711424179,0.060586094581127264,0.02,49,12,38
webis-touche2020,rr,15,0.02,strat_pilot,165,837,378,1,0,0.0,0.0654072503889232,0.06442287711424179,0.060586094581127264,0.02,49,12,38
webis-touche2020,rr,15,0.02,weighted_cv,165,836,378,1,0,0.0,0.05186501967054521,0.06442287711424179,0.060586094581127264,0.02,49,12,38
webis-touche2020,rr,15,0.02,active_cv,165,828,378,1,0,0.0,0.0753964019152989,0.06442287711424179,0.060586094581127264,0.02,49,12,38
webis-touche2020,rr,15,0.02,weighted_cvl,165,848,378,1,0,0.0,0.049041577233667116,0.06442287711424179,0.060586094581127264,0.02,49,12,38
webis-touche2020,rr,15,0.02,uniform,166,779,364,1,0,0.0,0.043790264509958564,0.024814053711200105,0.07034197999893249,0.02,49,11,38
webis-touche2020,rr,15,0.02,uniform_nz,166,778,364,1,0,0.0,0.030886222270986134,0.024814053711200105,0.07034197999893249,0.02,49,11,38
webis-touche2020,rr,15,0.02,weighted,166,777,364,1,0,0.0,0.024814053711200105,0.024814053711200105,0.07034197999893249,0.02,49,11,38
webis-touche2020,rr,15,0.02,active_judge,166,786,364,1,0,0.0,0.058777263585510844,0.024814053711200105,0.07034197999893249,0.02,49,11,38
webis-touche2020,rr,15,0.02,strat_pilot,166,784,364,1,0,0.0,0.025357445688919428,0.024814053711200105,0.07034197999893249,0.02,49,11,38
webis-touche2020,rr,15,0.02,weighted_cv,166,783,364,1,0,0.0,0.020500480694674948,0.024814053711200105,0.07034197999893249,0.02,49,11,38
webis-touche2020,rr,15,0.02,active_cv,166,783,364,0,0,0.0,0.030990514795424817,0.024814053711200105,0.07034197999893249,0.02,49,11,38
webis-touche2020,rr,15,0.02,weighted_cvl,166,776,364,1,0,0.0,0.01921580755070791,0.024814053711200105,0.07034197999893249,0.02,49,11,38
webis-touche2020,rr,15,0.02,uniform,167,785,387,1,0,0.0,0.07998645768540769,0.04665913548239879,0.0640908573996809,0.02,49,11,38
webis-touche2020,rr,15,0.02,uniform_nz,167,807,387,1,0,0.0,0.05311266290792582,0.04665913548239879,0.0640908573996809,0.02,49,11,38
webis-touche2020,rr,15,0.02,weighted,167,824,387,1,0,0.0,0.04665913548239879,0.04665913548239879,0.0640908573996809,0.02,49,11,38
webis-touche2020,rr,15,0.02,active_judge,167,779,387,1,0,0.0,0.11440982170373903,0.04665913548239879,0.0640908573996809,0.02,49,11,38
webis-touche2020,rr,15,0.02,strat_pilot,167,768,387,1,0,0.0,0.04743299188387189,0.04665913548239879,0.0640908573996809,0.02,49,11,38
webis-touche2020,rr,15,0.02,weighted_cv,167,782,387,1,0,0.0,0.04059008542061236,0.04665913548239879,0.0640908573996809,0.02,49,11,38
webis-touche2020,rr,15,0.02,active_cv,167,807,387,1,0,0.0,0.06775097472961589,0.04665913548239879,0.0640908573996809,0.02,49,11,38
webis-touche2020,rr,15,0.02,weighted_cvl,167,810,387,1,0,0.0,0.03683506522138576,0.04665913548239879,0.0640908573996809,0.02,49,11,38
webis-touche2020,rr,15,0.02,uniform,168,784,383,1,0,0.0,0.25076734863840633,0.05711668315357256,0.03648218448218449,0.02,49,11,36
webis-touche2020,rr,15,0.02,uniform_nz,168,791,383,1,0,0.0,0.09901024979188429,0.05711668315357256,0.03648218448218449,0.02,49,11,36
webis-touche2020,rr,15,0.02,weighted,168,782,383,1,0,0.0,0.05711668315357256,0.05711668315357256,0.03648218448218449,0.02,49,11,36
webis-touche2020,rr,15,0.02,active_judge,168,777,383,1,0,0.0,0.1791073776126073,0.05711668315357256,0.03648218448218449,0.02,49,11,36
webis-touche2020,rr,15,0.02,strat_pilot,168,763,383,1,0,0.0,0.05825826138680924,0.05711668315357256,0.03648218448218449,0.02,49,11,36
webis-touche2020,rr,15,0.02,weighted_cv,168,798,383,1,0,0.0,0.04015762585026445,0.05711668315357256,0.03648218448218449,0.02,49,11,36
webis-touche2020,rr,15,0.02,active_cv,168,769,383,1,0,0.0,0.07166451972302287,0.05711668315357256,0.03648218448218449,0.02,49,11,36
webis-touche2020,rr,15,0.02,weighted_cvl,168,761,383,1,0,0.0,0.037851414414846254,0.05711668315357256,0.03648218448218449,0.02,49,11,36
webis-touche2020,rr,15,0.02,uniform,169,825,369,1,0,0.0,0.09534104346090136,0.07473810528157684,0.057683424863613386,0.02,49,12,38
webis-touche2020,rr,15,0.02,uniform_nz,169,840,369,1,0,0.0,0.08271544859177418,0.07473810528157684,0.057683424863613386,0.02,49,12,38
webis-touche2020,rr,15,0.02,weighted,169,810,369,1,0,0.0,0.07473810528157684,0.07473810528157684,0.057683424863613386,0.02,49,12,38
webis-touche2020,rr,15,0.02,active_judge,169,831,369,1,0,0.0,0.16607207603911356,0.07473810528157684,0.057683424863613386,0.02,49,12,38
webis-touche2020,rr,15,0.02,strat_pilot,169,847,369,1,0,0.0,0.07529290517422985,0.07473810528157684,0.057683424863613386,0.02,49,12,38
webis-touche2020,rr,15,0.02,weighted_cv,169,816,369,1,0,0.0,0.06612218845584839,0.07473810528157684,0.057683424863613386,0.02,49,12,38
webis-touche2020,rr,15,0.02,active_cv,169,818,369,1,0,0.0,0.15478936306628127,0.07473810528157684,0.057683424863613386,0.02,49,12,38
webis-touche2020,rr,15,0.02,weighted_cvl,169,837,369,1,0,0.0,0.060369268111427364,0.07473810528157684,0.057683424863613386,0.02,49,12,38
webis-touche2020,rr,15,0.02,uniform,170,825,395,0,0,1.5514276587302867e-05,0.06140374563732992,0.03649362911871333,0.018788792906439967,0.019984485723412698,49,11,36
webis-touche2020,rr,15,0.02,uniform_nz,170,784,395,0,0,1.5514276587302867e-05,0.04682824851012957,0.03649362911871333,0.018788792906439967,0.019984485723412698,49,11,36
webis-touche2020,rr,15,0.02,weighted,170,790,395,1,0,1.5514276587302867e-05,0.03649362911871333,0.03649362911871333,0.018788792906439967,0.019984485723412698,49,11,36
webis-touche2020,rr,15,0.02,active_judge,170,795,395,1,0,1.5514276587302867e-05,0.07280217747129143,0.03649362911871333,0.018788792906439967,0.019984485723412698,49,11,36
webis-touche2020,rr,15,0.02,strat_pilot,170,792,395,1,0,1.5514276587302867e-05,0.035602798992503105,0.03649362911871333,0.018788792906439967,0.019984485723412698,49,11,36
webis-touche2020,rr,15,0.02,weighted_cv,170,813,395,1,0,1.5514276587302867e-05,0.027589850871735277,0.03649362911871333,0.018788792906439967,0.019984485723412698,49,11,36
webis-touche2020,rr,15,0.02,active_cv,170,777,395,1,0,1.5514276587302867e-05,0.04959637917398984,0.03649362911871333,0.018788792906439967,0.019984485723412698,49,11,36
webis-touche2020,rr,15,0.02,weighted_cvl,170,818,395,1,0,1.5514276587302867e-05,0.02806853554695072,0.03649362911871333,0.018788792906439967,0.019984485723412698,49,11,36
webis-touche2020,rr,15,0.02,uniform,171,802,387,1,0,0.0,0.09485267509467624,0.05823313295688143,0.05048690502250873,0.02,49,11,38
webis-touche2020,rr,15,0.02,uniform_nz,171,818,387,1,0,0.0,0.06951538285513303,0.05823313295688143,0.05048690502250873,0.02,49,11,38
webis-touche2020,rr,15,0.02,weighted,171,813,387,1,0,0.0,0.05823313295688143,0.05823313295688143,0.05048690502250873,0.02,49,11,38
webis-touche2020,rr,15,0.02,active_judge,171,793,387,1,0,0.0,0.16345351422877957,0.05823313295688143,0.05048690502250873,0.02,49,11,38
webis-touche2020,rr,15,0.02,strat_pilot,171,798,387,1,0,0.0,0.05791980689591064,0.05823313295688143,0.05048690502250873,0.02,49,11,38
webis-touche2020,rr,15,0.02,weighted_cv,171,821,387,1,0,0.0,0.05122342336568542,0.05823313295688143,0.05048690502250873,0.02,49,11,38
webis-touche2020,rr,15,0.02,active_cv,171,796,387,1,0,0.0,0.10167734630255602,0.05823313295688143,0.05048690502250873,0.02,49,11,38
webis-touche2020,rr,15,0.02,weighted_cvl,171,814,387,1,0,0.0,0.049049134459633104,0.05823313295688143,0.05048690502250873,0.02,49,11,38
webis-touche2020,rr,15,0.02,uniform,172,791,386,1,0,0.0,0.07127674625860533,0.04840463890730179,0.0571016760444005,0.02,49,11,38
webis-touche2020,rr,15,0.02,uniform_nz,172,779,386,1,0,0.0,0.06069259127114439,0.04840463890730179,0.0571016760444005,0.02,49,11,38
webis-touche2020,rr,15,0.02,weighted,172,810,386,1,0,0.0,0.04840463890730179,0.04840463890730179,0.0571016760444005,0.02,49,11,38
webis-touche2020,rr,15,0.02,active_judge,172,809,386,1,0,0.0,0.09386983015708665,0.04840463890730179,0.0571016760444005,0.02,49,11,38
webis-touche2020,rr,15,0.02,strat_pilot,172,803,386,1,0,0.0,0.048944607731634504,0.04840463890730179,0.0571016760444005,0.02,49,11,38
webis-touche2020,rr,15,0.02,weighted_cv,172,786,386,1,0,0.0,0.04496516754910618,0.04840463890730179,0.0571016760444005,0.02,49,11,38
webis-touche2020,rr,15,0.02,active_cv,172,823,386,1,0,0.0,0.10998887708734921,0.04840463890730179,0.0571016760444005,0.02,49,11,38
webis-touche2020,rr,15,0.02,weighted_cvl,172,800,386,1,0,0.0,0.043744965907099184,0.04840463890730179,0.0571016760444005,0.02,49,11,38
webis-touche2020,rr,15,0.02,uniform,173,801,379,1,0,0.0,0.04626514028622975,0.03110598373947556,0.0747088937868989,0.02,49,11,38
webis-touche2020,rr,15,0.02,uniform_nz,173,803,379,1,0,0.0,0.03652364957677817,0.03110598373947556,0.0747088937868989,0.02,49,11,38
webis-touche2020,rr,15,0.02,weighted,173,785,379,1,0,0.0,0.03110598373947556,0.03110598373947556,0.0747088937868989,0.02,49,11,38
webis-touche2020,rr,15,0.02,active_judge,173,808,379,1,0,0.0,0.07228789063477574,0.03110598373947556,0.0747088937868989,0.02,49,11,38
webis-touche2020,rr,15,0.02,strat_pilot,173,803,379,1,0,0.0,0.031701245717766266,0.03110598373947556,0.0747088937868989,0.02,49,11,38
webis-touche2020,rr,15,0.02,weighted_cv,173,797,379,1,0,0.0,0.02407804738373389,0.03110598373947556,0.0747088937868989,0.02,49,11,38
webis-touche2020,rr,15,0.02,active_cv,173,781,379,1,0,0.0,0.033611708442164503,0.03110598373947556,0.0747088937868989,0.02,49,11,38
webis-touche2020,rr,15,0.02,weighted_cvl,173,791,379,1,0,0.0,0.02461248122938111,0.03110598373947556,0.0747088937868989,0.02,49,11,38
webis-touche2020,rr,15,0.02,uniform,174,790,381,1,0,0.0,0.06916244062952823,0.049140185756079216,0.07171062131359612,0.02,49,11,38
webis-touche2020,rr,15,0.02,uniform_nz,174,796,381,1,0,0.0,0.06003231166284591,0.049140185756079216,0.07171062131359612,0.02,49,11,38
webis-touche2020,rr,15,0.02,weighted,174,794,381,1,0,0.0,0.049140185756079216,0.049140185756079216,0.07171062131359612,0.02,49,11,38
webis-touche2020,rr,15,0.02,active_judge,174,784,381,1,0,0.0,0.10205074124058289,0.049140185756079216,0.07171062131359612,0.02,49,11,38
webis-touche2020,rr,15,0.02,strat_pilot,174,794,381,1,0,0.0,0.05000656686047715,0.049140185756079216,0.07171062131359612,0.02,49,11,38
webis-touche2020,rr,15,0.02,weighted_cv,174,783,381,1,0,0.0,0.04623175023258476,0.049140185756079216,0.07171062131359612,0.02,49,11,38
webis-touche2020,rr,15,0.02,active_cv,174,800,381,1,0,0.0,0.10641666532879457,0.049140185756079216,0.07171062131359612,0.02,49,11,38
webis-touche2020,rr,15,0.02,weighted_cvl,174,800,381,1,0,0.0,0.04211132581859737,0.049140185756079216,0.07171062131359612,0.02,49,11,38
webis-touche2020,rr,15,0.02,uniform,175,800,383,1,0,0.0,0.0783097801145299,0.05235747070595918,0.04040522890135895,0.02,49,11,38
webis-touche2020,rr,15,0.02,uniform_nz,175,792,383,1,0,0.0,0.0659868896534442,0.05235747070595918,0.04040522890135895,0.02,49,11,38
webis-touche2020,rr,15,0.02,weighted,175,804,383,1,0,0.0,0.05235747070595918,0.05235747070595918,0.04040522890135895,0.02,49,11,38
webis-touche2020,rr,15,0.02,active_judge,175,798,383,1,0,0.0,0.10366194823246314,0.05235747070595918,0.04040522890135895,0.02,49,11,38
webis-touche2020,rr,15,0.02,strat_pilot,175,765,383,1,0,0.0,0.052493347908197596,0.05235747070595918,0.04040522890135895,0.02,49,11,38
webis-touche2020,rr,15,0.02,weighted_cv,175,818,383,1,0,0.0,0.04796982497943401,0.05235747070595918,0.04040522890135895,0.02,49,11,38
webis-touche2020,rr,15,0.02,active_cv,175,788,383,1,0,0.0,0.11281143541478889,0.05235747070595918,0.04040522890135895,0.02,49,11,38
webis-touche2020,rr,15,0.02,weighted_cvl,175,799,383,1,0,0.0,0.04383376562726359,0.05235747070595918,0.04040522890135895,0.02,49,11,38
webis-touche2020,rr,15,0.02,uniform,176,784,384,1,0,0.0,0.1008445009708746,0.061715234592779014,0.0892891912582315,0.02,49,11,38
webis-touche2020,rr,15,0.02,uniform_nz,176,825,384,1,0,0.0,0.07282011229375016,0.061715234592779014,0.0892891912582315,0.02,49,11,38
webis-touche2020,rr,15,0.02,weighted,176,777,384,1,0,0.0,0.061715234592779014,0.061715234592779014,0.0892891912582315,0.02,49,11,38
webis-touche2020,rr,15,0.02,active_judge,176,787,384,1,0,0.0,0.15113830245525914,0.061715234592779014,0.0892891912582315,0.02,49,11,38
webis-touche2020,rr,15,0.02,strat_pilot,176,790,384,1,0,0.0,0.06159044715478744,0.061715234592779014,0.0892891912582315,0.02,49,11,38
webis-touche2020,rr,15,0.02,weighted_cv,176,830,384,1,0,0.0,0.05223514667953576,0.061715234592779014,0.0892891912582315,0.02,49,11,38
webis-touche2020,rr,15,0.02,active_cv,176,796,384,0,0,0.0,0.09609924867119216,0.061715234592779014,0.0892891912582315,0.02,49,11,38
webis-touche2020,rr,15,0.02,weighted_cvl,176,801,384,1,0,0.0,0.04901585014528141,0.061715234592779014,0.0892891912582315,0.02,49,11,38
webis-touche2020,rr,15,0.02,uniform,177,810,384,1,0,0.0,0.09905097509415803,0.0505665239379809,0.06832949721417214,0.02,49,11,38
webis-touche2020,rr,15,0.02,uniform_nz,177,801,384,1,0,0.0,0.07822663743853361,0.0505665239379809,0.06832949721417214,0.02,49,11,38
webis-touche2020,rr,15,0.02,weighted,177,818,384,1,0,0.0,0.0505665239379809,0.0505665239379809,0.06832949721417214,0.02,49,11,38
webis-touche2020,rr,15,0.02,active_judge,177,795,384,1,0,0.0,0.131718512982285,0.0505665239379809,0.06832949721417214,0.02,49,11,38
webis-touche2020,rr,15,0.02,strat_pilot,177,801,384,1,0,0.0,0.050903495053357874,0.0505665239379809,0.06832949721417214,0.02,49,11,38
webis-touche2020,rr,15,0.02,weighted_cv,177,802,384,1,0,0.0,0.04298380485782425,0.0505665239379809,0.06832949721417214,0.02,49,11,38
webis-touche2020,rr,15,0.02,active_cv,177,791,384,1,0,0.0,0.07466716224668309,0.0505665239379809,0.06832949721417214,0.02,49,11,38
webis-touche2020,rr,15,0.02,weighted_cvl,177,806,384,1,0,0.0,0.03672303800725636,0.0505665239379809,0.06832949721417214,0.02,49,11,38
webis-touche2020,rr,15,0.02,uniform,178,776,374,1,0,0.0,0.06728038361129932,0.04942318873990763,0.04921142204888333,0.02,49,11,38
webis-touche2020,rr,15,0.02,uniform_nz,178,794,374,1,0,0.0,0.06029575675987805,0.04942318873990763,0.04921142204888333,0.02,49,11,38
webis-touche2020,rr,15,0.02,weighted,178,778,374,1,0,0.0,0.04942318873990763,0.04942318873990763,0.04921142204888333,0.02,49,11,38
webis-touche2020,rr,15,0.02,active_judge,178,780,374,1,0,0.0,0.1136534452620638,0.04942318873990763,0.04921142204888333,0.02,49,11,38
webis-touche2020,rr,15,0.02,strat_pilot,178,800,374,1,0,0.0,0.0505909955652266,0.04942318873990763,0.04921142204888333,0.02,49,11,38
webis-touche2020,rr,15,0.02,weighted_cv,178,785,374,1,0,0.0,0.04248374735261609,0.04942318873990763,0.04921142204888333,0.02,49,11,38
webis-touche2020,rr,15,0.02,active_cv,178,786,374,1,0,0.0,0.07936357291502956,0.04942318873990763,0.04921142204888333,0.02,49,11,38
webis-touche2020,rr,15,0.02,weighted_cvl,178,787,374,1,0,0.0,0.03902984978078494,0.04942318873990763,0.04921142204888333,0.02,49,11,38
webis-touche2020,rr,15,0.02,uniform,179,791,392,1,0,0.0,0.0899816154485932,0.05022560911980657,0.06056097578580416,0.02,49,11,38
webis-touche2020,rr,15,0.02,uniform_nz,179,845,392,1,0,0.0,0.07880896675908813,0.05022560911980657,0.06056097578580416,0.02,49,11,38
webis-touche2020,rr,15,0.02,weighted,179,809,392,1,0,0.0,0.05022560911980657,0.05022560911980657,0.06056097578580416,0.02,49,11,38
webis-touche2020,rr,15,0.02,active_judge,179,815,392,1,0,0.0,0.12785219120730806,0.05022560911980657,0.06056097578580416,0.02,49,11,38
webis-touche2020,rr,15,0.02,strat_pilot,179,801,392,1,0,0.0,0.05118364836487257,0.05022560911980657,0.06056097578580416,0.02,49,11,38
webis-touche2020,rr,15,0.02,weighted_cv,179,822,392,1,0,0.0,0.03934128683064665,0.05022560911980657,0.06056097578580416,0.02,49,11,38
webis-touche2020,rr,15,0.02,active_cv,179,802,392,1,0,0.0,0.07897972996332084,0.05022560911980657,0.06056097578580416,0.02,49,11,38
webis-touche2020,rr,15,0.02,weighted_cvl,179,830,392,1,0,0.0,0.039226192643626694,0.05022560911980657,0.06056097578580416,0.02,49,11,38
webis-touche2020,rr,15,0.02,uniform,180,820,395,1,0,0.0,0.22618803218617503,0.06034790924358634,0.06492574700567028,0.02,49,11,38
webis-touche2020,rr,15,0.02,uniform_nz,180,814,395,1,0,0.0,0.0984449676839538,0.06034790924358634,0.06492574700567028,0.02,49,11,38
webis-touche2020,rr,15,0.02,weighted,180,810,395,1,0,0.0,0.06034790924358634,0.06034790924358634,0.06492574700567028,0.02,49,11,38
webis-touche2020,rr,15,0.02,active_judge,180,802,395,1,0,0.0,0.17497299507354486,0.06034790924358634,0.06492574700567028,0.02,49,11,38
webis-touche2020,rr,15,0.02,strat_pilot,180,821,395,1,0,0.0,0.06059623120798071,0.06034790924358634,0.06492574700567028,0.02,49,11,38
webis-touche2020,rr,15,0.02,weighted_cv,180,817,395,1,0,0.0,0.04404575985153034,0.06034790924358634,0.06492574700567028,0.02,49,11,38
webis-touche2020,rr,15,0.02,active_cv,180,809,395,1,0,0.0,0.07074291635013732,0.06034790924358634,0.06492574700567028,0.02,49,11,38
webis-touche2020,rr,15,0.02,weighted_cvl,180,805,395,1,0,0.0,0.04076188849085783,0.06034790924358634,0.06492574700567028,0.02,49,11,38
webis-touche2020,rr,15,0.02,uniform,181,777,384,1,0,0.0,0.053444399030352176,0.03101802457903502,0.07479663047949492,0.02,49,11,38
webis-touche2020,rr,15,0.02,uniform_nz,181,790,384,1,0,0.0,0.03689243691133059,0.03101802457903502,0.07479663047949492,0.02,49,11,38
webis-touche2020,rr,15,0.02,weighted,181,821,384,1,0,0.0,0.03101802457903502,0.03101802457903502,0.07479663047949492,0.02,49,11,38
webis-touche2020,rr,15,0.02,active_judge,181,811,384,1,0,0.0,0.06678863891358959,0.03101802457903502,0.07479663047949492,0.02,49,11,38
webis-touche2020,rr,15,0.02,strat_pilot,181,787,384,1,0,0.0,0.03128112634220685,0.03101802457903502,0.07479663047949492,0.02,49,11,38
webis-touche2020,rr,15,0.02,weighted_cv,181,808,384,1,0,0.0,0.030443499255124136,0.03101802457903502,0.07479663047949492,0.02,49,11,38
webis-touche2020,rr,15,0.02,active_cv,181,804,384,1,0,0.0,0.06175568035200074,0.03101802457903502,0.07479663047949492,0.02,49,11,38
webis-touche2020,rr,15,0.02,weighted_cvl,181,819,384,1,0,0.0,0.02729362756356521,0.03101802457903502,0.07479663047949492,0.02,49,11,38
webis-touche2020,rr,15,0.02,uniform,182,816,386,1,0,0.0,0.20252310171651539,0.03803156074138934,0.04657250565650081,0.02,49,11,38
webis-touche2020,rr,15,0.02,uniform_nz,182,777,386,1,0,0.0,0.07609689229305072,0.03803156074138934,0.04657250565650081,0.02,49,11,38
webis-touche2020,rr,15,0.02,weighted,182,795,386,1,0,0.0,0.03803156074138934,0.03803156074138934,0.04657250565650081,0.02,49,11,38
webis-touche2020,rr,15,0.02,active_judge,182,806,386,1,0,0.0,0.13349084633315697,0.03803156074138934,0.04657250565650081,0.02,49,11,38
webis-touche2020,rr,15,0.02,strat_pilot,182,815,386,1,0,0.0,0.03875142703648547,0.03803156074138934,0.04657250565650081,0.02,49,11,38
webis-touche2020,rr,15,0.02,weighted_cv,182,784,386,1,0,0.0,0.02694367912249439,0.03803156074138934,0.04657250565650081,0.02,49,11,38
webis-touche2020,rr,15,0.02,active_cv,182,801,386,1,0,0.0,0.04153516762523376,0.03803156074138934,0.04657250565650081,0.02,49,11,38
webis-touche2020,rr,15,0.02,weighted_cvl,182,801,386,1,0,0.0,0.025393881653940225,0.03803156074138934,0.04657250565650081,0.02,49,11,38
webis-touche2020,rr,15,0.02,uniform,183,807,369,1,0,0.0,0.05026429901398394,0.023485615990613603,0.03490496603499701,0.02,49,11,38
webis-touche2020,rr,15,0.02,uniform_nz,183,793,369,1,0,0.0,0.03314201439703919,0.023485615990613603,0.03490496603499701,0.02,49,11,38
webis-touche2020,rr,15,0.02,weighted,183,773,369,1,0,0.0,0.023485615990613603,0.023485615990613603,0.03490496603499701,0.02,49,11,38
webis-touche2020,rr,15,0.02,active_judge,183,781,369,1,0,0.0,0.05328202755049098,0.023485615990613603,0.03490496603499701,0.02,49,11,38
webis-touche2020,rr,15,0.02,strat_pilot,183,790,369,1,0,0.0,0.023768123282259166,0.023485615990613603,0.03490496603499701,0.02,49,11,38
webis-touche2020,rr,15,0.02,weighted_cv,183,785,369,1,0,0.0,0.0212360190426761,0.023485615990613603,0.03490496603499701,0.02,49,11,38
webis-touche2020,rr,15,0.02,active_cv,183,766,369,1,0,0.0,0.05998392124300098,0.023485615990613603,0.03490496603499701,0.02,49,11,38
webis-touche2020,rr,15,0.02,weighted_cvl,183,764,369,1,0,0.0,0.019768160871408334,0.023485615990613603,0.03490496603499701,0.02,49,11,38
webis-touche2020,rr,15,0.02,uniform,184,845,367,1,0,0.0,0.08008570063743026,0.06304713832208392,0.09699959444171315,0.02,49,12,38
webis-touche2020,rr,15,0.02,uniform_nz,184,798,367,1,0,0.0,0.06512347773416866,0.06304713832208392,0.09699959444171315,0.02,49,12,38
webis-touche2020,rr,15,0.02,weighted,184,821,367,1,0,0.0,0.06304713832208392,0.06304713832208392,0.09699959444171315,0.02,49,12,38
webis-touche2020,rr,15,0.02,active_judge,184,829,367,1,0,0.0,0.13656496177865965,0.06304713832208392,0.09699959444171315,0.02,49,12,38
webis-touche2020,rr,15,0.02,strat_pilot,184,813,367,1,0,0.0,0.06546766925391236,0.06304713832208392,0.09699959444171315,0.02,49,12,38
webis-touche2020,rr,15,0.02,weighted_cv,184,815,367,1,0,0.0,0.05263157079372659,0.06304713832208392,0.09699959444171315,0.02,49,12,38
webis-touche2020,rr,15,0.02,active_cv,184,818,367,0,0,0.0,0.08191684237604156,0.06304713832208392,0.09699959444171315,0.02,49,12,38
webis-touche2020,rr,15,0.02,weighted_cvl,184,825,367,1,0,0.0,0.053852371472720414,0.06304713832208392,0.09699959444171315,0.02,49,12,38
webis-touche2020,rr,15,0.02,uniform,185,844,393,1,0,0.0,0.11559551312969066,0.06621083309394729,0.04461061297265327,0.02,49,12,38
webis-touche2020,rr,15,0.02,uniform_nz,185,855,393,1,0,0.0,0.07672535520022612,0.06621083309394729,0.04461061297265327,0.02,49,12,38
webis-touche2020,rr,15,0.02,weighted,185,868,393,1,0,0.0,0.06621083309394729,0.06621083309394729,0.04461061297265327,0.02,49,12,38
webis-touche2020,rr,15,0.02,active_judge,185,852,393,1,0,0.0,0.15123062927397507,0.06621083309394729,0.04461061297265327,0.02,49,12,38
webis-touche2020,rr,15,0.02,strat_pilot,185,879,393,1,0,0.0,0.06628727115134168,0.06621083309394729,0.04461061297265327,0.02,49,12,38
webis-touche2020,rr,15,0.02,weighted_cv,185,838,393,1,0,0.0,0.05711449133432974,0.06621083309394729,0.04461061297265327,0.02,49,12,38
webis-touche2020,rr,15,0.02,active_cv,185,862,393,1,0,0.0,0.11138313237833444,0.06621083309394729,0.04461061297265327,0.02,49,12,38
webis-touche2020,rr,15,0.02,weighted_cvl,185,839,393,1,0,0.0,0.05143647292856449,0.06621083309394729,0.04461061297265327,0.02,49,12,38
webis-touche2020,rr,15,0.02,uniform,186,790,389,1,0,0.0,0.08048730679637961,0.04689338229102726,0.08229949092874791,0.02,49,11,38
webis-touche2020,rr,15,0.02,uniform_nz,186,784,389,1,0,0.0,0.0539670578971278,0.04689338229102726,0.08229949092874791,0.02,49,11,38
webis-touche2020,rr,15,0.02,weighted,186,808,389,1,0,0.0,0.04689338229102726,0.04689338229102726,0.08229949092874791,0.02,49,11,38
webis-touche2020,rr,15,0.02,active_judge,186,822,389,1,0,0.0,0.12345878996079811,0.04689338229102726,0.08229949092874791,0.02,49,11,38
webis-touche2020,rr,15,0.02,strat_pilot,186,782,389,1,0,0.0,0.04786780056535402,0.04689338229102726,0.08229949092874791,0.02,49,11,38
webis-touche2020,rr,15,0.02,weighted_cv,186,809,389,1,0,0.0,0.042362750733365845,0.04689338229102726,0.08229949092874791,0.02,49,11,38
webis-touche2020,rr,15,0.02,active_cv,186,795,389,1,0,0.0,0.08574532281370567,0.04689338229102726,0.08229949092874791,0.02,49,11,38
webis-touche2020,rr,15,0.02,weighted_cvl,186,781,389,1,0,0.0,0.04052703488935468,0.04689338229102726,0.08229949092874791,0.02,49,11,38
webis-touche2020,rr,15,0.02,uniform,187,803,398,1,0,0.0,0.2157963312402765,0.044135870443007,0.034195048785437804,0.02,49,11,36
webis-touche2020,rr,15,0.02,uniform_nz,187,802,398,1,0,0.0,0.06845139590021887,0.044135870443007,0.034195048785437804,0.02,49,11,36
webis-touche2020,rr,15,0.02,weighted,187,787,398,1,0,0.0,0.044135870443007,0.044135870443007,0.034195048785437804,0.02,49,11,36
webis-touche2020,rr,15,0.02,active_judge,187,800,398,1,0,0.0,0.11028879342086031,0.044135870443007,0.034195048785437804,0.02,49,11,36
webis-touche2020,rr,15,0.02,strat_pilot,187,811,398,1,0,0.0,0.04463545000983827,0.044135870443007,0.034195048785437804,0.02,49,11,36
webis-touche2020,rr,15,0.02,weighted_cv,187,768,398,1,0,0.0,0.03002313991826961,0.044135870443007,0.034195048785437804,0.02,49,11,36
webis-touche2020,rr,15,0.02,active_cv,187,794,398,1,0,0.0,0.04731393614449694,0.044135870443007,0.034195048785437804,0.02,49,11,36
webis-touche2020,rr,15,0.02,weighted_cvl,187,794,398,1,0,0.0,0.03002313991826961,0.044135870443007,0.034195048785437804,0.02,49,11,36
webis-touche2020,rr,15,0.02,uniform,188,777,388,1,0,0.0,0.08591404218925444,0.04110828308948675,0.02454395604395604,0.02,49,11,36
webis-touche2020,rr,15,0.02,uniform_nz,188,776,388,1,0,0.0,0.06634768985366016,0.04110828308948675,0.02454395604395604,0.02,49,11,36
webis-touche2020,rr,15,0.02,weighted,188,783,388,1,0,0.0,0.04110828308948675,0.04110828308948675,0.02454395604395604,0.02,49,11,36
webis-touche2020,rr,15,0.02,active_judge,188,785,388,1,0,0.0,0.10149312817015374,0.04110828308948675,0.02454395604395604,0.02,49,11,36
webis-touche2020,rr,15,0.02,strat_pilot,188,771,388,1,0,0.0,0.0413257731597584,0.04110828308948675,0.02454395604395604,0.02,49,11,36
webis-touche2020,rr,15,0.02,weighted_cv,188,771,388,1,0,0.0,0.03383653106341509,0.04110828308948675,0.02454395604395604,0.02,49,11,36
webis-touche2020,rr,15,0.02,active_cv,188,812,388,1,0,0.0,0.06469755256396381,0.04110828308948675,0.02454395604395604,0.02,49,11,36
webis-touche2020,rr,15,0.02,weighted_cvl,188,782,388,1,0,0.0,0.03385593662410661,0.04110828308948675,0.02454395604395604,0.02,49,11,36
webis-touche2020,rr,15,0.02,uniform,189,849,390,1,0,0.0,0.1475496788492516,0.0919678187771369,0.06939288100235916,0.02,49,12,38
webis-touche2020,rr,15,0.02,uniform_nz,189,849,390,1,0,0.0,0.1076814177622297,0.0919678187771369,0.06939288100235916,0.02,49,12,38
webis-touche2020,rr,15,0.02,weighted,189,829,390,1,0,0.0,0.0919678187771369,0.0919678187771369,0.06939288100235916,0.02,49,12,38
webis-touche2020,rr,15,0.02,active_judge,189,851,390,1,0,0.0,0.17279095693458524,0.0919678187771369,0.06939288100235916,0.02,49,12,38
webis-touche2020,rr,15,0.02,strat_pilot,189,833,390,1,0,0.0,0.09224609348856332,0.0919678187771369,0.06939288100235916,0.02,49,12,38
webis-touche2020,rr,15,0.02,weighted_cv,189,845,390,1,0,0.0,0.08043240426065701,0.0919678187771369,0.06939288100235916,0.02,49,12,38
webis-touche2020,rr,15,0.02,active_cv,189,849,390,1,0,0.0,0.20387546478356403,0.0919678187771369,0.06939288100235916,0.02,49,12,38
webis-touche2020,rr,15,0.02,weighted_cvl,189,855,390,1,0,0.0,0.07118058213493451,0.0919678187771369,0.06939288100235916,0.02,49,12,38
webis-touche2020,rr,15,0.02,uniform,190,789,370,1,0,0.0,0.22265425644849302,0.06146558843919302,0.07884281296046003,0.02,49,11,38
webis-touche2020,rr,15,0.02,uniform_nz,190,796,370,1,0,0.0,0.10056790351554006,0.06146558843919302,0.07884281296046003,0.02,49,11,38
webis-touche2020,rr,15,0.02,weighted,190,769,370,1,0,0.0,0.06146558843919302,0.06146558843919302,0.07884281296046003,0.02,49,11,38
webis-touche2020,rr,15,0.02,active_judge,190,786,370,1,0,0.0,0.18754394417140471,0.06146558843919302,0.07884281296046003,0.02,49,11,38
webis-touche2020,rr,15,0.02,strat_pilot,190,772,370,1,0,0.0,0.06399458379006259,0.06146558843919302,0.07884281296046003,0.02,49,11,38
webis-touche2020,rr,15,0.02,weighted_cv,190,795,370,1,0,0.0,0.048511437007672305,0.06146558843919302,0.07884281296046003,0.02,49,11,38
webis-touche2020,rr,15,0.02,active_cv,190,763,370,1,0,0.0,0.10523964081464136,0.06146558843919302,0.07884281296046003,0.02,49,11,38
webis-touche2020,rr,15,0.02,weighted_cvl,190,762,370,1,0,0.0,0.044170631842961466,0.06146558843919302,0.07884281296046003,0.02,49,11,38
webis-touche2020,rr,15,0.02,uniform,191,833,384,1,0,0.0,0.06260306752916471,0.033737949169915994,0.0520164318053334,0.02,49,11,38
webis-touche2020,rr,15,0.02,uniform_nz,191,796,384,1,0,0.0,0.03904047502085507,0.033737949169915994,0.0520164318053334,0.02,49,11,38
webis-touche2020,rr,15,0.02,weighted,191,798,384,1,0,0.0,0.033737949169915994,0.033737949169915994,0.0520164318053334,0.02,49,11,38
webis-touche2020,rr,15,0.02,active_judge,191,778,384,1,0,0.0,0.08402223190625555,0.033737949169915994,0.0520164318053334,0.02,49,11,38
webis-touche2020,rr,15,0.02,strat_pilot,191,816,384,1,0,0.0,0.03478139149401722,0.033737949169915994,0.0520164318053334,0.02,49,11,38
webis-touche2020,rr,15,0.02,weighted_cv,191,764,384,1,0,0.0,0.028198178843147192,0.033737949169915994,0.0520164318053334,0.02,49,11,38
webis-touche2020,rr,15,0.02,active_cv,191,801,384,1,0,0.0,0.051028161414558106,0.033737949169915994,0.0520164318053334,0.02,49,11,38
webis-touche2020,rr,15,0.02,weighted_cvl,191,801,384,1,0,0.0,0.02752570515689721,0.033737949169915994,0.0520164318053334,0.02,49,11,38
webis-touche2020,rr,15,0.02,uniform,192,783,371,1,0,0.0,0.0765727428246504,0.045595494069934385,0.04570347027699969,0.02,49,11,38
webis-touche2020,rr,15,0.02,uniform_nz,192,801,371,1,0,0.0,0.05261841991647707,0.045595494069934385,0.04570347027699969,0.02,49,11,38
webis-touche2020,rr,15,0.02,weighted,192,778,371,1,0,0.0,0.045595494069934385,0.045595494069934385,0.04570347027699969,0.02,49,11,38
webis-touche2020,rr,15,0.02,active_judge,192,800,371,1,0,0.0,0.10612393518080135,0.045595494069934385,0.04570347027699969,0.02,49,11,38
webis-touche2020,rr,15,0.02,strat_pilot,192,804,371,1,0,0.0,0.045961961887427745,0.045595494069934385,0.04570347027699969,0.02,49,11,38
webis-touche2020,rr,15,0.02,weighted_cv,192,792,371,1,0,0.0,0.0420966146120292,0.045595494069934385,0.04570347027699969,0.02,49,11,38
webis-touche2020,rr,15,0.02,active_cv,192,786,371,0,0,0.0,0.08404699089691509,0.045595494069934385,0.04570347027699969,0.02,49,11,38
webis-touche2020,rr,15,0.02,weighted_cvl,192,757,371,1,0,0.0,0.037883672324234285,0.045595494069934385,0.04570347027699969,0.02,49,11,38
webis-touche2020,rr,15,0.02,uniform,193,820,386,1,0,0.0,0.060540816681677344,0.020068445103489235,0.03807214288157214,0.02,49,11,38
webis-touche2020,rr,15,0.02,uniform_nz,193,805,386,1,0,0.0,0.02841204675323756,0.020068445103489235,0.03807214288157214,0.02,49,11,38
webis-touche2020,rr,15,0.02,weighted,193,812,386,1,0,0.0,0.020068445103489235,0.020068445103489235,0.03807214288157214,0.02,49,11,38
webis-touche2020,rr,15,0.02,active_judge,193,811,386,1,0,0.0,0.03888345924683743,0.020068445103489235,0.03807214288157214,0.02,49,11,38
webis-touche2020,rr,15,0.02,strat_pilot,193,810,386,1,0,0.0,0.020214201309273615,0.020068445103489235,0.03807214288157214,0.02,49,11,38
webis-touche2020,rr,15,0.02,weighted_cv,193,806,386,1,0,0.0,0.017316498028340965,0.020068445103489235,0.03807214288157214,0.02,49,11,38
webis-touche2020,rr,15,0.02,active_cv,193,796,386,1,0,0.0,0.028034774064596396,0.020068445103489235,0.03807214288157214,0.02,49,11,38
webis-touche2020,rr,15,0.02,weighted_cvl,193,801,386,1,0,0.0,0.01769680737473617,0.020068445103489235,0.03807214288157214,0.02,49,11,38
webis-touche2020,rr,15,0.02,uniform,194,768,374,1,0,0.0,0.07511956509495488,0.027722283917389307,0.0603602670978832,0.02,49,11,38
webis-touche2020,rr,15,0.02,uniform_nz,194,804,374,1,0,0.0,0.03446130013933381,0.027722283917389307,0.0603602670978832,0.02,49,11,38
webis-touche2020,rr,15,0.02,weighted,194,767,374,1,0,0.0,0.027722283917389307,0.027722283917389307,0.0603602670978832,0.02,49,11,38
webis-touche2020,rr,15,0.02,active_judge,194,787,374,1,0,0.0,0.08240240060116019,0.027722283917389307,0.0603602670978832,0.02,49,11,38
webis-touche2020,rr,15,0.02,strat_pilot,194,790,374,1,0,0.0,0.027960776754518087,0.027722283917389307,0.0603602670978832,0.02,49,11,38
webis-touche2020,rr,15,0.02,weighted_cv,194,805,374,1,0,0.0,0.021934973683393567,0.027722283917389307,0.0603602670978832,0.02,49,11,38
webis-touche2020,rr,15,0.02,active_cv,194,788,374,1,0,0.0,0.03690454222597885,0.027722283917389307,0.0603602670978832,0.02,49,11,38
webis-touche2020,rr,15,0.02,weighted_cvl,194,794,374,1,0,0.0,0.020852654182407452,0.027722283917389307,0.0603602670978832,0.02,49,11,38
webis-touche2020,rr,15,0.02,uniform,195,770,378,1,0,0.0,0.0517455722572374,0.026000487879439232,0.024245841877420828,0.02,49,11,36
webis-touche2020,rr,15,0.02,uniform_nz,195,782,378,1,0,0.0,0.03165813950905426,0.026000487879439232,0.024245841877420828,0.02,49,11,36
webis-touche2020,rr,15,0.02,weighted,195,795,378,1,0,0.0,0.026000487879439232,0.026000487879439232,0.024245841877420828,0.02,49,11,36
webis-touche2020,rr,15,0.02,active_judge,195,788,378,1,0,0.0,0.04514072097813961,0.026000487879439232,0.024245841877420828,0.02,49,11,36
webis-touche2020,rr,15,0.02,strat_pilot,195,758,378,1,0,0.0,0.025764149472501004,0.026000487879439232,0.024245841877420828,0.02,49,11,36
webis-touche2020,rr,15,0.02,weighted_cv,195,758,378,1,0,0.0,0.020584156662711794,0.026000487879439232,0.024245841877420828,0.02,49,11,36
webis-touche2020,rr,15,0.02,active_cv,195,773,378,1,0,0.0,0.03211502564727434,0.026000487879439232,0.024245841877420828,0.02,49,11,36
webis-touche2020,rr,15,0.02,weighted_cvl,195,749,378,1,0,0.0,0.020611762390003487,0.026000487879439232,0.024245841877420828,0.02,49,11,36
webis-touche2020,rr,15,0.02,uniform,196,762,377,0,0,0.04408760768395914,0.04777568423935333,0.02816010013437966,0.016569442571158843,-0.02408760768395914,49,11,38
webis-touche2020,rr,15,0.02,uniform_nz,196,780,377,0,0,0.04408760768395914,0.03829821265623072,0.02816010013437966,0.016569442571158843,-0.02408760768395914,49,11,38
webis-touche2020,rr,15,0.02,weighted,196,773,377,0,0,0.04408760768395914,0.02816010013437966,0.02816010013437966,0.016569442571158843,-0.02408760768395914,49,11,38
webis-touche2020,rr,15,0.02,active_judge,196,778,377,0,0,0.04408760768395914,0.04914171561294397,0.02816010013437966,0.016569442571158843,-0.02408760768395914,49,11,38
webis-touche2020,rr,15,0.02,strat_pilot,196,790,377,0,0,0.04408760768395914,0.02824541453669882,0.02816010013437966,0.016569442571158843,-0.02408760768395914,49,11,38
webis-touche2020,rr,15,0.02,weighted_cv,196,791,377,0,0,0.04408760768395914,0.027161460117471968,0.02816010013437966,0.016569442571158843,-0.02408760768395914,49,11,38
webis-touche2020,rr,15,0.02,active_cv,196,786,377,0,0,0.04408760768395914,0.06012808230165034,0.02816010013437966,0.016569442571158843,-0.02408760768395914,49,11,38
webis-touche2020,rr,15,0.02,weighted_cvl,196,798,377,0,0,0.04408760768395914,0.024479033786392546,0.02816010013437966,0.016569442571158843,-0.02408760768395914,49,11,38
webis-touche2020,rr,15,0.02,uniform,197,750,367,0,0,0.0008131892362954751,0.06314673381438879,0.034599901927673433,0.024675850465324153,0.019186810763704525,49,11,36
webis-touche2020,rr,15,0.02,uniform_nz,197,782,367,0,0,0.0008131892362954751,0.053436331807412994,0.034599901927673433,0.024675850465324153,0.019186810763704525,49,11,36
webis-touche2020,rr,15,0.02,weighted,197,754,367,1,0,0.0008131892362954751,0.034599901927673433,0.034599901927673433,0.024675850465324153,0.019186810763704525,49,11,36
webis-touche2020,rr,15,0.02,active_judge,197,758,367,1,0,0.0008131892362954751,0.10093040664384142,0.034599901927673433,0.024675850465324153,0.019186810763704525,49,11,36
webis-touche2020,rr,15,0.02,strat_pilot,197,762,367,1,0,0.0008131892362954751,0.034067459410428706,0.034599901927673433,0.024675850465324153,0.019186810763704525,49,11,36
webis-touche2020,rr,15,0.02,weighted_cv,197,754,367,1,0,0.0008131892362954751,0.02813889595664056,0.034599901927673433,0.024675850465324153,0.019186810763704525,49,11,36
webis-touche2020,rr,15,0.02,active_cv,197,755,367,1,0,0.0008131892362954751,0.054406841522563976,0.034599901927673433,0.024675850465324153,0.019186810763704525,49,11,36
webis-touche2020,rr,15,0.02,weighted_cvl,197,764,367,1,0,0.0008131892362954751,0.026597081585469466,0.034599901927673433,0.024675850465324153,0.019186810763704525,49,11,36
webis-touche2020,rr,15,0.02,uniform,198,829,389,1,0,0.0,0.11126063760008789,0.08243719707142046,0.12824027378497663,0.02,49,12,38
webis-touche2020,rr,15,0.02,uniform_nz,198,847,389,1,0,0.0,0.09183687072478537,0.08243719707142046,0.12824027378497663,0.02,49,12,38
webis-touche2020,rr,15,0.02,weighted,198,847,389,1,0,0.0,0.08243719707142046,0.08243719707142046,0.12824027378497663,0.02,49,12,38
webis-touche2020,rr,15,0.02,active_judge,198,855,389,1,0,0.0,0.2114856292937354,0.08243719707142046,0.12824027378497663,0.02,49,12,38
webis-touche2020,rr,15,0.02,strat_pilot,198,824,389,1,0,0.0,0.0844623056149483,0.08243719707142046,0.12824027378497663,0.02,49,12,38
webis-touche2020,rr,15,0.02,weighted_cv,198,816,389,1,0,0.0,0.0703883641359146,0.08243719707142046,0.12824027378497663,0.02,49,12,38
webis-touche2020,rr,15,0.02,active_cv,198,839,389,1,0,0.0,0.17466530282923057,0.08243719707142046,0.12824027378497663,0.02,49,12,38
webis-touche2020,rr,15,0.02,weighted_cvl,198,808,389,1,0,0.0,0.06386607520906647,0.08243719707142046,0.12824027378497663,0.02,49,12,38
webis-touche2020,rr,15,0.02,uniform,199,843,371,1,0,0.0,0.09249328072767604,0.07919431485268855,0.07068762479139849,0.02,49,12,38
webis-touche2020,rr,15,0.02,uniform_nz,199,815,371,1,0,0.0,0.08610845073248966,0.07919431485268855,0.07068762479139849,0.02,49,12,38
webis-touche2020,rr,15,0.02,weighted,199,834,371,1,0,0.0,0.07919431485268855,0.07919431485268855,0.07068762479139849,0.02,49,12,38
webis-touche2020,rr,15,0.02,active_judge,199,809,371,1,0,0.0,0.16513544689506693,0.07919431485268855,0.07068762479139849,0.02,49,12,38
webis-touche2020,rr,15,0.02,strat_pilot,199,826,371,1,0,0.0,0.07947309912981965,0.07919431485268855,0.07068762479139849,0.02,49,12,38
webis-touche2020,rr,15,0.02,weighted_cv,199,814,371,1,0,0.0,0.07206099681230772,0.07919431485268855,0.07068762479139849,0.02,49,12,38
webis-touche2020,rr,15,0.02,active_cv,199,835,371,1,0,0.0,0.1589687185586483,0.07919431485268855,0.07068762479139849,0.02,49,12,38
webis-touche2020,rr,15,0.02,weighted_cvl,199,834,371,1,0,0.0,0.06846875473794835,0.07919431485268855,0.07068762479139849,0.02,49,12,38
webis-touche2020,rr,15,0.02,uniform,200,815,380,1,0,0.0,0.10925307284219814,0.07845868304990278,0.09022408963585436,0.02,49,12,38
webis-touche2020,rr,15,0.02,uniform_nz,200,825,380,1,0,0.0,0.08865127009929075,0.07845868304990278,0.09022408963585436,0.02,49,12,38
webis-touche2020,rr,15,0.02,weighted,200,831,380,1,0,0.0,0.07845868304990278,0.07845868304990278,0.09022408963585436,0.02,49,12,38
webis-touche2020,rr,15,0.02,active_judge,200,834,380,1,0,0.0,0.17501061366614207,0.07845868304990278,0.09022408963585436,0.02,49,12,38
webis-touche2020,rr,15,0.02,strat_pilot,200,857,380,1,0,0.0,0.07981790750371698,0.07845868304990278,0.09022408963585436,0.02,49,12,38
webis-touche2020,rr,15,0.02,weighted_cv,200,834,380,1,0,0.0,0.06769914508791973,0.07845868304990278,0.09022408963585436,0.02,49,12,38
webis-touche2020,rr,15,0.02,active_cv,200,825,380,1,0,0.0,0.10598482591640412,0.07845868304990278,0.09022408963585436,0.02,49,12,38
webis-touche2020,rr,15,0.02,weighted_cvl,200,851,380,1,0,0.0,0.0623353878653772,0.07845868304990278,0.09022408963585436,0.02,49,12,38
webis-touche2020,rr,15,0.02,uniform,201,768,382,0,0,0.00047630470594373087,0.06638833327013564,0.04464505315827217,0.02442627032410313,0.01952369529405627,49,11,36
webis-touche2020,rr,15,0.02,uniform_nz,201,757,382,1,0,0.00047630470594373087,0.0507254710366856,0.04464505315827217,0.02442627032410313,0.01952369529405627,49,11,36
webis-touche2020,rr,15,0.02,weighted,201,786,382,1,0,0.00047630470594373087,0.04464505315827217,0.04464505315827217,0.02442627032410313,0.01952369529405627,49,11,36
webis-touche2020,rr,15,0.02,active_judge,201,775,382,1,0,0.00047630470594373087,0.09458157144179642,0.04464505315827217,0.02442627032410313,0.01952369529405627,49,11,36
webis-touche2020,rr,15,0.02,strat_pilot,201,749,382,1,0,0.00047630470594373087,0.044623343908047786,0.04464505315827217,0.02442627032410313,0.01952369529405627,49,11,36
webis-touche2020,rr,15,0.02,weighted_cv,201,755,382,1,0,0.00047630470594373087,0.042907088037334215,0.04464505315827217,0.02442627032410313,0.01952369529405627,49,11,36
webis-touche2020,rr,15,0.02,active_cv,201,756,382,1,0,0.00047630470594373087,0.09221220288614225,0.04464505315827217,0.02442627032410313,0.01952369529405627,49,11,36
webis-touche2020,rr,15,0.02,weighted_cvl,201,767,382,1,0,0.00047630470594373087,0.04271455032720509,0.04464505315827217,0.02442627032410313,0.01952369529405627,49,11,36
webis-touche2020,rr,15,0.02,uniform,202,807,380,1,0,0.0,0.07727259589403632,0.047610613141082864,0.09282467706909085,0.02,49,11,38
webis-touche2020,rr,15,0.02,uniform_nz,202,815,380,1,0,0.0,0.05115897488390488,0.047610613141082864,0.09282467706909085,0.02,49,11,38
webis-touche2020,rr,15,0.02,weighted,202,795,380,1,0,0.0,0.047610613141082864,0.047610613141082864,0.09282467706909085,0.02,49,11,38
webis-touche2020,rr,15,0.02,active_judge,202,803,380,1,0,0.0,0.10166691459409997,0.047610613141082864,0.09282467706909085,0.02,49,11,38
webis-touche2020,rr,15,0.02,strat_pilot,202,792,380,1,0,0.0,0.04837795755064038,0.047610613141082864,0.09282467706909085,0.02,49,11,38
webis-touche2020,rr,15,0.02,weighted_cv,202,818,380,1,0,0.0,0.04441478476837405,0.047610613141082864,0.09282467706909085,0.02,49,11,38
webis-touche2020,rr,15,0.02,active_cv,202,796,380,1,0,0.0,0.0730846876596448,0.047610613141082864,0.09282467706909085,0.02,49,11,38
webis-touche2020,rr,15,0.02,weighted_cvl,202,807,380,1,0,0.0,0.039898447590967466,0.047610613141082864,0.09282467706909085,0.02,49,11,38
webis-touche2020,rr,15,0.02,uniform,203,781,375,1,0,0.0,0.09735083626258048,0.04178175674402594,0.056412914178595966,0.02,49,11,38
webis-touche2020,rr,15,0.02,uniform_nz,203,798,375,1,0,0.0,0.05420777197798402,0.04178175674402594,0.056412914178595966,0.02,49,11,38
webis-touche2020,rr,15,0.02,weighted,203,789,375,1,0,0.0,0.04178175674402594,0.04178175674402594,0.056412914178595966,0.02,49,11,38
webis-touche2020,rr,15,0.02,active_judge,203,780,375,1,0,0.0,0.09834511171226402,0.04178175674402594,0.056412914178595966,0.02,49,11,38
webis-touche2020,rr,15,0.02,strat_pilot,203,812,375,1,0,0.0,0.04279207687879686,0.04178175674402594,0.056412914178595966,0.02,49,11,38
webis-touche2020,rr,15,0.02,weighted_cv,203,796,375,1,0,0.0,0.03291502758372853,0.04178175674402594,0.056412914178595966,0.02,49,11,38
webis-touche2020,rr,15,0.02,active_cv,203,787,375,1,0,0.0,0.05798809338311459,0.04178175674402594,0.056412914178595966,0.02,49,11,38
webis-touche2020,rr,15,0.02,weighted_cvl,203,811,375,1,0,0.0,0.028943667437205084,0.04178175674402594,0.056412914178595966,0.02,49,11,38
webis-touche2020,rr,15,0.02,uniform,204,769,368,1,0,0.0,0.22605729900961463,0.04761207902803257,0.0833530576750391,0.02,49,11,38
webis-touche2020,rr,15,0.02,uniform_nz,204,786,368,1,0,0.0,0.08568775757398653,0.04761207902803257,0.0833530576750391,0.02,49,11,38
webis-touche2020,rr,15,0.02,weighted,204,793,368,1,0,0.0,0.04761207902803257,0.04761207902803257,0.0833530576750391,0.02,49,11,38
webis-touche2020,rr,15,0.02,active_judge,204,785,368,1,0,0.0,0.16061964266986747,0.04761207902803257,0.0833530576750391,0.02,49,11,38
webis-touche2020,rr,15,0.02,strat_pilot,204,774,368,1,0,0.0,0.04997261487970598,0.04761207902803257,0.0833530576750391,0.02,49,11,38
webis-touche2020,rr,15,0.02,weighted_cv,204,783,368,1,0,0.0,0.031279131667050965,0.04761207902803257,0.0833530576750391,0.02,49,11,38
webis-touche2020,rr,15,0.02,active_cv,204,799,368,1,0,0.0,0.06319777083604293,0.04761207902803257,0.0833530576750391,0.02,49,11,38
webis-touche2020,rr,15,0.02,weighted_cvl,204,777,368,1,0,0.0,0.030629023303084802,0.04761207902803257,0.0833530576750391,0.02,49,11,38
webis-touche2020,rr,15,0.02,uniform,205,821,379,1,0,0.0,0.11390729872401384,0.08112383828035076,0.09505862127669877,0.02,49,12,38
webis-touche2020,rr,15,0.02,uniform_nz,205,848,379,1,0,0.0,0.09084117282493205,0.08112383828035076,0.09505862127669877,0.02,49,12,38
webis-touche2020,rr,15,0.02,weighted,205,847,379,1,0,0.0,0.08112383828035076,0.08112383828035076,0.09505862127669877,0.02,49,12,38
webis-touche2020,rr,15,0.02,active_judge,205,850,379,1,0,0.0,0.1984328685641558,0.08112383828035076,0.09505862127669877,0.02,49,12,38
webis-touche2020,rr,15,0.02,strat_pilot,205,845,379,1,0,0.0,0.08176130939576655,0.08112383828035076,0.09505862127669877,0.02,49,12,38
webis-touche2020,rr,15,0.02,weighted_cv,205,881,379,1,0,0.0,0.06846928887172583,0.08112383828035076,0.09505862127669877,0.02,49,12,38
webis-touche2020,rr,15,0.02,active_cv,205,838,379,1,0,0.0,0.1414203139647756,0.08112383828035076,0.09505862127669877,0.02,49,12,38
webis-touche2020,rr,15,0.02,weighted_cvl,205,841,379,1,0,0.0,0.06807529364144542,0.08112383828035076,0.09505862127669877,0.02,49,12,38
webis-touche2020,rr,15,0.02,uniform,206,782,370,1,0,0.0,0.26314715426559093,0.07889954523677326,0.09704217723567572,0.02,49,11,38
webis-touche2020,rr,15,0.02,uniform_nz,206,781,370,1,0,0.0,0.13862829355327838,0.07889954523677326,0.09704217723567572,0.02,49,11,38
webis-touche2020,rr,15,0.02,weighted,206,785,370,1,0,0.0,0.07889954523677326,0.07889954523677326,0.09704217723567572,0.02,49,11,38
webis-touche2020,rr,15,0.02,active_judge,206,790,370,1,0,0.0,0.2923008719108462,0.07889954523677326,0.09704217723567572,0.02,49,11,38
webis-touche2020,rr,15,0.02,strat_pilot,206,796,370,1,0,0.0,0.08036342524655671,0.07889954523677326,0.09704217723567572,0.02,49,11,38
webis-touche2020,rr,15,0.02,weighted_cv,206,793,370,1,0,0.0,0.0624470492538398,0.07889954523677326,0.09704217723567572,0.02,49,11,38
webis-touche2020,rr,15,0.02,active_cv,206,788,370,1,0,0.0,0.15141530111849827,0.07889954523677326,0.09704217723567572,0.02,49,11,38
webis-touche2020,rr,15,0.02,weighted_cvl,206,787,370,1,0,0.0,0.05705951784347858,0.07889954523677326,0.09704217723567572,0.02,49,11,38
webis-touche2020,rr,15,0.02,uniform,207,789,389,1,0,0.0,0.061482215305631874,0.03474614725872792,0.023364013437542852,0.02,49,11,36
webis-touche2020,rr,15,0.02,uniform_nz,207,785,389,1,0,0.0,0.042010124491420595,0.03474614725872792,0.023364013437542852,0.02,49,11,36
webis-touche2020,rr,15,0.02,weighted,207,777,389,1,0,0.0,0.03474614725872792,0.03474614725872792,0.023364013437542852,0.02,49,11,36
webis-touche2020,rr,15,0.02,active_judge,207,798,389,1,0,0.0,0.06343699601552638,0.03474614725872792,0.023364013437542852,0.02,49,11,36
webis-touche2020,rr,15,0.02,strat_pilot,207,786,389,1,0,0.0,0.03296636923963044,0.03474614725872792,0.023364013437542852,0.02,49,11,36
webis-touche2020,rr,15,0.02,weighted_cv,207,797,389,1,0,0.0,0.028469092125986584,0.03474614725872792,0.023364013437542852,0.02,49,11,36
webis-touche2020,rr,15,0.02,active_cv,207,781,389,1,0,0.0,0.04466433482194102,0.03474614725872792,0.023364013437542852,0.02,49,11,36
webis-touche2020,rr,15,0.02,weighted_cvl,207,785,389,1,0,0.0,0.028505753402540208,0.03474614725872792,0.023364013437542852,0.02,49,11,36
webis-touche2020,rr,15,0.02,uniform,208,783,383,1,0,0.0,0.26813602182500007,0.08506612307419308,0.07961528744733078,0.02,49,11,38
webis-touche2020,rr,15,0.02,uniform_nz,208,798,383,1,0,0.0,0.12849956464741286,0.08506612307419308,0.07961528744733078,0.02,49,11,38
webis-touche2020,rr,15,0.02,weighted,208,801,383,1,0,0.0,0.08506612307419308,0.08506612307419308,0.07961528744733078,0.02,49,11,38
webis-touche2020,rr,15,0.02,active_judge,208,775,383,1,0,0.0,0.23815202229755433,0.08506612307419308,0.07961528744733078,0.02,49,11,38
webis-touche2020,rr,15,0.02,strat_pilot,208,820,383,1,0,0.0,0.08729340436816982,0.08506612307419308,0.07961528744733078,0.02,49,11,38
webis-touche2020,rr,15,0.02,weighted_cv,208,785,383,1,0,0.0,0.06337120482948494,0.08506612307419308,0.07961528744733078,0.02,49,11,38
webis-touche2020,rr,15,0.02,active_cv,208,785,383,1,0,0.0,0.10753600617076994,0.08506612307419308,0.07961528744733078,0.02,49,11,38
webis-touche2020,rr,15,0.02,weighted_cvl,208,806,383,1,0,0.0,0.06252241775241549,0.08506612307419308,0.07961528744733078,0.02,49,11,38
webis-touche2020,rr,15,0.02,uniform,209,802,380,1,0,0.0,0.21281027766439195,0.04598093660787784,0.031111111111111103,0.02,49,11,36
webis-touche2020,rr,15,0.02,uniform_nz,209,788,380,1,0,0.0,0.06695134670898334,0.04598093660787784,0.031111111111111103,0.02,49,11,36
webis-touche2020,rr,15,0.02,weighted,209,782,380,1,0,0.0,0.04598093660787784,0.04598093660787784,0.031111111111111103,0.02,49,11,36
webis-touche2020,rr,15,0.02,active_judge,209,777,380,1,0,0.0,0.1298979764390824,0.04598093660787784,0.031111111111111103,0.02,49,11,36
webis-touche2020,rr,15,0.02,strat_pilot,209,777,380,1,0,0.0,0.04632087468217119,0.04598093660787784,0.031111111111111103,0.02,49,11,36
webis-touche2020,rr,15,0.02,weighted_cv,209,771,380,1,0,0.0,0.033764874805289044,0.04598093660787784,0.031111111111111103,0.02,49,11,36
webis-touche2020,rr,15,0.02,active_cv,209,748,380,1,0,0.0,0.06772899814340033,0.04598093660787784,0.031111111111111103,0.02,49,11,36
webis-touche2020,rr,15,0.02,weighted_cvl,209,766,380,1,0,0.0,0.031312379491715656,0.04598093660787784,0.031111111111111103,0.02,49,11,36
webis-touche2020,rr,15,0.02,uniform,210,820,391,1,0,0.0,0.10212850046940466,0.06553425155130521,0.08556678770146264,0.02,49,11,38
webis-touche2020,rr,15,0.02,uniform_nz,210,801,391,1,0,0.0,0.07162209906467722,0.06553425155130521,0.08556678770146264,0.02,49,11,38
webis-touche2020,rr,15,0.02,weighted,210,789,391,1,0,0.0,0.06553425155130521,0.06553425155130521,0.08556678770146264,0.02,49,11,38
webis-touche2020,rr,15,0.02,active_judge,210,820,391,1,0,0.0,0.1603391056701246,0.06553425155130521,0.08556678770146264,0.02,49,11,38
webis-touche2020,rr,15,0.02,strat_pilot,210,801,391,1,0,0.0,0.06668266154450125,0.06553425155130521,0.08556678770146264,0.02,49,11,38
webis-touche2020,rr,15,0.02,weighted_cv,210,827,391,1,0,0.0,0.05640237950952755,0.06553425155130521,0.08556678770146264,0.02,49,11,38
webis-touche2020,rr,15,0.02,active_cv,210,804,391,1,0,0.0,0.09817549422584534,0.06553425155130521,0.08556678770146264,0.02,49,11,38
webis-touche2020,rr,15,0.02,weighted_cvl,210,809,391,1,0,0.0,0.04867141924671954,0.06553425155130521,0.08556678770146264,0.02,49,11,38
webis-touche2020,rr,15,0.02,uniform,211,785,377,0,0,0.0,0.2220379057575718,0.05051392532909749,0.05361651556815779,0.02,49,11,36
webis-touche2020,rr,15,0.02,uniform_nz,211,758,377,1,0,0.0,0.07300331925135312,0.05051392532909749,0.05361651556815779,0.02,49,11,36
webis-touche2020,rr,15,0.02,weighted,211,783,377,1,0,0.0,0.05051392532909749,0.05051392532909749,0.05361651556815779,0.02,49,11,36
webis-touche2020,rr,15,0.02,active_judge,211,767,377,1,0,0.0,0.14034236031364747,0.05051392532909749,0.05361651556815779,0.02,49,11,36
webis-touche2020,rr,15,0.02,strat_pilot,211,764,377,1,0,0.0,0.05241004047756875,0.05051392532909749,0.05361651556815779,0.02,49,11,36
webis-touche2020,rr,15,0.02,weighted_cv,211,756,377,1,0,0.0,0.03397239667081882,0.05051392532909749,0.05361651556815779,0.02,49,11,36
webis-touche2020,rr,15,0.02,active_cv,211,791,377,0,0,0.0,0.05104512397260188,0.05051392532909749,0.05361651556815779,0.02,49,11,36
webis-touche2020,rr,15,0.02,weighted_cvl,211,767,377,1,0,0.0,0.03262111654784246,0.05051392532909749,0.05361651556815779,0.02,49,11,36
webis-touche2020,rr,15,0.02,uniform,212,819,383,1,0,0.0,0.09790871516559799,0.060823802344293555,0.04139259212866023,0.02,49,11,38
webis-touche2020,rr,15,0.02,uniform_nz,212,796,383,1,0,0.0,0.07176190396338852,0.060823802344293555,0.04139259212866023,0.02,49,11,38
webis-touche2020,rr,15,0.02,weighted,212,793,383,1,0,0.0,0.060823802344293555,0.060823802344293555,0.04139259212866023,0.02,49,11,38
webis-touche2020,rr,15,0.02,active_judge,212,798,383,1,0,0.0,0.13838648956263916,0.060823802344293555,0.04139259212866023,0.02,49,11,38
webis-touche2020,rr,15,0.02,strat_pilot,212,800,383,1,0,0.0,0.061671923258580265,0.060823802344293555,0.04139259212866023,0.02,49,11,38
webis-touche2020,rr,15,0.02,weighted_cv,212,805,383,1,0,0.0,0.05254504521955737,0.060823802344293555,0.04139259212866023,0.02,49,11,38
webis-touche2020,rr,15,0.02,active_cv,212,816,383,1,0,0.0,0.11067303902560026,0.060823802344293555,0.04139259212866023,0.02,49,11,38
webis-touche2020,rr,15,0.02,weighted_cvl,212,790,383,1,0,0.0,0.051119307492147124,0.060823802344293555,0.04139259212866023,0.02,49,11,38
webis-touche2020,rr,15,0.02,uniform,213,784,377,0,0,0.0,0.06957971346676425,0.04886830335279627,0.0654116412744761,0.02,49,11,38
webis-touche2020,rr,15,0.02,uniform_nz,213,804,377,1,0,0.0,0.05588492340494615,0.04886830335279627,0.0654116412744761,0.02,49,11,38
webis-touche2020,rr,15,0.02,weighted,213,783,377,1,0,0.0,0.04886830335279627,0.04886830335279627,0.0654116412744761,0.02,49,11,38
webis-touche2020,rr,15,0.02,active_judge,213,773,377,1,0,0.0,0.10576127908315605,0.04886830335279627,0.0654116412744761,0.02,49,11,38
webis-touche2020,rr,15,0.02,strat_pilot,213,781,377,1,0,0.0,0.04874791612434681,0.04886830335279627,0.0654116412744761,0.02,49,11,38
webis-touche2020,rr,15,0.02,weighted_cv,213,794,377,1,0,0.0,0.04819790442062773,0.04886830335279627,0.0654116412744761,0.02,49,11,38
webis-touche2020,rr,15,0.02,active_cv,213,808,377,1,0,0.0,0.09797956930697208,0.04886830335279627,0.0654116412744761,0.02,49,11,38
webis-touche2020,rr,15,0.02,weighted_cvl,213,797,377,1,0,0.0,0.04482454071617392,0.04886830335279627,0.0654116412744761,0.02,49,11,38
webis-touche2020,rr,15,0.02,uniform,214,837,390,0,0,0.04345121588029932,0.057326989747376,0.03004743095668218,0.015777558354957755,-0.02345121588029932,49,11,38
webis-touche2020,rr,15,0.02,uniform_nz,214,789,390,0,0,0.04345121588029932,0.04127522973216045,0.03004743095668218,0.015777558354957755,-0.02345121588029932,49,11,38
webis-touche2020,rr,15,0.02,weighted,214,815,390,0,0,0.04345121588029932,0.03004743095668218,0.03004743095668218,0.015777558354957755,-0.02345121588029932,49,11,38
webis-touche2020,rr,15,0.02,active_judge,214,795,390,0,0,0.04345121588029932,0.05846137946778519,0.03004743095668218,0.015777558354957755,-0.02345121588029932,49,11,38
webis-touche2020,rr,15,0.02,strat_pilot,214,822,390,0,0,0.04345121588029932,0.030260063000922342,0.03004743095668218,0.015777558354957755,-0.02345121588029932,49,11,38
webis-touche2020,rr,15,0.02,weighted_cv,214,805,390,0,0,0.04345121588029932,0.025842774741303254,0.03004743095668218,0.015777558354957755,-0.02345121588029932,49,11,38
webis-touche2020,rr,15,0.02,active_cv,214,798,390,0,0,0.04345121588029932,0.06702995963489027,0.03004743095668218,0.015777558354957755,-0.02345121588029932,49,11,38
webis-touche2020,rr,15,0.02,weighted_cvl,214,812,390,0,0,0.04345121588029932,0.023941035911582826,0.03004743095668218,0.015777558354957755,-0.02345121588029932,49,11,38
webis-touche2020,rr,15,0.02,uniform,215,781,391,1,0,0.0,0.06259977892268198,0.03486739481135353,0.02137303448758557,0.02,49,11,38
webis-touche2020,rr,15,0.02,uniform_nz,215,829,391,1,0,0.0,0.045179337574372855,0.03486739481135353,0.02137303448758557,0.02,49,11,38
webis-touche2020,rr,15,0.02,weighted,215,835,391,1,0,0.0,0.03486739481135353,0.03486739481135353,0.02137303448758557,0.02,49,11,38
webis-touche2020,rr,15,0.02,active_judge,215,795,391,1,0,0.0,0.08145763508174388,0.03486739481135353,0.02137303448758557,0.02,49,11,38
webis-touche2020,rr,15,0.02,strat_pilot,215,810,391,1,0,0.0,0.03491566403185689,0.03486739481135353,0.02137303448758557,0.02,49,11,38
webis-touche2020,rr,15,0.02,weighted_cv,215,804,391,1,0,0.0,0.03289131526758636,0.03486739481135353,0.02137303448758557,0.02,49,11,38
webis-touche2020,rr,15,0.02,active_cv,215,797,391,1,0,0.0,0.08955206697159825,0.03486739481135353,0.02137303448758557,0.02,49,11,38
webis-touche2020,rr,15,0.02,weighted_cvl,215,815,391,1,0,0.0,0.03332809548742255,0.03486739481135353,0.02137303448758557,0.02,49,11,38
webis-touche2020,rr,15,0.02,uniform,216,777,380,1,0,0.0,0.21248159310730147,0.05193452058507777,0.08074689471499272,0.02,49,11,38
webis-touche2020,rr,15,0.02,uniform_nz,216,758,380,1,0,0.0,0.09084922524398183,0.05193452058507777,0.08074689471499272,0.02,49,11,38
webis-touche2020,rr,15,0.02,weighted,216,802,380,1,0,0.0,0.05193452058507777,0.05193452058507777,0.08074689471499272,0.02,49,11,38
webis-touche2020,rr,15,0.02,active_judge,216,792,380,1,0,0.0,0.16416412249569345,0.05193452058507777,0.08074689471499272,0.02,49,11,38
webis-touche2020,rr,15,0.02,strat_pilot,216,794,380,1,0,0.0,0.054077511915565,0.05193452058507777,0.08074689471499272,0.02,49,11,38
webis-touche2020,rr,15,0.02,weighted_cv,216,799,380,1,0,0.0,0.03481614084348418,0.05193452058507777,0.08074689471499272,0.02,49,11,38
webis-touche2020,rr,15,0.02,active_cv,216,798,380,1,0,0.0,0.04895012061918995,0.05193452058507777,0.08074689471499272,0.02,49,11,38
webis-touche2020,rr,15,0.02,weighted_cvl,216,787,380,1,0,0.0,0.03481614084348418,0.05193452058507777,0.08074689471499272,0.02,49,11,38
webis-touche2020,rr,15,0.02,uniform,217,784,382,0,0,0.001286859136104046,0.0698177547545034,0.038074744375322864,0.024159291001396254,0.018713140863895954,49,11,36
webis-touche2020,rr,15,0.02,uniform_nz,217,776,382,1,0,0.001286859136104046,0.049992977360057055,0.038074744375322864,0.024159291001396254,0.018713140863895954,49,11,36
webis-touche2020,rr,15,0.02,weighted,217,781,382,1,0,0.001286859136104046,0.038074744375322864,0.038074744375322864,0.024159291001396254,0.018713140863895954,49,11,36
webis-touche2020,rr,15,0.02,active_judge,217,783,382,1,0,0.001286859136104046,0.0756033235404869,0.038074744375322864,0.024159291001396254,0.018713140863895954,49,11,36
webis-touche2020,rr,15,0.02,strat_pilot,217,758,382,1,0,0.001286859136104046,0.03712111775897399,0.038074744375322864,0.024159291001396254,0.018713140863895954,49,11,36
webis-touche2020,rr,15,0.02,weighted_cv,217,758,382,1,0,0.001286859136104046,0.031103622248075936,0.038074744375322864,0.024159291001396254,0.018713140863895954,49,11,36
webis-touche2020,rr,15,0.02,active_cv,217,764,382,1,0,0.001286859136104046,0.05603001110990076,0.038074744375322864,0.024159291001396254,0.018713140863895954,49,11,36
webis-touche2020,rr,15,0.02,weighted_cvl,217,770,382,1,0,0.001286859136104046,0.03191083744238211,0.038074744375322864,0.024159291001396254,0.018713140863895954,49,11,36
webis-touche2020,rr,15,0.02,uniform,218,820,379,1,0,0.0,0.061555487906522655,0.0271524785749652,0.06924447130968871,0.02,49,11,38
webis-touche2020,rr,15,0.02,uniform_nz,218,797,379,1,0,0.0,0.03385894490111109,0.0271524785749652,0.06924447130968871,0.02,49,11,38
webis-touche2020,rr,15,0.02,weighted,218,803,379,1,0,0.0,0.0271524785749652,0.0271524785749652,0.06924447130968871,0.02,49,11,38
webis-touche2020,rr,15,0.02,active_judge,218,804,379,1,0,0.0,0.06511797817473469,0.0271524785749652,0.06924447130968871,0.02,49,11,38
webis-touche2020,rr,15,0.02,strat_pilot,218,836,379,1,0,0.0,0.02796244588455592,0.0271524785749652,0.06924447130968871,0.02,49,11,38
webis-touche2020,rr,15,0.02,weighted_cv,218,778,379,1,0,0.0,0.02637571070700969,0.0271524785749652,0.06924447130968871,0.02,49,11,38
webis-touche2020,rr,15,0.02,active_cv,218,783,379,1,0,0.0,0.07616978096377273,0.0271524785749652,0.06924447130968871,0.02,49,11,38
webis-touche2020,rr,15,0.02,weighted_cvl,218,786,379,1,0,0.0,0.024252805455113147,0.0271524785749652,0.06924447130968871,0.02,49,11,38
webis-touche2020,rr,15,0.02,uniform,219,858,380,1,0,0.0,0.1183972203645505,0.07635210441334084,0.11535915679685951,0.02,49,12,38
webis-touche2020,rr,15,0.02,uniform_nz,219,841,380,1,0,0.0,0.08611420112553575,0.07635210441334084,0.11535915679685951,0.02,49,12,38
webis-touche2020,rr,15,0.02,weighted,219,868,380,1,0,0.0,0.07635210441334084,0.07635210441334084,0.11535915679685951,0.02,49,12,38
webis-touche2020,rr,15,0.02,active_judge,219,810,380,1,0,0.0,0.14478493379443189,0.07635210441334084,0.11535915679685951,0.02,49,12,38
webis-touche2020,rr,15,0.02,strat_pilot,219,832,380,1,0,0.0,0.0779727317784413,0.07635210441334084,0.11535915679685951,0.02,49,12,38
webis-touche2020,rr,15,0.02,weighted_cv,219,843,380,1,0,0.0,0.06093106914486328,0.07635210441334084,0.11535915679685951,0.02,49,12,38
webis-touche2020,rr,15,0.02,active_cv,219,837,380,1,0,0.0,0.1344405552658042,0.07635210441334084,0.11535915679685951,0.02,49,12,38
webis-touche2020,rr,15,0.02,weighted_cvl,219,862,380,1,0,0.0,0.055953373595236756,0.07635210441334084,0.11535915679685951,0.02,49,12,38
webis-touche2020,rr,15,0.02,uniform,220,790,387,1,0,0.0,0.06517438794462693,0.047989541250030195,0.0690743262585368,0.02,49,11,38
webis-touche2020,rr,15,0.02,uniform_nz,220,795,387,1,0,0.0,0.0551495045383328,0.047989541250030195,0.0690743262585368,0.02,49,11,38
webis-touche2020,rr,15,0.02,weighted,220,800,387,1,0,0.0,0.047989541250030195,0.047989541250030195,0.0690743262585368,0.02,49,11,38
webis-touche2020,rr,15,0.02,active_judge,220,797,387,1,0,0.0,0.10064705738503263,0.047989541250030195,0.0690743262585368,0.02,49,11,38
webis-touche2020,rr,15,0.02,strat_pilot,220,816,387,1,0,0.0,0.04898560460104638,0.047989541250030195,0.0690743262585368,0.02,49,11,38
webis-touche2020,rr,15,0.02,weighted_cv,220,821,387,1,0,0.0,0.039809139885376876,0.047989541250030195,0.0690743262585368,0.02,49,11,38
webis-touche2020,rr,15,0.02,active_cv,220,804,387,1,0,0.0,0.07456491529157311,0.047989541250030195,0.0690743262585368,0.02,49,11,38
webis-touche2020,rr,15,0.02,weighted_cvl,220,808,387,1,0,0.0,0.03466053161394754,0.047989541250030195,0.0690743262585368,0.02,49,11,38
webis-touche2020,rr,15,0.02,uniform,221,772,370,1,0,0.0,0.06436474620879183,0.03755407837813372,0.06287495917681678,0.02,49,11,38
webis-touche2020,rr,15,0.02,uniform_nz,221,782,370,1,0,0.0,0.04455305648200682,0.03755407837813372,0.06287495917681678,0.02,49,11,38
webis-touche2020,rr,15,0.02,weighted,221,766,370,1,0,0.0,0.03755407837813372,0.03755407837813372,0.06287495917681678,0.02,49,11,38
webis-touche2020,rr,15,0.02,active_judge,221,777,370,1,0,0.0,0.09736679280328166,0.03755407837813372,0.06287495917681678,0.02,49,11,38
webis-touche2020,rr,15,0.02,strat_pilot,221,765,370,1,0,0.0,0.03776778072476654,0.03755407837813372,0.06287495917681678,0.02,49,11,38
webis-touche2020,rr,15,0.02,weighted_cv,221,807,370,1,0,0.0,0.034891228297050145,0.03755407837813372,0.06287495917681678,0.02,49,11,38
webis-touche2020,rr,15,0.02,active_cv,221,792,370,1,0,0.0,0.06641378013897961,0.03755407837813372,0.06287495917681678,0.02,49,11,38
webis-touche2020,rr,15,0.02,weighted_cvl,221,807,370,1,0,0.0,0.031477031750020375,0.03755407837813372,0.06287495917681678,0.02,49,11,38
webis-touche2020,rr,15,0.02,uniform,222,811,380,1,0,0.0,0.11116737792457325,0.07658604987401754,0.07274188564996178,0.02,49,12,38
webis-touche2020,rr,15,0.02,uniform_nz,222,821,380,1,0,0.0,0.08936436394034714,0.07658604987401754,0.07274188564996178,0.02,49,12,38
webis-touche2020,rr,15,0.02,weighted,222,865,380,1,0,0.0,0.07658604987401754,0.07658604987401754,0.07274188564996178,0.02,49,12,38
webis-touche2020,rr,15,0.02,active_judge,222,836,380,1,0,0.0,0.1634687844383288,0.07658604987401754,0.07274188564996178,0.02,49,12,38
webis-touche2020,rr,15,0.02,strat_pilot,222,826,380,1,0,0.0,0.07764958995254541,0.07658604987401754,0.07274188564996178,0.02,49,12,38
webis-touche2020,rr,15,0.02,weighted_cv,222,843,380,1,0,0.0,0.06160123966274546,0.07658604987401754,0.07274188564996178,0.02,49,12,38
webis-touche2020,rr,15,0.02,active_cv,222,825,380,1,0,0.0,0.11920635457887371,0.07658604987401754,0.07274188564996178,0.02,49,12,38
webis-touche2020,rr,15,0.02,weighted_cvl,222,844,380,1,0,0.0,0.06142744642115379,0.07658604987401754,0.07274188564996178,0.02,49,12,38
webis-touche2020,rr,15,0.02,uniform,223,783,397,0,0,0.0,0.057757651251807395,0.04236663507589951,0.03743159145635926,0.02,49,11,36
webis-touche2020,rr,15,0.02,uniform_nz,223,807,397,1,0,0.0,0.04728756064319042,0.04236663507589951,0.03743159145635926,0.02,49,11,36
webis-touche2020,rr,15,0.02,weighted,223,795,397,1,0,0.0,0.04236663507589951,0.04236663507589951,0.03743159145635926,0.02,49,11,36
webis-touche2020,rr,15,0.02,active_judge,223,803,397,1,0,0.0,0.07702886133891527,0.04236663507589951,0.03743159145635926,0.02,49,11,36
webis-touche2020,rr,15,0.02,strat_pilot,223,796,397,1,0,0.0,0.04244303488653431,0.04236663507589951,0.03743159145635926,0.02,49,11,36
webis-touche2020,rr,15,0.02,weighted_cv,223,775,397,1,0,0.0,0.03503141191771822,0.04236663507589951,0.03743159145635926,0.02,49,11,36
webis-touche2020,rr,15,0.02,active_cv,223,785,397,1,0,0.0,0.05664236141200855,0.04236663507589951,0.03743159145635926,0.02,49,11,36
webis-touche2020,rr,15,0.02,weighted_cvl,223,812,397,1,0,0.0,0.03501939938980474,0.04236663507589951,0.03743159145635926,0.02,49,11,36
webis-touche2020,rr,15,0.02,uniform,224,774,382,0,0,0.0,0.21206414840504761,0.04590765669016776,0.0213202614379085,0.02,49,11,36
webis-touche2020,rr,15,0.02,uniform_nz,224,778,382,1,0,0.0,0.06914034579319425,0.04590765669016776,0.0213202614379085,0.02,49,11,36
webis-touche2020,rr,15,0.02,weighted,224,766,382,1,0,0.0,0.04590765669016776,0.04590765669016776,0.0213202614379085,0.02,49,11,36
webis-touche2020,rr,15,0.02,active_judge,224,798,382,1,0,0.0,0.11293276690084615,0.04590765669016776,0.0213202614379085,0.02,49,11,36
webis-touche2020,rr,15,0.02,strat_pilot,224,760,382,1,0,0.0,0.04698213840773822,0.04590765669016776,0.0213202614379085,0.02,49,11,36
webis-touche2020,rr,15,0.02,weighted_cv,224,782,382,1,0,0.0,0.03406602602122529,0.04590765669016776,0.0213202614379085,0.02,49,11,36
webis-touche2020,rr,15,0.02,active_cv,224,759,382,1,0,0.0,0.04687251811085271,0.04590765669016776,0.0213202614379085,0.02,49,11,36
webis-touche2020,rr,15,0.02,weighted_cvl,224,764,382,1,0,0.0,0.03232346851133279,0.04590765669016776,0.0213202614379085,0.02,49,11,36
webis-touche2020,rr,15,0.02,uniform,225,783,368,1,0,0.0,0.05445893551546589,0.029034283725360054,0.03353839143312827,0.02,49,11,36
webis-touche2020,rr,15,0.02,uniform_nz,225,793,368,1,0,0.0,0.0469666961820241,0.029034283725360054,0.03353839143312827,0.02,49,11,36
webis-touche2020,rr,15,0.02,weighted,225,777,368,1,0,0.0,0.029034283725360054,0.029034283725360054,0.03353839143312827,0.02,49,11,36
webis-touche2020,rr,15,0.02,active_judge,225,769,368,1,0,0.0,0.0842909233361789,0.029034283725360054,0.03353839143312827,0.02,49,11,36
webis-touche2020,rr,15,0.02,strat_pilot,225,761,368,1,0,0.0,0.029706077214818088,0.029034283725360054,0.03353839143312827,0.02,49,11,36
webis-touche2020,rr,15,0.02,weighted_cv,225,756,368,1,0,0.0,0.023595029676001803,0.029034283725360054,0.03353839143312827,0.02,49,11,36
webis-touche2020,rr,15,0.02,active_cv,225,758,368,1,0,0.0,0.04356419484206166,0.029034283725360054,0.03353839143312827,0.02,49,11,36
webis-touche2020,rr,15,0.02,weighted_cvl,225,762,368,1,0,0.0,0.02247711309146753,0.029034283725360054,0.03353839143312827,0.02,49,11,36
webis-touche2020,rr,15,0.02,uniform,226,770,365,1,0,0.0008131892362954751,0.059859105852246096,0.03552468825456641,0.02108075275257938,0.019186810763704525,49,11,36
webis-touche2020,rr,15,0.02,uniform_nz,226,750,365,1,0,0.0008131892362954751,0.04613078764258297,0.03552468825456641,0.02108075275257938,0.019186810763704525,49,11,36
webis-touche2020,rr,15,0.02,weighted,226,765,365,1,0,0.0008131892362954751,0.03552468825456641,0.03552468825456641,0.02108075275257938,0.019186810763704525,49,11,36
webis-touche2020,rr,15,0.02,active_judge,226,747,365,1,0,0.0008131892362954751,0.08322932056891076,0.03552468825456641,0.02108075275257938,0.019186810763704525,49,11,36
webis-touche2020,rr,15,0.02,strat_pilot,226,758,365,1,0,0.0008131892362954751,0.03627401555353087,0.03552468825456641,0.02108075275257938,0.019186810763704525,49,11,36
webis-touche2020,rr,15,0.02,weighted_cv,226,739,365,1,0,0.0008131892362954751,0.031688946392066854,0.03552468825456641,0.02108075275257938,0.019186810763704525,49,11,36
webis-touche2020,rr,15,0.02,active_cv,226,758,365,1,0,0.0008131892362954751,0.0777278259758063,0.03552468825456641,0.02108075275257938,0.019186810763704525,49,11,36
webis-touche2020,rr,15,0.02,weighted_cvl,226,757,365,1,0,0.0008131892362954751,0.032109345676108805,0.03552468825456641,0.02108075275257938,0.019186810763704525,49,11,36
webis-touche2020,rr,15,0.02,uniform,227,763,376,1,0,0.0,0.06188781298479432,0.02628498540740045,0.07290477381559624,0.02,49,11,38
webis-touche2020,rr,15,0.02,uniform_nz,227,765,376,1,0,0.0,0.03518797448703073,0.02628498540740045,0.07290477381559624,0.02,49,11,38
webis-touche2020,rr,15,0.02,weighted,227,783,376,1,0,0.0,0.02628498540740045,0.02628498540740045,0.07290477381559624,0.02,49,11,38
webis-touche2020,rr,15,0.02,active_judge,227,790,376,1,0,0.0,0.060539586791355016,0.02628498540740045,0.07290477381559624,0.02,49,11,38
webis-touche2020,rr,15,0.02,strat_pilot,227,795,376,1,0,0.0,0.025892850264473345,0.02628498540740045,0.07290477381559624,0.02,49,11,38
webis-touche2020,rr,15,0.02,weighted_cv,227,802,376,1,0,0.0,0.025864123055267186,0.02628498540740045,0.07290477381559624,0.02,49,11,38
webis-touche2020,rr,15,0.02,active_cv,227,784,376,1,0,0.0,0.04741786104853619,0.02628498540740045,0.07290477381559624,0.02,49,11,38
webis-touche2020,rr,15,0.02,weighted_cvl,227,802,376,1,0,0.0,0.02472562694114556,0.02628498540740045,0.07290477381559624,0.02,49,11,38
webis-touche2020,rr,15,0.02,uniform,228,778,384,1,0,0.0,0.2596068109059229,0.05510137163519885,0.09551908617698092,0.02,49,11,38
webis-touche2020,rr,15,0.02,uniform_nz,228,783,384,1,0,0.0,0.11561981060881928,0.05510137163519885,0.09551908617698092,0.02,49,11,38
webis-touche2020,rr,15,0.02,weighted,228,798,384,1,0,0.0,0.05510137163519885,0.05510137163519885,0.09551908617698092,0.02,49,11,38
webis-touche2020,rr,15,0.02,active_judge,228,804,384,1,0,0.0,0.2204719836033134,0.05510137163519885,0.09551908617698092,0.02,49,11,38
webis-touche2020,rr,15,0.02,strat_pilot,228,800,384,1,0,0.0,0.056589651998578835,0.05510137163519885,0.09551908617698092,0.02,49,11,38
webis-touche2020,rr,15,0.02,weighted_cv,228,835,384,1,0,0.0,0.03814222405277756,0.05510137163519885,0.09551908617698092,0.02,49,11,38
webis-touche2020,rr,15,0.02,active_cv,228,794,384,1,0,0.0,0.0884670122475344,0.05510137163519885,0.09551908617698092,0.02,49,11,38
webis-touche2020,rr,15,0.02,weighted_cvl,228,801,384,1,0,0.0,0.03472189302498167,0.05510137163519885,0.09551908617698092,0.02,49,11,38
webis-touche2020,rr,15,0.02,uniform,229,804,373,1,0,0.0,0.25112968996618035,0.07748395520026215,0.05542954866484279,0.02,49,11,38
webis-touche2020,rr,15,0.02,uniform_nz,229,807,373,1,0,0.0,0.1183124811059378,0.07748395520026215,0.05542954866484279,0.02,49,11,38
webis-touche2020,rr,15,0.02,weighted,229,777,373,1,0,0.0,0.07748395520026215,0.07748395520026215,0.05542954866484279,0.02,49,11,38
webis-touche2020,rr,15,0.02,active_judge,229,780,373,1,0,0.0,0.23108871614747728,0.07748395520026215,0.05542954866484279,0.02,49,11,38
webis-touche2020,rr,15,0.02,strat_pilot,229,797,373,1,0,0.0,0.07799206447098404,0.07748395520026215,0.05542954866484279,0.02,49,11,38
webis-touche2020,rr,15,0.02,weighted_cv,229,774,373,1,0,0.0,0.0588899371563808,0.07748395520026215,0.05542954866484279,0.02,49,11,38
webis-touche2020,rr,15,0.02,active_cv,229,789,373,1,0,0.0,0.0996800396946009,0.07748395520026215,0.05542954866484279,0.02,49,11,38
webis-touche2020,rr,15,0.02,weighted_cvl,229,750,373,1,0,0.0,0.06284726044986502,0.07748395520026215,0.05542954866484279,0.02,49,11,38
webis-touche2020,rr,15,0.02,uniform,230,797,375,1,0,0.0,0.22898389362083052,0.06418422863181726,0.07054217883939247,0.02,49,11,38
webis-touche2020,rr,15,0.02,uniform_nz,230,788,375,1,0,0.0,0.10439134282568399,0.06418422863181726,0.07054217883939247,0.02,49,11,38
webis-touche2020,rr,15,0.02,weighted,230,783,375,1,0,0.0,0.06418422863181726,0.06418422863181726,0.07054217883939247,0.02,49,11,38
webis-touche2020,rr,15,0.02,active_judge,230,812,375,1,0,0.0,0.20976769219125027,0.06418422863181726,0.07054217883939247,0.02,49,11,38
webis-touche2020,rr,15,0.02,strat_pilot,230,814,375,1,0,0.0,0.06597918432345233,0.06418422863181726,0.07054217883939247,0.02,49,11,38
webis-touche2020,rr,15,0.02,weighted_cv,230,801,375,1,0,0.0,0.04881325961221068,0.06418422863181726,0.07054217883939247,0.02,49,11,38
webis-touche2020,rr,15,0.02,active_cv,230,773,375,1,0,0.0,0.1032197485518321,0.06418422863181726,0.07054217883939247,0.02,49,11,38
webis-touche2020,rr,15,0.02,weighted_cvl,230,788,375,1,0,0.0,0.04708999433584323,0.06418422863181726,0.07054217883939247,0.02,49,11,38
webis-touche2020,rr,15,0.02,uniform,231,820,371,1,0,0.0,0.20894101400575585,0.05079389298207589,0.055493320347809516,0.02,49,11,38
webis-touche2020,rr,15,0.02,uniform_nz,231,779,371,1,0,0.0,0.08885422249024277,0.05079389298207589,0.055493320347809516,0.02,49,11,38
webis-touche2020,rr,15,0.02,weighted,231,780,371,1,0,0.0,0.05079389298207589,0.05079389298207589,0.055493320347809516,0.02,49,11,38
webis-touche2020,rr,15,0.02,active_judge,231,809,371,1,0,0.0,0.17068720584585698,0.05079389298207589,0.055493320347809516,0.02,49,11,38
webis-touche2020,rr,15,0.02,strat_pilot,231,775,371,1,0,0.0,0.0520502125996132,0.05079389298207589,0.055493320347809516,0.02,49,11,38
webis-touche2020,rr,15,0.02,weighted_cv,231,779,371,1,0,0.0,0.03333260539295324,0.05079389298207589,0.055493320347809516,0.02,49,11,38
webis-touche2020,rr,15,0.02,active_cv,231,785,371,1,0,0.0,0.04372528144079945,0.05079389298207589,0.055493320347809516,0.02,49,11,38
webis-touche2020,rr,15,0.02,weighted_cvl,231,799,371,1,0,0.0,0.033148722770861894,0.05079389298207589,0.055493320347809516,0.02,49,11,38
webis-touche2020,rr,15,0.02,uniform,232,785,378,1,0,0.0005033113899292063,0.07910915720637808,0.04377130080111713,0.020946729569020595,0.019496688610070794,49,11,36
webis-touche2020,rr,15,0.02,uniform_nz,232,768,378,0,0,0.0005033113899292063,0.06766506705937911,0.04377130080111713,0.020946729569020595,0.019496688610070794,49,11,36
webis-touche2020,rr,15,0.02,weighted,232,754,378,1,0,0.0005033113899292063,0.04377130080111713,0.04377130080111713,0.020946729569020595,0.019496688610070794,49,11,36
webis-touche2020,rr,15,0.02,active_judge,232,757,378,1,0,0.0005033113899292063,0.11551927779738165,0.04377130080111713,0.020946729569020595,0.019496688610070794,49,11,36
webis-touche2020,rr,15,0.02,strat_pilot,232,761,378,1,0,0.0005033113899292063,0.04380732129106184,0.04377130080111713,0.020946729569020595,0.019496688610070794,49,11,36
webis-touche2020,rr,15,0.02,weighted_cv,232,788,378,1,0,0.0005033113899292063,0.037203823062372625,0.04377130080111713,0.020946729569020595,0.019496688610070794,49,11,36
webis-touche2020,rr,15,0.02,active_cv,232,781,378,0,0,0.0005033113899292063,0.07515328411504378,0.04377130080111713,0.020946729569020595,0.019496688610070794,49,11,36
webis-touche2020,rr,15,0.02,weighted_cvl,232,768,378,1,0,0.0005033113899292063,0.03581246894614819,0.04377130080111713,0.020946729569020595,0.019496688610070794,49,11,36
webis-touche2020,rr,15,0.02,uniform,233,773,380,0,0,0.0,0.05490077935036849,0.03334020517353438,0.026976275358628288,0.02,49,11,36
webis-touche2020,rr,15,0.02,uniform_nz,233,772,380,1,0,0.0,0.04947608695007407,0.03334020517353438,0.026976275358628288,0.02,49,11,36
webis-touche2020,rr,15,0.02,weighted,233,757,380,1,0,0.0,0.03334020517353438,0.03334020517353438,0.026976275358628288,0.02,49,11,36
webis-touche2020,rr,15,0.02,active_judge,233,765,380,1,0,0.0,0.06642051203828078,0.03334020517353438,0.026976275358628288,0.02,49,11,36
webis-touche2020,rr,15,0.02,strat_pilot,233,777,380,1,0,0.0,0.03243443289754072,0.03334020517353438,0.026976275358628288,0.02,49,11,36
webis-touche2020,rr,15,0.02,weighted_cv,233,795,380,1,0,0.0,0.02866226625794153,0.03334020517353438,0.026976275358628288,0.02,49,11,36
webis-touche2020,rr,15,0.02,active_cv,233,778,380,1,0,0.0,0.06432577503263782,0.03334020517353438,0.026976275358628288,0.02,49,11,36
webis-touche2020,rr,15,0.02,weighted_cvl,233,761,380,1,0,0.0,0.027689153161144155,0.03334020517353438,0.026976275358628288,0.02,49,11,36
webis-touche2020,rr,15,0.02,uniform,234,804,379,1,0,0.0,0.1038441881802945,0.055593300562496895,0.08060807656395891,0.02,49,11,38
webis-touche2020,rr,15,0.02,uniform_nz,234,792,379,1,0,0.0,0.06348424499731112,0.055593300562496895,0.08060807656395891,0.02,49,11,38
webis-touche2020,rr,15,0.02,weighted,234,788,379,1,0,0.0,0.055593300562496895,0.055593300562496895,0.08060807656395891,0.02,49,11,38
webis-touche2020,rr,15,0.02,active_judge,234,789,379,1,0,0.0,0.16152879282210517,0.055593300562496895,0.08060807656395891,0.02,49,11,38
webis-touche2020,rr,15,0.02,strat_pilot,234,801,379,1,0,0.0,0.05593670385114272,0.055593300562496895,0.08060807656395891,0.02,49,11,38
webis-touche2020,rr,15,0.02,weighted_cv,234,801,379,1,0,0.0,0.05171514649952459,0.055593300562496895,0.08060807656395891,0.02,49,11,38
webis-touche2020,rr,15,0.02,active_cv,234,780,379,1,0,0.0,0.13002444267048538,0.055593300562496895,0.08060807656395891,0.02,49,11,38
webis-touche2020,rr,15,0.02,weighted_cvl,234,768,379,1,0,0.0,0.044451557965199534,0.055593300562496895,0.08060807656395891,0.02,49,11,38
webis-touche2020,rr,15,0.02,uniform,235,776,379,1,0,0.0,0.07307566382406701,0.03871908910351059,0.06585038802823835,0.02,49,11,38
webis-touche2020,rr,15,0.02,uniform_nz,235,809,379,1,0,0.0,0.06518634430040697,0.03871908910351059,0.06585038802823835,0.02,49,11,38
webis-touche2020,rr,15,0.02,weighted,235,779,379,1,0,0.0,0.03871908910351059,0.03871908910351059,0.06585038802823835,0.02,49,11,38
webis-touche2020,rr,15,0.02,active_judge,235,792,379,1,0,0.0,0.12247161980453547,0.03871908910351059,0.06585038802823835,0.02,49,11,38
webis-touche2020,rr,15,0.02,strat_pilot,235,780,379,1,0,0.0,0.039914157177323537,0.03871908910351059,0.06585038802823835,0.02,49,11,38
webis-touche2020,rr,15,0.02,weighted_cv,235,794,379,1,0,0.0,0.030793552951295804,0.03871908910351059,0.06585038802823835,0.02,49,11,38
webis-touche2020,rr,15,0.02,active_cv,235,776,379,1,0,0.0,0.06176234275691585,0.03871908910351059,0.06585038802823835,0.02,49,11,38
webis-touche2020,rr,15,0.02,weighted_cvl,235,793,379,1,0,0.0,0.030057917110281173,0.03871908910351059,0.06585038802823835,0.02,49,11,38
webis-touche2020,rr,15,0.02,uniform,236,803,382,1,0,0.0,0.22529377781374066,0.04823989902396179,0.0449201333669297,0.02,49,11,38
webis-touche2020,rr,15,0.02,uniform_nz,236,827,382,1,0,0.0,0.08793501630405107,0.04823989902396179,0.0449201333669297,0.02,49,11,38
webis-touche2020,rr,15,0.02,weighted,236,805,382,1,0,0.0,0.04823989902396179,0.04823989902396179,0.0449201333669297,0.02,49,11,38
webis-touche2020,rr,15,0.02,active_judge,236,808,382,1,0,0.0,0.17276206015470114,0.04823989902396179,0.0449201333669297,0.02,49,11,38
webis-touche2020,rr,15,0.02,strat_pilot,236,780,382,1,0,0.0,0.04957750109440347,0.04823989902396179,0.0449201333669297,0.02,49,11,38
webis-touche2020,rr,15,0.02,weighted_cv,236,790,382,1,0,0.0,0.03167811483508677,0.04823989902396179,0.0449201333669297,0.02,49,11,38
webis-touche2020,rr,15,0.02,active_cv,236,801,382,1,0,0.0,0.05225571169291273,0.04823989902396179,0.0449201333669297,0.02,49,11,38
webis-touche2020,rr,15,0.02,weighted_cvl,236,816,382,1,0,0.0,0.03136562034553063,0.04823989902396179,0.0449201333669297,0.02,49,11,38
webis-touche2020,rr,15,0.02,uniform,237,813,387,1,0,0.0,0.12127341322768766,0.07518917159797271,0.09071197077776023,0.02,49,11,38
webis-touche2020,rr,15,0.02,uniform_nz,237,791,387,1,0,0.0,0.09380059966266836,0.07518917159797271,0.09071197077776023,0.02,49,11,38
webis-touche2020,rr,15,0.02,weighted,237,813,387,1,0,0.0,0.07518917159797271,0.07518917159797271,0.09071197077776023,0.02,49,11,38
webis-touche2020,rr,15,0.02,active_judge,237,797,387,1,0,0.0,0.1858767450124991,0.07518917159797271,0.09071197077776023,0.02,49,11,38
webis-touche2020,rr,15,0.02,strat_pilot,237,807,387,1,0,0.0,0.07556969589599075,0.07518917159797271,0.09071197077776023,0.02,49,11,38
webis-touche2020,rr,15,0.02,weighted_cv,237,803,387,1,0,0.0,0.06877601127696872,0.07518917159797271,0.09071197077776023,0.02,49,11,38
webis-touche2020,rr,15,0.02,active_cv,237,820,387,1,0,0.0,0.13491139324651455,0.07518917159797271,0.09071197077776023,0.02,49,11,38
webis-touche2020,rr,15,0.02,weighted_cvl,237,794,387,1,0,0.0,0.0605312693905529,0.07518917159797271,0.09071197077776023,0.02,49,11,38
webis-touche2020,rr,15,0.02,uniform,238,831,361,0,0,0.0,0.11646826442227998,0.07690768472552192,0.057353499157847,0.02,49,12,38
webis-touche2020,rr,15,0.02,uniform_nz,238,803,361,1,0,0.0,0.08526387013578944,0.07690768472552192,0.057353499157847,0.02,49,12,38
webis-touche2020,rr,15,0.02,weighted,238,815,361,1,0,0.0,0.07690768472552192,0.07690768472552192,0.057353499157847,0.02,49,12,38
webis-touche2020,rr,15,0.02,active_judge,238,819,361,1,0,0.0,0.19235469007153227,0.07690768472552192,0.057353499157847,0.02,49,12,38
webis-touche2020,rr,15,0.02,strat_pilot,238,832,361,1,0,0.0,0.07784172814480853,0.07690768472552192,0.057353499157847,0.02,49,12,38
webis-touche2020,rr,15,0.02,weighted_cv,238,813,361,1,0,0.0,0.06359507847048326,0.07690768472552192,0.057353499157847,0.02,49,12,38
webis-touche2020,rr,15,0.02,active_cv,238,832,361,1,0,0.0,0.1227508187496102,0.07690768472552192,0.057353499157847,0.02,49,12,38
webis-touche2020,rr,15,0.02,weighted_cvl,238,811,361,1,0,0.0,0.06012107851712219,0.07690768472552192,0.057353499157847,0.02,49,12,38
webis-touche2020,rr,15,0.02,uniform,239,809,382,0,0,0.0,0.111784623977593,0.08173331575516754,0.032526605947658584,0.02,49,11,38
webis-touche2020,rr,15,0.02,uniform_nz,239,800,382,1,0,0.0,0.10482763439090388,0.08173331575516754,0.032526605947658584,0.02,49,11,38
webis-touche2020,rr,15,0.02,weighted,239,801,382,1,0,0.0,0.08173331575516754,0.08173331575516754,0.032526605947658584,0.02,49,11,38
webis-touche2020,rr,15,0.02,active_judge,239,791,382,1,0,0.0,0.15976424374242668,0.08173331575516754,0.032526605947658584,0.02,49,11,38
webis-touche2020,rr,15,0.02,strat_pilot,239,804,382,1,0,0.0,0.08229588506495972,0.08173331575516754,0.032526605947658584,0.02,49,11,38
webis-touche2020,rr,15,0.02,weighted_cv,239,806,382,1,0,0.0,0.07573280903719966,0.08173331575516754,0.032526605947658584,0.02,49,11,38
webis-touche2020,rr,15,0.02,active_cv,239,821,382,1,0,0.0,0.2050390776290671,0.08173331575516754,0.032526605947658584,0.02,49,11,38
webis-touche2020,rr,15,0.02,weighted_cvl,239,789,382,1,0,0.0,0.0704396146849126,0.08173331575516754,0.032526605947658584,0.02,49,11,38
webis-touche2020,rr,15,0.02,uniform,240,812,375,1,0,0.0,0.08061722287980908,0.056025760196046506,0.10732008074604192,0.02,49,12,38
webis-touche2020,rr,15,0.02,uniform_nz,240,825,375,1,0,0.0,0.05982192773520326,0.056025760196046506,0.10732008074604192,0.02,49,12,38
webis-touche2020,rr,15,0.02,weighted,240,825,375,1,0,0.0,0.056025760196046506,0.056025760196046506,0.10732008074604192,0.02,49,12,38
webis-touche2020,rr,15,0.02,active_judge,240,828,375,1,0,0.0,0.11260966702986679,0.056025760196046506,0.10732008074604192,0.02,49,12,38
webis-touche2020,rr,15,0.02,strat_pilot,240,820,375,1,0,0.0,0.05629482764117866,0.056025760196046506,0.10732008074604192,0.02,49,12,38
webis-touche2020,rr,15,0.02,weighted_cv,240,819,375,1,0,0.0,0.0457501813672418,0.056025760196046506,0.10732008074604192,0.02,49,12,38
webis-touche2020,rr,15,0.02,active_cv,240,838,375,1,0,0.0,0.07834570474521531,0.056025760196046506,0.10732008074604192,0.02,49,12,38
webis-touche2020,rr,15,0.02,weighted_cvl,240,824,375,1,0,0.0,0.044041202785266124,0.056025760196046506,0.10732008074604192,0.02,49,12,38
webis-touche2020,rr,15,0.02,uniform,241,736,369,1,0,0.0,0.075295367817625,0.03675701063185731,0.035004802558982126,0.02,49,11,36
webis-touche2020,rr,15,0.02,uniform_nz,241,766,369,1,0,0.0,0.05870365495909966,0.03675701063185731,0.035004802558982126,0.02,49,11,36
webis-touche2020,rr,15,0.02,weighted,241,763,369,1,0,0.0,0.03675701063185731,0.03675701063185731,0.035004802558982126,0.02,49,11,36
webis-touche2020,rr,15,0.02,active_judge,241,760,369,1,0,0.0,0.10490475457234975,0.03675701063185731,0.035004802558982126,0.02,49,11,36
webis-touche2020,rr,15,0.02,strat_pilot,241,767,369,1,0,0.0,0.037817883321364536,0.03675701063185731,0.035004802558982126,0.02,49,11,36
webis-touche2020,rr,15,0.02,weighted_cv,241,777,369,1,0,0.0,0.0332557165444939,0.03675701063185731,0.035004802558982126,0.02,49,11,36
webis-touche2020,rr,15,0.02,active_cv,241,772,369,1,0,0.0,0.0774121825220763,0.03675701063185731,0.035004802558982126,0.02,49,11,36
webis-touche2020,rr,15,0.02,weighted_cvl,241,747,369,1,0,0.0,0.03296468346839974,0.03675701063185731,0.035004802558982126,0.02,49,11,36
webis-touche2020,rr,15,0.02,uniform,242,812,380,0,0,0.0,0.08726966780172876,0.054768712828727306,0.02413264839735428,0.02,49,11,36
webis-touche2020,rr,15,0.02,uniform_nz,242,782,380,1,0,0.0,0.07429012629001522,0.054768712828727306,0.02413264839735428,0.02,49,11,36
webis-touche2020,rr,15,0.02,weighted,242,796,380,1,0,0.0,0.054768712828727306,0.054768712828727306,0.02413264839735428,0.02,49,11,36
webis-touche2020,rr,15,0.02,active_judge,242,765,380,1,0,0.0,0.11342378685979235,0.054768712828727306,0.02413264839735428,0.02,49,11,36
webis-touche2020,rr,15,0.02,strat_pilot,242,777,380,1,0,0.0,0.05570250708215715,0.054768712828727306,0.02413264839735428,0.02,49,11,36
webis-touche2020,rr,15,0.02,weighted_cv,242,785,380,1,0,0.0,0.04697395466657851,0.054768712828727306,0.02413264839735428,0.02,49,11,36
webis-touche2020,rr,15,0.02,active_cv,242,757,380,1,0,0.0,0.11100360832392667,0.054768712828727306,0.02413264839735428,0.02,49,11,36
webis-touche2020,rr,15,0.02,weighted_cvl,242,784,380,1,0,0.0,0.044818815663975144,0.054768712828727306,0.02413264839735428,0.02,49,11,36
webis-touche2020,rr,15,0.02,uniform,243,776,382,1,0,0.0,0.06621986925383613,0.03950431924189825,0.0667569860480077,0.02,49,11,38
webis-touche2020,rr,15,0.02,uniform_nz,243,810,382,1,0,0.0,0.0446478451449898,0.03950431924189825,0.0667569860480077,0.02,49,11,38
webis-touche2020,rr,15,0.02,weighted,243,794,382,1,0,0.0,0.03950431924189825,0.03950431924189825,0.0667569860480077,0.02,49,11,38
webis-touche2020,rr,15,0.02,active_judge,243,795,382,1,0,0.0,0.09155608180266825,0.03950431924189825,0.0667569860480077,0.02,49,11,38
webis-touche2020,rr,15,0.02,strat_pilot,243,794,382,1,0,0.0,0.0417552880475318,0.03950431924189825,0.0667569860480077,0.02,49,11,38
webis-touche2020,rr,15,0.02,weighted_cv,243,794,382,1,0,0.0,0.030542518172233624,0.03950431924189825,0.0667569860480077,0.02,49,11,38
webis-touche2020,rr,15,0.02,active_cv,243,809,382,1,0,0.0,0.047067782696529184,0.03950431924189825,0.0667569860480077,0.02,49,11,38
webis-touche2020,rr,15,0.02,weighted_cvl,243,805,382,1,0,0.0,0.030468238642697272,0.03950431924189825,0.0667569860480077,0.02,49,11,38
webis-touche2020,rr,15,0.02,uniform,244,782,373,1,0,0.0,0.2231175739068692,0.058767173327850364,0.07550593690222174,0.02,49,11,38
webis-touche2020,rr,15,0.02,uniform_nz,244,791,373,1,0,0.0,0.09911689448458175,0.058767173327850364,0.07550593690222174,0.02,49,11,38
webis-touche2020,rr,15,0.02,weighted,244,794,373,1,0,0.0,0.058767173327850364,0.058767173327850364,0.07550593690222174,0.02,49,11,38
webis-touche2020,rr,15,0.02,active_judge,244,781,373,1,0,0.0,0.16330830535953872,0.058767173327850364,0.07550593690222174,0.02,49,11,38
webis-touche2020,rr,15,0.02,strat_pilot,244,776,373,1,0,0.0,0.05999139086987966,0.058767173327850364,0.07550593690222174,0.02,49,11,38
webis-touche2020,rr,15,0.02,weighted_cv,244,790,373,1,0,0.0,0.041189260707863835,0.058767173327850364,0.07550593690222174,0.02,49,11,38
webis-touche2020,rr,15,0.02,active_cv,244,777,373,1,0,0.0,0.08572652830162951,0.058767173327850364,0.07550593690222174,0.02,49,11,38
webis-touche2020,rr,15,0.02,weighted_cvl,244,818,373,1,0,0.0,0.03765377575041148,0.058767173327850364,0.07550593690222174,0.02,49,11,38
webis-touche2020,rr,15,0.02,uniform,245,794,379,1,0,0.0,0.24383112087761488,0.07102198690057633,0.0856339876154118,0.02,49,11,38
webis-touche2020,rr,15,0.02,uniform_nz,245,789,379,1,0,0.0,0.11847640585917488,0.07102198690057633,0.0856339876154118,0.02,49,11,38
webis-touche2020,rr,15,0.02,weighted,245,780,379,1,0,0.0,0.07102198690057633,0.07102198690057633,0.0856339876154118,0.02,49,11,38
webis-touche2020,rr,15,0.02,active_judge,245,807,379,1,0,0.0,0.19877046971214424,0.07102198690057633,0.0856339876154118,0.02,49,11,38
webis-touche2020,rr,15,0.02,strat_pilot,245,793,379,1,0,0.0,0.07241667867571003,0.07102198690057633,0.0856339876154118,0.02,49,11,38
webis-touche2020,rr,15,0.02,weighted_cv,245,804,379,1,0,0.0,0.053960156151103465,0.07102198690057633,0.0856339876154118,0.02,49,11,38
webis-touche2020,rr,15,0.02,active_cv,245,791,379,1,0,0.0,0.09494351828435196,0.07102198690057633,0.0856339876154118,0.02,49,11,38
webis-touche2020,rr,15,0.02,weighted_cvl,245,767,379,1,0,0.0,0.05388611751798187,0.07102198690057633,0.0856339876154118,0.02,49,11,38
webis-touche2020,rr,15,0.02,uniform,246,836,387,1,0,0.0,0.09716931004903058,0.05086364427247549,0.061531509999002254,0.02,49,11,38
webis-touche2020,rr,15,0.02,uniform_nz,246,809,387,1,0,0.0,0.08143196020119817,0.05086364427247549,0.061531509999002254,0.02,49,11,38
webis-touche2020,rr,15,0.02,weighted,246,778,387,1,0,0.0,0.05086364427247549,0.05086364427247549,0.061531509999002254,0.02,49,11,38
webis-touche2020,rr,15,0.02,active_judge,246,794,387,1,0,0.0,0.153728074005651,0.05086364427247549,0.061531509999002254,0.02,49,11,38
webis-touche2020,rr,15,0.02,strat_pilot,246,786,387,1,0,0.0,0.05164941409034703,0.05086364427247549,0.061531509999002254,0.02,49,11,38
webis-touche2020,rr,15,0.02,weighted_cv,246,796,387,1,0,0.0,0.04146807318144346,0.05086364427247549,0.061531509999002254,0.02,49,11,38
webis-touche2020,rr,15,0.02,active_cv,246,806,387,1,0,0.0,0.08267401324778545,0.05086364427247549,0.061531509999002254,0.02,49,11,38
webis-touche2020,rr,15,0.02,weighted_cvl,246,800,387,1,0,0.0,0.036551878110514,0.05086364427247549,0.061531509999002254,0.02,49,11,38
webis-touche2020,rr,15,0.02,uniform,247,773,370,1,0,0.0,0.07170169355753675,0.04499907406873525,0.06576036035152334,0.02,49,11,38
webis-touche2020,rr,15,0.02,uniform_nz,247,801,370,1,0,0.0,0.04944183445145621,0.04499907406873525,0.06576036035152334,0.02,49,11,38
webis-touche2020,rr,15,0.02,weighted,247,773,370,1,0,0.0,0.04499907406873525,0.04499907406873525,0.06576036035152334,0.02,49,11,38
webis-touche2020,rr,15,0.02,active_judge,247,769,370,1,0,0.0,0.10825315037708225,0.04499907406873525,0.06576036035152334,0.02,49,11,38
webis-touche2020,rr,15,0.02,strat_pilot,247,802,370,1,0,0.0,0.04567102699502046,0.04499907406873525,0.06576036035152334,0.02,49,11,38
webis-touche2020,rr,15,0.02,weighted_cv,247,786,370,1,0,0.0,0.03991047934535841,0.04499907406873525,0.06576036035152334,0.02,49,11,38
webis-touche2020,rr,15,0.02,active_cv,247,774,370,1,0,0.0,0.06343038453506396,0.04499907406873525,0.06576036035152334,0.02,49,11,38
webis-touche2020,rr,15,0.02,weighted_cvl,247,794,370,1,0,0.0,0.034624509626526245,0.04499907406873525,0.06576036035152334,0.02,49,11,38
webis-touche2020,rr,15,0.02,uniform,248,793,371,1,0,0.0,0.1122426284778391,0.05846191843982872,0.060443050353872804,0.02,49,11,38
webis-touche2020,rr,15,0.02,uniform_nz,248,787,371,1,0,0.0,0.0798736335596324,0.05846191843982872,0.060443050353872804,0.02,49,11,38
webis-touche2020,rr,15,0.02,weighted,248,795,371,1,0,0.0,0.05846191843982872,0.05846191843982872,0.060443050353872804,0.02,49,11,38
webis-touche2020,rr,15,0.02,active_judge,248,789,371,1,0,0.0,0.11270615289132598,0.05846191843982872,0.060443050353872804,0.02,49,11,38
webis-touche2020,rr,15,0.02,strat_pilot,248,795,371,1,0,0.0,0.05891697123414721,0.05846191843982872,0.060443050353872804,0.02,49,11,38
webis-touche2020,rr,15,0.02,weighted_cv,248,783,371,1,0,0.0,0.057083217387990146,0.05846191843982872,0.060443050353872804,0.02,49,11,38
webis-touche2020,rr,15,0.02,active_cv,248,790,371,1,0,0.0,0.1754010098482707,0.05846191843982872,0.060443050353872804,0.02,49,11,38
webis-touche2020,rr,15,0.02,weighted_cvl,248,782,371,1,0,0.0,0.050709743713333796,0.05846191843982872,0.060443050353872804,0.02,49,11,38
webis-touche2020,rr,15,0.02,uniform,249,780,372,0,0,0.0,0.07774125051661981,0.05193161867101237,0.062000150778014546,0.02,49,11,38
webis-touche2020,rr,15,0.02,uniform_nz,249,800,372,1,0,0.0,0.065010242160486,0.05193161867101237,0.062000150778014546,0.02,49,11,38
webis-touche2020,rr,15,0.02,weighted,249,773,372,1,0,0.0,0.05193161867101237,0.05193161867101237,0.062000150778014546,0.02,49,11,38
webis-touche2020,rr,15,0.02,active_judge,249,798,372,1,0,0.0,0.13552107041582565,0.05193161867101237,0.062000150778014546,0.02,49,11,38
webis-touche2020,rr,15,0.02,strat_pilot,249,774,372,1,0,0.0,0.05148178202685362,0.05193161867101237,0.062000150778014546,0.02,49,11,38
webis-touche2020,rr,15,0.02,weighted_cv,249,785,372,1,0,0.0,0.05108457971574336,0.05193161867101237,0.062000150778014546,0.02,49,11,38
webis-touche2020,rr,15,0.02,active_cv,249,780,372,1,0,0.0,0.15078301854452386,0.05193161867101237,0.062000150778014546,0.02,49,11,38
webis-touche2020,rr,15,0.02,weighted_cvl,249,779,372,1,0,0.0,0.04355119968088214,0.05193161867101237,0.062000150778014546,0.02,49,11,38
webis-touche2020,rr,15,0.02,uniform,250,807,394,1,0,0.0,0.15632821856220866,0.09468597211987544,0.11978523365169283,0.02,49,12,38
webis-touche2020,rr,15,0.02,uniform_nz,250,857,394,1,0,0.0,0.11409991832506712,0.09468597211987544,0.11978523365169283,0.02,49,12,38
webis-touche2020,rr,15,0.02,weighted,250,868,394,1,0,0.0,0.09468597211987544,0.09468597211987544,0.11978523365169283,0.02,49,12,38
webis-touche2020,rr,15,0.02,active_judge,250,850,394,1,0,0.0,0.22623188082835527,0.09468597211987544,0.11978523365169283,0.02,49,12,38
webis-touche2020,rr,15,0.02,strat_pilot,250,850,394,1,0,0.0,0.09641885167040522,0.09468597211987544,0.11978523365169283,0.02,49,12,38
webis-touche2020,rr,15,0.02,weighted_cv,250,842,394,1,0,0.0,0.0764043176058545,0.09468597211987544,0.11978523365169283,0.02,49,12,38
webis-touche2020,rr,15,0.02,active_cv,250,859,394,1,0,0.0,0.1533521887314051,0.09468597211987544,0.11978523365169283,0.02,49,12,38
webis-touche2020,rr,15,0.02,weighted_cvl,250,864,394,1,0,0.0,0.07001275749748766,0.09468597211987544,0.11978523365169283,0.02,49,12,38
webis-touche2020,rr,15,0.02,uniform,251,773,372,1,0,0.0,0.08221314163372574,0.045137401824809374,0.04170764478040019,0.02,49,11,38
webis-touche2020,rr,15,0.02,uniform_nz,251,773,372,1,0,0.0,0.05471510400855732,0.045137401824809374,0.04170764478040019,0.02,49,11,38
webis-touche2020,rr,15,0.02,weighted,251,765,372,1,0,0.0,0.045137401824809374,0.045137401824809374,0.04170764478040019,0.02,49,11,38
webis-touche2020,rr,15,0.02,active_judge,251,779,372,1,0,0.0,0.1111064939480996,0.045137401824809374,0.04170764478040019,0.02,49,11,38
webis-touche2020,rr,15,0.02,strat_pilot,251,793,372,1,0,0.0,0.04502243560494696,0.045137401824809374,0.04170764478040019,0.02,49,11,38
webis-touche2020,rr,15,0.02,weighted_cv,251,825,372,1,0,0.0,0.04395887579092455,0.045137401824809374,0.04170764478040019,0.02,49,11,38
webis-touche2020,rr,15,0.02,active_cv,251,814,372,1,0,0.0,0.1306942250465826,0.045137401824809374,0.04170764478040019,0.02,49,11,38
webis-touche2020,rr,15,0.02,weighted_cvl,251,785,372,1,0,0.0,0.038261193319054886,0.045137401824809374,0.04170764478040019,0.02,49,11,38
webis-touche2020,rr,15,0.02,uniform,252,790,373,1,0,0.0,0.21643100984779018,0.059725630889454,0.05727856127684501,0.02,49,11,38
webis-touche2020,rr,15,0.02,uniform_nz,252,783,373,1,0,0.0,0.09652267294142304,0.059725630889454,0.05727856127684501,0.02,49,11,38
webis-touche2020,rr,15,0.02,weighted,252,790,373,1,0,0.0,0.059725630889454,0.059725630889454,0.05727856127684501,0.02,49,11,38
webis-touche2020,rr,15,0.02,active_judge,252,783,373,1,0,0.0,0.17350035357744575,0.059725630889454,0.05727856127684501,0.02,49,11,38
webis-touche2020,rr,15,0.02,strat_pilot,252,791,373,1,0,0.0,0.06014489596271677,0.059725630889454,0.05727856127684501,0.02,49,11,38
webis-touche2020,rr,15,0.02,weighted_cv,252,796,373,1,0,0.0,0.04533603551249401,0.059725630889454,0.05727856127684501,0.02,49,11,38
webis-touche2020,rr,15,0.02,active_cv,252,792,373,1,0,0.0,0.07262439258485154,0.059725630889454,0.05727856127684501,0.02,49,11,38
webis-touche2020,rr,15,0.02,weighted_cvl,252,763,373,1,0,0.0,0.056265169164754526,0.059725630889454,0.05727856127684501,0.02,49,11,38
webis-touche2020,rr,15,0.02,uniform,253,763,370,1,0,0.0,0.09849553850243627,0.04939481197446225,0.05630642164852691,0.02,49,11,38
webis-touche2020,rr,15,0.02,uniform_nz,253,792,370,1,0,0.0,0.07656728208198978,0.04939481197446225,0.05630642164852691,0.02,49,11,38
webis-touche2020,rr,15,0.02,weighted,253,789,370,1,0,0.0,0.04939481197446225,0.04939481197446225,0.05630642164852691,0.02,49,11,38
webis-touche2020,rr,15,0.02,active_judge,253,801,370,1,0,0.0,0.15086247170802863,0.04939481197446225,0.05630642164852691,0.02,49,11,38
webis-touche2020,rr,15,0.02,strat_pilot,253,787,370,1,0,0.0,0.04911052750878679,0.04939481197446225,0.05630642164852691,0.02,49,11,38
webis-touche2020,rr,15,0.02,weighted_cv,253,771,370,1,0,0.0,0.041923412747618675,0.04939481197446225,0.05630642164852691,0.02,49,11,38
webis-touche2020,rr,15,0.02,active_cv,253,772,370,1,0,0.0,0.10285326601603892,0.04939481197446225,0.05630642164852691,0.02,49,11,38
webis-touche2020,rr,15,0.02,weighted_cvl,253,812,370,1,0,0.0,0.036743619500806624,0.04939481197446225,0.05630642164852691,0.02,49,11,38
webis-touche2020,rr,15,0.02,uniform,254,783,377,0,0,0.002516474239005473,0.08652217002553322,0.035575171774691855,0.025762138188608782,0.017483525760994528,49,11,36
webis-touche2020,rr,15,0.02,uniform_nz,254,753,377,1,0,0.002516474239005473,0.05922391983274857,0.035575171774691855,0.025762138188608782,0.017483525760994528,49,11,36
webis-touche2020,rr,15,0.02,weighted,254,779,377,1,0,0.002516474239005473,0.035575171774691855,0.035575171774691855,0.025762138188608782,0.017483525760994528,49,11,36
webis-touche2020,rr,15,0.02,active_judge,254,799,377,1,0,0.002516474239005473,0.09968808255836073,0.035575171774691855,0.025762138188608782,0.017483525760994528,49,11,36
webis-touche2020,rr,15,0.02,strat_pilot,254,777,377,1,0,0.002516474239005473,0.03400156840781783,0.035575171774691855,0.025762138188608782,0.017483525760994528,49,11,36
webis-touche2020,rr,15,0.02,weighted_cv,254,749,377,1,0,0.002516474239005473,0.0265124952281424,0.035575171774691855,0.025762138188608782,0.017483525760994528,49,11,36
webis-touche2020,rr,15,0.02,active_cv,254,766,377,1,0,0.002516474239005473,0.046547100358027685,0.035575171774691855,0.025762138188608782,0.017483525760994528,49,11,36
webis-touche2020,rr,15,0.02,weighted_cvl,254,759,377,1,0,0.002516474239005473,0.023502907482600466,0.035575171774691855,0.025762138188608782,0.017483525760994528,49,11,36
webis-touche2020,rr,15,0.02,uniform,255,829,366,1,0,0.0,0.08718879482971549,0.06373720446018886,0.1106579100545737,0.02,49,12,38
webis-touche2020,rr,15,0.02,uniform_nz,255,791,366,1,0,0.0,0.07693261725331692,0.06373720446018886,0.1106579100545737,0.02,49,12,38
webis-touche2020,rr,15,0.02,weighted,255,815,366,1,0,0.0,0.06373720446018886,0.06373720446018886,0.1106579100545737,0.02,49,12,38
webis-touche2020,rr,15,0.02,active_judge,255,823,366,0,0,0.0,0.12668959384883133,0.06373720446018886,0.1106579100545737,0.02,49,12,38
webis-touche2020,rr,15,0.02,strat_pilot,255,816,366,1,0,0.0,0.06502564316599495,0.06373720446018886,0.1106579100545737,0.02,49,12,38
webis-touche2020,rr,15,0.02,weighted_cv,255,822,366,1,0,0.0,0.056796572373155926,0.06373720446018886,0.1106579100545737,0.02,49,12,38
webis-touche2020,rr,15,0.02,active_cv,255,845,366,1,0,0.0,0.15053920307457314,0.06373720446018886,0.1106579100545737,0.02,49,12,38
webis-touche2020,rr,15,0.02,weighted_cvl,255,823,366,1,0,0.0,0.05279025435433532,0.06373720446018886,0.1106579100545737,0.02,49,12,38
webis-touche2020,rr,15,0.02,uniform,256,775,372,0,0,0.0,0.05679065943706968,0.04413679215137576,0.020239940657897325,0.02,49,11,36
webis-touche2020,rr,15,0.02,uniform_nz,256,762,372,1,0,0.0,0.05398839491902495,0.04413679215137576,0.020239940657897325,0.02,49,11,36
webis-touche2020,rr,15,0.02,weighted,256,783,372,1,0,0.0,0.04413679215137576,0.04413679215137576,0.020239940657897325,0.02,49,11,36
webis-touche2020,rr,15,0.02,active_judge,256,758,372,0,0,0.0,0.0877444295705509,0.04413679215137576,0.020239940657897325,0.02,49,11,36
webis-touche2020,rr,15,0.02,strat_pilot,256,766,372,1,0,0.0,0.04470220082192318,0.04413679215137576,0.020239940657897325,0.02,49,11,36
webis-touche2020,rr,15,0.02,weighted_cv,256,771,372,1,0,0.0,0.042291428804673584,0.04413679215137576,0.020239940657897325,0.02,49,11,36
webis-touche2020,rr,15,0.02,active_cv,256,766,372,0,0,0.0,0.08368396442888705,0.04413679215137576,0.020239940657897325,0.02,49,11,36
webis-touche2020,rr,15,0.02,weighted_cvl,256,770,372,1,0,0.0,0.04117137255066918,0.04413679215137576,0.020239940657897325,0.02,49,11,36
webis-touche2020,rr,15,0.02,uniform,257,804,374,1,0,0.0,0.08160547756203976,0.048345078516731164,0.06955376383162762,0.02,49,11,38
webis-touche2020,rr,15,0.02,uniform_nz,257,780,374,1,0,0.0,0.05564109405738364,0.048345078516731164,0.06955376383162762,0.02,49,11,38
webis-touche2020,rr,15,0.02,weighted,257,797,374,1,0,0.0,0.048345078516731164,0.048345078516731164,0.06955376383162762,0.02,49,11,38
webis-touche2020,rr,15,0.02,active_judge,257,787,374,1,0,0.0,0.1191681537660402,0.048345078516731164,0.06955376383162762,0.02,49,11,38
webis-touche2020,rr,15,0.02,strat_pilot,257,783,374,1,0,0.0,0.048164580118988526,0.048345078516731164,0.06955376383162762,0.02,49,11,38
webis-touche2020,rr,15,0.02,weighted_cv,257,772,374,1,0,0.0,0.0421705622400886,0.048345078516731164,0.06955376383162762,0.02,49,11,38
webis-touche2020,rr,15,0.02,active_cv,257,790,374,0,0,0.0,0.07002640800429696,0.048345078516731164,0.06955376383162762,0.02,49,11,38
webis-touche2020,rr,15,0.02,weighted_cvl,257,787,374,1,0,0.0,0.039568671646501664,0.048345078516731164,0.06955376383162762,0.02,49,11,38
webis-touche2020,rr,15,0.02,uniform,258,789,373,0,0,0.0,0.08304939067606715,0.0495674246195648,0.07394136507664571,0.02,49,11,38
webis-touche2020,rr,15,0.02,uniform_nz,258,773,373,1,0,0.0,0.07474210569538291,0.0495674246195648,0.07394136507664571,0.02,49,11,38
webis-touche2020,rr,15,0.02,weighted,258,779,373,1,0,0.0,0.0495674246195648,0.0495674246195648,0.07394136507664571,0.02,49,11,38
webis-touche2020,rr,15,0.02,active_judge,258,791,373,1,0,0.0,0.1455317558402145,0.0495674246195648,0.07394136507664571,0.02,49,11,38
webis-touche2020,rr,15,0.02,strat_pilot,258,811,373,1,0,0.0,0.05018677158760818,0.0495674246195648,0.07394136507664571,0.02,49,11,38
webis-touche2020,rr,15,0.02,weighted_cv,258,811,373,1,0,0.0,0.04073705121709499,0.0495674246195648,0.07394136507664571,0.02,49,11,38
webis-touche2020,rr,15,0.02,active_cv,258,796,373,1,0,0.0,0.0769133799081874,0.0495674246195648,0.07394136507664571,0.02,49,11,38
webis-touche2020,rr,15,0.02,weighted_cvl,258,791,373,1,0,0.0,0.03842437121412444,0.0495674246195648,0.07394136507664571,0.02,49,11,38
webis-touche2020,rr,15,0.02,uniform,259,813,371,1,0,0.0,0.08623418909156846,0.053545265006835555,0.040092971356129256,0.02,49,11,38
webis-touche2020,rr,15,0.02,uniform_nz,259,782,371,1,0,0.0,0.06418076790990895,0.053545265006835555,0.040092971356129256,0.02,49,11,38
webis-touche2020,rr,15,0.02,weighted,259,775,371,1,0,0.0,0.053545265006835555,0.053545265006835555,0.040092971356129256,0.02,49,11,38
webis-touche2020,rr,15,0.02,active_judge,259,798,371,1,0,0.0,0.13786563377163427,0.053545265006835555,0.040092971356129256,0.02,49,11,38
webis-touche2020,rr,15,0.02,strat_pilot,259,787,371,1,0,0.0,0.05454322914761199,0.053545265006835555,0.040092971356129256,0.02,49,11,38
webis-touche2020,rr,15,0.02,weighted_cv,259,778,371,1,0,0.0,0.043055717398985206,0.053545265006835555,0.040092971356129256,0.02,49,11,38
webis-touche2020,rr,15,0.02,active_cv,259,779,371,1,0,0.0,0.09545862627173293,0.053545265006835555,0.040092971356129256,0.02,49,11,38
webis-touche2020,rr,15,0.02,weighted_cvl,259,768,371,1,0,0.0,0.03909399077319804,0.053545265006835555,0.040092971356129256,0.02,49,11,38
webis-touche2020,rr,15,0.02,uniform,260,802,386,1,0,0.0,0.09610892587304148,0.057926052295321905,0.07396278277392829,0.02,49,11,38
webis-touche2020,rr,15,0.02,uniform_nz,260,808,386,1,0,0.0,0.07067085592170824,0.057926052295321905,0.07396278277392829,0.02,49,11,38
webis-touche2020,rr,15,0.02,weighted,260,803,386,1,0,0.0,0.057926052295321905,0.057926052295321905,0.07396278277392829,0.02,49,11,38
webis-touche2020,rr,15,0.02,active_judge,260,826,386,1,0,0.0,0.11826820616959022,0.057926052295321905,0.07396278277392829,0.02,49,11,38
webis-touche2020,rr,15,0.02,strat_pilot,260,809,386,1,0,0.0,0.05907227547457995,0.057926052295321905,0.07396278277392829,0.02,49,11,38
webis-touche2020,rr,15,0.02,weighted_cv,260,794,386,1,0,0.0,0.05254900078365974,0.057926052295321905,0.07396278277392829,0.02,49,11,38
webis-touche2020,rr,15,0.02,active_cv,260,789,386,1,0,0.0,0.11527446137795097,0.057926052295321905,0.07396278277392829,0.02,49,11,38
webis-touche2020,rr,15,0.02,weighted_cvl,260,818,386,1,0,0.0,0.047330632533853105,0.057926052295321905,0.07396278277392829,0.02,49,11,38
webis-touche2020,rr,15,0.02,uniform,261,794,367,1,0,0.0,0.05698462123682776,0.02509645060116363,0.035921817289464336,0.02,49,11,38
webis-touche2020,rr,15,0.02,uniform_nz,261,779,367,1,0,0.0,0.034671890822946014,0.02509645060116363,0.035921817289464336,0.02,49,11,38
webis-touche2020,rr,15,0.02,weighted,261,780,367,1,0,0.0,0.02509645060116363,0.02509645060116363,0.035921817289464336,0.02,49,11,38
webis-touche2020,rr,15,0.02,active_judge,261,800,367,1,0,0.0,0.06256069176078434,0.02509645060116363,0.035921817289464336,0.02,49,11,38
webis-touche2020,rr,15,0.02,strat_pilot,261,790,367,1,0,0.0,0.02548084371725646,0.02509645060116363,0.035921817289464336,0.02,49,11,38
webis-touche2020,rr,15,0.02,weighted_cv,261,771,367,1,0,0.0,0.02115688136462715,0.02509645060116363,0.035921817289464336,0.02,49,11,38
webis-touche2020,rr,15,0.02,active_cv,261,771,367,1,0,0.0,0.03670233227440976,0.02509645060116363,0.035921817289464336,0.02,49,11,38
webis-touche2020,rr,15,0.02,weighted_cvl,261,773,367,1,0,0.0,0.019572398962322872,0.02509645060116363,0.035921817289464336,0.02,49,11,38
webis-touche2020,rr,15,0.02,uniform,262,801,389,1,0,0.0,0.062433694934267016,0.0323601983714956,0.04912906289006706,0.02,49,11,38
webis-touche2020,rr,15,0.02,uniform_nz,262,794,389,1,0,0.0,0.03899798780871308,0.0323601983714956,0.04912906289006706,0.02,49,11,38
webis-touche2020,rr,15,0.02,weighted,262,820,389,1,0,0.0,0.0323601983714956,0.0323601983714956,0.04912906289006706,0.02,49,11,38
webis-touche2020,rr,15,0.02,active_judge,262,836,389,1,0,0.0,0.06805955789827897,0.0323601983714956,0.04912906289006706,0.02,49,11,38
webis-touche2020,rr,15,0.02,strat_pilot,262,825,389,1,0,0.0,0.032573140278579354,0.0323601983714956,0.04912906289006706,0.02,49,11,38
webis-touche2020,rr,15,0.02,weighted_cv,262,776,389,1,0,0.0,0.02676365457470555,0.0323601983714956,0.04912906289006706,0.02,49,11,38
webis-touche2020,rr,15,0.02,active_cv,262,806,389,1,0,0.0,0.04180067971867237,0.0323601983714956,0.04912906289006706,0.02,49,11,38
webis-touche2020,rr,15,0.02,weighted_cvl,262,824,389,1,0,0.0,0.02535798105051673,0.0323601983714956,0.04912906289006706,0.02,49,11,38
webis-touche2020,rr,15,0.02,uniform,263,849,375,1,0,0.0,0.08241478468580701,0.05612211453738536,0.0674060036620405,0.02,49,12,38
webis-touche2020,rr,15,0.02,uniform_nz,263,823,375,1,0,0.0,0.06673158611374269,0.05612211453738536,0.0674060036620405,0.02,49,12,38
webis-touche2020,rr,15,0.02,weighted,263,839,375,1,0,0.0,0.05612211453738536,0.05612211453738536,0.0674060036620405,0.02,49,12,38
webis-touche2020,rr,15,0.02,active_judge,263,829,375,1,0,0.0,0.11067058221076201,0.05612211453738536,0.0674060036620405,0.02,49,12,38
webis-touche2020,rr,15,0.02,strat_pilot,263,844,375,1,0,0.0,0.0568692700722899,0.05612211453738536,0.0674060036620405,0.02,49,12,38
webis-touche2020,rr,15,0.02,weighted_cv,263,814,375,1,0,0.0,0.04790132378337388,0.05612211453738536,0.0674060036620405,0.02,49,12,38
webis-touche2020,rr,15,0.02,active_cv,263,819,375,1,0,0.0,0.11659355411820982,0.05612211453738536,0.0674060036620405,0.02,49,12,38
webis-touche2020,rr,15,0.02,weighted_cvl,263,845,375,1,0,0.0,0.045870325156283816,0.05612211453738536,0.0674060036620405,0.02,49,12,38
webis-touche2020,rr,15,0.02,uniform,264,845,378,0,0,0.0,0.11033922542577537,0.06430375176948958,0.04428022158440115,0.02,49,11,38
webis-touche2020,rr,15,0.02,uniform_nz,264,813,378,1,0,0.0,0.08426006160954785,0.06430375176948958,0.04428022158440115,0.02,49,11,38
webis-touche2020,rr,15,0.02,weighted,264,794,378,1,0,0.0,0.06430375176948958,0.06430375176948958,0.04428022158440115,0.02,49,11,38
webis-touche2020,rr,15,0.02,active_judge,264,794,378,1,0,0.0,0.16557383176165177,0.06430375176948958,0.04428022158440115,0.02,49,11,38
webis-touche2020,rr,15,0.02,strat_pilot,264,769,378,1,0,0.0,0.06398121611951796,0.06430375176948958,0.04428022158440115,0.02,49,11,38
webis-touche2020,rr,15,0.02,weighted_cv,264,771,378,1,0,0.0,0.058900993994866105,0.06430375176948958,0.04428022158440115,0.02,49,11,38
webis-touche2020,rr,15,0.02,active_cv,264,775,378,1,0,0.0,0.16288008052713054,0.06430375176948958,0.04428022158440115,0.02,49,11,38
webis-touche2020,rr,15,0.02,weighted_cvl,264,779,378,1,0,0.0,0.05425243805637388,0.06430375176948958,0.04428022158440115,0.02,49,11,38
webis-touche2020,rr,15,0.02,uniform,265,789,372,1,0,0.0,0.060256157201146486,0.03302798003329618,0.041010227360072565,0.02,49,11,38
webis-touche2020,rr,15,0.02,uniform_nz,265,786,372,1,0,0.0,0.04182748411405547,0.03302798003329618,0.041010227360072565,0.02,49,11,38
webis-touche2020,rr,15,0.02,weighted,265,800,372,1,0,0.0,0.03302798003329618,0.03302798003329618,0.041010227360072565,0.02,49,11,38
webis-touche2020,rr,15,0.02,active_judge,265,785,372,1,0,0.0,0.08227759929102084,0.03302798003329618,0.041010227360072565,0.02,49,11,38
webis-touche2020,rr,15,0.02,strat_pilot,265,773,372,1,0,0.0,0.0335693791247454,0.03302798003329618,0.041010227360072565,0.02,49,11,38
webis-touche2020,rr,15,0.02,weighted_cv,265,781,372,1,0,0.0,0.0286977438756492,0.03302798003329618,0.041010227360072565,0.02,49,11,38
webis-touche2020,rr,15,0.02,active_cv,265,764,372,1,0,0.0,0.0754086170601806,0.03302798003329618,0.041010227360072565,0.02,49,11,38
webis-touche2020,rr,15,0.02,weighted_cvl,265,750,372,1,0,0.0,0.026190451495522182,0.03302798003329618,0.041010227360072565,0.02,49,11,38
webis-touche2020,rr,15,0.02,uniform,266,779,390,1,0,0.0,0.07032574238367091,0.040691656017805986,0.03719708808563295,0.02,49,11,38
webis-touche2020,rr,15,0.02,uniform_nz,266,772,390,1,0,0.0,0.05010305967228564,0.040691656017805986,0.03719708808563295,0.02,49,11,38
webis-touche2020,rr,15,0.02,weighted,266,831,390,1,0,0.0,0.040691656017805986,0.040691656017805986,0.03719708808563295,0.02,49,11,38
webis-touche2020,rr,15,0.02,active_judge,266,805,390,1,0,0.0,0.09035159364468101,0.040691656017805986,0.03719708808563295,0.02,49,11,38
webis-touche2020,rr,15,0.02,strat_pilot,266,814,390,1,0,0.0,0.04114085871461674,0.040691656017805986,0.03719708808563295,0.02,49,11,38
webis-touche2020,rr,15,0.02,weighted_cv,266,804,390,1,0,0.0,0.034807934114858385,0.040691656017805986,0.03719708808563295,0.02,49,11,38
webis-touche2020,rr,15,0.02,active_cv,266,804,390,1,0,0.0,0.07273229465555073,0.040691656017805986,0.03719708808563295,0.02,49,11,38
webis-touche2020,rr,15,0.02,weighted_cvl,266,798,390,1,0,0.0,0.03401669601050363,0.040691656017805986,0.03719708808563295,0.02,49,11,38
webis-touche2020,rr,15,0.02,uniform,267,807,383,1,0,0.0,0.07359760446019971,0.03679278405111738,0.05922777947064525,0.02,49,11,38
webis-touche2020,rr,15,0.02,uniform_nz,267,792,383,1,0,0.0,0.04566319338565722,0.03679278405111738,0.05922777947064525,0.02,49,11,38
webis-touche2020,rr,15,0.02,weighted,267,761,383,1,0,0.0,0.03679278405111738,0.03679278405111738,0.05922777947064525,0.02,49,11,38
webis-touche2020,rr,15,0.02,active_judge,267,789,383,1,0,0.0,0.08291377247735064,0.03679278405111738,0.05922777947064525,0.02,49,11,38
webis-touche2020,rr,15,0.02,strat_pilot,267,785,383,1,0,0.0,0.037397506710053326,0.03679278405111738,0.05922777947064525,0.02,49,11,38
webis-touche2020,rr,15,0.02,weighted_cv,267,804,383,1,0,0.0,0.032595801970478136,0.03679278405111738,0.05922777947064525,0.02,49,11,38
webis-touche2020,rr,15,0.02,active_cv,267,804,383,1,0,0.0,0.08366594513431787,0.03679278405111738,0.05922777947064525,0.02,49,11,38
webis-touche2020,rr,15,0.02,weighted_cvl,267,791,383,1,0,0.0,0.031251918698458614,0.03679278405111738,0.05922777947064525,0.02,49,11,38
webis-touche2020,rr,15,0.02,uniform,268,825,365,0,0,0.111404967873582,0.113151776485508,0.07466324157157098,0.021011245912094256,-0.091404967873582,49,12,38
webis-touche2020,rr,15,0.02,uniform_nz,268,820,365,0,0,0.111404967873582,0.09101923101557127,0.07466324157157098,0.021011245912094256,-0.091404967873582,49,12,38
webis-touche2020,rr,15,0.02,weighted,268,844,365,0,0,0.111404967873582,0.07466324157157098,0.07466324157157098,0.021011245912094256,-0.091404967873582,49,12,38
webis-touche2020,rr,15,0.02,active_judge,268,819,365,0,0,0.111404967873582,0.1683149990278125,0.07466324157157098,0.021011245912094256,-0.091404967873582,49,12,38
webis-touche2020,rr,15,0.02,strat_pilot,268,838,365,0,0,0.111404967873582,0.07481416215211961,0.07466324157157098,0.021011245912094256,-0.091404967873582,49,12,38
webis-touche2020,rr,15,0.02,weighted_cv,268,841,365,0,0,0.111404967873582,0.06034162385310079,0.07466324157157098,0.021011245912094256,-0.091404967873582,49,12,38
webis-touche2020,rr,15,0.02,active_cv,268,819,365,0,0,0.111404967873582,0.1076899548531463,0.07466324157157098,0.021011245912094256,-0.091404967873582,49,12,38
webis-touche2020,rr,15,0.02,weighted_cvl,268,846,365,0,0,0.111404967873582,0.06907081077089293,0.07466324157157098,0.021011245912094256,-0.091404967873582,49,12,38
webis-touche2020,rr,15,0.02,uniform,269,774,377,0,0,0.0017010554448161352,0.08565294225596076,0.0441970539718257,0.026843469567927762,0.018298944555183865,49,11,36
webis-touche2020,rr,15,0.02,uniform_nz,269,746,377,1,0,0.0017010554448161352,0.07168321447945075,0.0441970539718257,0.026843469567927762,0.018298944555183865,49,11,36
webis-touche2020,rr,15,0.02,weighted,269,754,377,1,0,0.0017010554448161352,0.0441970539718257,0.0441970539718257,0.026843469567927762,0.018298944555183865,49,11,36
webis-touche2020,rr,15,0.02,active_judge,269,771,377,1,0,0.0017010554448161352,0.12215347123087565,0.0441970539718257,0.026843469567927762,0.018298944555183865,49,11,36
webis-touche2020,rr,15,0.02,strat_pilot,269,784,377,1,0,0.0017010554448161352,0.04393948006300153,0.0441970539718257,0.026843469567927762,0.018298944555183865,49,11,36
webis-touche2020,rr,15,0.02,weighted_cv,269,763,377,1,0,0.0017010554448161352,0.03268567836176019,0.0441970539718257,0.026843469567927762,0.018298944555183865,49,11,36
webis-touche2020,rr,15,0.02,active_cv,269,762,377,1,0,0.0017010554448161352,0.0639690600553485,0.0441970539718257,0.026843469567927762,0.018298944555183865,49,11,36
webis-touche2020,rr,15,0.02,weighted_cvl,269,776,377,1,0,0.0017010554448161352,0.03356065702256546,0.0441970539718257,0.026843469567927762,0.018298944555183865,49,11,36
webis-touche2020,rr,15,0.02,uniform,270,818,380,1,0,0.0,0.10523672274877045,0.07154839650783663,0.11821945126111234,0.02,49,12,38
webis-touche2020,rr,15,0.02,uniform_nz,270,843,380,1,0,0.0,0.0858267081345074,0.07154839650783663,0.11821945126111234,0.02,49,12,38
webis-touche2020,rr,15,0.02,weighted,270,897,380,1,0,0.0,0.07154839650783663,0.07154839650783663,0.11821945126111234,0.02,49,12,38
webis-touche2020,rr,15,0.02,active_judge,270,833,380,1,0,0.0,0.1587037695831187,0.07154839650783663,0.11821945126111234,0.02,49,12,38
webis-touche2020,rr,15,0.02,strat_pilot,270,825,380,1,0,0.0,0.07236751560714932,0.07154839650783663,0.11821945126111234,0.02,49,12,38
webis-touche2020,rr,15,0.02,weighted_cv,270,864,380,1,0,0.0,0.061682369018365754,0.07154839650783663,0.11821945126111234,0.02,49,12,38
webis-touche2020,rr,15,0.02,active_cv,270,830,380,1,0,0.0,0.1133282887840656,0.07154839650783663,0.11821945126111234,0.02,49,12,38
webis-touche2020,rr,15,0.02,weighted_cvl,270,847,380,1,0,0.0,0.05925262129350021,0.07154839650783663,0.11821945126111234,0.02,49,12,38
webis-touche2020,rr,15,0.02,uniform,271,832,380,1,0,0.0,0.11618775424530277,0.06751724495154607,0.09650696007797871,0.02,49,12,38
webis-touche2020,rr,15,0.02,uniform_nz,271,832,380,1,0,0.0,0.08127994843697255,0.06751724495154607,0.09650696007797871,0.02,49,12,38
webis-touche2020,rr,15,0.02,weighted,271,823,380,1,0,0.0,0.06751724495154607,0.06751724495154607,0.09650696007797871,0.02,49,12,38
webis-touche2020,rr,15,0.02,active_judge,271,862,380,1,0,0.0,0.12325607797662319,0.06751724495154607,0.09650696007797871,0.02,49,12,38
webis-touche2020,rr,15,0.02,strat_pilot,271,850,380,1,0,0.0,0.0692566917513304,0.06751724495154607,0.09650696007797871,0.02,49,12,38
webis-touche2020,rr,15,0.02,weighted_cv,271,842,380,1,0,0.0,0.054902125562946234,0.06751724495154607,0.09650696007797871,0.02,49,12,38
webis-touche2020,rr,15,0.02,active_cv,271,832,380,1,0,0.0,0.13385683082322924,0.06751724495154607,0.09650696007797871,0.02,49,12,38
webis-touche2020,rr,15,0.02,weighted_cvl,271,846,380,1,0,0.0,0.05052210845632706,0.06751724495154607,0.09650696007797871,0.02,49,12,38
webis-touche2020,rr,15,0.02,uniform,272,815,390,1,0,0.0,0.09170230515684237,0.05293144504109577,0.06591698140479942,0.02,49,11,38
webis-touche2020,rr,15,0.02,uniform_nz,272,808,390,1,0,0.0,0.06330173141646381,0.05293144504109577,0.06591698140479942,0.02,49,11,38
webis-touche2020,rr,15,0.02,weighted,272,805,390,1,0,0.0,0.05293144504109577,0.05293144504109577,0.06591698140479942,0.02,49,11,38
webis-touche2020,rr,15,0.02,active_judge,272,793,390,1,0,0.0,0.1163770905716667,0.05293144504109577,0.06591698140479942,0.02,49,11,38
webis-touche2020,rr,15,0.02,strat_pilot,272,827,390,1,0,0.0,0.05325032230819928,0.05293144504109577,0.06591698140479942,0.02,49,11,38
webis-touche2020,rr,15,0.02,weighted_cv,272,779,390,1,0,0.0,0.0468797670848814,0.05293144504109577,0.06591698140479942,0.02,49,11,38
webis-touche2020,rr,15,0.02,active_cv,272,801,390,1,0,0.0,0.0767545046252023,0.05293144504109577,0.06591698140479942,0.02,49,11,38
webis-touche2020,rr,15,0.02,weighted_cvl,272,824,390,1,0,0.0,0.042560019345580166,0.05293144504109577,0.06591698140479942,0.02,49,11,38
webis-touche2020,rr,15,0.02,uniform,273,860,391,1,0,0.0,0.13850685005295932,0.08399408262023021,0.10055251782368255,0.02,49,12,38
webis-touche2020,rr,15,0.02,uniform_nz,273,832,391,1,0,0.0,0.1018242092709383,0.08399408262023021,0.10055251782368255,0.02,49,12,38
webis-touche2020,rr,15,0.02,weighted,273,850,391,1,0,0.0,0.08399408262023021,0.08399408262023021,0.10055251782368255,0.02,49,12,38
webis-touche2020,rr,15,0.02,active_judge,273,839,391,1,0,0.0,0.15850567889522588,0.08399408262023021,0.10055251782368255,0.02,49,12,38
webis-touche2020,rr,15,0.02,strat_pilot,273,804,391,1,0,0.0,0.0858386105569894,0.08399408262023021,0.10055251782368255,0.02,49,12,38
webis-touche2020,rr,15,0.02,weighted_cv,273,866,391,1,0,0.0,0.06596137920917133,0.08399408262023021,0.10055251782368255,0.02,49,12,38
webis-touche2020,rr,15,0.02,active_cv,273,830,391,1,0,0.0,0.16125682377346967,0.08399408262023021,0.10055251782368255,0.02,49,12,38
webis-touche2020,rr,15,0.02,weighted_cvl,273,834,391,1,0,0.0,0.06596137920917133,0.08399408262023021,0.10055251782368255,0.02,49,12,38
webis-touche2020,rr,15,0.02,uniform,274,812,377,1,0,0.0,0.28286184644169143,0.09010383343846974,0.08991408479584512,0.02,49,12,38
webis-touche2020,rr,15,0.02,uniform_nz,274,802,377,1,0,0.0,0.16683917394948827,0.09010383343846974,0.08991408479584512,0.02,49,12,38
webis-touche2020,rr,15,0.02,weighted,274,838,377,1,0,0.0,0.09010383343846974,0.09010383343846974,0.08991408479584512,0.02,49,12,38
webis-touche2020,rr,15,0.02,active_judge,274,821,377,1,0,0.0,0.2646975249462758,0.09010383343846974,0.08991408479584512,0.02,49,12,38
webis-touche2020,rr,15,0.02,strat_pilot,274,818,377,1,0,0.0,0.09292525908676749,0.09010383343846974,0.08991408479584512,0.02,49,12,38
webis-touche2020,rr,15,0.02,weighted_cv,274,839,377,1,0,0.0,0.05974056585816991,0.09010383343846974,0.08991408479584512,0.02,49,12,38
webis-touche2020,rr,15,0.02,active_cv,274,842,377,1,0,0.0,0.08212964320062988,0.09010383343846974,0.08991408479584512,0.02,49,12,38
webis-touche2020,rr,15,0.02,weighted_cvl,274,866,377,1,0,0.0,0.05916440796696273,0.09010383343846974,0.08991408479584512,0.02,49,12,38
webis-touche2020,rr,15,0.02,uniform,275,821,377,1,0,0.0,0.09754475754196716,0.07484594193887678,0.05662356321839082,0.02,49,12,38
webis-touche2020,rr,15,0.02,uniform_nz,275,847,377,1,0,0.0,0.08452964393526699,0.07484594193887678,0.05662356321839082,0.02,49,12,38
webis-touche2020,rr,15,0.02,weighted,275,829,377,1,0,0.0,0.07484594193887678,0.07484594193887678,0.05662356321839082,0.02,49,12,38
webis-touche2020,rr,15,0.02,active_judge,275,850,377,1,0,0.0,0.16209233532051265,0.07484594193887678,0.05662356321839082,0.02,49,12,38
webis-touche2020,rr,15,0.02,strat_pilot,275,807,377,1,0,0.0,0.07512334044932445,0.07484594193887678,0.05662356321839082,0.02,49,12,38
webis-touche2020,rr,15,0.02,weighted_cv,275,836,377,1,0,0.0,0.06819095069920018,0.07484594193887678,0.05662356321839082,0.02,49,12,38
webis-touche2020,rr,15,0.02,active_cv,275,836,377,1,0,0.0,0.16281119250166914,0.07484594193887678,0.05662356321839082,0.02,49,12,38
webis-touche2020,rr,15,0.02,weighted_cvl,275,853,377,1,0,0.0,0.06563118055782599,0.07484594193887678,0.05662356321839082,0.02,49,12,38
webis-touche2020,rr,15,0.02,uniform,276,798,387,1,0,0.0,0.0754477654632479,0.03968002745666488,0.03432695804367631,0.02,49,11,38
webis-touche2020,rr,15,0.02,uniform_nz,276,808,387,1,0,0.0,0.04906649056075866,0.03968002745666488,0.03432695804367631,0.02,49,11,38
webis-touche2020,rr,15,0.02,weighted,276,798,387,1,0,0.0,0.03968002745666488,0.03968002745666488,0.03432695804367631,0.02,49,11,38
webis-touche2020,rr,15,0.02,active_judge,276,781,387,1,0,0.0,0.08058635887411539,0.03968002745666488,0.03432695804367631,0.02,49,11,38
webis-touche2020,rr,15,0.02,strat_pilot,276,807,387,1,0,0.0,0.03985799205900471,0.03968002745666488,0.03432695804367631,0.02,49,11,38
webis-touche2020,rr,15,0.02,weighted_cv,276,805,387,1,0,0.0,0.03608286911830111,0.03968002745666488,0.03432695804367631,0.02,49,11,38
webis-touche2020,rr,15,0.02,active_cv,276,806,387,1,0,0.0,0.07948957004430116,0.03968002745666488,0.03432695804367631,0.02,49,11,38
webis-touche2020,rr,15,0.02,weighted_cvl,276,781,387,1,0,0.0,0.034555796988423704,0.03968002745666488,0.03432695804367631,0.02,49,11,38
webis-touche2020,rr,15,0.02,uniform,277,839,383,1,0,0.0,0.1176659748327555,0.08812482472906659,0.09890302286604459,0.02,49,12,38
webis-touche2020,rr,15,0.02,uniform_nz,277,852,383,1,0,0.0,0.1048923879216137,0.08812482472906659,0.09890302286604459,0.02,49,12,38
webis-touche2020,rr,15,0.02,weighted,277,833,383,1,0,0.0,0.08812482472906659,0.08812482472906659,0.09890302286604459,0.02,49,12,38
webis-touche2020,rr,15,0.02,active_judge,277,833,383,1,0,0.0,0.17945715327292006,0.08812482472906659,0.09890302286604459,0.02,49,12,38
webis-touche2020,rr,15,0.02,strat_pilot,277,829,383,1,0,0.0,0.08849205298435778,0.08812482472906659,0.09890302286604459,0.02,49,12,38
webis-touche2020,rr,15,0.02,weighted_cv,277,822,383,1,0,0.0,0.0780295463496663,0.08812482472906659,0.09890302286604459,0.02,49,12,38
webis-touche2020,rr,15,0.02,active_cv,277,845,383,1,0,0.0,0.18763578892251376,0.08812482472906659,0.09890302286604459,0.02,49,12,38
webis-touche2020,rr,15,0.02,weighted_cvl,277,817,383,1,0,0.0,0.06821950019707049,0.08812482472906659,0.09890302286604459,0.02,49,12,38
webis-touche2020,rr,15,0.02,uniform,278,809,383,1,0,0.0,0.23102428794024168,0.06744821195175449,0.04797565904454453,0.02,49,11,38
webis-touche2020,rr,15,0.02,uniform_nz,278,795,383,1,0,0.0,0.11040224233268214,0.06744821195175449,0.04797565904454453,0.02,49,11,38
webis-touche2020,rr,15,0.02,weighted,278,784,383,1,0,0.0,0.06744821195175449,0.06744821195175449,0.04797565904454453,0.02,49,11,38
webis-touche2020,rr,15,0.02,active_judge,278,803,383,1,0,0.0,0.20229976535308086,0.06744821195175449,0.04797565904454453,0.02,49,11,38
webis-touche2020,rr,15,0.02,strat_pilot,278,769,383,1,0,0.0,0.06869998232467327,0.06744821195175449,0.04797565904454453,0.02,49,11,38
webis-touche2020,rr,15,0.02,weighted_cv,278,792,383,1,0,0.0,0.04668243445161618,0.06744821195175449,0.04797565904454453,0.02,49,11,38
webis-touche2020,rr,15,0.02,active_cv,278,791,383,1,0,0.0,0.08382989829751467,0.06744821195175449,0.04797565904454453,0.02,49,11,38
webis-touche2020,rr,15,0.02,weighted_cvl,278,821,383,1,0,0.0,0.04668243445161618,0.06744821195175449,0.04797565904454453,0.02,49,11,38
webis-touche2020,rr,15,0.02,uniform,279,817,386,1,0,0.0,0.13240737874377678,0.0854571014661883,0.1098105168504257,0.02,49,12,38
webis-touche2020,rr,15,0.02,uniform_nz,279,833,386,1,0,0.0,0.1019782464291504,0.0854571014661883,0.1098105168504257,0.02,49,12,38
webis-touche2020,rr,15,0.02,weighted,279,830,386,1,0,0.0,0.0854571014661883,0.0854571014661883,0.1098105168504257,0.02,49,12,38
webis-touche2020,rr,15,0.02,active_judge,279,834,386,1,0,0.0,0.16754617301217117,0.0854571014661883,0.1098105168504257,0.02,49,12,38
webis-touche2020,rr,15,0.02,strat_pilot,279,830,386,1,0,0.0,0.08677397262075447,0.0854571014661883,0.1098105168504257,0.02,49,12,38
webis-touche2020,rr,15,0.02,weighted_cv,279,822,386,1,0,0.0,0.07467950733986435,0.0854571014661883,0.1098105168504257,0.02,49,12,38
webis-touche2020,rr,15,0.02,active_cv,279,842,386,1,0,0.0,0.1605227154203891,0.0854571014661883,0.1098105168504257,0.02,49,12,38
webis-touche2020,rr,15,0.02,weighted_cvl,279,830,386,1,0,0.0,0.06559872889024165,0.0854571014661883,0.1098105168504257,0.02,49,12,38
webis-touche2020,rr,15,0.02,uniform,280,787,373,1,0,0.0,0.09078018913218934,0.061731903579869865,0.030353681406312977,0.02,49,11,38
webis-touche2020,rr,15,0.02,uniform_nz,280,767,373,1,0,0.0,0.0747491138620775,0.061731903579869865,0.030353681406312977,0.02,49,11,38
webis-touche2020,rr,15,0.02,weighted,280,780,373,1,0,0.0,0.061731903579869865,0.061731903579869865,0.030353681406312977,0.02,49,11,38
webis-touche2020,rr,15,0.02,active_judge,280,791,373,1,0,0.0,0.12211243340663702,0.061731903579869865,0.030353681406312977,0.02,49,11,38
webis-touche2020,rr,15,0.02,strat_pilot,280,803,373,1,0,0.0,0.061422640916863204,0.061731903579869865,0.030353681406312977,0.02,49,11,38
webis-touche2020,rr,15,0.02,weighted_cv,280,773,373,1,0,0.0,0.06303926756014411,0.061731903579869865,0.030353681406312977,0.02,49,11,38
webis-touche2020,rr,15,0.02,active_cv,280,782,373,1,0,0.0,0.15171977654776214,0.061731903579869865,0.030353681406312977,0.02,49,11,38
webis-touche2020,rr,15,0.02,weighted_cvl,280,809,373,1,0,0.0,0.05495004062445767,0.061731903579869865,0.030353681406312977,0.02,49,11,38
webis-touche2020,rr,15,0.02,uniform,281,807,373,1,0,0.0,0.07154582543826814,0.05679386877181415,0.09465263102421535,0.02,49,12,38
webis-touche2020,rr,15,0.02,uniform_nz,281,811,373,1,0,0.0,0.06287731170486613,0.05679386877181415,0.09465263102421535,0.02,49,12,38
webis-touche2020,rr,15,0.02,weighted,281,826,373,1,0,0.0,0.05679386877181415,0.05679386877181415,0.09465263102421535,0.02,49,12,38
webis-touche2020,rr,15,0.02,active_judge,281,833,373,1,0,0.0,0.13481896332529636,0.05679386877181415,0.09465263102421535,0.02,49,12,38
webis-touche2020,rr,15,0.02,strat_pilot,281,815,373,1,0,0.0,0.05759992425806211,0.05679386877181415,0.09465263102421535,0.02,49,12,38
webis-touche2020,rr,15,0.02,weighted_cv,281,827,373,1,0,0.0,0.050151922908477455,0.05679386877181415,0.09465263102421535,0.02,49,12,38
webis-touche2020,rr,15,0.02,active_cv,281,824,373,1,0,0.0,0.08502462086459647,0.05679386877181415,0.09465263102421535,0.02,49,12,38
webis-touche2020,rr,15,0.02,weighted_cvl,281,819,373,1,0,0.0,0.04662562866985434,0.05679386877181415,0.09465263102421535,0.02,49,12,38
webis-touche2020,rr,15,0.02,uniform,282,791,391,1,0,0.0,0.13009574158379011,0.08449554051379529,0.09097155395917006,0.02,49,11,38
webis-touche2020,rr,15,0.02,uniform_nz,282,801,391,1,0,0.0,0.10400409797566387,0.08449554051379529,0.09097155395917006,0.02,49,11,38
webis-touche2020,rr,15,0.02,weighted,282,819,391,1,0,0.0,0.08449554051379529,0.08449554051379529,0.09097155395917006,0.02,49,11,38
webis-touche2020,rr,15,0.02,active_judge,282,802,391,1,0,0.0,0.20520645077382196,0.08449554051379529,0.09097155395917006,0.02,49,11,38
webis-touche2020,rr,15,0.02,strat_pilot,282,824,391,1,0,0.0,0.08616332988004109,0.08449554051379529,0.09097155395917006,0.02,49,11,38
webis-touche2020,rr,15,0.02,weighted_cv,282,799,391,1,0,0.0,0.0736539084232197,0.08449554051379529,0.09097155395917006,0.02,49,11,38
webis-touche2020,rr,15,0.02,active_cv,282,798,391,1,0,0.0,0.14504918280051532,0.08449554051379529,0.09097155395917006,0.02,49,11,38
webis-touche2020,rr,15,0.02,weighted_cvl,282,797,391,1,0,0.0,0.06413710591068879,0.08449554051379529,0.09097155395917006,0.02,49,11,38
webis-touche2020,rr,15,0.02,uniform,283,800,378,1,0,0.0,0.054014087196513016,0.02905364689521802,0.04600069521122152,0.02,49,11,38
webis-touche2020,rr,15,0.02,uniform_nz,283,800,378,1,0,0.0,0.035144301239455986,0.02905364689521802,0.04600069521122152,0.02,49,11,38
webis-touche2020,rr,15,0.02,weighted,283,811,378,1,0,0.0,0.02905364689521802,0.02905364689521802,0.04600069521122152,0.02,49,11,38
webis-touche2020,rr,15,0.02,active_judge,283,786,378,1,0,0.0,0.061903858265630954,0.02905364689521802,0.04600069521122152,0.02,49,11,38
webis-touche2020,rr,15,0.02,strat_pilot,283,804,378,1,0,0.0,0.02911381894311544,0.02905364689521802,0.04600069521122152,0.02,49,11,38
webis-touche2020,rr,15,0.02,weighted_cv,283,794,378,1,0,0.0,0.02802682429548367,0.02905364689521802,0.04600069521122152,0.02,49,11,38
webis-touche2020,rr,15,0.02,active_cv,283,793,378,1,0,0.0,0.04496498576172662,0.02905364689521802,0.04600069521122152,0.02,49,11,38
webis-touche2020,rr,15,0.02,weighted_cvl,283,804,378,1,0,0.0,0.025964199181369656,0.02905364689521802,0.04600069521122152,0.02,49,11,38
webis-touche2020,rr,15,0.02,uniform,284,774,379,0,0,0.04060539913895911,0.05316660063871127,0.03056482966253108,0.028292464950931795,-0.020605399138959108,49,11,38
webis-touche2020,rr,15,0.02,uniform_nz,284,812,379,0,0,0.04060539913895911,0.03928304827184021,0.03056482966253108,0.028292464950931795,-0.020605399138959108,49,11,38
webis-touche2020,rr,15,0.02,weighted,284,809,379,0,0,0.04060539913895911,0.03056482966253108,0.03056482966253108,0.028292464950931795,-0.020605399138959108,49,11,38
webis-touche2020,rr,15,0.02,active_judge,284,811,379,0,0,0.04060539913895911,0.06111208142013199,0.03056482966253108,0.028292464950931795,-0.020605399138959108,49,11,38
webis-touche2020,rr,15,0.02,strat_pilot,284,780,379,0,0,0.04060539913895911,0.0308559027629855,0.03056482966253108,0.028292464950931795,-0.020605399138959108,49,11,38
webis-touche2020,rr,15,0.02,weighted_cv,284,792,379,0,0,0.04060539913895911,0.024842984974028492,0.03056482966253108,0.028292464950931795,-0.020605399138959108,49,11,38
webis-touche2020,rr,15,0.02,active_cv,284,793,379,0,0,0.04060539913895911,0.05382159650029604,0.03056482966253108,0.028292464950931795,-0.020605399138959108,49,11,38
webis-touche2020,rr,15,0.02,weighted_cvl,284,795,379,0,0,0.04060539913895911,0.024862952535050643,0.03056482966253108,0.028292464950931795,-0.020605399138959108,49,11,38
webis-touche2020,rr,15,0.02,uniform,285,781,379,1,0,0.0,0.22515495390881712,0.06452244274642203,0.08207125932203332,0.02,49,11,38
webis-touche2020,rr,15,0.02,uniform_nz,285,800,379,1,0,0.0,0.10362359318194721,0.06452244274642203,0.08207125932203332,0.02,49,11,38
webis-touche2020,rr,15,0.02,weighted,285,789,379,1,0,0.0,0.06452244274642203,0.06452244274642203,0.08207125932203332,0.02,49,11,38
webis-touche2020,rr,15,0.02,active_judge,285,790,379,1,0,0.0,0.19114761721193735,0.06452244274642203,0.08207125932203332,0.02,49,11,38
webis-touche2020,rr,15,0.02,strat_pilot,285,821,379,1,0,0.0,0.06667396956495164,0.06452244274642203,0.08207125932203332,0.02,49,11,38
webis-touche2020,rr,15,0.02,weighted_cv,285,810,379,1,0,0.0,0.04299831125518491,0.06452244274642203,0.08207125932203332,0.02,49,11,38
webis-touche2020,rr,15,0.02,active_cv,285,764,379,1,0,0.0,0.06751550212806397,0.06452244274642203,0.08207125932203332,0.02,49,11,38
webis-touche2020,rr,15,0.02,weighted_cvl,285,785,379,1,0,0.0,0.04203969093758554,0.06452244274642203,0.08207125932203332,0.02,49,11,38
webis-touche2020,rr,15,0.02,uniform,286,784,374,1,0,0.0,0.23989985883584358,0.059758574015207275,0.08039237506285561,0.02,49,11,38
webis-touche2020,rr,15,0.02,uniform_nz,286,800,374,1,0,0.0,0.09898802877617896,0.059758574015207275,0.08039237506285561,0.02,49,11,38
webis-touche2020,rr,15,0.02,weighted,286,788,374,1,0,0.0,0.059758574015207275,0.059758574015207275,0.08039237506285561,0.02,49,11,38
webis-touche2020,rr,15,0.02,active_judge,286,786,374,1,0,0.0,0.17699737631055412,0.059758574015207275,0.08039237506285561,0.02,49,11,38
webis-touche2020,rr,15,0.02,strat_pilot,286,800,374,1,0,0.0,0.0618382738141257,0.059758574015207275,0.08039237506285561,0.02,49,11,38
webis-touche2020,rr,15,0.02,weighted_cv,286,806,374,1,0,0.0,0.040647972398485575,0.059758574015207275,0.08039237506285561,0.02,49,11,38
webis-touche2020,rr,15,0.02,active_cv,286,807,374,1,0,0.0,0.0621024040885257,0.059758574015207275,0.08039237506285561,0.02,49,11,38
webis-touche2020,rr,15,0.02,weighted_cvl,286,797,374,1,0,0.0,0.040508647738462994,0.059758574015207275,0.08039237506285561,0.02,49,11,38
webis-touche2020,rr,15,0.02,uniform,287,825,377,1,0,0.0,0.07668620238793702,0.055504055634601625,0.09005441152016704,0.02,49,12,38
webis-touche2020,rr,15,0.02,uniform_nz,287,854,377,1,0,0.0,0.06280748233680332,0.055504055634601625,0.09005441152016704,0.02,49,12,38
webis-touche2020,rr,15,0.02,weighted,287,840,377,1,0,0.0,0.055504055634601625,0.055504055634601625,0.09005441152016704,0.02,49,12,38
webis-touche2020,rr,15,0.02,active_judge,287,844,377,1,0,0.0,0.12214548060934594,0.055504055634601625,0.09005441152016704,0.02,49,12,38
webis-touche2020,rr,15,0.02,strat_pilot,287,825,377,1,0,0.0,0.056577308274671556,0.055504055634601625,0.09005441152016704,0.02,49,12,38
webis-touche2020,rr,15,0.02,weighted_cv,287,839,377,1,0,0.0,0.05380177267422086,0.055504055634601625,0.09005441152016704,0.02,49,12,38
webis-touche2020,rr,15,0.02,active_cv,287,819,377,1,0,0.0,0.13385059639877026,0.055504055634601625,0.09005441152016704,0.02,49,12,38
webis-touche2020,rr,15,0.02,weighted_cvl,287,856,377,1,0,0.0,0.04742228390734914,0.055504055634601625,0.09005441152016704,0.02,49,12,38
webis-touche2020,rr,15,0.02,uniform,288,766,368,1,0,0.0,0.23135617771467665,0.06217393153040357,0.06435659515922675,0.02,49,11,38
webis-touche2020,rr,15,0.02,uniform_nz,288,765,368,1,0,0.0,0.09977096414554362,0.06217393153040357,0.06435659515922675,0.02,49,11,38
webis-touche2020,rr,15,0.02,weighted,288,770,368,1,0,0.0,0.06217393153040357,0.06217393153040357,0.06435659515922675,0.02,49,11,38
webis-touche2020,rr,15,0.02,active_judge,288,796,368,1,0,0.0,0.18598297562708738,0.06217393153040357,0.06435659515922675,0.02,49,11,38
webis-touche2020,rr,15,0.02,strat_pilot,288,809,368,1,0,0.0,0.062460424958401276,0.06217393153040357,0.06435659515922675,0.02,49,11,38
webis-touche2020,rr,15,0.02,weighted_cv,288,797,368,1,0,0.0,0.04946370562159087,0.06217393153040357,0.06435659515922675,0.02,49,11,38
webis-touche2020,rr,15,0.02,active_cv,288,793,368,1,0,0.0,0.10358458229637864,0.06217393153040357,0.06435659515922675,0.02,49,11,38
webis-touche2020,rr,15,0.02,weighted_cvl,288,773,368,1,0,0.0,0.05768037912914388,0.06217393153040357,0.06435659515922675,0.02,49,11,38
webis-touche2020,rr,15,0.02,uniform,289,831,369,1,0,0.0,0.07904392935678119,0.057209374205695794,0.06029956454395784,0.02,49,12,38
webis-touche2020,rr,15,0.02,uniform_nz,289,839,369,1,0,0.0,0.06455360509495955,0.057209374205695794,0.06029956454395784,0.02,49,12,38
webis-touche2020,rr,15,0.02,weighted,289,789,369,1,0,0.0,0.057209374205695794,0.057209374205695794,0.06029956454395784,0.02,49,12,38
webis-touche2020,rr,15,0.02,active_judge,289,801,369,1,0,0.0,0.11349711414024896,0.057209374205695794,0.06029956454395784,0.02,49,12,38
webis-touche2020,rr,15,0.02,strat_pilot,289,847,369,1,0,0.0,0.05767274504973311,0.057209374205695794,0.06029956454395784,0.02,49,12,38
webis-touche2020,rr,15,0.02,weighted_cv,289,816,369,1,0,0.0,0.049246295730685466,0.057209374205695794,0.06029956454395784,0.02,49,12,38
webis-touche2020,rr,15,0.02,active_cv,289,835,369,1,0,0.0,0.10100595928993639,0.057209374205695794,0.06029956454395784,0.02,49,12,38
webis-touche2020,rr,15,0.02,weighted_cvl,289,810,369,1,0,0.0,0.049246295730685466,0.057209374205695794,0.06029956454395784,0.02,49,12,38
webis-touche2020,rr,15,0.02,uniform,290,789,383,1,0,0.0,0.05633653340147945,0.031180002170173266,0.057961527501977056,0.02,49,11,38
webis-touche2020,rr,15,0.02,uniform_nz,290,797,383,1,0,0.0,0.037215774220190345,0.031180002170173266,0.057961527501977056,0.02,49,11,38
webis-touche2020,rr,15,0.02,weighted,290,781,383,1,0,0.0,0.031180002170173266,0.031180002170173266,0.057961527501977056,0.02,49,11,38
webis-touche2020,rr,15,0.02,active_judge,290,796,383,1,0,0.0,0.06468454801502432,0.031180002170173266,0.057961527501977056,0.02,49,11,38
webis-touche2020,rr,15,0.02,strat_pilot,290,788,383,1,0,0.0,0.0320562765300964,0.031180002170173266,0.057961527501977056,0.02,49,11,38
webis-touche2020,rr,15,0.02,weighted_cv,290,786,383,1,0,0.0,0.023587508602262486,0.031180002170173266,0.057961527501977056,0.02,49,11,38
webis-touche2020,rr,15,0.02,active_cv,290,769,383,1,0,0.0,0.036845784360773445,0.031180002170173266,0.057961527501977056,0.02,49,11,38
webis-touche2020,rr,15,0.02,weighted_cvl,290,781,383,1,0,0.0,0.022903870357455298,0.031180002170173266,0.057961527501977056,0.02,49,11,38
webis-touche2020,rr,15,0.02,uniform,291,793,376,1,0,0.0,0.08225204145316099,0.053078815756401054,0.03055678377350205,0.02,49,11,38
webis-touche2020,rr,15,0.02,uniform_nz,291,819,376,1,0,0.0,0.06402059423038452,0.053078815756401054,0.03055678377350205,0.02,49,11,38
webis-touche2020,rr,15,0.02,weighted,291,785,376,1,0,0.0,0.053078815756401054,0.053078815756401054,0.03055678377350205,0.02,49,11,38
webis-touche2020,rr,15,0.02,active_judge,291,794,376,1,0,0.0,0.11819000326865278,0.053078815756401054,0.03055678377350205,0.02,49,11,38
webis-touche2020,rr,15,0.02,strat_pilot,291,797,376,1,0,0.0,0.053376738374539844,0.053078815756401054,0.03055678377350205,0.02,49,11,38
webis-touche2020,rr,15,0.02,weighted_cv,291,777,376,1,0,0.0,0.04410880510939246,0.053078815756401054,0.03055678377350205,0.02,49,11,38
webis-touche2020,rr,15,0.02,active_cv,291,782,376,1,0,0.0,0.08666973527842789,0.053078815756401054,0.03055678377350205,0.02,49,11,38
webis-touche2020,rr,15,0.02,weighted_cvl,291,794,376,1,0,0.0,0.04135306768304615,0.053078815756401054,0.03055678377350205,0.02,49,11,38
webis-touche2020,rr,15,0.02,uniform,292,817,370,1,0,0.0,0.05991656012376434,0.03932581456406745,0.046390756846639195,0.02,49,11,38
webis-touche2020,rr,15,0.02,uniform_nz,292,810,370,1,0,0.0,0.043969721429852046,0.03932581456406745,0.046390756846639195,0.02,49,11,38
webis-touche2020,rr,15,0.02,weighted,292,803,370,1,0,0.0,0.03932581456406745,0.03932581456406745,0.046390756846639195,0.02,49,11,38
webis-touche2020,rr,15,0.02,active_judge,292,785,370,1,0,0.0,0.09979156111735592,0.03932581456406745,0.046390756846639195,0.02,49,11,38
webis-touche2020,rr,15,0.02,strat_pilot,292,785,370,1,0,0.0,0.03956155274191132,0.03932581456406745,0.046390756846639195,0.02,49,11,38
webis-touche2020,rr,15,0.02,weighted_cv,292,758,370,1,0,0.0,0.03577554417470606,0.03932581456406745,0.046390756846639195,0.02,49,11,38
webis-touche2020,rr,15,0.02,active_cv,292,767,370,1,0,0.0,0.051658694793423596,0.03932581456406745,0.046390756846639195,0.02,49,11,38
webis-touche2020,rr,15,0.02,weighted_cvl,292,798,370,1,0,0.0,0.03212524730934163,0.03932581456406745,0.046390756846639195,0.02,49,11,38
webis-touche2020,rr,15,0.02,uniform,293,782,370,1,0,0.0,0.07916652360158802,0.041988094770808844,0.031227707534983065,0.02,49,11,38
webis-touche2020,rr,15,0.02,uniform_nz,293,797,370,1,0,0.0,0.05404073741238509,0.041988094770808844,0.031227707534983065,0.02,49,11,38
webis-touche2020,rr,15,0.02,weighted,293,781,370,1,0,0.0,0.041988094770808844,0.041988094770808844,0.031227707534983065,0.02,49,11,38
webis-touche2020,rr,15,0.02,active_judge,293,770,370,1,0,0.0,0.09158668364196658,0.041988094770808844,0.031227707534983065,0.02,49,11,38
webis-touche2020,rr,15,0.02,strat_pilot,293,784,370,1,0,0.0,0.04226974173986408,0.041988094770808844,0.031227707534983065,0.02,49,11,38
webis-touche2020,rr,15,0.02,weighted_cv,293,781,370,1,0,0.0,0.03542623569968536,0.041988094770808844,0.031227707534983065,0.02,49,11,38
webis-touche2020,rr,15,0.02,active_cv,293,805,370,1,0,0.0,0.08370675085778276,0.041988094770808844,0.031227707534983065,0.02,49,11,38
webis-touche2020,rr,15,0.02,weighted_cvl,293,804,370,1,0,0.0,0.03377162075242155,0.041988094770808844,0.031227707534983065,0.02,49,11,38
webis-touche2020,rr,15,0.02,uniform,294,839,391,1,0,0.0,0.11909773522416975,0.07282840555994805,0.11335754621758677,0.02,49,12,38
webis-touche2020,rr,15,0.02,uniform_nz,294,836,391,1,0,0.0,0.08513583309913067,0.07282840555994805,0.11335754621758677,0.02,49,12,38
webis-touche2020,rr,15,0.02,weighted,294,879,391,1,0,0.0,0.07282840555994805,0.07282840555994805,0.11335754621758677,0.02,49,12,38
webis-touche2020,rr,15,0.02,active_judge,294,845,391,1,0,0.0,0.1361125482164592,0.07282840555994805,0.11335754621758677,0.02,49,12,38
webis-touche2020,rr,15,0.02,strat_pilot,294,827,391,1,0,0.0,0.07353148861366204,0.07282840555994805,0.11335754621758677,0.02,49,12,38
webis-touche2020,rr,15,0.02,weighted_cv,294,834,391,1,0,0.0,0.06276061012065624,0.07282840555994805,0.11335754621758677,0.02,49,12,38
webis-touche2020,rr,15,0.02,active_cv,294,859,391,1,0,0.0,0.1241341398681873,0.07282840555994805,0.11335754621758677,0.02,49,12,38
webis-touche2020,rr,15,0.02,weighted_cvl,294,867,391,1,0,0.0,0.061256993285716446,0.07282840555994805,0.11335754621758677,0.02,49,12,38
webis-touche2020,rr,15,0.02,uniform,295,770,382,1,0,0.0,0.0711759704163394,0.0456426719550244,0.07273855865496731,0.02,49,11,38
webis-touche2020,rr,15,0.02,uniform_nz,295,796,382,1,0,0.0,0.05568640089222883,0.0456426719550244,0.07273855865496731,0.02,49,11,38
webis-touche2020,rr,15,0.02,weighted,295,814,382,1,0,0.0,0.0456426719550244,0.0456426719550244,0.07273855865496731,0.02,49,11,38
webis-touche2020,rr,15,0.02,active_judge,295,811,382,1,0,0.0,0.11129795851202946,0.0456426719550244,0.07273855865496731,0.02,49,11,38
webis-touche2020,rr,15,0.02,strat_pilot,295,809,382,1,0,0.0,0.045854403426494585,0.0456426719550244,0.07273855865496731,0.02,49,11,38
webis-touche2020,rr,15,0.02,weighted_cv,295,810,382,1,0,0.0,0.039265995174188294,0.0456426719550244,0.07273855865496731,0.02,49,11,38
webis-touche2020,rr,15,0.02,active_cv,295,792,382,1,0,0.0,0.07304873943668093,0.0456426719550244,0.07273855865496731,0.02,49,11,38
webis-touche2020,rr,15,0.02,weighted_cvl,295,799,382,1,0,0.0,0.03847389780143181,0.0456426719550244,0.07273855865496731,0.02,49,11,38
webis-touche2020,rr,15,0.02,uniform,296,780,381,1,0,0.0003432644242654659,0.06553314806444607,0.03315529508316721,0.02356227106227107,0.019656735575734535,49,11,36
webis-touche2020,rr,15,0.02,uniform_nz,296,750,381,1,0,0.0003432644242654659,0.04578173997168678,0.03315529508316721,0.02356227106227107,0.019656735575734535,49,11,36
webis-touche2020,rr,15,0.02,weighted,296,770,381,1,0,0.0003432644242654659,0.03315529508316721,0.03315529508316721,0.02356227106227107,0.019656735575734535,49,11,36
webis-touche2020,rr,15,0.02,active_judge,296,751,381,1,0,0.0003432644242654659,0.06862071185592777,0.03315529508316721,0.02356227106227107,0.019656735575734535,49,11,36
webis-touche2020,rr,15,0.02,strat_pilot,296,800,381,1,0,0.0003432644242654659,0.0313974765131393,0.03315529508316721,0.02356227106227107,0.019656735575734535,49,11,36
webis-touche2020,rr,15,0.02,weighted_cv,296,748,381,1,0,0.0003432644242654659,0.026720374825218506,0.03315529508316721,0.02356227106227107,0.019656735575734535,49,11,36
webis-touche2020,rr,15,0.02,active_cv,296,774,381,1,0,0.0003432644242654659,0.04758124566155856,0.03315529508316721,0.02356227106227107,0.019656735575734535,49,11,36
webis-touche2020,rr,15,0.02,weighted_cvl,296,778,381,1,0,0.0003432644242654659,0.0252167579110568,0.03315529508316721,0.02356227106227107,0.019656735575734535,49,11,36
webis-touche2020,rr,15,0.02,uniform,297,780,379,1,0,0.0,0.07513732207851608,0.031236567844706555,0.04824344553234711,0.02,49,11,38
webis-touche2020,rr,15,0.02,uniform_nz,297,798,379,1,0,0.0,0.03815042156335435,0.031236567844706555,0.04824344553234711,0.02,49,11,38
webis-touche2020,rr,15,0.02,weighted,297,799,379,1,0,0.0,0.031236567844706555,0.031236567844706555,0.04824344553234711,0.02,49,11,38
webis-touche2020,rr,15,0.02,active_judge,297,799,379,1,0,0.0,0.07508449660403212,0.031236567844706555,0.04824344553234711,0.02,49,11,38
webis-touche2020,rr,15,0.02,strat_pilot,297,801,379,1,0,0.0,0.031768326541030276,0.031236567844706555,0.04824344553234711,0.02,49,11,38
webis-touche2020,rr,15,0.02,weighted_cv,297,810,379,1,0,0.0,0.025623660380957286,0.031236567844706555,0.04824344553234711,0.02,49,11,38
webis-touche2020,rr,15,0.02,active_cv,297,778,379,1,0,0.0,0.038196149664177656,0.031236567844706555,0.04824344553234711,0.02,49,11,38
webis-touche2020,rr,15,0.02,weighted_cvl,297,811,379,1,0,0.0,0.02242707816759359,0.031236567844706555,0.04824344553234711,0.02,49,11,38
webis-touche2020,rr,15,0.02,uniform,298,784,377,0,0,0.0,0.23186228528863384,0.04946598092660023,0.024839030938102146,0.02,49,11,36
webis-touche2020,rr,15,0.02,uniform_nz,298,779,377,1,0,0.0,0.08940614900437002,0.04946598092660023,0.024839030938102146,0.02,49,11,36
webis-touche2020,rr,15,0.02,weighted,298,756,377,1,0,0.0,0.04946598092660023,0.04946598092660023,0.024839030938102146,0.02,49,11,36
webis-touche2020,rr,15,0.02,active_judge,298,767,377,1,0,0.0,0.17416596020338965,0.04946598092660023,0.024839030938102146,0.02,49,11,36
webis-touche2020,rr,15,0.02,strat_pilot,298,795,377,1,0,0.0,0.047615692447782826,0.04946598092660023,0.024839030938102146,0.02,49,11,36
webis-touche2020,rr,15,0.02,weighted_cv,298,759,377,1,0,0.0,0.035807089480301084,0.04946598092660023,0.024839030938102146,0.02,49,11,36
webis-touche2020,rr,15,0.02,active_cv,298,769,377,1,0,0.0,0.06316761993631884,0.04946598092660023,0.024839030938102146,0.02,49,11,36
webis-touche2020,rr,15,0.02,weighted_cvl,298,756,377,1,0,0.0,0.03367117209399371,0.04946598092660023,0.024839030938102146,0.02,49,11,36
webis-touche2020,rr,15,0.02,uniform,299,870,382,1,0,0.0,0.14912316099594114,0.0960607349416903,0.07623677662209094,0.02,49,12,38
webis-touche2020,rr,15,0.02,uniform_nz,299,879,382,1,0,0.0,0.10751692551684791,0.0960607349416903,0.07623677662209094,0.02,49,12,38
webis-touche2020,rr,15,0.02,weighted,299,814,382,1,0,0.0,0.0960607349416903,0.0960607349416903,0.07623677662209094,0.02,49,12,38
webis-touche2020,rr,15,0.02,active_judge,299,820,382,1,0,0.0,0.21328786138087943,0.0960607349416903,0.07623677662209094,0.02,49,12,38
webis-touche2020,rr,15,0.02,strat_pilot,299,835,382,1,0,0.0,0.09707671692060761,0.0960607349416903,0.07623677662209094,0.02,49,12,38
webis-touche2020,rr,15,0.02,weighted_cv,299,837,382,1,0,0.0,0.07564377911622047,0.0960607349416903,0.07623677662209094,0.02,49,12,38
webis-touche2020,rr,15,0.02,active_cv,299,850,382,1,0,0.0,0.12700504468120838,0.0960607349416903,0.07623677662209094,0.02,49,12,38
webis-touche2020,rr,15,0.02,weighted_cvl,299,803,382,1,0,0.0,0.07414346484232924,0.0960607349416903,0.07623677662209094,0.02,49,12,38
