collection,judge,budget_full_eq,eps,method,draw,docs,pilot,act,wrong,regret,v_pilot,v_pilot_ref,slack_pilot,slack_true,n_queries,b,n_sampled
cast19,rr,60,0.01,uniform,0,2889,1005,1,0,0.0,0.47522986833251685,0.12940855967309237,0.03664280039830248,0.01,159,14,136
cast19,rr,60,0.01,uniform_nz,0,2863,1005,0,0,0.0,0.32671605015342625,0.12940855967309237,0.03664280039830248,0.01,159,14,136
cast19,rr,60,0.01,weighted,0,2865,1005,1,0,0.0,0.12940855967309237,0.12940855967309237,0.03664280039830248,0.01,159,14,136
cast19,rr,60,0.01,active_judge,0,2912,1005,0,0,0.0,0.2697612173879059,0.12940855967309237,0.03664280039830248,0.01,159,14,136
cast19,rr,60,0.01,strat_pilot,0,2892,1005,1,0,0.0,0.12946924237826624,0.12940855967309237,0.03664280039830248,0.01,159,14,136
cast19,rr,60,0.01,weighted_cv,0,2890,1005,1,0,0.0,0.09925984745279844,0.12940855967309237,0.03664280039830248,0.01,159,14,136
cast19,rr,60,0.01,active_cv,0,2921,1005,0,0,0.0,0.15256758667453246,0.12940855967309237,0.03664280039830248,0.01,159,14,136
cast19,rr,60,0.01,weighted_cvl,0,2900,1005,1,0,0.0,0.0707294588875398,0.12940855967309237,0.03664280039830248,0.01,159,14,136
cast19,rr,60,0.01,uniform,1,2329,964,0,0,0.0073699342678733015,0.22105788674466537,0.04508785863646199,0.008421633593258298,0.0026300657321266987,159,10,137
cast19,rr,60,0.01,uniform_nz,1,2336,964,0,0,0.0073699342678733015,0.09605089877253695,0.04508785863646199,0.008421633593258298,0.0026300657321266987,159,10,137
cast19,rr,60,0.01,weighted,1,2294,964,0,0,0.0073699342678733015,0.04508785863646199,0.04508785863646199,0.008421633593258298,0.0026300657321266987,159,10,137
cast19,rr,60,0.01,active_judge,1,2301,964,0,0,0.0073699342678733015,0.10796364226306135,0.04508785863646199,0.008421633593258298,0.0026300657321266987,159,10,137
cast19,rr,60,0.01,strat_pilot,1,2341,964,0,0,0.0073699342678733015,0.04505180628191001,0.04508785863646199,0.008421633593258298,0.0026300657321266987,159,10,137
cast19,rr,60,0.01,weighted_cv,1,2347,964,0,0,0.0073699342678733015,0.03955037090242632,0.04508785863646199,0.008421633593258298,0.0026300657321266987,159,10,137
cast19,rr,60,0.01,active_cv,1,2295,964,0,0,0.0073699342678733015,0.05540480061955684,0.04508785863646199,0.008421633593258298,0.0026300657321266987,159,10,137
cast19,rr,60,0.01,weighted_cvl,1,2273,964,0,0,0.0073699342678733015,0.03955037090242632,0.04508785863646199,0.008421633593258298,0.0026300657321266987,159,10,137
cast19,rr,60,0.01,uniform,2,2014,908,0,0,0.0,0.12623995016247128,0.04189331294704528,0.01267141058975424,0.01,159,8,137
cast19,rr,60,0.01,uniform_nz,2,1998,908,0,0,0.0,0.046026633448672,0.04189331294704528,0.01267141058975424,0.01,159,8,137
cast19,rr,60,0.01,weighted,2,2004,908,1,0,0.0,0.04189331294704528,0.04189331294704528,0.01267141058975424,0.01,159,8,137
cast19,rr,60,0.01,active_judge,2,1947,908,0,0,0.0,0.0844303484650962,0.04189331294704528,0.01267141058975424,0.01,159,8,137
cast19,rr,60,0.01,strat_pilot,2,2032,908,0,0,0.0,0.041895744772564636,0.04189331294704528,0.01267141058975424,0.01,159,8,137
cast19,rr,60,0.01,weighted_cv,2,2006,908,1,0,0.0,0.03248585732291207,0.04189331294704528,0.01267141058975424,0.01,159,8,137
cast19,rr,60,0.01,active_cv,2,1997,908,1,0,0.0,0.04789009762768701,0.04189331294704528,0.01267141058975424,0.01,159,8,137
cast19,rr,60,0.01,weighted_cvl,2,1966,908,1,0,0.0,0.03783092377815698,0.04189331294704528,0.01267141058975424,0.01,159,8,137
cast19,rr,60,0.01,uniform,3,2305,951,1,0,0.0,0.12447654992254335,0.048601763441180154,0.016433998494023046,0.01,159,10,137
cast19,rr,60,0.01,uniform_nz,3,2338,951,0,0,0.0,0.05245254651053403,0.048601763441180154,0.016433998494023046,0.01,159,10,137
cast19,rr,60,0.01,weighted,3,2300,951,1,0,0.0,0.048601763441180154,0.048601763441180154,0.016433998494023046,0.01,159,10,137
cast19,rr,60,0.01,active_judge,3,2347,951,0,0,0.0,0.12291185075355249,0.048601763441180154,0.016433998494023046,0.01,159,10,137
cast19,rr,60,0.01,strat_pilot,3,2318,951,1,0,0.0,0.04851223015026488,0.048601763441180154,0.016433998494023046,0.01,159,10,137
cast19,rr,60,0.01,weighted_cv,3,2318,951,1,0,0.0,0.06919812592562118,0.048601763441180154,0.016433998494023046,0.01,159,10,137
cast19,rr,60,0.01,active_cv,3,2285,951,1,0,0.0,0.1360852158605191,0.048601763441180154,0.016433998494023046,0.01,159,10,137
cast19,rr,60,0.01,weighted_cvl,3,2315,951,0,0,0.0,0.029132975471426382,0.048601763441180154,0.016433998494023046,0.01,159,10,137
cast19,rr,60,0.01,uniform,4,2322,949,0,0,0.003610459076866801,0.5044574117475329,0.10193991397544692,0.04126428644567023,0.006389540923133199,159,10,137
cast19,rr,60,0.01,uniform_nz,4,2255,949,0,0,0.003610459076866801,0.2261007364142488,0.10193991397544692,0.04126428644567023,0.006389540923133199,159,10,137
cast19,rr,60,0.01,weighted,4,2333,949,0,0,0.003610459076866801,0.10193991397544692,0.10193991397544692,0.04126428644567023,0.006389540923133199,159,10,137
cast19,rr,60,0.01,active_judge,4,2324,949,1,0,0.003610459076866801,0.25140187137918263,0.10193991397544692,0.04126428644567023,0.006389540923133199,159,10,137
cast19,rr,60,0.01,strat_pilot,4,2335,949,0,0,0.003610459076866801,0.10192520408062014,0.10193991397544692,0.04126428644567023,0.006389540923133199,159,10,137
cast19,rr,60,0.01,weighted_cv,4,2350,949,0,0,0.003610459076866801,0.09638157239787223,0.10193991397544692,0.04126428644567023,0.006389540923133199,159,10,137
cast19,rr,60,0.01,active_cv,4,2342,949,0,0,0.003610459076866801,0.13766245396866988,0.10193991397544692,0.04126428644567023,0.006389540923133199,159,10,137
cast19,rr,60,0.01,weighted_cvl,4,2318,949,0,0,0.003610459076866801,0.05954878197335682,0.10193991397544692,0.04126428644567023,0.006389540923133199,159,10,137
cast19,rr,60,0.01,uniform,5,2145,961,0,0,0.0,0.10652317016536497,0.029265711357238322,0.011171671036222122,0.01,159,9,129
cast19,rr,60,0.01,uniform_nz,5,2049,961,0,0,0.0,0.031178841477513142,0.029265711357238322,0.011171671036222122,0.01,159,9,129
cast19,rr,60,0.01,weighted,5,2050,961,0,0,0.0,0.029265711357238322,0.029265711357238322,0.011171671036222122,0.01,159,9,129
cast19,rr,60,0.01,active_judge,5,2067,961,0,0,0.0,0.07254886008003729,0.029265711357238322,0.011171671036222122,0.01,159,9,129
cast19,rr,60,0.01,strat_pilot,5,2071,961,0,0,0.0,0.028935277320933005,0.029265711357238322,0.011171671036222122,0.01,159,9,129
cast19,rr,60,0.01,weighted_cv,5,2072,961,0,0,0.0,0.03430257628010981,0.029265711357238322,0.011171671036222122,0.01,159,9,129
cast19,rr,60,0.01,active_cv,5,2081,961,0,0,0.0,0.06034462787978673,0.029265711357238322,0.011171671036222122,0.01,159,9,129
cast19,rr,60,0.01,weighted_cvl,5,2072,961,0,0,0.0,0.015763186268158102,0.029265711357238322,0.011171671036222122,0.01,159,9,129
cast19,rr,60,0.01,uniform,6,2360,1030,1,0,0.0,0.21747754327613608,0.061770608737836165,0.013651924013379108,0.01,159,10,137
cast19,rr,60,0.01,uniform_nz,6,2454,1030,0,0,0.0,0.09263627542328864,0.061770608737836165,0.013651924013379108,0.01,159,10,137
cast19,rr,60,0.01,weighted,6,2387,1030,0,0,0.0,0.061770608737836165,0.061770608737836165,0.013651924013379108,0.01,159,10,137
cast19,rr,60,0.01,active_judge,6,2432,1030,0,0,0.0,0.18124251215801662,0.061770608737836165,0.013651924013379108,0.01,159,10,137
cast19,rr,60,0.01,strat_pilot,6,2396,1030,1,0,0.0,0.061721950630620026,0.061770608737836165,0.013651924013379108,0.01,159,10,137
cast19,rr,60,0.01,weighted_cv,6,2381,1030,0,0,0.0,0.0667893943449476,0.061770608737836165,0.013651924013379108,0.01,159,10,137
cast19,rr,60,0.01,active_cv,6,2398,1030,1,0,0.0,0.09905658302954358,0.061770608737836165,0.013651924013379108,0.01,159,10,137
cast19,rr,60,0.01,weighted_cvl,6,2415,1030,0,0,0.0,0.04088367725799318,0.061770608737836165,0.013651924013379108,0.01,159,10,137
cast19,rr,60,0.01,uniform,7,2397,1037,1,0,0.0,0.38429488383954846,0.05401048196530225,0.009148298033746944,0.01,159,10,137
cast19,rr,60,0.01,uniform_nz,7,2413,1037,1,0,0.0,0.15030009408992484,0.05401048196530225,0.009148298033746944,0.01,159,10,137
cast19,rr,60,0.01,weighted,7,2388,1037,0,0,0.0,0.05401048196530225,0.05401048196530225,0.009148298033746944,0.01,159,10,137
cast19,rr,60,0.01,active_judge,7,2411,1037,1,0,0.0,0.1377314128009029,0.05401048196530225,0.009148298033746944,0.01,159,10,137
cast19,rr,60,0.01,strat_pilot,7,2403,1037,1,0,0.0,0.05395474707506568,0.05401048196530225,0.009148298033746944,0.01,159,10,137
cast19,rr,60,0.01,weighted_cv,7,2418,1037,1,0,0.0,0.0900480209010539,0.05401048196530225,0.009148298033746944,0.01,159,10,137
cast19,rr,60,0.01,active_cv,7,2385,1037,1,0,0.0,0.16968890285796406,0.05401048196530225,0.009148298033746944,0.01,159,10,137
cast19,rr,60,0.01,weighted_cvl,7,2426,1037,1,0,0.0,0.03770260140132294,0.05401048196530225,0.009148298033746944,0.01,159,10,137
cast19,rr,60,0.01,uniform,8,2951,996,0,0,0.005809007039819125,0.5858877010160983,0.08230903454522992,0.023859387215811365,0.004190992960180875,159,14,136
cast19,rr,60,0.01,uniform_nz,8,2926,996,0,0,0.005809007039819125,0.40987396090206907,0.08230903454522992,0.023859387215811365,0.004190992960180875,159,14,136
cast19,rr,60,0.01,weighted,8,2893,996,1,0,0.005809007039819125,0.08230903454522992,0.08230903454522992,0.023859387215811365,0.004190992960180875,159,14,136
cast19,rr,60,0.01,active_judge,8,2964,996,1,0,0.005809007039819125,0.27076496876581924,0.08230903454522992,0.023859387215811365,0.004190992960180875,159,14,136
cast19,rr,60,0.01,strat_pilot,8,2929,996,0,0,0.005809007039819125,0.08225238735251053,0.08230903454522992,0.023859387215811365,0.004190992960180875,159,14,136
cast19,rr,60,0.01,weighted_cv,8,2923,996,0,0,0.005809007039819125,0.093248631370345,0.08230903454522992,0.023859387215811365,0.004190992960180875,159,14,136
cast19,rr,60,0.01,active_cv,8,2885,996,0,0,0.005809007039819125,0.13441735327756127,0.08230903454522992,0.023859387215811365,0.004190992960180875,159,14,136
cast19,rr,60,0.01,weighted_cvl,8,2941,996,0,0,0.005809007039819125,0.06777289104656392,0.08230903454522992,0.023859387215811365,0.004190992960180875,159,14,136
cast19,rr,60,0.01,uniform,9,2331,942,0,0,0.0,0.15455409820965316,0.06464870265284103,0.03760537558807097,0.01,159,10,137
cast19,rr,60,0.01,uniform_nz,9,2347,942,0,0,0.0,0.06866955722061999,0.06464870265284103,0.03760537558807097,0.01,159,10,137
cast19,rr,60,0.01,weighted,9,2331,942,1,0,0.0,0.06464870265284103,0.06464870265284103,0.03760537558807097,0.01,159,10,137
cast19,rr,60,0.01,active_judge,9,2270,942,0,0,0.0,0.15276317837430634,0.06464870265284103,0.03760537558807097,0.01,159,10,137
cast19,rr,60,0.01,strat_pilot,9,2327,942,1,0,0.0,0.0646487247596748,0.06464870265284103,0.03760537558807097,0.01,159,10,137
cast19,rr,60,0.01,weighted_cv,9,2323,942,0,0,0.0,0.05664966236889436,0.06464870265284103,0.03760537558807097,0.01,159,10,137
cast19,rr,60,0.01,active_cv,9,2289,942,0,0,0.0,0.09767825474278957,0.06464870265284103,0.03760537558807097,0.01,159,10,137
cast19,rr,60,0.01,weighted_cvl,9,2331,942,1,0,0.0,0.05393795097309913,0.06464870265284103,0.03760537558807097,0.01,159,10,137
cast19,rr,60,0.01,uniform,10,2278,949,0,0,0.0,0.96285148235253,0.11308464290135742,0.027472036742042794,0.01,159,10,137
cast19,rr,60,0.01,uniform_nz,10,2380,949,0,0,0.0,0.4192815467050325,0.11308464290135742,0.027472036742042794,0.01,159,10,137
cast19,rr,60,0.01,weighted,10,2307,949,0,0,0.0,0.11308464290135742,0.11308464290135742,0.027472036742042794,0.01,159,10,137
cast19,rr,60,0.01,active_judge,10,2352,949,1,0,0.0,0.2629068478038306,0.11308464290135742,0.027472036742042794,0.01,159,10,137
cast19,rr,60,0.01,strat_pilot,10,2293,949,0,0,0.0,0.11317049583136182,0.11308464290135742,0.027472036742042794,0.01,159,10,137
cast19,rr,60,0.01,weighted_cv,10,2279,949,0,0,0.0,0.06350475572395735,0.11308464290135742,0.027472036742042794,0.01,159,10,137
cast19,rr,60,0.01,active_cv,10,2293,949,0,0,0.0,0.08712464062092054,0.11308464290135742,0.027472036742042794,0.01,159,10,137
cast19,rr,60,0.01,weighted_cvl,10,2304,949,0,0,0.0,0.06336506141904817,0.11308464290135742,0.027472036742042794,0.01,159,10,137
cast19,rr,60,0.01,uniform,11,2897,990,0,0,0.0,0.22244752706652693,0.09580052177391056,0.01760726445126466,0.01,159,14,136
cast19,rr,60,0.01,uniform_nz,11,2891,990,0,0,0.0,0.15166790138936595,0.09580052177391056,0.01760726445126466,0.01,159,14,136
cast19,rr,60,0.01,weighted,11,2881,990,1,0,0.0,0.09580052177391056,0.09580052177391056,0.01760726445126466,0.01,159,14,136
cast19,rr,60,0.01,active_judge,11,2887,990,0,0,0.0,0.22301022212865318,0.09580052177391056,0.01760726445126466,0.01,159,14,136
cast19,rr,60,0.01,strat_pilot,11,2906,990,1,0,0.0,0.0958047683099866,0.09580052177391056,0.01760726445126466,0.01,159,14,136
cast19,rr,60,0.01,weighted_cv,11,2859,990,1,0,0.0,0.0976072148223502,0.09580052177391056,0.01760726445126466,0.01,159,14,136
cast19,rr,60,0.01,active_cv,11,2888,990,0,0,0.0,0.21729013238351733,0.09580052177391056,0.01760726445126466,0.01,159,14,136
cast19,rr,60,0.01,weighted_cvl,11,2886,990,1,0,0.0,0.05353102376453265,0.09580052177391056,0.01760726445126466,0.01,159,14,136
cast19,rr,60,0.01,uniform,12,2029,939,0,0,0.010031069975720786,0.6587857987635002,0.0622209782812501,0.031552279205143,-3.1069975720785306e-05,159,8,138
cast19,rr,60,0.01,uniform_nz,12,1967,939,0,0,0.010031069975720786,0.19811771079528678,0.0622209782812501,0.031552279205143,-3.1069975720785306e-05,159,8,138
cast19,rr,60,0.01,weighted,12,2086,939,0,0,0.010031069975720786,0.0622209782812501,0.0622209782812501,0.031552279205143,-3.1069975720785306e-05,159,8,138
cast19,rr,60,0.01,active_judge,12,2011,939,0,0,0.010031069975720786,0.15216937380666304,0.0622209782812501,0.031552279205143,-3.1069975720785306e-05,159,8,138
cast19,rr,60,0.01,strat_pilot,12,2003,939,0,0,0.010031069975720786,0.06221296375611075,0.0622209782812501,0.031552279205143,-3.1069975720785306e-05,159,8,138
cast19,rr,60,0.01,weighted_cv,12,2057,939,0,0,0.010031069975720786,0.07308117085253377,0.0622209782812501,0.031552279205143,-3.1069975720785306e-05,159,8,138
cast19,rr,60,0.01,active_cv,12,2031,939,0,0,0.010031069975720786,0.10752004825552346,0.0622209782812501,0.031552279205143,-3.1069975720785306e-05,159,8,138
cast19,rr,60,0.01,weighted_cvl,12,2037,939,1,1,0.010031069975720786,0.03396772486130063,0.0622209782812501,0.031552279205143,-3.1069975720785306e-05,159,8,138
cast19,rr,60,0.01,uniform,13,2823,952,0,0,0.0,0.6727721494759112,0.09358564642571662,0.03012365008411433,0.01,159,14,136
cast19,rr,60,0.01,uniform_nz,13,2890,952,0,0,0.0,0.4374504355559477,0.09358564642571662,0.03012365008411433,0.01,159,14,136
cast19,rr,60,0.01,weighted,13,2871,952,1,0,0.0,0.09358564642571662,0.09358564642571662,0.03012365008411433,0.01,159,14,136
cast19,rr,60,0.01,active_judge,13,2886,952,0,0,0.0,0.2284634773919681,0.09358564642571662,0.03012365008411433,0.01,159,14,136
cast19,rr,60,0.01,strat_pilot,13,2872,952,1,0,0.0,0.09359631061915494,0.09358564642571662,0.03012365008411433,0.01,159,14,136
cast19,rr,60,0.01,weighted_cv,13,2802,952,1,0,0.0,0.07225772508752115,0.09358564642571662,0.03012365008411433,0.01,159,14,136
cast19,rr,60,0.01,active_cv,13,2863,952,1,0,0.0,0.09386396300921855,0.09358564642571662,0.03012365008411433,0.01,159,14,136
cast19,rr,60,0.01,weighted_cvl,13,2841,952,1,0,0.0,0.07225772508752115,0.09358564642571662,0.03012365008411433,0.01,159,14,136
cast19,rr,60,0.01,uniform,14,2361,982,0,0,0.0,0.10311484977643086,0.04102285566219837,0.033157011822612825,0.01,159,10,137
cast19,rr,60,0.01,uniform_nz,14,2362,982,1,0,0.0,0.045463843853404996,0.04102285566219837,0.033157011822612825,0.01,159,10,137
cast19,rr,60,0.01,weighted,14,2347,982,0,0,0.0,0.04102285566219837,0.04102285566219837,0.033157011822612825,0.01,159,10,137
cast19,rr,60,0.01,active_judge,14,2326,982,0,0,0.0,0.10588002822588552,0.04102285566219837,0.033157011822612825,0.01,159,10,137
cast19,rr,60,0.01,strat_pilot,14,2343,982,1,0,0.0,0.04094797740767847,0.04102285566219837,0.033157011822612825,0.01,159,10,137
cast19,rr,60,0.01,weighted_cv,14,2335,982,0,0,0.0,0.05760853657329177,0.04102285566219837,0.033157011822612825,0.01,159,10,137
cast19,rr,60,0.01,active_cv,14,2317,982,0,0,0.0,0.1057048616979751,0.04102285566219837,0.033157011822612825,0.01,159,10,137
cast19,rr,60,0.01,weighted_cvl,14,2405,982,1,0,0.0,0.029355032036278837,0.04102285566219837,0.033157011822612825,0.01,159,10,137
cast19,rr,60,0.01,uniform,15,2328,990,0,0,0.014149132424611632,0.18875256714896654,0.04135968197723548,0.01644175887378204,-0.004149132424611632,159,10,138
cast19,rr,60,0.01,uniform_nz,15,2374,990,0,0,0.014149132424611632,0.07298671240626638,0.04135968197723548,0.01644175887378204,-0.004149132424611632,159,10,138
cast19,rr,60,0.01,weighted,15,2351,990,0,0,0.014149132424611632,0.04135968197723548,0.04135968197723548,0.01644175887378204,-0.004149132424611632,159,10,138
cast19,rr,60,0.01,active_judge,15,2355,990,0,0,0.014149132424611632,0.1321582574590628,0.04135968197723548,0.01644175887378204,-0.004149132424611632,159,10,138
cast19,rr,60,0.01,strat_pilot,15,2341,990,0,0,0.014149132424611632,0.041281632191774324,0.04135968197723548,0.01644175887378204,-0.004149132424611632,159,10,138
cast19,rr,60,0.01,weighted_cv,15,2374,990,0,0,0.014149132424611632,0.03821364868593841,0.04135968197723548,0.01644175887378204,-0.004149132424611632,159,10,138
cast19,rr,60,0.01,active_cv,15,2364,990,0,0,0.014149132424611632,0.07453681563799745,0.04135968197723548,0.01644175887378204,-0.004149132424611632,159,10,138
cast19,rr,60,0.01,weighted_cvl,15,2349,990,0,0,0.014149132424611632,0.021135983768911015,0.04135968197723548,0.01644175887378204,-0.004149132424611632,159,10,138
cast19,rr,60,0.01,uniform,16,2873,975,0,0,0.0,0.47854419904787066,0.12862244227386266,0.01577475003583833,0.01,159,14,136
cast19,rr,60,0.01,uniform_nz,16,2871,975,0,0,0.0,0.2935713405047797,0.12862244227386266,0.01577475003583833,0.01,159,14,136
cast19,rr,60,0.01,weighted,16,2865,975,1,0,0.0,0.12862244227386266,0.12862244227386266,0.01577475003583833,0.01,159,14,136
cast19,rr,60,0.01,active_judge,16,2873,975,0,0,0.0,0.37534461146664627,0.12862244227386266,0.01577475003583833,0.01,159,14,136
cast19,rr,60,0.01,strat_pilot,16,2879,975,0,0,0.0,0.12866345477341776,0.12862244227386266,0.01577475003583833,0.01,159,14,136
cast19,rr,60,0.01,weighted_cv,16,2838,975,0,0,0.0,0.0754901220440562,0.12862244227386266,0.01577475003583833,0.01,159,14,136
cast19,rr,60,0.01,active_cv,16,2882,975,0,0,0.0,0.1092983640576477,0.12862244227386266,0.01577475003583833,0.01,159,14,136
cast19,rr,60,0.01,weighted_cvl,16,2841,975,1,0,0.0,0.06196297653736634,0.12862244227386266,0.01577475003583833,0.01,159,14,136
cast19,rr,60,0.01,uniform,17,2875,998,1,0,0.0,0.2994747785720092,0.11195130428200495,0.04516315267810458,0.01,159,14,136
cast19,rr,60,0.01,uniform_nz,17,2932,998,0,0,0.0,0.1798654500157562,0.11195130428200495,0.04516315267810458,0.01,159,14,136
cast19,rr,60,0.01,weighted,17,2864,998,1,0,0.0,0.11195130428200495,0.11195130428200495,0.04516315267810458,0.01,159,14,136
cast19,rr,60,0.01,active_judge,17,2874,998,0,0,0.0,0.2943045773394128,0.11195130428200495,0.04516315267810458,0.01,159,14,136
cast19,rr,60,0.01,strat_pilot,17,2907,998,1,0,0.0,0.11187987326691454,0.11195130428200495,0.04516315267810458,0.01,159,14,136
cast19,rr,60,0.01,weighted_cv,17,2942,998,1,0,0.0,0.11531952458499602,0.11195130428200495,0.04516315267810458,0.01,159,14,136
cast19,rr,60,0.01,active_cv,17,2876,998,1,0,0.0,0.1944702782173635,0.11195130428200495,0.04516315267810458,0.01,159,14,136
cast19,rr,60,0.01,weighted_cvl,17,2885,998,1,0,0.0,0.06550242565166156,0.11195130428200495,0.04516315267810458,0.01,159,14,136
cast19,rr,60,0.01,uniform,18,2391,973,0,0,0.0,0.4249542629403459,0.08614001638056415,0.014915636948800898,0.01,159,10,137
cast19,rr,60,0.01,uniform_nz,18,2340,973,0,0,0.0,0.19602598602618598,0.08614001638056415,0.014915636948800898,0.01,159,10,137
cast19,rr,60,0.01,weighted,18,2359,973,0,0,0.0,0.08614001638056415,0.08614001638056415,0.014915636948800898,0.01,159,10,137
cast19,rr,60,0.01,active_judge,18,2317,973,0,0,0.0,0.2161686477072248,0.08614001638056415,0.014915636948800898,0.01,159,10,137
cast19,rr,60,0.01,strat_pilot,18,2331,973,1,0,0.0,0.08608057749912332,0.08614001638056415,0.014915636948800898,0.01,159,10,137
cast19,rr,60,0.01,weighted_cv,18,2354,973,0,0,0.0,0.08869956066431073,0.08614001638056415,0.014915636948800898,0.01,159,10,137
cast19,rr,60,0.01,active_cv,18,2394,973,0,0,0.0,0.14202848458982015,0.08614001638056415,0.014915636948800898,0.01,159,10,137
cast19,rr,60,0.01,weighted_cvl,18,2357,973,0,0,0.0,0.08869956066431073,0.08614001638056415,0.014915636948800898,0.01,159,10,137
cast19,rr,60,0.01,uniform,19,2261,906,0,0,0.012103947571627693,0.16370182234540992,0.04746706556768424,0.017303139700669667,-0.002103947571627693,159,10,137
cast19,rr,60,0.01,uniform_nz,19,2204,906,0,0,0.012103947571627693,0.07211809204583534,0.04746706556768424,0.017303139700669667,-0.002103947571627693,159,10,137
cast19,rr,60,0.01,weighted,19,2254,906,0,0,0.012103947571627693,0.04746706556768424,0.04746706556768424,0.017303139700669667,-0.002103947571627693,159,10,137
cast19,rr,60,0.01,active_judge,19,2268,906,0,0,0.012103947571627693,0.14555406622485306,0.04746706556768424,0.017303139700669667,-0.002103947571627693,159,10,137
cast19,rr,60,0.01,strat_pilot,19,2272,906,0,0,0.012103947571627693,0.04743704082824248,0.04746706556768424,0.017303139700669667,-0.002103947571627693,159,10,137
cast19,rr,60,0.01,weighted_cv,19,2265,906,0,0,0.012103947571627693,0.040251195862297154,0.04746706556768424,0.017303139700669667,-0.002103947571627693,159,10,137
cast19,rr,60,0.01,active_cv,19,2232,906,0,0,0.012103947571627693,0.060658035518295225,0.04746706556768424,0.017303139700669667,-0.002103947571627693,159,10,137
cast19,rr,60,0.01,weighted_cvl,19,2287,906,0,0,0.012103947571627693,0.024957568610942855,0.04746706556768424,0.017303139700669667,-0.002103947571627693,159,10,137
cast19,rr,60,0.01,uniform,20,2416,992,0,0,0.0,0.24308246310617304,0.08878683926711846,0.018459786008749535,0.01,159,10,138
cast19,rr,60,0.01,uniform_nz,20,2316,992,0,0,0.0,0.11112333180665453,0.08878683926711846,0.018459786008749535,0.01,159,10,138
cast19,rr,60,0.01,weighted,20,2352,992,0,0,0.0,0.08878683926711846,0.08878683926711846,0.018459786008749535,0.01,159,10,138
cast19,rr,60,0.01,active_judge,20,2353,992,1,0,0.0,0.2004751763451221,0.08878683926711846,0.018459786008749535,0.01,159,10,138
cast19,rr,60,0.01,strat_pilot,20,2346,992,1,0,0.0,0.08878659677599951,0.08878683926711846,0.018459786008749535,0.01,159,10,138
cast19,rr,60,0.01,weighted_cv,20,2373,992,0,0,0.0,0.08424329958570935,0.08878683926711846,0.018459786008749535,0.01,159,10,138
cast19,rr,60,0.01,active_cv,20,2353,992,1,0,0.0,0.14764372645529825,0.08878683926711846,0.018459786008749535,0.01,159,10,138
cast19,rr,60,0.01,weighted_cvl,20,2353,992,1,0,0.0,0.06944090593209759,0.08878683926711846,0.018459786008749535,0.01,159,10,138
cast19,rr,60,0.01,uniform,21,2418,1024,0,0,0.018945523035027056,0.08291969740006123,0.032629293691118895,0.01867933592147819,-0.008945523035027056,159,10,138
cast19,rr,60,0.01,uniform_nz,21,2436,1024,0,0,0.018945523035027056,0.03703670681662992,0.032629293691118895,0.01867933592147819,-0.008945523035027056,159,10,138
cast19,rr,60,0.01,weighted,21,2421,1024,0,0,0.018945523035027056,0.032629293691118895,0.032629293691118895,0.01867933592147819,-0.008945523035027056,159,10,138
cast19,rr,60,0.01,active_judge,21,2412,1024,0,0,0.018945523035027056,0.0741107612301182,0.032629293691118895,0.01867933592147819,-0.008945523035027056,159,10,138
cast19,rr,60,0.01,strat_pilot,21,2388,1024,0,0,0.018945523035027056,0.03262327322523795,0.032629293691118895,0.01867933592147819,-0.008945523035027056,159,10,138
cast19,rr,60,0.01,weighted_cv,21,2396,1024,0,0,0.018945523035027056,0.030572942233362776,0.032629293691118895,0.01867933592147819,-0.008945523035027056,159,10,138
cast19,rr,60,0.01,active_cv,21,2416,1024,0,0,0.018945523035027056,0.05645540256934324,0.032629293691118895,0.01867933592147819,-0.008945523035027056,159,10,138
cast19,rr,60,0.01,weighted_cvl,21,2376,1024,0,0,0.018945523035027056,0.023203489907102366,0.032629293691118895,0.01867933592147819,-0.008945523035027056,159,10,138
cast19,rr,60,0.01,uniform,22,1934,895,0,0,0.0,0.10774169673837757,0.03491010328897728,0.03582452076647123,0.01,159,8,137
cast19,rr,60,0.01,uniform_nz,22,1966,895,0,0,0.0,0.039502089007562136,0.03491010328897728,0.03582452076647123,0.01,159,8,137
cast19,rr,60,0.01,weighted,22,2034,895,1,0,0.0,0.03491010328897728,0.03491010328897728,0.03582452076647123,0.01,159,8,137
cast19,rr,60,0.01,active_judge,22,1977,895,1,0,0.0,0.07593816699498197,0.03491010328897728,0.03582452076647123,0.01,159,8,137
cast19,rr,60,0.01,strat_pilot,22,1936,895,1,0,0.0,0.03476999504637065,0.03491010328897728,0.03582452076647123,0.01,159,8,137
cast19,rr,60,0.01,weighted_cv,22,2017,895,1,0,0.0,0.06514858747303245,0.03491010328897728,0.03582452076647123,0.01,159,8,137
cast19,rr,60,0.01,active_cv,22,1942,895,1,0,0.0,0.1051837536226887,0.03491010328897728,0.03582452076647123,0.01,159,8,137
cast19,rr,60,0.01,weighted_cvl,22,2026,895,1,0,0.0,0.0538615352451289,0.03491010328897728,0.03582452076647123,0.01,159,8,137
cast19,rr,60,0.01,uniform,23,2367,1017,0,0,0.0,0.12005407681958265,0.04787149229220844,0.030279384470392676,0.01,159,10,137
cast19,rr,60,0.01,uniform_nz,23,2429,1017,0,0,0.0,0.054263221538447606,0.04787149229220844,0.030279384470392676,0.01,159,10,137
cast19,rr,60,0.01,weighted,23,2395,1017,1,0,0.0,0.04787149229220844,0.04787149229220844,0.030279384470392676,0.01,159,10,137
cast19,rr,60,0.01,active_judge,23,2383,1017,0,0,0.0,0.12550697072545997,0.04787149229220844,0.030279384470392676,0.01,159,10,137
cast19,rr,60,0.01,strat_pilot,23,2415,1017,1,0,0.0,0.047851688889852625,0.04787149229220844,0.030279384470392676,0.01,159,10,137
cast19,rr,60,0.01,weighted_cv,23,2373,1017,1,0,0.0,0.05406357853166651,0.04787149229220844,0.030279384470392676,0.01,159,10,137
cast19,rr,60,0.01,active_cv,23,2368,1017,0,0,0.0,0.07716558703258994,0.04787149229220844,0.030279384470392676,0.01,159,10,137
cast19,rr,60,0.01,weighted_cvl,23,2370,1017,1,0,0.0,0.029545518742140137,0.04787149229220844,0.030279384470392676,0.01,159,10,137
cast19,rr,60,0.01,uniform,24,2370,981,0,0,0.0,0.35507687505797436,0.04961218061615989,0.004951438941848157,0.01,159,10,137
cast19,rr,60,0.01,uniform_nz,24,2356,981,0,0,0.0,0.14644245879669276,0.04961218061615989,0.004951438941848157,0.01,159,10,137
cast19,rr,60,0.01,weighted,24,2377,981,0,0,0.0,0.04961218061615989,0.04961218061615989,0.004951438941848157,0.01,159,10,137
cast19,rr,60,0.01,active_judge,24,2335,981,1,0,0.0,0.1330267963475829,0.04961218061615989,0.004951438941848157,0.01,159,10,137
cast19,rr,60,0.01,strat_pilot,24,2319,981,0,0,0.0,0.04961105424331092,0.04961218061615989,0.004951438941848157,0.01,159,10,137
cast19,rr,60,0.01,weighted_cv,24,2356,981,1,0,0.0,0.042948002533377515,0.04961218061615989,0.004951438941848157,0.01,159,10,137
cast19,rr,60,0.01,active_cv,24,2355,981,0,0,0.0,0.059485771166297365,0.04961218061615989,0.004951438941848157,0.01,159,10,137
cast19,rr,60,0.01,weighted_cvl,24,2384,981,0,0,0.0,0.03276396722272904,0.04961218061615989,0.004951438941848157,0.01,159,10,137
cast19,rr,60,0.01,uniform,25,2929,986,0,0,0.010059199510116024,0.11240936162528621,0.06642222951432734,0.0142818666634961,-5.919951011602344e-05,159,14,136
cast19,rr,60,0.01,uniform_nz,25,2933,986,0,0,0.010059199510116024,0.07449628760413665,0.06642222951432734,0.0142818666634961,-5.919951011602344e-05,159,14,136
cast19,rr,60,0.01,weighted,25,2893,986,0,0,0.010059199510116024,0.06642222951432734,0.06642222951432734,0.0142818666634961,-5.919951011602344e-05,159,14,136
cast19,rr,60,0.01,active_judge,25,2832,986,0,0,0.010059199510116024,0.15170913102078723,0.06642222951432734,0.0142818666634961,-5.919951011602344e-05,159,14,136
cast19,rr,60,0.01,strat_pilot,25,2933,986,0,0,0.010059199510116024,0.06645997736804184,0.06642222951432734,0.0142818666634961,-5.919951011602344e-05,159,14,136
cast19,rr,60,0.01,weighted_cv,25,2875,986,0,0,0.010059199510116024,0.08005289134962223,0.06642222951432734,0.0142818666634961,-5.919951011602344e-05,159,14,136
cast19,rr,60,0.01,active_cv,25,2869,986,0,0,0.010059199510116024,0.19217142195796988,0.06642222951432734,0.0142818666634961,-5.919951011602344e-05,159,14,136
cast19,rr,60,0.01,weighted_cvl,25,2863,986,0,0,0.010059199510116024,0.04711450737386598,0.06642222951432734,0.0142818666634961,-5.919951011602344e-05,159,14,136
cast19,rr,60,0.01,uniform,26,2965,1057,0,0,0.002700802030899341,0.3892486529049252,0.08557484588775036,0.022171690476930083,0.007299197969100659,159,14,136
cast19,rr,60,0.01,uniform_nz,26,2970,1057,0,0,0.002700802030899341,0.23116103347405717,0.08557484588775036,0.022171690476930083,0.007299197969100659,159,14,136
cast19,rr,60,0.01,weighted,26,2958,1057,0,0,0.002700802030899341,0.08557484588775036,0.08557484588775036,0.022171690476930083,0.007299197969100659,159,14,136
cast19,rr,60,0.01,active_judge,26,2982,1057,0,0,0.002700802030899341,0.18430919061479697,0.08557484588775036,0.022171690476930083,0.007299197969100659,159,14,136
cast19,rr,60,0.01,strat_pilot,26,2974,1057,0,0,0.002700802030899341,0.08551302975850542,0.08557484588775036,0.022171690476930083,0.007299197969100659,159,14,136
cast19,rr,60,0.01,weighted_cv,26,2970,1057,0,0,0.002700802030899341,0.15431816245424565,0.08557484588775036,0.022171690476930083,0.007299197969100659,159,14,136
cast19,rr,60,0.01,active_cv,26,2962,1057,0,0,0.002700802030899341,0.2579663752128255,0.08557484588775036,0.022171690476930083,0.007299197969100659,159,14,136
cast19,rr,60,0.01,weighted_cvl,26,3001,1057,0,0,0.002700802030899341,0.058721856148153416,0.08557484588775036,0.022171690476930083,0.007299197969100659,159,14,136
cast19,rr,60,0.01,uniform,27,2916,1006,0,0,0.0,0.2861043927979726,0.11944415580128571,0.036955956979933965,0.01,159,14,136
cast19,rr,60,0.01,uniform_nz,27,2893,1006,0,0,0.0,0.190839570263906,0.11944415580128571,0.036955956979933965,0.01,159,14,136
cast19,rr,60,0.01,weighted,27,2955,1006,1,0,0.0,0.11944415580128571,0.11944415580128571,0.036955956979933965,0.01,159,14,136
cast19,rr,60,0.01,active_judge,27,2939,1006,0,0,0.0,0.22312456403661818,0.11944415580128571,0.036955956979933965,0.01,159,14,136
cast19,rr,60,0.01,strat_pilot,27,2949,1006,1,0,0.0,0.11951892129212971,0.11944415580128571,0.036955956979933965,0.01,159,14,136
cast19,rr,60,0.01,weighted_cv,27,2932,1006,0,0,0.0,0.0968804754728117,0.11944415580128571,0.036955956979933965,0.01,159,14,136
cast19,rr,60,0.01,active_cv,27,2928,1006,0,0,0.0,0.12852671347314076,0.11944415580128571,0.036955956979933965,0.01,159,14,136
cast19,rr,60,0.01,weighted_cvl,27,2936,1006,1,0,0.0,0.070758942389539,0.11944415580128571,0.036955956979933965,0.01,159,14,136
cast19,rr,60,0.01,uniform,28,2260,964,0,0,0.00995470820182992,0.3565337169679841,0.09074794054744155,0.020222279607284663,4.5291798170079764e-05,159,10,137
cast19,rr,60,0.01,uniform_nz,28,2320,964,0,0,0.00995470820182992,0.14866569222888262,0.09074794054744155,0.020222279607284663,4.5291798170079764e-05,159,10,137
cast19,rr,60,0.01,weighted,28,2337,964,0,0,0.00995470820182992,0.09074794054744155,0.09074794054744155,0.020222279607284663,4.5291798170079764e-05,159,10,137
cast19,rr,60,0.01,active_judge,28,2319,964,0,0,0.00995470820182992,0.2477289184283845,0.09074794054744155,0.020222279607284663,4.5291798170079764e-05,159,10,137
cast19,rr,60,0.01,strat_pilot,28,2385,964,0,0,0.00995470820182992,0.09076366543187273,0.09074794054744155,0.020222279607284663,4.5291798170079764e-05,159,10,137
cast19,rr,60,0.01,weighted_cv,28,2304,964,0,0,0.00995470820182992,0.06473188360550694,0.09074794054744155,0.020222279607284663,4.5291798170079764e-05,159,10,137
cast19,rr,60,0.01,active_cv,28,2316,964,0,0,0.00995470820182992,0.09486656078738967,0.09074794054744155,0.020222279607284663,4.5291798170079764e-05,159,10,137
cast19,rr,60,0.01,weighted_cvl,28,2353,964,0,0,0.00995470820182992,0.04066243092525094,0.09074794054744155,0.020222279607284663,4.5291798170079764e-05,159,10,137
cast19,rr,60,0.01,uniform,29,2843,945,0,0,0.005118044732055793,0.24740230873395858,0.09005099123980906,0.023268289783611847,0.004881955267944207,159,14,136
cast19,rr,60,0.01,uniform_nz,29,2888,945,0,0,0.005118044732055793,0.14413594059449655,0.09005099123980906,0.023268289783611847,0.004881955267944207,159,14,136
cast19,rr,60,0.01,weighted,29,2857,945,0,0,0.005118044732055793,0.09005099123980906,0.09005099123980906,0.023268289783611847,0.004881955267944207,159,14,136
cast19,rr,60,0.01,active_judge,29,2848,945,0,0,0.005118044732055793,0.22330422382785367,0.09005099123980906,0.023268289783611847,0.004881955267944207,159,14,136
cast19,rr,60,0.01,strat_pilot,29,2826,945,0,0,0.005118044732055793,0.09000481163886115,0.09005099123980906,0.023268289783611847,0.004881955267944207,159,14,136
cast19,rr,60,0.01,weighted_cv,29,2852,945,0,0,0.005118044732055793,0.10890588096268054,0.09005099123980906,0.023268289783611847,0.004881955267944207,159,14,136
cast19,rr,60,0.01,active_cv,29,2862,945,0,0,0.005118044732055793,0.185459980880127,0.09005099123980906,0.023268289783611847,0.004881955267944207,159,14,136
cast19,rr,60,0.01,weighted_cvl,29,2821,945,0,0,0.005118044732055793,0.05342275066524952,0.09005099123980906,0.023268289783611847,0.004881955267944207,159,14,136
cast19,rr,60,0.01,uniform,30,2367,923,0,0,0.0,0.7943257692592482,0.12105170701717963,0.06016161765576224,0.01,159,10,138
cast19,rr,60,0.01,uniform_nz,30,2320,923,0,0,0.0,0.4212569183792951,0.12105170701717963,0.06016161765576224,0.01,159,10,138
cast19,rr,60,0.01,weighted,30,2330,923,1,0,0.0,0.12105170701717963,0.12105170701717963,0.06016161765576224,0.01,159,10,138
cast19,rr,60,0.01,active_judge,30,2336,923,0,0,0.0,0.28196807696786547,0.12105170701717963,0.06016161765576224,0.01,159,10,138
cast19,rr,60,0.01,strat_pilot,30,2321,923,1,0,0.0,0.12105794828717575,0.12105170701717963,0.06016161765576224,0.01,159,10,138
cast19,rr,60,0.01,weighted_cv,30,2274,923,1,0,0.0,0.07546346595526969,0.12105170701717963,0.06016161765576224,0.01,159,10,138
cast19,rr,60,0.01,active_cv,30,2329,923,1,0,0.0,0.0972154919293492,0.12105170701717963,0.06016161765576224,0.01,159,10,138
cast19,rr,60,0.01,weighted_cvl,30,2327,923,1,0,0.0,0.048322273786156715,0.12105170701717963,0.06016161765576224,0.01,159,10,138
cast19,rr,60,0.01,uniform,31,2322,955,0,0,0.0,0.6075312254448536,0.06410241119672257,0.029182830033718465,0.01,159,10,137
cast19,rr,60,0.01,uniform_nz,31,2290,955,0,0,0.0,0.3166637741916794,0.06410241119672257,0.029182830033718465,0.01,159,10,137
cast19,rr,60,0.01,weighted,31,2338,955,0,0,0.0,0.06410241119672257,0.06410241119672257,0.029182830033718465,0.01,159,10,137
cast19,rr,60,0.01,active_judge,31,2325,955,0,0,0.0,0.16165181926534886,0.06410241119672257,0.029182830033718465,0.01,159,10,137
cast19,rr,60,0.01,strat_pilot,31,2314,955,1,0,0.0,0.0638686616547075,0.06410241119672257,0.029182830033718465,0.01,159,10,137
cast19,rr,60,0.01,weighted_cv,31,2326,955,0,0,0.0,0.07837930777280566,0.06410241119672257,0.029182830033718465,0.01,159,10,137
cast19,rr,60,0.01,active_cv,31,2315,955,0,0,0.0,0.1513187761241174,0.06410241119672257,0.029182830033718465,0.01,159,10,137
cast19,rr,60,0.01,weighted_cvl,31,2356,955,1,0,0.0,0.039820042198882535,0.06410241119672257,0.029182830033718465,0.01,159,10,137
cast19,rr,60,0.01,uniform,32,2819,1000,0,0,0.0,0.28974898349307426,0.10783664041227992,0.04709488198420087,0.01,159,14,136
cast19,rr,60,0.01,uniform_nz,32,2907,1000,0,0,0.0,0.1777740678748636,0.10783664041227992,0.04709488198420087,0.01,159,14,136
cast19,rr,60,0.01,weighted,32,2858,1000,1,0,0.0,0.10783664041227992,0.10783664041227992,0.04709488198420087,0.01,159,14,136
cast19,rr,60,0.01,active_judge,32,2889,1000,1,0,0.0,0.3029111062172047,0.10783664041227992,0.04709488198420087,0.01,159,14,136
cast19,rr,60,0.01,strat_pilot,32,2897,1000,1,0,0.0,0.10842895298131013,0.10783664041227992,0.04709488198420087,0.01,159,14,136
cast19,rr,60,0.01,weighted_cv,32,2918,1000,1,0,0.0,0.12580260685166209,0.10783664041227992,0.04709488198420087,0.01,159,14,136
cast19,rr,60,0.01,active_cv,32,2931,1000,1,0,0.0,0.24634017454223098,0.10783664041227992,0.04709488198420087,0.01,159,14,136
cast19,rr,60,0.01,weighted_cvl,32,2919,1000,1,0,0.0,0.08112668090222279,0.10783664041227992,0.04709488198420087,0.01,159,14,136
cast19,rr,60,0.01,uniform,33,2334,952,0,0,0.011877198911622922,0.3522303196462995,0.04496844686905333,0.01263345754655149,-0.0018771989116229213,159,10,137
cast19,rr,60,0.01,uniform_nz,33,2346,952,0,0,0.011877198911622922,0.14567209115035026,0.04496844686905333,0.01263345754655149,-0.0018771989116229213,159,10,137
cast19,rr,60,0.01,weighted,33,2275,952,0,0,0.011877198911622922,0.04496844686905333,0.04496844686905333,0.01263345754655149,-0.0018771989116229213,159,10,137
cast19,rr,60,0.01,active_judge,33,2301,952,0,0,0.011877198911622922,0.11537291281697062,0.04496844686905333,0.01263345754655149,-0.0018771989116229213,159,10,137
cast19,rr,60,0.01,strat_pilot,33,2296,952,0,0,0.011877198911622922,0.04496825958040253,0.04496844686905333,0.01263345754655149,-0.0018771989116229213,159,10,137
cast19,rr,60,0.01,weighted_cv,33,2319,952,0,0,0.011877198911622922,0.03780723264414863,0.04496844686905333,0.01263345754655149,-0.0018771989116229213,159,10,137
cast19,rr,60,0.01,active_cv,33,2284,952,0,0,0.011877198911622922,0.06624714260531402,0.04496844686905333,0.01263345754655149,-0.0018771989116229213,159,10,137
cast19,rr,60,0.01,weighted_cvl,33,2299,952,0,0,0.011877198911622922,0.03125364597330985,0.04496844686905333,0.01263345754655149,-0.0018771989116229213,159,10,137
cast19,rr,60,0.01,uniform,34,2917,947,0,0,0.00898338745149685,0.2208706390251705,0.0930242844397475,0.01360910403404347,0.001016612548503151,159,14,136
cast19,rr,60,0.01,uniform_nz,34,2846,947,0,0,0.00898338745149685,0.1456826848432891,0.0930242844397475,0.01360910403404347,0.001016612548503151,159,14,136
cast19,rr,60,0.01,weighted,34,2827,947,0,0,0.00898338745149685,0.0930242844397475,0.0930242844397475,0.01360910403404347,0.001016612548503151,159,14,136
cast19,rr,60,0.01,active_judge,34,2845,947,0,0,0.00898338745149685,0.22366345063901588,0.0930242844397475,0.01360910403404347,0.001016612548503151,159,14,136
cast19,rr,60,0.01,strat_pilot,34,2867,947,0,0,0.00898338745149685,0.09309379542413324,0.0930242844397475,0.01360910403404347,0.001016612548503151,159,14,136
cast19,rr,60,0.01,weighted_cv,34,2840,947,0,0,0.00898338745149685,0.06410253109887827,0.0930242844397475,0.01360910403404347,0.001016612548503151,159,14,136
cast19,rr,60,0.01,active_cv,34,2831,947,0,0,0.00898338745149685,0.09397899481368462,0.0930242844397475,0.01360910403404347,0.001016612548503151,159,14,136
cast19,rr,60,0.01,weighted_cvl,34,2877,947,0,0,0.00898338745149685,0.0545879085091148,0.0930242844397475,0.01360910403404347,0.001016612548503151,159,14,136
cast19,rr,60,0.01,uniform,35,2401,954,0,0,0.006354470655492106,0.08351267270466825,0.03121902918597704,0.015761407335778053,0.0036455293445078942,159,10,137
cast19,rr,60,0.01,uniform_nz,35,2346,954,0,0,0.006354470655492106,0.0355940804068415,0.03121902918597704,0.015761407335778053,0.0036455293445078942,159,10,137
cast19,rr,60,0.01,weighted,35,2361,954,0,0,0.006354470655492106,0.03121902918597704,0.03121902918597704,0.015761407335778053,0.0036455293445078942,159,10,137
cast19,rr,60,0.01,active_judge,35,2310,954,0,0,0.006354470655492106,0.06791620158397352,0.03121902918597704,0.015761407335778053,0.0036455293445078942,159,10,137
cast19,rr,60,0.01,strat_pilot,35,2281,954,0,0,0.006354470655492106,0.031190294212311558,0.03121902918597704,0.015761407335778053,0.0036455293445078942,159,10,137
cast19,rr,60,0.01,weighted_cv,35,2360,954,0,0,0.006354470655492106,0.05185105522028155,0.03121902918597704,0.015761407335778053,0.0036455293445078942,159,10,137
cast19,rr,60,0.01,active_cv,35,2304,954,0,0,0.006354470655492106,0.0864568996927336,0.03121902918597704,0.015761407335778053,0.0036455293445078942,159,10,137
cast19,rr,60,0.01,weighted_cvl,35,2275,954,0,0,0.006354470655492106,0.020474206275966175,0.03121902918597704,0.015761407335778053,0.0036455293445078942,159,10,137
cast19,rr,60,0.01,uniform,36,2363,992,0,0,0.0,0.41950682095561687,0.08513796661798409,0.06033210511538684,0.01,159,10,137
cast19,rr,60,0.01,uniform_nz,36,2388,992,0,0,0.0,0.16055609755445782,0.08513796661798409,0.06033210511538684,0.01,159,10,137
cast19,rr,60,0.01,weighted,36,2359,992,1,0,0.0,0.08513796661798409,0.08513796661798409,0.06033210511538684,0.01,159,10,137
cast19,rr,60,0.01,active_judge,36,2324,992,1,0,0.0,0.23427914511806672,0.08513796661798409,0.06033210511538684,0.01,159,10,137
cast19,rr,60,0.01,strat_pilot,36,2396,992,0,0,0.0,0.08506233213639904,0.08513796661798409,0.06033210511538684,0.01,159,10,137
cast19,rr,60,0.01,weighted_cv,36,2366,992,1,0,0.0,0.07988540104185252,0.08513796661798409,0.06033210511538684,0.01,159,10,137
cast19,rr,60,0.01,active_cv,36,2328,992,0,0,0.0,0.13264683242018488,0.08513796661798409,0.06033210511538684,0.01,159,10,137
cast19,rr,60,0.01,weighted_cvl,36,2304,992,1,0,0.0,0.0448706871269263,0.08513796661798409,0.06033210511538684,0.01,159,10,137
cast19,rr,60,0.01,uniform,37,2159,1023,0,0,0.0,0.09434201727076615,0.023646807662648456,0.015822262318005362,0.01,159,9,125
cast19,rr,60,0.01,uniform_nz,37,2116,1023,0,0,0.0,0.025782127284249425,0.023646807662648456,0.015822262318005362,0.01,159,9,125
cast19,rr,60,0.01,weighted,37,2086,1023,0,0,0.0,0.023646807662648456,0.023646807662648456,0.015822262318005362,0.01,159,9,125
cast19,rr,60,0.01,active_judge,37,2099,1023,0,0,0.0,0.05673910048723492,0.023646807662648456,0.015822262318005362,0.01,159,9,125
cast19,rr,60,0.01,strat_pilot,37,2118,1023,0,0,0.0,0.023493084221146193,0.023646807662648456,0.015822262318005362,0.01,159,9,125
cast19,rr,60,0.01,weighted_cv,37,2123,1023,0,0,0.0,0.03518973066933824,0.023646807662648456,0.015822262318005362,0.01,159,9,125
cast19,rr,60,0.01,active_cv,37,2116,1023,1,0,0.0,0.06505205296123898,0.023646807662648456,0.015822262318005362,0.01,159,9,125
cast19,rr,60,0.01,weighted_cvl,37,2112,1023,1,0,0.0,0.014144391198595226,0.023646807662648456,0.015822262318005362,0.01,159,9,125
cast19,rr,60,0.01,uniform,38,2322,911,0,0,0.0,0.3302400281045011,0.041236113696831514,0.015263543739280714,0.01,159,10,137
cast19,rr,60,0.01,uniform_nz,38,2268,911,1,0,0.0,0.13661229826807358,0.041236113696831514,0.015263543739280714,0.01,159,10,137
cast19,rr,60,0.01,weighted,38,2281,911,0,0,0.0,0.041236113696831514,0.041236113696831514,0.015263543739280714,0.01,159,10,137
cast19,rr,60,0.01,active_judge,38,2277,911,0,0,0.0,0.11388422483187007,0.041236113696831514,0.015263543739280714,0.01,159,10,137
cast19,rr,60,0.01,strat_pilot,38,2290,911,1,0,0.0,0.04109131862312043,0.041236113696831514,0.015263543739280714,0.01,159,10,137
cast19,rr,60,0.01,weighted_cv,38,2277,911,0,0,0.0,0.04608881355415323,0.041236113696831514,0.015263543739280714,0.01,159,10,137
cast19,rr,60,0.01,active_cv,38,2244,911,1,0,0.0,0.06510551385890202,0.041236113696831514,0.015263543739280714,0.01,159,10,137
cast19,rr,60,0.01,weighted_cvl,38,2283,911,0,0,0.0,0.03509708884483949,0.041236113696831514,0.015263543739280714,0.01,159,10,137
cast19,rr,60,0.01,uniform,39,2005,879,0,0,0.0,0.08746775085404701,0.027044456118982818,0.01207930493998606,0.01,159,9,127
cast19,rr,60,0.01,uniform_nz,39,2034,879,0,0,0.0,0.03022006726569252,0.027044456118982818,0.01207930493998606,0.01,159,9,127
cast19,rr,60,0.01,weighted,39,2004,879,1,0,0.0,0.027044456118982818,0.027044456118982818,0.01207930493998606,0.01,159,9,127
cast19,rr,60,0.01,active_judge,39,1983,879,1,0,0.0,0.0710001488099889,0.027044456118982818,0.01207930493998606,0.01,159,9,127
cast19,rr,60,0.01,strat_pilot,39,2035,879,0,0,0.0,0.02695032819821742,0.027044456118982818,0.01207930493998606,0.01,159,9,127
cast19,rr,60,0.01,weighted_cv,39,1995,879,1,0,0.0,0.033715942569028365,0.027044456118982818,0.01207930493998606,0.01,159,9,127
cast19,rr,60,0.01,active_cv,39,2001,879,0,0,0.0,0.06270596717495114,0.027044456118982818,0.01207930493998606,0.01,159,9,127
cast19,rr,60,0.01,weighted_cvl,39,2035,879,0,0,0.0,0.01572400782665022,0.027044456118982818,0.01207930493998606,0.01,159,9,127
cast19,rr,60,0.01,uniform,40,2966,977,0,0,0.004181702570033585,0.14098826823875482,0.07332568727831923,0.008299613589423799,0.005818297429966415,159,14,136
cast19,rr,60,0.01,uniform_nz,40,2878,977,0,0,0.004181702570033585,0.09270264130156357,0.07332568727831923,0.008299613589423799,0.005818297429966415,159,14,136
cast19,rr,60,0.01,weighted,40,2928,977,0,0,0.004181702570033585,0.07332568727831923,0.07332568727831923,0.008299613589423799,0.005818297429966415,159,14,136
cast19,rr,60,0.01,active_judge,40,2892,977,0,0,0.004181702570033585,0.14930860078783587,0.07332568727831923,0.008299613589423799,0.005818297429966415,159,14,136
cast19,rr,60,0.01,strat_pilot,40,2867,977,0,0,0.004181702570033585,0.07353704934914412,0.07332568727831923,0.008299613589423799,0.005818297429966415,159,14,136
cast19,rr,60,0.01,weighted_cv,40,2892,977,0,0,0.004181702570033585,0.0655245552367818,0.07332568727831923,0.008299613589423799,0.005818297429966415,159,14,136
cast19,rr,60,0.01,active_cv,40,2922,977,0,0,0.004181702570033585,0.10142246867508745,0.07332568727831923,0.008299613589423799,0.005818297429966415,159,14,136
cast19,rr,60,0.01,weighted_cvl,40,2867,977,0,0,0.004181702570033585,0.042158574238755395,0.07332568727831923,0.008299613589423799,0.005818297429966415,159,14,136
cast19,rr,60,0.01,uniform,41,2314,986,0,0,0.0,0.816369908688056,0.05582565915719451,0.01830302453064602,0.01,159,10,137
cast19,rr,60,0.01,uniform_nz,41,2382,986,0,0,0.0,0.3413924509056816,0.05582565915719451,0.01830302453064602,0.01,159,10,137
cast19,rr,60,0.01,weighted,41,2333,986,0,0,0.0,0.05582565915719451,0.05582565915719451,0.01830302453064602,0.01,159,10,137
cast19,rr,60,0.01,active_judge,41,2318,986,0,0,0.0,0.16756096795644265,0.05582565915719451,0.01830302453064602,0.01,159,10,137
cast19,rr,60,0.01,strat_pilot,41,2353,986,0,0,0.0,0.055870282593553755,0.05582565915719451,0.01830302453064602,0.01,159,10,137
cast19,rr,60,0.01,weighted_cv,41,2321,986,0,0,0.0,0.07579793135512333,0.05582565915719451,0.01830302453064602,0.01,159,10,137
cast19,rr,60,0.01,active_cv,41,2322,986,0,0,0.0,0.12473091035375525,0.05582565915719451,0.01830302453064602,0.01,159,10,137
cast19,rr,60,0.01,weighted_cvl,41,2375,986,1,0,0.0,0.0476685898190193,0.05582565915719451,0.01830302453064602,0.01,159,10,137
cast19,rr,60,0.01,uniform,42,2345,955,0,0,0.0015286951668417315,0.105032918130831,0.03653998636113552,0.03633284984919946,0.008471304833158269,159,10,137
cast19,rr,60,0.01,uniform_nz,42,2346,955,1,0,0.0015286951668417315,0.04140166405081075,0.03653998636113552,0.03633284984919946,0.008471304833158269,159,10,137
cast19,rr,60,0.01,weighted,42,2319,955,0,0,0.0015286951668417315,0.03653998636113552,0.03653998636113552,0.03633284984919946,0.008471304833158269,159,10,137
cast19,rr,60,0.01,active_judge,42,2329,955,0,0,0.0015286951668417315,0.08567602524984348,0.03653998636113552,0.03633284984919946,0.008471304833158269,159,10,137
cast19,rr,60,0.01,strat_pilot,42,2312,955,0,0,0.0015286951668417315,0.036525572362997596,0.03653998636113552,0.03633284984919946,0.008471304833158269,159,10,137
cast19,rr,60,0.01,weighted_cv,42,2332,955,1,0,0.0015286951668417315,0.03558046774133268,0.03653998636113552,0.03633284984919946,0.008471304833158269,159,10,137
cast19,rr,60,0.01,active_cv,42,2307,955,0,0,0.0015286951668417315,0.059673217148344726,0.03653998636113552,0.03633284984919946,0.008471304833158269,159,10,137
cast19,rr,60,0.01,weighted_cvl,42,2353,955,0,0,0.0015286951668417315,0.01965320724072981,0.03653998636113552,0.03633284984919946,0.008471304833158269,159,10,137
cast19,rr,60,0.01,uniform,43,2132,930,1,0,0.0,0.07879099993038921,0.020807124491049,0.02448771535581671,0.01,159,9,131
cast19,rr,60,0.01,uniform_nz,43,2100,930,0,0,0.0,0.024278566026146225,0.020807124491049,0.02448771535581671,0.01,159,9,131
cast19,rr,60,0.01,weighted,43,2088,930,0,0,0.0,0.020807124491049,0.020807124491049,0.02448771535581671,0.01,159,9,131
cast19,rr,60,0.01,active_judge,43,2107,930,0,0,0.0,0.05944279049357015,0.020807124491049,0.02448771535581671,0.01,159,9,131
cast19,rr,60,0.01,strat_pilot,43,2141,930,0,0,0.0,0.020754651769186033,0.020807124491049,0.02448771535581671,0.01,159,9,131
cast19,rr,60,0.01,weighted_cv,43,2111,930,0,0,0.0,0.02057256878105339,0.020807124491049,0.02448771535581671,0.01,159,9,131
cast19,rr,60,0.01,active_cv,43,2102,930,1,0,0.0,0.04282002076435858,0.020807124491049,0.02448771535581671,0.01,159,9,131
cast19,rr,60,0.01,weighted_cvl,43,2112,930,1,0,0.0,0.010928636350462198,0.020807124491049,0.02448771535581671,0.01,159,9,131
cast19,rr,60,0.01,uniform,44,2121,984,0,0,0.0017820072043192026,0.07951771950828738,0.020632171968687118,0.02213383322903447,0.008217992795680798,159,9,124
cast19,rr,60,0.01,uniform_nz,44,2094,984,0,0,0.0017820072043192026,0.02337992413230309,0.020632171968687118,0.02213383322903447,0.008217992795680798,159,9,124
cast19,rr,60,0.01,weighted,44,2091,984,0,0,0.0017820072043192026,0.020632171968687118,0.020632171968687118,0.02213383322903447,0.008217992795680798,159,9,124
cast19,rr,60,0.01,active_judge,44,2069,984,0,0,0.0017820072043192026,0.04731201768637696,0.020632171968687118,0.02213383322903447,0.008217992795680798,159,9,124
cast19,rr,60,0.01,strat_pilot,44,2069,984,0,0,0.0017820072043192026,0.02063389440941685,0.020632171968687118,0.02213383322903447,0.008217992795680798,159,9,124
cast19,rr,60,0.01,weighted_cv,44,2078,984,1,0,0.0017820072043192026,0.020311595098149136,0.020632171968687118,0.02213383322903447,0.008217992795680798,159,9,124
cast19,rr,60,0.01,active_cv,44,2045,984,0,0,0.0017820072043192026,0.032134313409609885,0.020632171968687118,0.02213383322903447,0.008217992795680798,159,9,124
cast19,rr,60,0.01,weighted_cvl,44,2063,984,0,0,0.0017820072043192026,0.013595128691259723,0.020632171968687118,0.02213383322903447,0.008217992795680798,159,9,124
cast19,rr,60,0.01,uniform,45,2255,916,1,0,0.0,0.20407361316218253,0.058312830437770226,0.014741736666289092,0.01,159,10,137
cast19,rr,60,0.01,uniform_nz,45,2312,916,0,0,0.0,0.10571651184547962,0.058312830437770226,0.014741736666289092,0.01,159,10,137
cast19,rr,60,0.01,weighted,45,2291,916,1,0,0.0,0.058312830437770226,0.058312830437770226,0.014741736666289092,0.01,159,10,137
cast19,rr,60,0.01,active_judge,45,2284,916,0,0,0.0,0.1267211576838953,0.058312830437770226,0.014741736666289092,0.01,159,10,137
cast19,rr,60,0.01,strat_pilot,45,2247,916,1,0,0.0,0.058355370507114854,0.058312830437770226,0.014741736666289092,0.01,159,10,137
cast19,rr,60,0.01,weighted_cv,45,2272,916,1,0,0.0,0.07817046238300046,0.058312830437770226,0.014741736666289092,0.01,159,10,137
cast19,rr,60,0.01,active_cv,45,2268,916,0,0,0.0,0.17412924367101854,0.058312830437770226,0.014741736666289092,0.01,159,10,137
cast19,rr,60,0.01,weighted_cvl,45,2238,916,1,0,0.0,0.05554195207511807,0.058312830437770226,0.014741736666289092,0.01,159,10,137
cast19,rr,60,0.01,uniform,46,2213,1061,0,0,0.008253713799014128,0.1529195106209098,0.03463211989404276,0.020273142105572444,0.0017462862009858717,159,8,138
cast19,rr,60,0.01,uniform_nz,46,2140,1061,0,0,0.008253713799014128,0.037528646031660104,0.03463211989404276,0.020273142105572444,0.0017462862009858717,159,8,138
cast19,rr,60,0.01,weighted,46,2135,1061,0,0,0.008253713799014128,0.03463211989404276,0.03463211989404276,0.020273142105572444,0.0017462862009858717,159,8,138
cast19,rr,60,0.01,active_judge,46,2125,1061,0,0,0.008253713799014128,0.07306866085140402,0.03463211989404276,0.020273142105572444,0.0017462862009858717,159,8,138
cast19,rr,60,0.01,strat_pilot,46,2130,1061,0,0,0.008253713799014128,0.034506599855749935,0.03463211989404276,0.020273142105572444,0.0017462862009858717,159,8,138
cast19,rr,60,0.01,weighted_cv,46,2197,1061,0,0,0.008253713799014128,0.03757151731566644,0.03463211989404276,0.020273142105572444,0.0017462862009858717,159,8,138
cast19,rr,60,0.01,active_cv,46,2096,1061,0,0,0.008253713799014128,0.07669139442531488,0.03463211989404276,0.020273142105572444,0.0017462862009858717,159,8,138
cast19,rr,60,0.01,weighted_cvl,46,2159,1061,0,0,0.008253713799014128,0.02429870832059046,0.03463211989404276,0.020273142105572444,0.0017462862009858717,159,8,138
cast19,rr,60,0.01,uniform,47,2350,984,0,0,0.0,0.7050699740011476,0.06688564662127228,0.07144727353237282,0.01,159,10,137
cast19,rr,60,0.01,uniform_nz,47,2373,984,0,0,0.0,0.2760258834793053,0.06688564662127228,0.07144727353237282,0.01,159,10,137
cast19,rr,60,0.01,weighted,47,2318,984,1,0,0.0,0.06688564662127228,0.06688564662127228,0.07144727353237282,0.01,159,10,137
cast19,rr,60,0.01,active_judge,47,2361,984,0,0,0.0,0.18933273955974622,0.06688564662127228,0.07144727353237282,0.01,159,10,137
cast19,rr,60,0.01,strat_pilot,47,2353,984,0,0,0.0,0.06655110177959445,0.06688564662127228,0.07144727353237282,0.01,159,10,137
cast19,rr,60,0.01,weighted_cv,47,2346,984,0,0,0.0,0.06990602319639026,0.06688564662127228,0.07144727353237282,0.01,159,10,137
cast19,rr,60,0.01,active_cv,47,2317,984,0,0,0.0,0.10290495887621218,0.06688564662127228,0.07144727353237282,0.01,159,10,137
cast19,rr,60,0.01,weighted_cvl,47,2379,984,1,0,0.0,0.06717730098655132,0.06688564662127228,0.07144727353237282,0.01,159,10,137
cast19,rr,60,0.01,uniform,48,2047,912,0,0,0.005882053198852377,0.34624065171529567,0.07504566102824517,0.028663207262194346,0.004117946801147623,159,9,130
cast19,rr,60,0.01,uniform_nz,48,2088,912,0,0,0.005882053198852377,0.12756909498201938,0.07504566102824517,0.028663207262194346,0.004117946801147623,159,9,130
cast19,rr,60,0.01,weighted,48,2034,912,0,0,0.005882053198852377,0.07504566102824517,0.07504566102824517,0.028663207262194346,0.004117946801147623,159,9,130
cast19,rr,60,0.01,active_judge,48,2036,912,0,0,0.005882053198852377,0.21115752319931222,0.07504566102824517,0.028663207262194346,0.004117946801147623,159,9,130
cast19,rr,60,0.01,strat_pilot,48,2029,912,0,0,0.005882053198852377,0.07504382100994189,0.07504566102824517,0.028663207262194346,0.004117946801147623,159,9,130
cast19,rr,60,0.01,weighted_cv,48,2038,912,0,0,0.005882053198852377,0.05124912917551091,0.07504566102824517,0.028663207262194346,0.004117946801147623,159,9,130
cast19,rr,60,0.01,active_cv,48,2067,912,0,0,0.005882053198852377,0.07536387939862552,0.07504566102824517,0.028663207262194346,0.004117946801147623,159,9,130
cast19,rr,60,0.01,weighted_cvl,48,2032,912,0,0,0.005882053198852377,0.035424959216850786,0.07504566102824517,0.028663207262194346,0.004117946801147623,159,9,130
cast19,rr,60,0.01,uniform,49,2273,952,0,0,0.0008973792106238276,0.6575391632975179,0.06692697957913887,0.04307561690688625,0.009102620789376173,159,10,137
cast19,rr,60,0.01,uniform_nz,49,2338,952,0,0,0.0008973792106238276,0.2666014150107735,0.06692697957913887,0.04307561690688625,0.009102620789376173,159,10,137
cast19,rr,60,0.01,weighted,49,2366,952,0,0,0.0008973792106238276,0.06692697957913887,0.06692697957913887,0.04307561690688625,0.009102620789376173,159,10,137
cast19,rr,60,0.01,active_judge,49,2333,952,0,0,0.0008973792106238276,0.1829547279671761,0.06692697957913887,0.04307561690688625,0.009102620789376173,159,10,137
cast19,rr,60,0.01,strat_pilot,49,2240,952,1,0,0.0008973792106238276,0.06693851914411637,0.06692697957913887,0.04307561690688625,0.009102620789376173,159,10,137
cast19,rr,60,0.01,weighted_cv,49,2301,952,0,0,0.0008973792106238276,0.09250506773620948,0.06692697957913887,0.04307561690688625,0.009102620789376173,159,10,137
cast19,rr,60,0.01,active_cv,49,2320,952,0,0,0.0008973792106238276,0.14705373328473428,0.06692697957913887,0.04307561690688625,0.009102620789376173,159,10,137
cast19,rr,60,0.01,weighted_cvl,49,2316,952,1,0,0.0008973792106238276,0.04839145252133069,0.06692697957913887,0.04307561690688625,0.009102620789376173,159,10,137
cast19,rr,60,0.01,uniform,50,2858,992,0,0,0.0,0.6883206397151198,0.10347402413748792,0.03155389709451493,0.01,159,14,136
cast19,rr,60,0.01,uniform_nz,50,2904,992,0,0,0.0,0.4495466686950209,0.10347402413748792,0.03155389709451493,0.01,159,14,136
cast19,rr,60,0.01,weighted,50,2883,992,0,0,0.0,0.10347402413748792,0.10347402413748792,0.03155389709451493,0.01,159,14,136
cast19,rr,60,0.01,active_judge,50,2802,992,0,0,0.0,0.21560190359474554,0.10347402413748792,0.03155389709451493,0.01,159,14,136
cast19,rr,60,0.01,strat_pilot,50,2899,992,1,0,0.0,0.1034980454340165,0.10347402413748792,0.03155389709451493,0.01,159,14,136
cast19,rr,60,0.01,weighted_cv,50,2879,992,1,0,0.0,0.08454233733587067,0.10347402413748792,0.03155389709451493,0.01,159,14,136
cast19,rr,60,0.01,active_cv,50,2878,992,0,0,0.0,0.1509064312973988,0.10347402413748792,0.03155389709451493,0.01,159,14,136
cast19,rr,60,0.01,weighted_cvl,50,2850,992,0,0,0.0,0.049252173848047615,0.10347402413748792,0.03155389709451493,0.01,159,14,136
cast19,rr,60,0.01,uniform,51,2414,1043,0,0,0.0,0.7086902778596547,0.07589390393792719,0.031086105975021025,0.01,159,10,137
cast19,rr,60,0.01,uniform_nz,51,2401,1043,1,0,0.0,0.2790300744047795,0.07589390393792719,0.031086105975021025,0.01,159,10,137
cast19,rr,60,0.01,weighted,51,2443,1043,0,0,0.0,0.07589390393792719,0.07589390393792719,0.031086105975021025,0.01,159,10,137
cast19,rr,60,0.01,active_judge,51,2411,1043,1,0,0.0,0.15383593694936906,0.07589390393792719,0.031086105975021025,0.01,159,10,137
cast19,rr,60,0.01,strat_pilot,51,2395,1043,0,0,0.0,0.07590440555038579,0.07589390393792719,0.031086105975021025,0.01,159,10,137
cast19,rr,60,0.01,weighted_cv,51,2414,1043,1,0,0.0,0.05819958430406251,0.07589390393792719,0.031086105975021025,0.01,159,10,137
cast19,rr,60,0.01,active_cv,51,2408,1043,0,0,0.0,0.13088677540760657,0.07589390393792719,0.031086105975021025,0.01,159,10,137
cast19,rr,60,0.01,weighted_cvl,51,2391,1043,1,0,0.0,0.06139672116903101,0.07589390393792719,0.031086105975021025,0.01,159,10,137
cast19,rr,60,0.01,uniform,52,2422,1007,0,0,0.0,0.11597040942664147,0.041451578064054126,0.02317532651934994,0.01,159,10,137
cast19,rr,60,0.01,uniform_nz,52,2392,1007,0,0,0.0,0.050402308713217894,0.041451578064054126,0.02317532651934994,0.01,159,10,137
cast19,rr,60,0.01,weighted,52,2378,1007,0,0,0.0,0.041451578064054126,0.041451578064054126,0.02317532651934994,0.01,159,10,137
cast19,rr,60,0.01,active_judge,52,2352,1007,0,0,0.0,0.09631039911483821,0.041451578064054126,0.02317532651934994,0.01,159,10,137
cast19,rr,60,0.01,strat_pilot,52,2380,1007,0,0,0.0,0.04123971745719079,0.041451578064054126,0.02317532651934994,0.01,159,10,137
cast19,rr,60,0.01,weighted_cv,52,2366,1007,0,0,0.0,0.06474826693677646,0.041451578064054126,0.02317532651934994,0.01,159,10,137
cast19,rr,60,0.01,active_cv,52,2376,1007,0,0,0.0,0.11830717454325117,0.041451578064054126,0.02317532651934994,0.01,159,10,137
cast19,rr,60,0.01,weighted_cvl,52,2356,1007,0,0,0.0,0.04006105822076198,0.041451578064054126,0.02317532651934994,0.01,159,10,137
cast19,rr,60,0.01,uniform,53,2169,951,0,0,0.0,0.18331676173157713,0.04928657429551746,0.010968076284404193,0.01,159,9,131
cast19,rr,60,0.01,uniform_nz,53,2139,951,0,0,0.0,0.06873650293998816,0.04928657429551746,0.010968076284404193,0.01,159,9,131
cast19,rr,60,0.01,weighted,53,2117,951,0,0,0.0,0.04928657429551746,0.04928657429551746,0.010968076284404193,0.01,159,9,131
cast19,rr,60,0.01,active_judge,53,2160,951,0,0,0.0,0.13877743892795014,0.04928657429551746,0.010968076284404193,0.01,159,9,131
cast19,rr,60,0.01,strat_pilot,53,2137,951,1,0,0.0,0.04932658742863587,0.04928657429551746,0.010968076284404193,0.01,159,9,131
cast19,rr,60,0.01,weighted_cv,53,2154,951,1,0,0.0,0.03414351266317512,0.04928657429551746,0.010968076284404193,0.01,159,9,131
cast19,rr,60,0.01,active_cv,53,2114,951,0,0,0.0,0.06416327990684692,0.04928657429551746,0.010968076284404193,0.01,159,9,131
cast19,rr,60,0.01,weighted_cvl,53,2089,951,1,0,0.0,0.024295645575580248,0.04928657429551746,0.010968076284404193,0.01,159,9,131
cast19,rr,60,0.01,uniform,54,2390,952,0,0,0.0,0.6808822803239908,0.07616505536380051,0.038860027255689523,0.01,159,10,137
cast19,rr,60,0.01,uniform_nz,54,2277,952,1,0,0.0,0.2861266667765691,0.07616505536380051,0.038860027255689523,0.01,159,10,137
cast19,rr,60,0.01,weighted,54,2322,952,0,0,0.0,0.07616505536380051,0.07616505536380051,0.038860027255689523,0.01,159,10,137
cast19,rr,60,0.01,active_judge,54,2320,952,0,0,0.0,0.15092863971101905,0.07616505536380051,0.038860027255689523,0.01,159,10,137
cast19,rr,60,0.01,strat_pilot,54,2310,952,1,0,0.0,0.07617284787949428,0.07616505536380051,0.038860027255689523,0.01,159,10,137
cast19,rr,60,0.01,weighted_cv,54,2308,952,1,0,0.0,0.0644223588802538,0.07616505536380051,0.038860027255689523,0.01,159,10,137
cast19,rr,60,0.01,active_cv,54,2315,952,0,0,0.0,0.09019049001665745,0.07616505536380051,0.038860027255689523,0.01,159,10,137
cast19,rr,60,0.01,weighted_cvl,54,2328,952,1,0,0.0,0.05676133827304404,0.07616505536380051,0.038860027255689523,0.01,159,10,137
cast19,rr,60,0.01,uniform,55,2293,975,0,0,0.0,0.26140116025415405,0.06587837400697982,0.021154260287218958,0.01,159,10,137
cast19,rr,60,0.01,uniform_nz,55,2288,975,0,0,0.0,0.09366743833253248,0.06587837400697982,0.021154260287218958,0.01,159,10,137
cast19,rr,60,0.01,weighted,55,2330,975,0,0,0.0,0.06587837400697982,0.06587837400697982,0.021154260287218958,0.01,159,10,137
cast19,rr,60,0.01,active_judge,55,2379,975,0,0,0.0,0.15352664354667073,0.06587837400697982,0.021154260287218958,0.01,159,10,137
cast19,rr,60,0.01,strat_pilot,55,2334,975,0,0,0.0,0.06568497839285956,0.06587837400697982,0.021154260287218958,0.01,159,10,137
cast19,rr,60,0.01,weighted_cv,55,2320,975,0,0,0.0,0.05346066089801464,0.06587837400697982,0.021154260287218958,0.01,159,10,137
cast19,rr,60,0.01,active_cv,55,2331,975,0,0,0.0,0.0952996903102172,0.06587837400697982,0.021154260287218958,0.01,159,10,137
cast19,rr,60,0.01,weighted_cvl,55,2309,975,1,0,0.0,0.03725661725104899,0.06587837400697982,0.021154260287218958,0.01,159,10,137
cast19,rr,60,0.01,uniform,56,2857,934,0,0,0.0,0.8320642810546455,0.1160548582811139,0.02794260322506048,0.01,159,14,136
cast19,rr,60,0.01,uniform_nz,56,2828,934,0,0,0.0,0.6427157142158785,0.1160548582811139,0.02794260322506048,0.01,159,14,136
cast19,rr,60,0.01,weighted,56,2804,934,1,0,0.0,0.1160548582811139,0.1160548582811139,0.02794260322506048,0.01,159,14,136
cast19,rr,60,0.01,active_judge,56,2806,934,0,0,0.0,0.23535496268617379,0.1160548582811139,0.02794260322506048,0.01,159,14,136
cast19,rr,60,0.01,strat_pilot,56,2841,934,1,0,0.0,0.1160826087677083,0.1160548582811139,0.02794260322506048,0.01,159,14,136
cast19,rr,60,0.01,weighted_cv,56,2861,934,1,0,0.0,0.08181338943685275,0.1160548582811139,0.02794260322506048,0.01,159,14,136
cast19,rr,60,0.01,active_cv,56,2857,934,0,0,0.0,0.14954089802967951,0.1160548582811139,0.02794260322506048,0.01,159,14,136
cast19,rr,60,0.01,weighted_cvl,56,2835,934,1,0,0.0,0.10375503792827559,0.1160548582811139,0.02794260322506048,0.01,159,14,136
cast19,rr,60,0.01,uniform,57,2389,999,1,0,0.0,0.22106775475503243,0.08343542557273212,0.02532761996158819,0.01,159,10,137
cast19,rr,60,0.01,uniform_nz,57,2348,999,0,0,0.0,0.09804837178808276,0.08343542557273212,0.02532761996158819,0.01,159,10,137
cast19,rr,60,0.01,weighted,57,2354,999,0,0,0.0,0.08343542557273212,0.08343542557273212,0.02532761996158819,0.01,159,10,137
cast19,rr,60,0.01,active_judge,57,2363,999,0,0,0.0,0.1676194356873375,0.08343542557273212,0.02532761996158819,0.01,159,10,137
cast19,rr,60,0.01,strat_pilot,57,2392,999,0,0,0.0,0.0834304868628204,0.08343542557273212,0.02532761996158819,0.01,159,10,137
cast19,rr,60,0.01,weighted_cv,57,2365,999,0,0,0.0,0.07067446669903057,0.08343542557273212,0.02532761996158819,0.01,159,10,137
cast19,rr,60,0.01,active_cv,57,2369,999,0,0,0.0,0.09436816993897192,0.08343542557273212,0.02532761996158819,0.01,159,10,137
cast19,rr,60,0.01,weighted_cvl,57,2346,999,1,0,0.0,0.07067446669903057,0.08343542557273212,0.02532761996158819,0.01,159,10,137
cast19,rr,60,0.01,uniform,58,2362,1009,0,0,0.0,0.765791539889963,0.06653713628590636,0.02370634587395963,0.01,159,10,137
cast19,rr,60,0.01,uniform_nz,58,2391,1009,0,0,0.0,0.3136885874908056,0.06653713628590636,0.02370634587395963,0.01,159,10,137
cast19,rr,60,0.01,weighted,58,2381,1009,1,0,0.0,0.06653713628590636,0.06653713628590636,0.02370634587395963,0.01,159,10,137
cast19,rr,60,0.01,active_judge,58,2393,1009,0,0,0.0,0.2383871786506709,0.06653713628590636,0.02370634587395963,0.01,159,10,137
cast19,rr,60,0.01,strat_pilot,58,2341,1009,0,0,0.0,0.06637096972501069,0.06653713628590636,0.02370634587395963,0.01,159,10,137
cast19,rr,60,0.01,weighted_cv,58,2336,1009,0,0,0.0,0.0774868045279337,0.06653713628590636,0.02370634587395963,0.01,159,10,137
cast19,rr,60,0.01,active_cv,58,2421,1009,0,0,0.0,0.12204871826635408,0.06653713628590636,0.02370634587395963,0.01,159,10,137
cast19,rr,60,0.01,weighted_cvl,58,2409,1009,1,0,0.0,0.05070131891304994,0.06653713628590636,0.02370634587395963,0.01,159,10,137
cast19,rr,60,0.01,uniform,59,2382,1019,0,0,0.0015820458453053576,0.3674833755242751,0.050749786804710276,0.03459790066300665,0.008417954154694643,159,10,137
cast19,rr,60,0.01,uniform_nz,59,2417,1019,0,0,0.0015820458453053576,0.14748559164389807,0.050749786804710276,0.03459790066300665,0.008417954154694643,159,10,137
cast19,rr,60,0.01,weighted,59,2357,1019,0,0,0.0015820458453053576,0.050749786804710276,0.050749786804710276,0.03459790066300665,0.008417954154694643,159,10,137
cast19,rr,60,0.01,active_judge,59,2380,1019,0,0,0.0015820458453053576,0.14394336616394132,0.050749786804710276,0.03459790066300665,0.008417954154694643,159,10,137
cast19,rr,60,0.01,strat_pilot,59,2391,1019,0,0,0.0015820458453053576,0.050499610259664894,0.050749786804710276,0.03459790066300665,0.008417954154694643,159,10,137
cast19,rr,60,0.01,weighted_cv,59,2356,1019,0,0,0.0015820458453053576,0.053850963898407246,0.050749786804710276,0.03459790066300665,0.008417954154694643,159,10,137
cast19,rr,60,0.01,active_cv,59,2386,1019,0,0,0.0015820458453053576,0.09843651716142918,0.050749786804710276,0.03459790066300665,0.008417954154694643,159,10,137
cast19,rr,60,0.01,weighted_cvl,59,2413,1019,0,0,0.0015820458453053576,0.04188198525803382,0.050749786804710276,0.03459790066300665,0.008417954154694643,159,10,137
cast19,rr,60,0.01,uniform,60,2307,950,0,0,0.005697654197582558,0.11105879560116401,0.04343787627285082,0.01847427941855185,0.004302345802417442,159,10,137
cast19,rr,60,0.01,uniform_nz,60,2286,950,0,0,0.005697654197582558,0.05207758465091927,0.04343787627285082,0.01847427941855185,0.004302345802417442,159,10,137
cast19,rr,60,0.01,weighted,60,2256,950,0,0,0.005697654197582558,0.04343787627285082,0.04343787627285082,0.01847427941855185,0.004302345802417442,159,10,137
cast19,rr,60,0.01,active_judge,60,2324,950,0,0,0.005697654197582558,0.11255160083219298,0.04343787627285082,0.01847427941855185,0.004302345802417442,159,10,137
cast19,rr,60,0.01,strat_pilot,60,2292,950,0,0,0.005697654197582558,0.043389590966996114,0.04343787627285082,0.01847427941855185,0.004302345802417442,159,10,137
cast19,rr,60,0.01,weighted_cv,60,2290,950,0,0,0.005697654197582558,0.04992976925873395,0.04343787627285082,0.01847427941855185,0.004302345802417442,159,10,137
cast19,rr,60,0.01,active_cv,60,2324,950,0,0,0.005697654197582558,0.08241194798338272,0.04343787627285082,0.01847427941855185,0.004302345802417442,159,10,137
cast19,rr,60,0.01,weighted_cvl,60,2271,950,0,0,0.005697654197582558,0.044460250427663474,0.04343787627285082,0.01847427941855185,0.004302345802417442,159,10,137
cast19,rr,60,0.01,uniform,61,2366,997,0,0,0.0,0.1166429703704814,0.04512802502767908,0.056283455106984515,0.01,159,10,137
cast19,rr,60,0.01,uniform_nz,61,2381,997,1,0,0.0,0.05243889066441374,0.04512802502767908,0.056283455106984515,0.01,159,10,137
cast19,rr,60,0.01,weighted,61,2364,997,1,0,0.0,0.04512802502767908,0.04512802502767908,0.056283455106984515,0.01,159,10,137
cast19,rr,60,0.01,active_judge,61,2378,997,0,0,0.0,0.12174389289145551,0.04512802502767908,0.056283455106984515,0.01,159,10,137
cast19,rr,60,0.01,strat_pilot,61,2379,997,1,0,0.0,0.04462275334028909,0.04512802502767908,0.056283455106984515,0.01,159,10,137
cast19,rr,60,0.01,weighted_cv,61,2369,997,1,0,0.0,0.07894027664942463,0.04512802502767908,0.056283455106984515,0.01,159,10,137
cast19,rr,60,0.01,active_cv,61,2361,997,1,0,0.0,0.14494107899070827,0.04512802502767908,0.056283455106984515,0.01,159,10,137
cast19,rr,60,0.01,weighted_cvl,61,2377,997,1,0,0.0,0.036150564470785386,0.04512802502767908,0.056283455106984515,0.01,159,10,137
cast19,rr,60,0.01,uniform,62,2087,1004,0,0,0.0,0.3732827051649818,0.03338102740247685,0.01851371976371976,0.01,159,9,124
cast19,rr,60,0.01,uniform_nz,62,2043,1004,0,0,0.0,0.09209931622030045,0.03338102740247685,0.01851371976371976,0.01,159,9,124
cast19,rr,60,0.01,weighted,62,2080,1004,0,0,0.0,0.03338102740247685,0.03338102740247685,0.01851371976371976,0.01,159,9,124
cast19,rr,60,0.01,active_judge,62,2063,1004,0,0,0.0,0.10253462601544243,0.03338102740247685,0.01851371976371976,0.01,159,9,124
cast19,rr,60,0.01,strat_pilot,62,2109,1004,0,0,0.0,0.03324571370665786,0.03338102740247685,0.01851371976371976,0.01,159,9,124
cast19,rr,60,0.01,weighted_cv,62,2064,1004,0,0,0.0,0.03566938200464019,0.03338102740247685,0.01851371976371976,0.01,159,9,124
cast19,rr,60,0.01,active_cv,62,2042,1004,0,0,0.0,0.0568715556336417,0.03338102740247685,0.01851371976371976,0.01,159,9,124
cast19,rr,60,0.01,weighted_cvl,62,2071,1004,1,0,0.0,0.031541721309355786,0.03338102740247685,0.01851371976371976,0.01,159,9,124
cast19,rr,60,0.01,uniform,63,2102,994,0,0,0.005882053198852377,0.6253817656870095,0.03916488434505212,0.02676928137595793,0.004117946801147623,159,9,128
cast19,rr,60,0.01,uniform_nz,63,2137,994,0,0,0.005882053198852377,0.17410447279814564,0.03916488434505212,0.02676928137595793,0.004117946801147623,159,9,128
cast19,rr,60,0.01,weighted,63,2099,994,0,0,0.005882053198852377,0.03916488434505212,0.03916488434505212,0.02676928137595793,0.004117946801147623,159,9,128
cast19,rr,60,0.01,active_judge,63,2073,994,0,0,0.005882053198852377,0.10789015345580111,0.03916488434505212,0.02676928137595793,0.004117946801147623,159,9,128
cast19,rr,60,0.01,strat_pilot,63,2101,994,0,0,0.005882053198852377,0.03910197603290224,0.03916488434505212,0.02676928137595793,0.004117946801147623,159,9,128
cast19,rr,60,0.01,weighted_cv,63,2108,994,0,0,0.005882053198852377,0.04420015151010664,0.03916488434505212,0.02676928137595793,0.004117946801147623,159,9,128
cast19,rr,60,0.01,active_cv,63,2130,994,0,0,0.005882053198852377,0.0710063876879181,0.03916488434505212,0.02676928137595793,0.004117946801147623,159,9,128
cast19,rr,60,0.01,weighted_cvl,63,2101,994,0,0,0.005882053198852377,0.021436016202231335,0.03916488434505212,0.02676928137595793,0.004117946801147623,159,9,128
cast19,rr,60,0.01,uniform,64,2109,955,0,0,0.0,0.37867478750034145,0.04132113928871645,0.01933226495726497,0.01,159,9,124
cast19,rr,60,0.01,uniform_nz,64,2047,955,1,0,0.0,0.09950098569735515,0.04132113928871645,0.01933226495726497,0.01,159,9,124
cast19,rr,60,0.01,weighted,64,2059,955,0,0,0.0,0.04132113928871645,0.04132113928871645,0.01933226495726497,0.01,159,9,124
cast19,rr,60,0.01,active_judge,64,2059,955,0,0,0.0,0.11779525009936002,0.04132113928871645,0.01933226495726497,0.01,159,9,124
cast19,rr,60,0.01,strat_pilot,64,1993,955,1,0,0.0,0.04126760148781909,0.04132113928871645,0.01933226495726497,0.01,159,9,124
cast19,rr,60,0.01,weighted_cv,64,2029,955,1,0,0.0,0.03555643050587315,0.04132113928871645,0.01933226495726497,0.01,159,9,124
cast19,rr,60,0.01,active_cv,64,2007,955,1,0,0.0,0.05108148714193803,0.04132113928871645,0.01933226495726497,0.01,159,9,124
cast19,rr,60,0.01,weighted_cvl,64,1989,955,1,0,0.0,0.021541066043377938,0.04132113928871645,0.01933226495726497,0.01,159,9,124
cast19,rr,60,0.01,uniform,65,2020,910,0,0,0.0,0.25838814509411573,0.02187346584379658,0.013987984195027538,0.01,159,9,123
cast19,rr,60,0.01,uniform_nz,65,1960,910,0,0,0.0,0.09590049905438207,0.02187346584379658,0.013987984195027538,0.01,159,9,123
cast19,rr,60,0.01,weighted,65,1955,910,0,0,0.0,0.02187346584379658,0.02187346584379658,0.013987984195027538,0.01,159,9,123
cast19,rr,60,0.01,active_judge,65,1966,910,0,0,0.0,0.06719467372271842,0.02187346584379658,0.013987984195027538,0.01,159,9,123
cast19,rr,60,0.01,strat_pilot,65,1936,910,1,0,0.0,0.021858715640723565,0.02187346584379658,0.013987984195027538,0.01,159,9,123
cast19,rr,60,0.01,weighted_cv,65,1972,910,0,0,0.0,0.03807218761221458,0.02187346584379658,0.013987984195027538,0.01,159,9,123
cast19,rr,60,0.01,active_cv,65,1961,910,0,0,0.0,0.06677386285371867,0.02187346584379658,0.013987984195027538,0.01,159,9,123
cast19,rr,60,0.01,weighted_cvl,65,1985,910,1,0,0.0,0.024015573072714173,0.02187346584379658,0.013987984195027538,0.01,159,9,123
cast19,rr,60,0.01,uniform,66,2880,955,1,0,0.0,0.24912831931746374,0.0978376996248288,0.04458509919681309,0.01,159,14,136
cast19,rr,60,0.01,uniform_nz,66,2818,955,1,0,0.0,0.17610617260033895,0.0978376996248288,0.04458509919681309,0.01,159,14,136
cast19,rr,60,0.01,weighted,66,2819,955,1,0,0.0,0.0978376996248288,0.0978376996248288,0.04458509919681309,0.01,159,14,136
cast19,rr,60,0.01,active_judge,66,2865,955,1,0,0.0,0.22970281578923907,0.0978376996248288,0.04458509919681309,0.01,159,14,136
cast19,rr,60,0.01,strat_pilot,66,2843,955,1,0,0.0,0.09790738955467072,0.0978376996248288,0.04458509919681309,0.01,159,14,136
cast19,rr,60,0.01,weighted_cv,66,2862,955,1,0,0.0,0.10419357835859555,0.0978376996248288,0.04458509919681309,0.01,159,14,136
cast19,rr,60,0.01,active_cv,66,2836,955,1,0,0.0,0.1591464293114788,0.0978376996248288,0.04458509919681309,0.01,159,14,136
cast19,rr,60,0.01,weighted_cvl,66,2894,955,1,0,0.0,0.06996695214431606,0.0978376996248288,0.04458509919681309,0.01,159,14,136
cast19,rr,60,0.01,uniform,67,2272,916,1,0,0.0,0.1213702775591238,0.05080611853455423,0.035754875185686874,0.01,159,10,137
cast19,rr,60,0.01,uniform_nz,67,2259,916,1,0,0.0,0.05542881643480667,0.05080611853455423,0.035754875185686874,0.01,159,10,137
cast19,rr,60,0.01,weighted,67,2266,916,0,0,0.0,0.05080611853455423,0.05080611853455423,0.035754875185686874,0.01,159,10,137
cast19,rr,60,0.01,active_judge,67,2268,916,1,0,0.0,0.12414719132050726,0.05080611853455423,0.035754875185686874,0.01,159,10,137
cast19,rr,60,0.01,strat_pilot,67,2244,916,0,0,0.0,0.05069338412372874,0.05080611853455423,0.035754875185686874,0.01,159,10,137
cast19,rr,60,0.01,weighted_cv,67,2296,916,1,0,0.0,0.0874323490697674,0.05080611853455423,0.035754875185686874,0.01,159,10,137
cast19,rr,60,0.01,active_cv,67,2269,916,1,0,0.0,0.13183730002808725,0.05080611853455423,0.035754875185686874,0.01,159,10,137
cast19,rr,60,0.01,weighted_cvl,67,2245,916,0,0,0.0,0.04905780885764925,0.05080611853455423,0.035754875185686874,0.01,159,10,137
cast19,rr,60,0.01,uniform,68,2414,1017,1,0,0.0,0.36116874850081365,0.07441243734994311,0.01497900602290493,0.01,159,10,138
cast19,rr,60,0.01,uniform_nz,68,2350,1017,0,0,0.0,0.18523441360133602,0.07441243734994311,0.01497900602290493,0.01,159,10,138
cast19,rr,60,0.01,weighted,68,2396,1017,0,0,0.0,0.07441243734994311,0.07441243734994311,0.01497900602290493,0.01,159,10,138
cast19,rr,60,0.01,active_judge,68,2402,1017,1,0,0.0,0.16026727993795992,0.07441243734994311,0.01497900602290493,0.01,159,10,138
cast19,rr,60,0.01,strat_pilot,68,2393,1017,1,0,0.0,0.07439337099537961,0.07441243734994311,0.01497900602290493,0.01,159,10,138
cast19,rr,60,0.01,weighted_cv,68,2366,1017,1,0,0.0,0.0813836273010656,0.07441243734994311,0.01497900602290493,0.01,159,10,138
cast19,rr,60,0.01,active_cv,68,2387,1017,1,0,0.0,0.129639829075677,0.07441243734994311,0.01497900602290493,0.01,159,10,138
cast19,rr,60,0.01,weighted_cvl,68,2360,1017,1,0,0.0,0.04132248593629652,0.07441243734994311,0.01497900602290493,0.01,159,10,138
cast19,rr,60,0.01,uniform,69,2347,978,0,0,0.0,0.12349066563319155,0.046589339377192,0.057712120479989644,0.01,159,10,137
cast19,rr,60,0.01,uniform_nz,69,2340,978,0,0,0.0,0.05492872214319685,0.046589339377192,0.057712120479989644,0.01,159,10,137
cast19,rr,60,0.01,weighted,69,2328,978,0,0,0.0,0.046589339377192,0.046589339377192,0.057712120479989644,0.01,159,10,137
cast19,rr,60,0.01,active_judge,69,2353,978,0,0,0.0,0.1226278260954298,0.046589339377192,0.057712120479989644,0.01,159,10,137
cast19,rr,60,0.01,strat_pilot,69,2321,978,1,0,0.0,0.04660774605793838,0.046589339377192,0.057712120479989644,0.01,159,10,137
cast19,rr,60,0.01,weighted_cv,69,2417,978,0,0,0.0,0.0506749644575604,0.046589339377192,0.057712120479989644,0.01,159,10,137
cast19,rr,60,0.01,active_cv,69,2356,978,0,0,0.0,0.10507242901196152,0.046589339377192,0.057712120479989644,0.01,159,10,137
cast19,rr,60,0.01,weighted_cvl,69,2368,978,1,0,0.0,0.024591319160954167,0.046589339377192,0.057712120479989644,0.01,159,10,137
cast19,rr,60,0.01,uniform,70,2421,1058,0,0,0.006151343717165025,0.08528776613822406,0.03305342226387635,0.025806220625493072,0.003848656282834975,159,10,137
cast19,rr,60,0.01,uniform_nz,70,2420,1058,0,0,0.006151343717165025,0.037639446792133435,0.03305342226387635,0.025806220625493072,0.003848656282834975,159,10,137
cast19,rr,60,0.01,weighted,70,2409,1058,0,0,0.006151343717165025,0.03305342226387635,0.03305342226387635,0.025806220625493072,0.003848656282834975,159,10,137
cast19,rr,60,0.01,active_judge,70,2423,1058,0,0,0.006151343717165025,0.08332713036671441,0.03305342226387635,0.025806220625493072,0.003848656282834975,159,10,137
cast19,rr,60,0.01,strat_pilot,70,2415,1058,0,0,0.006151343717165025,0.032871097086254256,0.03305342226387635,0.025806220625493072,0.003848656282834975,159,10,137
cast19,rr,60,0.01,weighted_cv,70,2417,1058,0,0,0.006151343717165025,0.05628500831889658,0.03305342226387635,0.025806220625493072,0.003848656282834975,159,10,137
cast19,rr,60,0.01,active_cv,70,2450,1058,0,0,0.006151343717165025,0.0839592896497111,0.03305342226387635,0.025806220625493072,0.003848656282834975,159,10,137
cast19,rr,60,0.01,weighted_cvl,70,2431,1058,0,0,0.006151343717165025,0.021615796313406856,0.03305342226387635,0.025806220625493072,0.003848656282834975,159,10,137
cast19,rr,60,0.01,uniform,71,2937,982,0,0,0.0,0.4130752372403898,0.12153001374956078,0.027146952907250388,0.01,159,14,136
cast19,rr,60,0.01,uniform_nz,71,2887,982,0,0,0.0,0.30276306853538,0.12153001374956078,0.027146952907250388,0.01,159,14,136
cast19,rr,60,0.01,weighted,71,2876,982,1,0,0.0,0.12153001374956078,0.12153001374956078,0.027146952907250388,0.01,159,14,136
cast19,rr,60,0.01,active_judge,71,2859,982,1,0,0.0,0.22304233460774742,0.12153001374956078,0.027146952907250388,0.01,159,14,136
cast19,rr,60,0.01,strat_pilot,71,2904,982,1,0,0.0,0.12154400025931822,0.12153001374956078,0.027146952907250388,0.01,159,14,136
cast19,rr,60,0.01,weighted_cv,71,2850,982,1,0,0.0,0.10101420705552226,0.12153001374956078,0.027146952907250388,0.01,159,14,136
cast19,rr,60,0.01,active_cv,71,2876,982,1,0,0.0,0.1607032245404199,0.12153001374956078,0.027146952907250388,0.01,159,14,136
cast19,rr,60,0.01,weighted_cvl,71,2906,982,1,0,0.0,0.10764717581264252,0.12153001374956078,0.027146952907250388,0.01,159,14,136
cast19,rr,60,0.01,uniform,72,2318,910,0,0,0.0,0.6123901568364545,0.09361560214639952,0.03332290915438042,0.01,159,10,138
cast19,rr,60,0.01,uniform_nz,72,2235,910,0,0,0.0,0.29019162975158785,0.09361560214639952,0.03332290915438042,0.01,159,10,138
cast19,rr,60,0.01,weighted,72,2276,910,1,0,0.0,0.09361560214639952,0.09361560214639952,0.03332290915438042,0.01,159,10,138
cast19,rr,60,0.01,active_judge,72,2234,910,0,0,0.0,0.2032193741688438,0.09361560214639952,0.03332290915438042,0.01,159,10,138
cast19,rr,60,0.01,strat_pilot,72,2256,910,1,0,0.0,0.09356840600100294,0.09361560214639952,0.03332290915438042,0.01,159,10,138
cast19,rr,60,0.01,weighted_cv,72,2309,910,1,0,0.0,0.08634291437393936,0.09361560214639952,0.03332290915438042,0.01,159,10,138
cast19,rr,60,0.01,active_cv,72,2236,910,0,0,0.0,0.18119488796641142,0.09361560214639952,0.03332290915438042,0.01,159,10,138
cast19,rr,60,0.01,weighted_cvl,72,2295,910,1,0,0.0,0.06437458450782503,0.09361560214639952,0.03332290915438042,0.01,159,10,138
cast19,rr,60,0.01,uniform,73,2870,971,0,0,0.0,0.7755031690504962,0.12019722040643285,0.054716458200793246,0.01,159,14,136
cast19,rr,60,0.01,uniform_nz,73,2881,971,0,0,0.0,0.5777160682841,0.12019722040643285,0.054716458200793246,0.01,159,14,136
cast19,rr,60,0.01,weighted,73,2845,971,1,0,0.0,0.12019722040643285,0.12019722040643285,0.054716458200793246,0.01,159,14,136
cast19,rr,60,0.01,active_judge,73,2897,971,1,0,0.0,0.319569359959648,0.12019722040643285,0.054716458200793246,0.01,159,14,136
cast19,rr,60,0.01,strat_pilot,73,2889,971,1,0,0.0,0.12035531852686461,0.12019722040643285,0.054716458200793246,0.01,159,14,136
cast19,rr,60,0.01,weighted_cv,73,2887,971,1,0,0.0,0.1254771219364225,0.12019722040643285,0.054716458200793246,0.01,159,14,136
cast19,rr,60,0.01,active_cv,73,2875,971,0,0,0.0,0.1925892919425966,0.12019722040643285,0.054716458200793246,0.01,159,14,136
cast19,rr,60,0.01,weighted_cvl,73,2897,971,1,0,0.0,0.0672853649485731,0.12019722040643285,0.054716458200793246,0.01,159,14,136
cast19,rr,60,0.01,uniform,74,2384,986,0,0,0.0,0.12132668413342233,0.04843039728557218,0.02908192185525945,0.01,159,10,137
cast19,rr,60,0.01,uniform_nz,74,2303,986,0,0,0.0,0.0518853855568092,0.04843039728557218,0.02908192185525945,0.01,159,10,137
cast19,rr,60,0.01,weighted,74,2339,986,1,0,0.0,0.04843039728557218,0.04843039728557218,0.02908192185525945,0.01,159,10,137
cast19,rr,60,0.01,active_judge,74,2391,986,0,0,0.0,0.11555020079193583,0.04843039728557218,0.02908192185525945,0.01,159,10,137
cast19,rr,60,0.01,strat_pilot,74,2355,986,1,0,0.0,0.04844012489732463,0.04843039728557218,0.02908192185525945,0.01,159,10,137
cast19,rr,60,0.01,weighted_cv,74,2330,986,1,0,0.0,0.07352168088492675,0.04843039728557218,0.02908192185525945,0.01,159,10,137
cast19,rr,60,0.01,active_cv,74,2372,986,0,0,0.0,0.12843597820048486,0.04843039728557218,0.02908192185525945,0.01,159,10,137
cast19,rr,60,0.01,weighted_cvl,74,2352,986,1,0,0.0,0.03725552690359369,0.04843039728557218,0.02908192185525945,0.01,159,10,137
cast19,rr,60,0.01,uniform,75,2195,1013,0,0,0.0,0.3110224139712979,0.03605689127413508,0.016343712072814237,0.01,159,9,130
cast19,rr,60,0.01,uniform_nz,75,2143,1013,0,0,0.0,0.1336855382518955,0.03605689127413508,0.016343712072814237,0.01,159,9,130
cast19,rr,60,0.01,weighted,75,2130,1013,0,0,0.0,0.03605689127413508,0.03605689127413508,0.016343712072814237,0.01,159,9,130
cast19,rr,60,0.01,active_judge,75,2143,1013,0,0,0.0,0.08133244548262866,0.03605689127413508,0.016343712072814237,0.01,159,9,130
cast19,rr,60,0.01,strat_pilot,75,2116,1013,1,0,0.0,0.03584474869990797,0.03605689127413508,0.016343712072814237,0.01,159,9,130
cast19,rr,60,0.01,weighted_cv,75,2179,1013,0,0,0.0,0.038929922751252295,0.03605689127413508,0.016343712072814237,0.01,159,9,130
cast19,rr,60,0.01,active_cv,75,2140,1013,0,0,0.0,0.05761286295853294,0.03605689127413508,0.016343712072814237,0.01,159,9,130
cast19,rr,60,0.01,weighted_cvl,75,2190,1013,0,0,0.0,0.03498822669285072,0.03605689127413508,0.016343712072814237,0.01,159,9,130
cast19,rr,60,0.01,uniform,76,2356,966,0,0,0.0,0.19211291330147962,0.06861814615770875,0.01535601960108961,0.01,159,10,138
cast19,rr,60,0.01,uniform_nz,76,2352,966,1,0,0.0,0.0849137445895138,0.06861814615770875,0.01535601960108961,0.01,159,10,138
cast19,rr,60,0.01,weighted,76,2392,966,1,0,0.0,0.06861814615770875,0.06861814615770875,0.01535601960108961,0.01,159,10,138
cast19,rr,60,0.01,active_judge,76,2353,966,1,0,0.0,0.13517923361476053,0.06861814615770875,0.01535601960108961,0.01,159,10,138
cast19,rr,60,0.01,strat_pilot,76,2337,966,1,0,0.0,0.06887625642275838,0.06861814615770875,0.01535601960108961,0.01,159,10,138
cast19,rr,60,0.01,weighted_cv,76,2383,966,1,0,0.0,0.04251249378570986,0.06861814615770875,0.01535601960108961,0.01,159,10,138
cast19,rr,60,0.01,active_cv,76,2358,966,1,0,0.0,0.05378257001870632,0.06861814615770875,0.01535601960108961,0.01,159,10,138
cast19,rr,60,0.01,weighted_cvl,76,2360,966,1,0,0.0,0.040225952056320124,0.06861814615770875,0.01535601960108961,0.01,159,10,138
cast19,rr,60,0.01,uniform,77,2933,991,1,0,0.0,0.5347923754396737,0.08332943939558404,0.02091919018785017,0.01,159,14,136
cast19,rr,60,0.01,uniform_nz,77,2876,991,0,0,0.0,0.41813730541743394,0.08332943939558404,0.02091919018785017,0.01,159,14,136
cast19,rr,60,0.01,weighted,77,2873,991,1,0,0.0,0.08332943939558404,0.08332943939558404,0.02091919018785017,0.01,159,14,136
cast19,rr,60,0.01,active_judge,77,2929,991,0,0,0.0,0.17976533621982127,0.08332943939558404,0.02091919018785017,0.01,159,14,136
cast19,rr,60,0.01,strat_pilot,77,2941,991,0,0,0.0,0.08342442212094622,0.08332943939558404,0.02091919018785017,0.01,159,14,136
cast19,rr,60,0.01,weighted_cv,77,2906,991,1,0,0.0,0.07573210626046516,0.08332943939558404,0.02091919018785017,0.01,159,14,136
cast19,rr,60,0.01,active_cv,77,2864,991,1,0,0.0,0.11768176934556167,0.08332943939558404,0.02091919018785017,0.01,159,14,136
cast19,rr,60,0.01,weighted_cvl,77,2825,991,1,0,0.0,0.05106434327085006,0.08332943939558404,0.02091919018785017,0.01,159,14,136
cast19,rr,60,0.01,uniform,78,2353,966,0,0,0.0,0.27006187925830655,0.06536831326285664,0.017217352732058606,0.01,159,10,137
cast19,rr,60,0.01,uniform_nz,78,2328,966,1,0,0.0,0.11637779428095248,0.06536831326285664,0.017217352732058606,0.01,159,10,137
cast19,rr,60,0.01,weighted,78,2319,966,1,0,0.0,0.06536831326285664,0.06536831326285664,0.017217352732058606,0.01,159,10,137
cast19,rr,60,0.01,active_judge,78,2374,966,0,0,0.0,0.1264344529968025,0.06536831326285664,0.017217352732058606,0.01,159,10,137
cast19,rr,60,0.01,strat_pilot,78,2328,966,1,0,0.0,0.06503563014337481,0.06536831326285664,0.017217352732058606,0.01,159,10,137
cast19,rr,60,0.01,weighted_cv,78,2364,966,1,0,0.0,0.06794435464925971,0.06536831326285664,0.017217352732058606,0.01,159,10,137
cast19,rr,60,0.01,active_cv,78,2329,966,1,0,0.0,0.12140169238350192,0.06536831326285664,0.017217352732058606,0.01,159,10,137
cast19,rr,60,0.01,weighted_cvl,78,2381,966,1,0,0.0,0.036521049132971196,0.06536831326285664,0.017217352732058606,0.01,159,10,137
cast19,rr,60,0.01,uniform,79,2338,970,1,0,0.0,0.12533492218860404,0.048738887093284916,0.03309457376988336,0.01,159,10,137
cast19,rr,60,0.01,uniform_nz,79,2365,970,1,0,0.0,0.052739080631877176,0.048738887093284916,0.03309457376988336,0.01,159,10,137
cast19,rr,60,0.01,weighted,79,2346,970,1,0,0.0,0.048738887093284916,0.048738887093284916,0.03309457376988336,0.01,159,10,137
cast19,rr,60,0.01,active_judge,79,2323,970,1,0,0.0,0.11579746967906775,0.048738887093284916,0.03309457376988336,0.01,159,10,137
cast19,rr,60,0.01,strat_pilot,79,2333,970,1,0,0.0,0.04865559976579124,0.048738887093284916,0.03309457376988336,0.01,159,10,137
cast19,rr,60,0.01,weighted_cv,79,2369,970,1,0,0.0,0.09018350182364779,0.048738887093284916,0.03309457376988336,0.01,159,10,137
cast19,rr,60,0.01,active_cv,79,2322,970,1,0,0.0,0.18628257738855883,0.048738887093284916,0.03309457376988336,0.01,159,10,137
cast19,rr,60,0.01,weighted_cvl,79,2294,970,1,0,0.0,0.04480601366628392,0.048738887093284916,0.03309457376988336,0.01,159,10,137
cast19,rr,60,0.01,uniform,80,2306,959,0,0,0.0019921717169066877,0.18275150203307286,0.046875594589457545,0.024769187721974104,0.008007828283093313,159,10,137
cast19,rr,60,0.01,uniform_nz,80,2342,959,1,0,0.0019921717169066877,0.07238509365893082,0.046875594589457545,0.024769187721974104,0.008007828283093313,159,10,137
cast19,rr,60,0.01,weighted,80,2315,959,0,0,0.0019921717169066877,0.046875594589457545,0.046875594589457545,0.024769187721974104,0.008007828283093313,159,10,137
cast19,rr,60,0.01,active_judge,80,2310,959,0,0,0.0019921717169066877,0.16557763595211875,0.046875594589457545,0.024769187721974104,0.008007828283093313,159,10,137
cast19,rr,60,0.01,strat_pilot,80,2315,959,0,0,0.0019921717169066877,0.04680337594354968,0.046875594589457545,0.024769187721974104,0.008007828283093313,159,10,137
cast19,rr,60,0.01,weighted_cv,80,2274,959,0,0,0.0019921717169066877,0.0399151710486399,0.046875594589457545,0.024769187721974104,0.008007828283093313,159,10,137
cast19,rr,60,0.01,active_cv,80,2335,959,0,0,0.0019921717169066877,0.06639079146214451,0.046875594589457545,0.024769187721974104,0.008007828283093313,159,10,137
cast19,rr,60,0.01,weighted_cvl,80,2297,959,0,0,0.0019921717169066877,0.030296445860360243,0.046875594589457545,0.024769187721974104,0.008007828283093313,159,10,137
cast19,rr,60,0.01,uniform,81,2876,1006,1,0,0.0,0.28618103476946394,0.09027361684699142,0.027777271866146543,0.01,159,14,136
cast19,rr,60,0.01,uniform_nz,81,2934,1006,1,0,0.0,0.16760146820152344,0.09027361684699142,0.027777271866146543,0.01,159,14,136
cast19,rr,60,0.01,weighted,81,2885,1006,1,0,0.0,0.09027361684699142,0.09027361684699142,0.027777271866146543,0.01,159,14,136
cast19,rr,60,0.01,active_judge,81,2862,1006,0,0,0.0,0.19645904425665145,0.09027361684699142,0.027777271866146543,0.01,159,14,136
cast19,rr,60,0.01,strat_pilot,81,2864,1006,1,0,0.0,0.09022379398178203,0.09027361684699142,0.027777271866146543,0.01,159,14,136
cast19,rr,60,0.01,weighted_cv,81,2939,1006,1,0,0.0,0.13991485547973698,0.09027361684699142,0.027777271866146543,0.01,159,14,136
cast19,rr,60,0.01,active_cv,81,2911,1006,1,0,0.0,0.2915427816839643,0.09027361684699142,0.027777271866146543,0.01,159,14,136
cast19,rr,60,0.01,weighted_cvl,81,2917,1006,1,0,0.0,0.07555723183400435,0.09027361684699142,0.027777271866146543,0.01,159,14,136
cast19,rr,60,0.01,uniform,82,2777,929,0,0,0.0,0.25361764289646677,0.11600846013472166,0.011179469406297745,0.01,159,14,136
cast19,rr,60,0.01,uniform_nz,82,2857,929,0,0,0.0,0.16330178600163187,0.11600846013472166,0.011179469406297745,0.01,159,14,136
cast19,rr,60,0.01,weighted,82,2824,929,1,0,0.0,0.11600846013472166,0.11600846013472166,0.011179469406297745,0.01,159,14,136
cast19,rr,60,0.01,active_judge,82,2814,929,1,0,0.0,0.21937144261758235,0.11600846013472166,0.011179469406297745,0.01,159,14,136
cast19,rr,60,0.01,strat_pilot,82,2841,929,1,0,0.0,0.11591446342295261,0.11600846013472166,0.011179469406297745,0.01,159,14,136
cast19,rr,60,0.01,weighted_cv,82,2795,929,1,0,0.0,0.05587792900037307,0.11600846013472166,0.011179469406297745,0.01,159,14,136
cast19,rr,60,0.01,active_cv,82,2826,929,1,0,0.0,0.07117755207674714,0.11600846013472166,0.011179469406297745,0.01,159,14,136
cast19,rr,60,0.01,weighted_cvl,82,2830,929,1,0,0.0,0.07036799500943328,0.11600846013472166,0.011179469406297745,0.01,159,14,136
cast19,rr,60,0.01,uniform,83,2344,970,0,0,0.0,0.23603444238280766,0.06028807465698257,0.022797986165532275,0.01,159,10,137
cast19,rr,60,0.01,uniform_nz,83,2301,970,0,0,0.0,0.08469744101501428,0.06028807465698257,0.022797986165532275,0.01,159,10,137
cast19,rr,60,0.01,weighted,83,2338,970,0,0,0.0,0.06028807465698257,0.06028807465698257,0.022797986165532275,0.01,159,10,137
cast19,rr,60,0.01,active_judge,83,2348,970,0,0,0.0,0.10612014842214376,0.06028807465698257,0.022797986165532275,0.01,159,10,137
cast19,rr,60,0.01,strat_pilot,83,2318,970,0,0,0.0,0.06028252034710648,0.06028807465698257,0.022797986165532275,0.01,159,10,137
cast19,rr,60,0.01,weighted_cv,83,2361,970,0,0,0.0,0.066407635764972,0.06028807465698257,0.022797986165532275,0.01,159,10,137
cast19,rr,60,0.01,active_cv,83,2352,970,1,0,0.0,0.08640572193355629,0.06028807465698257,0.022797986165532275,0.01,159,10,137
cast19,rr,60,0.01,weighted_cvl,83,2302,970,0,0,0.0,0.03868611695220722,0.06028807465698257,0.022797986165532275,0.01,159,10,137
cast19,rr,60,0.01,uniform,84,2069,998,0,0,0.0,0.3223728871991084,0.021372212465002698,0.03129075446530691,0.01,159,8,137
cast19,rr,60,0.01,uniform_nz,84,2084,998,1,0,0.0,0.07486307221154997,0.021372212465002698,0.03129075446530691,0.01,159,8,137
cast19,rr,60,0.01,weighted,84,2063,998,0,0,0.0,0.021372212465002698,0.021372212465002698,0.03129075446530691,0.01,159,8,137
cast19,rr,60,0.01,active_judge,84,2105,998,1,0,0.0,0.07452328097218872,0.021372212465002698,0.03129075446530691,0.01,159,8,137
cast19,rr,60,0.01,strat_pilot,84,2136,998,1,0,0.0,0.02102518625777727,0.021372212465002698,0.03129075446530691,0.01,159,8,137
cast19,rr,60,0.01,weighted_cv,84,2120,998,1,0,0.0,0.05648416599483934,0.021372212465002698,0.03129075446530691,0.01,159,8,137
cast19,rr,60,0.01,active_cv,84,2071,998,0,0,0.0,0.09952863767652423,0.021372212465002698,0.03129075446530691,0.01,159,8,137
cast19,rr,60,0.01,weighted_cvl,84,2116,998,1,0,0.0,0.01835526354105485,0.021372212465002698,0.03129075446530691,0.01,159,8,137
cast19,rr,60,0.01,uniform,85,2865,999,1,0,0.0,0.19138805354950517,0.08556239192603024,0.01988068961746325,0.01,159,14,136
cast19,rr,60,0.01,uniform_nz,85,2922,999,0,0,0.0,0.12317991628593108,0.08556239192603024,0.01988068961746325,0.01,159,14,136
cast19,rr,60,0.01,weighted,85,2885,999,1,0,0.0,0.08556239192603024,0.08556239192603024,0.01988068961746325,0.01,159,14,136
cast19,rr,60,0.01,active_judge,85,2944,999,1,0,0.0,0.18966044336881177,0.08556239192603024,0.01988068961746325,0.01,159,14,136
cast19,rr,60,0.01,strat_pilot,85,2905,999,1,0,0.0,0.08566767439876752,0.08556239192603024,0.01988068961746325,0.01,159,14,136
cast19,rr,60,0.01,weighted_cv,85,2895,999,1,0,0.0,0.11696208750588646,0.08556239192603024,0.01988068961746325,0.01,159,14,136
cast19,rr,60,0.01,active_cv,85,2930,999,0,0,0.0,0.23327745904426478,0.08556239192603024,0.01988068961746325,0.01,159,14,136
cast19,rr,60,0.01,weighted_cvl,85,2898,999,1,0,0.0,0.07174425968763068,0.08556239192603024,0.01988068961746325,0.01,159,14,136
cast19,rr,60,0.01,uniform,86,2305,944,0,0,0.011394904363873526,0.19635298222554703,0.05728542967215704,0.013906808395535026,-0.0013949043638735257,159,10,137
cast19,rr,60,0.01,uniform_nz,86,2336,944,0,0,0.011394904363873526,0.08341601483119093,0.05728542967215704,0.013906808395535026,-0.0013949043638735257,159,10,137
cast19,rr,60,0.01,weighted,86,2289,944,0,0,0.011394904363873526,0.05728542967215704,0.05728542967215704,0.013906808395535026,-0.0013949043638735257,159,10,137
cast19,rr,60,0.01,active_judge,86,2268,944,0,0,0.011394904363873526,0.16908999387818607,0.05728542967215704,0.013906808395535026,-0.0013949043638735257,159,10,137
cast19,rr,60,0.01,strat_pilot,86,2277,944,0,0,0.011394904363873526,0.0572759797960589,0.05728542967215704,0.013906808395535026,-0.0013949043638735257,159,10,137
cast19,rr,60,0.01,weighted_cv,86,2337,944,0,0,0.011394904363873526,0.038127690663954314,0.05728542967215704,0.013906808395535026,-0.0013949043638735257,159,10,137
cast19,rr,60,0.01,active_cv,86,2283,944,0,0,0.011394904363873526,0.055313562157339624,0.05728542967215704,0.013906808395535026,-0.0013949043638735257,159,10,137
cast19,rr,60,0.01,weighted_cvl,86,2294,944,0,0,0.011394904363873526,0.031972780812019916,0.05728542967215704,0.013906808395535026,-0.0013949043638735257,159,10,137
cast19,rr,60,0.01,uniform,87,2920,981,0,0,0.0071729954273220264,0.12110014235785985,0.07116725159571373,0.006076742916526199,0.0028270045726779738,159,14,136
cast19,rr,60,0.01,uniform_nz,87,2861,981,1,0,0.0071729954273220264,0.08075646108680018,0.07116725159571373,0.006076742916526199,0.0028270045726779738,159,14,136
cast19,rr,60,0.01,weighted,87,2868,981,0,0,0.0071729954273220264,0.07116725159571373,0.07116725159571373,0.006076742916526199,0.0028270045726779738,159,14,136
cast19,rr,60,0.01,active_judge,87,2860,981,0,0,0.0071729954273220264,0.1530117945438208,0.07116725159571373,0.006076742916526199,0.0028270045726779738,159,14,136
cast19,rr,60,0.01,strat_pilot,87,2887,981,0,0,0.0071729954273220264,0.07146244047733438,0.07116725159571373,0.006076742916526199,0.0028270045726779738,159,14,136
cast19,rr,60,0.01,weighted_cv,87,2858,981,0,0,0.0071729954273220264,0.07672236867001192,0.07116725159571373,0.006076742916526199,0.0028270045726779738,159,14,136
cast19,rr,60,0.01,active_cv,87,2893,981,0,0,0.0071729954273220264,0.12016429960010773,0.07116725159571373,0.006076742916526199,0.0028270045726779738,159,14,136
cast19,rr,60,0.01,weighted_cvl,87,2901,981,0,0,0.0071729954273220264,0.059686592275622584,0.07116725159571373,0.006076742916526199,0.0028270045726779738,159,14,136
cast19,rr,60,0.01,uniform,88,2349,991,0,0,0.0020239894414924575,0.37001882137706227,0.0453165097814472,0.02584009656494176,0.007976010558507543,159,10,137
cast19,rr,60,0.01,uniform_nz,88,2313,991,0,0,0.0020239894414924575,0.14451389132759637,0.0453165097814472,0.02584009656494176,0.007976010558507543,159,10,137
cast19,rr,60,0.01,weighted,88,2379,991,0,0,0.0020239894414924575,0.0453165097814472,0.0453165097814472,0.02584009656494176,0.007976010558507543,159,10,137
cast19,rr,60,0.01,active_judge,88,2356,991,0,0,0.0020239894414924575,0.11943993469273351,0.0453165097814472,0.02584009656494176,0.007976010558507543,159,10,137
cast19,rr,60,0.01,strat_pilot,88,2399,991,0,0,0.0020239894414924575,0.045205886074288645,0.0453165097814472,0.02584009656494176,0.007976010558507543,159,10,137
cast19,rr,60,0.01,weighted_cv,88,2375,991,0,0,0.0020239894414924575,0.05523216520169849,0.0453165097814472,0.02584009656494176,0.007976010558507543,159,10,137
cast19,rr,60,0.01,active_cv,88,2369,991,0,0,0.0020239894414924575,0.10932443006631906,0.0453165097814472,0.02584009656494176,0.007976010558507543,159,10,137
cast19,rr,60,0.01,weighted_cvl,88,2321,991,1,0,0.0020239894414924575,0.03893479021618796,0.0453165097814472,0.02584009656494176,0.007976010558507543,159,10,137
cast19,rr,60,0.01,uniform,89,2072,958,0,0,0.0,0.09277773916709395,0.027283608811411404,0.011439429944578678,0.01,159,8,138
cast19,rr,60,0.01,uniform_nz,89,2029,958,1,0,0.0,0.03107870834731884,0.027283608811411404,0.011439429944578678,0.01,159,8,138
cast19,rr,60,0.01,weighted,89,2025,958,0,0,0.0,0.027283608811411404,0.027283608811411404,0.011439429944578678,0.01,159,8,138
cast19,rr,60,0.01,active_judge,89,2053,958,1,0,0.0,0.04555162295474428,0.027283608811411404,0.011439429944578678,0.01,159,8,138
cast19,rr,60,0.01,strat_pilot,89,2043,958,1,0,0.0,0.02728325799976042,0.027283608811411404,0.011439429944578678,0.01,159,8,138
cast19,rr,60,0.01,weighted_cv,89,2050,958,0,0,0.0,0.022467317992475127,0.027283608811411404,0.011439429944578678,0.01,159,8,138
cast19,rr,60,0.01,active_cv,89,2063,958,1,0,0.0,0.042090904794679224,0.027283608811411404,0.011439429944578678,0.01,159,8,138
cast19,rr,60,0.01,weighted_cvl,89,2057,958,1,0,0.0,0.02399442503799493,0.027283608811411404,0.011439429944578678,0.01,159,8,138
cast19,rr,60,0.01,uniform,90,2290,941,0,0,0.0,0.17885209946119104,0.07862065320651065,0.03122213805137146,0.01,159,10,137
cast19,rr,60,0.01,uniform_nz,90,2313,941,0,0,0.0,0.0959633987544151,0.07862065320651065,0.03122213805137146,0.01,159,10,137
cast19,rr,60,0.01,weighted,90,2296,941,0,0,0.0,0.07862065320651065,0.07862065320651065,0.03122213805137146,0.01,159,10,137
cast19,rr,60,0.01,active_judge,90,2352,941,0,0,0.0,0.1886707880102611,0.07862065320651065,0.03122213805137146,0.01,159,10,137
cast19,rr,60,0.01,strat_pilot,90,2322,941,1,0,0.0,0.07856178159442476,0.07862065320651065,0.03122213805137146,0.01,159,10,137
cast19,rr,60,0.01,weighted_cv,90,2302,941,0,0,0.0,0.06494368779186606,0.07862065320651065,0.03122213805137146,0.01,159,10,137
cast19,rr,60,0.01,active_cv,90,2296,941,0,0,0.0,0.08964894278995925,0.07862065320651065,0.03122213805137146,0.01,159,10,137
cast19,rr,60,0.01,weighted_cvl,90,2315,941,1,0,0.0,0.040187134527147186,0.07862065320651065,0.03122213805137146,0.01,159,10,137
cast19,rr,60,0.01,uniform,91,2831,973,0,0,0.0,0.2030594797595544,0.08864686957805765,0.016925069099772955,0.01,159,14,136
cast19,rr,60,0.01,uniform_nz,91,2846,973,0,0,0.0,0.13886048931642092,0.08864686957805765,0.016925069099772955,0.01,159,14,136
cast19,rr,60,0.01,weighted,91,2866,973,1,0,0.0,0.08864686957805765,0.08864686957805765,0.016925069099772955,0.01,159,14,136
cast19,rr,60,0.01,active_judge,91,2866,973,0,0,0.0,0.21659790326351186,0.08864686957805765,0.016925069099772955,0.01,159,14,136
cast19,rr,60,0.01,strat_pilot,91,2855,973,1,0,0.0,0.08870535498845125,0.08864686957805765,0.016925069099772955,0.01,159,14,136
cast19,rr,60,0.01,weighted_cv,91,2886,973,1,0,0.0,0.11122380684003821,0.08864686957805765,0.016925069099772955,0.01,159,14,136
cast19,rr,60,0.01,active_cv,91,2882,973,1,0,0.0,0.1662991274616222,0.08864686957805765,0.016925069099772955,0.01,159,14,136
cast19,rr,60,0.01,weighted_cvl,91,2836,973,1,0,0.0,0.0663633035716151,0.08864686957805765,0.016925069099772955,0.01,159,14,136
cast19,rr,60,0.01,uniform,92,2473,1060,0,0,0.005697654197582558,0.17822844601796614,0.0512823260771989,0.028557587410545406,0.004302345802417442,159,10,137
cast19,rr,60,0.01,uniform_nz,92,2393,1060,0,0,0.005697654197582558,0.07560053371796846,0.0512823260771989,0.028557587410545406,0.004302345802417442,159,10,137
cast19,rr,60,0.01,weighted,92,2472,1060,0,0,0.005697654197582558,0.0512823260771989,0.0512823260771989,0.028557587410545406,0.004302345802417442,159,10,137
cast19,rr,60,0.01,active_judge,92,2434,1060,0,0,0.005697654197582558,0.13321673735217496,0.0512823260771989,0.028557587410545406,0.004302345802417442,159,10,137
cast19,rr,60,0.01,strat_pilot,92,2408,1060,0,0,0.005697654197582558,0.051272233499468155,0.0512823260771989,0.028557587410545406,0.004302345802417442,159,10,137
cast19,rr,60,0.01,weighted_cv,92,2426,1060,0,0,0.005697654197582558,0.04722994495938043,0.0512823260771989,0.028557587410545406,0.004302345802417442,159,10,137
cast19,rr,60,0.01,active_cv,92,2445,1060,0,0,0.005697654197582558,0.06574068538714586,0.0512823260771989,0.028557587410545406,0.004302345802417442,159,10,137
cast19,rr,60,0.01,weighted_cvl,92,2470,1060,0,0,0.005697654197582558,0.030892872077550503,0.0512823260771989,0.028557587410545406,0.004302345802417442,159,10,137
cast19,rr,60,0.01,uniform,93,2271,921,0,0,0.01668310125261141,0.15154415067659516,0.042105394851387354,0.01592698605368546,-0.0066831012526114095,159,10,138
cast19,rr,60,0.01,uniform_nz,93,2285,921,0,0,0.01668310125261141,0.05406421239864415,0.042105394851387354,0.01592698605368546,-0.0066831012526114095,159,10,138
cast19,rr,60,0.01,weighted,93,2265,921,0,0,0.01668310125261141,0.042105394851387354,0.042105394851387354,0.01592698605368546,-0.0066831012526114095,159,10,138
cast19,rr,60,0.01,active_judge,93,2296,921,0,0,0.01668310125261141,0.08338626718448323,0.042105394851387354,0.01592698605368546,-0.0066831012526114095,159,10,138
cast19,rr,60,0.01,strat_pilot,93,2231,921,0,0,0.01668310125261141,0.042076954271597654,0.042105394851387354,0.01592698605368546,-0.0066831012526114095,159,10,138
cast19,rr,60,0.01,weighted_cv,93,2257,921,0,0,0.01668310125261141,0.03930964448901425,0.042105394851387354,0.01592698605368546,-0.0066831012526114095,159,10,138
cast19,rr,60,0.01,active_cv,93,2297,921,0,0,0.01668310125261141,0.0627762254401835,0.042105394851387354,0.01592698605368546,-0.0066831012526114095,159,10,138
cast19,rr,60,0.01,weighted_cvl,93,2261,921,0,0,0.01668310125261141,0.020695801138554015,0.042105394851387354,0.01592698605368546,-0.0066831012526114095,159,10,138
cast19,rr,60,0.01,uniform,94,2362,1025,0,0,0.0,0.24970732163559473,0.08048397982751773,0.0025502313603000173,0.01,159,10,137
cast19,rr,60,0.01,uniform_nz,94,2383,1025,0,0,0.0,0.10031552889774446,0.08048397982751773,0.0025502313603000173,0.01,159,10,137
cast19,rr,60,0.01,weighted,94,2446,1025,1,0,0.0,0.08048397982751773,0.08048397982751773,0.0025502313603000173,0.01,159,10,137
cast19,rr,60,0.01,active_judge,94,2344,1025,0,0,0.0,0.18348528519119509,0.08048397982751773,0.0025502313603000173,0.01,159,10,137
cast19,rr,60,0.01,strat_pilot,94,2410,1025,0,0,0.0,0.0804058360125054,0.08048397982751773,0.0025502313603000173,0.01,159,10,137
cast19,rr,60,0.01,weighted_cv,94,2332,1025,0,0,0.0,0.08913225966626646,0.08048397982751773,0.0025502313603000173,0.01,159,10,137
cast19,rr,60,0.01,active_cv,94,2346,1025,0,0,0.0,0.12494778498251921,0.08048397982751773,0.0025502313603000173,0.01,159,10,137
cast19,rr,60,0.01,weighted_cvl,94,2394,1025,0,0,0.0,0.0849012343030326,0.08048397982751773,0.0025502313603000173,0.01,159,10,137
cast19,rr,60,0.01,uniform,95,2321,992,0,0,0.001618332309391013,0.24453840090258433,0.06253123412553657,0.020728085831599102,0.008381667690608987,159,10,137
cast19,rr,60,0.01,uniform_nz,95,2390,992,0,0,0.001618332309391013,0.11175350818609182,0.06253123412553657,0.020728085831599102,0.008381667690608987,159,10,137
cast19,rr,60,0.01,weighted,95,2320,992,0,0,0.001618332309391013,0.06253123412553657,0.06253123412553657,0.020728085831599102,0.008381667690608987,159,10,137
cast19,rr,60,0.01,active_judge,95,2340,992,0,0,0.001618332309391013,0.12802426178819087,0.06253123412553657,0.020728085831599102,0.008381667690608987,159,10,137
cast19,rr,60,0.01,strat_pilot,95,2328,992,1,0,0.001618332309391013,0.06254406761125693,0.06253123412553657,0.020728085831599102,0.008381667690608987,159,10,137
cast19,rr,60,0.01,weighted_cv,95,2343,992,0,0,0.001618332309391013,0.05754106895767212,0.06253123412553657,0.020728085831599102,0.008381667690608987,159,10,137
cast19,rr,60,0.01,active_cv,95,2316,992,0,0,0.001618332309391013,0.08094916627723321,0.06253123412553657,0.020728085831599102,0.008381667690608987,159,10,137
cast19,rr,60,0.01,weighted_cvl,95,2377,992,0,0,0.001618332309391013,0.05754106895767212,0.06253123412553657,0.020728085831599102,0.008381667690608987,159,10,137
cast19,rr,60,0.01,uniform,96,2372,996,0,0,0.004684476569710383,0.4021218682805115,0.048068978446595245,0.026248295431479565,0.005315523430289617,159,10,137
cast19,rr,60,0.01,uniform_nz,96,2402,996,0,0,0.004684476569710383,0.16812273343024745,0.048068978446595245,0.026248295431479565,0.005315523430289617,159,10,137
cast19,rr,60,0.01,weighted,96,2339,996,0,0,0.004684476569710383,0.048068978446595245,0.048068978446595245,0.026248295431479565,0.005315523430289617,159,10,137
cast19,rr,60,0.01,active_judge,96,2364,996,0,0,0.004684476569710383,0.1850852792014114,0.048068978446595245,0.026248295431479565,0.005315523430289617,159,10,137
cast19,rr,60,0.01,strat_pilot,96,2342,996,0,0,0.004684476569710383,0.047990941194548796,0.048068978446595245,0.026248295431479565,0.005315523430289617,159,10,137
cast19,rr,60,0.01,weighted_cv,96,2397,996,0,0,0.004684476569710383,0.04670941011057126,0.048068978446595245,0.026248295431479565,0.005315523430289617,159,10,137
cast19,rr,60,0.01,active_cv,96,2345,996,0,0,0.004684476569710383,0.08015797173719415,0.048068978446595245,0.026248295431479565,0.005315523430289617,159,10,137
cast19,rr,60,0.01,weighted_cvl,96,2356,996,0,0,0.004684476569710383,0.03927667117074572,0.048068978446595245,0.026248295431479565,0.005315523430289617,159,10,137
cast19,rr,60,0.01,uniform,97,2370,1033,0,0,0.01281906959309187,0.08609045484053915,0.036213740786094885,0.042223097274466916,-0.0028190695930918695,159,10,137
cast19,rr,60,0.01,uniform_nz,97,2408,1033,0,0,0.01281906959309187,0.04042859776549776,0.036213740786094885,0.042223097274466916,-0.0028190695930918695,159,10,137
cast19,rr,60,0.01,weighted,97,2353,1033,0,0,0.01281906959309187,0.036213740786094885,0.036213740786094885,0.042223097274466916,-0.0028190695930918695,159,10,137
cast19,rr,60,0.01,active_judge,97,2413,1033,0,0,0.01281906959309187,0.08337393823981178,0.036213740786094885,0.042223097274466916,-0.0028190695930918695,159,10,137
cast19,rr,60,0.01,strat_pilot,97,2382,1033,0,0,0.01281906959309187,0.03615870063469403,0.036213740786094885,0.042223097274466916,-0.0028190695930918695,159,10,137
cast19,rr,60,0.01,weighted_cv,97,2331,1033,0,0,0.01281906959309187,0.03940484847202769,0.036213740786094885,0.042223097274466916,-0.0028190695930918695,159,10,137
cast19,rr,60,0.01,active_cv,97,2380,1033,0,0,0.01281906959309187,0.07972253213161874,0.036213740786094885,0.042223097274466916,-0.0028190695930918695,159,10,137
cast19,rr,60,0.01,weighted_cvl,97,2403,1033,0,0,0.01281906959309187,0.022475120495157902,0.036213740786094885,0.042223097274466916,-0.0028190695930918695,159,10,137
cast19,rr,60,0.01,uniform,98,2341,967,0,0,0.0,0.11818466535974755,0.03695075729621854,0.032076768079813585,0.01,159,10,137
cast19,rr,60,0.01,uniform_nz,98,2367,967,0,0,0.0,0.04162266365216779,0.03695075729621854,0.032076768079813585,0.01,159,10,137
cast19,rr,60,0.01,weighted,98,2309,967,1,0,0.0,0.03695075729621854,0.03695075729621854,0.032076768079813585,0.01,159,10,137
cast19,rr,60,0.01,active_judge,98,2315,967,1,0,0.0,0.08131543897655301,0.03695075729621854,0.032076768079813585,0.01,159,10,137
cast19,rr,60,0.01,strat_pilot,98,2338,967,1,0,0.0,0.03706950420247259,0.03695075729621854,0.032076768079813585,0.01,159,10,137
cast19,rr,60,0.01,weighted_cv,98,2264,967,1,0,0.0,0.06626043621813796,0.03695075729621854,0.032076768079813585,0.01,159,10,137
cast19,rr,60,0.01,active_cv,98,2323,967,1,0,0.0,0.1161534714727904,0.03695075729621854,0.032076768079813585,0.01,159,10,137
cast19,rr,60,0.01,weighted_cvl,98,2319,967,1,0,0.0,0.03041623102039136,0.03695075729621854,0.032076768079813585,0.01,159,10,137
cast19,rr,60,0.01,uniform,99,2941,999,0,0,0.0,1.1998437776556896,0.1413866470145988,0.05633274264587245,0.01,159,14,136
cast19,rr,60,0.01,uniform_nz,99,2892,999,1,0,0.0,0.8556750455769248,0.1413866470145988,0.05633274264587245,0.01,159,14,136
cast19,rr,60,0.01,weighted,99,2909,999,1,0,0.0,0.1413866470145988,0.1413866470145988,0.05633274264587245,0.01,159,14,136
cast19,rr,60,0.01,active_judge,99,2893,999,0,0,0.0,0.37038884772332314,0.1413866470145988,0.05633274264587245,0.01,159,14,136
cast19,rr,60,0.01,strat_pilot,99,2853,999,1,0,0.0,0.1414258329686752,0.1413866470145988,0.05633274264587245,0.01,159,14,136
cast19,rr,60,0.01,weighted_cv,99,2866,999,1,0,0.0,0.11907894866231454,0.1413866470145988,0.05633274264587245,0.01,159,14,136
cast19,rr,60,0.01,active_cv,99,2893,999,0,0,0.0,0.18609396466675782,0.1413866470145988,0.05633274264587245,0.01,159,14,136
cast19,rr,60,0.01,weighted_cvl,99,2910,999,1,0,0.0,0.10563341339882797,0.1413866470145988,0.05633274264587245,0.01,159,14,136
cast19,rr,60,0.01,uniform,100,2407,1014,0,0,0.004015453784244727,0.1605996140293428,0.05109049370622889,0.013675163639997403,0.005984546215755273,159,10,137
cast19,rr,60,0.01,uniform_nz,100,2370,1014,1,0,0.004015453784244727,0.06072417049017309,0.05109049370622889,0.013675163639997403,0.005984546215755273,159,10,137
cast19,rr,60,0.01,weighted,100,2407,1014,0,0,0.004015453784244727,0.05109049370622889,0.05109049370622889,0.013675163639997403,0.005984546215755273,159,10,137
cast19,rr,60,0.01,active_judge,100,2365,1014,0,0,0.004015453784244727,0.13401762535059294,0.05109049370622889,0.013675163639997403,0.005984546215755273,159,10,137
cast19,rr,60,0.01,strat_pilot,100,2385,1014,0,0,0.004015453784244727,0.05092264753877136,0.05109049370622889,0.013675163639997403,0.005984546215755273,159,10,137
cast19,rr,60,0.01,weighted_cv,100,2367,1014,0,0,0.004015453784244727,0.08961606225435366,0.05109049370622889,0.013675163639997403,0.005984546215755273,159,10,137
cast19,rr,60,0.01,active_cv,100,2404,1014,0,0,0.004015453784244727,0.14119949303683005,0.05109049370622889,0.013675163639997403,0.005984546215755273,159,10,137
cast19,rr,60,0.01,weighted_cvl,100,2396,1014,0,0,0.004015453784244727,0.04621599769924621,0.05109049370622889,0.013675163639997403,0.005984546215755273,159,10,137
cast19,rr,60,0.01,uniform,101,2891,953,0,0,0.0,0.3121868861549454,0.1316407748867771,0.030708791208791206,0.01,159,14,136
cast19,rr,60,0.01,uniform_nz,101,2848,953,1,0,0.0,0.20260407906532132,0.1316407748867771,0.030708791208791206,0.01,159,14,136
cast19,rr,60,0.01,weighted,101,2908,953,1,0,0.0,0.1316407748867771,0.1316407748867771,0.030708791208791206,0.01,159,14,136
cast19,rr,60,0.01,active_judge,101,2847,953,1,0,0.0,0.3020969856140766,0.1316407748867771,0.030708791208791206,0.01,159,14,136
cast19,rr,60,0.01,strat_pilot,101,2860,953,1,0,0.0,0.13163495806557327,0.1316407748867771,0.030708791208791206,0.01,159,14,136
cast19,rr,60,0.01,weighted_cv,101,2841,953,1,0,0.0,0.11823633039625667,0.1316407748867771,0.030708791208791206,0.01,159,14,136
cast19,rr,60,0.01,active_cv,101,2882,953,1,0,0.0,0.18204532953348013,0.1316407748867771,0.030708791208791206,0.01,159,14,136
cast19,rr,60,0.01,weighted_cvl,101,2862,953,1,0,0.0,0.08838844133410724,0.1316407748867771,0.030708791208791206,0.01,159,14,136
cast19,rr,60,0.01,uniform,102,2855,987,0,0,0.0,0.5542285057540489,0.07324549406462492,0.01915389850176867,0.01,159,14,136
cast19,rr,60,0.01,uniform_nz,102,2863,987,0,0,0.0,0.41338747271253096,0.07324549406462492,0.01915389850176867,0.01,159,14,136
cast19,rr,60,0.01,weighted,102,2944,987,0,0,0.0,0.07324549406462492,0.07324549406462492,0.01915389850176867,0.01,159,14,136
cast19,rr,60,0.01,active_judge,102,2901,987,0,0,0.0,0.18631341498056175,0.07324549406462492,0.01915389850176867,0.01,159,14,136
cast19,rr,60,0.01,strat_pilot,102,2872,987,1,0,0.0,0.07319174785802947,0.07324549406462492,0.01915389850176867,0.01,159,14,136
cast19,rr,60,0.01,weighted_cv,102,2875,987,1,0,0.0,0.10926739080501557,0.07324549406462492,0.01915389850176867,0.01,159,14,136
cast19,rr,60,0.01,active_cv,102,2868,987,0,0,0.0,0.23167367372677444,0.07324549406462492,0.01915389850176867,0.01,159,14,136
cast19,rr,60,0.01,weighted_cvl,102,2901,987,0,0,0.0,0.061572036667120654,0.07324549406462492,0.01915389850176867,0.01,159,14,136
cast19,rr,60,0.01,uniform,103,2073,963,0,0,0.005882053198852377,0.7174403048288756,0.0763758926420673,0.04077785335293076,0.004117946801147623,159,9,126
cast19,rr,60,0.01,uniform_nz,103,2091,963,0,0,0.005882053198852377,0.19863343480496848,0.0763758926420673,0.04077785335293076,0.004117946801147623,159,9,126
cast19,rr,60,0.01,weighted,103,2057,963,0,0,0.005882053198852377,0.0763758926420673,0.0763758926420673,0.04077785335293076,0.004117946801147623,159,9,126
cast19,rr,60,0.01,active_judge,103,2037,963,0,0,0.005882053198852377,0.18752765656826387,0.0763758926420673,0.04077785335293076,0.004117946801147623,159,9,126
cast19,rr,60,0.01,strat_pilot,103,2043,963,0,0,0.005882053198852377,0.07637984261013124,0.0763758926420673,0.04077785335293076,0.004117946801147623,159,9,126
cast19,rr,60,0.01,weighted_cv,103,2065,963,0,0,0.005882053198852377,0.0679440053343096,0.0763758926420673,0.04077785335293076,0.004117946801147623,159,9,126
cast19,rr,60,0.01,active_cv,103,2085,963,0,0,0.005882053198852377,0.1014805782097131,0.0763758926420673,0.04077785335293076,0.004117946801147623,159,9,126
cast19,rr,60,0.01,weighted_cvl,103,2018,963,0,0,0.005882053198852377,0.054726546180592806,0.0763758926420673,0.04077785335293076,0.004117946801147623,159,9,126
cast19,rr,60,0.01,uniform,104,2414,979,0,0,0.0,0.28034697812539827,0.08766062373407639,0.027146691384997368,0.01,159,10,137
cast19,rr,60,0.01,uniform_nz,104,2367,979,0,0,0.0,0.12128898709332506,0.08766062373407639,0.027146691384997368,0.01,159,10,137
cast19,rr,60,0.01,weighted,104,2367,979,1,0,0.0,0.08766062373407639,0.08766062373407639,0.027146691384997368,0.01,159,10,137
cast19,rr,60,0.01,active_judge,104,2349,979,0,0,0.0,0.1924847685998244,0.08766062373407639,0.027146691384997368,0.01,159,10,137
cast19,rr,60,0.01,strat_pilot,104,2337,979,0,0,0.0,0.0875445339303589,0.08766062373407639,0.027146691384997368,0.01,159,10,137
cast19,rr,60,0.01,weighted_cv,104,2301,979,0,0,0.0,0.10974736893617185,0.08766062373407639,0.027146691384997368,0.01,159,10,137
cast19,rr,60,0.01,active_cv,104,2343,979,0,0,0.0,0.1472609933669918,0.08766062373407639,0.027146691384997368,0.01,159,10,137
cast19,rr,60,0.01,weighted_cvl,104,2340,979,1,0,0.0,0.08522247314328253,0.08766062373407639,0.027146691384997368,0.01,159,10,137
cast19,rr,60,0.01,uniform,105,2262,866,0,0,0.0,0.16945401854219494,0.06395249942132934,0.022947239424574852,0.01,159,10,138
cast19,rr,60,0.01,uniform_nz,105,2266,866,1,0,0.0,0.08697754964382884,0.06395249942132934,0.022947239424574852,0.01,159,10,138
cast19,rr,60,0.01,weighted,105,2217,866,1,0,0.0,0.06395249942132934,0.06395249942132934,0.022947239424574852,0.01,159,10,138
cast19,rr,60,0.01,active_judge,105,2216,866,1,0,0.0,0.12385148677368489,0.06395249942132934,0.022947239424574852,0.01,159,10,138
cast19,rr,60,0.01,strat_pilot,105,2215,866,1,0,0.0,0.06394491884210643,0.06395249942132934,0.022947239424574852,0.01,159,10,138
cast19,rr,60,0.01,weighted_cv,105,2244,866,1,0,0.0,0.04727409517832987,0.06395249942132934,0.022947239424574852,0.01,159,10,138
cast19,rr,60,0.01,active_cv,105,2240,866,1,0,0.0,0.06365944213505449,0.06395249942132934,0.022947239424574852,0.01,159,10,138
cast19,rr,60,0.01,weighted_cvl,105,2218,866,1,0,0.0,0.030205199187244996,0.06395249942132934,0.022947239424574852,0.01,159,10,138
cast19,rr,60,0.01,uniform,106,2324,967,0,0,0.0,0.2927652836320013,0.09576944048551618,0.010102457398123032,0.01,159,10,137
cast19,rr,60,0.01,uniform_nz,106,2334,967,1,0,0.0,0.11878690513664618,0.09576944048551618,0.010102457398123032,0.01,159,10,137
cast19,rr,60,0.01,weighted,106,2335,967,1,0,0.0,0.09576944048551618,0.09576944048551618,0.010102457398123032,0.01,159,10,137
cast19,rr,60,0.01,active_judge,106,2335,967,0,0,0.0,0.19794490629153508,0.09576944048551618,0.010102457398123032,0.01,159,10,137
cast19,rr,60,0.01,strat_pilot,106,2291,967,0,0,0.0,0.09569273870087666,0.09576944048551618,0.010102457398123032,0.01,159,10,137
cast19,rr,60,0.01,weighted_cv,106,2285,967,1,0,0.0,0.09043034910544535,0.09576944048551618,0.010102457398123032,0.01,159,10,137
cast19,rr,60,0.01,active_cv,106,2346,967,0,0,0.0,0.14688552354517292,0.09576944048551618,0.010102457398123032,0.01,159,10,137
cast19,rr,60,0.01,weighted_cvl,106,2337,967,1,0,0.0,0.07562745874018054,0.09576944048551618,0.010102457398123032,0.01,159,10,137
cast19,rr,60,0.01,uniform,107,2312,965,0,0,0.0020239894414924575,0.342568235323499,0.04584176213544354,0.029890186635677288,0.007976010558507543,159,10,137
cast19,rr,60,0.01,uniform_nz,107,2313,965,0,0,0.0020239894414924575,0.18091177455863924,0.04584176213544354,0.029890186635677288,0.007976010558507543,159,10,137
cast19,rr,60,0.01,weighted,107,2316,965,0,0,0.0020239894414924575,0.04584176213544354,0.04584176213544354,0.029890186635677288,0.007976010558507543,159,10,137
cast19,rr,60,0.01,active_judge,107,2299,965,0,0,0.0020239894414924575,0.15299535811011317,0.04584176213544354,0.029890186635677288,0.007976010558507543,159,10,137
cast19,rr,60,0.01,strat_pilot,107,2321,965,0,0,0.0020239894414924575,0.045822406093912915,0.04584176213544354,0.029890186635677288,0.007976010558507543,159,10,137
cast19,rr,60,0.01,weighted_cv,107,2372,965,0,0,0.0020239894414924575,0.054014738627692925,0.04584176213544354,0.029890186635677288,0.007976010558507543,159,10,137
cast19,rr,60,0.01,active_cv,107,2332,965,0,0,0.0020239894414924575,0.08308764782293672,0.04584176213544354,0.029890186635677288,0.007976010558507543,159,10,137
cast19,rr,60,0.01,weighted_cvl,107,2307,965,1,0,0.0020239894414924575,0.04723366766797406,0.04584176213544354,0.029890186635677288,0.007976010558507543,159,10,137
cast19,rr,60,0.01,uniform,108,2346,962,0,0,0.0073493809731801085,0.09640979339423446,0.03618400021364386,0.020416387310384268,0.0026506190268198917,159,10,137
cast19,rr,60,0.01,uniform_nz,108,2308,962,0,0,0.0073493809731801085,0.04762280321704324,0.03618400021364386,0.020416387310384268,0.0026506190268198917,159,10,137
cast19,rr,60,0.01,weighted,108,2358,962,0,0,0.0073493809731801085,0.03618400021364386,0.03618400021364386,0.020416387310384268,0.0026506190268198917,159,10,137
cast19,rr,60,0.01,active_judge,108,2327,962,0,0,0.0073493809731801085,0.07295557051389898,0.03618400021364386,0.020416387310384268,0.0026506190268198917,159,10,137
cast19,rr,60,0.01,strat_pilot,108,2341,962,0,0,0.0073493809731801085,0.03611160130340541,0.03618400021364386,0.020416387310384268,0.0026506190268198917,159,10,137
cast19,rr,60,0.01,weighted_cv,108,2319,962,0,0,0.0073493809731801085,0.03667783748271812,0.03618400021364386,0.020416387310384268,0.0026506190268198917,159,10,137
cast19,rr,60,0.01,active_cv,108,2366,962,0,0,0.0073493809731801085,0.05652704335823363,0.03618400021364386,0.020416387310384268,0.0026506190268198917,159,10,137
cast19,rr,60,0.01,weighted_cvl,108,2309,962,0,0,0.0073493809731801085,0.030091685638253644,0.03618400021364386,0.020416387310384268,0.0026506190268198917,159,10,137
cast19,rr,60,0.01,uniform,109,2366,1003,0,0,0.0,0.35142430175484735,0.07757519766017232,0.028490628148119056,0.01,159,10,137
cast19,rr,60,0.01,uniform_nz,109,2383,1003,0,0,0.0,0.14387735136062055,0.07757519766017232,0.028490628148119056,0.01,159,10,137
cast19,rr,60,0.01,weighted,109,2400,1003,0,0,0.0,0.07757519766017232,0.07757519766017232,0.028490628148119056,0.01,159,10,137
cast19,rr,60,0.01,active_judge,109,2367,1003,0,0,0.0,0.2229952703436271,0.07757519766017232,0.028490628148119056,0.01,159,10,137
cast19,rr,60,0.01,strat_pilot,109,2362,1003,0,0,0.0,0.07758575693822492,0.07757519766017232,0.028490628148119056,0.01,159,10,137
cast19,rr,60,0.01,weighted_cv,109,2411,1003,1,0,0.0,0.07847155932558951,0.07757519766017232,0.028490628148119056,0.01,159,10,137
cast19,rr,60,0.01,active_cv,109,2355,1003,1,0,0.0,0.12144814675374035,0.07757519766017232,0.028490628148119056,0.01,159,10,137
cast19,rr,60,0.01,weighted_cvl,109,2364,1003,1,0,0.0,0.043217762216634384,0.07757519766017232,0.028490628148119056,0.01,159,10,137
cast19,rr,60,0.01,uniform,110,2129,1015,0,0,0.005882053198852377,0.558893333979562,0.05864155338077326,0.022093287810662287,0.004117946801147623,159,9,129
cast19,rr,60,0.01,uniform_nz,110,2142,1015,0,0,0.005882053198852377,0.25512262713066847,0.05864155338077326,0.022093287810662287,0.004117946801147623,159,9,129
cast19,rr,60,0.01,weighted,110,2167,1015,0,0,0.005882053198852377,0.05864155338077326,0.05864155338077326,0.022093287810662287,0.004117946801147623,159,9,129
cast19,rr,60,0.01,active_judge,110,2156,1015,0,0,0.005882053198852377,0.13565276116084793,0.05864155338077326,0.022093287810662287,0.004117946801147623,159,9,129
cast19,rr,60,0.01,strat_pilot,110,2176,1015,0,0,0.005882053198852377,0.05854496403012881,0.05864155338077326,0.022093287810662287,0.004117946801147623,159,9,129
cast19,rr,60,0.01,weighted_cv,110,2143,1015,0,0,0.005882053198852377,0.06537913464555142,0.05864155338077326,0.022093287810662287,0.004117946801147623,159,9,129
cast19,rr,60,0.01,active_cv,110,2158,1015,0,0,0.005882053198852377,0.11325183651306567,0.05864155338077326,0.022093287810662287,0.004117946801147623,159,9,129
cast19,rr,60,0.01,weighted_cvl,110,2183,1015,0,0,0.005882053198852377,0.051228836049903546,0.05864155338077326,0.022093287810662287,0.004117946801147623,159,9,129
cast19,rr,60,0.01,uniform,111,2331,1013,0,0,0.0,0.48834429854166456,0.08973128259697719,0.028225771304718664,0.01,159,10,137
cast19,rr,60,0.01,uniform_nz,111,2403,1013,0,0,0.0,0.20350409080912352,0.08973128259697719,0.028225771304718664,0.01,159,10,137
cast19,rr,60,0.01,weighted,111,2388,1013,0,0,0.0,0.08973128259697719,0.08973128259697719,0.028225771304718664,0.01,159,10,137
cast19,rr,60,0.01,active_judge,111,2358,1013,0,0,0.0,0.20738652439851143,0.08973128259697719,0.028225771304718664,0.01,159,10,137
cast19,rr,60,0.01,strat_pilot,111,2390,1013,0,0,0.0,0.08958446033948066,0.08973128259697719,0.028225771304718664,0.01,159,10,137
cast19,rr,60,0.01,weighted_cv,111,2345,1013,0,0,0.0,0.09544457685205585,0.08973128259697719,0.028225771304718664,0.01,159,10,137
cast19,rr,60,0.01,active_cv,111,2412,1013,0,0,0.0,0.16038610308011034,0.08973128259697719,0.028225771304718664,0.01,159,10,137
cast19,rr,60,0.01,weighted_cvl,111,2363,1013,0,0,0.0,0.09544457685205585,0.08973128259697719,0.028225771304718664,0.01,159,10,137
cast19,rr,60,0.01,uniform,112,2840,873,0,0,0.014252628239793508,0.5936560047920623,0.0671455911911514,0.02374594450782362,-0.004252628239793508,159,14,136
cast19,rr,60,0.01,uniform_nz,112,2797,873,0,0,0.014252628239793508,0.3941315863430765,0.0671455911911514,0.02374594450782362,-0.004252628239793508,159,14,136
cast19,rr,60,0.01,weighted,112,2792,873,0,0,0.014252628239793508,0.0671455911911514,0.0671455911911514,0.02374594450782362,-0.004252628239793508,159,14,136
cast19,rr,60,0.01,active_judge,112,2758,873,0,0,0.014252628239793508,0.18309299054302752,0.0671455911911514,0.02374594450782362,-0.004252628239793508,159,14,136
cast19,rr,60,0.01,strat_pilot,112,2703,873,0,0,0.014252628239793508,0.0673671974731673,0.0671455911911514,0.02374594450782362,-0.004252628239793508,159,14,136
cast19,rr,60,0.01,weighted_cv,112,2752,873,0,0,0.014252628239793508,0.10496133565176327,0.0671455911911514,0.02374594450782362,-0.004252628239793508,159,14,136
cast19,rr,60,0.01,active_cv,112,2780,873,0,0,0.014252628239793508,0.14407771117654394,0.0671455911911514,0.02374594450782362,-0.004252628239793508,159,14,136
cast19,rr,60,0.01,weighted_cvl,112,2807,873,0,0,0.014252628239793508,0.05867395318666604,0.0671455911911514,0.02374594450782362,-0.004252628239793508,159,14,136
cast19,rr,60,0.01,uniform,113,2244,925,0,0,0.004212447627695459,0.5086118468089782,0.07865528776851845,0.019182247491071037,0.005787552372304541,159,10,137
cast19,rr,60,0.01,uniform_nz,113,2316,925,0,0,0.004212447627695459,0.22388089116221335,0.07865528776851845,0.019182247491071037,0.005787552372304541,159,10,137
cast19,rr,60,0.01,weighted,113,2285,925,0,0,0.004212447627695459,0.07865528776851845,0.07865528776851845,0.019182247491071037,0.005787552372304541,159,10,137
cast19,rr,60,0.01,active_judge,113,2309,925,0,0,0.004212447627695459,0.2342615773996773,0.07865528776851845,0.019182247491071037,0.005787552372304541,159,10,137
cast19,rr,60,0.01,strat_pilot,113,2307,925,0,0,0.004212447627695459,0.07875676800229156,0.07865528776851845,0.019182247491071037,0.005787552372304541,159,10,137
cast19,rr,60,0.01,weighted_cv,113,2297,925,0,0,0.004212447627695459,0.1078349113137717,0.07865528776851845,0.019182247491071037,0.005787552372304541,159,10,137
cast19,rr,60,0.01,active_cv,113,2269,925,0,0,0.004212447627695459,0.18457423226812686,0.07865528776851845,0.019182247491071037,0.005787552372304541,159,10,137
cast19,rr,60,0.01,weighted_cvl,113,2294,925,0,0,0.004212447627695459,0.04901960603563724,0.07865528776851845,0.019182247491071037,0.005787552372304541,159,10,137
cast19,rr,60,0.01,uniform,114,2801,942,0,0,0.011614545103709295,0.370024240024613,0.0775175258314503,0.012960529757019876,-0.0016145451037092948,159,14,136
cast19,rr,60,0.01,uniform_nz,114,2846,942,0,0,0.011614545103709295,0.24668915856067491,0.0775175258314503,0.012960529757019876,-0.0016145451037092948,159,14,136
cast19,rr,60,0.01,weighted,114,2792,942,0,0,0.011614545103709295,0.0775175258314503,0.0775175258314503,0.012960529757019876,-0.0016145451037092948,159,14,136
cast19,rr,60,0.01,active_judge,114,2794,942,0,0,0.011614545103709295,0.23228750115083785,0.0775175258314503,0.012960529757019876,-0.0016145451037092948,159,14,136
cast19,rr,60,0.01,strat_pilot,114,2890,942,0,0,0.011614545103709295,0.07745780141775728,0.0775175258314503,0.012960529757019876,-0.0016145451037092948,159,14,136
cast19,rr,60,0.01,weighted_cv,114,2832,942,0,0,0.011614545103709295,0.05688340276766359,0.0775175258314503,0.012960529757019876,-0.0016145451037092948,159,14,136
cast19,rr,60,0.01,active_cv,114,2853,942,0,0,0.011614545103709295,0.08673700684907669,0.0775175258314503,0.012960529757019876,-0.0016145451037092948,159,14,136
cast19,rr,60,0.01,weighted_cvl,114,2828,942,0,0,0.011614545103709295,0.04130093179855783,0.0775175258314503,0.012960529757019876,-0.0016145451037092948,159,14,136
cast19,rr,60,0.01,uniform,115,2072,949,0,0,0.0005943727480942629,0.3387804369855358,0.029724516916731197,0.02212169667278026,0.009405627251905737,159,9,124
cast19,rr,60,0.01,uniform_nz,115,2034,949,0,0,0.0005943727480942629,0.14221959716675517,0.029724516916731197,0.02212169667278026,0.009405627251905737,159,9,124
cast19,rr,60,0.01,weighted,115,2008,949,0,0,0.0005943727480942629,0.029724516916731197,0.029724516916731197,0.02212169667278026,0.009405627251905737,159,9,124
cast19,rr,60,0.01,active_judge,115,2033,949,0,0,0.0005943727480942629,0.06994124850950736,0.029724516916731197,0.02212169667278026,0.009405627251905737,159,9,124
cast19,rr,60,0.01,strat_pilot,115,2011,949,0,0,0.0005943727480942629,0.029672261224658714,0.029724516916731197,0.02212169667278026,0.009405627251905737,159,9,124
cast19,rr,60,0.01,weighted_cv,115,2028,949,0,0,0.0005943727480942629,0.028527434737706404,0.029724516916731197,0.02212169667278026,0.009405627251905737,159,9,124
cast19,rr,60,0.01,active_cv,115,2011,949,0,0,0.0005943727480942629,0.0449493175064098,0.029724516916731197,0.02212169667278026,0.009405627251905737,159,9,124
cast19,rr,60,0.01,weighted_cvl,115,2013,949,1,0,0.0005943727480942629,0.02595672774995132,0.029724516916731197,0.02212169667278026,0.009405627251905737,159,9,124
cast19,rr,60,0.01,uniform,116,2350,999,0,0,0.0,0.13615544445192992,0.052724996339734,0.00897084538094432,0.01,159,10,137
cast19,rr,60,0.01,uniform_nz,116,2364,999,0,0,0.0,0.06433269168399709,0.052724996339734,0.00897084538094432,0.01,159,10,137
cast19,rr,60,0.01,weighted,116,2361,999,0,0,0.0,0.052724996339734,0.052724996339734,0.00897084538094432,0.01,159,10,137
cast19,rr,60,0.01,active_judge,116,2349,999,0,0,0.0,0.1314576858250668,0.052724996339734,0.00897084538094432,0.01,159,10,137
cast19,rr,60,0.01,strat_pilot,116,2378,999,0,0,0.0,0.05273503571567777,0.052724996339734,0.00897084538094432,0.01,159,10,137
cast19,rr,60,0.01,weighted_cv,116,2397,999,1,0,0.0,0.06708955353180038,0.052724996339734,0.00897084538094432,0.01,159,10,137
cast19,rr,60,0.01,active_cv,116,2356,999,0,0,0.0,0.1230815978610628,0.052724996339734,0.00897084538094432,0.01,159,10,137
cast19,rr,60,0.01,weighted_cvl,116,2310,999,1,0,0.0,0.03241789434189396,0.052724996339734,0.00897084538094432,0.01,159,10,137
cast19,rr,60,0.01,uniform,117,2883,977,0,0,0.0,0.1881891008046507,0.09604828677445715,0.012860167548534081,0.01,159,14,136
cast19,rr,60,0.01,uniform_nz,117,2900,977,0,0,0.0,0.12697024738873236,0.09604828677445715,0.012860167548534081,0.01,159,14,136
cast19,rr,60,0.01,weighted,117,2887,977,1,0,0.0,0.09604828677445715,0.09604828677445715,0.012860167548534081,0.01,159,14,136
cast19,rr,60,0.01,active_judge,117,2866,977,0,0,0.0,0.21617429772449542,0.09604828677445715,0.012860167548534081,0.01,159,14,136
cast19,rr,60,0.01,strat_pilot,117,2905,977,1,0,0.0,0.09611158599069762,0.09604828677445715,0.012860167548534081,0.01,159,14,136
cast19,rr,60,0.01,weighted_cv,117,2934,977,1,0,0.0,0.09586996300604111,0.09604828677445715,0.012860167548534081,0.01,159,14,136
cast19,rr,60,0.01,active_cv,117,2851,977,0,0,0.0,0.16342820662638882,0.09604828677445715,0.012860167548534081,0.01,159,14,136
cast19,rr,60,0.01,weighted_cvl,117,2854,977,1,0,0.0,0.05060366608464616,0.09604828677445715,0.012860167548534081,0.01,159,14,136
cast19,rr,60,0.01,uniform,118,2326,1000,0,0,0.0,0.7178812261135838,0.11594552410505558,0.057284825524358145,0.01,159,10,138
cast19,rr,60,0.01,uniform_nz,118,2392,1000,0,0,0.0,0.32809211104058644,0.11594552410505558,0.057284825524358145,0.01,159,10,138
cast19,rr,60,0.01,weighted,118,2381,1000,1,0,0.0,0.11594552410505558,0.11594552410505558,0.057284825524358145,0.01,159,10,138
cast19,rr,60,0.01,active_judge,118,2406,1000,1,0,0.0,0.2236890078696531,0.11594552410505558,0.057284825524358145,0.01,159,10,138
cast19,rr,60,0.01,strat_pilot,118,2335,1000,1,0,0.0,0.11605144841041111,0.11594552410505558,0.057284825524358145,0.01,159,10,138
cast19,rr,60,0.01,weighted_cv,118,2336,1000,1,0,0.0,0.07041165938656943,0.11594552410505558,0.057284825524358145,0.01,159,10,138
cast19,rr,60,0.01,active_cv,118,2356,1000,1,0,0.0,0.09130194998462608,0.11594552410505558,0.057284825524358145,0.01,159,10,138
cast19,rr,60,0.01,weighted_cvl,118,2387,1000,1,0,0.0,0.07041165938656943,0.11594552410505558,0.057284825524358145,0.01,159,10,138
cast19,rr,60,0.01,uniform,119,2065,949,0,0,0.0,0.0902838230948089,0.028472576139131057,0.02142948146624617,0.01,159,8,138
cast19,rr,60,0.01,uniform_nz,119,2061,949,1,0,0.0,0.03691345585868276,0.028472576139131057,0.02142948146624617,0.01,159,8,138
cast19,rr,60,0.01,weighted,119,2055,949,0,0,0.0,0.028472576139131057,0.028472576139131057,0.02142948146624617,0.01,159,8,138
cast19,rr,60,0.01,active_judge,119,2034,949,0,0,0.0,0.09503358280326592,0.028472576139131057,0.02142948146624617,0.01,159,8,138
cast19,rr,60,0.01,strat_pilot,119,2042,949,1,0,0.0,0.028317353906940335,0.028472576139131057,0.02142948146624617,0.01,159,8,138
cast19,rr,60,0.01,weighted_cv,119,2081,949,1,0,0.0,0.03807701338199898,0.028472576139131057,0.02142948146624617,0.01,159,8,138
cast19,rr,60,0.01,active_cv,119,2017,949,0,0,0.0,0.055438680371874424,0.028472576139131057,0.02142948146624617,0.01,159,8,138
cast19,rr,60,0.01,weighted_cvl,119,2016,949,1,0,0.0,0.037502783614715964,0.028472576139131057,0.02142948146624617,0.01,159,8,138
cast19,rr,60,0.01,uniform,120,2301,968,0,0,0.012073838308858165,0.11684632604494505,0.046604042612686095,0.02775835858365472,-0.0020738383088581645,159,10,137
cast19,rr,60,0.01,uniform_nz,120,2326,968,0,0,0.012073838308858165,0.054361542743106214,0.046604042612686095,0.02775835858365472,-0.0020738383088581645,159,10,137
cast19,rr,60,0.01,weighted,120,2338,968,0,0,0.012073838308858165,0.046604042612686095,0.046604042612686095,0.02775835858365472,-0.0020738383088581645,159,10,137
cast19,rr,60,0.01,active_judge,120,2339,968,0,0,0.012073838308858165,0.12507467106278944,0.046604042612686095,0.02775835858365472,-0.0020738383088581645,159,10,137
cast19,rr,60,0.01,strat_pilot,120,2296,968,0,0,0.012073838308858165,0.046481722872250573,0.046604042612686095,0.02775835858365472,-0.0020738383088581645,159,10,137
cast19,rr,60,0.01,weighted_cv,120,2329,968,0,0,0.012073838308858165,0.06333911214206411,0.046604042612686095,0.02775835858365472,-0.0020738383088581645,159,10,137
cast19,rr,60,0.01,active_cv,120,2334,968,0,0,0.012073838308858165,0.1460906257427043,0.046604042612686095,0.02775835858365472,-0.0020738383088581645,159,10,137
cast19,rr,60,0.01,weighted_cvl,120,2327,968,0,0,0.012073838308858165,0.03467722914328607,0.046604042612686095,0.02775835858365472,-0.0020738383088581645,159,10,137
cast19,rr,60,0.01,uniform,121,2295,945,0,0,0.004768878540904797,0.3141625040353738,0.033819870251290615,0.030586695324462863,0.005231121459095203,159,10,137
cast19,rr,60,0.01,uniform_nz,121,2334,945,0,0,0.004768878540904797,0.1306656820180187,0.033819870251290615,0.030586695324462863,0.005231121459095203,159,10,137
cast19,rr,60,0.01,weighted,121,2270,945,0,0,0.004768878540904797,0.033819870251290615,0.033819870251290615,0.030586695324462863,0.005231121459095203,159,10,137
cast19,rr,60,0.01,active_judge,121,2284,945,0,0,0.004768878540904797,0.1058045809375722,0.033819870251290615,0.030586695324462863,0.005231121459095203,159,10,137
cast19,rr,60,0.01,strat_pilot,121,2320,945,0,0,0.004768878540904797,0.03367018793175279,0.033819870251290615,0.030586695324462863,0.005231121459095203,159,10,137
cast19,rr,60,0.01,weighted_cv,121,2323,945,1,0,0.004768878540904797,0.058176683034616074,0.033819870251290615,0.030586695324462863,0.005231121459095203,159,10,137
cast19,rr,60,0.01,active_cv,121,2315,945,0,0,0.004768878540904797,0.13556608387006835,0.033819870251290615,0.030586695324462863,0.005231121459095203,159,10,137
cast19,rr,60,0.01,weighted_cvl,121,2335,945,1,0,0.004768878540904797,0.021847384049813234,0.033819870251290615,0.030586695324462863,0.005231121459095203,159,10,137
cast19,rr,60,0.01,uniform,122,2388,1011,0,0,0.0006727013298226114,0.2769699648168027,0.059880124126577436,0.014033449134135631,0.009327298670177389,159,10,137
cast19,rr,60,0.01,uniform_nz,122,2376,1011,1,0,0.0006727013298226114,0.11517187729285941,0.059880124126577436,0.014033449134135631,0.009327298670177389,159,10,137
cast19,rr,60,0.01,weighted,122,2387,1011,1,0,0.0006727013298226114,0.059880124126577436,0.059880124126577436,0.014033449134135631,0.009327298670177389,159,10,137
cast19,rr,60,0.01,active_judge,122,2359,1011,0,0,0.0006727013298226114,0.13601475865884052,0.059880124126577436,0.014033449134135631,0.009327298670177389,159,10,137
cast19,rr,60,0.01,strat_pilot,122,2371,1011,0,0,0.0006727013298226114,0.05984297345244949,0.059880124126577436,0.014033449134135631,0.009327298670177389,159,10,137
cast19,rr,60,0.01,weighted_cv,122,2385,1011,0,0,0.0006727013298226114,0.06788512264272668,0.059880124126577436,0.014033449134135631,0.009327298670177389,159,10,137
cast19,rr,60,0.01,active_cv,122,2362,1011,0,0,0.0006727013298226114,0.09681431287258961,0.059880124126577436,0.014033449134135631,0.009327298670177389,159,10,137
cast19,rr,60,0.01,weighted_cvl,122,2405,1011,0,0,0.0006727013298226114,0.054738692585260804,0.059880124126577436,0.014033449134135631,0.009327298670177389,159,10,137
cast19,rr,60,0.01,uniform,123,2845,940,0,0,0.0,0.1653895196869773,0.07583384600536465,0.05562587318829749,0.01,159,14,136
cast19,rr,60,0.01,uniform_nz,123,2799,940,1,0,0.0,0.09289274157878387,0.07583384600536465,0.05562587318829749,0.01,159,14,136
cast19,rr,60,0.01,weighted,123,2852,940,1,0,0.0,0.07583384600536465,0.07583384600536465,0.05562587318829749,0.01,159,14,136
cast19,rr,60,0.01,active_judge,123,2857,940,1,0,0.0,0.21085962680189763,0.07583384600536465,0.05562587318829749,0.01,159,14,136
cast19,rr,60,0.01,strat_pilot,123,2871,940,1,0,0.0,0.0759470788034801,0.07583384600536465,0.05562587318829749,0.01,159,14,136
cast19,rr,60,0.01,weighted_cv,123,2819,940,1,0,0.0,0.09702646977274784,0.07583384600536465,0.05562587318829749,0.01,159,14,136
cast19,rr,60,0.01,active_cv,123,2833,940,0,0,0.0,0.19164313725078963,0.07583384600536465,0.05562587318829749,0.01,159,14,136
cast19,rr,60,0.01,weighted_cvl,123,2859,940,1,0,0.0,0.0548487996948814,0.07583384600536465,0.05562587318829749,0.01,159,14,136
cast19,rr,60,0.01,uniform,124,2334,1001,0,0,0.0,0.19566040543717192,0.06353041666284762,0.012247546048124862,0.01,159,10,137
cast19,rr,60,0.01,uniform_nz,124,2355,1001,0,0,0.0,0.08028989731215705,0.06353041666284762,0.012247546048124862,0.01,159,10,137
cast19,rr,60,0.01,weighted,124,2385,1001,0,0,0.0,0.06353041666284762,0.06353041666284762,0.012247546048124862,0.01,159,10,137
cast19,rr,60,0.01,active_judge,124,2330,1001,0,0,0.0,0.17472477595244035,0.06353041666284762,0.012247546048124862,0.01,159,10,137
cast19,rr,60,0.01,strat_pilot,124,2329,1001,1,0,0.0,0.06309914455856093,0.06353041666284762,0.012247546048124862,0.01,159,10,137
cast19,rr,60,0.01,weighted_cv,124,2344,1001,0,0,0.0,0.07206887272215898,0.06353041666284762,0.012247546048124862,0.01,159,10,137
cast19,rr,60,0.01,active_cv,124,2335,1001,0,0,0.0,0.14863572834798994,0.06353041666284762,0.012247546048124862,0.01,159,10,137
cast19,rr,60,0.01,weighted_cvl,124,2362,1001,0,0,0.0,0.05105115676868468,0.06353041666284762,0.012247546048124862,0.01,159,10,137
cast19,rr,60,0.01,uniform,125,2068,976,0,0,0.0,0.08073297193845089,0.025037370162881146,0.011993761956997244,0.01,159,8,138
cast19,rr,60,0.01,uniform_nz,125,2077,976,0,0,0.0,0.03183304448856657,0.025037370162881146,0.011993761956997244,0.01,159,8,138
cast19,rr,60,0.01,weighted,125,2072,976,1,0,0.0,0.025037370162881146,0.025037370162881146,0.011993761956997244,0.01,159,8,138
cast19,rr,60,0.01,active_judge,125,2087,976,0,0,0.0,0.06892714965071498,0.025037370162881146,0.011993761956997244,0.01,159,8,138
cast19,rr,60,0.01,strat_pilot,125,2077,976,1,0,0.0,0.02491509795751523,0.025037370162881146,0.011993761956997244,0.01,159,8,138
cast19,rr,60,0.01,weighted_cv,125,2055,976,1,0,0.0,0.03258944004941657,0.025037370162881146,0.011993761956997244,0.01,159,8,138
cast19,rr,60,0.01,active_cv,125,2079,976,1,0,0.0,0.05441028132713347,0.025037370162881146,0.011993761956997244,0.01,159,8,138
cast19,rr,60,0.01,weighted_cvl,125,2058,976,1,0,0.0,0.02692060750365387,0.025037370162881146,0.011993761956997244,0.01,159,8,138
cast19,rr,60,0.01,uniform,126,2346,991,0,0,0.0,0.6963772857220653,0.07961017315443242,0.04762974022598468,0.01,159,10,137
cast19,rr,60,0.01,uniform_nz,126,2365,991,0,0,0.0,0.2880881388684696,0.07961017315443242,0.04762974022598468,0.01,159,10,137
cast19,rr,60,0.01,weighted,126,2382,991,0,0,0.0,0.07961017315443242,0.07961017315443242,0.04762974022598468,0.01,159,10,137
cast19,rr,60,0.01,active_judge,126,2399,991,0,0,0.0,0.19143907220368842,0.07961017315443242,0.04762974022598468,0.01,159,10,137
cast19,rr,60,0.01,strat_pilot,126,2393,991,0,0,0.0,0.07947867994993871,0.07961017315443242,0.04762974022598468,0.01,159,10,137
cast19,rr,60,0.01,weighted_cv,126,2295,991,0,0,0.0,0.06782040480384739,0.07961017315443242,0.04762974022598468,0.01,159,10,137
cast19,rr,60,0.01,active_cv,126,2357,991,1,0,0.0,0.108279105529242,0.07961017315443242,0.04762974022598468,0.01,159,10,137
cast19,rr,60,0.01,weighted_cvl,126,2372,991,1,0,0.0,0.05721376715237746,0.07961017315443242,0.04762974022598468,0.01,159,10,137
cast19,rr,60,0.01,uniform,127,2345,1000,0,0,0.0,0.8999684389233898,0.11648746977020326,0.047598526119289344,0.01,159,10,137
cast19,rr,60,0.01,uniform_nz,127,2453,1000,0,0,0.0,0.34604971870856616,0.11648746977020326,0.047598526119289344,0.01,159,10,137
cast19,rr,60,0.01,weighted,127,2307,1000,1,0,0.0,0.11648746977020326,0.11648746977020326,0.047598526119289344,0.01,159,10,137
cast19,rr,60,0.01,active_judge,127,2338,1000,0,0,0.0,0.2691328436417275,0.11648746977020326,0.047598526119289344,0.01,159,10,137
cast19,rr,60,0.01,strat_pilot,127,2360,1000,0,0,0.0,0.11645611201031203,0.11648746977020326,0.047598526119289344,0.01,159,10,137
cast19,rr,60,0.01,weighted_cv,127,2366,1000,0,0,0.0,0.11832732186470725,0.11648746977020326,0.047598526119289344,0.01,159,10,137
cast19,rr,60,0.01,active_cv,127,2383,1000,0,0,0.0,0.19461484973181484,0.11648746977020326,0.047598526119289344,0.01,159,10,137
cast19,rr,60,0.01,weighted_cvl,127,2365,1000,0,0,0.0,0.09197032597673249,0.11648746977020326,0.047598526119289344,0.01,159,10,137
cast19,rr,60,0.01,uniform,128,2928,964,0,0,0.0,0.1538211075805959,0.08303705463193492,0.03948358037880518,0.01,159,14,136
cast19,rr,60,0.01,uniform_nz,128,2846,964,0,0,0.0,0.10458393141080695,0.08303705463193492,0.03948358037880518,0.01,159,14,136
cast19,rr,60,0.01,weighted,128,2863,964,0,0,0.0,0.08303705463193492,0.08303705463193492,0.03948358037880518,0.01,159,14,136
cast19,rr,60,0.01,active_judge,128,2876,964,0,0,0.0,0.15947864455518354,0.08303705463193492,0.03948358037880518,0.01,159,14,136
cast19,rr,60,0.01,strat_pilot,128,2887,964,0,0,0.0,0.08323066229417372,0.08303705463193492,0.03948358037880518,0.01,159,14,136
cast19,rr,60,0.01,weighted_cv,128,2915,964,0,0,0.0,0.09005569632034865,0.08303705463193492,0.03948358037880518,0.01,159,14,136
cast19,rr,60,0.01,active_cv,128,2900,964,0,0,0.0,0.14709568977843307,0.08303705463193492,0.03948358037880518,0.01,159,14,136
cast19,rr,60,0.01,weighted_cvl,128,2864,964,0,0,0.0,0.0738868363527561,0.08303705463193492,0.03948358037880518,0.01,159,14,136
cast19,rr,60,0.01,uniform,129,2954,1021,0,0,0.0,0.8584331613851169,0.12314224112490138,0.05376529552310276,0.01,159,14,136
cast19,rr,60,0.01,uniform_nz,129,3021,1021,0,0,0.0,0.5726926708245055,0.12314224112490138,0.05376529552310276,0.01,159,14,136
cast19,rr,60,0.01,weighted,129,2900,1021,1,0,0.0,0.12314224112490138,0.12314224112490138,0.05376529552310276,0.01,159,14,136
cast19,rr,60,0.01,active_judge,129,2911,1021,0,0,0.0,0.35984860866160473,0.12314224112490138,0.05376529552310276,0.01,159,14,136
cast19,rr,60,0.01,strat_pilot,129,2958,1021,1,0,0.0,0.12314348507374187,0.12314224112490138,0.05376529552310276,0.01,159,14,136
cast19,rr,60,0.01,weighted_cv,129,2915,1021,1,0,0.0,0.07910443464676989,0.12314224112490138,0.05376529552310276,0.01,159,14,136
cast19,rr,60,0.01,active_cv,129,2898,1021,0,0,0.0,0.11011541897950186,0.12314224112490138,0.05376529552310276,0.01,159,14,136
cast19,rr,60,0.01,weighted_cvl,129,2933,1021,1,0,0.0,0.060140209422059165,0.12314224112490138,0.05376529552310276,0.01,159,14,136
cast19,rr,60,0.01,uniform,130,2085,908,0,0,0.004986215485330403,0.09740011996900497,0.027944391594692242,0.010177928581566336,0.005013784514669597,159,9,126
cast19,rr,60,0.01,uniform_nz,130,2021,908,0,0,0.004986215485330403,0.03515471977142724,0.027944391594692242,0.010177928581566336,0.005013784514669597,159,9,126
cast19,rr,60,0.01,weighted,130,1930,908,0,0,0.004986215485330403,0.027944391594692242,0.027944391594692242,0.010177928581566336,0.005013784514669597,159,9,126
cast19,rr,60,0.01,active_judge,130,2030,908,0,0,0.004986215485330403,0.06353242065783643,0.027944391594692242,0.010177928581566336,0.005013784514669597,159,9,126
cast19,rr,60,0.01,strat_pilot,130,2004,908,0,0,0.004986215485330403,0.027945811403381572,0.027944391594692242,0.010177928581566336,0.005013784514669597,159,9,126
cast19,rr,60,0.01,weighted_cv,130,2004,908,0,0,0.004986215485330403,0.03107530129813394,0.027944391594692242,0.010177928581566336,0.005013784514669597,159,9,126
cast19,rr,60,0.01,active_cv,130,1964,908,0,0,0.004986215485330403,0.0481399748501524,0.027944391594692242,0.010177928581566336,0.005013784514669597,159,9,126
cast19,rr,60,0.01,weighted_cvl,130,1986,908,0,0,0.004986215485330403,0.015410509333281317,0.027944391594692242,0.010177928581566336,0.005013784514669597,159,9,126
cast19,rr,60,0.01,uniform,131,2433,1060,0,0,0.0,0.4653838536501202,0.07735820431212269,0.04193548817061404,0.01,159,10,137
cast19,rr,60,0.01,uniform_nz,131,2433,1060,0,0,0.0,0.18758912382872384,0.07735820431212269,0.04193548817061404,0.01,159,10,137
cast19,rr,60,0.01,weighted,131,2423,1060,1,0,0.0,0.07735820431212269,0.07735820431212269,0.04193548817061404,0.01,159,10,137
cast19,rr,60,0.01,active_judge,131,2409,1060,0,0,0.0,0.15781919666354144,0.07735820431212269,0.04193548817061404,0.01,159,10,137
cast19,rr,60,0.01,strat_pilot,131,2394,1060,1,0,0.0,0.07727786104378016,0.07735820431212269,0.04193548817061404,0.01,159,10,137
cast19,rr,60,0.01,weighted_cv,131,2435,1060,0,0,0.0,0.06987709796699193,0.07735820431212269,0.04193548817061404,0.01,159,10,137
cast19,rr,60,0.01,active_cv,131,2434,1060,0,0,0.0,0.10117809413597947,0.07735820431212269,0.04193548817061404,0.01,159,10,137
cast19,rr,60,0.01,weighted_cvl,131,2454,1060,1,0,0.0,0.04159077708221407,0.07735820431212269,0.04193548817061404,0.01,159,10,137
cast19,rr,60,0.01,uniform,132,2862,945,0,0,0.0,0.5005879619392058,0.1415253605885916,0.03169547511577986,0.01,159,14,136
cast19,rr,60,0.01,uniform_nz,132,2887,945,1,0,0.0,0.30376911211507723,0.1415253605885916,0.03169547511577986,0.01,159,14,136
cast19,rr,60,0.01,weighted,132,2830,945,1,0,0.0,0.1415253605885916,0.1415253605885916,0.03169547511577986,0.01,159,14,136
cast19,rr,60,0.01,active_judge,132,2862,945,1,0,0.0,0.25886608619617835,0.1415253605885916,0.03169547511577986,0.01,159,14,136
cast19,rr,60,0.01,strat_pilot,132,2805,945,1,0,0.0,0.1414516857640732,0.1415253605885916,0.03169547511577986,0.01,159,14,136
cast19,rr,60,0.01,weighted_cv,132,2827,945,1,0,0.0,0.07462336850289716,0.1415253605885916,0.03169547511577986,0.01,159,14,136
cast19,rr,60,0.01,active_cv,132,2804,945,1,0,0.0,0.09328337902711097,0.1415253605885916,0.03169547511577986,0.01,159,14,136
cast19,rr,60,0.01,weighted_cvl,132,2835,945,1,0,0.0,0.06073701885705753,0.1415253605885916,0.03169547511577986,0.01,159,14,136
cast19,rr,60,0.01,uniform,133,2349,945,0,0,0.0,0.5729079560303042,0.09189967456755087,0.01820913942043971,0.01,159,10,137
cast19,rr,60,0.01,uniform_nz,133,2306,945,0,0,0.0,0.2543443761814864,0.09189967456755087,0.01820913942043971,0.01,159,10,137
cast19,rr,60,0.01,weighted,133,2291,945,0,0,0.0,0.09189967456755087,0.09189967456755087,0.01820913942043971,0.01,159,10,137
cast19,rr,60,0.01,active_judge,133,2312,945,0,0,0.0,0.24351617248280158,0.09189967456755087,0.01820913942043971,0.01,159,10,137
cast19,rr,60,0.01,strat_pilot,133,2308,945,0,0,0.0,0.09191075932178926,0.09189967456755087,0.01820913942043971,0.01,159,10,137
cast19,rr,60,0.01,weighted_cv,133,2295,945,0,0,0.0,0.08778529638789515,0.09189967456755087,0.01820913942043971,0.01,159,10,137
cast19,rr,60,0.01,active_cv,133,2281,945,0,0,0.0,0.14058193637593083,0.09189967456755087,0.01820913942043971,0.01,159,10,137
cast19,rr,60,0.01,weighted_cvl,133,2322,945,0,0,0.0,0.06660827436110812,0.09189967456755087,0.01820913942043971,0.01,159,10,137
cast19,rr,60,0.01,uniform,134,2843,981,1,0,0.0,0.7215917970511065,0.10914919102800025,0.05769891688119242,0.01,159,14,136
cast19,rr,60,0.01,uniform_nz,134,2943,981,1,0,0.0,0.46289007880681965,0.10914919102800025,0.05769891688119242,0.01,159,14,136
cast19,rr,60,0.01,weighted,134,2918,981,1,0,0.0,0.10914919102800025,0.10914919102800025,0.05769891688119242,0.01,159,14,136
cast19,rr,60,0.01,active_judge,134,2881,981,0,0,0.0,0.3061958716093015,0.10914919102800025,0.05769891688119242,0.01,159,14,136
cast19,rr,60,0.01,strat_pilot,134,2858,981,1,0,0.0,0.10921267642176627,0.10914919102800025,0.05769891688119242,0.01,159,14,136
cast19,rr,60,0.01,weighted_cv,134,2880,981,1,0,0.0,0.08656356038372451,0.10914919102800025,0.05769891688119242,0.01,159,14,136
cast19,rr,60,0.01,active_cv,134,2891,981,1,0,0.0,0.12416106315972182,0.10914919102800025,0.05769891688119242,0.01,159,14,136
cast19,rr,60,0.01,weighted_cvl,134,2828,981,1,0,0.0,0.04937775948683829,0.10914919102800025,0.05769891688119242,0.01,159,14,136
cast19,rr,60,0.01,uniform,135,2449,1096,0,0,0.0,0.2685233138033317,0.07276418172652918,0.034706011872885294,0.01,159,10,137
cast19,rr,60,0.01,uniform_nz,135,2472,1096,0,0,0.0,0.10249759337960666,0.07276418172652918,0.034706011872885294,0.01,159,10,137
cast19,rr,60,0.01,weighted,135,2448,1096,0,0,0.0,0.07276418172652918,0.07276418172652918,0.034706011872885294,0.01,159,10,137
cast19,rr,60,0.01,active_judge,135,2447,1096,0,0,0.0,0.13988900527932,0.07276418172652918,0.034706011872885294,0.01,159,10,137
cast19,rr,60,0.01,strat_pilot,135,2449,1096,1,0,0.0,0.07269214261448095,0.07276418172652918,0.034706011872885294,0.01,159,10,137
cast19,rr,60,0.01,weighted_cv,135,2438,1096,0,0,0.0,0.06431682716294046,0.07276418172652918,0.034706011872885294,0.01,159,10,137
cast19,rr,60,0.01,active_cv,135,2481,1096,0,0,0.0,0.07892036335593244,0.07276418172652918,0.034706011872885294,0.01,159,10,137
cast19,rr,60,0.01,weighted_cvl,135,2468,1096,1,0,0.0,0.05183930863715146,0.07276418172652918,0.034706011872885294,0.01,159,10,137
cast19,rr,60,0.01,uniform,136,2284,947,0,0,0.012270636105545019,0.07559036407217376,0.0328789872594681,0.042374561973392386,-0.0022706361055450184,159,10,137
cast19,rr,60,0.01,uniform_nz,136,2296,947,0,0,0.012270636105545019,0.03767428125181615,0.0328789872594681,0.042374561973392386,-0.0022706361055450184,159,10,137
cast19,rr,60,0.01,weighted,136,2335,947,0,0,0.012270636105545019,0.0328789872594681,0.0328789872594681,0.042374561973392386,-0.0022706361055450184,159,10,137
cast19,rr,60,0.01,active_judge,136,2313,947,0,0,0.012270636105545019,0.08759960509262502,0.0328789872594681,0.042374561973392386,-0.0022706361055450184,159,10,137
cast19,rr,60,0.01,strat_pilot,136,2300,947,0,0,0.012270636105545019,0.032807195174475834,0.0328789872594681,0.042374561973392386,-0.0022706361055450184,159,10,137
cast19,rr,60,0.01,weighted_cv,136,2274,947,0,0,0.012270636105545019,0.021397824878426487,0.0328789872594681,0.042374561973392386,-0.0022706361055450184,159,10,137
cast19,rr,60,0.01,active_cv,136,2295,947,0,0,0.012270636105545019,0.03016037219262439,0.0328789872594681,0.042374561973392386,-0.0022706361055450184,159,10,137
cast19,rr,60,0.01,weighted_cvl,136,2282,947,0,0,0.012270636105545019,0.016689750532204024,0.0328789872594681,0.042374561973392386,-0.0022706361055450184,159,10,137
cast19,rr,60,0.01,uniform,137,2866,998,0,0,0.0016778487204252568,0.2078890556410756,0.09014543508267023,0.010190802993838406,0.008322151279574743,159,14,136
cast19,rr,60,0.01,uniform_nz,137,2888,998,0,0,0.0016778487204252568,0.1362093482420957,0.09014543508267023,0.010190802993838406,0.008322151279574743,159,14,136
cast19,rr,60,0.01,weighted,137,2898,998,0,0,0.0016778487204252568,0.09014543508267023,0.09014543508267023,0.010190802993838406,0.008322151279574743,159,14,136
cast19,rr,60,0.01,active_judge,137,2908,998,0,0,0.0016778487204252568,0.24641426430836838,0.09014543508267023,0.010190802993838406,0.008322151279574743,159,14,136
cast19,rr,60,0.01,strat_pilot,137,2955,998,0,0,0.0016778487204252568,0.09023506359092481,0.09014543508267023,0.010190802993838406,0.008322151279574743,159,14,136
cast19,rr,60,0.01,weighted_cv,137,2912,998,0,0,0.0016778487204252568,0.08460336260498577,0.09014543508267023,0.010190802993838406,0.008322151279574743,159,14,136
cast19,rr,60,0.01,active_cv,137,2907,998,0,0,0.0016778487204252568,0.14650947772338127,0.09014543508267023,0.010190802993838406,0.008322151279574743,159,14,136
cast19,rr,60,0.01,weighted_cvl,137,2907,998,0,0,0.0016778487204252568,0.07202181048390213,0.09014543508267023,0.010190802993838406,0.008322151279574743,159,14,136
cast19,rr,60,0.01,uniform,138,2850,928,1,0,0.0014143461767014975,0.366656471373582,0.07020898884623455,0.015625564668925142,0.008585653823298503,159,14,136
cast19,rr,60,0.01,uniform_nz,138,2819,928,0,0,0.0014143461767014975,0.2361328585779076,0.07020898884623455,0.015625564668925142,0.008585653823298503,159,14,136
cast19,rr,60,0.01,weighted,138,2846,928,1,0,0.0014143461767014975,0.07020898884623455,0.07020898884623455,0.015625564668925142,0.008585653823298503,159,14,136
cast19,rr,60,0.01,active_judge,138,2843,928,0,0,0.0014143461767014975,0.20502533403889583,0.07020898884623455,0.015625564668925142,0.008585653823298503,159,14,136
cast19,rr,60,0.01,strat_pilot,138,2844,928,0,0,0.0014143461767014975,0.07028739621688546,0.07020898884623455,0.015625564668925142,0.008585653823298503,159,14,136
cast19,rr,60,0.01,weighted_cv,138,2857,928,1,0,0.0014143461767014975,0.09369597672370862,0.07020898884623455,0.015625564668925142,0.008585653823298503,159,14,136
cast19,rr,60,0.01,active_cv,138,2827,928,1,0,0.0014143461767014975,0.15378654172721865,0.07020898884623455,0.015625564668925142,0.008585653823298503,159,14,136
cast19,rr,60,0.01,weighted_cvl,138,2827,928,1,0,0.0014143461767014975,0.042159971726728154,0.07020898884623455,0.015625564668925142,0.008585653823298503,159,14,136
cast19,rr,60,0.01,uniform,139,2339,993,0,0,0.0,0.22852756620273307,0.05338444335967969,0.03720016172338153,0.01,159,10,137
cast19,rr,60,0.01,uniform_nz,139,2356,993,0,0,0.0,0.10056858499081359,0.05338444335967969,0.03720016172338153,0.01,159,10,137
cast19,rr,60,0.01,weighted,139,2350,993,0,0,0.0,0.05338444335967969,0.05338444335967969,0.03720016172338153,0.01,159,10,137
cast19,rr,60,0.01,active_judge,139,2357,993,0,0,0.0,0.12317705764099074,0.05338444335967969,0.03720016172338153,0.01,159,10,137
cast19,rr,60,0.01,strat_pilot,139,2400,993,1,0,0.0,0.05318726930221549,0.05338444335967969,0.03720016172338153,0.01,159,10,137
cast19,rr,60,0.01,weighted_cv,139,2388,993,1,0,0.0,0.0688080367711525,0.05338444335967969,0.03720016172338153,0.01,159,10,137
cast19,rr,60,0.01,active_cv,139,2325,993,1,0,0.0,0.1091224667321068,0.05338444335967969,0.03720016172338153,0.01,159,10,137
cast19,rr,60,0.01,weighted_cvl,139,2390,993,1,0,0.0,0.045871631877320865,0.05338444335967969,0.03720016172338153,0.01,159,10,137
cast19,rr,60,0.01,uniform,140,2293,960,0,0,0.0,0.3580943434257726,0.055873509597102154,0.03586093289123641,0.01,159,10,137
cast19,rr,60,0.01,uniform_nz,140,2299,960,1,0,0.0,0.15572882113158254,0.055873509597102154,0.03586093289123641,0.01,159,10,137
cast19,rr,60,0.01,weighted,140,2332,960,1,0,0.0,0.055873509597102154,0.055873509597102154,0.03586093289123641,0.01,159,10,137
cast19,rr,60,0.01,active_judge,140,2320,960,0,0,0.0,0.15361290756620646,0.055873509597102154,0.03586093289123641,0.01,159,10,137
cast19,rr,60,0.01,strat_pilot,140,2325,960,0,0,0.0,0.055759352411914556,0.055873509597102154,0.03586093289123641,0.01,159,10,137
cast19,rr,60,0.01,weighted_cv,140,2294,960,0,0,0.0,0.059705197822706293,0.055873509597102154,0.03586093289123641,0.01,159,10,137
cast19,rr,60,0.01,active_cv,140,2325,960,0,0,0.0,0.11602558683361548,0.055873509597102154,0.03586093289123641,0.01,159,10,137
cast19,rr,60,0.01,weighted_cvl,140,2359,960,1,0,0.0,0.03276553225745334,0.055873509597102154,0.03586093289123641,0.01,159,10,137
cast19,rr,60,0.01,uniform,141,2265,904,0,0,0.0,0.1903283364636344,0.06670892179287641,0.029419404125286472,0.01,159,10,137
cast19,rr,60,0.01,uniform_nz,141,2295,904,0,0,0.0,0.07586279809310079,0.06670892179287641,0.029419404125286472,0.01,159,10,137
cast19,rr,60,0.01,weighted,141,2257,904,1,0,0.0,0.06670892179287641,0.06670892179287641,0.029419404125286472,0.01,159,10,137
cast19,rr,60,0.01,active_judge,141,2272,904,0,0,0.0,0.12445760717044294,0.06670892179287641,0.029419404125286472,0.01,159,10,137
cast19,rr,60,0.01,strat_pilot,141,2282,904,1,0,0.0,0.066788334593236,0.06670892179287641,0.029419404125286472,0.01,159,10,137
cast19,rr,60,0.01,weighted_cv,141,2265,904,1,0,0.0,0.05795119752690274,0.06670892179287641,0.029419404125286472,0.01,159,10,137
cast19,rr,60,0.01,active_cv,141,2252,904,1,0,0.0,0.0864107812149559,0.06670892179287641,0.029419404125286472,0.01,159,10,137
cast19,rr,60,0.01,weighted_cvl,141,2268,904,1,0,0.0,0.05341460033359352,0.06670892179287641,0.029419404125286472,0.01,159,10,137
cast19,rr,60,0.01,uniform,142,2902,1042,0,0,0.0,0.7079564571978703,0.1119954212548274,0.03893712976025535,0.01,159,14,136
cast19,rr,60,0.01,uniform_nz,142,2930,1042,0,0,0.0,0.4609326573943847,0.1119954212548274,0.03893712976025535,0.01,159,14,136
cast19,rr,60,0.01,weighted,142,2932,1042,1,0,0.0,0.1119954212548274,0.1119954212548274,0.03893712976025535,0.01,159,14,136
cast19,rr,60,0.01,active_judge,142,2929,1042,0,0,0.0,0.2578318878482057,0.1119954212548274,0.03893712976025535,0.01,159,14,136
cast19,rr,60,0.01,strat_pilot,142,2942,1042,1,0,0.0,0.11205356641499872,0.1119954212548274,0.03893712976025535,0.01,159,14,136
cast19,rr,60,0.01,weighted_cv,142,2937,1042,1,0,0.0,0.10551087128928952,0.1119954212548274,0.03893712976025535,0.01,159,14,136
cast19,rr,60,0.01,active_cv,142,2945,1042,1,0,0.0,0.1794322047503226,0.1119954212548274,0.03893712976025535,0.01,159,14,136
cast19,rr,60,0.01,weighted_cvl,142,2917,1042,1,0,0.0,0.08008543589515223,0.1119954212548274,0.03893712976025535,0.01,159,14,136
cast19,rr,60,0.01,uniform,143,2376,969,0,0,0.008630292728056765,0.12643142264860582,0.04345897024970879,0.03737450108595282,0.0013697072719432348,159,10,137
cast19,rr,60,0.01,uniform_nz,143,2292,969,0,0,0.008630292728056765,0.047536300577497324,0.04345897024970879,0.03737450108595282,0.0013697072719432348,159,10,137
cast19,rr,60,0.01,weighted,143,2385,969,1,0,0.008630292728056765,0.04345897024970879,0.04345897024970879,0.03737450108595282,0.0013697072719432348,159,10,137
cast19,rr,60,0.01,active_judge,143,2302,969,0,0,0.008630292728056765,0.11215762757048235,0.04345897024970879,0.03737450108595282,0.0013697072719432348,159,10,137
cast19,rr,60,0.01,strat_pilot,143,2352,969,0,0,0.008630292728056765,0.04345655754246079,0.04345897024970879,0.03737450108595282,0.0013697072719432348,159,10,137
cast19,rr,60,0.01,weighted_cv,143,2339,969,0,0,0.008630292728056765,0.04299053055062437,0.04345897024970879,0.03737450108595282,0.0013697072719432348,159,10,137
cast19,rr,60,0.01,active_cv,143,2345,969,0,0,0.008630292728056765,0.08174168079768793,0.04345897024970879,0.03737450108595282,0.0013697072719432348,159,10,137
cast19,rr,60,0.01,weighted_cvl,143,2328,969,0,0,0.008630292728056765,0.04146048915018253,0.04345897024970879,0.03737450108595282,0.0013697072719432348,159,10,137
cast19,rr,60,0.01,uniform,144,2915,950,0,0,0.012921836066557557,0.12908060355799517,0.0658501514160534,0.01768441656532247,-0.002921836066557557,159,14,136
cast19,rr,60,0.01,uniform_nz,144,2830,950,0,0,0.012921836066557557,0.0858209465918949,0.0658501514160534,0.01768441656532247,-0.002921836066557557,159,14,136
cast19,rr,60,0.01,weighted,144,2815,950,0,0,0.012921836066557557,0.0658501514160534,0.0658501514160534,0.01768441656532247,-0.002921836066557557,159,14,136
cast19,rr,60,0.01,active_judge,144,2846,950,0,0,0.012921836066557557,0.15000115583706858,0.0658501514160534,0.01768441656532247,-0.002921836066557557,159,14,136
cast19,rr,60,0.01,strat_pilot,144,2889,950,0,0,0.012921836066557557,0.06577074407741376,0.0658501514160534,0.01768441656532247,-0.002921836066557557,159,14,136
cast19,rr,60,0.01,weighted_cv,144,2844,950,0,0,0.012921836066557557,0.0874850891244719,0.0658501514160534,0.01768441656532247,-0.002921836066557557,159,14,136
cast19,rr,60,0.01,active_cv,144,2893,950,0,0,0.012921836066557557,0.17781722869992098,0.0658501514160534,0.01768441656532247,-0.002921836066557557,159,14,136
cast19,rr,60,0.01,weighted_cvl,144,2854,950,0,0,0.012921836066557557,0.06515617938401277,0.0658501514160534,0.01768441656532247,-0.002921836066557557,159,14,136
cast19,rr,60,0.01,uniform,145,2310,918,0,0,0.005473178211265695,0.13583717986609664,0.045239878666375195,0.023438260451552957,0.004526821788734306,159,10,137
cast19,rr,60,0.01,uniform_nz,145,2269,918,0,0,0.005473178211265695,0.0548094213158532,0.045239878666375195,0.023438260451552957,0.004526821788734306,159,10,137
cast19,rr,60,0.01,weighted,145,2278,918,0,0,0.005473178211265695,0.045239878666375195,0.045239878666375195,0.023438260451552957,0.004526821788734306,159,10,137
cast19,rr,60,0.01,active_judge,145,2268,918,0,0,0.005473178211265695,0.09353011677661958,0.045239878666375195,0.023438260451552957,0.004526821788734306,159,10,137
cast19,rr,60,0.01,strat_pilot,145,2288,918,0,0,0.005473178211265695,0.04524035429969829,0.045239878666375195,0.023438260451552957,0.004526821788734306,159,10,137
cast19,rr,60,0.01,weighted_cv,145,2259,918,0,0,0.005473178211265695,0.028459849855346588,0.045239878666375195,0.023438260451552957,0.004526821788734306,159,10,137
cast19,rr,60,0.01,active_cv,145,2282,918,0,0,0.005473178211265695,0.036801874139754734,0.045239878666375195,0.023438260451552957,0.004526821788734306,159,10,137
cast19,rr,60,0.01,weighted_cvl,145,2292,918,0,0,0.005473178211265695,0.023405530562297237,0.045239878666375195,0.023438260451552957,0.004526821788734306,159,10,137
cast19,rr,60,0.01,uniform,146,2283,976,0,0,0.0071729954273220264,0.09284214426042471,0.0396485133730593,0.012338815684572183,0.0028270045726779738,159,10,137
cast19,rr,60,0.01,uniform_nz,146,2307,976,0,0,0.0071729954273220264,0.044408317597261965,0.0396485133730593,0.012338815684572183,0.0028270045726779738,159,10,137
cast19,rr,60,0.01,weighted,146,2316,976,0,0,0.0071729954273220264,0.0396485133730593,0.0396485133730593,0.012338815684572183,0.0028270045726779738,159,10,137
cast19,rr,60,0.01,active_judge,146,2329,976,0,0,0.0071729954273220264,0.09059833602155246,0.0396485133730593,0.012338815684572183,0.0028270045726779738,159,10,137
cast19,rr,60,0.01,strat_pilot,146,2383,976,0,0,0.0071729954273220264,0.03961262068485747,0.0396485133730593,0.012338815684572183,0.0028270045726779738,159,10,137
cast19,rr,60,0.01,weighted_cv,146,2306,976,0,0,0.0071729954273220264,0.05007918115992689,0.0396485133730593,0.012338815684572183,0.0028270045726779738,159,10,137
cast19,rr,60,0.01,active_cv,146,2356,976,0,0,0.0071729954273220264,0.12673447977083527,0.0396485133730593,0.012338815684572183,0.0028270045726779738,159,10,137
cast19,rr,60,0.01,weighted_cvl,146,2315,976,0,0,0.0071729954273220264,0.02515402607459193,0.0396485133730593,0.012338815684572183,0.0028270045726779738,159,10,137
cast19,rr,60,0.01,uniform,147,2358,948,0,0,0.0,0.27401308928897994,0.09028421244600493,0.03169819511899537,0.01,159,10,137
cast19,rr,60,0.01,uniform_nz,147,2262,948,0,0,0.0,0.11684975643123963,0.09028421244600493,0.03169819511899537,0.01,159,10,137
cast19,rr,60,0.01,weighted,147,2242,948,1,0,0.0,0.09028421244600493,0.09028421244600493,0.03169819511899537,0.01,159,10,137
cast19,rr,60,0.01,active_judge,147,2297,948,0,0,0.0,0.22592513339318293,0.09028421244600493,0.03169819511899537,0.01,159,10,137
cast19,rr,60,0.01,strat_pilot,147,2296,948,1,0,0.0,0.09035174831759143,0.09028421244600493,0.03169819511899537,0.01,159,10,137
cast19,rr,60,0.01,weighted_cv,147,2328,948,1,0,0.0,0.08015622546096088,0.09028421244600493,0.03169819511899537,0.01,159,10,137
cast19,rr,60,0.01,active_cv,147,2293,948,0,0,0.0,0.1126492469342514,0.09028421244600493,0.03169819511899537,0.01,159,10,137
cast19,rr,60,0.01,weighted_cvl,147,2362,948,1,0,0.0,0.043767358029222006,0.09028421244600493,0.03169819511899537,0.01,159,10,137
cast19,rr,60,0.01,uniform,148,2307,893,0,0,0.0,0.3804635567004363,0.06552381934123791,0.01361470377598053,0.01,159,10,137
cast19,rr,60,0.01,uniform_nz,148,2213,893,0,0,0.0,0.17873738036898384,0.06552381934123791,0.01361470377598053,0.01,159,10,137
cast19,rr,60,0.01,weighted,148,2283,893,1,0,0.0,0.06552381934123791,0.06552381934123791,0.01361470377598053,0.01,159,10,137
cast19,rr,60,0.01,active_judge,148,2255,893,0,0,0.0,0.12282850766795586,0.06552381934123791,0.01361470377598053,0.01,159,10,137
cast19,rr,60,0.01,strat_pilot,148,2275,893,1,0,0.0,0.0655426877443978,0.06552381934123791,0.01361470377598053,0.01,159,10,137
cast19,rr,60,0.01,weighted_cv,148,2255,893,0,0,0.0,0.061836583641840484,0.06552381934123791,0.01361470377598053,0.01,159,10,137
cast19,rr,60,0.01,active_cv,148,2241,893,1,0,0.0,0.08976424670024544,0.06552381934123791,0.01361470377598053,0.01,159,10,137
cast19,rr,60,0.01,weighted_cvl,148,2241,893,1,0,0.0,0.05774107911189837,0.06552381934123791,0.01361470377598053,0.01,159,10,137
cast19,rr,60,0.01,uniform,149,2358,944,0,0,0.0,0.1782050686619096,0.07391426984096998,0.025030550090467313,0.01,159,10,138
cast19,rr,60,0.01,uniform_nz,149,2311,944,0,0,0.0,0.08343064635263668,0.07391426984096998,0.025030550090467313,0.01,159,10,138
cast19,rr,60,0.01,weighted,149,2329,944,1,0,0.0,0.07391426984096998,0.07391426984096998,0.025030550090467313,0.01,159,10,138
cast19,rr,60,0.01,active_judge,149,2308,944,1,0,0.0,0.13477833046406743,0.07391426984096998,0.025030550090467313,0.01,159,10,138
cast19,rr,60,0.01,strat_pilot,149,2271,944,1,0,0.0,0.07393053978099087,0.07391426984096998,0.025030550090467313,0.01,159,10,138
cast19,rr,60,0.01,weighted_cv,149,2323,944,1,0,0.0,0.04951485612782099,0.07391426984096998,0.025030550090467313,0.01,159,10,138
cast19,rr,60,0.01,active_cv,149,2331,944,0,0,0.0,0.07709748256714907,0.07391426984096998,0.025030550090467313,0.01,159,10,138
cast19,rr,60,0.01,weighted_cvl,149,2374,944,1,0,0.0,0.04943580153293929,0.07391426984096998,0.025030550090467313,0.01,159,10,138
cast19,rr,60,0.01,uniform,150,2411,1040,0,0,0.0071729954273220264,0.10470617650375962,0.04104869635514521,0.02254483481237385,0.0028270045726779738,159,10,137
cast19,rr,60,0.01,uniform_nz,150,2433,1040,0,0,0.0071729954273220264,0.04370541492075193,0.04104869635514521,0.02254483481237385,0.0028270045726779738,159,10,137
cast19,rr,60,0.01,weighted,150,2386,1040,0,0,0.0071729954273220264,0.04104869635514521,0.04104869635514521,0.02254483481237385,0.0028270045726779738,159,10,137
cast19,rr,60,0.01,active_judge,150,2425,1040,0,0,0.0071729954273220264,0.0983653795762173,0.04104869635514521,0.02254483481237385,0.0028270045726779738,159,10,137
cast19,rr,60,0.01,strat_pilot,150,2420,1040,0,0,0.0071729954273220264,0.04096195932439933,0.04104869635514521,0.02254483481237385,0.0028270045726779738,159,10,137
cast19,rr,60,0.01,weighted_cv,150,2368,1040,0,0,0.0071729954273220264,0.04203439017290013,0.04104869635514521,0.02254483481237385,0.0028270045726779738,159,10,137
cast19,rr,60,0.01,active_cv,150,2390,1040,0,0,0.0071729954273220264,0.0684035116302982,0.04104869635514521,0.02254483481237385,0.0028270045726779738,159,10,137
cast19,rr,60,0.01,weighted_cvl,150,2454,1040,0,0,0.0071729954273220264,0.03066759984234311,0.04104869635514521,0.02254483481237385,0.0028270045726779738,159,10,137
cast19,rr,60,0.01,uniform,151,2859,975,0,0,0.0,0.4424551312647969,0.11734193863734683,0.024233698808557476,0.01,159,14,136
cast19,rr,60,0.01,uniform_nz,151,2919,975,0,0,0.0,0.31061959956972485,0.11734193863734683,0.024233698808557476,0.01,159,14,136
cast19,rr,60,0.01,weighted,151,2884,975,1,0,0.0,0.11734193863734683,0.11734193863734683,0.024233698808557476,0.01,159,14,136
cast19,rr,60,0.01,active_judge,151,2862,975,1,0,0.0,0.23830915676682224,0.11734193863734683,0.024233698808557476,0.01,159,14,136
cast19,rr,60,0.01,strat_pilot,151,2886,975,1,0,0.0,0.11737199796241142,0.11734193863734683,0.024233698808557476,0.01,159,14,136
cast19,rr,60,0.01,weighted_cv,151,2871,975,1,0,0.0,0.08733372055690533,0.11734193863734683,0.024233698808557476,0.01,159,14,136
cast19,rr,60,0.01,active_cv,151,2886,975,1,0,0.0,0.12907122723715797,0.11734193863734683,0.024233698808557476,0.01,159,14,136
cast19,rr,60,0.01,weighted_cvl,151,2862,975,1,0,0.0,0.06389418049012517,0.11734193863734683,0.024233698808557476,0.01,159,14,136
cast19,rr,60,0.01,uniform,152,2851,937,0,0,0.0,0.7347080233368398,0.11676598510071075,0.05063629646640481,0.01,159,14,136
cast19,rr,60,0.01,uniform_nz,152,2869,937,0,0,0.0,0.5576730785297606,0.11676598510071075,0.05063629646640481,0.01,159,14,136
cast19,rr,60,0.01,weighted,152,2782,937,1,0,0.0,0.11676598510071075,0.11676598510071075,0.05063629646640481,0.01,159,14,136
cast19,rr,60,0.01,active_judge,152,2859,937,0,0,0.0,0.28751902988896133,0.11676598510071075,0.05063629646640481,0.01,159,14,136
cast19,rr,60,0.01,strat_pilot,152,2864,937,1,0,0.0,0.11683419386667579,0.11676598510071075,0.05063629646640481,0.01,159,14,136
cast19,rr,60,0.01,weighted_cv,152,2778,937,1,0,0.0,0.1057587429760585,0.11676598510071075,0.05063629646640481,0.01,159,14,136
cast19,rr,60,0.01,active_cv,152,2861,937,1,0,0.0,0.16027860171610733,0.11676598510071075,0.05063629646640481,0.01,159,14,136
cast19,rr,60,0.01,weighted_cvl,152,2804,937,1,0,0.0,0.07148437443338776,0.11676598510071075,0.05063629646640481,0.01,159,14,136
cast19,rr,60,0.01,uniform,153,2272,929,0,0,0.0,0.5705915859065751,0.1262594726526492,0.06354784753147587,0.01,159,10,137
cast19,rr,60,0.01,uniform_nz,153,2307,929,0,0,0.0,0.2618399425545437,0.1262594726526492,0.06354784753147587,0.01,159,10,137
cast19,rr,60,0.01,weighted,153,2296,929,0,0,0.0,0.1262594726526492,0.1262594726526492,0.06354784753147587,0.01,159,10,137
cast19,rr,60,0.01,active_judge,153,2270,929,1,0,0.0,0.2941851255643854,0.1262594726526492,0.06354784753147587,0.01,159,10,137
cast19,rr,60,0.01,strat_pilot,153,2332,929,0,0,0.0,0.12618791755080463,0.1262594726526492,0.06354784753147587,0.01,159,10,137
cast19,rr,60,0.01,weighted_cv,153,2244,929,1,0,0.0,0.09237834787422791,0.1262594726526492,0.06354784753147587,0.01,159,10,137
cast19,rr,60,0.01,active_cv,153,2290,929,1,0,0.0,0.12621671298468862,0.1262594726526492,0.06354784753147587,0.01,159,10,137
cast19,rr,60,0.01,weighted_cvl,153,2239,929,1,0,0.0,0.09237834787422791,0.1262594726526492,0.06354784753147587,0.01,159,10,137
cast19,rr,60,0.01,uniform,154,2332,911,0,0,0.0,0.6477270221333815,0.060077242859263726,0.0371748217277057,0.01,159,10,137
cast19,rr,60,0.01,uniform_nz,154,2279,911,0,0,0.0,0.27021792905399883,0.060077242859263726,0.0371748217277057,0.01,159,10,137
cast19,rr,60,0.01,weighted,154,2245,911,1,0,0.0,0.060077242859263726,0.060077242859263726,0.0371748217277057,0.01,159,10,137
cast19,rr,60,0.01,active_judge,154,2272,911,0,0,0.0,0.17781243114407458,0.060077242859263726,0.0371748217277057,0.01,159,10,137
cast19,rr,60,0.01,strat_pilot,154,2300,911,0,0,0.0,0.06008391837725069,0.060077242859263726,0.0371748217277057,0.01,159,10,137
cast19,rr,60,0.01,weighted_cv,154,2216,911,0,0,0.0,0.06542351283419756,0.060077242859263726,0.0371748217277057,0.01,159,10,137
cast19,rr,60,0.01,active_cv,154,2261,911,1,0,0.0,0.0892856346236507,0.060077242859263726,0.0371748217277057,0.01,159,10,137
cast19,rr,60,0.01,weighted_cvl,154,2237,911,0,0,0.0,0.03311067099237732,0.060077242859263726,0.0371748217277057,0.01,159,10,137
cast19,rr,60,0.01,uniform,155,2288,961,0,0,0.0,0.8515366527348611,0.11616557689524894,0.05686521185848147,0.01,159,10,138
cast19,rr,60,0.01,uniform_nz,155,2336,961,1,0,0.0,0.425804365060673,0.11616557689524894,0.05686521185848147,0.01,159,10,138
cast19,rr,60,0.01,weighted,155,2353,961,1,0,0.0,0.11616557689524894,0.11616557689524894,0.05686521185848147,0.01,159,10,138
cast19,rr,60,0.01,active_judge,155,2349,961,0,0,0.0,0.3213449501122825,0.11616557689524894,0.05686521185848147,0.01,159,10,138
cast19,rr,60,0.01,strat_pilot,155,2350,961,1,0,0.0,0.11611903778088788,0.11616557689524894,0.05686521185848147,0.01,159,10,138
cast19,rr,60,0.01,weighted_cv,155,2352,961,1,0,0.0,0.06486750514136268,0.11616557689524894,0.05686521185848147,0.01,159,10,138
cast19,rr,60,0.01,active_cv,155,2331,961,1,0,0.0,0.07375350363306891,0.11616557689524894,0.05686521185848147,0.01,159,10,138
cast19,rr,60,0.01,weighted_cvl,155,2305,961,1,0,0.0,0.06486750514136268,0.11616557689524894,0.05686521185848147,0.01,159,10,138
cast19,rr,60,0.01,uniform,156,2918,996,0,0,0.0,0.5681863350643048,0.07859297844476906,0.053867526216933935,0.01,159,14,136
cast19,rr,60,0.01,uniform_nz,156,2900,996,0,0,0.0,0.44248511880963814,0.07859297844476906,0.053867526216933935,0.01,159,14,136
cast19,rr,60,0.01,weighted,156,2898,996,1,0,0.0,0.07859297844476906,0.07859297844476906,0.053867526216933935,0.01,159,14,136
cast19,rr,60,0.01,active_judge,156,2917,996,0,0,0.0,0.1577843613107065,0.07859297844476906,0.053867526216933935,0.01,159,14,136
cast19,rr,60,0.01,strat_pilot,156,2906,996,0,0,0.0,0.07861789579977065,0.07859297844476906,0.053867526216933935,0.01,159,14,136
cast19,rr,60,0.01,weighted_cv,156,2928,996,1,0,0.0,0.08351848165664973,0.07859297844476906,0.053867526216933935,0.01,159,14,136
cast19,rr,60,0.01,active_cv,156,2892,996,0,0,0.0,0.14286143156600076,0.07859297844476906,0.053867526216933935,0.01,159,14,136
cast19,rr,60,0.01,weighted_cvl,156,2888,996,0,0,0.0,0.07887064901944245,0.07859297844476906,0.053867526216933935,0.01,159,14,136
cast19,rr,60,0.01,uniform,157,2376,975,0,0,0.0,0.8690747889482514,0.06938686775837766,0.07464067386861505,0.01,159,10,137
cast19,rr,60,0.01,uniform_nz,157,2333,975,0,0,0.0,0.35998183996944927,0.06938686775837766,0.07464067386861505,0.01,159,10,137
cast19,rr,60,0.01,weighted,157,2293,975,1,0,0.0,0.06938686775837766,0.06938686775837766,0.07464067386861505,0.01,159,10,137
cast19,rr,60,0.01,active_judge,157,2297,975,0,0,0.0,0.19715242633758806,0.06938686775837766,0.07464067386861505,0.01,159,10,137
cast19,rr,60,0.01,strat_pilot,157,2323,975,0,0,0.0,0.0693801025981706,0.06938686775837766,0.07464067386861505,0.01,159,10,137
cast19,rr,60,0.01,weighted_cv,157,2326,975,1,0,0.0,0.07643879436621884,0.06938686775837766,0.07464067386861505,0.01,159,10,137
cast19,rr,60,0.01,active_cv,157,2309,975,1,0,0.0,0.13423407343838606,0.06938686775837766,0.07464067386861505,0.01,159,10,137
cast19,rr,60,0.01,weighted_cvl,157,2347,975,1,0,0.0,0.04159136470280368,0.06938686775837766,0.07464067386861505,0.01,159,10,137
cast19,rr,60,0.01,uniform,158,2041,938,0,0,0.0,0.31011766588261314,0.020564010786109265,0.01819776993732103,0.01,159,9,126
cast19,rr,60,0.01,uniform_nz,158,2005,938,0,0,0.0,0.08146439364303476,0.020564010786109265,0.01819776993732103,0.01,159,9,126
cast19,rr,60,0.01,weighted,158,2012,938,0,0,0.0,0.020564010786109265,0.020564010786109265,0.01819776993732103,0.01,159,9,126
cast19,rr,60,0.01,active_judge,158,2036,938,0,0,0.0,0.05348991393026511,0.020564010786109265,0.01819776993732103,0.01,159,9,126
cast19,rr,60,0.01,strat_pilot,158,2035,938,0,0,0.0,0.020482656513489402,0.020564010786109265,0.01819776993732103,0.01,159,9,126
cast19,rr,60,0.01,weighted_cv,158,1981,938,0,0,0.0,0.03120028670993381,0.020564010786109265,0.01819776993732103,0.01,159,9,126
cast19,rr,60,0.01,active_cv,158,2011,938,0,0,0.0,0.05419421842142197,0.020564010786109265,0.01819776993732103,0.01,159,9,126
cast19,rr,60,0.01,weighted_cvl,158,2075,938,0,0,0.0,0.014502756475019335,0.020564010786109265,0.01819776993732103,0.01,159,9,126
cast19,rr,60,0.01,uniform,159,2283,919,0,0,0.0,0.2782321764111922,0.06519434688259529,0.01909278531066455,0.01,159,10,137
cast19,rr,60,0.01,uniform_nz,159,2323,919,0,0,0.0,0.11886177115218846,0.06519434688259529,0.01909278531066455,0.01,159,10,137
cast19,rr,60,0.01,weighted,159,2292,919,1,0,0.0,0.06519434688259529,0.06519434688259529,0.01909278531066455,0.01,159,10,137
cast19,rr,60,0.01,active_judge,159,2289,919,0,0,0.0,0.2371153258862538,0.06519434688259529,0.01909278531066455,0.01,159,10,137
cast19,rr,60,0.01,strat_pilot,159,2297,919,0,0,0.0,0.06520471575127652,0.06519434688259529,0.01909278531066455,0.01,159,10,137
cast19,rr,60,0.01,weighted_cv,159,2290,919,1,0,0.0,0.03706703479495136,0.06519434688259529,0.01909278531066455,0.01,159,10,137
cast19,rr,60,0.01,active_cv,159,2274,919,1,0,0.0,0.05299705116551991,0.06519434688259529,0.01909278531066455,0.01,159,10,137
cast19,rr,60,0.01,weighted_cvl,159,2248,919,0,0,0.0,0.02600753724089148,0.06519434688259529,0.01909278531066455,0.01,159,10,137
cast19,rr,60,0.01,uniform,160,2420,1020,0,0,0.0,0.8984688899837622,0.07329089523311719,0.07215595844120883,0.01,159,10,137
cast19,rr,60,0.01,uniform_nz,160,2361,1020,0,0,0.0,0.37915694808653994,0.07329089523311719,0.07215595844120883,0.01,159,10,137
cast19,rr,60,0.01,weighted,160,2378,1020,1,0,0.0,0.07329089523311719,0.07329089523311719,0.07215595844120883,0.01,159,10,137
cast19,rr,60,0.01,active_judge,160,2364,1020,0,0,0.0,0.1821066203689075,0.07329089523311719,0.07215595844120883,0.01,159,10,137
cast19,rr,60,0.01,strat_pilot,160,2374,1020,0,0,0.0,0.07300818762285585,0.07329089523311719,0.07215595844120883,0.01,159,10,137
cast19,rr,60,0.01,weighted_cv,160,2337,1020,1,0,0.0,0.07179670825302686,0.07329089523311719,0.07215595844120883,0.01,159,10,137
cast19,rr,60,0.01,active_cv,160,2387,1020,0,0,0.0,0.11484860494766296,0.07329089523311719,0.07215595844120883,0.01,159,10,137
cast19,rr,60,0.01,weighted_cvl,160,2387,1020,1,0,0.0,0.07179670825302686,0.07329089523311719,0.07215595844120883,0.01,159,10,137
cast19,rr,60,0.01,uniform,161,2972,1043,0,0,0.0,0.30761117590667425,0.1230873378758575,0.03181610057074454,0.01,159,14,136
cast19,rr,60,0.01,uniform_nz,161,2967,1043,0,0,0.0,0.19657231247927814,0.1230873378758575,0.03181610057074454,0.01,159,14,136
cast19,rr,60,0.01,weighted,161,2901,1043,1,0,0.0,0.1230873378758575,0.1230873378758575,0.03181610057074454,0.01,159,14,136
cast19,rr,60,0.01,active_judge,161,2984,1043,0,0,0.0,0.2563647868039859,0.1230873378758575,0.03181610057074454,0.01,159,14,136
cast19,rr,60,0.01,strat_pilot,161,2993,1043,1,0,0.0,0.12312031717825926,0.1230873378758575,0.03181610057074454,0.01,159,14,136
cast19,rr,60,0.01,weighted_cv,161,2899,1043,1,0,0.0,0.09969978039200937,0.1230873378758575,0.03181610057074454,0.01,159,14,136
cast19,rr,60,0.01,active_cv,161,2955,1043,0,0,0.0,0.17757352162049841,0.1230873378758575,0.03181610057074454,0.01,159,14,136
cast19,rr,60,0.01,weighted_cvl,161,2971,1043,0,0,0.0,0.07231660382069045,0.1230873378758575,0.03181610057074454,0.01,159,14,136
cast19,rr,60,0.01,uniform,162,2297,982,0,0,0.0,0.11523970408941811,0.04647615806347569,0.05827853347203191,0.01,159,10,137
cast19,rr,60,0.01,uniform_nz,162,2355,982,0,0,0.0,0.05014117664440092,0.04647615806347569,0.05827853347203191,0.01,159,10,137
cast19,rr,60,0.01,weighted,162,2313,982,0,0,0.0,0.04647615806347569,0.04647615806347569,0.05827853347203191,0.01,159,10,137
cast19,rr,60,0.01,active_judge,162,2335,982,0,0,0.0,0.1467770959366485,0.04647615806347569,0.05827853347203191,0.01,159,10,137
cast19,rr,60,0.01,strat_pilot,162,2328,982,1,0,0.0,0.046208427793858906,0.04647615806347569,0.05827853347203191,0.01,159,10,137
cast19,rr,60,0.01,weighted_cv,162,2365,982,0,0,0.0,0.06117156338422362,0.04647615806347569,0.05827853347203191,0.01,159,10,137
cast19,rr,60,0.01,active_cv,162,2394,982,1,0,0.0,0.12635963823575408,0.04647615806347569,0.05827853347203191,0.01,159,10,137
cast19,rr,60,0.01,weighted_cvl,162,2365,982,1,0,0.0,0.0349126642264795,0.04647615806347569,0.05827853347203191,0.01,159,10,137
cast19,rr,60,0.01,uniform,163,2339,969,0,0,0.007591967633637398,0.584100385608409,0.07453927453223953,0.025361319014065003,0.0024080323663626026,159,10,137
cast19,rr,60,0.01,uniform_nz,163,2299,969,0,0,0.007591967633637398,0.31527164094128574,0.07453927453223953,0.025361319014065003,0.0024080323663626026,159,10,137
cast19,rr,60,0.01,weighted,163,2343,969,0,0,0.007591967633637398,0.07453927453223953,0.07453927453223953,0.025361319014065003,0.0024080323663626026,159,10,137
cast19,rr,60,0.01,active_judge,163,2324,969,0,0,0.007591967633637398,0.16414363214751693,0.07453927453223953,0.025361319014065003,0.0024080323663626026,159,10,137
cast19,rr,60,0.01,strat_pilot,163,2365,969,0,0,0.007591967633637398,0.07451012807498492,0.07453927453223953,0.025361319014065003,0.0024080323663626026,159,10,137
cast19,rr,60,0.01,weighted_cv,163,2315,969,0,0,0.007591967633637398,0.09637636552461752,0.07453927453223953,0.025361319014065003,0.0024080323663626026,159,10,137
cast19,rr,60,0.01,active_cv,163,2328,969,0,0,0.007591967633637398,0.13560602763055626,0.07453927453223953,0.025361319014065003,0.0024080323663626026,159,10,137
cast19,rr,60,0.01,weighted_cvl,163,2355,969,0,0,0.007591967633637398,0.06271155952315241,0.07453927453223953,0.025361319014065003,0.0024080323663626026,159,10,137
cast19,rr,60,0.01,uniform,164,2365,974,0,0,0.0,0.6254857463767285,0.08523885860120402,0.02056104840254793,0.01,159,10,137
cast19,rr,60,0.01,uniform_nz,164,2351,974,0,0,0.0,0.33934370887446025,0.08523885860120402,0.02056104840254793,0.01,159,10,137
cast19,rr,60,0.01,weighted,164,2384,974,0,0,0.0,0.08523885860120402,0.08523885860120402,0.02056104840254793,0.01,159,10,137
cast19,rr,60,0.01,active_judge,164,2311,974,0,0,0.0,0.18428939673066758,0.08523885860120402,0.02056104840254793,0.01,159,10,137
cast19,rr,60,0.01,strat_pilot,164,2352,974,0,0,0.0,0.08519602077577333,0.08523885860120402,0.02056104840254793,0.01,159,10,137
cast19,rr,60,0.01,weighted_cv,164,2309,974,1,0,0.0,0.06390663610461056,0.08523885860120402,0.02056104840254793,0.01,159,10,137
cast19,rr,60,0.01,active_cv,164,2372,974,0,0,0.0,0.08223215388791576,0.08523885860120402,0.02056104840254793,0.01,159,10,137
cast19,rr,60,0.01,weighted_cvl,164,2347,974,0,0,0.0,0.06390663610461056,0.08523885860120402,0.02056104840254793,0.01,159,10,137
cast19,rr,60,0.01,uniform,165,2337,997,0,0,0.0012795752872136745,0.1574506132248116,0.03518041557400101,0.025259965966403574,0.008720424712786326,159,10,137
cast19,rr,60,0.01,uniform_nz,165,2324,997,0,0,0.0012795752872136745,0.08152069872875403,0.03518041557400101,0.025259965966403574,0.008720424712786326,159,10,137
cast19,rr,60,0.01,weighted,165,2338,997,0,0,0.0012795752872136745,0.03518041557400101,0.03518041557400101,0.025259965966403574,0.008720424712786326,159,10,137
cast19,rr,60,0.01,active_judge,165,2372,997,0,0,0.0012795752872136745,0.07412641689937878,0.03518041557400101,0.025259965966403574,0.008720424712786326,159,10,137
cast19,rr,60,0.01,strat_pilot,165,2408,997,0,0,0.0012795752872136745,0.03512983302427197,0.03518041557400101,0.025259965966403574,0.008720424712786326,159,10,137
cast19,rr,60,0.01,weighted_cv,165,2369,997,0,0,0.0012795752872136745,0.04714620737410609,0.03518041557400101,0.025259965966403574,0.008720424712786326,159,10,137
cast19,rr,60,0.01,active_cv,165,2347,997,0,0,0.0012795752872136745,0.0757032187430691,0.03518041557400101,0.025259965966403574,0.008720424712786326,159,10,137
cast19,rr,60,0.01,weighted_cvl,165,2403,997,0,0,0.0012795752872136745,0.02118830877948401,0.03518041557400101,0.025259965966403574,0.008720424712786326,159,10,137
cast19,rr,60,0.01,uniform,166,2856,945,0,0,0.0,0.15290885471405374,0.07435007110361955,0.031737410059549304,0.01,159,14,136
cast19,rr,60,0.01,uniform_nz,166,2863,945,0,0,0.0,0.09794046819954208,0.07435007110361955,0.031737410059549304,0.01,159,14,136
cast19,rr,60,0.01,weighted,166,2806,945,0,0,0.0,0.07435007110361955,0.07435007110361955,0.031737410059549304,0.01,159,14,136
cast19,rr,60,0.01,active_judge,166,2816,945,0,0,0.0,0.16768411436627567,0.07435007110361955,0.031737410059549304,0.01,159,14,136
cast19,rr,60,0.01,strat_pilot,166,2853,945,1,0,0.0,0.07438569293025957,0.07435007110361955,0.031737410059549304,0.01,159,14,136
cast19,rr,60,0.01,weighted_cv,166,2908,945,0,0,0.0,0.11418003199346527,0.07435007110361955,0.031737410059549304,0.01,159,14,136
cast19,rr,60,0.01,active_cv,166,2872,945,0,0,0.0,0.2222457333904928,0.07435007110361955,0.031737410059549304,0.01,159,14,136
cast19,rr,60,0.01,weighted_cvl,166,2831,945,1,0,0.0,0.059247820111677875,0.07435007110361955,0.031737410059549304,0.01,159,14,136
cast19,rr,60,0.01,uniform,167,2841,994,0,0,0.0,0.23700821124970947,0.10114968292968232,0.011613888721171013,0.01,159,14,136
cast19,rr,60,0.01,uniform_nz,167,2907,994,0,0,0.0,0.14523100933276484,0.10114968292968232,0.011613888721171013,0.01,159,14,136
cast19,rr,60,0.01,weighted,167,2895,994,1,0,0.0,0.10114968292968232,0.10114968292968232,0.011613888721171013,0.01,159,14,136
cast19,rr,60,0.01,active_judge,167,2883,994,0,0,0.0,0.22894824809995837,0.10114968292968232,0.011613888721171013,0.01,159,14,136
cast19,rr,60,0.01,strat_pilot,167,2907,994,1,0,0.0,0.10115541665040415,0.10114968292968232,0.011613888721171013,0.01,159,14,136
cast19,rr,60,0.01,weighted_cv,167,2932,994,1,0,0.0,0.1019121347855743,0.10114968292968232,0.011613888721171013,0.01,159,14,136
cast19,rr,60,0.01,active_cv,167,2889,994,1,0,0.0,0.1554214336118322,0.10114968292968232,0.011613888721171013,0.01,159,14,136
cast19,rr,60,0.01,weighted_cvl,167,2877,994,1,0,0.0,0.053704995729633165,0.10114968292968232,0.011613888721171013,0.01,159,14,136
cast19,rr,60,0.01,uniform,168,2317,934,0,0,0.0,0.7040793781662413,0.0866915895020941,0.06777498737782758,0.01,159,10,137
cast19,rr,60,0.01,uniform_nz,168,2325,934,0,0,0.0,0.3557949482580741,0.0866915895020941,0.06777498737782758,0.01,159,10,137
cast19,rr,60,0.01,weighted,168,2308,934,0,0,0.0,0.0866915895020941,0.0866915895020941,0.06777498737782758,0.01,159,10,137
cast19,rr,60,0.01,active_judge,168,2286,934,0,0,0.0,0.2269309821098123,0.0866915895020941,0.06777498737782758,0.01,159,10,137
cast19,rr,60,0.01,strat_pilot,168,2282,934,0,0,0.0,0.08646631149717914,0.0866915895020941,0.06777498737782758,0.01,159,10,137
cast19,rr,60,0.01,weighted_cv,168,2268,934,1,0,0.0,0.12183286564401771,0.0866915895020941,0.06777498737782758,0.01,159,10,137
cast19,rr,60,0.01,active_cv,168,2288,934,1,0,0.0,0.1802645647668037,0.0866915895020941,0.06777498737782758,0.01,159,10,137
cast19,rr,60,0.01,weighted_cvl,168,2294,934,1,0,0.0,0.05481884722515763,0.0866915895020941,0.06777498737782758,0.01,159,10,137
cast19,rr,60,0.01,uniform,169,2405,1017,0,0,0.0,0.16302904732142726,0.05445537943555197,0.028488679444561793,0.01,159,10,137
cast19,rr,60,0.01,uniform_nz,169,2393,1017,1,0,0.0,0.06749420358935102,0.05445537943555197,0.028488679444561793,0.01,159,10,137
cast19,rr,60,0.01,weighted,169,2363,1017,1,0,0.0,0.05445537943555197,0.05445537943555197,0.028488679444561793,0.01,159,10,137
cast19,rr,60,0.01,active_judge,169,2376,1017,1,0,0.0,0.1552545457383557,0.05445537943555197,0.028488679444561793,0.01,159,10,137
cast19,rr,60,0.01,strat_pilot,169,2415,1017,1,0,0.0,0.053746064348639225,0.05445537943555197,0.028488679444561793,0.01,159,10,137
cast19,rr,60,0.01,weighted_cv,169,2367,1017,1,0,0.0,0.08566324781668083,0.05445537943555197,0.028488679444561793,0.01,159,10,137
cast19,rr,60,0.01,active_cv,169,2376,1017,1,0,0.0,0.13978045760954227,0.05445537943555197,0.028488679444561793,0.01,159,10,137
cast19,rr,60,0.01,weighted_cvl,169,2368,1017,1,0,0.0,0.056101035468386275,0.05445537943555197,0.028488679444561793,0.01,159,10,137
cast19,rr,60,0.01,uniform,170,2348,963,0,0,0.0,0.11032816490472093,0.04673249015964573,0.06768664664929303,0.01,159,10,137
cast19,rr,60,0.01,uniform_nz,170,2319,963,0,0,0.0,0.053363598070575516,0.04673249015964573,0.06768664664929303,0.01,159,10,137
cast19,rr,60,0.01,weighted,170,2313,963,0,0,0.0,0.04673249015964573,0.04673249015964573,0.06768664664929303,0.01,159,10,137
cast19,rr,60,0.01,active_judge,170,2296,963,1,0,0.0,0.14639168924583285,0.04673249015964573,0.06768664664929303,0.01,159,10,137
cast19,rr,60,0.01,strat_pilot,170,2356,963,1,0,0.0,0.04629724476131587,0.04673249015964573,0.06768664664929303,0.01,159,10,137
cast19,rr,60,0.01,weighted_cv,170,2337,963,1,0,0.0,0.06850502558718292,0.04673249015964573,0.06768664664929303,0.01,159,10,137
cast19,rr,60,0.01,active_cv,170,2338,963,0,0,0.0,0.1082960777604804,0.04673249015964573,0.06768664664929303,0.01,159,10,137
cast19,rr,60,0.01,weighted_cvl,170,2317,963,0,0,0.0,0.02840405266507353,0.04673249015964573,0.06768664664929303,0.01,159,10,137
cast19,rr,60,0.01,uniform,171,2819,956,0,0,0.00654708806407478,0.15940563947580963,0.07540620928736605,0.023102941790938147,0.0034529119359252205,159,14,136
cast19,rr,60,0.01,uniform_nz,171,2862,956,0,0,0.00654708806407478,0.0914701547955406,0.07540620928736605,0.023102941790938147,0.0034529119359252205,159,14,136
cast19,rr,60,0.01,weighted,171,2866,956,0,0,0.00654708806407478,0.07540620928736605,0.07540620928736605,0.023102941790938147,0.0034529119359252205,159,14,136
cast19,rr,60,0.01,active_judge,171,2891,956,0,0,0.00654708806407478,0.19218174193003207,0.07540620928736605,0.023102941790938147,0.0034529119359252205,159,14,136
cast19,rr,60,0.01,strat_pilot,171,2896,956,0,0,0.00654708806407478,0.0753240316065927,0.07540620928736605,0.023102941790938147,0.0034529119359252205,159,14,136
cast19,rr,60,0.01,weighted_cv,171,2884,956,0,0,0.00654708806407478,0.08724699604503874,0.07540620928736605,0.023102941790938147,0.0034529119359252205,159,14,136
cast19,rr,60,0.01,active_cv,171,2811,956,0,0,0.00654708806407478,0.17677692792617192,0.07540620928736605,0.023102941790938147,0.0034529119359252205,159,14,136
cast19,rr,60,0.01,weighted_cvl,171,2912,956,0,0,0.00654708806407478,0.05499876062702662,0.07540620928736605,0.023102941790938147,0.0034529119359252205,159,14,136
cast19,rr,60,0.01,uniform,172,2406,1062,0,0,0.0,0.3628947714620495,0.05239738881136926,0.035655188418093925,0.01,159,10,137
cast19,rr,60,0.01,uniform_nz,172,2418,1062,0,0,0.0,0.15330138296941914,0.05239738881136926,0.035655188418093925,0.01,159,10,137
cast19,rr,60,0.01,weighted,172,2434,1062,0,0,0.0,0.05239738881136926,0.05239738881136926,0.035655188418093925,0.01,159,10,137
cast19,rr,60,0.01,active_judge,172,2422,1062,0,0,0.0,0.1336102669661773,0.05239738881136926,0.035655188418093925,0.01,159,10,137
cast19,rr,60,0.01,strat_pilot,172,2437,1062,1,0,0.0,0.05208381638686586,0.05239738881136926,0.035655188418093925,0.01,159,10,137
cast19,rr,60,0.01,weighted_cv,172,2401,1062,1,0,0.0,0.09805601956722916,0.05239738881136926,0.035655188418093925,0.01,159,10,137
cast19,rr,60,0.01,active_cv,172,2458,1062,1,0,0.0,0.2242312995569618,0.05239738881136926,0.035655188418093925,0.01,159,10,137
cast19,rr,60,0.01,weighted_cvl,172,2428,1062,0,0,0.0,0.05439698274260096,0.05239738881136926,0.035655188418093925,0.01,159,10,137
cast19,rr,60,0.01,uniform,173,2409,1038,0,0,0.0,0.08919639688682958,0.03472583197581437,0.02621042364463417,0.01,159,10,137
cast19,rr,60,0.01,uniform_nz,173,2404,1038,0,0,0.0,0.03678446265596469,0.03472583197581437,0.02621042364463417,0.01,159,10,137
cast19,rr,60,0.01,weighted,173,2374,1038,0,0,0.0,0.03472583197581437,0.03472583197581437,0.02621042364463417,0.01,159,10,137
cast19,rr,60,0.01,active_judge,173,2423,1038,0,0,0.0,0.07524778158370823,0.03472583197581437,0.02621042364463417,0.01,159,10,137
cast19,rr,60,0.01,strat_pilot,173,2410,1038,1,0,0.0,0.034826576163459896,0.03472583197581437,0.02621042364463417,0.01,159,10,137
cast19,rr,60,0.01,weighted_cv,173,2373,1038,1,0,0.0,0.07861055858783414,0.03472583197581437,0.02621042364463417,0.01,159,10,137
cast19,rr,60,0.01,active_cv,173,2361,1038,1,0,0.0,0.1756048111094553,0.03472583197581437,0.02621042364463417,0.01,159,10,137
cast19,rr,60,0.01,weighted_cvl,173,2413,1038,1,0,0.0,0.029989222212845924,0.03472583197581437,0.02621042364463417,0.01,159,10,137
cast19,rr,60,0.01,uniform,174,2875,988,0,0,0.0,0.3295439000218316,0.13362531367092387,0.04074533101419812,0.01,159,14,136
cast19,rr,60,0.01,uniform_nz,174,2896,988,1,0,0.0,0.22922025133064444,0.13362531367092387,0.04074533101419812,0.01,159,14,136
cast19,rr,60,0.01,weighted,174,2932,988,1,0,0.0,0.13362531367092387,0.13362531367092387,0.04074533101419812,0.01,159,14,136
cast19,rr,60,0.01,active_judge,174,2899,988,0,0,0.0,0.29997060633126554,0.13362531367092387,0.04074533101419812,0.01,159,14,136
cast19,rr,60,0.01,strat_pilot,174,2951,988,1,0,0.0,0.13366072028839115,0.13362531367092387,0.04074533101419812,0.01,159,14,136
cast19,rr,60,0.01,weighted_cv,174,2839,988,1,0,0.0,0.12418969634530055,0.13362531367092387,0.04074533101419812,0.01,159,14,136
cast19,rr,60,0.01,active_cv,174,2863,988,1,0,0.0,0.18014015877121212,0.13362531367092387,0.04074533101419812,0.01,159,14,136
cast19,rr,60,0.01,weighted_cvl,174,2916,988,1,0,0.0,0.116222206442623,0.13362531367092387,0.04074533101419812,0.01,159,14,136
cast19,rr,60,0.01,uniform,175,2855,975,1,0,0.0,0.5842577716563454,0.1188163908705688,0.07224033140635307,0.01,159,14,136
cast19,rr,60,0.01,uniform_nz,175,2888,975,0,0,0.0,0.3558743916218752,0.1188163908705688,0.07224033140635307,0.01,159,14,136
cast19,rr,60,0.01,weighted,175,2931,975,1,0,0.0,0.1188163908705688,0.1188163908705688,0.07224033140635307,0.01,159,14,136
cast19,rr,60,0.01,active_judge,175,2917,975,1,0,0.0,0.39318696422757216,0.1188163908705688,0.07224033140635307,0.01,159,14,136
cast19,rr,60,0.01,strat_pilot,175,2894,975,1,0,0.0,0.11905034105639496,0.1188163908705688,0.07224033140635307,0.01,159,14,136
cast19,rr,60,0.01,weighted_cv,175,2850,975,1,0,0.0,0.1090628187066528,0.1188163908705688,0.07224033140635307,0.01,159,14,136
cast19,rr,60,0.01,active_cv,175,2837,975,1,0,0.0,0.18044452743643802,0.1188163908705688,0.07224033140635307,0.01,159,14,136
cast19,rr,60,0.01,weighted_cvl,175,2863,975,1,0,0.0,0.06476067561313184,0.1188163908705688,0.07224033140635307,0.01,159,14,136
cast19,rr,60,0.01,uniform,176,2308,952,0,0,0.0,0.6238500337370264,0.06692670889906774,0.06310022164511328,0.01,159,10,137
cast19,rr,60,0.01,uniform_nz,176,2368,952,0,0,0.0,0.321888614315074,0.06692670889906774,0.06310022164511328,0.01,159,10,137
cast19,rr,60,0.01,weighted,176,2322,952,0,0,0.0,0.06692670889906774,0.06692670889906774,0.06310022164511328,0.01,159,10,137
cast19,rr,60,0.01,active_judge,176,2324,952,1,0,0.0,0.20767328117777764,0.06692670889906774,0.06310022164511328,0.01,159,10,137
cast19,rr,60,0.01,strat_pilot,176,2308,952,1,0,0.0,0.06653876165810149,0.06692670889906774,0.06310022164511328,0.01,159,10,137
cast19,rr,60,0.01,weighted_cv,176,2302,952,0,0,0.0,0.0930378987870371,0.06692670889906774,0.06310022164511328,0.01,159,10,137
cast19,rr,60,0.01,active_cv,176,2370,952,0,0,0.0,0.12925644018221324,0.06692670889906774,0.06310022164511328,0.01,159,10,137
cast19,rr,60,0.01,weighted_cvl,176,2285,952,1,0,0.0,0.0407241428858051,0.06692670889906774,0.06310022164511328,0.01,159,10,137
cast19,rr,60,0.01,uniform,177,2850,978,0,0,0.0,0.29517201081651334,0.10350698410138022,0.019360995514633286,0.01,159,14,136
cast19,rr,60,0.01,uniform_nz,177,2879,978,0,0,0.0,0.20324912757659588,0.10350698410138022,0.019360995514633286,0.01,159,14,136
cast19,rr,60,0.01,weighted,177,2878,978,0,0,0.0,0.10350698410138022,0.10350698410138022,0.019360995514633286,0.01,159,14,136
cast19,rr,60,0.01,active_judge,177,2842,978,0,0,0.0,0.230955291912493,0.10350698410138022,0.019360995514633286,0.01,159,14,136
cast19,rr,60,0.01,strat_pilot,177,2865,978,1,0,0.0,0.10374303527485862,0.10350698410138022,0.019360995514633286,0.01,159,14,136
cast19,rr,60,0.01,weighted_cv,177,2895,978,0,0,0.0,0.11397526094822912,0.10350698410138022,0.019360995514633286,0.01,159,14,136
cast19,rr,60,0.01,active_cv,177,2800,978,0,0,0.0,0.19465336765867694,0.10350698410138022,0.019360995514633286,0.01,159,14,136
cast19,rr,60,0.01,weighted_cvl,177,2860,978,1,0,0.0,0.07668014319858238,0.10350698410138022,0.019360995514633286,0.01,159,14,136
cast19,rr,60,0.01,uniform,178,2415,989,1,0,0.0,0.13274911346261464,0.04599654849186742,0.048210052886013474,0.01,159,10,137
cast19,rr,60,0.01,uniform_nz,178,2398,989,0,0,0.0,0.05183028497917761,0.04599654849186742,0.048210052886013474,0.01,159,10,137
cast19,rr,60,0.01,weighted,178,2358,989,0,0,0.0,0.04599654849186742,0.04599654849186742,0.048210052886013474,0.01,159,10,137
cast19,rr,60,0.01,active_judge,178,2365,989,0,0,0.0,0.13823299298446887,0.04599654849186742,0.048210052886013474,0.01,159,10,137
cast19,rr,60,0.01,strat_pilot,178,2350,989,0,0,0.0,0.045770851142070676,0.04599654849186742,0.048210052886013474,0.01,159,10,137
cast19,rr,60,0.01,weighted_cv,178,2378,989,0,0,0.0,0.0618259490679637,0.04599654849186742,0.048210052886013474,0.01,159,10,137
cast19,rr,60,0.01,active_cv,178,2360,989,0,0,0.0,0.11863967413583718,0.04599654849186742,0.048210052886013474,0.01,159,10,137
cast19,rr,60,0.01,weighted_cvl,178,2402,989,0,0,0.0,0.04631152421824212,0.04599654849186742,0.048210052886013474,0.01,159,10,137
cast19,rr,60,0.01,uniform,179,2314,957,0,0,0.014135766997866506,0.6724674308135554,0.06675729891102429,0.029818400666270846,-0.0041357669978665055,159,10,137
cast19,rr,60,0.01,uniform_nz,179,2314,957,0,0,0.014135766997866506,0.2659919052571716,0.06675729891102429,0.029818400666270846,-0.0041357669978665055,159,10,137
cast19,rr,60,0.01,weighted,179,2325,957,0,0,0.014135766997866506,0.06675729891102429,0.06675729891102429,0.029818400666270846,-0.0041357669978665055,159,10,137
cast19,rr,60,0.01,active_judge,179,2318,957,0,0,0.014135766997866506,0.14519493027517189,0.06675729891102429,0.029818400666270846,-0.0041357669978665055,159,10,137
cast19,rr,60,0.01,strat_pilot,179,2337,957,0,0,0.014135766997866506,0.06665717565690374,0.06675729891102429,0.029818400666270846,-0.0041357669978665055,159,10,137
cast19,rr,60,0.01,weighted_cv,179,2321,957,0,0,0.014135766997866506,0.08746366614466997,0.06675729891102429,0.029818400666270846,-0.0041357669978665055,159,10,137
cast19,rr,60,0.01,active_cv,179,2330,957,0,0,0.014135766997866506,0.13252423840125105,0.06675729891102429,0.029818400666270846,-0.0041357669978665055,159,10,137
cast19,rr,60,0.01,weighted_cvl,179,2368,957,0,0,0.014135766997866506,0.08466992679954273,0.06675729891102429,0.029818400666270846,-0.0041357669978665055,159,10,137
cast19,rr,60,0.01,uniform,180,2246,933,0,0,0.0,0.27473095534974556,0.07514379768897332,0.010356192306212856,0.01,159,10,137
cast19,rr,60,0.01,uniform_nz,180,2296,933,1,0,0.0,0.0932191312669913,0.07514379768897332,0.010356192306212856,0.01,159,10,137
cast19,rr,60,0.01,weighted,180,2256,933,0,0,0.0,0.07514379768897332,0.07514379768897332,0.010356192306212856,0.01,159,10,137
cast19,rr,60,0.01,active_judge,180,2309,933,0,0,0.0,0.17800217138282542,0.07514379768897332,0.010356192306212856,0.01,159,10,137
cast19,rr,60,0.01,strat_pilot,180,2344,933,1,0,0.0,0.07514165141583759,0.07514379768897332,0.010356192306212856,0.01,159,10,137
cast19,rr,60,0.01,weighted_cv,180,2273,933,0,0,0.0,0.08137721004080944,0.07514379768897332,0.010356192306212856,0.01,159,10,137
cast19,rr,60,0.01,active_cv,180,2312,933,0,0,0.0,0.1448755046166249,0.07514379768897332,0.010356192306212856,0.01,159,10,137
cast19,rr,60,0.01,weighted_cvl,180,2286,933,0,0,0.0,0.074250277184534,0.07514379768897332,0.010356192306212856,0.01,159,10,137
cast19,rr,60,0.01,uniform,181,2953,1020,0,0,0.00898338745149685,0.16511737455582715,0.09649623815463053,0.03751228225417215,0.001016612548503151,159,14,136
cast19,rr,60,0.01,uniform_nz,181,2914,1020,0,0,0.00898338745149685,0.11440468722874717,0.09649623815463053,0.03751228225417215,0.001016612548503151,159,14,136
cast19,rr,60,0.01,weighted,181,2860,1020,0,0,0.00898338745149685,0.09649623815463053,0.09649623815463053,0.03751228225417215,0.001016612548503151,159,14,136
cast19,rr,60,0.01,active_judge,181,2905,1020,0,0,0.00898338745149685,0.20362129589002925,0.09649623815463053,0.03751228225417215,0.001016612548503151,159,14,136
cast19,rr,60,0.01,strat_pilot,181,2908,1020,0,0,0.00898338745149685,0.09674752009735793,0.09649623815463053,0.03751228225417215,0.001016612548503151,159,14,136
cast19,rr,60,0.01,weighted_cv,181,2944,1020,0,0,0.00898338745149685,0.08131671850592255,0.09649623815463053,0.03751228225417215,0.001016612548503151,159,14,136
cast19,rr,60,0.01,active_cv,181,2927,1020,0,0,0.00898338745149685,0.13795460975835858,0.09649623815463053,0.03751228225417215,0.001016612548503151,159,14,136
cast19,rr,60,0.01,weighted_cvl,181,2950,1020,0,0,0.00898338745149685,0.07397840453686169,0.09649623815463053,0.03751228225417215,0.001016612548503151,159,14,136
cast19,rr,60,0.01,uniform,182,2373,1016,0,0,0.0,0.364396430614962,0.061541036388441314,0.024387495861286232,0.01,159,10,138
cast19,rr,60,0.01,uniform_nz,182,2338,1016,0,0,0.0,0.15823562672677366,0.061541036388441314,0.024387495861286232,0.01,159,10,138
cast19,rr,60,0.01,weighted,182,2368,1016,1,0,0.0,0.061541036388441314,0.061541036388441314,0.024387495861286232,0.01,159,10,138
cast19,rr,60,0.01,active_judge,182,2395,1016,0,0,0.0,0.11539012966753484,0.061541036388441314,0.024387495861286232,0.01,159,10,138
cast19,rr,60,0.01,strat_pilot,182,2403,1016,1,0,0.0,0.06152809991173266,0.061541036388441314,0.024387495861286232,0.01,159,10,138
cast19,rr,60,0.01,weighted_cv,182,2373,1016,1,0,0.0,0.04997953306753918,0.061541036388441314,0.024387495861286232,0.01,159,10,138
cast19,rr,60,0.01,active_cv,182,2394,1016,1,0,0.0,0.11961485990924889,0.061541036388441314,0.024387495861286232,0.01,159,10,138
cast19,rr,60,0.01,weighted_cvl,182,2417,1016,1,0,0.0,0.03882414020397148,0.061541036388441314,0.024387495861286232,0.01,159,10,138
cast19,rr,60,0.01,uniform,183,2315,954,1,0,0.0,0.14985699867689795,0.04823123296996455,0.00501006674372875,0.01,159,10,137
cast19,rr,60,0.01,uniform_nz,183,2359,954,0,0,0.0,0.05908455942850586,0.04823123296996455,0.00501006674372875,0.01,159,10,137
cast19,rr,60,0.01,weighted,183,2315,954,0,0,0.0,0.04823123296996455,0.04823123296996455,0.00501006674372875,0.01,159,10,137
cast19,rr,60,0.01,active_judge,183,2341,954,0,0,0.0,0.1380102277247905,0.04823123296996455,0.00501006674372875,0.01,159,10,137
cast19,rr,60,0.01,strat_pilot,183,2312,954,0,0,0.0,0.0480094923220397,0.04823123296996455,0.00501006674372875,0.01,159,10,137
cast19,rr,60,0.01,weighted_cv,183,2334,954,0,0,0.0,0.06494468143399523,0.04823123296996455,0.00501006674372875,0.01,159,10,137
cast19,rr,60,0.01,active_cv,183,2359,954,1,0,0.0,0.09057791015944638,0.04823123296996455,0.00501006674372875,0.01,159,10,137
cast19,rr,60,0.01,weighted_cvl,183,2332,954,1,0,0.0,0.05906132449744841,0.04823123296996455,0.00501006674372875,0.01,159,10,137
cast19,rr,60,0.01,uniform,184,2375,986,0,0,0.0,0.11182658645556265,0.0503630392023765,0.03448575046098266,0.01,159,10,137
cast19,rr,60,0.01,uniform_nz,184,2322,986,0,0,0.0,0.0545738859289233,0.0503630392023765,0.03448575046098266,0.01,159,10,137
cast19,rr,60,0.01,weighted,184,2363,986,0,0,0.0,0.0503630392023765,0.0503630392023765,0.03448575046098266,0.01,159,10,137
cast19,rr,60,0.01,active_judge,184,2356,986,1,0,0.0,0.10969115472505546,0.0503630392023765,0.03448575046098266,0.01,159,10,137
cast19,rr,60,0.01,strat_pilot,184,2344,986,1,0,0.0,0.050308911861082585,0.0503630392023765,0.03448575046098266,0.01,159,10,137
cast19,rr,60,0.01,weighted_cv,184,2343,986,0,0,0.0,0.04918654617975653,0.0503630392023765,0.03448575046098266,0.01,159,10,137
cast19,rr,60,0.01,active_cv,184,2346,986,0,0,0.0,0.0805874478224316,0.0503630392023765,0.03448575046098266,0.01,159,10,137
cast19,rr,60,0.01,weighted_cvl,184,2344,986,1,0,0.0,0.027836809471655177,0.0503630392023765,0.03448575046098266,0.01,159,10,137
cast19,rr,60,0.01,uniform,185,2389,1037,0,0,0.00786045230427368,0.16680287464633525,0.04908648904937709,0.02224690906377539,0.0021395476957263206,159,10,137
cast19,rr,60,0.01,uniform_nz,185,2408,1037,0,0,0.00786045230427368,0.07492641590337148,0.04908648904937709,0.02224690906377539,0.0021395476957263206,159,10,137
cast19,rr,60,0.01,weighted,185,2333,1037,0,0,0.00786045230427368,0.04908648904937709,0.04908648904937709,0.02224690906377539,0.0021395476957263206,159,10,137
cast19,rr,60,0.01,active_judge,185,2371,1037,0,0,0.00786045230427368,0.10486383662769201,0.04908648904937709,0.02224690906377539,0.0021395476957263206,159,10,137
cast19,rr,60,0.01,strat_pilot,185,2399,1037,0,0,0.00786045230427368,0.048834170534410526,0.04908648904937709,0.02224690906377539,0.0021395476957263206,159,10,137
cast19,rr,60,0.01,weighted_cv,185,2392,1037,0,0,0.00786045230427368,0.06874344400188406,0.04908648904937709,0.02224690906377539,0.0021395476957263206,159,10,137
cast19,rr,60,0.01,active_cv,185,2404,1037,0,0,0.00786045230427368,0.11729722044024984,0.04908648904937709,0.02224690906377539,0.0021395476957263206,159,10,137
cast19,rr,60,0.01,weighted_cvl,185,2374,1037,0,0,0.00786045230427368,0.029522757256834377,0.04908648904937709,0.02224690906377539,0.0021395476957263206,159,10,137
cast19,rr,60,0.01,uniform,186,2394,1060,0,0,0.0,0.653328929717479,0.07049170640984966,0.03765001953932158,0.01,159,10,137
cast19,rr,60,0.01,uniform_nz,186,2435,1060,0,0,0.0,0.3441408802513852,0.07049170640984966,0.03765001953932158,0.01,159,10,137
cast19,rr,60,0.01,weighted,186,2495,1060,0,0,0.0,0.07049170640984966,0.07049170640984966,0.03765001953932158,0.01,159,10,137
cast19,rr,60,0.01,active_judge,186,2498,1060,0,0,0.0,0.22064902210171128,0.07049170640984966,0.03765001953932158,0.01,159,10,137
cast19,rr,60,0.01,strat_pilot,186,2372,1060,0,0,0.0,0.07048779346276661,0.07049170640984966,0.03765001953932158,0.01,159,10,137
cast19,rr,60,0.01,weighted_cv,186,2385,1060,0,0,0.0,0.05754061749283633,0.07049170640984966,0.03765001953932158,0.01,159,10,137
cast19,rr,60,0.01,active_cv,186,2451,1060,0,0,0.0,0.08726231878783086,0.07049170640984966,0.03765001953932158,0.01,159,10,137
cast19,rr,60,0.01,weighted_cvl,186,2421,1060,0,0,0.0,0.033448856005843144,0.07049170640984966,0.03765001953932158,0.01,159,10,137
cast19,rr,60,0.01,uniform,187,2321,967,0,0,0.0,0.4885716493033477,0.10508308523800572,0.032042138185545785,0.01,159,10,138
cast19,rr,60,0.01,uniform_nz,187,2288,967,0,0,0.0,0.2211042748941754,0.10508308523800572,0.032042138185545785,0.01,159,10,138
cast19,rr,60,0.01,weighted,187,2347,967,1,0,0.0,0.10508308523800572,0.10508308523800572,0.032042138185545785,0.01,159,10,138
cast19,rr,60,0.01,active_judge,187,2309,967,0,0,0.0,0.22155938560455013,0.10508308523800572,0.032042138185545785,0.01,159,10,138
cast19,rr,60,0.01,strat_pilot,187,2351,967,1,0,0.0,0.10509387432541165,0.10508308523800572,0.032042138185545785,0.01,159,10,138
cast19,rr,60,0.01,weighted_cv,187,2361,967,1,0,0.0,0.07471422380094692,0.10508308523800572,0.032042138185545785,0.01,159,10,138
cast19,rr,60,0.01,active_cv,187,2312,967,0,0,0.0,0.11399593752872486,0.10508308523800572,0.032042138185545785,0.01,159,10,138
cast19,rr,60,0.01,weighted_cvl,187,2307,967,1,0,0.0,0.04490997966943096,0.10508308523800572,0.032042138185545785,0.01,159,10,138
cast19,rr,60,0.01,uniform,188,2879,1009,0,0,0.003695932562581994,0.11657477149743167,0.06179689085051854,0.019593288772962673,0.006304067437418006,159,14,136
cast19,rr,60,0.01,uniform_nz,188,2893,1009,0,0,0.003695932562581994,0.07559879986437175,0.06179689085051854,0.019593288772962673,0.006304067437418006,159,14,136
cast19,rr,60,0.01,weighted,188,2872,1009,0,0,0.003695932562581994,0.06179689085051854,0.06179689085051854,0.019593288772962673,0.006304067437418006,159,14,136
cast19,rr,60,0.01,active_judge,188,2905,1009,0,0,0.003695932562581994,0.12542386612775508,0.06179689085051854,0.019593288772962673,0.006304067437418006,159,14,136
cast19,rr,60,0.01,strat_pilot,188,2936,1009,0,0,0.003695932562581994,0.06196774206381528,0.06179689085051854,0.019593288772962673,0.006304067437418006,159,14,136
cast19,rr,60,0.01,weighted_cv,188,2885,1009,0,0,0.003695932562581994,0.07997623322662978,0.06179689085051854,0.019593288772962673,0.006304067437418006,159,14,136
cast19,rr,60,0.01,active_cv,188,2877,1009,0,0,0.003695932562581994,0.1358593533394516,0.06179689085051854,0.019593288772962673,0.006304067437418006,159,14,136
cast19,rr,60,0.01,weighted_cvl,188,2907,1009,0,0,0.003695932562581994,0.05200736935224852,0.06179689085051854,0.019593288772962673,0.006304067437418006,159,14,136
cast19,rr,60,0.01,uniform,189,2271,943,0,0,0.0,0.8414704768422483,0.07733549444796015,0.06021905052553526,0.01,159,10,137
cast19,rr,60,0.01,uniform_nz,189,2272,943,1,0,0.0,0.370180013774266,0.07733549444796015,0.06021905052553526,0.01,159,10,137
cast19,rr,60,0.01,weighted,189,2315,943,0,0,0.0,0.07733549444796015,0.07733549444796015,0.06021905052553526,0.01,159,10,137
cast19,rr,60,0.01,active_judge,189,2302,943,0,0,0.0,0.17986958197671152,0.07733549444796015,0.06021905052553526,0.01,159,10,137
cast19,rr,60,0.01,strat_pilot,189,2344,943,1,0,0.0,0.07732215679529628,0.07733549444796015,0.06021905052553526,0.01,159,10,137
cast19,rr,60,0.01,weighted_cv,189,2336,943,1,0,0.0,0.08139223711750387,0.07733549444796015,0.06021905052553526,0.01,159,10,137
cast19,rr,60,0.01,active_cv,189,2305,943,0,0,0.0,0.1317918668129638,0.07733549444796015,0.06021905052553526,0.01,159,10,137
cast19,rr,60,0.01,weighted_cvl,189,2312,943,1,0,0.0,0.06798032898410195,0.07733549444796015,0.06021905052553526,0.01,159,10,137
cast19,rr,60,0.01,uniform,190,2327,977,0,0,0.007338503537219432,0.1551431648850428,0.0581478532116755,0.00493727232204821,0.0026614964627805684,159,10,137
cast19,rr,60,0.01,uniform_nz,190,2320,977,0,0,0.007338503537219432,0.06699591260999305,0.0581478532116755,0.00493727232204821,0.0026614964627805684,159,10,137
cast19,rr,60,0.01,weighted,190,2372,977,0,0,0.007338503537219432,0.0581478532116755,0.0581478532116755,0.00493727232204821,0.0026614964627805684,159,10,137
cast19,rr,60,0.01,active_judge,190,2311,977,0,0,0.007338503537219432,0.11751901508546228,0.0581478532116755,0.00493727232204821,0.0026614964627805684,159,10,137
cast19,rr,60,0.01,strat_pilot,190,2320,977,0,0,0.007338503537219432,0.05817476541694042,0.0581478532116755,0.00493727232204821,0.0026614964627805684,159,10,137
cast19,rr,60,0.01,weighted_cv,190,2351,977,0,0,0.007338503537219432,0.037556700391459905,0.0581478532116755,0.00493727232204821,0.0026614964627805684,159,10,137
cast19,rr,60,0.01,active_cv,190,2327,977,0,0,0.007338503537219432,0.0888914714530826,0.0581478532116755,0.00493727232204821,0.0026614964627805684,159,10,137
cast19,rr,60,0.01,weighted_cvl,190,2276,977,0,0,0.007338503537219432,0.04811250556909391,0.0581478532116755,0.00493727232204821,0.0026614964627805684,159,10,137
cast19,rr,60,0.01,uniform,191,2360,962,0,0,0.0,0.5969432332092148,0.07572723748510043,0.03603010278111233,0.01,159,10,137
cast19,rr,60,0.01,uniform_nz,191,2342,962,0,0,0.0,0.3196862021596411,0.07572723748510043,0.03603010278111233,0.01,159,10,137
cast19,rr,60,0.01,weighted,191,2321,962,1,0,0.0,0.07572723748510043,0.07572723748510043,0.03603010278111233,0.01,159,10,137
cast19,rr,60,0.01,active_judge,191,2296,962,0,0,0.0,0.16616089967025716,0.07572723748510043,0.03603010278111233,0.01,159,10,137
cast19,rr,60,0.01,strat_pilot,191,2330,962,0,0,0.0,0.07566184483931013,0.07572723748510043,0.03603010278111233,0.01,159,10,137
cast19,rr,60,0.01,weighted_cv,191,2298,962,0,0,0.0,0.06329032774437537,0.07572723748510043,0.03603010278111233,0.01,159,10,137
cast19,rr,60,0.01,active_cv,191,2358,962,0,0,0.0,0.08835011173661719,0.07572723748510043,0.03603010278111233,0.01,159,10,137
cast19,rr,60,0.01,weighted_cvl,191,2294,962,1,0,0.0,0.036841305245544256,0.07572723748510043,0.03603010278111233,0.01,159,10,137
cast19,rr,60,0.01,uniform,192,2361,961,0,0,0.0,0.5761038937233595,0.07438763466117886,0.02294697304759223,0.01,159,10,137
cast19,rr,60,0.01,uniform_nz,192,2341,961,1,0,0.0,0.3192555456978656,0.07438763466117886,0.02294697304759223,0.01,159,10,137
cast19,rr,60,0.01,weighted,192,2326,961,1,0,0.0,0.07438763466117886,0.07438763466117886,0.02294697304759223,0.01,159,10,137
cast19,rr,60,0.01,active_judge,192,2347,961,0,0,0.0,0.16552471675731278,0.07438763466117886,0.02294697304759223,0.01,159,10,137
cast19,rr,60,0.01,strat_pilot,192,2307,961,0,0,0.0,0.07437033204887478,0.07438763466117886,0.02294697304759223,0.01,159,10,137
cast19,rr,60,0.01,weighted_cv,192,2300,961,1,0,0.0,0.0634855931009839,0.07438763466117886,0.02294697304759223,0.01,159,10,137
cast19,rr,60,0.01,active_cv,192,2300,961,0,0,0.0,0.14859548141685114,0.07438763466117886,0.02294697304759223,0.01,159,10,137
cast19,rr,60,0.01,weighted_cvl,192,2325,961,1,0,0.0,0.03968471771008666,0.07438763466117886,0.02294697304759223,0.01,159,10,137
cast19,rr,60,0.01,uniform,193,2870,964,0,0,0.0,0.29425339628828967,0.09278202018416773,0.040052025968988735,0.01,159,14,136
cast19,rr,60,0.01,uniform_nz,193,2865,964,0,0,0.0,0.19838846561949422,0.09278202018416773,0.040052025968988735,0.01,159,14,136
cast19,rr,60,0.01,weighted,193,2871,964,1,0,0.0,0.09278202018416773,0.09278202018416773,0.040052025968988735,0.01,159,14,136
cast19,rr,60,0.01,active_judge,193,2859,964,1,0,0.0,0.2794786319180834,0.09278202018416773,0.040052025968988735,0.01,159,14,136
cast19,rr,60,0.01,strat_pilot,193,2834,964,1,0,0.0,0.09282334864793454,0.09278202018416773,0.040052025968988735,0.01,159,14,136
cast19,rr,60,0.01,weighted_cv,193,2915,964,1,0,0.0,0.06151448668078783,0.09278202018416773,0.040052025968988735,0.01,159,14,136
cast19,rr,60,0.01,active_cv,193,2867,964,1,0,0.0,0.09625693416363976,0.09278202018416773,0.040052025968988735,0.01,159,14,136
cast19,rr,60,0.01,weighted_cvl,193,2881,964,1,0,0.0,0.05104629752496455,0.09278202018416773,0.040052025968988735,0.01,159,14,136
cast19,rr,60,0.01,uniform,194,2377,1028,0,0,0.0,0.5447435470977555,0.06272430301012605,0.03333521006483384,0.01,159,10,137
cast19,rr,60,0.01,uniform_nz,194,2372,1028,0,0,0.0,0.2982806457008932,0.06272430301012605,0.03333521006483384,0.01,159,10,137
cast19,rr,60,0.01,weighted,194,2410,1028,0,0,0.0,0.06272430301012605,0.06272430301012605,0.03333521006483384,0.01,159,10,137
cast19,rr,60,0.01,active_judge,194,2377,1028,0,0,0.0,0.11761106344084908,0.06272430301012605,0.03333521006483384,0.01,159,10,137
cast19,rr,60,0.01,strat_pilot,194,2375,1028,0,0,0.0,0.06272453955954817,0.06272430301012605,0.03333521006483384,0.01,159,10,137
cast19,rr,60,0.01,weighted_cv,194,2371,1028,0,0,0.0,0.05275108997819048,0.06272430301012605,0.03333521006483384,0.01,159,10,137
cast19,rr,60,0.01,active_cv,194,2400,1028,0,0,0.0,0.08240821915540925,0.06272430301012605,0.03333521006483384,0.01,159,10,137
cast19,rr,60,0.01,weighted_cvl,194,2377,1028,0,0,0.0,0.05275108997819048,0.06272430301012605,0.03333521006483384,0.01,159,10,137
cast19,rr,60,0.01,uniform,195,2898,1021,0,0,0.0,0.41373685367213575,0.0909519886948815,0.023681392069078835,0.01,159,14,136
cast19,rr,60,0.01,uniform_nz,195,2978,1021,0,0,0.0,0.2389112891223805,0.0909519886948815,0.023681392069078835,0.01,159,14,136
cast19,rr,60,0.01,weighted,195,2966,1021,1,0,0.0,0.0909519886948815,0.0909519886948815,0.023681392069078835,0.01,159,14,136
cast19,rr,60,0.01,active_judge,195,2930,1021,0,0,0.0,0.20567354622257406,0.0909519886948815,0.023681392069078835,0.01,159,14,136
cast19,rr,60,0.01,strat_pilot,195,2905,1021,1,0,0.0,0.09088963521107163,0.0909519886948815,0.023681392069078835,0.01,159,14,136
cast19,rr,60,0.01,weighted_cv,195,2905,1021,1,0,0.0,0.09470800672675864,0.0909519886948815,0.023681392069078835,0.01,159,14,136
cast19,rr,60,0.01,active_cv,195,2901,1021,1,0,0.0,0.14825188061089856,0.0909519886948815,0.023681392069078835,0.01,159,14,136
cast19,rr,60,0.01,weighted_cvl,195,2895,1021,1,0,0.0,0.047130211056731895,0.0909519886948815,0.023681392069078835,0.01,159,14,136
cast19,rr,60,0.01,uniform,196,2925,991,0,0,0.0,0.33767045972919296,0.11558595421030486,0.031290843063473975,0.01,159,14,136
cast19,rr,60,0.01,uniform_nz,196,2950,991,1,0,0.0,0.2025801393674543,0.11558595421030486,0.031290843063473975,0.01,159,14,136
cast19,rr,60,0.01,weighted,196,2884,991,1,0,0.0,0.11558595421030486,0.11558595421030486,0.031290843063473975,0.01,159,14,136
cast19,rr,60,0.01,active_judge,196,2915,991,0,0,0.0,0.2408648525708712,0.11558595421030486,0.031290843063473975,0.01,159,14,136
cast19,rr,60,0.01,strat_pilot,196,2860,991,1,0,0.0,0.11559607513425792,0.11558595421030486,0.031290843063473975,0.01,159,14,136
cast19,rr,60,0.01,weighted_cv,196,2892,991,1,0,0.0,0.1332405069584694,0.11558595421030486,0.031290843063473975,0.01,159,14,136
cast19,rr,60,0.01,active_cv,196,2882,991,1,0,0.0,0.22973958335483707,0.11558595421030486,0.031290843063473975,0.01,159,14,136
cast19,rr,60,0.01,weighted_cvl,196,2909,991,1,0,0.0,0.11764536481899086,0.11558595421030486,0.031290843063473975,0.01,159,14,136
cast19,rr,60,0.01,uniform,197,2302,930,0,0,0.01536475500397333,0.746240612855577,0.0836454515125868,0.021455579696847027,-0.005364755003973329,159,10,137
cast19,rr,60,0.01,uniform_nz,197,2296,930,0,0,0.01536475500397333,0.2996523987212736,0.0836454515125868,0.021455579696847027,-0.005364755003973329,159,10,137
cast19,rr,60,0.01,weighted,197,2257,930,0,0,0.01536475500397333,0.0836454515125868,0.0836454515125868,0.021455579696847027,-0.005364755003973329,159,10,137
cast19,rr,60,0.01,active_judge,197,2273,930,0,0,0.01536475500397333,0.199389654795123,0.0836454515125868,0.021455579696847027,-0.005364755003973329,159,10,137
cast19,rr,60,0.01,strat_pilot,197,2338,930,0,0,0.01536475500397333,0.08361297019542076,0.0836454515125868,0.021455579696847027,-0.005364755003973329,159,10,137
cast19,rr,60,0.01,weighted_cv,197,2294,930,0,0,0.01536475500397333,0.08002794495410433,0.0836454515125868,0.021455579696847027,-0.005364755003973329,159,10,137
cast19,rr,60,0.01,active_cv,197,2322,930,0,0,0.01536475500397333,0.10363763488250585,0.0836454515125868,0.021455579696847027,-0.005364755003973329,159,10,137
cast19,rr,60,0.01,weighted_cvl,197,2295,930,0,0,0.01536475500397333,0.0707177034858526,0.0836454515125868,0.021455579696847027,-0.005364755003973329,159,10,137
cast19,rr,60,0.01,uniform,198,2347,980,0,0,0.0,0.10167273109028876,0.03534948403389426,0.0176442315163038,0.01,159,10,138
cast19,rr,60,0.01,uniform_nz,198,2389,980,0,0,0.0,0.043527165466569616,0.03534948403389426,0.0176442315163038,0.01,159,10,138
cast19,rr,60,0.01,weighted,198,2390,980,1,0,0.0,0.03534948403389426,0.03534948403389426,0.0176442315163038,0.01,159,10,138
cast19,rr,60,0.01,active_judge,198,2343,980,1,0,0.0,0.0920711700668825,0.03534948403389426,0.0176442315163038,0.01,159,10,138
cast19,rr,60,0.01,strat_pilot,198,2319,980,1,0,0.0,0.03530097828055907,0.03534948403389426,0.0176442315163038,0.01,159,10,138
cast19,rr,60,0.01,weighted_cv,198,2368,980,1,0,0.0,0.0431637272511707,0.03534948403389426,0.0176442315163038,0.01,159,10,138
cast19,rr,60,0.01,active_cv,198,2373,980,1,0,0.0,0.06608706514839816,0.03534948403389426,0.0176442315163038,0.01,159,10,138
cast19,rr,60,0.01,weighted_cvl,198,2407,980,1,0,0.0,0.0431637272511707,0.03534948403389426,0.0176442315163038,0.01,159,10,138
cast19,rr,60,0.01,uniform,199,2872,981,0,0,0.00898338745149685,0.26301903314226616,0.09796653982316914,0.022180225089667823,0.001016612548503151,159,14,136
cast19,rr,60,0.01,uniform_nz,199,2841,981,0,0,0.00898338745149685,0.17877932725961396,0.09796653982316914,0.022180225089667823,0.001016612548503151,159,14,136
cast19,rr,60,0.01,weighted,199,2944,981,0,0,0.00898338745149685,0.09796653982316914,0.09796653982316914,0.022180225089667823,0.001016612548503151,159,14,136
cast19,rr,60,0.01,active_judge,199,2862,981,0,0,0.00898338745149685,0.20623208247307884,0.09796653982316914,0.022180225089667823,0.001016612548503151,159,14,136
cast19,rr,60,0.01,strat_pilot,199,2967,981,0,0,0.00898338745149685,0.09790910353828704,0.09796653982316914,0.022180225089667823,0.001016612548503151,159,14,136
cast19,rr,60,0.01,weighted_cv,199,2907,981,0,0,0.00898338745149685,0.07883517131711068,0.09796653982316914,0.022180225089667823,0.001016612548503151,159,14,136
cast19,rr,60,0.01,active_cv,199,2902,981,0,0,0.00898338745149685,0.13180822662657038,0.09796653982316914,0.022180225089667823,0.001016612548503151,159,14,136
cast19,rr,60,0.01,weighted_cvl,199,2875,981,0,0,0.00898338745149685,0.05552572566898879,0.09796653982316914,0.022180225089667823,0.001016612548503151,159,14,136
cast19,rr,60,0.01,uniform,200,2369,939,0,0,0.0,0.6283276907493122,0.06480202146666034,0.02176042237381247,0.01,159,10,137
cast19,rr,60,0.01,uniform_nz,200,2295,939,1,0,0.0,0.25977869443117796,0.06480202146666034,0.02176042237381247,0.01,159,10,137
cast19,rr,60,0.01,weighted,200,2303,939,0,0,0.0,0.06480202146666034,0.06480202146666034,0.02176042237381247,0.01,159,10,137
cast19,rr,60,0.01,active_judge,200,2298,939,0,0,0.0,0.13682840417203576,0.06480202146666034,0.02176042237381247,0.01,159,10,137
cast19,rr,60,0.01,strat_pilot,200,2341,939,0,0,0.0,0.06482110119666884,0.06480202146666034,0.02176042237381247,0.01,159,10,137
cast19,rr,60,0.01,weighted_cv,200,2277,939,0,0,0.0,0.0670969413461471,0.06480202146666034,0.02176042237381247,0.01,159,10,137
cast19,rr,60,0.01,active_cv,200,2290,939,0,0,0.0,0.12590577592622668,0.06480202146666034,0.02176042237381247,0.01,159,10,137
cast19,rr,60,0.01,weighted_cvl,200,2333,939,1,0,0.0,0.03868584970460326,0.06480202146666034,0.02176042237381247,0.01,159,10,137
cast19,rr,60,0.01,uniform,201,2887,980,0,0,0.0,0.815587608800471,0.11528956101402946,0.013226973802808371,0.01,159,14,136
cast19,rr,60,0.01,uniform_nz,201,2910,980,0,0,0.0,0.5213256400401614,0.11528956101402946,0.013226973802808371,0.01,159,14,136
cast19,rr,60,0.01,weighted,201,2899,980,0,0,0.0,0.11528956101402946,0.11528956101402946,0.013226973802808371,0.01,159,14,136
cast19,rr,60,0.01,active_judge,201,2875,980,0,0,0.0,0.3203881980272859,0.11528956101402946,0.013226973802808371,0.01,159,14,136
cast19,rr,60,0.01,strat_pilot,201,2906,980,0,0,0.0,0.1152326473572586,0.11528956101402946,0.013226973802808371,0.01,159,14,136
cast19,rr,60,0.01,weighted_cv,201,2916,980,0,0,0.0,0.14799273682760866,0.11528956101402946,0.013226973802808371,0.01,159,14,136
cast19,rr,60,0.01,active_cv,201,2892,980,0,0,0.0,0.2429518787845472,0.11528956101402946,0.013226973802808371,0.01,159,14,136
cast19,rr,60,0.01,weighted_cvl,201,2875,980,0,0,0.0,0.09654739466990754,0.11528956101402946,0.013226973802808371,0.01,159,14,136
cast19,rr,60,0.01,uniform,202,2419,967,0,0,0.0,0.5008961231678446,0.0927977472634089,0.033792998076565856,0.01,159,10,138
cast19,rr,60,0.01,uniform_nz,202,2362,967,1,0,0.0,0.21132885042654131,0.0927977472634089,0.033792998076565856,0.01,159,10,138
cast19,rr,60,0.01,weighted,202,2344,967,1,0,0.0,0.0927977472634089,0.0927977472634089,0.033792998076565856,0.01,159,10,138
cast19,rr,60,0.01,active_judge,202,2344,967,1,0,0.0,0.22401381151126526,0.0927977472634089,0.033792998076565856,0.01,159,10,138
cast19,rr,60,0.01,strat_pilot,202,2372,967,1,0,0.0,0.09274402690720222,0.0927977472634089,0.033792998076565856,0.01,159,10,138
cast19,rr,60,0.01,weighted_cv,202,2339,967,0,0,0.0,0.08612110315468682,0.0927977472634089,0.033792998076565856,0.01,159,10,138
cast19,rr,60,0.01,active_cv,202,2330,967,1,0,0.0,0.13460657391544056,0.0927977472634089,0.033792998076565856,0.01,159,10,138
cast19,rr,60,0.01,weighted_cvl,202,2336,967,1,0,0.0,0.08612110315468682,0.0927977472634089,0.033792998076565856,0.01,159,10,138
cast19,rr,60,0.01,uniform,203,2350,930,0,0,0.0,0.192389898254619,0.05562640102126708,0.06633781006575125,0.01,159,10,137
cast19,rr,60,0.01,uniform_nz,203,2302,930,0,0,0.0,0.10082868322804664,0.05562640102126708,0.06633781006575125,0.01,159,10,137
cast19,rr,60,0.01,weighted,203,2320,930,0,0,0.0,0.05562640102126708,0.05562640102126708,0.06633781006575125,0.01,159,10,137
cast19,rr,60,0.01,active_judge,203,2307,930,0,0,0.0,0.14136277786990778,0.05562640102126708,0.06633781006575125,0.01,159,10,137
cast19,rr,60,0.01,strat_pilot,203,2287,930,0,0,0.0,0.05513626771980233,0.05562640102126708,0.06633781006575125,0.01,159,10,137
cast19,rr,60,0.01,weighted_cv,203,2272,930,1,0,0.0,0.07938341350775444,0.05562640102126708,0.06633781006575125,0.01,159,10,137
cast19,rr,60,0.01,active_cv,203,2290,930,1,0,0.0,0.11811781426382077,0.05562640102126708,0.06633781006575125,0.01,159,10,137
cast19,rr,60,0.01,weighted_cvl,203,2324,930,1,0,0.0,0.04794049506888923,0.05562640102126708,0.06633781006575125,0.01,159,10,137
cast19,rr,60,0.01,uniform,204,2357,978,0,0,0.0,0.3884673372149577,0.07196434993524947,0.030546551485752943,0.01,159,10,137
cast19,rr,60,0.01,uniform_nz,204,2304,978,0,0,0.0,0.17677993554541704,0.07196434993524947,0.030546551485752943,0.01,159,10,137
cast19,rr,60,0.01,weighted,204,2298,978,1,0,0.0,0.07196434993524947,0.07196434993524947,0.030546551485752943,0.01,159,10,137
cast19,rr,60,0.01,active_judge,204,2340,978,0,0,0.0,0.18075246740605527,0.07196434993524947,0.030546551485752943,0.01,159,10,137
cast19,rr,60,0.01,strat_pilot,204,2365,978,1,0,0.0,0.07195343030771466,0.07196434993524947,0.030546551485752943,0.01,159,10,137
cast19,rr,60,0.01,weighted_cv,204,2354,978,0,0,0.0,0.07173459468188256,0.07196434993524947,0.030546551485752943,0.01,159,10,137
cast19,rr,60,0.01,active_cv,204,2325,978,1,0,0.0,0.10988990246918018,0.07196434993524947,0.030546551485752943,0.01,159,10,137
cast19,rr,60,0.01,weighted_cvl,204,2327,978,1,0,0.0,0.03717712103640462,0.07196434993524947,0.030546551485752943,0.01,159,10,137
cast19,rr,60,0.01,uniform,205,2061,979,0,0,0.0,0.10554917055816829,0.031346084973589226,0.04116032771837726,0.01,159,8,137
cast19,rr,60,0.01,uniform_nz,205,2108,979,0,0,0.0,0.03340718002235434,0.031346084973589226,0.04116032771837726,0.01,159,8,137
cast19,rr,60,0.01,weighted,205,2026,979,1,0,0.0,0.031346084973589226,0.031346084973589226,0.04116032771837726,0.01,159,8,137
cast19,rr,60,0.01,active_judge,205,2061,979,1,0,0.0,0.07774612471649625,0.031346084973589226,0.04116032771837726,0.01,159,8,137
cast19,rr,60,0.01,strat_pilot,205,2069,979,0,0,0.0,0.031150256855384133,0.031346084973589226,0.04116032771837726,0.01,159,8,137
cast19,rr,60,0.01,weighted_cv,205,2042,979,1,0,0.0,0.05758690621283099,0.031346084973589226,0.04116032771837726,0.01,159,8,137
cast19,rr,60,0.01,active_cv,205,2083,979,1,0,0.0,0.08891037305427094,0.031346084973589226,0.04116032771837726,0.01,159,8,137
cast19,rr,60,0.01,weighted_cvl,205,2085,979,0,0,0.0,0.023726122121718034,0.031346084973589226,0.04116032771837726,0.01,159,8,137
cast19,rr,60,0.01,uniform,206,2917,1036,0,0,0.0,0.1831750968458387,0.0917573161461395,0.0353859365991719,0.01,159,14,136
cast19,rr,60,0.01,uniform_nz,206,2980,1036,1,0,0.0,0.1139490150467232,0.0917573161461395,0.0353859365991719,0.01,159,14,136
cast19,rr,60,0.01,weighted,206,3006,1036,1,0,0.0,0.0917573161461395,0.0917573161461395,0.0353859365991719,0.01,159,14,136
cast19,rr,60,0.01,active_judge,206,2901,1036,0,0,0.0,0.18332108607806427,0.0917573161461395,0.0353859365991719,0.01,159,14,136
cast19,rr,60,0.01,strat_pilot,206,2928,1036,1,0,0.0,0.09205063266000364,0.0917573161461395,0.0353859365991719,0.01,159,14,136
cast19,rr,60,0.01,weighted_cv,206,2922,1036,1,0,0.0,0.12251211962713512,0.0917573161461395,0.0353859365991719,0.01,159,14,136
cast19,rr,60,0.01,active_cv,206,2899,1036,1,0,0.0,0.27938546340512993,0.0917573161461395,0.0353859365991719,0.01,159,14,136
cast19,rr,60,0.01,weighted_cvl,206,2912,1036,1,0,0.0,0.09049643846008684,0.0917573161461395,0.0353859365991719,0.01,159,14,136
cast19,rr,60,0.01,uniform,207,2307,951,0,0,0.0,1.0528096855231797,0.06416347402115613,0.04271956530554592,0.01,159,10,137
cast19,rr,60,0.01,uniform_nz,207,2302,951,0,0,0.0,0.4850508111157709,0.06416347402115613,0.04271956530554592,0.01,159,10,137
cast19,rr,60,0.01,weighted,207,2359,951,0,0,0.0,0.06416347402115613,0.06416347402115613,0.04271956530554592,0.01,159,10,137
cast19,rr,60,0.01,active_judge,207,2321,951,0,0,0.0,0.14837429534415397,0.06416347402115613,0.04271956530554592,0.01,159,10,137
cast19,rr,60,0.01,strat_pilot,207,2305,951,0,0,0.0,0.0641172596111188,0.06416347402115613,0.04271956530554592,0.01,159,10,137
cast19,rr,60,0.01,weighted_cv,207,2234,951,1,0,0.0,0.06380389237853329,0.06416347402115613,0.04271956530554592,0.01,159,10,137
cast19,rr,60,0.01,active_cv,207,2348,951,0,0,0.0,0.11146893433829608,0.06416347402115613,0.04271956530554592,0.01,159,10,137
cast19,rr,60,0.01,weighted_cvl,207,2346,951,0,0,0.0,0.04755952884296274,0.06416347402115613,0.04271956530554592,0.01,159,10,137
cast19,rr,60,0.01,uniform,208,2275,949,0,0,0.005718588029664462,0.05779440398902543,0.023992042211006943,0.02677556413574684,0.004281411970335538,159,10,137
cast19,rr,60,0.01,uniform_nz,208,2324,949,0,0,0.005718588029664462,0.02885476554451031,0.023992042211006943,0.02677556413574684,0.004281411970335538,159,10,137
cast19,rr,60,0.01,weighted,208,2293,949,1,0,0.005718588029664462,0.023992042211006943,0.023992042211006943,0.02677556413574684,0.004281411970335538,159,10,137
cast19,rr,60,0.01,active_judge,208,2288,949,0,0,0.005718588029664462,0.08265258164420737,0.023992042211006943,0.02677556413574684,0.004281411970335538,159,10,137
cast19,rr,60,0.01,strat_pilot,208,2300,949,0,0,0.005718588029664462,0.023641465050629452,0.023992042211006943,0.02677556413574684,0.004281411970335538,159,10,137
cast19,rr,60,0.01,weighted_cv,208,2357,949,0,0,0.005718588029664462,0.05043480491683392,0.023992042211006943,0.02677556413574684,0.004281411970335538,159,10,137
cast19,rr,60,0.01,active_cv,208,2320,949,0,0,0.005718588029664462,0.09594561933041586,0.023992042211006943,0.02677556413574684,0.004281411970335538,159,10,137
cast19,rr,60,0.01,weighted_cvl,208,2346,949,0,0,0.005718588029664462,0.04142184867038255,0.023992042211006943,0.02677556413574684,0.004281411970335538,159,10,137
cast19,rr,60,0.01,uniform,209,2886,967,0,0,0.0,0.4482019864840465,0.18131425247205066,0.016387466347285974,0.01,159,14,136
cast19,rr,60,0.01,uniform_nz,209,2825,967,1,0,0.0,0.29251387514661153,0.18131425247205066,0.016387466347285974,0.01,159,14,136
cast19,rr,60,0.01,weighted,209,2878,967,1,0,0.0,0.18131425247205066,0.18131425247205066,0.016387466347285974,0.01,159,14,136
cast19,rr,60,0.01,active_judge,209,2843,967,1,0,0.0,0.4078719259743003,0.18131425247205066,0.016387466347285974,0.01,159,14,136
cast19,rr,60,0.01,strat_pilot,209,2906,967,1,0,0.0,0.18134023086447787,0.18131425247205066,0.016387466347285974,0.01,159,14,136
cast19,rr,60,0.01,weighted_cv,209,2865,967,1,0,0.0,0.11120592137116589,0.18131425247205066,0.016387466347285974,0.01,159,14,136
cast19,rr,60,0.01,active_cv,209,2864,967,1,0,0.0,0.16199414770858453,0.18131425247205066,0.016387466347285974,0.01,159,14,136
cast19,rr,60,0.01,weighted_cvl,209,2806,967,1,0,0.0,0.07711354217708835,0.18131425247205066,0.016387466347285974,0.01,159,14,136
cast19,rr,60,0.01,uniform,210,2895,959,0,0,0.0,0.22839787093067207,0.08666821030139842,0.02076797634634526,0.01,159,14,136
cast19,rr,60,0.01,uniform_nz,210,2926,959,0,0,0.0,0.12890505831402552,0.08666821030139842,0.02076797634634526,0.01,159,14,136
cast19,rr,60,0.01,weighted,210,2858,959,1,0,0.0,0.08666821030139842,0.08666821030139842,0.02076797634634526,0.01,159,14,136
cast19,rr,60,0.01,active_judge,210,2831,959,0,0,0.0,0.22752256159170833,0.08666821030139842,0.02076797634634526,0.01,159,14,136
cast19,rr,60,0.01,strat_pilot,210,2891,959,1,0,0.0,0.08666636027611466,0.08666821030139842,0.02076797634634526,0.01,159,14,136
cast19,rr,60,0.01,weighted_cv,210,2847,959,1,0,0.0,0.1038942929288115,0.08666821030139842,0.02076797634634526,0.01,159,14,136
cast19,rr,60,0.01,active_cv,210,2865,959,0,0,0.0,0.1500415595672719,0.08666821030139842,0.02076797634634526,0.01,159,14,136
cast19,rr,60,0.01,weighted_cvl,210,2840,959,0,0,0.0,0.06485309908541105,0.08666821030139842,0.02076797634634526,0.01,159,14,136
cast19,rr,60,0.01,uniform,211,2483,1077,0,0,0.013311443148607827,0.1425872340293423,0.04895237904329388,0.02677254027261919,-0.0033114431486078264,159,10,138
cast19,rr,60,0.01,uniform_nz,211,2427,1077,0,0,0.013311443148607827,0.05723561142986753,0.04895237904329388,0.02677254027261919,-0.0033114431486078264,159,10,138
cast19,rr,60,0.01,weighted,211,2453,1077,0,0,0.013311443148607827,0.04895237904329388,0.04895237904329388,0.02677254027261919,-0.0033114431486078264,159,10,138
cast19,rr,60,0.01,active_judge,211,2426,1077,0,0,0.013311443148607827,0.0957368034644861,0.04895237904329388,0.02677254027261919,-0.0033114431486078264,159,10,138
cast19,rr,60,0.01,strat_pilot,211,2470,1077,0,0,0.013311443148607827,0.04888867681928245,0.04895237904329388,0.02677254027261919,-0.0033114431486078264,159,10,138
cast19,rr,60,0.01,weighted_cv,211,2437,1077,0,0,0.013311443148607827,0.04327800289568818,0.04895237904329388,0.02677254027261919,-0.0033114431486078264,159,10,138
cast19,rr,60,0.01,active_cv,211,2479,1077,0,0,0.013311443148607827,0.07115961714840373,0.04895237904329388,0.02677254027261919,-0.0033114431486078264,159,10,138
cast19,rr,60,0.01,weighted_cvl,211,2470,1077,0,0,0.013311443148607827,0.03985645184551469,0.04895237904329388,0.02677254027261919,-0.0033114431486078264,159,10,138
cast19,rr,60,0.01,uniform,212,2347,983,0,0,0.0,0.333301344767077,0.043744274938487857,0.024413077128297885,0.01,159,10,137
cast19,rr,60,0.01,uniform_nz,212,2355,983,0,0,0.0,0.14520850276467348,0.043744274938487857,0.024413077128297885,0.01,159,10,137
cast19,rr,60,0.01,weighted,212,2317,983,0,0,0.0,0.043744274938487857,0.043744274938487857,0.024413077128297885,0.01,159,10,137
cast19,rr,60,0.01,active_judge,212,2360,983,0,0,0.0,0.10549532057302377,0.043744274938487857,0.024413077128297885,0.01,159,10,137
cast19,rr,60,0.01,strat_pilot,212,2327,983,0,0,0.0,0.04367230614161706,0.043744274938487857,0.024413077128297885,0.01,159,10,137
cast19,rr,60,0.01,weighted_cv,212,2367,983,0,0,0.0,0.04658242416816081,0.043744274938487857,0.024413077128297885,0.01,159,10,137
cast19,rr,60,0.01,active_cv,212,2345,983,0,0,0.0,0.07363128924099502,0.043744274938487857,0.024413077128297885,0.01,159,10,137
cast19,rr,60,0.01,weighted_cvl,212,2338,983,1,0,0.0,0.032368012629508634,0.043744274938487857,0.024413077128297885,0.01,159,10,137
cast19,rr,60,0.01,uniform,213,2325,991,0,0,0.0,0.14544629193164565,0.06293904205280129,0.013448483209319118,0.01,159,10,137
cast19,rr,60,0.01,uniform_nz,213,2348,991,0,0,0.0,0.07209114939190628,0.06293904205280129,0.013448483209319118,0.01,159,10,137
cast19,rr,60,0.01,weighted,213,2292,991,1,0,0.0,0.06293904205280129,0.06293904205280129,0.013448483209319118,0.01,159,10,137
cast19,rr,60,0.01,active_judge,213,2330,991,0,0,0.0,0.10674182538221588,0.06293904205280129,0.013448483209319118,0.01,159,10,137
cast19,rr,60,0.01,strat_pilot,213,2314,991,0,0,0.0,0.06290821824865771,0.06293904205280129,0.013448483209319118,0.01,159,10,137
cast19,rr,60,0.01,weighted_cv,213,2366,991,1,0,0.0,0.06119378428678034,0.06293904205280129,0.013448483209319118,0.01,159,10,137
cast19,rr,60,0.01,active_cv,213,2342,991,0,0,0.0,0.09315220816064708,0.06293904205280129,0.013448483209319118,0.01,159,10,137
cast19,rr,60,0.01,weighted_cvl,213,2357,991,1,0,0.0,0.03371043283970974,0.06293904205280129,0.013448483209319118,0.01,159,10,137
cast19,rr,60,0.01,uniform,214,2896,1002,0,0,0.0,0.2014881196488585,0.09197787132587147,0.008659221694808577,0.01,159,14,136
cast19,rr,60,0.01,uniform_nz,214,2926,1002,0,0,0.0,0.12699456638588105,0.09197787132587147,0.008659221694808577,0.01,159,14,136
cast19,rr,60,0.01,weighted,214,2880,1002,1,0,0.0,0.09197787132587147,0.09197787132587147,0.008659221694808577,0.01,159,14,136
cast19,rr,60,0.01,active_judge,214,2869,1002,1,0,0.0,0.21572142369959257,0.09197787132587147,0.008659221694808577,0.01,159,14,136
cast19,rr,60,0.01,strat_pilot,214,2906,1002,1,0,0.0,0.09197715888410021,0.09197787132587147,0.008659221694808577,0.01,159,14,136
cast19,rr,60,0.01,weighted_cv,214,2893,1002,1,0,0.0,0.08583231208850334,0.09197787132587147,0.008659221694808577,0.01,159,14,136
cast19,rr,60,0.01,active_cv,214,2864,1002,1,0,0.0,0.13973786232864752,0.09197787132587147,0.008659221694808577,0.01,159,14,136
cast19,rr,60,0.01,weighted_cvl,214,2935,1002,1,0,0.0,0.046127819215027115,0.09197787132587147,0.008659221694808577,0.01,159,14,136
cast19,rr,60,0.01,uniform,215,2297,968,0,0,0.0,0.44737594153462973,0.08719510586508283,0.02889481956238922,0.01,159,10,137
cast19,rr,60,0.01,uniform_nz,215,2336,968,0,0,0.0,0.20606980640268682,0.08719510586508283,0.02889481956238922,0.01,159,10,137
cast19,rr,60,0.01,weighted,215,2350,968,0,0,0.0,0.08719510586508283,0.08719510586508283,0.02889481956238922,0.01,159,10,137
cast19,rr,60,0.01,active_judge,215,2340,968,0,0,0.0,0.21453307777994354,0.08719510586508283,0.02889481956238922,0.01,159,10,137
cast19,rr,60,0.01,strat_pilot,215,2361,968,0,0,0.0,0.08715025953737825,0.08719510586508283,0.02889481956238922,0.01,159,10,137
cast19,rr,60,0.01,weighted_cv,215,2312,968,1,0,0.0,0.060105392410820115,0.08719510586508283,0.02889481956238922,0.01,159,10,137
cast19,rr,60,0.01,active_cv,215,2307,968,0,0,0.0,0.09111856679475047,0.08719510586508283,0.02889481956238922,0.01,159,10,137
cast19,rr,60,0.01,weighted_cvl,215,2337,968,1,0,0.0,0.05309522487765115,0.08719510586508283,0.02889481956238922,0.01,159,10,137
cast19,rr,60,0.01,uniform,216,2275,919,0,0,0.0,0.36765340003831043,0.09537714436019218,0.044192449921939096,0.01,159,10,137
cast19,rr,60,0.01,uniform_nz,216,2325,919,0,0,0.0,0.16904988372695517,0.09537714436019218,0.044192449921939096,0.01,159,10,137
cast19,rr,60,0.01,weighted,216,2279,919,1,0,0.0,0.09537714436019218,0.09537714436019218,0.044192449921939096,0.01,159,10,137
cast19,rr,60,0.01,active_judge,216,2248,919,1,0,0.0,0.282562843004876,0.09537714436019218,0.044192449921939096,0.01,159,10,137
cast19,rr,60,0.01,strat_pilot,216,2307,919,1,0,0.0,0.09545636510541741,0.09537714436019218,0.044192449921939096,0.01,159,10,137
cast19,rr,60,0.01,weighted_cv,216,2305,919,1,0,0.0,0.07453039789070323,0.09537714436019218,0.044192449921939096,0.01,159,10,137
cast19,rr,60,0.01,active_cv,216,2267,919,1,0,0.0,0.11722764710909335,0.09537714436019218,0.044192449921939096,0.01,159,10,137
cast19,rr,60,0.01,weighted_cvl,216,2236,919,1,0,0.0,0.04778077773568729,0.09537714436019218,0.044192449921939096,0.01,159,10,137
cast19,rr,60,0.01,uniform,217,2293,887,0,0,0.008928995079177715,0.21359447356676586,0.0604091420043558,0.022206708961235146,0.0010710049208222851,159,10,137
cast19,rr,60,0.01,uniform_nz,217,2299,887,0,0,0.008928995079177715,0.08323003101375422,0.0604091420043558,0.022206708961235146,0.0010710049208222851,159,10,137
cast19,rr,60,0.01,weighted,217,2274,887,0,0,0.008928995079177715,0.0604091420043558,0.0604091420043558,0.022206708961235146,0.0010710049208222851,159,10,137
cast19,rr,60,0.01,active_judge,217,2298,887,0,0,0.008928995079177715,0.15606433517653287,0.0604091420043558,0.022206708961235146,0.0010710049208222851,159,10,137
cast19,rr,60,0.01,strat_pilot,217,2225,887,0,0,0.008928995079177715,0.060425856573140736,0.0604091420043558,0.022206708961235146,0.0010710049208222851,159,10,137
cast19,rr,60,0.01,weighted_cv,217,2229,887,0,0,0.008928995079177715,0.06638752160213957,0.0604091420043558,0.022206708961235146,0.0010710049208222851,159,10,137
cast19,rr,60,0.01,active_cv,217,2252,887,0,0,0.008928995079177715,0.09808824810749638,0.0604091420043558,0.022206708961235146,0.0010710049208222851,159,10,137
cast19,rr,60,0.01,weighted_cvl,217,2279,887,0,0,0.008928995079177715,0.0336612424629224,0.0604091420043558,0.022206708961235146,0.0010710049208222851,159,10,137
cast19,rr,60,0.01,uniform,218,2329,909,0,0,0.011417597520054168,0.10791703581186511,0.04703033975725905,0.017710639482412242,-0.0014175975200541677,159,10,137
cast19,rr,60,0.01,uniform_nz,218,2305,909,0,0,0.011417597520054168,0.06120102479225307,0.04703033975725905,0.017710639482412242,-0.0014175975200541677,159,10,137
cast19,rr,60,0.01,weighted,218,2261,909,0,0,0.011417597520054168,0.04703033975725905,0.04703033975725905,0.017710639482412242,-0.0014175975200541677,159,10,137
cast19,rr,60,0.01,active_judge,218,2274,909,0,0,0.011417597520054168,0.12326890548727856,0.04703033975725905,0.017710639482412242,-0.0014175975200541677,159,10,137
cast19,rr,60,0.01,strat_pilot,218,2307,909,0,0,0.011417597520054168,0.04692366366745894,0.04703033975725905,0.017710639482412242,-0.0014175975200541677,159,10,137
cast19,rr,60,0.01,weighted_cv,218,2266,909,0,0,0.011417597520054168,0.047102485100139126,0.04703033975725905,0.017710639482412242,-0.0014175975200541677,159,10,137
cast19,rr,60,0.01,active_cv,218,2263,909,0,0,0.011417597520054168,0.07004007273878268,0.04703033975725905,0.017710639482412242,-0.0014175975200541677,159,10,137
cast19,rr,60,0.01,weighted_cvl,218,2305,909,0,0,0.011417597520054168,0.04407153654925542,0.04703033975725905,0.017710639482412242,-0.0014175975200541677,159,10,137
cast19,rr,60,0.01,uniform,219,2907,997,0,0,0.0,0.4392375149256109,0.1517238254427403,0.050710366083264465,0.01,159,14,136
cast19,rr,60,0.01,uniform_nz,219,2862,997,0,0,0.0,0.2992768832150368,0.1517238254427403,0.050710366083264465,0.01,159,14,136
cast19,rr,60,0.01,weighted,219,2869,997,1,0,0.0,0.1517238254427403,0.1517238254427403,0.050710366083264465,0.01,159,14,136
cast19,rr,60,0.01,active_judge,219,2898,997,0,0,0.0,0.3762971642315433,0.1517238254427403,0.050710366083264465,0.01,159,14,136
cast19,rr,60,0.01,strat_pilot,219,2879,997,1,0,0.0,0.1518633879881439,0.1517238254427403,0.050710366083264465,0.01,159,14,136
cast19,rr,60,0.01,weighted_cv,219,2879,997,1,0,0.0,0.09765084750148778,0.1517238254427403,0.050710366083264465,0.01,159,14,136
cast19,rr,60,0.01,active_cv,219,2901,997,1,0,0.0,0.1509012215882762,0.1517238254427403,0.050710366083264465,0.01,159,14,136
cast19,rr,60,0.01,weighted_cvl,219,2868,997,1,0,0.0,0.08146461104118305,0.1517238254427403,0.050710366083264465,0.01,159,14,136
cast19,rr,60,0.01,uniform,220,2329,988,0,0,0.0,0.20736485554971776,0.051382552584727834,0.02520355724597547,0.01,159,10,137
cast19,rr,60,0.01,uniform_nz,220,2362,988,0,0,0.0,0.09676216815820703,0.051382552584727834,0.02520355724597547,0.01,159,10,137
cast19,rr,60,0.01,weighted,220,2390,988,1,0,0.0,0.051382552584727834,0.051382552584727834,0.02520355724597547,0.01,159,10,137
cast19,rr,60,0.01,active_judge,220,2366,988,0,0,0.0,0.13314967982681045,0.051382552584727834,0.02520355724597547,0.01,159,10,137
cast19,rr,60,0.01,strat_pilot,220,2367,988,0,0,0.0,0.05112567525663401,0.051382552584727834,0.02520355724597547,0.01,159,10,137
cast19,rr,60,0.01,weighted_cv,220,2345,988,0,0,0.0,0.0643979339462473,0.051382552584727834,0.02520355724597547,0.01,159,10,137
cast19,rr,60,0.01,active_cv,220,2353,988,1,0,0.0,0.11595680590952959,0.051382552584727834,0.02520355724597547,0.01,159,10,137
cast19,rr,60,0.01,weighted_cvl,220,2354,988,1,0,0.0,0.055057858134408645,0.051382552584727834,0.02520355724597547,0.01,159,10,137
cast19,rr,60,0.01,uniform,221,2285,951,0,0,0.0015825561723025183,0.21372507307975716,0.04880054747559226,0.010676183704720522,0.008417443827697482,159,10,137
cast19,rr,60,0.01,uniform_nz,221,2351,951,0,0,0.0015825561723025183,0.09561335157752557,0.04880054747559226,0.010676183704720522,0.008417443827697482,159,10,137
cast19,rr,60,0.01,weighted,221,2274,951,0,0,0.0015825561723025183,0.04880054747559226,0.04880054747559226,0.010676183704720522,0.008417443827697482,159,10,137
cast19,rr,60,0.01,active_judge,221,2337,951,0,0,0.0015825561723025183,0.14579601976503137,0.04880054747559226,0.010676183704720522,0.008417443827697482,159,10,137
cast19,rr,60,0.01,strat_pilot,221,2340,951,0,0,0.0015825561723025183,0.04855891192810376,0.04880054747559226,0.010676183704720522,0.008417443827697482,159,10,137
cast19,rr,60,0.01,weighted_cv,221,2351,951,0,0,0.0015825561723025183,0.052429371077364895,0.04880054747559226,0.010676183704720522,0.008417443827697482,159,10,137
cast19,rr,60,0.01,active_cv,221,2291,951,0,0,0.0015825561723025183,0.08050914726209862,0.04880054747559226,0.010676183704720522,0.008417443827697482,159,10,137
cast19,rr,60,0.01,weighted_cvl,221,2323,951,0,0,0.0015825561723025183,0.04384981198977526,0.04880054747559226,0.010676183704720522,0.008417443827697482,159,10,137
cast19,rr,60,0.01,uniform,222,2109,980,0,0,0.0,0.1265868492228524,0.03421874966049669,0.01988921972457778,0.01,159,8,137
cast19,rr,60,0.01,uniform_nz,222,2059,980,1,0,0.0,0.037662893791493623,0.03421874966049669,0.01988921972457778,0.01,159,8,137
cast19,rr,60,0.01,weighted,222,2083,980,1,0,0.0,0.03421874966049669,0.03421874966049669,0.01988921972457778,0.01,159,8,137
cast19,rr,60,0.01,active_judge,222,2030,980,0,0,0.0,0.07380617865709645,0.03421874966049669,0.01988921972457778,0.01,159,8,137
cast19,rr,60,0.01,strat_pilot,222,2073,980,1,0,0.0,0.03397860329421837,0.03421874966049669,0.01988921972457778,0.01,159,8,137
cast19,rr,60,0.01,weighted_cv,222,2029,980,1,0,0.0,0.05374176927271383,0.03421874966049669,0.01988921972457778,0.01,159,8,137
cast19,rr,60,0.01,active_cv,222,2078,980,0,0,0.0,0.07471452557113033,0.03421874966049669,0.01988921972457778,0.01,159,8,137
cast19,rr,60,0.01,weighted_cvl,222,2078,980,1,0,0.0,0.03996073664895636,0.03421874966049669,0.01988921972457778,0.01,159,8,137
cast19,rr,60,0.01,uniform,223,2372,996,0,0,0.0,0.8079269495288222,0.06947905190485656,0.04390182169301163,0.01,159,10,137
cast19,rr,60,0.01,uniform_nz,223,2326,996,1,0,0.0,0.4040198820926847,0.06947905190485656,0.04390182169301163,0.01,159,10,137
cast19,rr,60,0.01,weighted,223,2339,996,1,0,0.0,0.06947905190485656,0.06947905190485656,0.04390182169301163,0.01,159,10,137
cast19,rr,60,0.01,active_judge,223,2358,996,0,0,0.0,0.15013503181815122,0.06947905190485656,0.04390182169301163,0.01,159,10,137
cast19,rr,60,0.01,strat_pilot,223,2378,996,1,0,0.0,0.06952619552503593,0.06947905190485656,0.04390182169301163,0.01,159,10,137
cast19,rr,60,0.01,weighted_cv,223,2368,996,1,0,0.0,0.10367358053726501,0.06947905190485656,0.04390182169301163,0.01,159,10,137
cast19,rr,60,0.01,active_cv,223,2311,996,0,0,0.0,0.16611406175558424,0.06947905190485656,0.04390182169301163,0.01,159,10,137
cast19,rr,60,0.01,weighted_cvl,223,2370,996,1,0,0.0,0.075068598145458,0.06947905190485656,0.04390182169301163,0.01,159,10,137
cast19,rr,60,0.01,uniform,224,2925,1026,0,0,0.0,0.6598048366747037,0.08496760115664638,0.028548295615633074,0.01,159,14,136
cast19,rr,60,0.01,uniform_nz,224,2908,1026,1,0,0.0,0.42714656712139976,0.08496760115664638,0.028548295615633074,0.01,159,14,136
cast19,rr,60,0.01,weighted,224,2895,1026,1,0,0.0,0.08496760115664638,0.08496760115664638,0.028548295615633074,0.01,159,14,136
cast19,rr,60,0.01,active_judge,224,2925,1026,0,0,0.0,0.2352133013060737,0.08496760115664638,0.028548295615633074,0.01,159,14,136
cast19,rr,60,0.01,strat_pilot,224,2968,1026,0,0,0.0,0.08494912822271966,0.08496760115664638,0.028548295615633074,0.01,159,14,136
cast19,rr,60,0.01,weighted_cv,224,2969,1026,0,0,0.0,0.12199950658825554,0.08496760115664638,0.028548295615633074,0.01,159,14,136
cast19,rr,60,0.01,active_cv,224,2905,1026,0,0,0.0,0.1850088199668196,0.08496760115664638,0.028548295615633074,0.01,159,14,136
cast19,rr,60,0.01,weighted_cvl,224,2945,1026,1,0,0.0,0.051506085248916346,0.08496760115664638,0.028548295615633074,0.01,159,14,136
cast19,rr,60,0.01,uniform,225,2349,955,0,0,0.008267039112346442,0.21130150140080728,0.05580111235227333,0.025263871620295773,0.0017329608876535587,159,10,137
cast19,rr,60,0.01,uniform_nz,225,2285,955,0,0,0.008267039112346442,0.10914712016818047,0.05580111235227333,0.025263871620295773,0.0017329608876535587,159,10,137
cast19,rr,60,0.01,weighted,225,2287,955,0,0,0.008267039112346442,0.05580111235227333,0.05580111235227333,0.025263871620295773,0.0017329608876535587,159,10,137
cast19,rr,60,0.01,active_judge,225,2337,955,0,0,0.008267039112346442,0.12996142485159218,0.05580111235227333,0.025263871620295773,0.0017329608876535587,159,10,137
cast19,rr,60,0.01,strat_pilot,225,2280,955,0,0,0.008267039112346442,0.05561171391131672,0.05580111235227333,0.025263871620295773,0.0017329608876535587,159,10,137
cast19,rr,60,0.01,weighted_cv,225,2290,955,0,0,0.008267039112346442,0.06268790167855079,0.05580111235227333,0.025263871620295773,0.0017329608876535587,159,10,137
cast19,rr,60,0.01,active_cv,225,2320,955,0,0,0.008267039112346442,0.11836801571405768,0.05580111235227333,0.025263871620295773,0.0017329608876535587,159,10,137
cast19,rr,60,0.01,weighted_cvl,225,2289,955,0,0,0.008267039112346442,0.04898637101101681,0.05580111235227333,0.025263871620295773,0.0017329608876535587,159,10,137
cast19,rr,60,0.01,uniform,226,2979,1021,0,0,0.012270636105545019,0.4308037132107703,0.10420840240160109,0.003114984057237395,-0.0022706361055450184,159,14,136
cast19,rr,60,0.01,uniform_nz,226,2911,1021,0,0,0.012270636105545019,0.28380293848853416,0.10420840240160109,0.003114984057237395,-0.0022706361055450184,159,14,136
cast19,rr,60,0.01,weighted,226,2898,1021,0,0,0.012270636105545019,0.10420840240160109,0.10420840240160109,0.003114984057237395,-0.0022706361055450184,159,14,136
cast19,rr,60,0.01,active_judge,226,2931,1021,0,0,0.012270636105545019,0.2769202791081199,0.10420840240160109,0.003114984057237395,-0.0022706361055450184,159,14,136
cast19,rr,60,0.01,strat_pilot,226,2913,1021,0,0,0.012270636105545019,0.10442393655729268,0.10420840240160109,0.003114984057237395,-0.0022706361055450184,159,14,136
cast19,rr,60,0.01,weighted_cv,226,2923,1021,0,0,0.012270636105545019,0.0752089168142412,0.10420840240160109,0.003114984057237395,-0.0022706361055450184,159,14,136
cast19,rr,60,0.01,active_cv,226,2936,1021,0,0,0.012270636105545019,0.11331739159545391,0.10420840240160109,0.003114984057237395,-0.0022706361055450184,159,14,136
cast19,rr,60,0.01,weighted_cvl,226,2962,1021,0,0,0.012270636105545019,0.04520654935584222,0.10420840240160109,0.003114984057237395,-0.0022706361055450184,159,14,136
cast19,rr,60,0.01,uniform,227,2324,977,0,0,0.008563041676616034,0.16220719786782953,0.053517777635704776,0.02220491826141981,0.0014369583233839658,159,10,137
cast19,rr,60,0.01,uniform_nz,227,2278,977,0,0,0.008563041676616034,0.07195180828643574,0.053517777635704776,0.02220491826141981,0.0014369583233839658,159,10,137
cast19,rr,60,0.01,weighted,227,2353,977,0,0,0.008563041676616034,0.053517777635704776,0.053517777635704776,0.02220491826141981,0.0014369583233839658,159,10,137
cast19,rr,60,0.01,active_judge,227,2376,977,0,0,0.008563041676616034,0.14698273632587558,0.053517777635704776,0.02220491826141981,0.0014369583233839658,159,10,137
cast19,rr,60,0.01,strat_pilot,227,2301,977,0,0,0.008563041676616034,0.05335618429950819,0.053517777635704776,0.02220491826141981,0.0014369583233839658,159,10,137
cast19,rr,60,0.01,weighted_cv,227,2357,977,0,0,0.008563041676616034,0.0943856926965775,0.053517777635704776,0.02220491826141981,0.0014369583233839658,159,10,137
cast19,rr,60,0.01,active_cv,227,2354,977,0,0,0.008563041676616034,0.16805231032492657,0.053517777635704776,0.02220491826141981,0.0014369583233839658,159,10,137
cast19,rr,60,0.01,weighted_cvl,227,2347,977,0,0,0.008563041676616034,0.036019061537433124,0.053517777635704776,0.02220491826141981,0.0014369583233839658,159,10,137
cast19,rr,60,0.01,uniform,228,2401,1049,0,0,0.01256974375855241,0.192138022866285,0.042676383363592585,0.009243910970051773,-0.0025697437585524095,159,10,137
cast19,rr,60,0.01,uniform_nz,228,2450,1049,0,0,0.01256974375855241,0.09409984193136803,0.042676383363592585,0.009243910970051773,-0.0025697437585524095,159,10,137
cast19,rr,60,0.01,weighted,228,2409,1049,0,0,0.01256974375855241,0.042676383363592585,0.042676383363592585,0.009243910970051773,-0.0025697437585524095,159,10,137
cast19,rr,60,0.01,active_judge,228,2409,1049,0,0,0.01256974375855241,0.08479285231479157,0.042676383363592585,0.009243910970051773,-0.0025697437585524095,159,10,137
cast19,rr,60,0.01,strat_pilot,228,2415,1049,0,0,0.01256974375855241,0.04235543495747587,0.042676383363592585,0.009243910970051773,-0.0025697437585524095,159,10,137
cast19,rr,60,0.01,weighted_cv,228,2383,1049,0,0,0.01256974375855241,0.035038863132353104,0.042676383363592585,0.009243910970051773,-0.0025697437585524095,159,10,137
cast19,rr,60,0.01,active_cv,228,2400,1049,0,0,0.01256974375855241,0.052050755243299496,0.042676383363592585,0.009243910970051773,-0.0025697437585524095,159,10,137
cast19,rr,60,0.01,weighted_cvl,228,2376,1049,0,0,0.01256974375855241,0.020495349145932755,0.042676383363592585,0.009243910970051773,-0.0025697437585524095,159,10,137
cast19,rr,60,0.01,uniform,229,2307,1010,0,0,0.0,0.6114192233658471,0.06389814562553671,0.015999909934120454,0.01,159,10,137
cast19,rr,60,0.01,uniform_nz,229,2379,1010,0,0,0.0,0.31243595890714604,0.06389814562553671,0.015999909934120454,0.01,159,10,137
cast19,rr,60,0.01,weighted,229,2419,1010,0,0,0.0,0.06389814562553671,0.06389814562553671,0.015999909934120454,0.01,159,10,137
cast19,rr,60,0.01,active_judge,229,2367,1010,0,0,0.0,0.13819714346718842,0.06389814562553671,0.015999909934120454,0.01,159,10,137
cast19,rr,60,0.01,strat_pilot,229,2375,1010,1,0,0.0,0.06342633664436567,0.06389814562553671,0.015999909934120454,0.01,159,10,137
cast19,rr,60,0.01,weighted_cv,229,2361,1010,1,0,0.0,0.09124957091812283,0.06389814562553671,0.015999909934120454,0.01,159,10,137
cast19,rr,60,0.01,active_cv,229,2387,1010,1,0,0.0,0.1790371237034527,0.06389814562553671,0.015999909934120454,0.01,159,10,137
cast19,rr,60,0.01,weighted_cvl,229,2425,1010,0,0,0.0,0.04209588407283556,0.06389814562553671,0.015999909934120454,0.01,159,10,137
cast19,rr,60,0.01,uniform,230,2375,999,1,0,0.0,0.3594165497976012,0.05299380588007829,0.023244965712037338,0.01,159,10,137
cast19,rr,60,0.01,uniform_nz,230,2390,999,0,0,0.0,0.14553044092733836,0.05299380588007829,0.023244965712037338,0.01,159,10,137
cast19,rr,60,0.01,weighted,230,2411,999,1,0,0.0,0.05299380588007829,0.05299380588007829,0.023244965712037338,0.01,159,10,137
cast19,rr,60,0.01,active_judge,230,2380,999,1,0,0.0,0.1731623001397594,0.05299380588007829,0.023244965712037338,0.01,159,10,137
cast19,rr,60,0.01,strat_pilot,230,2355,999,1,0,0.0,0.052949733198991725,0.05299380588007829,0.023244965712037338,0.01,159,10,137
cast19,rr,60,0.01,weighted_cv,230,2383,999,1,0,0.0,0.09738832414368648,0.05299380588007829,0.023244965712037338,0.01,159,10,137
cast19,rr,60,0.01,active_cv,230,2372,999,1,0,0.0,0.17564681960922318,0.05299380588007829,0.023244965712037338,0.01,159,10,137
cast19,rr,60,0.01,weighted_cvl,230,2340,999,1,0,0.0,0.04621142763621715,0.05299380588007829,0.023244965712037338,0.01,159,10,137
cast19,rr,60,0.01,uniform,231,2397,1007,0,0,0.0009162575452625887,0.3097583577564763,0.07878176227277525,0.03777983669237539,0.009083742454737411,159,10,137
cast19,rr,60,0.01,uniform_nz,231,2359,1007,0,0,0.0009162575452625887,0.10611175767743293,0.07878176227277525,0.03777983669237539,0.009083742454737411,159,10,137
cast19,rr,60,0.01,weighted,231,2377,1007,0,0,0.0009162575452625887,0.07878176227277525,0.07878176227277525,0.03777983669237539,0.009083742454737411,159,10,137
cast19,rr,60,0.01,active_judge,231,2356,1007,0,0,0.0009162575452625887,0.15594083894136085,0.07878176227277525,0.03777983669237539,0.009083742454737411,159,10,137
cast19,rr,60,0.01,strat_pilot,231,2385,1007,0,0,0.0009162575452625887,0.07876773969665721,0.07878176227277525,0.03777983669237539,0.009083742454737411,159,10,137
cast19,rr,60,0.01,weighted_cv,231,2349,1007,0,0,0.0009162575452625887,0.05326436265227792,0.07878176227277525,0.03777983669237539,0.009083742454737411,159,10,137
cast19,rr,60,0.01,active_cv,231,2349,1007,0,0,0.0009162575452625887,0.07340911707076639,0.07878176227277525,0.03777983669237539,0.009083742454737411,159,10,137
cast19,rr,60,0.01,weighted_cvl,231,2403,1007,0,0,0.0009162575452625887,0.05397538000867176,0.07878176227277525,0.03777983669237539,0.009083742454737411,159,10,137
cast19,rr,60,0.01,uniform,232,2845,991,0,0,0.007293712170797106,0.1167569472446878,0.06127265590821096,0.02592573567703766,0.0027062878292028938,159,14,136
cast19,rr,60,0.01,uniform_nz,232,2900,991,0,0,0.007293712170797106,0.07491099567434628,0.06127265590821096,0.02592573567703766,0.0027062878292028938,159,14,136
cast19,rr,60,0.01,weighted,232,2929,991,0,0,0.007293712170797106,0.06127265590821096,0.06127265590821096,0.02592573567703766,0.0027062878292028938,159,14,136
cast19,rr,60,0.01,active_judge,232,2880,991,0,0,0.007293712170797106,0.15549229883197296,0.06127265590821096,0.02592573567703766,0.0027062878292028938,159,14,136
cast19,rr,60,0.01,strat_pilot,232,2866,991,0,0,0.007293712170797106,0.06112658161871572,0.06127265590821096,0.02592573567703766,0.0027062878292028938,159,14,136
cast19,rr,60,0.01,weighted_cv,232,2904,991,0,0,0.007293712170797106,0.07065909009059222,0.06127265590821096,0.02592573567703766,0.0027062878292028938,159,14,136
cast19,rr,60,0.01,active_cv,232,2911,991,0,0,0.007293712170797106,0.10774346389040901,0.06127265590821096,0.02592573567703766,0.0027062878292028938,159,14,136
cast19,rr,60,0.01,weighted_cvl,232,2887,991,0,0,0.007293712170797106,0.04558496088019645,0.06127265590821096,0.02592573567703766,0.0027062878292028938,159,14,136
cast19,rr,60,0.01,uniform,233,2970,963,0,0,0.0,0.5813861742122308,0.08914970097937865,0.04736444135910753,0.01,159,14,136
cast19,rr,60,0.01,uniform_nz,233,2874,963,0,0,0.0,0.44317951694887564,0.08914970097937865,0.04736444135910753,0.01,159,14,136
cast19,rr,60,0.01,weighted,233,2886,963,1,0,0.0,0.08914970097937865,0.08914970097937865,0.04736444135910753,0.01,159,14,136
cast19,rr,60,0.01,active_judge,233,2888,963,0,0,0.0,0.22901452802332453,0.08914970097937865,0.04736444135910753,0.01,159,14,136
cast19,rr,60,0.01,strat_pilot,233,2852,963,1,0,0.0,0.0891973162541474,0.08914970097937865,0.04736444135910753,0.01,159,14,136
cast19,rr,60,0.01,weighted_cv,233,2866,963,0,0,0.0,0.11399893746036804,0.08914970097937865,0.04736444135910753,0.01,159,14,136
cast19,rr,60,0.01,active_cv,233,2867,963,0,0,0.0,0.19803395908558435,0.08914970097937865,0.04736444135910753,0.01,159,14,136
cast19,rr,60,0.01,weighted_cvl,233,2905,963,1,0,0.0,0.061212872285710575,0.08914970097937865,0.04736444135910753,0.01,159,14,136
cast19,rr,60,0.01,uniform,234,2348,983,0,0,0.010672921817263037,0.1640973851074095,0.05976534240977667,0.021978826475730497,-0.0006729218172630367,159,10,137
cast19,rr,60,0.01,uniform_nz,234,2419,983,0,0,0.010672921817263037,0.07212051093957512,0.05976534240977667,0.021978826475730497,-0.0006729218172630367,159,10,137
cast19,rr,60,0.01,weighted,234,2372,983,0,0,0.010672921817263037,0.05976534240977667,0.05976534240977667,0.021978826475730497,-0.0006729218172630367,159,10,137
cast19,rr,60,0.01,active_judge,234,2297,983,0,0,0.010672921817263037,0.17528801442305147,0.05976534240977667,0.021978826475730497,-0.0006729218172630367,159,10,137
cast19,rr,60,0.01,strat_pilot,234,2389,983,0,0,0.010672921817263037,0.059736807872116014,0.05976534240977667,0.021978826475730497,-0.0006729218172630367,159,10,137
cast19,rr,60,0.01,weighted_cv,234,2385,983,0,0,0.010672921817263037,0.08507849970440394,0.05976534240977667,0.021978826475730497,-0.0006729218172630367,159,10,137
cast19,rr,60,0.01,active_cv,234,2336,983,0,0,0.010672921817263037,0.13182403433890497,0.05976534240977667,0.021978826475730497,-0.0006729218172630367,159,10,137
cast19,rr,60,0.01,weighted_cvl,234,2348,983,0,0,0.010672921817263037,0.039577699848879155,0.05976534240977667,0.021978826475730497,-0.0006729218172630367,159,10,137
cast19,rr,60,0.01,uniform,235,2030,989,0,0,0.0,0.6135629272711708,0.059632168866227984,0.07672607578180332,0.01,159,8,129
cast19,rr,60,0.01,uniform_nz,235,1986,989,1,0,0.0,0.1656199055970404,0.059632168866227984,0.07672607578180332,0.01,159,8,129
cast19,rr,60,0.01,weighted,235,1984,989,1,0,0.0,0.059632168866227984,0.059632168866227984,0.07672607578180332,0.01,159,8,129
cast19,rr,60,0.01,active_judge,235,2010,989,0,0,0.0,0.17158286053117677,0.059632168866227984,0.07672607578180332,0.01,159,8,129
cast19,rr,60,0.01,strat_pilot,235,1965,989,1,0,0.0,0.05927160858350698,0.059632168866227984,0.07672607578180332,0.01,159,8,129
cast19,rr,60,0.01,weighted_cv,235,1964,989,1,0,0.0,0.06326900524256714,0.059632168866227984,0.07672607578180332,0.01,159,8,129
cast19,rr,60,0.01,active_cv,235,1970,989,1,0,0.0,0.0993780310800356,0.059632168866227984,0.07672607578180332,0.01,159,8,129
cast19,rr,60,0.01,weighted_cvl,235,1969,989,1,0,0.0,0.03806426504808239,0.059632168866227984,0.07672607578180332,0.01,159,8,129
cast19,rr,60,0.01,uniform,236,2937,980,0,0,0.0,1.05114378773855,0.12673556191681398,0.06455761290840557,0.01,159,14,136
cast19,rr,60,0.01,uniform_nz,236,2908,980,0,0,0.0,0.6506724666347566,0.12673556191681398,0.06455761290840557,0.01,159,14,136
cast19,rr,60,0.01,weighted,236,2893,980,1,0,0.0,0.12673556191681398,0.12673556191681398,0.06455761290840557,0.01,159,14,136
cast19,rr,60,0.01,active_judge,236,2853,980,0,0,0.0,0.2935866837236728,0.12673556191681398,0.06455761290840557,0.01,159,14,136
cast19,rr,60,0.01,strat_pilot,236,2929,980,1,0,0.0,0.12682156306774015,0.12673556191681398,0.06455761290840557,0.01,159,14,136
cast19,rr,60,0.01,weighted_cv,236,2884,980,1,0,0.0,0.0879855306422236,0.12673556191681398,0.06455761290840557,0.01,159,14,136
cast19,rr,60,0.01,active_cv,236,2918,980,1,0,0.0,0.12193400200751969,0.12673556191681398,0.06455761290840557,0.01,159,14,136
cast19,rr,60,0.01,weighted_cvl,236,2866,980,1,0,0.0,0.06637146869100947,0.12673556191681398,0.06455761290840557,0.01,159,14,136
cast19,rr,60,0.01,uniform,237,2874,1000,0,0,0.009493627878769395,0.10129612615220349,0.059616004870965945,0.01997754330166799,0.0005063721212306051,159,14,136
cast19,rr,60,0.01,uniform_nz,237,2913,1000,0,0,0.009493627878769395,0.06106871120873654,0.059616004870965945,0.01997754330166799,0.0005063721212306051,159,14,136
cast19,rr,60,0.01,weighted,237,2909,1000,0,0,0.009493627878769395,0.059616004870965945,0.059616004870965945,0.01997754330166799,0.0005063721212306051,159,14,136
cast19,rr,60,0.01,active_judge,237,2885,1000,0,0,0.009493627878769395,0.12831203031952737,0.059616004870965945,0.01997754330166799,0.0005063721212306051,159,14,136
cast19,rr,60,0.01,strat_pilot,237,2931,1000,0,0,0.009493627878769395,0.05968991268367825,0.059616004870965945,0.01997754330166799,0.0005063721212306051,159,14,136
cast19,rr,60,0.01,weighted_cv,237,2872,1000,0,0,0.009493627878769395,0.078988606404357,0.059616004870965945,0.01997754330166799,0.0005063721212306051,159,14,136
cast19,rr,60,0.01,active_cv,237,2841,1000,0,0,0.009493627878769395,0.13203995984842123,0.059616004870965945,0.01997754330166799,0.0005063721212306051,159,14,136
cast19,rr,60,0.01,weighted_cvl,237,2909,1000,0,0,0.009493627878769395,0.05631133068788646,0.059616004870965945,0.01997754330166799,0.0005063721212306051,159,14,136
cast19,rr,60,0.01,uniform,238,2332,1002,0,0,0.0,0.22092906332028672,0.06848062808180999,0.04390765175932461,0.01,159,10,137
cast19,rr,60,0.01,uniform_nz,238,2391,1002,0,0,0.0,0.0897333445233012,0.06848062808180999,0.04390765175932461,0.01,159,10,137
cast19,rr,60,0.01,weighted,238,2346,1002,0,0,0.0,0.06848062808180999,0.06848062808180999,0.04390765175932461,0.01,159,10,137
cast19,rr,60,0.01,active_judge,238,2383,1002,0,0,0.0,0.18504018172024886,0.06848062808180999,0.04390765175932461,0.01,159,10,137
cast19,rr,60,0.01,strat_pilot,238,2387,1002,1,0,0.0,0.068370660870845,0.06848062808180999,0.04390765175932461,0.01,159,10,137
cast19,rr,60,0.01,weighted_cv,238,2387,1002,0,0,0.0,0.07784561077658728,0.06848062808180999,0.04390765175932461,0.01,159,10,137
cast19,rr,60,0.01,active_cv,238,2336,1002,0,0,0.0,0.11601899014825712,0.06848062808180999,0.04390765175932461,0.01,159,10,137
cast19,rr,60,0.01,weighted_cvl,238,2382,1002,0,0,0.0,0.039646783976568054,0.06848062808180999,0.04390765175932461,0.01,159,10,137
cast19,rr,60,0.01,uniform,239,2370,989,0,0,0.0,0.17208408373858822,0.06191025630362079,0.0459039184082595,0.01,159,10,137
cast19,rr,60,0.01,uniform_nz,239,2341,989,0,0,0.0,0.07242335184201557,0.06191025630362079,0.0459039184082595,0.01,159,10,137
cast19,rr,60,0.01,weighted,239,2359,989,1,0,0.0,0.06191025630362079,0.06191025630362079,0.0459039184082595,0.01,159,10,137
cast19,rr,60,0.01,active_judge,239,2333,989,0,0,0.0,0.14398965751186169,0.06191025630362079,0.0459039184082595,0.01,159,10,137
cast19,rr,60,0.01,strat_pilot,239,2384,989,1,0,0.0,0.061735654098902415,0.06191025630362079,0.0459039184082595,0.01,159,10,137
cast19,rr,60,0.01,weighted_cv,239,2376,989,1,0,0.0,0.0674578221232324,0.06191025630362079,0.0459039184082595,0.01,159,10,137
cast19,rr,60,0.01,active_cv,239,2367,989,0,0,0.0,0.09335276283806418,0.06191025630362079,0.0459039184082595,0.01,159,10,137
cast19,rr,60,0.01,weighted_cvl,239,2355,989,1,0,0.0,0.0674578221232324,0.06191025630362079,0.0459039184082595,0.01,159,10,137
cast19,rr,60,0.01,uniform,240,2467,1039,0,0,0.0,0.10869661830152347,0.04443537900038047,0.047122780340009766,0.01,159,10,137
cast19,rr,60,0.01,uniform_nz,240,2413,1039,0,0,0.0,0.05118557672731189,0.04443537900038047,0.047122780340009766,0.01,159,10,137
cast19,rr,60,0.01,weighted,240,2390,1039,0,0,0.0,0.04443537900038047,0.04443537900038047,0.047122780340009766,0.01,159,10,137
cast19,rr,60,0.01,active_judge,240,2425,1039,0,0,0.0,0.12445026963452126,0.04443537900038047,0.047122780340009766,0.01,159,10,137
cast19,rr,60,0.01,strat_pilot,240,2398,1039,0,0,0.0,0.04415577800484318,0.04443537900038047,0.047122780340009766,0.01,159,10,137
cast19,rr,60,0.01,weighted_cv,240,2424,1039,1,0,0.0,0.06162098125439699,0.04443537900038047,0.047122780340009766,0.01,159,10,137
cast19,rr,60,0.01,active_cv,240,2404,1039,0,0,0.0,0.09607568367328248,0.04443537900038047,0.047122780340009766,0.01,159,10,137
cast19,rr,60,0.01,weighted_cvl,240,2413,1039,0,0,0.0,0.026326319262108395,0.04443537900038047,0.047122780340009766,0.01,159,10,137
cast19,rr,60,0.01,uniform,241,2370,957,0,0,0.0034284001559796162,0.3974507214030919,0.10728303419961452,0.01656945651527695,0.006571599844020384,159,10,137
cast19,rr,60,0.01,uniform_nz,241,2341,957,0,0,0.0034284001559796162,0.1765165570894674,0.10728303419961452,0.01656945651527695,0.006571599844020384,159,10,137
cast19,rr,60,0.01,weighted,241,2303,957,0,0,0.0034284001559796162,0.10728303419961452,0.10728303419961452,0.01656945651527695,0.006571599844020384,159,10,137
cast19,rr,60,0.01,active_judge,241,2362,957,0,0,0.0034284001559796162,0.3173588878974971,0.10728303419961452,0.01656945651527695,0.006571599844020384,159,10,137
cast19,rr,60,0.01,strat_pilot,241,2346,957,0,0,0.0034284001559796162,0.10732931017560506,0.10728303419961452,0.01656945651527695,0.006571599844020384,159,10,137
cast19,rr,60,0.01,weighted_cv,241,2296,957,0,0,0.0034284001559796162,0.10066889168860471,0.10728303419961452,0.01656945651527695,0.006571599844020384,159,10,137
cast19,rr,60,0.01,active_cv,241,2311,957,0,0,0.0034284001559796162,0.15578508542863673,0.10728303419961452,0.01656945651527695,0.006571599844020384,159,10,137
cast19,rr,60,0.01,weighted_cvl,241,2279,957,0,0,0.0034284001559796162,0.055117403694407055,0.10728303419961452,0.01656945651527695,0.006571599844020384,159,10,137
cast19,rr,60,0.01,uniform,242,2329,952,0,0,0.004548608474265192,0.35464367405224034,0.047261562478459335,0.014779787222551712,0.005451391525734808,159,10,137
cast19,rr,60,0.01,uniform_nz,242,2290,952,0,0,0.004548608474265192,0.1857308902256282,0.047261562478459335,0.014779787222551712,0.005451391525734808,159,10,137
cast19,rr,60,0.01,weighted,242,2298,952,0,0,0.004548608474265192,0.047261562478459335,0.047261562478459335,0.014779787222551712,0.005451391525734808,159,10,137
cast19,rr,60,0.01,active_judge,242,2274,952,0,0,0.004548608474265192,0.18230121702899874,0.047261562478459335,0.014779787222551712,0.005451391525734808,159,10,137
cast19,rr,60,0.01,strat_pilot,242,2347,952,0,0,0.004548608474265192,0.04711641761793649,0.047261562478459335,0.014779787222551712,0.005451391525734808,159,10,137
cast19,rr,60,0.01,weighted_cv,242,2324,952,0,0,0.004548608474265192,0.05176686435110498,0.047261562478459335,0.014779787222551712,0.005451391525734808,159,10,137
cast19,rr,60,0.01,active_cv,242,2287,952,0,0,0.004548608474265192,0.08415523854479356,0.047261562478459335,0.014779787222551712,0.005451391525734808,159,10,137
cast19,rr,60,0.01,weighted_cvl,242,2295,952,0,0,0.004548608474265192,0.030248394939860052,0.047261562478459335,0.014779787222551712,0.005451391525734808,159,10,137
cast19,rr,60,0.01,uniform,243,2828,929,0,0,0.0,0.41743996119207194,0.10495425897735122,0.014068072490891865,0.01,159,14,136
cast19,rr,60,0.01,uniform_nz,243,2867,929,1,0,0.0,0.24831701910476153,0.10495425897735122,0.014068072490891865,0.01,159,14,136
cast19,rr,60,0.01,weighted,243,2797,929,1,0,0.0,0.10495425897735122,0.10495425897735122,0.014068072490891865,0.01,159,14,136
cast19,rr,60,0.01,active_judge,243,2834,929,0,0,0.0,0.22382540752075206,0.10495425897735122,0.014068072490891865,0.01,159,14,136
cast19,rr,60,0.01,strat_pilot,243,2840,929,1,0,0.0,0.10500428803864466,0.10495425897735122,0.014068072490891865,0.01,159,14,136
cast19,rr,60,0.01,weighted_cv,243,2814,929,1,0,0.0,0.09507697798292931,0.10495425897735122,0.014068072490891865,0.01,159,14,136
cast19,rr,60,0.01,active_cv,243,2793,929,0,0,0.0,0.23489129629466182,0.10495425897735122,0.014068072490891865,0.01,159,14,136
cast19,rr,60,0.01,weighted_cvl,243,2901,929,1,0,0.0,0.08833585001994834,0.10495425897735122,0.014068072490891865,0.01,159,14,136
cast19,rr,60,0.01,uniform,244,2926,965,0,0,0.01326088654473967,0.45212775342390793,0.12210484352424027,0.0366465297258641,-0.0032608865447396693,159,14,136
cast19,rr,60,0.01,uniform_nz,244,2822,965,0,0,0.01326088654473967,0.2858405626337325,0.12210484352424027,0.0366465297258641,-0.0032608865447396693,159,14,136
cast19,rr,60,0.01,weighted,244,2813,965,0,0,0.01326088654473967,0.12210484352424027,0.12210484352424027,0.0366465297258641,-0.0032608865447396693,159,14,136
cast19,rr,60,0.01,active_judge,244,2884,965,0,0,0.01326088654473967,0.3362331925120483,0.12210484352424027,0.0366465297258641,-0.0032608865447396693,159,14,136
cast19,rr,60,0.01,strat_pilot,244,2911,965,0,0,0.01326088654473967,0.12201980574917348,0.12210484352424027,0.0366465297258641,-0.0032608865447396693,159,14,136
cast19,rr,60,0.01,weighted_cv,244,2880,965,0,0,0.01326088654473967,0.12487901477123978,0.12210484352424027,0.0366465297258641,-0.0032608865447396693,159,14,136
cast19,rr,60,0.01,active_cv,244,2869,965,0,0,0.01326088654473967,0.23045842995976334,0.12210484352424027,0.0366465297258641,-0.0032608865447396693,159,14,136
cast19,rr,60,0.01,weighted_cvl,244,2865,965,0,0,0.01326088654473967,0.07291370066495884,0.12210484352424027,0.0366465297258641,-0.0032608865447396693,159,14,136
cast19,rr,60,0.01,uniform,245,2918,924,0,0,0.0,0.7002625721200261,0.0968800893490007,0.04014285406678395,0.01,159,14,136
cast19,rr,60,0.01,uniform_nz,245,2871,924,1,0,0.0,0.45269015246713684,0.0968800893490007,0.04014285406678395,0.01,159,14,136
cast19,rr,60,0.01,weighted,245,2839,924,1,0,0.0,0.0968800893490007,0.0968800893490007,0.04014285406678395,0.01,159,14,136
cast19,rr,60,0.01,active_judge,245,2815,924,0,0,0.0,0.2629005574770348,0.0968800893490007,0.04014285406678395,0.01,159,14,136
cast19,rr,60,0.01,strat_pilot,245,2872,924,1,0,0.0,0.09691659190061166,0.0968800893490007,0.04014285406678395,0.01,159,14,136
cast19,rr,60,0.01,weighted_cv,245,2804,924,1,0,0.0,0.11598984391004544,0.0968800893490007,0.04014285406678395,0.01,159,14,136
cast19,rr,60,0.01,active_cv,245,2802,924,1,0,0.0,0.18743776211005977,0.0968800893490007,0.04014285406678395,0.01,159,14,136
cast19,rr,60,0.01,weighted_cvl,245,2842,924,1,0,0.0,0.053684964115411196,0.0968800893490007,0.04014285406678395,0.01,159,14,136
cast19,rr,60,0.01,uniform,246,2355,1004,0,0,0.00041237729957499525,0.5963462170855909,0.06680701008741351,0.042757937223881506,0.009587622700425005,159,10,137
cast19,rr,60,0.01,uniform_nz,246,2348,1004,0,0,0.00041237729957499525,0.307719855095307,0.06680701008741351,0.042757937223881506,0.009587622700425005,159,10,137
cast19,rr,60,0.01,weighted,246,2347,1004,0,0,0.00041237729957499525,0.06680701008741351,0.06680701008741351,0.042757937223881506,0.009587622700425005,159,10,137
cast19,rr,60,0.01,active_judge,246,2361,1004,0,0,0.00041237729957499525,0.1333982862221669,0.06680701008741351,0.042757937223881506,0.009587622700425005,159,10,137
cast19,rr,60,0.01,strat_pilot,246,2358,1004,0,0,0.00041237729957499525,0.06684645712188697,0.06680701008741351,0.042757937223881506,0.009587622700425005,159,10,137
cast19,rr,60,0.01,weighted_cv,246,2365,1004,1,0,0.00041237729957499525,0.06053473484464753,0.06680701008741351,0.042757937223881506,0.009587622700425005,159,10,137
cast19,rr,60,0.01,active_cv,246,2394,1004,0,0,0.00041237729957499525,0.09150620661732481,0.06680701008741351,0.042757937223881506,0.009587622700425005,159,10,137
cast19,rr,60,0.01,weighted_cvl,246,2382,1004,0,0,0.00041237729957499525,0.06053473484464753,0.06680701008741351,0.042757937223881506,0.009587622700425005,159,10,137
cast19,rr,60,0.01,uniform,247,2403,964,0,0,0.0,0.1220962308379548,0.04853526857136283,0.0448399997045833,0.01,159,10,137
cast19,rr,60,0.01,uniform_nz,247,2341,964,0,0,0.0,0.05227986428583853,0.04853526857136283,0.0448399997045833,0.01,159,10,137
cast19,rr,60,0.01,weighted,247,2331,964,1,0,0.0,0.04853526857136283,0.04853526857136283,0.0448399997045833,0.01,159,10,137
cast19,rr,60,0.01,active_judge,247,2324,964,0,0,0.0,0.13053689826083473,0.04853526857136283,0.0448399997045833,0.01,159,10,137
cast19,rr,60,0.01,strat_pilot,247,2353,964,1,0,0.0,0.048540081057708094,0.04853526857136283,0.0448399997045833,0.01,159,10,137
cast19,rr,60,0.01,weighted_cv,247,2308,964,1,0,0.0,0.0819082814674229,0.04853526857136283,0.0448399997045833,0.01,159,10,137
cast19,rr,60,0.01,active_cv,247,2305,964,1,0,0.0,0.15105601069797045,0.04853526857136283,0.0448399997045833,0.01,159,10,137
cast19,rr,60,0.01,weighted_cvl,247,2342,964,1,0,0.0,0.03284474026025251,0.04853526857136283,0.0448399997045833,0.01,159,10,137
cast19,rr,60,0.01,uniform,248,1966,890,1,0,0.0,0.09546676791113248,0.024400967291988727,0.030929661297308342,0.01,159,8,137
cast19,rr,60,0.01,uniform_nz,248,1980,890,1,0,0.0,0.028687735622789458,0.024400967291988727,0.030929661297308342,0.01,159,8,137
cast19,rr,60,0.01,weighted,248,1966,890,1,0,0.0,0.024400967291988727,0.024400967291988727,0.030929661297308342,0.01,159,8,137
cast19,rr,60,0.01,active_judge,248,1987,890,0,0,0.0,0.07051951115777583,0.024400967291988727,0.030929661297308342,0.01,159,8,137
cast19,rr,60,0.01,strat_pilot,248,1965,890,1,0,0.0,0.024258992243333128,0.024400967291988727,0.030929661297308342,0.01,159,8,137
cast19,rr,60,0.01,weighted_cv,248,1987,890,1,0,0.0,0.026988335839720445,0.024400967291988727,0.030929661297308342,0.01,159,8,137
cast19,rr,60,0.01,active_cv,248,1946,890,1,0,0.0,0.04074366250719143,0.024400967291988727,0.030929661297308342,0.01,159,8,137
cast19,rr,60,0.01,weighted_cvl,248,1937,890,1,0,0.0,0.017265593633244553,0.024400967291988727,0.030929661297308342,0.01,159,8,137
cast19,rr,60,0.01,uniform,249,2343,984,0,0,0.0,0.6629391881623172,0.05749882638576478,0.03887218839064646,0.01,159,10,137
cast19,rr,60,0.01,uniform_nz,249,2327,984,0,0,0.0,0.26829669423246916,0.05749882638576478,0.03887218839064646,0.01,159,10,137
cast19,rr,60,0.01,weighted,249,2353,984,0,0,0.0,0.05749882638576478,0.05749882638576478,0.03887218839064646,0.01,159,10,137
cast19,rr,60,0.01,active_judge,249,2350,984,0,0,0.0,0.14152591432778386,0.05749882638576478,0.03887218839064646,0.01,159,10,137
cast19,rr,60,0.01,strat_pilot,249,2350,984,0,0,0.0,0.05738718512128228,0.05749882638576478,0.03887218839064646,0.01,159,10,137
cast19,rr,60,0.01,weighted_cv,249,2356,984,0,0,0.0,0.07223302708592491,0.05749882638576478,0.03887218839064646,0.01,159,10,137
cast19,rr,60,0.01,active_cv,249,2318,984,0,0,0.0,0.12531189700528494,0.05749882638576478,0.03887218839064646,0.01,159,10,137
cast19,rr,60,0.01,weighted_cvl,249,2357,984,0,0,0.0,0.07223302708592491,0.05749882638576478,0.03887218839064646,0.01,159,10,137
cast19,rr,60,0.01,uniform,250,2125,968,0,0,0.0016874598342941916,0.056126942403780446,0.015826794521402017,0.01191834494008407,0.008312540165705809,159,9,125
cast19,rr,60,0.01,uniform_nz,250,2028,968,0,0,0.0016874598342941916,0.017277914428397052,0.015826794521402017,0.01191834494008407,0.008312540165705809,159,9,125
cast19,rr,60,0.01,weighted,250,2041,968,0,0,0.0016874598342941916,0.015826794521402017,0.015826794521402017,0.01191834494008407,0.008312540165705809,159,9,125
cast19,rr,60,0.01,active_judge,250,2048,968,0,0,0.0016874598342941916,0.05496021756750933,0.015826794521402017,0.01191834494008407,0.008312540165705809,159,9,125
cast19,rr,60,0.01,strat_pilot,250,2037,968,0,0,0.0016874598342941916,0.01557398482416919,0.015826794521402017,0.01191834494008407,0.008312540165705809,159,9,125
cast19,rr,60,0.01,weighted_cv,250,2023,968,0,0,0.0016874598342941916,0.026259054701425595,0.015826794521402017,0.01191834494008407,0.008312540165705809,159,9,125
cast19,rr,60,0.01,active_cv,250,2052,968,0,0,0.0016874598342941916,0.03526110617350674,0.015826794521402017,0.01191834494008407,0.008312540165705809,159,9,125
cast19,rr,60,0.01,weighted_cvl,250,2041,968,0,0,0.0016874598342941916,0.016393043330837014,0.015826794521402017,0.01191834494008407,0.008312540165705809,159,9,125
cast19,rr,60,0.01,uniform,251,2161,986,1,0,0.0,0.11898683372137744,0.031520150494109,0.014229601748951583,0.01,159,9,128
cast19,rr,60,0.01,uniform_nz,251,2151,986,0,0,0.0,0.034864244803056124,0.031520150494109,0.014229601748951583,0.01,159,9,128
cast19,rr,60,0.01,weighted,251,2136,986,0,0,0.0,0.031520150494109,0.031520150494109,0.014229601748951583,0.01,159,9,128
cast19,rr,60,0.01,active_judge,251,2088,986,0,0,0.0,0.07966830377687276,0.031520150494109,0.014229601748951583,0.01,159,9,128
cast19,rr,60,0.01,strat_pilot,251,2100,986,0,0,0.0,0.031258750734959484,0.031520150494109,0.014229601748951583,0.01,159,9,128
cast19,rr,60,0.01,weighted_cv,251,2122,986,1,0,0.0,0.04147845853406563,0.031520150494109,0.014229601748951583,0.01,159,9,128
cast19,rr,60,0.01,active_cv,251,2093,986,0,0,0.0,0.07304826171805004,0.031520150494109,0.014229601748951583,0.01,159,9,128
cast19,rr,60,0.01,weighted_cvl,251,2138,986,1,0,0.0,0.02463792464006994,0.031520150494109,0.014229601748951583,0.01,159,9,128
cast19,rr,60,0.01,uniform,252,2313,974,0,0,0.02386778445521842,0.2015074604047989,0.06180321040280227,0.023114562011402107,-0.013867784455218421,159,10,137
cast19,rr,60,0.01,uniform_nz,252,2305,974,0,0,0.02386778445521842,0.0871146179611038,0.06180321040280227,0.023114562011402107,-0.013867784455218421,159,10,137
cast19,rr,60,0.01,weighted,252,2329,974,0,0,0.02386778445521842,0.06180321040280227,0.06180321040280227,0.023114562011402107,-0.013867784455218421,159,10,137
cast19,rr,60,0.01,active_judge,252,2330,974,0,0,0.02386778445521842,0.11965667358230861,0.06180321040280227,0.023114562011402107,-0.013867784455218421,159,10,137
cast19,rr,60,0.01,strat_pilot,252,2381,974,0,0,0.02386778445521842,0.061857470345197584,0.06180321040280227,0.023114562011402107,-0.013867784455218421,159,10,137
cast19,rr,60,0.01,weighted_cv,252,2349,974,0,0,0.02386778445521842,0.07346673428246335,0.06180321040280227,0.023114562011402107,-0.013867784455218421,159,10,137
cast19,rr,60,0.01,active_cv,252,2346,974,0,0,0.02386778445521842,0.12415310676304477,0.06180321040280227,0.023114562011402107,-0.013867784455218421,159,10,137
cast19,rr,60,0.01,weighted_cvl,252,2344,974,0,0,0.02386778445521842,0.03923434769260378,0.06180321040280227,0.023114562011402107,-0.013867784455218421,159,10,137
cast19,rr,60,0.01,uniform,253,2404,1050,0,0,0.0,0.25869270599824784,0.06897943603869268,0.04406632693013767,0.01,159,10,137
cast19,rr,60,0.01,uniform_nz,253,2405,1050,0,0,0.0,0.09940769382619866,0.06897943603869268,0.04406632693013767,0.01,159,10,137
cast19,rr,60,0.01,weighted,253,2406,1050,0,0,0.0,0.06897943603869268,0.06897943603869268,0.04406632693013767,0.01,159,10,137
cast19,rr,60,0.01,active_judge,253,2368,1050,0,0,0.0,0.19211458461519143,0.06897943603869268,0.04406632693013767,0.01,159,10,137
cast19,rr,60,0.01,strat_pilot,253,2401,1050,0,0,0.0,0.06893337331796753,0.06897943603869268,0.04406632693013767,0.01,159,10,137
cast19,rr,60,0.01,weighted_cv,253,2377,1050,0,0,0.0,0.06229121615989527,0.06897943603869268,0.04406632693013767,0.01,159,10,137
cast19,rr,60,0.01,active_cv,253,2438,1050,0,0,0.0,0.09083151885797609,0.06897943603869268,0.04406632693013767,0.01,159,10,137
cast19,rr,60,0.01,weighted_cvl,253,2418,1050,1,0,0.0,0.04373715016634764,0.06897943603869268,0.04406632693013767,0.01,159,10,137
cast19,rr,60,0.01,uniform,254,2790,897,0,0,0.015726393584047482,0.08371860377850157,0.04750127580801033,0.029306889227554866,-0.005726393584047482,159,14,136
cast19,rr,60,0.01,uniform_nz,254,2823,897,0,0,0.015726393584047482,0.058824680574978014,0.04750127580801033,0.029306889227554866,-0.005726393584047482,159,14,136
cast19,rr,60,0.01,weighted,254,2737,897,0,0,0.015726393584047482,0.04750127580801033,0.04750127580801033,0.029306889227554866,-0.005726393584047482,159,14,136
cast19,rr,60,0.01,active_judge,254,2817,897,0,0,0.015726393584047482,0.1184136289545902,0.04750127580801033,0.029306889227554866,-0.005726393584047482,159,14,136
cast19,rr,60,0.01,strat_pilot,254,2860,897,0,0,0.015726393584047482,0.047396834707468576,0.04750127580801033,0.029306889227554866,-0.005726393584047482,159,14,136
cast19,rr,60,0.01,weighted_cv,254,2836,897,0,0,0.015726393584047482,0.06557542841618583,0.04750127580801033,0.029306889227554866,-0.005726393584047482,159,14,136
cast19,rr,60,0.01,active_cv,254,2767,897,0,0,0.015726393584047482,0.11685737132169842,0.04750127580801033,0.029306889227554866,-0.005726393584047482,159,14,136
cast19,rr,60,0.01,weighted_cvl,254,2768,897,0,0,0.015726393584047482,0.04837362724645672,0.04750127580801033,0.029306889227554866,-0.005726393584047482,159,14,136
cast19,rr,60,0.01,uniform,255,2932,990,0,0,0.008091877064000386,0.19827484802032697,0.08507986517479169,0.02465417957627542,0.0019081229359996146,159,14,136
cast19,rr,60,0.01,uniform_nz,255,2871,990,0,0,0.008091877064000386,0.13295104079345726,0.08507986517479169,0.02465417957627542,0.0019081229359996146,159,14,136
cast19,rr,60,0.01,weighted,255,2853,990,0,0,0.008091877064000386,0.08507986517479169,0.08507986517479169,0.02465417957627542,0.0019081229359996146,159,14,136
cast19,rr,60,0.01,active_judge,255,2884,990,0,0,0.008091877064000386,0.16910340633842721,0.08507986517479169,0.02465417957627542,0.0019081229359996146,159,14,136
cast19,rr,60,0.01,strat_pilot,255,2928,990,0,0,0.008091877064000386,0.08526196432395616,0.08507986517479169,0.02465417957627542,0.0019081229359996146,159,14,136
cast19,rr,60,0.01,weighted_cv,255,2883,990,0,0,0.008091877064000386,0.10049219403462395,0.08507986517479169,0.02465417957627542,0.0019081229359996146,159,14,136
cast19,rr,60,0.01,active_cv,255,2870,990,0,0,0.008091877064000386,0.2210038946954062,0.08507986517479169,0.02465417957627542,0.0019081229359996146,159,14,136
cast19,rr,60,0.01,weighted_cvl,255,2936,990,0,0,0.008091877064000386,0.0554869875346259,0.08507986517479169,0.02465417957627542,0.0019081229359996146,159,14,136
cast19,rr,60,0.01,uniform,256,2307,944,0,0,0.0,0.6154956770954965,0.1192286232025542,0.027479512661401216,0.01,159,10,137
cast19,rr,60,0.01,uniform_nz,256,2315,944,0,0,0.0,0.29063342120682345,0.1192286232025542,0.027479512661401216,0.01,159,10,137
cast19,rr,60,0.01,weighted,256,2330,944,0,0,0.0,0.1192286232025542,0.1192286232025542,0.027479512661401216,0.01,159,10,137
cast19,rr,60,0.01,active_judge,256,2305,944,0,0,0.0,0.2993721812295702,0.1192286232025542,0.027479512661401216,0.01,159,10,137
cast19,rr,60,0.01,strat_pilot,256,2293,944,1,0,0.0,0.11924995657667341,0.1192286232025542,0.027479512661401216,0.01,159,10,137
cast19,rr,60,0.01,weighted_cv,256,2340,944,1,0,0.0,0.07233189967994012,0.1192286232025542,0.027479512661401216,0.01,159,10,137
cast19,rr,60,0.01,active_cv,256,2310,944,1,0,0.0,0.1098699247755289,0.1192286232025542,0.027479512661401216,0.01,159,10,137
cast19,rr,60,0.01,weighted_cvl,256,2312,944,1,0,0.0,0.07187824738013558,0.1192286232025542,0.027479512661401216,0.01,159,10,137
cast19,rr,60,0.01,uniform,257,2827,972,1,0,0.0012274303658285635,0.17570973024474337,0.09419697615312524,0.04856293868097273,0.008772569634171437,159,14,136
cast19,rr,60,0.01,uniform_nz,257,2883,972,0,0,0.0012274303658285635,0.11785521073818392,0.09419697615312524,0.04856293868097273,0.008772569634171437,159,14,136
cast19,rr,60,0.01,weighted,257,2848,972,0,0,0.0012274303658285635,0.09419697615312524,0.09419697615312524,0.04856293868097273,0.008772569634171437,159,14,136
cast19,rr,60,0.01,active_judge,257,2882,972,0,0,0.0012274303658285635,0.2515916155705607,0.09419697615312524,0.04856293868097273,0.008772569634171437,159,14,136
cast19,rr,60,0.01,strat_pilot,257,2869,972,1,0,0.0012274303658285635,0.094081241564843,0.09419697615312524,0.04856293868097273,0.008772569634171437,159,14,136
cast19,rr,60,0.01,weighted_cv,257,2872,972,0,0,0.0012274303658285635,0.10571474181111296,0.09419697615312524,0.04856293868097273,0.008772569634171437,159,14,136
cast19,rr,60,0.01,active_cv,257,2875,972,0,0,0.0012274303658285635,0.17070192828422984,0.09419697615312524,0.04856293868097273,0.008772569634171437,159,14,136
cast19,rr,60,0.01,weighted_cvl,257,2909,972,0,0,0.0012274303658285635,0.07968214038474569,0.09419697615312524,0.04856293868097273,0.008772569634171437,159,14,136
cast19,rr,60,0.01,uniform,258,2040,946,0,0,0.008696320122512924,0.07888568360323744,0.026752571729266084,0.016485386818204162,0.0013036798774870764,159,8,138
cast19,rr,60,0.01,uniform_nz,258,2040,946,0,0,0.008696320122512924,0.031376595600502086,0.026752571729266084,0.016485386818204162,0.0013036798774870764,159,8,138
cast19,rr,60,0.01,weighted,258,2015,946,0,0,0.008696320122512924,0.026752571729266084,0.026752571729266084,0.016485386818204162,0.0013036798774870764,159,8,138
cast19,rr,60,0.01,active_judge,258,2019,946,0,0,0.008696320122512924,0.06724893215246494,0.026752571729266084,0.016485386818204162,0.0013036798774870764,159,8,138
cast19,rr,60,0.01,strat_pilot,258,2065,946,0,0,0.008696320122512924,0.026750989910372103,0.026752571729266084,0.016485386818204162,0.0013036798774870764,159,8,138
cast19,rr,60,0.01,weighted_cv,258,2058,946,0,0,0.008696320122512924,0.03493254874284447,0.026752571729266084,0.016485386818204162,0.0013036798774870764,159,8,138
cast19,rr,60,0.01,active_cv,258,2016,946,0,0,0.008696320122512924,0.059724591703104624,0.026752571729266084,0.016485386818204162,0.0013036798774870764,159,8,138
cast19,rr,60,0.01,weighted_cvl,258,2009,946,0,0,0.008696320122512924,0.01657923081756979,0.026752571729266084,0.016485386818204162,0.0013036798774870764,159,8,138
cast19,rr,60,0.01,uniform,259,2351,917,0,0,0.011657742266557358,0.14648324491541506,0.05840999115259504,0.0375294396987256,-0.001657742266557358,159,10,137
cast19,rr,60,0.01,uniform_nz,259,2330,917,0,0,0.011657742266557358,0.06963806171114448,0.05840999115259504,0.0375294396987256,-0.001657742266557358,159,10,137
cast19,rr,60,0.01,weighted,259,2322,917,0,0,0.011657742266557358,0.05840999115259504,0.05840999115259504,0.0375294396987256,-0.001657742266557358,159,10,137
cast19,rr,60,0.01,active_judge,259,2281,917,0,0,0.011657742266557358,0.15432708937962944,0.05840999115259504,0.0375294396987256,-0.001657742266557358,159,10,137
cast19,rr,60,0.01,strat_pilot,259,2277,917,0,0,0.011657742266557358,0.05830997681244041,0.05840999115259504,0.0375294396987256,-0.001657742266557358,159,10,137
cast19,rr,60,0.01,weighted_cv,259,2245,917,0,0,0.011657742266557358,0.048566964598932456,0.05840999115259504,0.0375294396987256,-0.001657742266557358,159,10,137
cast19,rr,60,0.01,active_cv,259,2249,917,0,0,0.011657742266557358,0.081760311045461,0.05840999115259504,0.0375294396987256,-0.001657742266557358,159,10,137
cast19,rr,60,0.01,weighted_cvl,259,2294,917,0,0,0.011657742266557358,0.048566964598932456,0.05840999115259504,0.0375294396987256,-0.001657742266557358,159,10,137
cast19,rr,60,0.01,uniform,260,2408,1018,0,0,0.0061106890040972806,0.13594734473591646,0.052040018750206675,0.02473219020341144,0.0038893109959027197,159,10,137
cast19,rr,60,0.01,uniform_nz,260,2378,1018,0,0,0.0061106890040972806,0.06805171737223456,0.052040018750206675,0.02473219020341144,0.0038893109959027197,159,10,137
cast19,rr,60,0.01,weighted,260,2372,1018,0,0,0.0061106890040972806,0.052040018750206675,0.052040018750206675,0.02473219020341144,0.0038893109959027197,159,10,137
cast19,rr,60,0.01,active_judge,260,2387,1018,0,0,0.0061106890040972806,0.11430042191244776,0.052040018750206675,0.02473219020341144,0.0038893109959027197,159,10,137
cast19,rr,60,0.01,strat_pilot,260,2428,1018,0,0,0.0061106890040972806,0.051961415755674964,0.052040018750206675,0.02473219020341144,0.0038893109959027197,159,10,137
cast19,rr,60,0.01,weighted_cv,260,2403,1018,0,0,0.0061106890040972806,0.07031315070715749,0.052040018750206675,0.02473219020341144,0.0038893109959027197,159,10,137
cast19,rr,60,0.01,active_cv,260,2377,1018,0,0,0.0061106890040972806,0.13250087241770808,0.052040018750206675,0.02473219020341144,0.0038893109959027197,159,10,137
cast19,rr,60,0.01,weighted_cvl,260,2371,1018,0,0,0.0061106890040972806,0.045789379860500835,0.052040018750206675,0.02473219020341144,0.0038893109959027197,159,10,137
cast19,rr,60,0.01,uniform,261,2401,1008,0,0,0.0,0.1485956732534229,0.043278649927633916,0.03084044674795449,0.01,159,10,137
cast19,rr,60,0.01,uniform_nz,261,2343,1008,0,0,0.0,0.058398154583819126,0.043278649927633916,0.03084044674795449,0.01,159,10,137
cast19,rr,60,0.01,weighted,261,2324,1008,0,0,0.0,0.043278649927633916,0.043278649927633916,0.03084044674795449,0.01,159,10,137
cast19,rr,60,0.01,active_judge,261,2393,1008,0,0,0.0,0.11419960839761975,0.043278649927633916,0.03084044674795449,0.01,159,10,137
cast19,rr,60,0.01,strat_pilot,261,2392,1008,0,0,0.0,0.04312164061131691,0.043278649927633916,0.03084044674795449,0.01,159,10,137
cast19,rr,60,0.01,weighted_cv,261,2375,1008,1,0,0.0,0.04636755687007536,0.043278649927633916,0.03084044674795449,0.01,159,10,137
cast19,rr,60,0.01,active_cv,261,2372,1008,0,0,0.0,0.060454572546571536,0.043278649927633916,0.03084044674795449,0.01,159,10,137
cast19,rr,60,0.01,weighted_cvl,261,2344,1008,0,0,0.0,0.04636755687007536,0.043278649927633916,0.03084044674795449,0.01,159,10,137
cast19,rr,60,0.01,uniform,262,2351,959,1,0,0.007699542318434616,0.2424989112197582,0.053428466022868194,0.03917081717408141,0.0023004576815653845,159,10,137
cast19,rr,60,0.01,uniform_nz,262,2336,959,0,0,0.007699542318434616,0.10444721665383994,0.053428466022868194,0.03917081717408141,0.0023004576815653845,159,10,137
cast19,rr,60,0.01,weighted,262,2328,959,0,0,0.007699542318434616,0.053428466022868194,0.053428466022868194,0.03917081717408141,0.0023004576815653845,159,10,137
cast19,rr,60,0.01,active_judge,262,2356,959,0,0,0.007699542318434616,0.12888424557568284,0.053428466022868194,0.03917081717408141,0.0023004576815653845,159,10,137
cast19,rr,60,0.01,strat_pilot,262,2338,959,0,0,0.007699542318434616,0.0532997101701328,0.053428466022868194,0.03917081717408141,0.0023004576815653845,159,10,137
cast19,rr,60,0.01,weighted_cv,262,2347,959,0,0,0.007699542318434616,0.040789223516356714,0.053428466022868194,0.03917081717408141,0.0023004576815653845,159,10,137
cast19,rr,60,0.01,active_cv,262,2292,959,0,0,0.007699542318434616,0.05987550843018785,0.053428466022868194,0.03917081717408141,0.0023004576815653845,159,10,137
cast19,rr,60,0.01,weighted_cvl,262,2294,959,0,0,0.007699542318434616,0.03561521424230875,0.053428466022868194,0.03917081717408141,0.0023004576815653845,159,10,137
cast19,rr,60,0.01,uniform,263,2346,968,0,0,0.0,0.11204950867539028,0.04625133562438281,0.031210669787429784,0.01,159,10,137
cast19,rr,60,0.01,uniform_nz,263,2322,968,0,0,0.0,0.051917142781180745,0.04625133562438281,0.031210669787429784,0.01,159,10,137
cast19,rr,60,0.01,weighted,263,2333,968,0,0,0.0,0.04625133562438281,0.04625133562438281,0.031210669787429784,0.01,159,10,137
cast19,rr,60,0.01,active_judge,263,2309,968,0,0,0.0,0.09007269336668886,0.04625133562438281,0.031210669787429784,0.01,159,10,137
cast19,rr,60,0.01,strat_pilot,263,2309,968,0,0,0.0,0.0462230391019325,0.04625133562438281,0.031210669787429784,0.01,159,10,137
cast19,rr,60,0.01,weighted_cv,263,2319,968,1,0,0.0,0.05655284038681235,0.04625133562438281,0.031210669787429784,0.01,159,10,137
cast19,rr,60,0.01,active_cv,263,2333,968,0,0,0.0,0.10331174956034272,0.04625133562438281,0.031210669787429784,0.01,159,10,137
cast19,rr,60,0.01,weighted_cvl,263,2339,968,0,0,0.0,0.0385361167513444,0.04625133562438281,0.031210669787429784,0.01,159,10,137
cast19,rr,60,0.01,uniform,264,2330,959,0,0,0.018712356664819907,0.07021628146107546,0.027618915089265096,0.01642981868567412,-0.008712356664819907,159,10,138
cast19,rr,60,0.01,uniform_nz,264,2298,959,0,0,0.018712356664819907,0.03287033819785515,0.027618915089265096,0.01642981868567412,-0.008712356664819907,159,10,138
cast19,rr,60,0.01,weighted,264,2320,959,0,0,0.018712356664819907,0.027618915089265096,0.027618915089265096,0.01642981868567412,-0.008712356664819907,159,10,138
cast19,rr,60,0.01,active_judge,264,2311,959,0,0,0.018712356664819907,0.08496216824496242,0.027618915089265096,0.01642981868567412,-0.008712356664819907,159,10,138
cast19,rr,60,0.01,strat_pilot,264,2335,959,0,0,0.018712356664819907,0.027570214169359685,0.027618915089265096,0.01642981868567412,-0.008712356664819907,159,10,138
cast19,rr,60,0.01,weighted_cv,264,2305,959,0,0,0.018712356664819907,0.02668987038480447,0.027618915089265096,0.01642981868567412,-0.008712356664819907,159,10,138
cast19,rr,60,0.01,active_cv,264,2324,959,0,0,0.018712356664819907,0.04435723378377132,0.027618915089265096,0.01642981868567412,-0.008712356664819907,159,10,138
cast19,rr,60,0.01,weighted_cvl,264,2387,959,0,0,0.018712356664819907,0.014118975364523672,0.027618915089265096,0.01642981868567412,-0.008712356664819907,159,10,138
cast19,rr,60,0.01,uniform,265,2362,966,0,0,0.0,0.15235425266160146,0.06327098190256453,0.026913515406162464,0.01,159,10,137
cast19,rr,60,0.01,uniform_nz,265,2326,966,1,0,0.0,0.06992134862061387,0.06327098190256453,0.026913515406162464,0.01,159,10,137
cast19,rr,60,0.01,weighted,265,2319,966,1,0,0.0,0.06327098190256453,0.06327098190256453,0.026913515406162464,0.01,159,10,137
cast19,rr,60,0.01,active_judge,265,2339,966,1,0,0.0,0.14301289545542223,0.06327098190256453,0.026913515406162464,0.01,159,10,137
cast19,rr,60,0.01,strat_pilot,265,2378,966,1,0,0.0,0.06331990405801935,0.06327098190256453,0.026913515406162464,0.01,159,10,137
cast19,rr,60,0.01,weighted_cv,265,2370,966,1,0,0.0,0.0910945487000496,0.06327098190256453,0.026913515406162464,0.01,159,10,137
cast19,rr,60,0.01,active_cv,265,2320,966,1,0,0.0,0.13859360078056965,0.06327098190256453,0.026913515406162464,0.01,159,10,137
cast19,rr,60,0.01,weighted_cvl,265,2308,966,1,0,0.0,0.05603613302248371,0.06327098190256453,0.026913515406162464,0.01,159,10,137
cast19,rr,60,0.01,uniform,266,2923,1018,0,0,0.015909831739183755,0.16668886348308826,0.08176809055254879,0.016942179917294322,-0.005909831739183755,159,14,136
cast19,rr,60,0.01,uniform_nz,266,2868,1018,0,0,0.015909831739183755,0.10164042225629258,0.08176809055254879,0.016942179917294322,-0.005909831739183755,159,14,136
cast19,rr,60,0.01,weighted,266,2867,1018,0,0,0.015909831739183755,0.08176809055254879,0.08176809055254879,0.016942179917294322,-0.005909831739183755,159,14,136
cast19,rr,60,0.01,active_judge,266,2944,1018,0,0,0.015909831739183755,0.18566072641944703,0.08176809055254879,0.016942179917294322,-0.005909831739183755,159,14,136
cast19,rr,60,0.01,strat_pilot,266,2905,1018,0,0,0.015909831739183755,0.08183996939821589,0.08176809055254879,0.016942179917294322,-0.005909831739183755,159,14,136
cast19,rr,60,0.01,weighted_cv,266,2933,1018,0,0,0.015909831739183755,0.0863493730114943,0.08176809055254879,0.016942179917294322,-0.005909831739183755,159,14,136
cast19,rr,60,0.01,active_cv,266,2927,1018,0,0,0.015909831739183755,0.16124385844660863,0.08176809055254879,0.016942179917294322,-0.005909831739183755,159,14,136
cast19,rr,60,0.01,weighted_cvl,266,2896,1018,0,0,0.015909831739183755,0.05686335208844916,0.08176809055254879,0.016942179917294322,-0.005909831739183755,159,14,136
cast19,rr,60,0.01,uniform,267,2439,1031,0,0,0.0,0.9917649626921523,0.05326201033444844,0.04884595469658433,0.01,159,10,137
cast19,rr,60,0.01,uniform_nz,267,2445,1031,1,0,0.0,0.4735860788271788,0.05326201033444844,0.04884595469658433,0.01,159,10,137
cast19,rr,60,0.01,weighted,267,2422,1031,0,0,0.0,0.05326201033444844,0.05326201033444844,0.04884595469658433,0.01,159,10,137
cast19,rr,60,0.01,active_judge,267,2398,1031,0,0,0.0,0.12958800284321356,0.05326201033444844,0.04884595469658433,0.01,159,10,137
cast19,rr,60,0.01,strat_pilot,267,2392,1031,1,0,0.0,0.05322847733226262,0.05326201033444844,0.04884595469658433,0.01,159,10,137
cast19,rr,60,0.01,weighted_cv,267,2385,1031,1,0,0.0,0.06658004796644759,0.05326201033444844,0.04884595469658433,0.01,159,10,137
cast19,rr,60,0.01,active_cv,267,2437,1031,0,0,0.0,0.09549050214679196,0.05326201033444844,0.04884595469658433,0.01,159,10,137
cast19,rr,60,0.01,weighted_cvl,267,2404,1031,1,0,0.0,0.06658004796644759,0.05326201033444844,0.04884595469658433,0.01,159,10,137
cast19,rr,60,0.01,uniform,268,2979,1053,1,0,0.004684476569710383,0.12218491297062854,0.05156318395008267,0.033037535023575856,0.005315523430289617,159,14,136
cast19,rr,60,0.01,uniform_nz,268,2980,1053,0,0,0.004684476569710383,0.06812771589110415,0.05156318395008267,0.033037535023575856,0.005315523430289617,159,14,136
cast19,rr,60,0.01,weighted,268,2938,1053,0,0,0.004684476569710383,0.05156318395008267,0.05156318395008267,0.033037535023575856,0.005315523430289617,159,14,136
cast19,rr,60,0.01,active_judge,268,2960,1053,0,0,0.004684476569710383,0.13035695298599176,0.05156318395008267,0.033037535023575856,0.005315523430289617,159,14,136
cast19,rr,60,0.01,strat_pilot,268,2939,1053,0,0,0.004684476569710383,0.0516559372236499,0.05156318395008267,0.033037535023575856,0.005315523430289617,159,14,136
cast19,rr,60,0.01,weighted_cv,268,2933,1053,0,0,0.004684476569710383,0.08898814356584853,0.05156318395008267,0.033037535023575856,0.005315523430289617,159,14,136
cast19,rr,60,0.01,active_cv,268,2909,1053,0,0,0.004684476569710383,0.14962409055886275,0.05156318395008267,0.033037535023575856,0.005315523430289617,159,14,136
cast19,rr,60,0.01,weighted_cvl,268,2965,1053,0,0,0.004684476569710383,0.05156318395008267,0.05156318395008267,0.033037535023575856,0.005315523430289617,159,14,136
cast19,rr,60,0.01,uniform,269,3024,1098,0,0,0.0020239894414924575,0.11679037922635757,0.05996346905425045,0.023789729630522463,0.007976010558507543,159,14,136
cast19,rr,60,0.01,uniform_nz,269,2967,1098,0,0,0.0020239894414924575,0.06959238084368805,0.05996346905425045,0.023789729630522463,0.007976010558507543,159,14,136
cast19,rr,60,0.01,weighted,269,3007,1098,1,0,0.0020239894414924575,0.05996346905425045,0.05996346905425045,0.023789729630522463,0.007976010558507543,159,14,136
cast19,rr,60,0.01,active_judge,269,2990,1098,0,0,0.0020239894414924575,0.16226052401236984,0.05996346905425045,0.023789729630522463,0.007976010558507543,159,14,136
cast19,rr,60,0.01,strat_pilot,269,3013,1098,0,0,0.0020239894414924575,0.06006589328094088,0.05996346905425045,0.023789729630522463,0.007976010558507543,159,14,136
cast19,rr,60,0.01,weighted_cv,269,3050,1098,0,0,0.0020239894414924575,0.0986497510700495,0.05996346905425045,0.023789729630522463,0.007976010558507543,159,14,136
cast19,rr,60,0.01,active_cv,269,2986,1098,0,0,0.0020239894414924575,0.1736296470647638,0.05996346905425045,0.023789729630522463,0.007976010558507543,159,14,136
cast19,rr,60,0.01,weighted_cvl,269,3048,1098,0,0,0.0020239894414924575,0.04979086433297371,0.05996346905425045,0.023789729630522463,0.007976010558507543,159,14,136
cast19,rr,60,0.01,uniform,270,2331,942,0,0,0.0,0.7477449745282896,0.09162165802620079,0.01106821920171631,0.01,159,10,137
cast19,rr,60,0.01,uniform_nz,270,2315,942,1,0,0.0,0.29924617629732014,0.09162165802620079,0.01106821920171631,0.01,159,10,137
cast19,rr,60,0.01,weighted,270,2261,942,1,0,0.0,0.09162165802620079,0.09162165802620079,0.01106821920171631,0.01,159,10,137
cast19,rr,60,0.01,active_judge,270,2343,942,0,0,0.0,0.22610001051863665,0.09162165802620079,0.01106821920171631,0.01,159,10,137
cast19,rr,60,0.01,strat_pilot,270,2313,942,0,0,0.0,0.09162243377787416,0.09162165802620079,0.01106821920171631,0.01,159,10,137
cast19,rr,60,0.01,weighted_cv,270,2301,942,0,0,0.0,0.06860912569436477,0.09162165802620079,0.01106821920171631,0.01,159,10,137
cast19,rr,60,0.01,active_cv,270,2284,942,1,0,0.0,0.08914284020344951,0.09162165802620079,0.01106821920171631,0.01,159,10,137
cast19,rr,60,0.01,weighted_cvl,270,2335,942,0,0,0.0,0.06860912569436477,0.09162165802620079,0.01106821920171631,0.01,159,10,137
cast19,rr,60,0.01,uniform,271,2900,995,0,0,0.012073838308858165,0.18760547117738616,0.09493895276289771,0.027227877487249544,-0.0020738383088581645,159,14,136
cast19,rr,60,0.01,uniform_nz,271,2918,995,1,1,0.012073838308858165,0.12154015158282913,0.09493895276289771,0.027227877487249544,-0.0020738383088581645,159,14,136
cast19,rr,60,0.01,weighted,271,2901,995,0,0,0.012073838308858165,0.09493895276289771,0.09493895276289771,0.027227877487249544,-0.0020738383088581645,159,14,136
cast19,rr,60,0.01,active_judge,271,2934,995,0,0,0.012073838308858165,0.21926144044371165,0.09493895276289771,0.027227877487249544,-0.0020738383088581645,159,14,136
cast19,rr,60,0.01,strat_pilot,271,2887,995,0,0,0.012073838308858165,0.09510656521623553,0.09493895276289771,0.027227877487249544,-0.0020738383088581645,159,14,136
cast19,rr,60,0.01,weighted_cv,271,2876,995,0,0,0.012073838308858165,0.0711808421734007,0.09493895276289771,0.027227877487249544,-0.0020738383088581645,159,14,136
cast19,rr,60,0.01,active_cv,271,2829,995,0,0,0.012073838308858165,0.11031064257987733,0.09493895276289771,0.027227877487249544,-0.0020738383088581645,159,14,136
cast19,rr,60,0.01,weighted_cvl,271,2908,995,0,0,0.012073838308858165,0.05953649935189341,0.09493895276289771,0.027227877487249544,-0.0020738383088581645,159,14,136
cast19,rr,60,0.01,uniform,272,2939,1021,0,0,0.0,0.28207757972759007,0.07615510437612309,0.024750069618490668,0.01,159,14,136
cast19,rr,60,0.01,uniform_nz,272,2935,1021,0,0,0.0,0.19528086123322402,0.07615510437612309,0.024750069618490668,0.01,159,14,136
cast19,rr,60,0.01,weighted,272,2898,1021,0,0,0.0,0.07615510437612309,0.07615510437612309,0.024750069618490668,0.01,159,14,136
cast19,rr,60,0.01,active_judge,272,2876,1021,0,0,0.0,0.2598345524656679,0.07615510437612309,0.024750069618490668,0.01,159,14,136
cast19,rr,60,0.01,strat_pilot,272,2943,1021,0,0,0.0,0.07629396992782785,0.07615510437612309,0.024750069618490668,0.01,159,14,136
cast19,rr,60,0.01,weighted_cv,272,2925,1021,0,0,0.0,0.16667363181294365,0.07615510437612309,0.024750069618490668,0.01,159,14,136
cast19,rr,60,0.01,active_cv,272,2936,1021,1,0,0.0,0.26206524087335453,0.07615510437612309,0.024750069618490668,0.01,159,14,136
cast19,rr,60,0.01,weighted_cvl,272,2935,1021,0,0,0.0,0.07529746353251385,0.07615510437612309,0.024750069618490668,0.01,159,14,136
cast19,rr,60,0.01,uniform,273,2275,907,0,0,0.0,0.07915118616243075,0.03162964779405615,0.04040414795454167,0.01,159,10,137
cast19,rr,60,0.01,uniform_nz,273,2247,907,0,0,0.0,0.03698013260103365,0.03162964779405615,0.04040414795454167,0.01,159,10,137
cast19,rr,60,0.01,weighted,273,2284,907,0,0,0.0,0.03162964779405615,0.03162964779405615,0.04040414795454167,0.01,159,10,137
cast19,rr,60,0.01,active_judge,273,2255,907,0,0,0.0,0.07881564350048448,0.03162964779405615,0.04040414795454167,0.01,159,10,137
cast19,rr,60,0.01,strat_pilot,273,2260,907,0,0,0.0,0.031638102638285856,0.03162964779405615,0.04040414795454167,0.01,159,10,137
cast19,rr,60,0.01,weighted_cv,273,2278,907,0,0,0.0,0.05217763729504975,0.03162964779405615,0.04040414795454167,0.01,159,10,137
cast19,rr,60,0.01,active_cv,273,2269,907,0,0,0.0,0.07597529504091398,0.03162964779405615,0.04040414795454167,0.01,159,10,137
cast19,rr,60,0.01,weighted_cvl,273,2251,907,0,0,0.0,0.02500223855901238,0.03162964779405615,0.04040414795454167,0.01,159,10,137
cast19,rr,60,0.01,uniform,274,2343,965,0,0,0.01281906959309187,0.17669293401950345,0.051510921891969805,0.04653353496348853,-0.0028190695930918695,159,10,137
cast19,rr,60,0.01,uniform_nz,274,2327,965,0,0,0.01281906959309187,0.08095559937970509,0.051510921891969805,0.04653353496348853,-0.0028190695930918695,159,10,137
cast19,rr,60,0.01,weighted,274,2347,965,0,0,0.01281906959309187,0.051510921891969805,0.051510921891969805,0.04653353496348853,-0.0028190695930918695,159,10,137
cast19,rr,60,0.01,active_judge,274,2344,965,0,0,0.01281906959309187,0.15008713231500292,0.051510921891969805,0.04653353496348853,-0.0028190695930918695,159,10,137
cast19,rr,60,0.01,strat_pilot,274,2370,965,0,0,0.01281906959309187,0.051470158395486965,0.051510921891969805,0.04653353496348853,-0.0028190695930918695,159,10,137
cast19,rr,60,0.01,weighted_cv,274,2352,965,0,0,0.01281906959309187,0.023840571209324292,0.051510921891969805,0.04653353496348853,-0.0028190695930918695,159,10,137
cast19,rr,60,0.01,active_cv,274,2374,965,0,0,0.01281906959309187,0.027696944866095398,0.051510921891969805,0.04653353496348853,-0.0028190695930918695,159,10,137
cast19,rr,60,0.01,weighted_cvl,274,2324,965,0,0,0.01281906959309187,0.01925136846963661,0.051510921891969805,0.04653353496348853,-0.0028190695930918695,159,10,137
cast19,rr,60,0.01,uniform,275,2111,962,0,0,0.0,0.09677152877235864,0.031928278528257865,0.012375922581030936,0.01,159,9,124
cast19,rr,60,0.01,uniform_nz,275,2008,962,0,0,0.0,0.03496135724629076,0.031928278528257865,0.012375922581030936,0.01,159,9,124
cast19,rr,60,0.01,weighted,275,2019,962,0,0,0.0,0.031928278528257865,0.031928278528257865,0.012375922581030936,0.01,159,9,124
cast19,rr,60,0.01,active_judge,275,2031,962,0,0,0.0,0.0512222067758993,0.031928278528257865,0.012375922581030936,0.01,159,9,124
cast19,rr,60,0.01,strat_pilot,275,2015,962,0,0,0.0,0.031917595140741134,0.031928278528257865,0.012375922581030936,0.01,159,9,124
cast19,rr,60,0.01,weighted_cv,275,1994,962,0,0,0.0,0.036951415088750425,0.031928278528257865,0.012375922581030936,0.01,159,9,124
cast19,rr,60,0.01,active_cv,275,2032,962,0,0,0.0,0.06544613604112753,0.031928278528257865,0.012375922581030936,0.01,159,9,124
cast19,rr,60,0.01,weighted_cvl,275,1955,962,1,0,0.0,0.017072747122240987,0.031928278528257865,0.012375922581030936,0.01,159,9,124
cast19,rr,60,0.01,uniform,276,2197,994,0,0,0.0,0.1415795949223524,0.037733926628424654,0.017851376349828352,0.01,159,9,131
cast19,rr,60,0.01,uniform_nz,276,2140,994,0,0,0.0,0.041521312655995894,0.037733926628424654,0.017851376349828352,0.01,159,9,131
cast19,rr,60,0.01,weighted,276,2122,994,0,0,0.0,0.037733926628424654,0.037733926628424654,0.017851376349828352,0.01,159,9,131
cast19,rr,60,0.01,active_judge,276,2133,994,0,0,0.0,0.06758718858639125,0.037733926628424654,0.017851376349828352,0.01,159,9,131
cast19,rr,60,0.01,strat_pilot,276,2144,994,0,0,0.0,0.03768905597022029,0.037733926628424654,0.017851376349828352,0.01,159,9,131
cast19,rr,60,0.01,weighted_cv,276,2124,994,0,0,0.0,0.04073548012034789,0.037733926628424654,0.017851376349828352,0.01,159,9,131
cast19,rr,60,0.01,active_cv,276,2131,994,0,0,0.0,0.08625640786310414,0.037733926628424654,0.017851376349828352,0.01,159,9,131
cast19,rr,60,0.01,weighted_cvl,276,2128,994,1,0,0.0,0.023357455859622355,0.037733926628424654,0.017851376349828352,0.01,159,9,131
cast19,rr,60,0.01,uniform,277,2338,983,0,0,0.007392397729670819,0.10638683969708292,0.035916859464478694,0.01681340546278627,0.0026076022703291814,159,10,137
cast19,rr,60,0.01,uniform_nz,277,2328,983,0,0,0.007392397729670819,0.037641459256810735,0.035916859464478694,0.01681340546278627,0.0026076022703291814,159,10,137
cast19,rr,60,0.01,weighted,277,2338,983,0,0,0.007392397729670819,0.035916859464478694,0.035916859464478694,0.01681340546278627,0.0026076022703291814,159,10,137
cast19,rr,60,0.01,active_judge,277,2315,983,0,0,0.007392397729670819,0.08068021848554477,0.035916859464478694,0.01681340546278627,0.0026076022703291814,159,10,137
cast19,rr,60,0.01,strat_pilot,277,2330,983,0,0,0.007392397729670819,0.03607521908018564,0.035916859464478694,0.01681340546278627,0.0026076022703291814,159,10,137
cast19,rr,60,0.01,weighted_cv,277,2325,983,0,0,0.007392397729670819,0.06737260665588975,0.035916859464478694,0.01681340546278627,0.0026076022703291814,159,10,137
cast19,rr,60,0.01,active_cv,277,2341,983,0,0,0.007392397729670819,0.14660711550997996,0.035916859464478694,0.01681340546278627,0.0026076022703291814,159,10,137
cast19,rr,60,0.01,weighted_cvl,277,2348,983,1,0,0.007392397729670819,0.02452209519592998,0.035916859464478694,0.01681340546278627,0.0026076022703291814,159,10,137
cast19,rr,60,0.01,uniform,278,2266,920,0,0,0.0,0.25903803094863376,0.08274358008379228,0.048450981283041455,0.01,159,10,137
cast19,rr,60,0.01,uniform_nz,278,2285,920,1,0,0.0,0.13091680554681479,0.08274358008379228,0.048450981283041455,0.01,159,10,137
cast19,rr,60,0.01,weighted,278,2321,920,1,0,0.0,0.08274358008379228,0.08274358008379228,0.048450981283041455,0.01,159,10,137
cast19,rr,60,0.01,active_judge,278,2260,920,0,0,0.0,0.21004943287457883,0.08274358008379228,0.048450981283041455,0.01,159,10,137
cast19,rr,60,0.01,strat_pilot,278,2270,920,1,0,0.0,0.08273690577246727,0.08274358008379228,0.048450981283041455,0.01,159,10,137
cast19,rr,60,0.01,weighted_cv,278,2242,920,1,0,0.0,0.09520943788564976,0.08274358008379228,0.048450981283041455,0.01,159,10,137
cast19,rr,60,0.01,active_cv,278,2269,920,1,0,0.0,0.14036964204725025,0.08274358008379228,0.048450981283041455,0.01,159,10,137
cast19,rr,60,0.01,weighted_cvl,278,2316,920,1,0,0.0,0.0508195469893162,0.08274358008379228,0.048450981283041455,0.01,159,10,137
cast19,rr,60,0.01,uniform,279,2317,968,1,0,0.0,0.1414530633861137,0.05436244487032672,0.02383147683070284,0.01,159,10,137
cast19,rr,60,0.01,uniform_nz,279,2325,968,0,0,0.0,0.0594859892342122,0.05436244487032672,0.02383147683070284,0.01,159,10,137
cast19,rr,60,0.01,weighted,279,2327,968,1,0,0.0,0.05436244487032672,0.05436244487032672,0.02383147683070284,0.01,159,10,137
cast19,rr,60,0.01,active_judge,279,2347,968,0,0,0.0,0.14449246080026984,0.05436244487032672,0.02383147683070284,0.01,159,10,137
cast19,rr,60,0.01,strat_pilot,279,2317,968,1,0,0.0,0.054215292827350915,0.05436244487032672,0.02383147683070284,0.01,159,10,137
cast19,rr,60,0.01,weighted_cv,279,2336,968,1,0,0.0,0.05125973483559883,0.05436244487032672,0.02383147683070284,0.01,159,10,137
cast19,rr,60,0.01,active_cv,279,2307,968,1,0,0.0,0.08391809146211578,0.05436244487032672,0.02383147683070284,0.01,159,10,137
cast19,rr,60,0.01,weighted_cvl,279,2403,968,0,0,0.0,0.037857506503746904,0.05436244487032672,0.02383147683070284,0.01,159,10,137
cast19,rr,60,0.01,uniform,280,2347,966,0,0,0.004647445251997062,0.3164595376885117,0.07779026481825854,0.01576651826845325,0.005352554748002938,159,10,137
cast19,rr,60,0.01,uniform_nz,280,2338,966,0,0,0.004647445251997062,0.10675968222466099,0.07779026481825854,0.01576651826845325,0.005352554748002938,159,10,137
cast19,rr,60,0.01,weighted,280,2358,966,0,0,0.004647445251997062,0.07779026481825854,0.07779026481825854,0.01576651826845325,0.005352554748002938,159,10,137
cast19,rr,60,0.01,active_judge,280,2349,966,0,0,0.004647445251997062,0.1728629237227007,0.07779026481825854,0.01576651826845325,0.005352554748002938,159,10,137
cast19,rr,60,0.01,strat_pilot,280,2315,966,0,0,0.004647445251997062,0.07785119372436125,0.07779026481825854,0.01576651826845325,0.005352554748002938,159,10,137
cast19,rr,60,0.01,weighted_cv,280,2340,966,0,0,0.004647445251997062,0.0927234334810979,0.07779026481825854,0.01576651826845325,0.005352554748002938,159,10,137
cast19,rr,60,0.01,active_cv,280,2350,966,0,0,0.004647445251997062,0.12817989250610656,0.07779026481825854,0.01576651826845325,0.005352554748002938,159,10,137
cast19,rr,60,0.01,weighted_cvl,280,2336,966,0,0,0.004647445251997062,0.0580526123143663,0.07779026481825854,0.01576651826845325,0.005352554748002938,159,10,137
cast19,rr,60,0.01,uniform,281,2284,880,0,0,0.0,0.15206613079523548,0.06295889124042742,0.05873328791091948,0.01,159,10,137
cast19,rr,60,0.01,uniform_nz,281,2223,880,0,0,0.0,0.07272820917078052,0.06295889124042742,0.05873328791091948,0.01,159,10,137
cast19,rr,60,0.01,weighted,281,2259,880,0,0,0.0,0.06295889124042742,0.06295889124042742,0.05873328791091948,0.01,159,10,137
cast19,rr,60,0.01,active_judge,281,2225,880,0,0,0.0,0.1846529262750341,0.06295889124042742,0.05873328791091948,0.01,159,10,137
cast19,rr,60,0.01,strat_pilot,281,2261,880,0,0,0.0,0.06267275122185123,0.06295889124042742,0.05873328791091948,0.01,159,10,137
cast19,rr,60,0.01,weighted_cv,281,2235,880,0,0,0.0,0.05782192428624115,0.06295889124042742,0.05873328791091948,0.01,159,10,137
cast19,rr,60,0.01,active_cv,281,2264,880,0,0,0.0,0.09217027757759427,0.06295889124042742,0.05873328791091948,0.01,159,10,137
cast19,rr,60,0.01,weighted_cvl,281,2258,880,0,0,0.0,0.04516934043599037,0.06295889124042742,0.05873328791091948,0.01,159,10,137
cast19,rr,60,0.01,uniform,282,2401,1027,0,0,0.0,0.5892930795997934,0.07214849627948139,0.07228546321218618,0.01,159,10,137
cast19,rr,60,0.01,uniform_nz,282,2424,1027,0,0,0.0,0.23587440347384706,0.07214849627948139,0.07228546321218618,0.01,159,10,137
cast19,rr,60,0.01,weighted,282,2395,1027,0,0,0.0,0.07214849627948139,0.07214849627948139,0.07228546321218618,0.01,159,10,137
cast19,rr,60,0.01,active_judge,282,2387,1027,0,0,0.0,0.2262307986433671,0.07214849627948139,0.07228546321218618,0.01,159,10,137
cast19,rr,60,0.01,strat_pilot,282,2354,1027,1,0,0.0,0.07202383261447005,0.07214849627948139,0.07228546321218618,0.01,159,10,137
cast19,rr,60,0.01,weighted_cv,282,2388,1027,1,0,0.0,0.06730085408844681,0.07214849627948139,0.07228546321218618,0.01,159,10,137
cast19,rr,60,0.01,active_cv,282,2391,1027,0,0,0.0,0.10315425747277902,0.07214849627948139,0.07228546321218618,0.01,159,10,137
cast19,rr,60,0.01,weighted_cvl,282,2393,1027,1,0,0.0,0.05379169320633749,0.07214849627948139,0.07228546321218618,0.01,159,10,137
cast19,rr,60,0.01,uniform,283,2278,969,0,0,0.002576143349884319,0.07170322943560029,0.028972565755987854,0.029289605736216986,0.007423856650115681,159,10,137
cast19,rr,60,0.01,uniform_nz,283,2404,969,0,0,0.002576143349884319,0.031638648815654126,0.028972565755987854,0.029289605736216986,0.007423856650115681,159,10,137
cast19,rr,60,0.01,weighted,283,2355,969,0,0,0.002576143349884319,0.028972565755987854,0.028972565755987854,0.029289605736216986,0.007423856650115681,159,10,137
cast19,rr,60,0.01,active_judge,283,2375,969,0,0,0.002576143349884319,0.056174905629172565,0.028972565755987854,0.029289605736216986,0.007423856650115681,159,10,137
cast19,rr,60,0.01,strat_pilot,283,2260,969,1,0,0.002576143349884319,0.028897262907200655,0.028972565755987854,0.029289605736216986,0.007423856650115681,159,10,137
cast19,rr,60,0.01,weighted_cv,283,2321,969,0,0,0.002576143349884319,0.02865332548444984,0.028972565755987854,0.029289605736216986,0.007423856650115681,159,10,137
cast19,rr,60,0.01,active_cv,283,2319,969,0,0,0.002576143349884319,0.04488302653876426,0.028972565755987854,0.029289605736216986,0.007423856650115681,159,10,137
cast19,rr,60,0.01,weighted_cvl,283,2310,969,0,0,0.002576143349884319,0.017656952562290905,0.028972565755987854,0.029289605736216986,0.007423856650115681,159,10,137
cast19,rr,60,0.01,uniform,284,2195,934,0,0,0.005882053198852377,0.5133981144584003,0.06228411489841752,0.01573361113019884,0.004117946801147623,159,9,137
cast19,rr,60,0.01,uniform_nz,284,2102,934,0,0,0.005882053198852377,0.18131911972714737,0.06228411489841752,0.01573361113019884,0.004117946801147623,159,9,137
cast19,rr,60,0.01,weighted,284,2140,934,1,0,0.005882053198852377,0.06228411489841752,0.06228411489841752,0.01573361113019884,0.004117946801147623,159,9,137
cast19,rr,60,0.01,active_judge,284,2178,934,0,0,0.005882053198852377,0.20411123360666633,0.06228411489841752,0.01573361113019884,0.004117946801147623,159,9,137
cast19,rr,60,0.01,strat_pilot,284,2120,934,1,0,0.005882053198852377,0.06231252604847663,0.06228411489841752,0.01573361113019884,0.004117946801147623,159,9,137
cast19,rr,60,0.01,weighted_cv,284,2161,934,0,0,0.005882053198852377,0.04231177070841198,0.06228411489841752,0.01573361113019884,0.004117946801147623,159,9,137
cast19,rr,60,0.01,active_cv,284,2174,934,0,0,0.005882053198852377,0.05247392945469648,0.06228411489841752,0.01573361113019884,0.004117946801147623,159,9,137
cast19,rr,60,0.01,weighted_cvl,284,2192,934,0,0,0.005882053198852377,0.027461390475546788,0.06228411489841752,0.01573361113019884,0.004117946801147623,159,9,137
cast19,rr,60,0.01,uniform,285,2247,881,0,0,0.0,0.8221187168871588,0.0761483544591817,0.051019705265195926,0.01,159,10,138
cast19,rr,60,0.01,uniform_nz,285,2308,881,0,0,0.0,0.4068319946300253,0.0761483544591817,0.051019705265195926,0.01,159,10,138
cast19,rr,60,0.01,weighted,285,2243,881,1,0,0.0,0.0761483544591817,0.0761483544591817,0.051019705265195926,0.01,159,10,138
cast19,rr,60,0.01,active_judge,285,2246,881,1,0,0.0,0.18699211344039623,0.0761483544591817,0.051019705265195926,0.01,159,10,138
cast19,rr,60,0.01,strat_pilot,285,2232,881,1,0,0.0,0.0761864187481456,0.0761483544591817,0.051019705265195926,0.01,159,10,138
cast19,rr,60,0.01,weighted_cv,285,2248,881,0,0,0.0,0.06379518679487285,0.0761483544591817,0.051019705265195926,0.01,159,10,138
cast19,rr,60,0.01,active_cv,285,2271,881,1,0,0.0,0.12744261040199428,0.0761483544591817,0.051019705265195926,0.01,159,10,138
cast19,rr,60,0.01,weighted_cvl,285,2223,881,1,0,0.0,0.03479939787947488,0.0761483544591817,0.051019705265195926,0.01,159,10,138
cast19,rr,60,0.01,uniform,286,2353,1000,0,0,0.0,0.20691837634103197,0.07482865015088376,0.015652749600959318,0.01,159,10,137
cast19,rr,60,0.01,uniform_nz,286,2338,1000,0,0,0.0,0.0909333224420886,0.07482865015088376,0.015652749600959318,0.01,159,10,137
cast19,rr,60,0.01,weighted,286,2341,1000,0,0,0.0,0.07482865015088376,0.07482865015088376,0.015652749600959318,0.01,159,10,137
cast19,rr,60,0.01,active_judge,286,2341,1000,0,0,0.0,0.16285744069178743,0.07482865015088376,0.015652749600959318,0.01,159,10,137
cast19,rr,60,0.01,strat_pilot,286,2411,1000,1,0,0.0,0.07486797240454855,0.07482865015088376,0.015652749600959318,0.01,159,10,137
cast19,rr,60,0.01,weighted_cv,286,2384,1000,0,0,0.0,0.06390977215501777,0.07482865015088376,0.015652749600959318,0.01,159,10,137
cast19,rr,60,0.01,active_cv,286,2371,1000,0,0,0.0,0.09293284552564354,0.07482865015088376,0.015652749600959318,0.01,159,10,137
cast19,rr,60,0.01,weighted_cvl,286,2332,1000,1,0,0.0,0.04568068521891787,0.07482865015088376,0.015652749600959318,0.01,159,10,137
cast19,rr,60,0.01,uniform,287,2297,974,0,0,0.0019921717169066877,0.061017337507671486,0.02741708296218262,0.05661848695209395,0.008007828283093313,159,10,137
cast19,rr,60,0.01,uniform_nz,287,2386,974,0,0,0.0019921717169066877,0.030751793591862288,0.02741708296218262,0.05661848695209395,0.008007828283093313,159,10,137
cast19,rr,60,0.01,weighted,287,2381,974,0,0,0.0019921717169066877,0.02741708296218262,0.02741708296218262,0.05661848695209395,0.008007828283093313,159,10,137
cast19,rr,60,0.01,active_judge,287,2353,974,0,0,0.0019921717169066877,0.10170218750839463,0.02741708296218262,0.05661848695209395,0.008007828283093313,159,10,137
cast19,rr,60,0.01,strat_pilot,287,2368,974,0,0,0.0019921717169066877,0.0269857124349691,0.02741708296218262,0.05661848695209395,0.008007828283093313,159,10,137
cast19,rr,60,0.01,weighted_cv,287,2389,974,0,0,0.0019921717169066877,0.0487369545501731,0.02741708296218262,0.05661848695209395,0.008007828283093313,159,10,137
cast19,rr,60,0.01,active_cv,287,2333,974,0,0,0.0019921717169066877,0.08828946466632281,0.02741708296218262,0.05661848695209395,0.008007828283093313,159,10,137
cast19,rr,60,0.01,weighted_cvl,287,2333,974,0,0,0.0019921717169066877,0.040672695972522974,0.02741708296218262,0.05661848695209395,0.008007828283093313,159,10,137
cast19,rr,60,0.01,uniform,288,2218,1008,0,0,0.0,0.1597371999292906,0.043999922651707005,0.014742676667817995,0.01,159,9,134
cast19,rr,60,0.01,uniform_nz,288,2232,1008,0,0,0.0,0.05123128583528321,0.043999922651707005,0.014742676667817995,0.01,159,9,134
cast19,rr,60,0.01,weighted,288,2209,1008,0,0,0.0,0.043999922651707005,0.043999922651707005,0.014742676667817995,0.01,159,9,134
cast19,rr,60,0.01,active_judge,288,2194,1008,0,0,0.0,0.07898354827742601,0.043999922651707005,0.014742676667817995,0.01,159,9,134
cast19,rr,60,0.01,strat_pilot,288,2215,1008,0,0,0.0,0.04381038826261803,0.043999922651707005,0.014742676667817995,0.01,159,9,134
cast19,rr,60,0.01,weighted_cv,288,2199,1008,0,0,0.0,0.028257838209420884,0.043999922651707005,0.014742676667817995,0.01,159,9,134
cast19,rr,60,0.01,active_cv,288,2182,1008,0,0,0.0,0.060314553701462284,0.043999922651707005,0.014742676667817995,0.01,159,9,134
cast19,rr,60,0.01,weighted_cvl,288,2198,1008,1,0,0.0,0.025789725875239755,0.043999922651707005,0.014742676667817995,0.01,159,9,134
cast19,rr,60,0.01,uniform,289,2333,956,0,0,0.0,0.2473863896551221,0.08522662903952072,0.016955628435891597,0.01,159,10,137
cast19,rr,60,0.01,uniform_nz,289,2355,956,0,0,0.0,0.118897923715048,0.08522662903952072,0.016955628435891597,0.01,159,10,137
cast19,rr,60,0.01,weighted,289,2310,956,0,0,0.0,0.08522662903952072,0.08522662903952072,0.016955628435891597,0.01,159,10,137
cast19,rr,60,0.01,active_judge,289,2341,956,0,0,0.0,0.20023369594212315,0.08522662903952072,0.016955628435891597,0.01,159,10,137
cast19,rr,60,0.01,strat_pilot,289,2324,956,1,0,0.0,0.08514359492055967,0.08522662903952072,0.016955628435891597,0.01,159,10,137
cast19,rr,60,0.01,weighted_cv,289,2326,956,0,0,0.0,0.06325393624127254,0.08522662903952072,0.016955628435891597,0.01,159,10,137
cast19,rr,60,0.01,active_cv,289,2329,956,0,0,0.0,0.10147499657800259,0.08522662903952072,0.016955628435891597,0.01,159,10,137
cast19,rr,60,0.01,weighted_cvl,289,2313,956,0,0,0.0,0.048725597672671796,0.08522662903952072,0.016955628435891597,0.01,159,10,137
cast19,rr,60,0.01,uniform,290,2090,974,0,0,0.0,0.19812842641101563,0.028654327515769656,0.01781550771604951,0.01,159,8,138
cast19,rr,60,0.01,uniform_nz,290,2028,974,0,0,0.0,0.06177360808022096,0.028654327515769656,0.01781550771604951,0.01,159,8,138
cast19,rr,60,0.01,weighted,290,2073,974,0,0,0.0,0.028654327515769656,0.028654327515769656,0.01781550771604951,0.01,159,8,138
cast19,rr,60,0.01,active_judge,290,2023,974,0,0,0.0,0.07218829193921295,0.028654327515769656,0.01781550771604951,0.01,159,8,138
cast19,rr,60,0.01,strat_pilot,290,2039,974,1,0,0.0,0.028527748431222005,0.028654327515769656,0.01781550771604951,0.01,159,8,138
cast19,rr,60,0.01,weighted_cv,290,2037,974,0,0,0.0,0.03616343631299816,0.028654327515769656,0.01781550771604951,0.01,159,8,138
cast19,rr,60,0.01,active_cv,290,2068,974,1,0,0.0,0.06065275620297631,0.028654327515769656,0.01781550771604951,0.01,159,8,138
cast19,rr,60,0.01,weighted_cvl,290,2034,974,1,0,0.0,0.022546621767326552,0.028654327515769656,0.01781550771604951,0.01,159,8,138
cast19,rr,60,0.01,uniform,291,2826,952,0,0,0.0,0.5615734967408624,0.13303864366771306,0.014810836464047208,0.01,159,14,136
cast19,rr,60,0.01,uniform_nz,291,2872,952,0,0,0.0,0.4000867279330155,0.13303864366771306,0.014810836464047208,0.01,159,14,136
cast19,rr,60,0.01,weighted,291,2869,952,0,0,0.0,0.13303864366771306,0.13303864366771306,0.014810836464047208,0.01,159,14,136
cast19,rr,60,0.01,active_judge,291,2905,952,0,0,0.0,0.3604952279441425,0.13303864366771306,0.014810836464047208,0.01,159,14,136
cast19,rr,60,0.01,strat_pilot,291,2847,952,0,0,0.0,0.13310521026349695,0.13303864366771306,0.014810836464047208,0.01,159,14,136
cast19,rr,60,0.01,weighted_cv,291,2865,952,0,0,0.0,0.12934575955336855,0.13303864366771306,0.014810836464047208,0.01,159,14,136
cast19,rr,60,0.01,active_cv,291,2858,952,1,0,0.0,0.16616475928014873,0.13303864366771306,0.014810836464047208,0.01,159,14,136
cast19,rr,60,0.01,weighted_cvl,291,2809,952,0,0,0.0,0.08828116927111987,0.13303864366771306,0.014810836464047208,0.01,159,14,136
cast19,rr,60,0.01,uniform,292,2335,967,0,0,0.0,0.9468605060596482,0.08056787473422886,0.0384735340345281,0.01,159,10,137
cast19,rr,60,0.01,uniform_nz,292,2357,967,0,0,0.0,0.3797193043106583,0.08056787473422886,0.0384735340345281,0.01,159,10,137
cast19,rr,60,0.01,weighted,292,2328,967,0,0,0.0,0.08056787473422886,0.08056787473422886,0.0384735340345281,0.01,159,10,137
cast19,rr,60,0.01,active_judge,292,2336,967,0,0,0.0,0.1907462746992841,0.08056787473422886,0.0384735340345281,0.01,159,10,137
cast19,rr,60,0.01,strat_pilot,292,2373,967,0,0,0.0,0.08061447287205967,0.08056787473422886,0.0384735340345281,0.01,159,10,137
cast19,rr,60,0.01,weighted_cv,292,2348,967,1,0,0.0,0.08261376515307692,0.08056787473422886,0.0384735340345281,0.01,159,10,137
cast19,rr,60,0.01,active_cv,292,2344,967,0,0,0.0,0.10455576690731413,0.08056787473422886,0.0384735340345281,0.01,159,10,137
cast19,rr,60,0.01,weighted_cvl,292,2359,967,0,0,0.0,0.047858428145059716,0.08056787473422886,0.0384735340345281,0.01,159,10,137
cast19,rr,60,0.01,uniform,293,2360,1018,0,0,0.0,0.11498802112581749,0.04330656843602777,0.019394278895052887,0.01,159,10,137
cast19,rr,60,0.01,uniform_nz,293,2298,1018,0,0,0.0,0.04794730333056716,0.04330656843602777,0.019394278895052887,0.01,159,10,137
cast19,rr,60,0.01,weighted,293,2402,1018,0,0,0.0,0.04330656843602777,0.04330656843602777,0.019394278895052887,0.01,159,10,137
cast19,rr,60,0.01,active_judge,293,2398,1018,0,0,0.0,0.12656932856126762,0.04330656843602777,0.019394278895052887,0.01,159,10,137
cast19,rr,60,0.01,strat_pilot,293,2356,1018,0,0,0.0,0.04305891525975037,0.04330656843602777,0.019394278895052887,0.01,159,10,137
cast19,rr,60,0.01,weighted_cv,293,2403,1018,0,0,0.0,0.05634670118460301,0.04330656843602777,0.019394278895052887,0.01,159,10,137
cast19,rr,60,0.01,active_cv,293,2379,1018,0,0,0.0,0.09111885673069384,0.04330656843602777,0.019394278895052887,0.01,159,10,137
cast19,rr,60,0.01,weighted_cvl,293,2398,1018,0,0,0.0,0.03835712366532953,0.04330656843602777,0.019394278895052887,0.01,159,10,137
cast19,rr,60,0.01,uniform,294,2366,999,0,0,0.0,0.17236409852053747,0.060372788632048466,0.038961440699561575,0.01,159,10,137
cast19,rr,60,0.01,uniform_nz,294,2399,999,0,0,0.0,0.06790647033706013,0.060372788632048466,0.038961440699561575,0.01,159,10,137
cast19,rr,60,0.01,weighted,294,2364,999,0,0,0.0,0.060372788632048466,0.060372788632048466,0.038961440699561575,0.01,159,10,137
cast19,rr,60,0.01,active_judge,294,2344,999,0,0,0.0,0.12401099462926601,0.060372788632048466,0.038961440699561575,0.01,159,10,137
cast19,rr,60,0.01,strat_pilot,294,2382,999,0,0,0.0,0.06027034223377862,0.060372788632048466,0.038961440699561575,0.01,159,10,137
cast19,rr,60,0.01,weighted_cv,294,2361,999,0,0,0.0,0.05428342429453019,0.060372788632048466,0.038961440699561575,0.01,159,10,137
cast19,rr,60,0.01,active_cv,294,2391,999,0,0,0.0,0.11121891959054846,0.060372788632048466,0.038961440699561575,0.01,159,10,137
cast19,rr,60,0.01,weighted_cvl,294,2373,999,0,0,0.0,0.03443558819144095,0.060372788632048466,0.038961440699561575,0.01,159,10,137
cast19,rr,60,0.01,uniform,295,2359,980,0,0,0.006190219935286623,0.19100047891686128,0.075198644159269,0.026056248017548328,0.0038097800647133775,159,10,137
cast19,rr,60,0.01,uniform_nz,295,2349,980,0,0,0.006190219935286623,0.08755467761529849,0.075198644159269,0.026056248017548328,0.0038097800647133775,159,10,137
cast19,rr,60,0.01,weighted,295,2365,980,0,0,0.006190219935286623,0.075198644159269,0.075198644159269,0.026056248017548328,0.0038097800647133775,159,10,137
cast19,rr,60,0.01,active_judge,295,2319,980,0,0,0.006190219935286623,0.15232617286305422,0.075198644159269,0.026056248017548328,0.0038097800647133775,159,10,137
cast19,rr,60,0.01,strat_pilot,295,2390,980,0,0,0.006190219935286623,0.07513506105447074,0.075198644159269,0.026056248017548328,0.0038097800647133775,159,10,137
cast19,rr,60,0.01,weighted_cv,295,2309,980,0,0,0.006190219935286623,0.046325851461668226,0.075198644159269,0.026056248017548328,0.0038097800647133775,159,10,137
cast19,rr,60,0.01,active_cv,295,2359,980,0,0,0.006190219935286623,0.06244262723239191,0.075198644159269,0.026056248017548328,0.0038097800647133775,159,10,137
cast19,rr,60,0.01,weighted_cvl,295,2336,980,0,0,0.006190219935286623,0.040348652740987645,0.075198644159269,0.026056248017548328,0.0038097800647133775,159,10,137
cast19,rr,60,0.01,uniform,296,2866,986,0,0,0.0,0.1797296093909569,0.08403373602408416,0.02407002311414076,0.01,159,14,136
cast19,rr,60,0.01,uniform_nz,296,2899,986,0,0,0.0,0.11164098678568686,0.08403373602408416,0.02407002311414076,0.01,159,14,136
cast19,rr,60,0.01,weighted,296,2889,986,1,0,0.0,0.08403373602408416,0.08403373602408416,0.02407002311414076,0.01,159,14,136
cast19,rr,60,0.01,active_judge,296,2918,986,1,0,0.0,0.19891160125422597,0.08403373602408416,0.02407002311414076,0.01,159,14,136
cast19,rr,60,0.01,strat_pilot,296,2928,986,1,0,0.0,0.08400388471754909,0.08403373602408416,0.02407002311414076,0.01,159,14,136
cast19,rr,60,0.01,weighted_cv,296,2951,986,1,0,0.0,0.14703502068503657,0.08403373602408416,0.02407002311414076,0.01,159,14,136
cast19,rr,60,0.01,active_cv,296,2877,986,0,0,0.0,0.2762638444179639,0.08403373602408416,0.02407002311414076,0.01,159,14,136
cast19,rr,60,0.01,weighted_cvl,296,2918,986,1,0,0.0,0.11478463689308956,0.08403373602408416,0.02407002311414076,0.01,159,14,136
cast19,rr,60,0.01,uniform,297,2055,911,0,0,0.0,0.05185784784504695,0.016617325329065596,0.03670399947489731,0.01,159,9,128
cast19,rr,60,0.01,uniform_nz,297,2039,911,0,0,0.0,0.01836012802023424,0.016617325329065596,0.03670399947489731,0.01,159,9,128
cast19,rr,60,0.01,weighted,297,2024,911,0,0,0.0,0.016617325329065596,0.016617325329065596,0.03670399947489731,0.01,159,9,128
cast19,rr,60,0.01,active_judge,297,2001,911,0,0,0.0,0.04773219154210091,0.016617325329065596,0.03670399947489731,0.01,159,9,128
cast19,rr,60,0.01,strat_pilot,297,1997,911,1,0,0.0,0.01617840589076598,0.016617325329065596,0.03670399947489731,0.01,159,9,128
cast19,rr,60,0.01,weighted_cv,297,2085,911,0,0,0.0,0.028137209451528866,0.016617325329065596,0.03670399947489731,0.01,159,9,128
cast19,rr,60,0.01,active_cv,297,2031,911,0,0,0.0,0.04435742605149903,0.016617325329065596,0.03670399947489731,0.01,159,9,128
cast19,rr,60,0.01,weighted_cvl,297,2008,911,1,0,0.0,0.010501006578765255,0.016617325329065596,0.03670399947489731,0.01,159,9,128
cast19,rr,60,0.01,uniform,298,2910,1007,0,0,0.0,0.6581479321114421,0.1491887696544084,0.06207647279919793,0.01,159,14,136
cast19,rr,60,0.01,uniform_nz,298,2931,1007,0,0,0.0,0.3943524010817698,0.1491887696544084,0.06207647279919793,0.01,159,14,136
cast19,rr,60,0.01,weighted,298,2905,1007,1,0,0.0,0.1491887696544084,0.1491887696544084,0.06207647279919793,0.01,159,14,136
cast19,rr,60,0.01,active_judge,298,2911,1007,0,0,0.0,0.3403309586134934,0.1491887696544084,0.06207647279919793,0.01,159,14,136
cast19,rr,60,0.01,strat_pilot,298,2947,1007,0,0,0.0,0.1491467119648971,0.1491887696544084,0.06207647279919793,0.01,159,14,136
cast19,rr,60,0.01,weighted_cv,298,2910,1007,0,0,0.0,0.1413336059403204,0.1491887696544084,0.06207647279919793,0.01,159,14,136
cast19,rr,60,0.01,active_cv,298,2926,1007,1,0,0.0,0.22395963052145582,0.1491887696544084,0.06207647279919793,0.01,159,14,136
cast19,rr,60,0.01,weighted_cvl,298,2857,1007,1,0,0.0,0.10731429397076724,0.1491887696544084,0.06207647279919793,0.01,159,14,136
cast19,rr,60,0.01,uniform,299,2305,972,0,0,0.0,0.49736309146868185,0.11757689665312636,0.05434343159918606,0.01,159,10,138
cast19,rr,60,0.01,uniform_nz,299,2354,972,1,0,0.0,0.23999592867582936,0.11757689665312636,0.05434343159918606,0.01,159,10,138
cast19,rr,60,0.01,weighted,299,2371,972,1,0,0.0,0.11757689665312636,0.11757689665312636,0.05434343159918606,0.01,159,10,138
cast19,rr,60,0.01,active_judge,299,2360,972,0,0,0.0,0.22595509912124379,0.11757689665312636,0.05434343159918606,0.01,159,10,138
cast19,rr,60,0.01,strat_pilot,299,2333,972,1,0,0.0,0.11768860339672589,0.11757689665312636,0.05434343159918606,0.01,159,10,138
cast19,rr,60,0.01,weighted_cv,299,2316,972,1,0,0.0,0.06378364980000269,0.11757689665312636,0.05434343159918606,0.01,159,10,138
cast19,rr,60,0.01,active_cv,299,2322,972,1,0,0.0,0.09480284063567165,0.11757689665312636,0.05434343159918606,0.01,159,10,138
cast19,rr,60,0.01,weighted_cvl,299,2343,972,1,0,0.0,0.0724716363238794,0.11757689665312636,0.05434343159918606,0.01,159,10,138
cast19,rr,60,0.02,uniform,0,2040,924,0,0,0.0,0.08587199944728652,0.026878008463852222,0.04147133503751151,0.02,159,8,137
cast19,rr,60,0.02,uniform_nz,0,1976,924,1,0,0.0,0.03286808548634052,0.026878008463852222,0.04147133503751151,0.02,159,8,137
cast19,rr,60,0.02,weighted,0,2012,924,1,0,0.0,0.026878008463852222,0.026878008463852222,0.04147133503751151,0.02,159,8,137
cast19,rr,60,0.02,active_judge,0,1979,924,1,0,0.0,0.08031354347487185,0.026878008463852222,0.04147133503751151,0.02,159,8,137
cast19,rr,60,0.02,strat_pilot,0,2007,924,1,0,0.0,0.02663228808806134,0.026878008463852222,0.04147133503751151,0.02,159,8,137
cast19,rr,60,0.02,weighted_cv,0,2010,924,1,0,0.0,0.033802394500132435,0.026878008463852222,0.04147133503751151,0.02,159,8,137
cast19,rr,60,0.02,active_cv,0,2006,924,0,0,0.0,0.049249380311433714,0.026878008463852222,0.04147133503751151,0.02,159,8,137
cast19,rr,60,0.02,weighted_cvl,0,1987,924,1,0,0.0,0.019059275211746433,0.026878008463852222,0.04147133503751151,0.02,159,8,137
cast19,rr,60,0.02,uniform,1,2128,1030,0,0,0.004225329353180984,0.27443943920361585,0.02600058877065059,0.018490635912075542,0.015774670646819016,159,8,138
cast19,rr,60,0.02,uniform_nz,1,2092,1030,0,0,0.004225329353180984,0.09377877686958191,0.02600058877065059,0.018490635912075542,0.015774670646819016,159,8,138
cast19,rr,60,0.02,weighted,1,2173,1030,0,0,0.004225329353180984,0.02600058877065059,0.02600058877065059,0.018490635912075542,0.015774670646819016,159,8,138
cast19,rr,60,0.02,active_judge,1,2101,1030,0,0,0.004225329353180984,0.047816203447630844,0.02600058877065059,0.018490635912075542,0.015774670646819016,159,8,138
cast19,rr,60,0.02,strat_pilot,1,2120,1030,1,0,0.004225329353180984,0.025933912300449315,0.02600058877065059,0.018490635912075542,0.015774670646819016,159,8,138
cast19,rr,60,0.02,weighted_cv,1,2092,1030,1,0,0.004225329353180984,0.03393614566540809,0.02600058877065059,0.018490635912075542,0.015774670646819016,159,8,138
cast19,rr,60,0.02,active_cv,1,2108,1030,1,0,0.004225329353180984,0.05861537202575144,0.02600058877065059,0.018490635912075542,0.015774670646819016,159,8,138
cast19,rr,60,0.02,weighted_cvl,1,2120,1030,1,0,0.004225329353180984,0.019487540270402774,0.02600058877065059,0.018490635912075542,0.015774670646819016,159,8,138
cast19,rr,60,0.02,uniform,2,2151,977,0,0,0.0,0.07934800381706021,0.02430668042854121,0.04514902203060098,0.02,159,9,128
cast19,rr,60,0.02,uniform_nz,2,2071,977,1,0,0.0,0.02834674752021459,0.02430668042854121,0.04514902203060098,0.02,159,9,128
cast19,rr,60,0.02,weighted,2,2082,977,1,0,0.0,0.02430668042854121,0.02430668042854121,0.04514902203060098,0.02,159,9,128
cast19,rr,60,0.02,active_judge,2,2117,977,1,0,0.0,0.08453139798650863,0.02430668042854121,0.04514902203060098,0.02,159,9,128
cast19,rr,60,0.02,strat_pilot,2,2087,977,0,0,0.0,0.02338218349001998,0.02430668042854121,0.04514902203060098,0.02,159,9,128
cast19,rr,60,0.02,weighted_cv,2,2073,977,1,0,0.0,0.041631205912347334,0.02430668042854121,0.04514902203060098,0.02,159,9,128
cast19,rr,60,0.02,active_cv,2,2075,977,0,0,0.0,0.07049007118032388,0.02430668042854121,0.04514902203060098,0.02,159,9,128
cast19,rr,60,0.02,weighted_cvl,2,2074,977,0,0,0.0,0.023397615141540325,0.02430668042854121,0.04514902203060098,0.02,159,9,128
cast19,rr,60,0.02,uniform,3,2869,931,0,0,0.0,0.31233116097340996,0.1262352449555748,0.02923258010217896,0.02,159,14,136
cast19,rr,60,0.02,uniform_nz,3,2842,931,1,0,0.0,0.21665084354216307,0.1262352449555748,0.02923258010217896,0.02,159,14,136
cast19,rr,60,0.02,weighted,3,2813,931,1,0,0.0,0.1262352449555748,0.1262352449555748,0.02923258010217896,0.02,159,14,136
cast19,rr,60,0.02,active_judge,3,2836,931,1,0,0.0,0.24089669640786227,0.1262352449555748,0.02923258010217896,0.02,159,14,136
cast19,rr,60,0.02,strat_pilot,3,2858,931,1,0,0.0,0.1262543316881334,0.1262352449555748,0.02923258010217896,0.02,159,14,136
cast19,rr,60,0.02,weighted_cv,3,2852,931,1,0,0.0,0.08639600279688216,0.1262352449555748,0.02923258010217896,0.02,159,14,136
cast19,rr,60,0.02,active_cv,3,2848,931,1,0,0.0,0.1469927432785027,0.1262352449555748,0.02923258010217896,0.02,159,14,136
cast19,rr,60,0.02,weighted_cvl,3,2789,931,1,0,0.0,0.05918269671395756,0.1262352449555748,0.02923258010217896,0.02,159,14,136
cast19,rr,60,0.02,uniform,4,2311,965,0,0,0.0,0.1415772813979736,0.038679539637033446,0.033086026349093724,0.02,159,10,137
cast19,rr,60,0.02,uniform_nz,4,2280,965,0,0,0.0,0.0635066200739767,0.038679539637033446,0.033086026349093724,0.02,159,10,137
cast19,rr,60,0.02,weighted,4,2335,965,0,0,0.0,0.038679539637033446,0.038679539637033446,0.033086026349093724,0.02,159,10,137
cast19,rr,60,0.02,active_judge,4,2296,965,1,0,0.0,0.1207117653499314,0.038679539637033446,0.033086026349093724,0.02,159,10,137
cast19,rr,60,0.02,strat_pilot,4,2322,965,1,0,0.0,0.038643351491716785,0.038679539637033446,0.033086026349093724,0.02,159,10,137
cast19,rr,60,0.02,weighted_cv,4,2327,965,1,0,0.0,0.054534008390266384,0.038679539637033446,0.033086026349093724,0.02,159,10,137
cast19,rr,60,0.02,active_cv,4,2297,965,1,0,0.0,0.11098954912482228,0.038679539637033446,0.033086026349093724,0.02,159,10,137
cast19,rr,60,0.02,weighted_cvl,4,2360,965,1,0,0.0,0.02445404893219505,0.038679539637033446,0.033086026349093724,0.02,159,10,137
cast19,rr,60,0.02,uniform,5,2255,899,0,0,0.00756359302131937,0.12650595687399052,0.04730502738525677,0.014212095531485749,0.01243640697868063,159,10,137
cast19,rr,60,0.02,uniform_nz,5,2297,899,1,0,0.00756359302131937,0.06004738694137164,0.04730502738525677,0.014212095531485749,0.01243640697868063,159,10,137
cast19,rr,60,0.02,weighted,5,2280,899,0,0,0.00756359302131937,0.04730502738525677,0.04730502738525677,0.014212095531485749,0.01243640697868063,159,10,137
cast19,rr,60,0.02,active_judge,5,2285,899,0,0,0.00756359302131937,0.11298789890474525,0.04730502738525677,0.014212095531485749,0.01243640697868063,159,10,137
cast19,rr,60,0.02,strat_pilot,5,2290,899,1,0,0.00756359302131937,0.04720166141260458,0.04730502738525677,0.014212095531485749,0.01243640697868063,159,10,137
cast19,rr,60,0.02,weighted_cv,5,2249,899,1,0,0.00756359302131937,0.05401184608416336,0.04730502738525677,0.014212095531485749,0.01243640697868063,159,10,137
cast19,rr,60,0.02,active_cv,5,2252,899,0,0,0.00756359302131937,0.08629010815147584,0.04730502738525677,0.014212095531485749,0.01243640697868063,159,10,137
cast19,rr,60,0.02,weighted_cvl,5,2271,899,0,0,0.00756359302131937,0.03291836523041056,0.04730502738525677,0.014212095531485749,0.01243640697868063,159,10,137
cast19,rr,60,0.02,uniform,6,2348,967,1,0,0.0,0.17214156031459354,0.061967177135491935,0.03350623576629769,0.02,159,10,137
cast19,rr,60,0.02,uniform_nz,6,2335,967,1,0,0.0,0.07135337269694979,0.061967177135491935,0.03350623576629769,0.02,159,10,137
cast19,rr,60,0.02,weighted,6,2307,967,1,0,0.0,0.061967177135491935,0.061967177135491935,0.03350623576629769,0.02,159,10,137
cast19,rr,60,0.02,active_judge,6,2315,967,1,0,0.0,0.16833188930700546,0.061967177135491935,0.03350623576629769,0.02,159,10,137
cast19,rr,60,0.02,strat_pilot,6,2346,967,1,0,0.0,0.06163303890135852,0.061967177135491935,0.03350623576629769,0.02,159,10,137
cast19,rr,60,0.02,weighted_cv,6,2296,967,1,0,0.0,0.07358561718731517,0.061967177135491935,0.03350623576629769,0.02,159,10,137
cast19,rr,60,0.02,active_cv,6,2330,967,1,0,0.0,0.11419125898303346,0.061967177135491935,0.03350623576629769,0.02,159,10,137
cast19,rr,60,0.02,weighted_cvl,6,2353,967,1,0,0.0,0.04625553103461874,0.061967177135491935,0.03350623576629769,0.02,159,10,137
cast19,rr,60,0.02,uniform,7,2812,914,0,0,0.007249014244651686,0.14393289201213097,0.08124302101573873,0.04082327674679235,0.012750985755348315,159,14,136
cast19,rr,60,0.02,uniform_nz,7,2849,914,0,0,0.007249014244651686,0.09819086602355631,0.08124302101573873,0.04082327674679235,0.012750985755348315,159,14,136
cast19,rr,60,0.02,weighted,7,2782,914,0,0,0.007249014244651686,0.08124302101573873,0.08124302101573873,0.04082327674679235,0.012750985755348315,159,14,136
cast19,rr,60,0.02,active_judge,7,2820,914,0,0,0.007249014244651686,0.19649588388281108,0.08124302101573873,0.04082327674679235,0.012750985755348315,159,14,136
cast19,rr,60,0.02,strat_pilot,7,2846,914,0,0,0.007249014244651686,0.08130489730996884,0.08124302101573873,0.04082327674679235,0.012750985755348315,159,14,136
cast19,rr,60,0.02,weighted_cv,7,2832,914,1,0,0.007249014244651686,0.09277151676821785,0.08124302101573873,0.04082327674679235,0.012750985755348315,159,14,136
cast19,rr,60,0.02,active_cv,7,2806,914,0,0,0.007249014244651686,0.16292337835534595,0.08124302101573873,0.04082327674679235,0.012750985755348315,159,14,136
cast19,rr,60,0.02,weighted_cvl,7,2836,914,0,0,0.007249014244651686,0.07484465830201549,0.08124302101573873,0.04082327674679235,0.012750985755348315,159,14,136
cast19,rr,60,0.02,uniform,8,2117,982,1,0,0.0,0.31213646999565536,0.03226108899044385,0.03220968329056564,0.02,159,8,137
cast19,rr,60,0.02,uniform_nz,8,2095,982,0,0,0.0,0.10330709460843772,0.03226108899044385,0.03220968329056564,0.02,159,8,137
cast19,rr,60,0.02,weighted,8,2064,982,1,0,0.0,0.03226108899044385,0.03226108899044385,0.03220968329056564,0.02,159,8,137
cast19,rr,60,0.02,active_judge,8,2047,982,1,0,0.0,0.10693213911292414,0.03226108899044385,0.03220968329056564,0.02,159,8,137
cast19,rr,60,0.02,strat_pilot,8,2086,982,1,0,0.0,0.032247893815298787,0.03226108899044385,0.03220968329056564,0.02,159,8,137
cast19,rr,60,0.02,weighted_cv,8,2015,982,1,0,0.0,0.02908716469892326,0.03226108899044385,0.03220968329056564,0.02,159,8,137
cast19,rr,60,0.02,active_cv,8,2065,982,1,0,0.0,0.03777009577571835,0.03226108899044385,0.03220968329056564,0.02,159,8,137
cast19,rr,60,0.02,weighted_cvl,8,2043,982,1,0,0.0,0.028473677473969776,0.03226108899044385,0.03220968329056564,0.02,159,8,137
cast19,rr,60,0.02,uniform,9,2366,937,0,0,0.0,0.6119697344645131,0.09356868108454294,0.06333245848591118,0.02,159,10,138
cast19,rr,60,0.02,uniform_nz,9,2309,937,1,0,0.0,0.2885934969520343,0.09356868108454294,0.06333245848591118,0.02,159,10,138
cast19,rr,60,0.02,weighted,9,2291,937,1,0,0.0,0.09356868108454294,0.09356868108454294,0.06333245848591118,0.02,159,10,138
cast19,rr,60,0.02,active_judge,9,2266,937,1,0,0.0,0.21773388003737953,0.09356868108454294,0.06333245848591118,0.02,159,10,138
cast19,rr,60,0.02,strat_pilot,9,2274,937,1,0,0.0,0.09362865074753537,0.09356868108454294,0.06333245848591118,0.02,159,10,138
cast19,rr,60,0.02,weighted_cv,9,2324,937,1,0,0.0,0.08105555122185068,0.09356868108454294,0.06333245848591118,0.02,159,10,138
cast19,rr,60,0.02,active_cv,9,2257,937,0,0,0.0,0.1314412563397121,0.09356868108454294,0.06333245848591118,0.02,159,10,138
cast19,rr,60,0.02,weighted_cvl,9,2341,937,1,0,0.0,0.045062517294600056,0.09356868108454294,0.06333245848591118,0.02,159,10,138
cast19,rr,60,0.02,uniform,10,2417,1000,0,0,0.0,0.49622794779932244,0.04747082844836013,0.02672506818437665,0.02,159,10,137
cast19,rr,60,0.02,uniform_nz,10,2371,1000,0,0,0.0,0.28011428260873306,0.04747082844836013,0.02672506818437665,0.02,159,10,137
cast19,rr,60,0.02,weighted,10,2343,1000,0,0,0.0,0.04747082844836013,0.04747082844836013,0.02672506818437665,0.02,159,10,137
cast19,rr,60,0.02,active_judge,10,2366,1000,0,0,0.0,0.1084090708416173,0.04747082844836013,0.02672506818437665,0.02,159,10,137
cast19,rr,60,0.02,strat_pilot,10,2356,1000,1,0,0.0,0.04744648431565757,0.04747082844836013,0.02672506818437665,0.02,159,10,137
cast19,rr,60,0.02,weighted_cv,10,2400,1000,1,0,0.0,0.05732095869338325,0.04747082844836013,0.02672506818437665,0.02,159,10,137
cast19,rr,60,0.02,active_cv,10,2396,1000,1,0,0.0,0.08782460410596667,0.04747082844836013,0.02672506818437665,0.02,159,10,137
cast19,rr,60,0.02,weighted_cvl,10,2398,1000,1,0,0.0,0.05732095869338325,0.04747082844836013,0.02672506818437665,0.02,159,10,137
cast19,rr,60,0.02,uniform,11,2286,948,0,0,0.0,0.7625648594922673,0.09366017185816769,0.04278503700860343,0.02,159,10,137
cast19,rr,60,0.02,uniform_nz,11,2321,948,0,0,0.0,0.29905168397835813,0.09366017185816769,0.04278503700860343,0.02,159,10,137
cast19,rr,60,0.02,weighted,11,2294,948,1,0,0.0,0.09366017185816769,0.09366017185816769,0.04278503700860343,0.02,159,10,137
cast19,rr,60,0.02,active_judge,11,2298,948,1,0,0.0,0.21034088197195833,0.09366017185816769,0.04278503700860343,0.02,159,10,137
cast19,rr,60,0.02,strat_pilot,11,2312,948,1,0,0.0,0.09366432595007226,0.09366017185816769,0.04278503700860343,0.02,159,10,137
cast19,rr,60,0.02,weighted_cv,11,2308,948,1,0,0.0,0.0674870033733729,0.09366017185816769,0.04278503700860343,0.02,159,10,137
cast19,rr,60,0.02,active_cv,11,2297,948,1,0,0.0,0.09612563316089792,0.09366017185816769,0.04278503700860343,0.02,159,10,137
cast19,rr,60,0.02,weighted_cvl,11,2342,948,0,0,0.0,0.0674870033733729,0.09366017185816769,0.04278503700860343,0.02,159,10,137
cast19,rr,60,0.02,uniform,12,2930,989,0,0,0.0,0.44848356395443734,0.11030777830439946,0.05231688556927486,0.02,159,14,136
cast19,rr,60,0.02,uniform_nz,12,2869,989,0,0,0.0,0.3078564496055713,0.11030777830439946,0.05231688556927486,0.02,159,14,136
cast19,rr,60,0.02,weighted,12,2892,989,1,0,0.0,0.11030777830439946,0.11030777830439946,0.05231688556927486,0.02,159,14,136
cast19,rr,60,0.02,active_judge,12,2924,989,1,0,0.0,0.2592869731560247,0.11030777830439946,0.05231688556927486,0.02,159,14,136
cast19,rr,60,0.02,strat_pilot,12,2901,989,0,0,0.0,0.11047986440224707,0.11030777830439946,0.05231688556927486,0.02,159,14,136
cast19,rr,60,0.02,weighted_cv,12,2871,989,1,0,0.0,0.131924528730597,0.11030777830439946,0.05231688556927486,0.02,159,14,136
cast19,rr,60,0.02,active_cv,12,2879,989,0,0,0.0,0.20952256007321743,0.11030777830439946,0.05231688556927486,0.02,159,14,136
cast19,rr,60,0.02,weighted_cvl,12,2824,989,1,0,0.0,0.06158164733534512,0.11030777830439946,0.05231688556927486,0.02,159,14,136
cast19,rr,60,0.02,uniform,13,2356,992,0,0,0.0,0.09431546605054544,0.03939928164354495,0.04755406901231338,0.02,159,10,137
cast19,rr,60,0.02,uniform_nz,13,2388,992,1,0,0.0,0.04421959702518023,0.03939928164354495,0.04755406901231338,0.02,159,10,137
cast19,rr,60,0.02,weighted,13,2405,992,1,0,0.0,0.03939928164354495,0.03939928164354495,0.04755406901231338,0.02,159,10,137
cast19,rr,60,0.02,active_judge,13,2362,992,1,0,0.0,0.08678865339456883,0.03939928164354495,0.04755406901231338,0.02,159,10,137
cast19,rr,60,0.02,strat_pilot,13,2317,992,0,0,0.0,0.03932636051562842,0.03939928164354495,0.04755406901231338,0.02,159,10,137
cast19,rr,60,0.02,weighted_cv,13,2373,992,1,0,0.0,0.05312194926101053,0.03939928164354495,0.04755406901231338,0.02,159,10,137
cast19,rr,60,0.02,active_cv,13,2365,992,1,0,0.0,0.10674429070383544,0.03939928164354495,0.04755406901231338,0.02,159,10,137
cast19,rr,60,0.02,weighted_cvl,13,2395,992,1,0,0.0,0.04019411156726753,0.03939928164354495,0.04755406901231338,0.02,159,10,137
cast19,rr,60,0.02,uniform,14,2316,956,0,0,0.015894911430356262,1.004061572094919,0.10257890000868616,0.04635250044073573,0.004105088569643738,159,10,137
cast19,rr,60,0.02,uniform_nz,14,2318,956,0,0,0.015894911430356262,0.43726078068827173,0.10257890000868616,0.04635250044073573,0.004105088569643738,159,10,137
cast19,rr,60,0.02,weighted,14,2341,956,0,0,0.015894911430356262,0.10257890000868616,0.10257890000868616,0.04635250044073573,0.004105088569643738,159,10,137
cast19,rr,60,0.02,active_judge,14,2297,956,0,0,0.015894911430356262,0.2817565637257647,0.10257890000868616,0.04635250044073573,0.004105088569643738,159,10,137
cast19,rr,60,0.02,strat_pilot,14,2320,956,1,0,0.015894911430356262,0.10264111756621905,0.10257890000868616,0.04635250044073573,0.004105088569643738,159,10,137
cast19,rr,60,0.02,weighted_cv,14,2302,956,0,0,0.015894911430356262,0.09769761364334582,0.10257890000868616,0.04635250044073573,0.004105088569643738,159,10,137
cast19,rr,60,0.02,active_cv,14,2336,956,0,0,0.015894911430356262,0.17286669304754013,0.10257890000868616,0.04635250044073573,0.004105088569643738,159,10,137
cast19,rr,60,0.02,weighted_cvl,14,2302,956,0,0,0.015894911430356262,0.08283131411989011,0.10257890000868616,0.04635250044073573,0.004105088569643738,159,10,137
cast19,rr,60,0.02,uniform,15,2017,915,0,0,0.0,0.086209542111081,0.02460968853427948,0.04092907135863792,0.02,159,8,137
cast19,rr,60,0.02,uniform_nz,15,1997,915,1,0,0.0,0.02765401492599757,0.02460968853427948,0.04092907135863792,0.02,159,8,137
cast19,rr,60,0.02,weighted,15,1985,915,1,0,0.0,0.02460968853427948,0.02460968853427948,0.04092907135863792,0.02,159,8,137
cast19,rr,60,0.02,active_judge,15,2011,915,1,0,0.0,0.05706261858072588,0.02460968853427948,0.04092907135863792,0.02,159,8,137
cast19,rr,60,0.02,strat_pilot,15,2029,915,1,0,0.0,0.02459641237261571,0.02460968853427948,0.04092907135863792,0.02,159,8,137
cast19,rr,60,0.02,weighted_cv,15,2039,915,1,0,0.0,0.04410736805108554,0.02460968853427948,0.04092907135863792,0.02,159,8,137
cast19,rr,60,0.02,active_cv,15,2033,915,1,0,0.0,0.0770508842175869,0.02460968853427948,0.04092907135863792,0.02,159,8,137
cast19,rr,60,0.02,weighted_cvl,15,1991,915,1,0,0.0,0.024198396513575283,0.02460968853427948,0.04092907135863792,0.02,159,8,137
cast19,rr,60,0.02,uniform,16,2859,960,0,0,0.0028862044812550947,0.11361378097175298,0.06350255432783579,0.039482892912970635,0.017113795518744906,159,14,136
cast19,rr,60,0.02,uniform_nz,16,2898,960,0,0,0.0028862044812550947,0.07763750318895361,0.06350255432783579,0.039482892912970635,0.017113795518744906,159,14,136
cast19,rr,60,0.02,weighted,16,2903,960,1,0,0.0028862044812550947,0.06350255432783579,0.06350255432783579,0.039482892912970635,0.017113795518744906,159,14,136
cast19,rr,60,0.02,active_judge,16,2859,960,0,0,0.0028862044812550947,0.15475936829553164,0.06350255432783579,0.039482892912970635,0.017113795518744906,159,14,136
cast19,rr,60,0.02,strat_pilot,16,2845,960,1,0,0.0028862044812550947,0.06343865859318182,0.06350255432783579,0.039482892912970635,0.017113795518744906,159,14,136
cast19,rr,60,0.02,weighted_cv,16,2878,960,0,0,0.0028862044812550947,0.11967993729218862,0.06350255432783579,0.039482892912970635,0.017113795518744906,159,14,136
cast19,rr,60,0.02,active_cv,16,2814,960,0,0,0.0028862044812550947,0.2123951555844338,0.06350255432783579,0.039482892912970635,0.017113795518744906,159,14,136
cast19,rr,60,0.02,weighted_cvl,16,2814,960,1,0,0.0028862044812550947,0.054547847307081995,0.06350255432783579,0.039482892912970635,0.017113795518744906,159,14,136
cast19,rr,60,0.02,uniform,17,2229,879,0,0,0.0,0.6281004597589033,0.08118895901602015,0.05424648749793454,0.02,159,10,137
cast19,rr,60,0.02,uniform_nz,17,2175,879,0,0,0.0,0.3492918003345179,0.08118895901602015,0.05424648749793454,0.02,159,10,137
cast19,rr,60,0.02,weighted,17,2266,879,1,0,0.0,0.08118895901602015,0.08118895901602015,0.05424648749793454,0.02,159,10,137
cast19,rr,60,0.02,active_judge,17,2227,879,0,0,0.0,0.2063763041675804,0.08118895901602015,0.05424648749793454,0.02,159,10,137
cast19,rr,60,0.02,strat_pilot,17,2246,879,0,0,0.0,0.08107108084311654,0.08118895901602015,0.05424648749793454,0.02,159,10,137
cast19,rr,60,0.02,weighted_cv,17,2261,879,1,0,0.0,0.09796554739888022,0.08118895901602015,0.05424648749793454,0.02,159,10,137
cast19,rr,60,0.02,active_cv,17,2231,879,1,0,0.0,0.15865464100851062,0.08118895901602015,0.05424648749793454,0.02,159,10,137
cast19,rr,60,0.02,weighted_cvl,17,2282,879,1,0,0.0,0.09796554739888022,0.08118895901602015,0.05424648749793454,0.02,159,10,137
cast19,rr,60,0.02,uniform,18,2399,1027,0,0,0.016126622784212508,0.15648017714969975,0.05892495270282723,0.029928110675014698,0.003873377215787493,159,10,137
cast19,rr,60,0.02,uniform_nz,18,2431,1027,0,0,0.016126622784212508,0.07033477753972231,0.05892495270282723,0.029928110675014698,0.003873377215787493,159,10,137
cast19,rr,60,0.02,weighted,18,2389,1027,0,0,0.016126622784212508,0.05892495270282723,0.05892495270282723,0.029928110675014698,0.003873377215787493,159,10,137
cast19,rr,60,0.02,active_judge,18,2385,1027,0,0,0.016126622784212508,0.10533452758199306,0.05892495270282723,0.029928110675014698,0.003873377215787493,159,10,137
cast19,rr,60,0.02,strat_pilot,18,2374,1027,0,0,0.016126622784212508,0.058957137652401,0.05892495270282723,0.029928110675014698,0.003873377215787493,159,10,137
cast19,rr,60,0.02,weighted_cv,18,2405,1027,0,0,0.016126622784212508,0.07206857119838703,0.05892495270282723,0.029928110675014698,0.003873377215787493,159,10,137
cast19,rr,60,0.02,active_cv,18,2404,1027,0,0,0.016126622784212508,0.1611557647212467,0.05892495270282723,0.029928110675014698,0.003873377215787493,159,10,137
cast19,rr,60,0.02,weighted_cvl,18,2370,1027,0,0,0.016126622784212508,0.041896581491807416,0.05892495270282723,0.029928110675014698,0.003873377215787493,159,10,137
cast19,rr,60,0.02,uniform,19,2316,986,0,0,0.012270636105545019,0.09410892082509285,0.03937239881933287,0.04702276505345559,0.007729363894454982,159,10,137
cast19,rr,60,0.02,uniform_nz,19,2403,986,0,0,0.012270636105545019,0.04930901020291116,0.03937239881933287,0.04702276505345559,0.007729363894454982,159,10,137
cast19,rr,60,0.02,weighted,19,2331,986,0,0,0.012270636105545019,0.03937239881933287,0.03937239881933287,0.04702276505345559,0.007729363894454982,159,10,137
cast19,rr,60,0.02,active_judge,19,2356,986,1,0,0.012270636105545019,0.09882472042897099,0.03937239881933287,0.04702276505345559,0.007729363894454982,159,10,137
cast19,rr,60,0.02,strat_pilot,19,2359,986,0,0,0.012270636105545019,0.03921191714087742,0.03937239881933287,0.04702276505345559,0.007729363894454982,159,10,137
cast19,rr,60,0.02,weighted_cv,19,2373,986,0,0,0.012270636105545019,0.043861005508838494,0.03937239881933287,0.04702276505345559,0.007729363894454982,159,10,137
cast19,rr,60,0.02,active_cv,19,2336,986,0,0,0.012270636105545019,0.06658834768005281,0.03937239881933287,0.04702276505345559,0.007729363894454982,159,10,137
cast19,rr,60,0.02,weighted_cvl,19,2369,986,0,0,0.012270636105545019,0.03913363117394416,0.03937239881933287,0.04702276505345559,0.007729363894454982,159,10,137
cast19,rr,60,0.02,uniform,20,2941,1015,0,0,0.003695932562581994,0.16498272701482997,0.07369203383797115,0.029565182944725946,0.016304067437418007,159,14,136
cast19,rr,60,0.02,uniform_nz,20,2931,1015,0,0,0.003695932562581994,0.094199859303147,0.07369203383797115,0.029565182944725946,0.016304067437418007,159,14,136
cast19,rr,60,0.02,weighted,20,2938,1015,0,0,0.003695932562581994,0.07369203383797115,0.07369203383797115,0.029565182944725946,0.016304067437418007,159,14,136
cast19,rr,60,0.02,active_judge,20,2954,1015,0,0,0.003695932562581994,0.1735834558899832,0.07369203383797115,0.029565182944725946,0.016304067437418007,159,14,136
cast19,rr,60,0.02,strat_pilot,20,2876,1015,1,0,0.003695932562581994,0.07342271994565576,0.07369203383797115,0.029565182944725946,0.016304067437418007,159,14,136
cast19,rr,60,0.02,weighted_cv,20,2955,1015,1,0,0.003695932562581994,0.1214990628642632,0.07369203383797115,0.029565182944725946,0.016304067437418007,159,14,136
cast19,rr,60,0.02,active_cv,20,2908,1015,1,0,0.003695932562581994,0.25059019112084546,0.07369203383797115,0.029565182944725946,0.016304067437418007,159,14,136
cast19,rr,60,0.02,weighted_cvl,20,2916,1015,0,0,0.003695932562581994,0.05654179422263698,0.07369203383797115,0.029565182944725946,0.016304067437418007,159,14,136
cast19,rr,60,0.02,uniform,21,2300,916,0,0,0.003695932562581994,0.17227819922694823,0.05123333629405884,0.03548527140102385,0.016304067437418007,159,10,137
cast19,rr,60,0.02,uniform_nz,21,2318,916,1,0,0.003695932562581994,0.06281706483944786,0.05123333629405884,0.03548527140102385,0.016304067437418007,159,10,137
cast19,rr,60,0.02,weighted,21,2307,916,0,0,0.003695932562581994,0.05123333629405884,0.05123333629405884,0.03548527140102385,0.016304067437418007,159,10,137
cast19,rr,60,0.02,active_judge,21,2323,916,0,0,0.003695932562581994,0.13165149901523027,0.05123333629405884,0.03548527140102385,0.016304067437418007,159,10,137
cast19,rr,60,0.02,strat_pilot,21,2276,916,1,0,0.003695932562581994,0.05122245189040982,0.05123333629405884,0.03548527140102385,0.016304067437418007,159,10,137
cast19,rr,60,0.02,weighted_cv,21,2279,916,0,0,0.003695932562581994,0.03771917364800247,0.05123333629405884,0.03548527140102385,0.016304067437418007,159,10,137
cast19,rr,60,0.02,active_cv,21,2292,916,1,0,0.003695932562581994,0.052571399231610874,0.05123333629405884,0.03548527140102385,0.016304067437418007,159,10,137
cast19,rr,60,0.02,weighted_cvl,21,2288,916,0,0,0.003695932562581994,0.0254757082805001,0.05123333629405884,0.03548527140102385,0.016304067437418007,159,10,137
cast19,rr,60,0.02,uniform,22,2345,980,1,0,0.0020239894414924575,0.31293227564990767,0.04844627845992803,0.024793674907923134,0.017976010558507543,159,10,137
cast19,rr,60,0.02,uniform_nz,22,2339,980,0,0,0.0020239894414924575,0.1668440177021551,0.04844627845992803,0.024793674907923134,0.017976010558507543,159,10,137
cast19,rr,60,0.02,weighted,22,2366,980,0,0,0.0020239894414924575,0.04844627845992803,0.04844627845992803,0.024793674907923134,0.017976010558507543,159,10,137
cast19,rr,60,0.02,active_judge,22,2318,980,0,0,0.0020239894414924575,0.15315149961726604,0.04844627845992803,0.024793674907923134,0.017976010558507543,159,10,137
cast19,rr,60,0.02,strat_pilot,22,2341,980,0,0,0.0020239894414924575,0.048363255376630596,0.04844627845992803,0.024793674907923134,0.017976010558507543,159,10,137
cast19,rr,60,0.02,weighted_cv,22,2380,980,1,0,0.0020239894414924575,0.056193583668550075,0.04844627845992803,0.024793674907923134,0.017976010558507543,159,10,137
cast19,rr,60,0.02,active_cv,22,2343,980,0,0,0.0020239894414924575,0.09466447244745373,0.04844627845992803,0.024793674907923134,0.017976010558507543,159,10,137
cast19,rr,60,0.02,weighted_cvl,22,2408,980,0,0,0.0020239894414924575,0.046198894565572336,0.04844627845992803,0.024793674907923134,0.017976010558507543,159,10,137
cast19,rr,60,0.02,uniform,23,2320,967,1,0,0.0,0.11021654333486966,0.053960013840665545,0.02610185999930581,0.02,159,10,137
cast19,rr,60,0.02,uniform_nz,23,2300,967,1,0,0.0,0.05784054188735951,0.053960013840665545,0.02610185999930581,0.02,159,10,137
cast19,rr,60,0.02,weighted,23,2348,967,1,0,0.0,0.053960013840665545,0.053960013840665545,0.02610185999930581,0.02,159,10,137
cast19,rr,60,0.02,active_judge,23,2323,967,1,0,0.0,0.10668893792382517,0.053960013840665545,0.02610185999930581,0.02,159,10,137
cast19,rr,60,0.02,strat_pilot,23,2335,967,1,0,0.0,0.05403834739495796,0.053960013840665545,0.02610185999930581,0.02,159,10,137
cast19,rr,60,0.02,weighted_cv,23,2342,967,1,0,0.0,0.08840945359908027,0.053960013840665545,0.02610185999930581,0.02,159,10,137
cast19,rr,60,0.02,active_cv,23,2299,967,1,0,0.0,0.1390797890079984,0.053960013840665545,0.02610185999930581,0.02,159,10,137
cast19,rr,60,0.02,weighted_cvl,23,2322,967,1,0,0.0,0.03409637239491002,0.053960013840665545,0.02610185999930581,0.02,159,10,137
cast19,rr,60,0.02,uniform,24,2855,1012,0,0,0.0,0.252699067511185,0.10937876359581508,0.027512639450332943,0.02,159,14,136
cast19,rr,60,0.02,uniform_nz,24,2931,1012,0,0,0.0,0.16767258579612457,0.10937876359581508,0.027512639450332943,0.02,159,14,136
cast19,rr,60,0.02,weighted,24,2890,1012,1,0,0.0,0.10937876359581508,0.10937876359581508,0.027512639450332943,0.02,159,14,136
cast19,rr,60,0.02,active_judge,24,2907,1012,1,0,0.0,0.2086190850043769,0.10937876359581508,0.027512639450332943,0.02,159,14,136
cast19,rr,60,0.02,strat_pilot,24,2901,1012,1,0,0.0,0.10946863716604138,0.10937876359581508,0.027512639450332943,0.02,159,14,136
cast19,rr,60,0.02,weighted_cv,24,2973,1012,1,0,0.0,0.11083088384885195,0.10937876359581508,0.027512639450332943,0.02,159,14,136
cast19,rr,60,0.02,active_cv,24,2976,1012,1,0,0.0,0.2080931200621566,0.10937876359581508,0.027512639450332943,0.02,159,14,136
cast19,rr,60,0.02,weighted_cvl,24,2954,1012,1,0,0.0,0.1046209304127741,0.10937876359581508,0.027512639450332943,0.02,159,14,136
cast19,rr,60,0.02,uniform,25,2944,1053,0,0,0.0033442278290500838,0.10742992597578345,0.05758733778175433,0.04014787666305367,0.016655772170949917,159,14,136
cast19,rr,60,0.02,uniform_nz,25,2955,1053,0,0,0.0033442278290500838,0.06738041150394755,0.05758733778175433,0.04014787666305367,0.016655772170949917,159,14,136
cast19,rr,60,0.02,weighted,25,2925,1053,0,0,0.0033442278290500838,0.05758733778175433,0.05758733778175433,0.04014787666305367,0.016655772170949917,159,14,136
cast19,rr,60,0.02,active_judge,25,2914,1053,0,0,0.0033442278290500838,0.14619649870267748,0.05758733778175433,0.04014787666305367,0.016655772170949917,159,14,136
cast19,rr,60,0.02,strat_pilot,25,2898,1053,1,0,0.0033442278290500838,0.057327401210283235,0.05758733778175433,0.04014787666305367,0.016655772170949917,159,14,136
cast19,rr,60,0.02,weighted_cv,25,2922,1053,1,0,0.0033442278290500838,0.10402478700545048,0.05758733778175433,0.04014787666305367,0.016655772170949917,159,14,136
cast19,rr,60,0.02,active_cv,25,2953,1053,0,0,0.0033442278290500838,0.1681851303888115,0.05758733778175433,0.04014787666305367,0.016655772170949917,159,14,136
cast19,rr,60,0.02,weighted_cvl,25,2915,1053,0,0,0.0033442278290500838,0.06656910338924812,0.05758733778175433,0.04014787666305367,0.016655772170949917,159,14,136
cast19,rr,60,0.02,uniform,26,2368,1024,0,0,0.0071729954273220264,0.1004419116858527,0.03829503675461921,0.046277463648223514,0.012827004572677974,159,10,137
cast19,rr,60,0.02,uniform_nz,26,2378,1024,0,0,0.0071729954273220264,0.042595343730674064,0.03829503675461921,0.046277463648223514,0.012827004572677974,159,10,137
cast19,rr,60,0.02,weighted,26,2395,1024,0,0,0.0071729954273220264,0.03829503675461921,0.03829503675461921,0.046277463648223514,0.012827004572677974,159,10,137
cast19,rr,60,0.02,active_judge,26,2401,1024,0,0,0.0071729954273220264,0.09910399630661143,0.03829503675461921,0.046277463648223514,0.012827004572677974,159,10,137
cast19,rr,60,0.02,strat_pilot,26,2394,1024,0,0,0.0071729954273220264,0.038282956387267794,0.03829503675461921,0.046277463648223514,0.012827004572677974,159,10,137
cast19,rr,60,0.02,weighted_cv,26,2380,1024,0,0,0.0071729954273220264,0.036559364433152275,0.03829503675461921,0.046277463648223514,0.012827004572677974,159,10,137
cast19,rr,60,0.02,active_cv,26,2362,1024,1,0,0.0071729954273220264,0.06875632117456573,0.03829503675461921,0.046277463648223514,0.012827004572677974,159,10,137
cast19,rr,60,0.02,weighted_cvl,26,2367,1024,0,0,0.0071729954273220264,0.022834041432272988,0.03829503675461921,0.046277463648223514,0.012827004572677974,159,10,137
cast19,rr,60,0.02,uniform,27,2810,985,0,0,0.0,0.592891752318395,0.09226914707516716,0.04954061127472756,0.02,159,14,136
cast19,rr,60,0.02,uniform_nz,27,2924,985,0,0,0.0,0.4533669786726199,0.09226914707516716,0.04954061127472756,0.02,159,14,136
cast19,rr,60,0.02,weighted,27,2868,985,1,0,0.0,0.09226914707516716,0.09226914707516716,0.04954061127472756,0.02,159,14,136
cast19,rr,60,0.02,active_judge,27,2868,985,0,0,0.0,0.18321286016509236,0.09226914707516716,0.04954061127472756,0.02,159,14,136
cast19,rr,60,0.02,strat_pilot,27,2943,985,1,0,0.0,0.09226974192560097,0.09226914707516716,0.04954061127472756,0.02,159,14,136
cast19,rr,60,0.02,weighted_cv,27,2892,985,1,0,0.0,0.08635586415116016,0.09226914707516716,0.04954061127472756,0.02,159,14,136
cast19,rr,60,0.02,active_cv,27,2843,985,0,0,0.0,0.11373570278407272,0.09226914707516716,0.04954061127472756,0.02,159,14,136
cast19,rr,60,0.02,weighted_cvl,27,2860,985,1,0,0.0,0.04536196071970795,0.09226914707516716,0.04954061127472756,0.02,159,14,136
cast19,rr,60,0.02,uniform,28,2321,947,1,0,0.001618332309391013,0.07878849251414885,0.033722327674358794,0.036125882381031135,0.018381667690608988,159,10,137
cast19,rr,60,0.02,uniform_nz,28,2344,947,0,0,0.001618332309391013,0.03903173508449689,0.033722327674358794,0.036125882381031135,0.018381667690608988,159,10,137
cast19,rr,60,0.02,weighted,28,2309,947,1,0,0.001618332309391013,0.033722327674358794,0.033722327674358794,0.036125882381031135,0.018381667690608988,159,10,137
cast19,rr,60,0.02,active_judge,28,2273,947,0,0,0.001618332309391013,0.08481930799828044,0.033722327674358794,0.036125882381031135,0.018381667690608988,159,10,137
cast19,rr,60,0.02,strat_pilot,28,2290,947,0,0,0.001618332309391013,0.03358717182407736,0.033722327674358794,0.036125882381031135,0.018381667690608988,159,10,137
cast19,rr,60,0.02,weighted_cv,28,2320,947,0,0,0.001618332309391013,0.06776679657732276,0.033722327674358794,0.036125882381031135,0.018381667690608988,159,10,137
cast19,rr,60,0.02,active_cv,28,2353,947,1,0,0.001618332309391013,0.13198308446062346,0.033722327674358794,0.036125882381031135,0.018381667690608988,159,10,137
cast19,rr,60,0.02,weighted_cvl,28,2326,947,1,0,0.001618332309391013,0.023494716562998806,0.033722327674358794,0.036125882381031135,0.018381667690608988,159,10,137
cast19,rr,60,0.02,uniform,29,2774,931,0,0,0.006972757133592633,0.29462260076235164,0.10219256702871468,0.03061287088646087,0.013027242866407367,159,14,136
cast19,rr,60,0.02,uniform_nz,29,2787,931,0,0,0.006972757133592633,0.17912620152196884,0.10219256702871468,0.03061287088646087,0.013027242866407367,159,14,136
cast19,rr,60,0.02,weighted,29,2839,931,1,0,0.006972757133592633,0.10219256702871468,0.10219256702871468,0.03061287088646087,0.013027242866407367,159,14,136
cast19,rr,60,0.02,active_judge,29,2805,931,0,0,0.006972757133592633,0.25972466910431047,0.10219256702871468,0.03061287088646087,0.013027242866407367,159,14,136
cast19,rr,60,0.02,strat_pilot,29,2837,931,1,0,0.006972757133592633,0.102323157028921,0.10219256702871468,0.03061287088646087,0.013027242866407367,159,14,136
cast19,rr,60,0.02,weighted_cv,29,2852,931,1,0,0.006972757133592633,0.12870135296285665,0.10219256702871468,0.03061287088646087,0.013027242866407367,159,14,136
cast19,rr,60,0.02,active_cv,29,2844,931,0,0,0.006972757133592633,0.16761688762483487,0.10219256702871468,0.03061287088646087,0.013027242866407367,159,14,136
cast19,rr,60,0.02,weighted_cvl,29,2824,931,1,0,0.006972757133592633,0.061387067317191235,0.10219256702871468,0.03061287088646087,0.013027242866407367,159,14,136
cast19,rr,60,0.02,uniform,30,2948,1026,0,0,0.022856084809060873,0.14630246918394474,0.07846248676219825,0.020867541577493633,-0.002856084809060872,159,14,136
cast19,rr,60,0.02,uniform_nz,30,2900,1026,0,0,0.022856084809060873,0.0961991312918296,0.07846248676219825,0.020867541577493633,-0.002856084809060872,159,14,136
cast19,rr,60,0.02,weighted,30,2971,1026,0,0,0.022856084809060873,0.07846248676219825,0.07846248676219825,0.020867541577493633,-0.002856084809060872,159,14,136
cast19,rr,60,0.02,active_judge,30,2923,1026,0,0,0.022856084809060873,0.17561486623811923,0.07846248676219825,0.020867541577493633,-0.002856084809060872,159,14,136
cast19,rr,60,0.02,strat_pilot,30,2904,1026,0,0,0.022856084809060873,0.0784985051240115,0.07846248676219825,0.020867541577493633,-0.002856084809060872,159,14,136
cast19,rr,60,0.02,weighted_cv,30,2893,1026,0,0,0.022856084809060873,0.08567143345054065,0.07846248676219825,0.020867541577493633,-0.002856084809060872,159,14,136
cast19,rr,60,0.02,active_cv,30,2934,1026,0,0,0.022856084809060873,0.15264157160411293,0.07846248676219825,0.020867541577493633,-0.002856084809060872,159,14,136
cast19,rr,60,0.02,weighted_cvl,30,2914,1026,0,0,0.022856084809060873,0.07579906064519232,0.07846248676219825,0.020867541577493633,-0.002856084809060872,159,14,136
cast19,rr,60,0.02,uniform,31,2311,999,0,0,0.0,0.24397449183035777,0.052304249366324315,0.055936036451247104,0.02,159,10,137
cast19,rr,60,0.02,uniform_nz,31,2392,999,1,0,0.0,0.10138222326540294,0.052304249366324315,0.055936036451247104,0.02,159,10,137
cast19,rr,60,0.02,weighted,31,2312,999,1,0,0.0,0.052304249366324315,0.052304249366324315,0.055936036451247104,0.02,159,10,137
cast19,rr,60,0.02,active_judge,31,2349,999,0,0,0.0,0.1527869330095263,0.052304249366324315,0.055936036451247104,0.02,159,10,137
cast19,rr,60,0.02,strat_pilot,31,2372,999,1,0,0.0,0.05198323990427103,0.052304249366324315,0.055936036451247104,0.02,159,10,137
cast19,rr,60,0.02,weighted_cv,31,2349,999,1,0,0.0,0.07758159680035122,0.052304249366324315,0.055936036451247104,0.02,159,10,137
cast19,rr,60,0.02,active_cv,31,2388,999,1,0,0.0,0.12903364365890738,0.052304249366324315,0.055936036451247104,0.02,159,10,137
cast19,rr,60,0.02,weighted_cvl,31,2379,999,1,0,0.0,0.07758159680035122,0.052304249366324315,0.055936036451247104,0.02,159,10,137
cast19,rr,60,0.02,uniform,32,2341,1017,0,0,0.011520168983965906,0.21472883442593851,0.06168324217335308,0.019625470161073882,0.008479831016034094,159,10,137
cast19,rr,60,0.02,uniform_nz,32,2410,1017,0,0,0.011520168983965906,0.09048443142372971,0.06168324217335308,0.019625470161073882,0.008479831016034094,159,10,137
cast19,rr,60,0.02,weighted,32,2359,1017,0,0,0.011520168983965906,0.06168324217335308,0.06168324217335308,0.019625470161073882,0.008479831016034094,159,10,137
cast19,rr,60,0.02,active_judge,32,2370,1017,0,0,0.011520168983965906,0.17923937052570835,0.06168324217335308,0.019625470161073882,0.008479831016034094,159,10,137
cast19,rr,60,0.02,strat_pilot,32,2381,1017,0,0,0.011520168983965906,0.06166630926542106,0.06168324217335308,0.019625470161073882,0.008479831016034094,159,10,137
cast19,rr,60,0.02,weighted_cv,32,2392,1017,0,0,0.011520168983965906,0.03300792928178721,0.06168324217335308,0.019625470161073882,0.008479831016034094,159,10,137
cast19,rr,60,0.02,active_cv,32,2356,1017,0,0,0.011520168983965906,0.0438179332083118,0.06168324217335308,0.019625470161073882,0.008479831016034094,159,10,137
cast19,rr,60,0.02,weighted_cvl,32,2357,1017,0,0,0.011520168983965906,0.02472801969804074,0.06168324217335308,0.019625470161073882,0.008479831016034094,159,10,137
cast19,rr,60,0.02,uniform,33,2327,938,1,0,0.0,0.2426912989790718,0.0680019760950101,0.02691537803743234,0.02,159,10,138
cast19,rr,60,0.02,uniform_nz,33,2290,938,1,0,0.0,0.09550370392956069,0.0680019760950101,0.02691537803743234,0.02,159,10,138
cast19,rr,60,0.02,weighted,33,2333,938,1,0,0.0,0.0680019760950101,0.0680019760950101,0.02691537803743234,0.02,159,10,138
cast19,rr,60,0.02,active_judge,33,2286,938,0,0,0.0,0.14612844743078168,0.0680019760950101,0.02691537803743234,0.02,159,10,138
cast19,rr,60,0.02,strat_pilot,33,2335,938,1,0,0.0,0.0682657077613942,0.0680019760950101,0.02691537803743234,0.02,159,10,138
cast19,rr,60,0.02,weighted_cv,33,2369,938,1,0,0.0,0.046191181171196055,0.0680019760950101,0.02691537803743234,0.02,159,10,138
cast19,rr,60,0.02,active_cv,33,2296,938,1,0,0.0,0.06866885564693695,0.0680019760950101,0.02691537803743234,0.02,159,10,138
cast19,rr,60,0.02,weighted_cvl,33,2284,938,1,0,0.0,0.03847734387628756,0.0680019760950101,0.02691537803743234,0.02,159,10,138
cast19,rr,60,0.02,uniform,34,2366,1017,1,0,0.0,0.19881772535930015,0.06131732834720686,0.020140548134356173,0.02,159,10,137
cast19,rr,60,0.02,uniform_nz,34,2378,1017,0,0,0.0,0.08440393508823182,0.06131732834720686,0.020140548134356173,0.02,159,10,137
cast19,rr,60,0.02,weighted,34,2375,1017,1,0,0.0,0.06131732834720686,0.06131732834720686,0.020140548134356173,0.02,159,10,137
cast19,rr,60,0.02,active_judge,34,2387,1017,1,0,0.0,0.1970892980727418,0.06131732834720686,0.020140548134356173,0.02,159,10,137
cast19,rr,60,0.02,strat_pilot,34,2369,1017,1,0,0.0,0.06124788287645126,0.06131732834720686,0.020140548134356173,0.02,159,10,137
cast19,rr,60,0.02,weighted_cv,34,2389,1017,1,0,0.0,0.05064136299408042,0.06131732834720686,0.020140548134356173,0.02,159,10,137
cast19,rr,60,0.02,active_cv,34,2393,1017,1,0,0.0,0.08325233078114033,0.06131732834720686,0.020140548134356173,0.02,159,10,137
cast19,rr,60,0.02,weighted_cvl,34,2368,1017,1,0,0.0,0.03564401127456353,0.06131732834720686,0.020140548134356173,0.02,159,10,137
cast19,rr,60,0.02,uniform,35,2399,978,0,0,0.0,0.14265237701574585,0.061227542041558294,0.0470124990840262,0.02,159,10,137
cast19,rr,60,0.02,uniform_nz,35,2299,978,1,0,0.0,0.06759724493970794,0.061227542041558294,0.0470124990840262,0.02,159,10,137
cast19,rr,60,0.02,weighted,35,2349,978,1,0,0.0,0.061227542041558294,0.061227542041558294,0.0470124990840262,0.02,159,10,137
cast19,rr,60,0.02,active_judge,35,2356,978,0,0,0.0,0.14081798826424208,0.061227542041558294,0.0470124990840262,0.02,159,10,137
cast19,rr,60,0.02,strat_pilot,35,2367,978,1,0,0.0,0.06108866735318415,0.061227542041558294,0.0470124990840262,0.02,159,10,137
cast19,rr,60,0.02,weighted_cv,35,2317,978,1,0,0.0,0.07548476835011737,0.061227542041558294,0.0470124990840262,0.02,159,10,137
cast19,rr,60,0.02,active_cv,35,2317,978,1,0,0.0,0.11235881726941813,0.061227542041558294,0.0470124990840262,0.02,159,10,137
cast19,rr,60,0.02,weighted_cvl,35,2363,978,1,0,0.0,0.04725892035923988,0.061227542041558294,0.0470124990840262,0.02,159,10,137
cast19,rr,60,0.02,uniform,36,2827,913,1,0,0.0019921717169066877,0.15208340422705485,0.08475582754036284,0.024105003682106586,0.018007828283093313,159,14,136
cast19,rr,60,0.02,uniform_nz,36,2811,913,0,0,0.0019921717169066877,0.10295057896383793,0.08475582754036284,0.024105003682106586,0.018007828283093313,159,14,136
cast19,rr,60,0.02,weighted,36,2846,913,1,0,0.0019921717169066877,0.08475582754036284,0.08475582754036284,0.024105003682106586,0.018007828283093313,159,14,136
cast19,rr,60,0.02,active_judge,36,2840,913,1,0,0.0019921717169066877,0.19792617188511433,0.08475582754036284,0.024105003682106586,0.018007828283093313,159,14,136
cast19,rr,60,0.02,strat_pilot,36,2869,913,1,0,0.0019921717169066877,0.08483570771159486,0.08475582754036284,0.024105003682106586,0.018007828283093313,159,14,136
cast19,rr,60,0.02,weighted_cv,36,2870,913,1,0,0.0019921717169066877,0.0887952476132173,0.08475582754036284,0.024105003682106586,0.018007828283093313,159,14,136
cast19,rr,60,0.02,active_cv,36,2806,913,0,0,0.0019921717169066877,0.16944058577581397,0.08475582754036284,0.024105003682106586,0.018007828283093313,159,14,136
cast19,rr,60,0.02,weighted_cvl,36,2785,913,0,0,0.0019921717169066877,0.06315217728699123,0.08475582754036284,0.024105003682106586,0.018007828283093313,159,14,136
cast19,rr,60,0.02,uniform,37,2302,980,0,0,0.0,0.621621788085436,0.052899671282945385,0.05736399865919316,0.02,159,10,137
cast19,rr,60,0.02,uniform_nz,37,2389,980,0,0,0.0,0.25295737107137634,0.052899671282945385,0.05736399865919316,0.02,159,10,137
cast19,rr,60,0.02,weighted,37,2332,980,1,0,0.0,0.052899671282945385,0.052899671282945385,0.05736399865919316,0.02,159,10,137
cast19,rr,60,0.02,active_judge,37,2376,980,0,0,0.0,0.15104409165861762,0.052899671282945385,0.05736399865919316,0.02,159,10,137
cast19,rr,60,0.02,strat_pilot,37,2301,980,1,0,0.0,0.05276424879916473,0.052899671282945385,0.05736399865919316,0.02,159,10,137
cast19,rr,60,0.02,weighted_cv,37,2364,980,0,0,0.0,0.06822727542049403,0.052899671282945385,0.05736399865919316,0.02,159,10,137
cast19,rr,60,0.02,active_cv,37,2346,980,1,0,0.0,0.09412648385663364,0.052899671282945385,0.05736399865919316,0.02,159,10,137
cast19,rr,60,0.02,weighted_cvl,37,2360,980,1,0,0.0,0.03360659348975983,0.052899671282945385,0.05736399865919316,0.02,159,10,137
cast19,rr,60,0.02,uniform,38,2321,928,0,0,0.0011446263300495252,0.2205451070309039,0.053705178686125586,0.0540435726946361,0.018855373669950475,159,10,137
cast19,rr,60,0.02,uniform_nz,38,2288,928,0,0,0.0011446263300495252,0.101400340109623,0.053705178686125586,0.0540435726946361,0.018855373669950475,159,10,137
cast19,rr,60,0.02,weighted,38,2347,928,1,0,0.0011446263300495252,0.053705178686125586,0.053705178686125586,0.0540435726946361,0.018855373669950475,159,10,137
cast19,rr,60,0.02,active_judge,38,2287,928,0,0,0.0011446263300495252,0.11851836607665009,0.053705178686125586,0.0540435726946361,0.018855373669950475,159,10,137
cast19,rr,60,0.02,strat_pilot,38,2341,928,1,0,0.0011446263300495252,0.053763688723977486,0.053705178686125586,0.0540435726946361,0.018855373669950475,159,10,137
cast19,rr,60,0.02,weighted_cv,38,2278,928,1,0,0.0011446263300495252,0.0412311759707341,0.053705178686125586,0.0540435726946361,0.018855373669950475,159,10,137
cast19,rr,60,0.02,active_cv,38,2326,928,1,0,0.0011446263300495252,0.07056748496330548,0.053705178686125586,0.0540435726946361,0.018855373669950475,159,10,137
cast19,rr,60,0.02,weighted_cvl,38,2307,928,0,0,0.0011446263300495252,0.024903997947006026,0.053705178686125586,0.0540435726946361,0.018855373669950475,159,10,137
cast19,rr,60,0.02,uniform,39,2313,970,1,0,0.0,0.3495374635433076,0.10267525688594743,0.047487764391200254,0.02,159,10,137
cast19,rr,60,0.02,uniform_nz,39,2326,970,0,0,0.0,0.14546773080709297,0.10267525688594743,0.047487764391200254,0.02,159,10,137
cast19,rr,60,0.02,weighted,39,2372,970,1,0,0.0,0.10267525688594743,0.10267525688594743,0.047487764391200254,0.02,159,10,137
cast19,rr,60,0.02,active_judge,39,2304,970,0,0,0.0,0.2026350866016869,0.10267525688594743,0.047487764391200254,0.02,159,10,137
cast19,rr,60,0.02,strat_pilot,39,2317,970,0,0,0.0,0.10267329153872304,0.10267525688594743,0.047487764391200254,0.02,159,10,137
cast19,rr,60,0.02,weighted_cv,39,2333,970,1,0,0.0,0.08206614349322267,0.10267525688594743,0.047487764391200254,0.02,159,10,137
cast19,rr,60,0.02,active_cv,39,2346,970,1,0,0.0,0.11703479914861543,0.10267525688594743,0.047487764391200254,0.02,159,10,137
cast19,rr,60,0.02,weighted_cvl,39,2281,970,1,0,0.0,0.0473894230370426,0.10267525688594743,0.047487764391200254,0.02,159,10,137
cast19,rr,60,0.02,uniform,40,2913,942,0,0,0.0,0.8588422055071886,0.11731767903206944,0.08098054190842473,0.02,159,14,136
cast19,rr,60,0.02,uniform_nz,40,2808,942,1,0,0.0,0.5340677582025833,0.11731767903206944,0.08098054190842473,0.02,159,14,136
cast19,rr,60,0.02,weighted,40,2836,942,1,0,0.0,0.11731767903206944,0.11731767903206944,0.08098054190842473,0.02,159,14,136
cast19,rr,60,0.02,active_judge,40,2812,942,1,0,0.0,0.3049564624819853,0.11731767903206944,0.08098054190842473,0.02,159,14,136
cast19,rr,60,0.02,strat_pilot,40,2900,942,1,0,0.0,0.11741271959577389,0.11731767903206944,0.08098054190842473,0.02,159,14,136
cast19,rr,60,0.02,weighted_cv,40,2849,942,1,0,0.0,0.10744633868998058,0.11731767903206944,0.08098054190842473,0.02,159,14,136
cast19,rr,60,0.02,active_cv,40,2851,942,1,0,0.0,0.14575525244705476,0.11731767903206944,0.08098054190842473,0.02,159,14,136
cast19,rr,60,0.02,weighted_cvl,40,2826,942,1,0,0.0,0.10111941583307602,0.11731767903206944,0.08098054190842473,0.02,159,14,136
cast19,rr,60,0.02,uniform,41,2435,1020,0,0,0.0,0.3763598636036661,0.11053187321959754,0.06963185170446207,0.02,159,10,138
cast19,rr,60,0.02,uniform_nz,41,2392,1020,1,0,0.0,0.17281063506105618,0.11053187321959754,0.06963185170446207,0.02,159,10,138
cast19,rr,60,0.02,weighted,41,2409,1020,1,0,0.0,0.11053187321959754,0.11053187321959754,0.06963185170446207,0.02,159,10,138
cast19,rr,60,0.02,active_judge,41,2374,1020,0,0,0.0,0.2966381223262278,0.11053187321959754,0.06963185170446207,0.02,159,10,138
cast19,rr,60,0.02,strat_pilot,41,2414,1020,1,0,0.0,0.11103185933963707,0.11053187321959754,0.06963185170446207,0.02,159,10,138
cast19,rr,60,0.02,weighted_cv,41,2380,1020,1,0,0.0,0.07649302141022167,0.11053187321959754,0.06963185170446207,0.02,159,10,138
cast19,rr,60,0.02,active_cv,41,2403,1020,1,0,0.0,0.1409824241646504,0.11053187321959754,0.06963185170446207,0.02,159,10,138
cast19,rr,60,0.02,weighted_cvl,41,2388,1020,1,0,0.0,0.0477539333767456,0.11053187321959754,0.06963185170446207,0.02,159,10,138
cast19,rr,60,0.02,uniform,42,2926,1014,0,0,0.02196469531680928,0.24239109267113773,0.08776931368425053,0.049413450007389295,-0.001964695316809279,159,14,136
cast19,rr,60,0.02,uniform_nz,42,2884,1014,0,0,0.02196469531680928,0.16956994621650792,0.08776931368425053,0.049413450007389295,-0.001964695316809279,159,14,136
cast19,rr,60,0.02,weighted,42,2942,1014,0,0,0.02196469531680928,0.08776931368425053,0.08776931368425053,0.049413450007389295,-0.001964695316809279,159,14,136
cast19,rr,60,0.02,active_judge,42,2891,1014,0,0,0.02196469531680928,0.20514878875417814,0.08776931368425053,0.049413450007389295,-0.001964695316809279,159,14,136
cast19,rr,60,0.02,strat_pilot,42,2883,1014,0,0,0.02196469531680928,0.08741632041930777,0.08776931368425053,0.049413450007389295,-0.001964695316809279,159,14,136
cast19,rr,60,0.02,weighted_cv,42,2904,1014,0,0,0.02196469531680928,0.07747974593838948,0.08776931368425053,0.049413450007389295,-0.001964695316809279,159,14,136
cast19,rr,60,0.02,active_cv,42,2964,1014,0,0,0.02196469531680928,0.10445425961347894,0.08776931368425053,0.049413450007389295,-0.001964695316809279,159,14,136
cast19,rr,60,0.02,weighted_cvl,42,2967,1014,0,0,0.02196469531680928,0.055134726374865675,0.08776931368425053,0.049413450007389295,-0.001964695316809279,159,14,136
cast19,rr,60,0.02,uniform,43,2410,1010,0,0,0.0,0.12046649932753102,0.04370606963844905,0.04370378875309516,0.02,159,10,137
cast19,rr,60,0.02,uniform_nz,43,2374,1010,1,0,0.0,0.049008849733536315,0.04370606963844905,0.04370378875309516,0.02,159,10,137
cast19,rr,60,0.02,weighted,43,2386,1010,0,0,0.0,0.04370606963844905,0.04370606963844905,0.04370378875309516,0.02,159,10,137
cast19,rr,60,0.02,active_judge,43,2377,1010,0,0,0.0,0.08982381880288334,0.04370606963844905,0.04370378875309516,0.02,159,10,137
cast19,rr,60,0.02,strat_pilot,43,2337,1010,1,0,0.0,0.04372207511664756,0.04370606963844905,0.04370378875309516,0.02,159,10,137
cast19,rr,60,0.02,weighted_cv,43,2381,1010,1,0,0.0,0.07171914848699246,0.04370606963844905,0.04370378875309516,0.02,159,10,137
cast19,rr,60,0.02,active_cv,43,2385,1010,1,0,0.0,0.12707376377144644,0.04370606963844905,0.04370378875309516,0.02,159,10,137
cast19,rr,60,0.02,weighted_cvl,43,2348,1010,1,0,0.0,0.03498158853866482,0.04370606963844905,0.04370378875309516,0.02,159,10,137
cast19,rr,60,0.02,uniform,44,2463,1026,0,0,0.005933424046825453,0.3608372305078552,0.047859854540758535,0.01764766718004031,0.014066575953174548,159,10,137
cast19,rr,60,0.02,uniform_nz,44,2439,1026,0,0,0.005933424046825453,0.14640781658229862,0.047859854540758535,0.01764766718004031,0.014066575953174548,159,10,137
cast19,rr,60,0.02,weighted,44,2371,1026,0,0,0.005933424046825453,0.047859854540758535,0.047859854540758535,0.01764766718004031,0.014066575953174548,159,10,137
cast19,rr,60,0.02,active_judge,44,2379,1026,0,0,0.005933424046825453,0.13544837461376485,0.047859854540758535,0.01764766718004031,0.014066575953174548,159,10,137
cast19,rr,60,0.02,strat_pilot,44,2411,1026,0,0,0.005933424046825453,0.047611401237514464,0.047859854540758535,0.01764766718004031,0.014066575953174548,159,10,137
cast19,rr,60,0.02,weighted_cv,44,2371,1026,1,0,0.005933424046825453,0.0560654330968367,0.047859854540758535,0.01764766718004031,0.014066575953174548,159,10,137
cast19,rr,60,0.02,active_cv,44,2419,1026,0,0,0.005933424046825453,0.08586056988002752,0.047859854540758535,0.01764766718004031,0.014066575953174548,159,10,137
cast19,rr,60,0.02,weighted_cvl,44,2385,1026,1,0,0.005933424046825453,0.048220644884591365,0.047859854540758535,0.01764766718004031,0.014066575953174548,159,10,137
cast19,rr,60,0.02,uniform,45,2060,935,0,0,0.0,0.11559818704473172,0.031282026441926125,0.03901089787554992,0.02,159,9,128
cast19,rr,60,0.02,uniform_nz,45,2078,935,0,0,0.0,0.033691726100073704,0.031282026441926125,0.03901089787554992,0.02,159,9,128
cast19,rr,60,0.02,weighted,45,2083,935,1,0,0.0,0.031282026441926125,0.031282026441926125,0.03901089787554992,0.02,159,9,128
cast19,rr,60,0.02,active_judge,45,2054,935,1,0,0.0,0.06950627847323898,0.031282026441926125,0.03901089787554992,0.02,159,9,128
cast19,rr,60,0.02,strat_pilot,45,2106,935,1,0,0.0,0.03105016614863785,0.031282026441926125,0.03901089787554992,0.02,159,9,128
cast19,rr,60,0.02,weighted_cv,45,2056,935,0,0,0.0,0.03731098812178098,0.031282026441926125,0.03901089787554992,0.02,159,9,128
cast19,rr,60,0.02,active_cv,45,2052,935,1,0,0.0,0.057679064440612646,0.031282026441926125,0.03901089787554992,0.02,159,9,128
cast19,rr,60,0.02,weighted_cvl,45,2029,935,1,0,0.0,0.02011824844457056,0.031282026441926125,0.03901089787554992,0.02,159,9,128
cast19,rr,60,0.02,uniform,46,2410,1030,0,0,0.013654477637036422,0.0833551804260991,0.033533502696866446,0.021196089258328464,0.006345522362963579,159,10,138
cast19,rr,60,0.02,uniform_nz,46,2425,1030,0,0,0.013654477637036422,0.03986037764151029,0.033533502696866446,0.021196089258328464,0.006345522362963579,159,10,138
cast19,rr,60,0.02,weighted,46,2434,1030,0,0,0.013654477637036422,0.033533502696866446,0.033533502696866446,0.021196089258328464,0.006345522362963579,159,10,138
cast19,rr,60,0.02,active_judge,46,2426,1030,0,0,0.013654477637036422,0.07591535973774546,0.033533502696866446,0.021196089258328464,0.006345522362963579,159,10,138
cast19,rr,60,0.02,strat_pilot,46,2400,1030,0,0,0.013654477637036422,0.03334427783593753,0.033533502696866446,0.021196089258328464,0.006345522362963579,159,10,138
cast19,rr,60,0.02,weighted_cv,46,2385,1030,0,0,0.013654477637036422,0.04218598072472343,0.033533502696866446,0.021196089258328464,0.006345522362963579,159,10,138
cast19,rr,60,0.02,active_cv,46,2417,1030,0,0,0.013654477637036422,0.07832071282928148,0.033533502696866446,0.021196089258328464,0.006345522362963579,159,10,138
cast19,rr,60,0.02,weighted_cvl,46,2379,1030,0,0,0.013654477637036422,0.022950762820912556,0.033533502696866446,0.021196089258328464,0.006345522362963579,159,10,138
cast19,rr,60,0.02,uniform,47,2414,980,0,0,0.0,0.1422045496890124,0.05709327235233515,0.05012998611295823,0.02,159,10,137
cast19,rr,60,0.02,uniform_nz,47,2339,980,1,0,0.0,0.06672379892132263,0.05709327235233515,0.05012998611295823,0.02,159,10,137
cast19,rr,60,0.02,weighted,47,2385,980,1,0,0.0,0.05709327235233515,0.05709327235233515,0.05012998611295823,0.02,159,10,137
cast19,rr,60,0.02,active_judge,47,2388,980,1,0,0.0,0.14145721647725612,0.05709327235233515,0.05012998611295823,0.02,159,10,137
cast19,rr,60,0.02,strat_pilot,47,2346,980,1,0,0.0,0.05677083551960862,0.05709327235233515,0.05012998611295823,0.02,159,10,137
cast19,rr,60,0.02,weighted_cv,47,2346,980,1,0,0.0,0.07936232168656816,0.05709327235233515,0.05012998611295823,0.02,159,10,137
cast19,rr,60,0.02,active_cv,47,2384,980,1,0,0.0,0.12482564101690738,0.05709327235233515,0.05012998611295823,0.02,159,10,137
cast19,rr,60,0.02,weighted_cvl,47,2287,980,1,0,0.0,0.04216967509490908,0.05709327235233515,0.05012998611295823,0.02,159,10,137
cast19,rr,60,0.02,uniform,48,2338,996,0,0,0.0,0.20863403875815725,0.08290532940609369,0.03274849359446881,0.02,159,10,137
cast19,rr,60,0.02,uniform_nz,48,2348,996,1,0,0.0,0.09485171695235761,0.08290532940609369,0.03274849359446881,0.02,159,10,137
cast19,rr,60,0.02,weighted,48,2393,996,1,0,0.0,0.08290532940609369,0.08290532940609369,0.03274849359446881,0.02,159,10,137
cast19,rr,60,0.02,active_judge,48,2383,996,0,0,0.0,0.1586012784330178,0.08290532940609369,0.03274849359446881,0.02,159,10,137
cast19,rr,60,0.02,strat_pilot,48,2354,996,0,0,0.0,0.08291504454345815,0.08290532940609369,0.03274849359446881,0.02,159,10,137
cast19,rr,60,0.02,weighted_cv,48,2358,996,1,0,0.0,0.06825165154833608,0.08290532940609369,0.03274849359446881,0.02,159,10,137
cast19,rr,60,0.02,active_cv,48,2372,996,1,0,0.0,0.1154159304340638,0.08290532940609369,0.03274849359446881,0.02,159,10,137
cast19,rr,60,0.02,weighted_cvl,48,2345,996,1,0,0.0,0.04186552544667147,0.08290532940609369,0.03274849359446881,0.02,159,10,137
cast19,rr,60,0.02,uniform,49,2285,932,0,0,0.0,0.5793541339122168,0.07383817927056517,0.049993805905436006,0.02,159,10,137
cast19,rr,60,0.02,uniform_nz,49,2263,932,0,0,0.0,0.31772267632001217,0.07383817927056517,0.049993805905436006,0.02,159,10,137
cast19,rr,60,0.02,weighted,49,2294,932,1,0,0.0,0.07383817927056517,0.07383817927056517,0.049993805905436006,0.02,159,10,137
cast19,rr,60,0.02,active_judge,49,2288,932,0,0,0.0,0.163346472518868,0.07383817927056517,0.049993805905436006,0.02,159,10,137
cast19,rr,60,0.02,strat_pilot,49,2314,932,0,0,0.0,0.07387374441018515,0.07383817927056517,0.049993805905436006,0.02,159,10,137
cast19,rr,60,0.02,weighted_cv,49,2262,932,1,0,0.0,0.09739453537104362,0.07383817927056517,0.049993805905436006,0.02,159,10,137
cast19,rr,60,0.02,active_cv,49,2295,932,0,0,0.0,0.17485387802865554,0.07383817927056517,0.049993805905436006,0.02,159,10,137
cast19,rr,60,0.02,weighted_cvl,49,2330,932,1,0,0.0,0.09205239949664436,0.07383817927056517,0.049993805905436006,0.02,159,10,137
cast19,rr,60,0.02,uniform,50,2320,993,1,0,0.0,0.26948976552442294,0.07507030718122074,0.036894404123506294,0.02,159,10,137
cast19,rr,60,0.02,uniform_nz,50,2321,993,1,0,0.0,0.12443532568982944,0.07507030718122074,0.036894404123506294,0.02,159,10,137
cast19,rr,60,0.02,weighted,50,2360,993,1,0,0.0,0.07507030718122074,0.07507030718122074,0.036894404123506294,0.02,159,10,137
cast19,rr,60,0.02,active_judge,50,2358,993,0,0,0.0,0.18162301168454137,0.07507030718122074,0.036894404123506294,0.02,159,10,137
cast19,rr,60,0.02,strat_pilot,50,2346,993,1,0,0.0,0.07508886367702146,0.07507030718122074,0.036894404123506294,0.02,159,10,137
cast19,rr,60,0.02,weighted_cv,50,2335,993,1,0,0.0,0.06787037291271864,0.07507030718122074,0.036894404123506294,0.02,159,10,137
cast19,rr,60,0.02,active_cv,50,2396,993,0,0,0.0,0.12003005416459338,0.07507030718122074,0.036894404123506294,0.02,159,10,137
cast19,rr,60,0.02,weighted_cvl,50,2362,993,1,0,0.0,0.040198787008109985,0.07507030718122074,0.036894404123506294,0.02,159,10,137
cast19,rr,60,0.02,uniform,51,2269,964,0,0,0.0,0.32346326154614363,0.037069204868230225,0.05599901832175691,0.02,159,10,137
cast19,rr,60,0.02,uniform_nz,51,2314,964,0,0,0.0,0.13611983886139,0.037069204868230225,0.05599901832175691,0.02,159,10,137
cast19,rr,60,0.02,weighted,51,2299,964,1,0,0.0,0.037069204868230225,0.037069204868230225,0.05599901832175691,0.02,159,10,137
cast19,rr,60,0.02,active_judge,51,2300,964,1,0,0.0,0.11801801727114507,0.037069204868230225,0.05599901832175691,0.02,159,10,137
cast19,rr,60,0.02,strat_pilot,51,2318,964,1,0,0.0,0.03670486428580603,0.037069204868230225,0.05599901832175691,0.02,159,10,137
cast19,rr,60,0.02,weighted_cv,51,2331,964,1,0,0.0,0.05749662787248901,0.037069204868230225,0.05599901832175691,0.02,159,10,137
cast19,rr,60,0.02,active_cv,51,2356,964,0,0,0.0,0.08154219561882022,0.037069204868230225,0.05599901832175691,0.02,159,10,137
cast19,rr,60,0.02,weighted_cvl,51,2367,964,1,0,0.0,0.04387126674856024,0.037069204868230225,0.05599901832175691,0.02,159,10,137
cast19,rr,60,0.02,uniform,52,2180,1033,0,0,0.005882053198852377,0.1858976796880975,0.05454104362797409,0.030644095327273094,0.014117946801147623,159,9,127
cast19,rr,60,0.02,uniform_nz,52,2111,1033,1,0,0.005882053198852377,0.07323332781887279,0.05454104362797409,0.030644095327273094,0.014117946801147623,159,9,127
cast19,rr,60,0.02,weighted,52,2129,1033,0,0,0.005882053198852377,0.05454104362797409,0.05454104362797409,0.030644095327273094,0.014117946801147623,159,9,127
cast19,rr,60,0.02,active_judge,52,2130,1033,0,0,0.005882053198852377,0.1084130381504254,0.05454104362797409,0.030644095327273094,0.014117946801147623,159,9,127
cast19,rr,60,0.02,strat_pilot,52,2135,1033,0,0,0.005882053198852377,0.054452255598726594,0.05454104362797409,0.030644095327273094,0.014117946801147623,159,9,127
cast19,rr,60,0.02,weighted_cv,52,2154,1033,1,0,0.005882053198852377,0.056386676273499005,0.05454104362797409,0.030644095327273094,0.014117946801147623,159,9,127
cast19,rr,60,0.02,active_cv,52,2136,1033,0,0,0.005882053198852377,0.09624934525108197,0.05454104362797409,0.030644095327273094,0.014117946801147623,159,9,127
cast19,rr,60,0.02,weighted_cvl,52,2160,1033,0,0,0.005882053198852377,0.0342649854388072,0.05454104362797409,0.030644095327273094,0.014117946801147623,159,9,127
cast19,rr,60,0.02,uniform,53,2364,1024,0,0,0.0,0.5513591715001611,0.10629968797979147,0.05122058869661171,0.02,159,10,138
cast19,rr,60,0.02,uniform_nz,53,2431,1024,1,0,0.0,0.22656748163297688,0.10629968797979147,0.05122058869661171,0.02,159,10,138
cast19,rr,60,0.02,weighted,53,2464,1024,1,0,0.0,0.10629968797979147,0.10629968797979147,0.05122058869661171,0.02,159,10,138
cast19,rr,60,0.02,active_judge,53,2439,1024,1,0,0.0,0.20089143421399944,0.10629968797979147,0.05122058869661171,0.02,159,10,138
cast19,rr,60,0.02,strat_pilot,53,2390,1024,1,0,0.0,0.10633377691410581,0.10629968797979147,0.05122058869661171,0.02,159,10,138
cast19,rr,60,0.02,weighted_cv,53,2421,1024,1,0,0.0,0.06443800475305388,0.10629968797979147,0.05122058869661171,0.02,159,10,138
cast19,rr,60,0.02,active_cv,53,2415,1024,1,0,0.0,0.13797934065632184,0.10629968797979147,0.05122058869661171,0.02,159,10,138
cast19,rr,60,0.02,weighted_cvl,53,2350,1024,1,0,0.0,0.04038435838801465,0.10629968797979147,0.05122058869661171,0.02,159,10,138
cast19,rr,60,0.02,uniform,54,2926,1002,0,0,0.0,0.24148191392834825,0.11651627466335439,0.04910419637620474,0.02,159,14,136
cast19,rr,60,0.02,uniform_nz,54,2881,1002,1,0,0.0,0.15786907091013092,0.11651627466335439,0.04910419637620474,0.02,159,14,136
cast19,rr,60,0.02,weighted,54,2892,1002,1,0,0.0,0.11651627466335439,0.11651627466335439,0.04910419637620474,0.02,159,14,136
cast19,rr,60,0.02,active_judge,54,2900,1002,1,0,0.0,0.29096040291777203,0.11651627466335439,0.04910419637620474,0.02,159,14,136
cast19,rr,60,0.02,strat_pilot,54,2867,1002,1,0,0.0,0.11658740713680456,0.11651627466335439,0.04910419637620474,0.02,159,14,136
cast19,rr,60,0.02,weighted_cv,54,2834,1002,1,0,0.0,0.14200506214756353,0.11651627466335439,0.04910419637620474,0.02,159,14,136
cast19,rr,60,0.02,active_cv,54,2915,1002,1,0,0.0,0.199346085025716,0.11651627466335439,0.04910419637620474,0.02,159,14,136
cast19,rr,60,0.02,weighted_cvl,54,2877,1002,1,0,0.0,0.06916369412104988,0.11651627466335439,0.04910419637620474,0.02,159,14,136
cast19,rr,60,0.02,uniform,55,2258,936,0,0,0.00898338745149685,0.2886113953690338,0.04404153416225905,0.0241720445073689,0.011016612548503151,159,10,137
cast19,rr,60,0.02,uniform_nz,55,2336,936,1,0,0.00898338745149685,0.16071941704466225,0.04404153416225905,0.0241720445073689,0.011016612548503151,159,10,137
cast19,rr,60,0.02,weighted,55,2263,936,0,0,0.00898338745149685,0.04404153416225905,0.04404153416225905,0.0241720445073689,0.011016612548503151,159,10,137
cast19,rr,60,0.02,active_judge,55,2295,936,0,0,0.00898338745149685,0.11694713873937124,0.04404153416225905,0.0241720445073689,0.011016612548503151,159,10,137
cast19,rr,60,0.02,strat_pilot,55,2295,936,1,0,0.00898338745149685,0.043889592679213614,0.04404153416225905,0.0241720445073689,0.011016612548503151,159,10,137
cast19,rr,60,0.02,weighted_cv,55,2344,936,1,0,0.00898338745149685,0.052688412721256794,0.04404153416225905,0.0241720445073689,0.011016612548503151,159,10,137
cast19,rr,60,0.02,active_cv,55,2300,936,0,0,0.00898338745149685,0.07356079243795972,0.04404153416225905,0.0241720445073689,0.011016612548503151,159,10,137
cast19,rr,60,0.02,weighted_cvl,55,2333,936,1,0,0.00898338745149685,0.024917742956312598,0.04404153416225905,0.0241720445073689,0.011016612548503151,159,10,137
cast19,rr,60,0.02,uniform,56,2331,934,0,0,0.003695932562581994,0.32776545429904697,0.06692442502313278,0.0180539659024314,0.016304067437418007,159,10,137
cast19,rr,60,0.02,uniform_nz,56,2266,934,1,0,0.003695932562581994,0.15784569807932186,0.06692442502313278,0.0180539659024314,0.016304067437418007,159,10,137
cast19,rr,60,0.02,weighted,56,2277,934,0,0,0.003695932562581994,0.06692442502313278,0.06692442502313278,0.0180539659024314,0.016304067437418007,159,10,137
cast19,rr,60,0.02,active_judge,56,2283,934,0,0,0.003695932562581994,0.1294056368021789,0.06692442502313278,0.0180539659024314,0.016304067437418007,159,10,137
cast19,rr,60,0.02,strat_pilot,56,2335,934,1,0,0.003695932562581994,0.0668263744064105,0.06692442502313278,0.0180539659024314,0.016304067437418007,159,10,137
cast19,rr,60,0.02,weighted_cv,56,2327,934,0,0,0.003695932562581994,0.034452847653726984,0.06692442502313278,0.0180539659024314,0.016304067437418007,159,10,137
cast19,rr,60,0.02,active_cv,56,2287,934,1,0,0.003695932562581994,0.08019635156833298,0.06692442502313278,0.0180539659024314,0.016304067437418007,159,10,137
cast19,rr,60,0.02,weighted_cvl,56,2314,934,1,0,0.003695932562581994,0.023397331014473582,0.06692442502313278,0.0180539659024314,0.016304067437418007,159,10,137
cast19,rr,60,0.02,uniform,57,2282,943,0,0,0.0,0.6948246549084931,0.08599031128300105,0.0518426842192322,0.02,159,10,137
cast19,rr,60,0.02,uniform_nz,57,2324,943,0,0,0.0,0.36516730974241296,0.08599031128300105,0.0518426842192322,0.02,159,10,137
cast19,rr,60,0.02,weighted,57,2301,943,1,0,0.0,0.08599031128300105,0.08599031128300105,0.0518426842192322,0.02,159,10,137
cast19,rr,60,0.02,active_judge,57,2345,943,0,0,0.0,0.2617386178160088,0.08599031128300105,0.0518426842192322,0.02,159,10,137
cast19,rr,60,0.02,strat_pilot,57,2322,943,1,0,0.0,0.08598586518232651,0.08599031128300105,0.0518426842192322,0.02,159,10,137
cast19,rr,60,0.02,weighted_cv,57,2294,943,1,0,0.0,0.05009433448593805,0.08599031128300105,0.0518426842192322,0.02,159,10,137
cast19,rr,60,0.02,active_cv,57,2295,943,0,0,0.0,0.06740236458695079,0.08599031128300105,0.0518426842192322,0.02,159,10,137
cast19,rr,60,0.02,weighted_cvl,57,2317,943,1,0,0.0,0.036993363938102916,0.08599031128300105,0.0518426842192322,0.02,159,10,137
cast19,rr,60,0.02,uniform,58,2292,949,0,0,0.006644764376584844,0.14685002882083464,0.06373669827608026,0.05071594111951158,0.013355235623415156,159,10,137
cast19,rr,60,0.02,uniform_nz,58,2313,949,1,0,0.006644764376584844,0.07436528442863573,0.06373669827608026,0.05071594111951158,0.013355235623415156,159,10,137
cast19,rr,60,0.02,weighted,58,2253,949,0,0,0.006644764376584844,0.06373669827608026,0.06373669827608026,0.05071594111951158,0.013355235623415156,159,10,137
cast19,rr,60,0.02,active_judge,58,2297,949,0,0,0.006644764376584844,0.16320403598259567,0.06373669827608026,0.05071594111951158,0.013355235623415156,159,10,137
cast19,rr,60,0.02,strat_pilot,58,2318,949,1,0,0.006644764376584844,0.06362809050466486,0.06373669827608026,0.05071594111951158,0.013355235623415156,159,10,137
cast19,rr,60,0.02,weighted_cv,58,2321,949,0,0,0.006644764376584844,0.06273966655101718,0.06373669827608026,0.05071594111951158,0.013355235623415156,159,10,137
cast19,rr,60,0.02,active_cv,58,2278,949,0,0,0.006644764376584844,0.11366520053596825,0.06373669827608026,0.05071594111951158,0.013355235623415156,159,10,137
cast19,rr,60,0.02,weighted_cvl,58,2315,949,0,0,0.006644764376584844,0.05331252164540715,0.06373669827608026,0.05071594111951158,0.013355235623415156,159,10,137
cast19,rr,60,0.02,uniform,59,2328,967,0,0,0.0,0.35249969558369665,0.09305213412924326,0.05750252598465683,0.02,159,10,137
cast19,rr,60,0.02,uniform_nz,59,2295,967,1,0,0.0,0.13474690845434553,0.09305213412924326,0.05750252598465683,0.02,159,10,137
cast19,rr,60,0.02,weighted,59,2308,967,1,0,0.0,0.09305213412924326,0.09305213412924326,0.05750252598465683,0.02,159,10,137
cast19,rr,60,0.02,active_judge,59,2308,967,0,0,0.0,0.15623794338922797,0.09305213412924326,0.05750252598465683,0.02,159,10,137
cast19,rr,60,0.02,strat_pilot,59,2367,967,1,0,0.0,0.0929776858877015,0.09305213412924326,0.05750252598465683,0.02,159,10,137
cast19,rr,60,0.02,weighted_cv,59,2343,967,1,0,0.0,0.07846768361551544,0.09305213412924326,0.05750252598465683,0.02,159,10,137
cast19,rr,60,0.02,active_cv,59,2338,967,0,0,0.0,0.12594447188354527,0.09305213412924326,0.05750252598465683,0.02,159,10,137
cast19,rr,60,0.02,weighted_cvl,59,2336,967,1,0,0.0,0.04491963422562443,0.09305213412924326,0.05750252598465683,0.02,159,10,137
cast19,rr,60,0.02,uniform,60,2974,1084,0,0,0.009493627878769395,0.18168067671367694,0.061225152603188226,0.023792685025680358,0.010506372121230605,159,14,136
cast19,rr,60,0.02,uniform_nz,60,2995,1084,1,0,0.009493627878769395,0.13114073787358768,0.061225152603188226,0.023792685025680358,0.010506372121230605,159,14,136
cast19,rr,60,0.02,weighted,60,3005,1084,1,0,0.009493627878769395,0.061225152603188226,0.061225152603188226,0.023792685025680358,0.010506372121230605,159,14,136
cast19,rr,60,0.02,active_judge,60,3058,1084,0,0,0.009493627878769395,0.13206398751774912,0.061225152603188226,0.023792685025680358,0.010506372121230605,159,14,136
cast19,rr,60,0.02,strat_pilot,60,2930,1084,0,0,0.009493627878769395,0.06110552833134218,0.061225152603188226,0.023792685025680358,0.010506372121230605,159,14,136
cast19,rr,60,0.02,weighted_cv,60,3013,1084,0,0,0.009493627878769395,0.07152932050910998,0.061225152603188226,0.023792685025680358,0.010506372121230605,159,14,136
cast19,rr,60,0.02,active_cv,60,2972,1084,0,0,0.009493627878769395,0.1298949166821956,0.061225152603188226,0.023792685025680358,0.010506372121230605,159,14,136
cast19,rr,60,0.02,weighted_cvl,60,3011,1084,0,0,0.009493627878769395,0.04737240434814423,0.061225152603188226,0.023792685025680358,0.010506372121230605,159,14,136
cast19,rr,60,0.02,uniform,61,2303,974,0,0,0.011921992165461692,0.33602371906504225,0.03872677550604926,0.01793118371181333,0.008078007834538308,159,10,137
cast19,rr,60,0.02,uniform_nz,61,2352,974,0,0,0.011921992165461692,0.13673227839077423,0.03872677550604926,0.01793118371181333,0.008078007834538308,159,10,137
cast19,rr,60,0.02,weighted,61,2360,974,0,0,0.011921992165461692,0.03872677550604926,0.03872677550604926,0.01793118371181333,0.008078007834538308,159,10,137
cast19,rr,60,0.02,active_judge,61,2329,974,0,0,0.011921992165461692,0.09313083940170602,0.03872677550604926,0.01793118371181333,0.008078007834538308,159,10,137
cast19,rr,60,0.02,strat_pilot,61,2357,974,0,0,0.011921992165461692,0.03873343281032106,0.03872677550604926,0.01793118371181333,0.008078007834538308,159,10,137
cast19,rr,60,0.02,weighted_cv,61,2327,974,0,0,0.011921992165461692,0.03645512190435246,0.03872677550604926,0.01793118371181333,0.008078007834538308,159,10,137
cast19,rr,60,0.02,active_cv,61,2309,974,0,0,0.011921992165461692,0.05687573506561392,0.03872677550604926,0.01793118371181333,0.008078007834538308,159,10,137
cast19,rr,60,0.02,weighted_cvl,61,2344,974,0,0,0.011921992165461692,0.028608694827141234,0.03872677550604926,0.01793118371181333,0.008078007834538308,159,10,137
cast19,rr,60,0.02,uniform,62,2894,1018,0,0,0.0,0.16560958603315923,0.07758885049416459,0.0280721975393028,0.02,159,14,136
cast19,rr,60,0.02,uniform_nz,62,2925,1018,0,0,0.0,0.09698160378155038,0.07758885049416459,0.0280721975393028,0.02,159,14,136
cast19,rr,60,0.02,weighted,62,2923,1018,1,0,0.0,0.07758885049416459,0.07758885049416459,0.0280721975393028,0.02,159,14,136
cast19,rr,60,0.02,active_judge,62,2923,1018,0,0,0.0,0.15876832188092327,0.07758885049416459,0.0280721975393028,0.02,159,14,136
cast19,rr,60,0.02,strat_pilot,62,2920,1018,1,0,0.0,0.07766970771019467,0.07758885049416459,0.0280721975393028,0.02,159,14,136
cast19,rr,60,0.02,weighted_cv,62,2924,1018,1,0,0.0,0.09787425668120271,0.07758885049416459,0.0280721975393028,0.02,159,14,136
cast19,rr,60,0.02,active_cv,62,2908,1018,1,0,0.0,0.1803838921351209,0.07758885049416459,0.0280721975393028,0.02,159,14,136
cast19,rr,60,0.02,weighted_cvl,62,2930,1018,1,0,0.0,0.06647075115310075,0.07758885049416459,0.0280721975393028,0.02,159,14,136
cast19,rr,60,0.02,uniform,63,2359,944,0,0,0.0,0.10105453675021112,0.04050456920225435,0.052346781493958106,0.02,159,10,137
cast19,rr,60,0.02,uniform_nz,63,2292,944,1,0,0.0,0.04531759022936211,0.04050456920225435,0.052346781493958106,0.02,159,10,137
cast19,rr,60,0.02,weighted,63,2305,944,1,0,0.0,0.04050456920225435,0.04050456920225435,0.052346781493958106,0.02,159,10,137
cast19,rr,60,0.02,active_judge,63,2306,944,1,0,0.0,0.12375908811281904,0.04050456920225435,0.052346781493958106,0.02,159,10,137
cast19,rr,60,0.02,strat_pilot,63,2350,944,1,0,0.0,0.04032212975877029,0.04050456920225435,0.052346781493958106,0.02,159,10,137
cast19,rr,60,0.02,weighted_cv,63,2313,944,1,0,0.0,0.06404887292895405,0.04050456920225435,0.052346781493958106,0.02,159,10,137
cast19,rr,60,0.02,active_cv,63,2310,944,1,0,0.0,0.10520232526916877,0.04050456920225435,0.052346781493958106,0.02,159,10,137
cast19,rr,60,0.02,weighted_cvl,63,2287,944,1,0,0.0,0.04795346680164448,0.04050456920225435,0.052346781493958106,0.02,159,10,137
cast19,rr,60,0.02,uniform,64,2872,965,0,0,0.012102371303914339,0.20101775170921363,0.06982329178460198,0.030396496859345132,0.007897628696085662,159,14,136
cast19,rr,60,0.02,uniform_nz,64,2881,965,0,0,0.012102371303914339,0.14707232293370112,0.06982329178460198,0.030396496859345132,0.007897628696085662,159,14,136
cast19,rr,60,0.02,weighted,64,2900,965,0,0,0.012102371303914339,0.06982329178460198,0.06982329178460198,0.030396496859345132,0.007897628696085662,159,14,136
cast19,rr,60,0.02,active_judge,64,2893,965,0,0,0.012102371303914339,0.13980413624162186,0.06982329178460198,0.030396496859345132,0.007897628696085662,159,14,136
cast19,rr,60,0.02,strat_pilot,64,2824,965,0,0,0.012102371303914339,0.06986621490012597,0.06982329178460198,0.030396496859345132,0.007897628696085662,159,14,136
cast19,rr,60,0.02,weighted_cv,64,2862,965,0,0,0.012102371303914339,0.09331442537020714,0.06982329178460198,0.030396496859345132,0.007897628696085662,159,14,136
cast19,rr,60,0.02,active_cv,64,2911,965,0,0,0.012102371303914339,0.17386734758440342,0.06982329178460198,0.030396496859345132,0.007897628696085662,159,14,136
cast19,rr,60,0.02,weighted_cvl,64,2875,965,0,0,0.012102371303914339,0.05843170763677115,0.06982329178460198,0.030396496859345132,0.007897628696085662,159,14,136
cast19,rr,60,0.02,uniform,65,2388,1002,0,0,0.0,0.9071190941527039,0.061756001181852684,0.058458132623340264,0.02,159,10,137
cast19,rr,60,0.02,uniform_nz,65,2405,1002,0,0,0.0,0.35984677001445736,0.061756001181852684,0.058458132623340264,0.02,159,10,137
cast19,rr,60,0.02,weighted,65,2359,1002,1,0,0.0,0.061756001181852684,0.061756001181852684,0.058458132623340264,0.02,159,10,137
cast19,rr,60,0.02,active_judge,65,2373,1002,1,0,0.0,0.15374867517637364,0.061756001181852684,0.058458132623340264,0.02,159,10,137
cast19,rr,60,0.02,strat_pilot,65,2381,1002,1,0,0.0,0.061736230711889675,0.061756001181852684,0.058458132623340264,0.02,159,10,137
cast19,rr,60,0.02,weighted_cv,65,2404,1002,0,0,0.0,0.058406256671292046,0.061756001181852684,0.058458132623340264,0.02,159,10,137
cast19,rr,60,0.02,active_cv,65,2338,1002,1,0,0.0,0.08545620776214499,0.061756001181852684,0.058458132623340264,0.02,159,10,137
cast19,rr,60,0.02,weighted_cvl,65,2371,1002,1,0,0.0,0.058406256671292046,0.061756001181852684,0.058458132623340264,0.02,159,10,137
cast19,rr,60,0.02,uniform,66,2411,1035,1,0,0.007430298156439696,0.3466029201199469,0.05831888808028381,0.034522727754589394,0.012569701843560304,159,10,137
cast19,rr,60,0.02,uniform_nz,66,2393,1035,0,0,0.007430298156439696,0.17797987538066148,0.05831888808028381,0.034522727754589394,0.012569701843560304,159,10,137
cast19,rr,60,0.02,weighted,66,2426,1035,1,0,0.007430298156439696,0.05831888808028381,0.05831888808028381,0.034522727754589394,0.012569701843560304,159,10,137
cast19,rr,60,0.02,active_judge,66,2412,1035,0,0,0.007430298156439696,0.1414074037668246,0.05831888808028381,0.034522727754589394,0.012569701843560304,159,10,137
cast19,rr,60,0.02,strat_pilot,66,2415,1035,0,0,0.007430298156439696,0.058318119342801754,0.05831888808028381,0.034522727754589394,0.012569701843560304,159,10,137
cast19,rr,60,0.02,weighted_cv,66,2445,1035,0,0,0.007430298156439696,0.05037052392001866,0.05831888808028381,0.034522727754589394,0.012569701843560304,159,10,137
cast19,rr,60,0.02,active_cv,66,2417,1035,0,0,0.007430298156439696,0.11136570650366895,0.05831888808028381,0.034522727754589394,0.012569701843560304,159,10,137
cast19,rr,60,0.02,weighted_cvl,66,2397,1035,1,0,0.007430298156439696,0.028304495503055804,0.05831888808028381,0.034522727754589394,0.012569701843560304,159,10,137
cast19,rr,60,0.02,uniform,67,2360,1017,1,0,0.0,0.0919408429636708,0.03426590001026316,0.016978639695357962,0.02,159,10,137
cast19,rr,60,0.02,uniform_nz,67,2353,1017,0,0,0.0,0.03892592298715901,0.03426590001026316,0.016978639695357962,0.02,159,10,137
cast19,rr,60,0.02,weighted,67,2400,1017,1,0,0.0,0.03426590001026316,0.03426590001026316,0.016978639695357962,0.02,159,10,137
cast19,rr,60,0.02,active_judge,67,2398,1017,0,0,0.0,0.09154358738360457,0.03426590001026316,0.016978639695357962,0.02,159,10,137
cast19,rr,60,0.02,strat_pilot,67,2399,1017,1,0,0.0,0.034136626087290976,0.03426590001026316,0.016978639695357962,0.02,159,10,137
cast19,rr,60,0.02,weighted_cv,67,2407,1017,0,0,0.0,0.06514992018662479,0.03426590001026316,0.016978639695357962,0.02,159,10,137
cast19,rr,60,0.02,active_cv,67,2378,1017,1,0,0.0,0.119956379523168,0.03426590001026316,0.016978639695357962,0.02,159,10,137
cast19,rr,60,0.02,weighted_cvl,67,2364,1017,0,0,0.0,0.024052356554270425,0.03426590001026316,0.016978639695357962,0.02,159,10,137
cast19,rr,60,0.02,uniform,68,2167,991,1,0,0.0,0.1019988346655301,0.026192341883723973,0.04324890709565632,0.02,159,9,128
cast19,rr,60,0.02,uniform_nz,68,2067,991,0,0,0.0,0.02872745093941732,0.026192341883723973,0.04324890709565632,0.02,159,9,128
cast19,rr,60,0.02,weighted,68,2099,991,0,0,0.0,0.026192341883723973,0.026192341883723973,0.04324890709565632,0.02,159,9,128
cast19,rr,60,0.02,active_judge,68,2121,991,0,0,0.0,0.07702109482913708,0.026192341883723973,0.04324890709565632,0.02,159,9,128
cast19,rr,60,0.02,strat_pilot,68,2127,991,1,0,0.0,0.025792844943404836,0.026192341883723973,0.04324890709565632,0.02,159,9,128
cast19,rr,60,0.02,weighted_cv,68,2086,991,1,0,0.0,0.03590928796703492,0.026192341883723973,0.04324890709565632,0.02,159,9,128
cast19,rr,60,0.02,active_cv,68,2099,991,0,0,0.0,0.05300431322246827,0.026192341883723973,0.04324890709565632,0.02,159,9,128
cast19,rr,60,0.02,weighted_cvl,68,2074,991,1,0,0.0,0.019586633615321532,0.026192341883723973,0.04324890709565632,0.02,159,9,128
cast19,rr,60,0.02,uniform,69,2291,1010,0,0,0.0015825561723025183,0.18565032505062481,0.038342824433843,0.03165454823627189,0.018417443827697482,159,10,137
cast19,rr,60,0.02,uniform_nz,69,2325,1010,0,0,0.0015825561723025183,0.08232042271529492,0.038342824433843,0.03165454823627189,0.018417443827697482,159,10,137
cast19,rr,60,0.02,weighted,69,2402,1010,0,0,0.0015825561723025183,0.038342824433843,0.038342824433843,0.03165454823627189,0.018417443827697482,159,10,137
cast19,rr,60,0.02,active_judge,69,2383,1010,0,0,0.0015825561723025183,0.0821190331879826,0.038342824433843,0.03165454823627189,0.018417443827697482,159,10,137
cast19,rr,60,0.02,strat_pilot,69,2410,1010,1,0,0.0015825561723025183,0.03819052038339936,0.038342824433843,0.03165454823627189,0.018417443827697482,159,10,137
cast19,rr,60,0.02,weighted_cv,69,2329,1010,1,0,0.0015825561723025183,0.04384546718788025,0.038342824433843,0.03165454823627189,0.018417443827697482,159,10,137
cast19,rr,60,0.02,active_cv,69,2336,1010,0,0,0.0015825561723025183,0.07142302979710555,0.038342824433843,0.03165454823627189,0.018417443827697482,159,10,137
cast19,rr,60,0.02,weighted_cvl,69,2384,1010,0,0,0.0015825561723025183,0.03362675206827908,0.038342824433843,0.03165454823627189,0.018417443827697482,159,10,137
cast19,rr,60,0.02,uniform,70,2370,1019,0,0,0.008563041676616034,0.24741663776620557,0.06615158826471379,0.033024809393903495,0.011436958323383966,159,10,137
cast19,rr,60,0.02,uniform_nz,70,2374,1019,1,0,0.008563041676616034,0.09709448724725127,0.06615158826471379,0.033024809393903495,0.011436958323383966,159,10,137
cast19,rr,60,0.02,weighted,70,2363,1019,0,0,0.008563041676616034,0.06615158826471379,0.06615158826471379,0.033024809393903495,0.011436958323383966,159,10,137
cast19,rr,60,0.02,active_judge,70,2410,1019,0,0,0.008563041676616034,0.15231066142370844,0.06615158826471379,0.033024809393903495,0.011436958323383966,159,10,137
cast19,rr,60,0.02,strat_pilot,70,2352,1019,0,0,0.008563041676616034,0.06597197193352267,0.06615158826471379,0.033024809393903495,0.011436958323383966,159,10,137
cast19,rr,60,0.02,weighted_cv,70,2390,1019,0,0,0.008563041676616034,0.09477995351362226,0.06615158826471379,0.033024809393903495,0.011436958323383966,159,10,137
cast19,rr,60,0.02,active_cv,70,2378,1019,0,0,0.008563041676616034,0.15314387955302772,0.06615158826471379,0.033024809393903495,0.011436958323383966,159,10,137
cast19,rr,60,0.02,weighted_cvl,70,2391,1019,0,0,0.008563041676616034,0.052314618822283866,0.06615158826471379,0.033024809393903495,0.011436958323383966,159,10,137
cast19,rr,60,0.02,uniform,71,2339,983,0,0,0.0,0.4155988353546169,0.10037206464908519,0.023070074592453103,0.02,159,10,138
cast19,rr,60,0.02,uniform_nz,71,2344,983,1,0,0.0,0.20329763830909126,0.10037206464908519,0.023070074592453103,0.02,159,10,138
cast19,rr,60,0.02,weighted,71,2352,983,1,0,0.0,0.10037206464908519,0.10037206464908519,0.023070074592453103,0.02,159,10,138
cast19,rr,60,0.02,active_judge,71,2366,983,0,0,0.0,0.15966596648836012,0.10037206464908519,0.023070074592453103,0.02,159,10,138
cast19,rr,60,0.02,strat_pilot,71,2422,983,1,0,0.0,0.10037328083214433,0.10037206464908519,0.023070074592453103,0.02,159,10,138
cast19,rr,60,0.02,weighted_cv,71,2359,983,1,0,0.0,0.04528603859679209,0.10037206464908519,0.023070074592453103,0.02,159,10,138
cast19,rr,60,0.02,active_cv,71,2390,983,1,0,0.0,0.06045180503109391,0.10037206464908519,0.023070074592453103,0.02,159,10,138
cast19,rr,60,0.02,weighted_cvl,71,2348,983,1,0,0.0,0.039545959793287906,0.10037206464908519,0.023070074592453103,0.02,159,10,138
cast19,rr,60,0.02,uniform,72,2047,942,0,0,0.0,0.3681549406100201,0.03587915610912847,0.01940693809114861,0.02,159,8,138
cast19,rr,60,0.02,uniform_nz,72,2034,942,1,0,0.0,0.09179762344724303,0.03587915610912847,0.01940693809114861,0.02,159,8,138
cast19,rr,60,0.02,weighted,72,1995,942,1,0,0.0,0.03587915610912847,0.03587915610912847,0.01940693809114861,0.02,159,8,138
cast19,rr,60,0.02,active_judge,72,2007,942,1,0,0.0,0.08344478611560555,0.03587915610912847,0.01940693809114861,0.02,159,8,138
cast19,rr,60,0.02,strat_pilot,72,2021,942,0,0,0.0,0.035792212229426044,0.03587915610912847,0.01940693809114861,0.02,159,8,138
cast19,rr,60,0.02,weighted_cv,72,2025,942,1,0,0.0,0.035032091246156985,0.03587915610912847,0.01940693809114861,0.02,159,8,138
cast19,rr,60,0.02,active_cv,72,2005,942,1,0,0.0,0.05475044701495774,0.03587915610912847,0.01940693809114861,0.02,159,8,138
cast19,rr,60,0.02,weighted_cvl,72,2008,942,1,0,0.0,0.022763072193466675,0.03587915610912847,0.01940693809114861,0.02,159,8,138
cast19,rr,60,0.02,uniform,73,2218,1028,0,0,0.005882053198852377,0.6071912261230501,0.054270480632632824,0.07268904491621211,0.014117946801147623,159,9,129
cast19,rr,60,0.02,uniform_nz,73,2115,1028,0,0,0.005882053198852377,0.2504706410458959,0.054270480632632824,0.07268904491621211,0.014117946801147623,159,9,129
cast19,rr,60,0.02,weighted,73,2146,1028,0,0,0.005882053198852377,0.054270480632632824,0.054270480632632824,0.07268904491621211,0.014117946801147623,159,9,129
cast19,rr,60,0.02,active_judge,73,2183,1028,0,0,0.005882053198852377,0.1081734244194383,0.054270480632632824,0.07268904491621211,0.014117946801147623,159,9,129
cast19,rr,60,0.02,strat_pilot,73,2150,1028,0,0,0.005882053198852377,0.054193487251542515,0.054270480632632824,0.07268904491621211,0.014117946801147623,159,9,129
cast19,rr,60,0.02,weighted_cv,73,2151,1028,1,0,0.005882053198852377,0.04451072861352606,0.054270480632632824,0.07268904491621211,0.014117946801147623,159,9,129
cast19,rr,60,0.02,active_cv,73,2155,1028,0,0,0.005882053198852377,0.06290605690440992,0.054270480632632824,0.07268904491621211,0.014117946801147623,159,9,129
cast19,rr,60,0.02,weighted_cvl,73,2196,1028,0,0,0.005882053198852377,0.03696745184444102,0.054270480632632824,0.07268904491621211,0.014117946801147623,159,9,129
cast19,rr,60,0.02,uniform,74,2310,922,1,0,0.005765720303384514,0.16543680887812323,0.04116527557592438,0.033178492190270366,0.014234279696615487,159,10,137
cast19,rr,60,0.02,uniform_nz,74,2288,922,0,0,0.005765720303384514,0.08802562755367668,0.04116527557592438,0.033178492190270366,0.014234279696615487,159,10,137
cast19,rr,60,0.02,weighted,74,2279,922,1,0,0.005765720303384514,0.04116527557592438,0.04116527557592438,0.033178492190270366,0.014234279696615487,159,10,137
cast19,rr,60,0.02,active_judge,74,2292,922,0,0,0.005765720303384514,0.0925524871539241,0.04116527557592438,0.033178492190270366,0.014234279696615487,159,10,137
cast19,rr,60,0.02,strat_pilot,74,2273,922,0,0,0.005765720303384514,0.041033387413630704,0.04116527557592438,0.033178492190270366,0.014234279696615487,159,10,137
cast19,rr,60,0.02,weighted_cv,74,2335,922,0,0,0.005765720303384514,0.039361837440025436,0.04116527557592438,0.033178492190270366,0.014234279696615487,159,10,137
cast19,rr,60,0.02,active_cv,74,2283,922,0,0,0.005765720303384514,0.054127995983070686,0.04116527557592438,0.033178492190270366,0.014234279696615487,159,10,137
cast19,rr,60,0.02,weighted_cvl,74,2288,922,1,0,0.005765720303384514,0.031002439561775265,0.04116527557592438,0.033178492190270366,0.014234279696615487,159,10,137
cast19,rr,60,0.02,uniform,75,2446,1048,0,0,0.0,0.16256287751560644,0.058346139329307455,0.027282770410479384,0.02,159,10,137
cast19,rr,60,0.02,uniform_nz,75,2446,1048,0,0,0.0,0.07134888257848948,0.058346139329307455,0.027282770410479384,0.02,159,10,137
cast19,rr,60,0.02,weighted,75,2423,1048,0,0,0.0,0.058346139329307455,0.058346139329307455,0.027282770410479384,0.02,159,10,137
cast19,rr,60,0.02,active_judge,75,2422,1048,0,0,0.0,0.13010066822484595,0.058346139329307455,0.027282770410479384,0.02,159,10,137
cast19,rr,60,0.02,strat_pilot,75,2447,1048,1,0,0.0,0.058324378929543286,0.058346139329307455,0.027282770410479384,0.02,159,10,137
cast19,rr,60,0.02,weighted_cv,75,2416,1048,1,0,0.0,0.0693969569961103,0.058346139329307455,0.027282770410479384,0.02,159,10,137
cast19,rr,60,0.02,active_cv,75,2392,1048,0,0,0.0,0.1733578166763891,0.058346139329307455,0.027282770410479384,0.02,159,10,137
cast19,rr,60,0.02,weighted_cvl,75,2407,1048,1,0,0.0,0.039952453008704494,0.058346139329307455,0.027282770410479384,0.02,159,10,137
cast19,rr,60,0.02,uniform,76,2792,950,1,0,0.005803678019881464,0.10300892045374396,0.06254867894261548,0.04339972318852382,0.014196321980118536,159,14,136
cast19,rr,60,0.02,uniform_nz,76,2903,950,0,0,0.005803678019881464,0.06806323317017737,0.06254867894261548,0.04339972318852382,0.014196321980118536,159,14,136
cast19,rr,60,0.02,weighted,76,2924,950,0,0,0.005803678019881464,0.06254867894261548,0.06254867894261548,0.04339972318852382,0.014196321980118536,159,14,136
cast19,rr,60,0.02,active_judge,76,2868,950,0,0,0.005803678019881464,0.13684841537837045,0.06254867894261548,0.04339972318852382,0.014196321980118536,159,14,136
cast19,rr,60,0.02,strat_pilot,76,2838,950,0,0,0.005803678019881464,0.0625355129056441,0.06254867894261548,0.04339972318852382,0.014196321980118536,159,14,136
cast19,rr,60,0.02,weighted_cv,76,2825,950,1,0,0.005803678019881464,0.06151058976340866,0.06254867894261548,0.04339972318852382,0.014196321980118536,159,14,136
cast19,rr,60,0.02,active_cv,76,2860,950,0,0,0.005803678019881464,0.10943879818758614,0.06254867894261548,0.04339972318852382,0.014196321980118536,159,14,136
cast19,rr,60,0.02,weighted_cvl,76,2896,950,1,0,0.005803678019881464,0.05072691180566054,0.06254867894261548,0.04339972318852382,0.014196321980118536,159,14,136
cast19,rr,60,0.02,uniform,77,2011,947,1,0,0.0,0.22343159984944894,0.03506172323892074,0.02106230558360723,0.02,159,8,137
cast19,rr,60,0.02,uniform_nz,77,2046,947,1,0,0.0,0.06338024166419495,0.03506172323892074,0.02106230558360723,0.02,159,8,137
cast19,rr,60,0.02,weighted,77,2060,947,1,0,0.0,0.03506172323892074,0.03506172323892074,0.02106230558360723,0.02,159,8,137
cast19,rr,60,0.02,active_judge,77,2023,947,0,0,0.0,0.10580795227580901,0.03506172323892074,0.02106230558360723,0.02,159,8,137
cast19,rr,60,0.02,strat_pilot,77,2020,947,1,0,0.0,0.034845110708296614,0.03506172323892074,0.02106230558360723,0.02,159,8,137
cast19,rr,60,0.02,weighted_cv,77,2032,947,1,0,0.0,0.058496965269385234,0.03506172323892074,0.02106230558360723,0.02,159,8,137
cast19,rr,60,0.02,active_cv,77,2064,947,1,0,0.0,0.10232733619004539,0.03506172323892074,0.02106230558360723,0.02,159,8,137
cast19,rr,60,0.02,weighted_cvl,77,2043,947,1,0,0.0,0.03136171186419938,0.03506172323892074,0.02106230558360723,0.02,159,8,137
cast19,rr,60,0.02,uniform,78,2357,981,0,0,0.0,0.5829279719097274,0.06459893845961263,0.03034892951008849,0.02,159,10,137
cast19,rr,60,0.02,uniform_nz,78,2353,981,0,0,0.0,0.3038792659339699,0.06459893845961263,0.03034892951008849,0.02,159,10,137
cast19,rr,60,0.02,weighted,78,2337,981,0,0,0.0,0.06459893845961263,0.06459893845961263,0.03034892951008849,0.02,159,10,137
cast19,rr,60,0.02,active_judge,78,2335,981,0,0,0.0,0.1511176263885808,0.06459893845961263,0.03034892951008849,0.02,159,10,137
cast19,rr,60,0.02,strat_pilot,78,2337,981,1,0,0.0,0.06459919766752945,0.06459893845961263,0.03034892951008849,0.02,159,10,137
cast19,rr,60,0.02,weighted_cv,78,2351,981,1,0,0.0,0.0699563956590746,0.06459893845961263,0.03034892951008849,0.02,159,10,137
cast19,rr,60,0.02,active_cv,78,2330,981,1,0,0.0,0.10545661358715457,0.06459893845961263,0.03034892951008849,0.02,159,10,137
cast19,rr,60,0.02,weighted_cvl,78,2313,981,1,0,0.0,0.058331904789464796,0.06459893845961263,0.03034892951008849,0.02,159,10,137
cast19,rr,60,0.02,uniform,79,2281,904,0,0,0.0,0.32062778078424264,0.05927999991548598,0.04025850095896535,0.02,159,10,137
cast19,rr,60,0.02,uniform_nz,79,2261,904,0,0,0.0,0.17443198337030918,0.05927999991548598,0.04025850095896535,0.02,159,10,137
cast19,rr,60,0.02,weighted,79,2261,904,1,0,0.0,0.05927999991548598,0.05927999991548598,0.04025850095896535,0.02,159,10,137
cast19,rr,60,0.02,active_judge,79,2278,904,1,0,0.0,0.16982250875545746,0.05927999991548598,0.04025850095896535,0.02,159,10,137
cast19,rr,60,0.02,strat_pilot,79,2301,904,1,0,0.0,0.05915591748432912,0.05927999991548598,0.04025850095896535,0.02,159,10,137
cast19,rr,60,0.02,weighted_cv,79,2272,904,1,0,0.0,0.12514130283951702,0.05927999991548598,0.04025850095896535,0.02,159,10,137
cast19,rr,60,0.02,active_cv,79,2313,904,1,0,0.0,0.20217395373221775,0.05927999991548598,0.04025850095896535,0.02,159,10,137
cast19,rr,60,0.02,weighted_cvl,79,2251,904,1,0,0.0,0.0415356492125839,0.05927999991548598,0.04025850095896535,0.02,159,10,137
cast19,rr,60,0.02,uniform,80,2245,945,0,0,0.0,0.6425556423774788,0.09318040688157928,0.03522630576314823,0.02,159,10,137
cast19,rr,60,0.02,uniform_nz,80,2273,945,1,0,0.0,0.34977649998883453,0.09318040688157928,0.03522630576314823,0.02,159,10,137
cast19,rr,60,0.02,weighted,80,2321,945,1,0,0.0,0.09318040688157928,0.09318040688157928,0.03522630576314823,0.02,159,10,137
cast19,rr,60,0.02,active_judge,80,2275,945,0,0,0.0,0.25489796758876293,0.09318040688157928,0.03522630576314823,0.02,159,10,137
cast19,rr,60,0.02,strat_pilot,80,2322,945,1,0,0.0,0.09320975705512477,0.09318040688157928,0.03522630576314823,0.02,159,10,137
cast19,rr,60,0.02,weighted_cv,80,2336,945,1,0,0.0,0.08917824607309074,0.09318040688157928,0.03522630576314823,0.02,159,10,137
cast19,rr,60,0.02,active_cv,80,2324,945,1,0,0.0,0.11868027182723898,0.09318040688157928,0.03522630576314823,0.02,159,10,137
cast19,rr,60,0.02,weighted_cvl,80,2326,945,1,0,0.0,0.05490442170637896,0.09318040688157928,0.03522630576314823,0.02,159,10,137
cast19,rr,60,0.02,uniform,81,2233,884,1,0,0.0,0.2163938547582691,0.06211023173048258,0.04581469838099263,0.02,159,10,137
cast19,rr,60,0.02,uniform_nz,81,2217,884,1,0,0.0,0.10812342452971864,0.06211023173048258,0.04581469838099263,0.02,159,10,137
cast19,rr,60,0.02,weighted,81,2301,884,1,0,0.0,0.06211023173048258,0.06211023173048258,0.04581469838099263,0.02,159,10,137
cast19,rr,60,0.02,active_judge,81,2274,884,1,0,0.0,0.17216140285794954,0.06211023173048258,0.04581469838099263,0.02,159,10,137
cast19,rr,60,0.02,strat_pilot,81,2220,884,1,0,0.0,0.06168597121507653,0.06211023173048258,0.04581469838099263,0.02,159,10,137
cast19,rr,60,0.02,weighted_cv,81,2194,884,1,0,0.0,0.048456088361771225,0.06211023173048258,0.04581469838099263,0.02,159,10,137
cast19,rr,60,0.02,active_cv,81,2262,884,1,0,0.0,0.071448774833028,0.06211023173048258,0.04581469838099263,0.02,159,10,137
cast19,rr,60,0.02,weighted_cvl,81,2260,884,0,0,0.0,0.037402002331798634,0.06211023173048258,0.04581469838099263,0.02,159,10,137
cast19,rr,60,0.02,uniform,82,2311,964,0,0,0.009068584359487764,0.537939651708242,0.04460886949024233,0.03129001595526364,0.010931415640512237,159,10,137
cast19,rr,60,0.02,uniform_nz,82,2274,964,0,0,0.009068584359487764,0.2810380626783564,0.04460886949024233,0.03129001595526364,0.010931415640512237,159,10,137
cast19,rr,60,0.02,weighted,82,2305,964,1,0,0.009068584359487764,0.04460886949024233,0.04460886949024233,0.03129001595526364,0.010931415640512237,159,10,137
cast19,rr,60,0.02,active_judge,82,2354,964,0,0,0.009068584359487764,0.0876280209540738,0.04460886949024233,0.03129001595526364,0.010931415640512237,159,10,137
cast19,rr,60,0.02,strat_pilot,82,2349,964,0,0,0.009068584359487764,0.044792249019081715,0.04460886949024233,0.03129001595526364,0.010931415640512237,159,10,137
cast19,rr,60,0.02,weighted_cv,82,2341,964,0,0,0.009068584359487764,0.061975616628488696,0.04460886949024233,0.03129001595526364,0.010931415640512237,159,10,137
cast19,rr,60,0.02,active_cv,82,2303,964,0,0,0.009068584359487764,0.09367171323115792,0.04460886949024233,0.03129001595526364,0.010931415640512237,159,10,137
cast19,rr,60,0.02,weighted_cvl,82,2319,964,0,0,0.009068584359487764,0.05371070211340777,0.04460886949024233,0.03129001595526364,0.010931415640512237,159,10,137
cast19,rr,60,0.02,uniform,83,2314,970,0,0,0.0,0.1231368941214865,0.046559208158596196,0.0339420324425877,0.02,159,10,137
cast19,rr,60,0.02,uniform_nz,83,2330,970,0,0,0.0,0.05010402487941943,0.046559208158596196,0.0339420324425877,0.02,159,10,137
cast19,rr,60,0.02,weighted,83,2335,970,1,0,0.0,0.046559208158596196,0.046559208158596196,0.0339420324425877,0.02,159,10,137
cast19,rr,60,0.02,active_judge,83,2332,970,0,0,0.0,0.10124352560224181,0.046559208158596196,0.0339420324425877,0.02,159,10,137
cast19,rr,60,0.02,strat_pilot,83,2322,970,0,0,0.0,0.04667649403702972,0.046559208158596196,0.0339420324425877,0.02,159,10,137
cast19,rr,60,0.02,weighted_cv,83,2329,970,1,0,0.0,0.052560637012058486,0.046559208158596196,0.0339420324425877,0.02,159,10,137
cast19,rr,60,0.02,active_cv,83,2356,970,0,0,0.0,0.08480083741904339,0.046559208158596196,0.0339420324425877,0.02,159,10,137
cast19,rr,60,0.02,weighted_cvl,83,2362,970,1,0,0.0,0.02881474326518347,0.046559208158596196,0.0339420324425877,0.02,159,10,137
cast19,rr,60,0.02,uniform,84,2882,987,0,0,0.0007070153465537632,0.08933891456932012,0.053697002754927045,0.04977500099606036,0.019292984653446237,159,14,136
cast19,rr,60,0.02,uniform_nz,84,2864,987,0,0,0.0007070153465537632,0.06028779642582553,0.053697002754927045,0.04977500099606036,0.019292984653446237,159,14,136
cast19,rr,60,0.02,weighted,84,2875,987,1,0,0.0007070153465537632,0.053697002754927045,0.053697002754927045,0.04977500099606036,0.019292984653446237,159,14,136
cast19,rr,60,0.02,active_judge,84,2927,987,0,0,0.0007070153465537632,0.11301036597154876,0.053697002754927045,0.04977500099606036,0.019292984653446237,159,14,136
cast19,rr,60,0.02,strat_pilot,84,2917,987,0,0,0.0007070153465537632,0.0539680622957421,0.053697002754927045,0.04977500099606036,0.019292984653446237,159,14,136
cast19,rr,60,0.02,weighted_cv,84,2901,987,1,0,0.0007070153465537632,0.0991093434115059,0.053697002754927045,0.04977500099606036,0.019292984653446237,159,14,136
cast19,rr,60,0.02,active_cv,84,2869,987,0,0,0.0007070153465537632,0.17985656394922128,0.053697002754927045,0.04977500099606036,0.019292984653446237,159,14,136
cast19,rr,60,0.02,weighted_cvl,84,2903,987,1,0,0.0007070153465537632,0.04934382983194295,0.053697002754927045,0.04977500099606036,0.019292984653446237,159,14,136
cast19,rr,60,0.02,uniform,85,2348,935,0,0,0.003719280186062046,0.15369944811173486,0.05565455769750314,0.020898291766712807,0.016280719813937954,159,10,137
cast19,rr,60,0.02,uniform_nz,85,2327,935,0,0,0.003719280186062046,0.0652909984185412,0.05565455769750314,0.020898291766712807,0.016280719813937954,159,10,137
cast19,rr,60,0.02,weighted,85,2319,935,0,0,0.003719280186062046,0.05565455769750314,0.05565455769750314,0.020898291766712807,0.016280719813937954,159,10,137
cast19,rr,60,0.02,active_judge,85,2299,935,1,0,0.003719280186062046,0.12717033049920365,0.05565455769750314,0.020898291766712807,0.016280719813937954,159,10,137
cast19,rr,60,0.02,strat_pilot,85,2322,935,1,0,0.003719280186062046,0.05539245263840505,0.05565455769750314,0.020898291766712807,0.016280719813937954,159,10,137
cast19,rr,60,0.02,weighted_cv,85,2299,935,1,0,0.003719280186062046,0.06544395073871097,0.05565455769750314,0.020898291766712807,0.016280719813937954,159,10,137
cast19,rr,60,0.02,active_cv,85,2282,935,0,0,0.003719280186062046,0.10828736752995509,0.05565455769750314,0.020898291766712807,0.016280719813937954,159,10,137
cast19,rr,60,0.02,weighted_cvl,85,2292,935,0,0,0.003719280186062046,0.036077653077569556,0.05565455769750314,0.020898291766712807,0.016280719813937954,159,10,137
cast19,rr,60,0.02,uniform,86,2077,948,0,0,0.0,0.24095835097409712,0.0361665859485102,0.017861163118600188,0.02,159,9,128
cast19,rr,60,0.02,uniform_nz,86,2100,948,1,0,0.0,0.0741980662216016,0.0361665859485102,0.017861163118600188,0.02,159,9,128
cast19,rr,60,0.02,weighted,86,2074,948,0,0,0.0,0.0361665859485102,0.0361665859485102,0.017861163118600188,0.02,159,9,128
cast19,rr,60,0.02,active_judge,86,2067,948,0,0,0.0,0.08363455719472711,0.0361665859485102,0.017861163118600188,0.02,159,9,128
cast19,rr,60,0.02,strat_pilot,86,2100,948,0,0,0.0,0.036038855292163816,0.0361665859485102,0.017861163118600188,0.02,159,9,128
cast19,rr,60,0.02,weighted_cv,86,2047,948,1,0,0.0,0.034215029250072825,0.0361665859485102,0.017861163118600188,0.02,159,9,128
cast19,rr,60,0.02,active_cv,86,2055,948,1,0,0.0,0.046199974855455836,0.0361665859485102,0.017861163118600188,0.02,159,9,128
cast19,rr,60,0.02,weighted_cvl,86,2096,948,0,0,0.0,0.01732331267492478,0.0361665859485102,0.017861163118600188,0.02,159,9,128
cast19,rr,60,0.02,uniform,87,2785,924,0,0,0.0,0.5058422694646569,0.058049488579358474,0.04082177832425173,0.02,159,14,136
cast19,rr,60,0.02,uniform_nz,87,2785,924,0,0,0.0,0.39731848074812576,0.058049488579358474,0.04082177832425173,0.02,159,14,136
cast19,rr,60,0.02,weighted,87,2835,924,1,0,0.0,0.058049488579358474,0.058049488579358474,0.04082177832425173,0.02,159,14,136
cast19,rr,60,0.02,active_judge,87,2813,924,0,0,0.0,0.17743484476383026,0.058049488579358474,0.04082177832425173,0.02,159,14,136
cast19,rr,60,0.02,strat_pilot,87,2844,924,0,0,0.0,0.05781000584738316,0.058049488579358474,0.04082177832425173,0.02,159,14,136
cast19,rr,60,0.02,weighted_cv,87,2846,924,1,0,0.0,0.08846521028831249,0.058049488579358474,0.04082177832425173,0.02,159,14,136
cast19,rr,60,0.02,active_cv,87,2842,924,0,0,0.0,0.13828946345456716,0.058049488579358474,0.04082177832425173,0.02,159,14,136
cast19,rr,60,0.02,weighted_cvl,87,2822,924,1,0,0.0,0.05544232707329737,0.058049488579358474,0.04082177832425173,0.02,159,14,136
cast19,rr,60,0.02,uniform,88,2404,963,0,0,0.0,0.14530740727255553,0.04660443701950852,0.03402183184033027,0.02,159,10,137
cast19,rr,60,0.02,uniform_nz,88,2313,963,0,0,0.0,0.05984343639642231,0.04660443701950852,0.03402183184033027,0.02,159,10,137
cast19,rr,60,0.02,weighted,88,2327,963,0,0,0.0,0.04660443701950852,0.04660443701950852,0.03402183184033027,0.02,159,10,137
cast19,rr,60,0.02,active_judge,88,2337,963,1,0,0.0,0.12564137969923458,0.04660443701950852,0.03402183184033027,0.02,159,10,137
cast19,rr,60,0.02,strat_pilot,88,2290,963,1,0,0.0,0.046317413372156495,0.04660443701950852,0.03402183184033027,0.02,159,10,137
cast19,rr,60,0.02,weighted_cv,88,2340,963,0,0,0.0,0.06646026036895095,0.04660443701950852,0.03402183184033027,0.02,159,10,137
cast19,rr,60,0.02,active_cv,88,2334,963,0,0,0.0,0.1301920466757048,0.04660443701950852,0.03402183184033027,0.02,159,10,137
cast19,rr,60,0.02,weighted_cvl,88,2286,963,1,0,0.0,0.028532393742790298,0.04660443701950852,0.03402183184033027,0.02,159,10,137
cast19,rr,60,0.02,uniform,89,2846,986,0,0,0.00909831709557024,0.17477606575206792,0.07376742918171864,0.029525731683468608,0.01090168290442976,159,14,136
cast19,rr,60,0.02,uniform_nz,89,2906,986,0,0,0.00909831709557024,0.10886982871242087,0.07376742918171864,0.029525731683468608,0.01090168290442976,159,14,136
cast19,rr,60,0.02,weighted,89,2890,986,1,0,0.00909831709557024,0.07376742918171864,0.07376742918171864,0.029525731683468608,0.01090168290442976,159,14,136
cast19,rr,60,0.02,active_judge,89,2875,986,0,0,0.00909831709557024,0.18025057869598893,0.07376742918171864,0.029525731683468608,0.01090168290442976,159,14,136
cast19,rr,60,0.02,strat_pilot,89,2845,986,1,0,0.00909831709557024,0.07400959723331987,0.07376742918171864,0.029525731683468608,0.01090168290442976,159,14,136
cast19,rr,60,0.02,weighted_cv,89,2925,986,0,0,0.00909831709557024,0.13184123638450668,0.07376742918171864,0.029525731683468608,0.01090168290442976,159,14,136
cast19,rr,60,0.02,active_cv,89,2889,986,0,0,0.00909831709557024,0.2086956293482692,0.07376742918171864,0.029525731683468608,0.01090168290442976,159,14,136
cast19,rr,60,0.02,weighted_cvl,89,2868,986,0,0,0.00909831709557024,0.05654006147032579,0.07376742918171864,0.029525731683468608,0.01090168290442976,159,14,136
cast19,rr,60,0.02,uniform,90,2263,894,0,0,0.006541997903119157,0.1530856727271644,0.058591311262297774,0.053995189104641905,0.013458002096880844,159,10,137
cast19,rr,60,0.02,uniform_nz,90,2227,894,1,0,0.006541997903119157,0.06346926587340458,0.058591311262297774,0.053995189104641905,0.013458002096880844,159,10,137
cast19,rr,60,0.02,weighted,90,2273,894,0,0,0.006541997903119157,0.058591311262297774,0.058591311262297774,0.053995189104641905,0.013458002096880844,159,10,137
cast19,rr,60,0.02,active_judge,90,2242,894,0,0,0.006541997903119157,0.1120747509136594,0.058591311262297774,0.053995189104641905,0.013458002096880844,159,10,137
cast19,rr,60,0.02,strat_pilot,90,2299,894,0,0,0.006541997903119157,0.05856737922969087,0.058591311262297774,0.053995189104641905,0.013458002096880844,159,10,137
cast19,rr,60,0.02,weighted_cv,90,2265,894,1,0,0.006541997903119157,0.04699717645052683,0.058591311262297774,0.053995189104641905,0.013458002096880844,159,10,137
cast19,rr,60,0.02,active_cv,90,2301,894,0,0,0.006541997903119157,0.0684229757329794,0.058591311262297774,0.053995189104641905,0.013458002096880844,159,10,137
cast19,rr,60,0.02,weighted_cvl,90,2283,894,1,0,0.006541997903119157,0.029215596904466835,0.058591311262297774,0.053995189104641905,0.013458002096880844,159,10,137
cast19,rr,60,0.02,uniform,91,2038,904,1,0,0.0,0.1705472501937944,0.03946739781761006,0.0349512385058892,0.02,159,9,127
cast19,rr,60,0.02,uniform_nz,91,1981,904,1,0,0.0,0.05948134654399985,0.03946739781761006,0.0349512385058892,0.02,159,9,127
cast19,rr,60,0.02,weighted,91,2011,904,0,0,0.0,0.03946739781761006,0.03946739781761006,0.0349512385058892,0.02,159,9,127
cast19,rr,60,0.02,active_judge,91,2032,904,0,0,0.0,0.12991733595479604,0.03946739781761006,0.0349512385058892,0.02,159,9,127
cast19,rr,60,0.02,strat_pilot,91,2016,904,0,0,0.0,0.039451675957119,0.03946739781761006,0.0349512385058892,0.02,159,9,127
cast19,rr,60,0.02,weighted_cv,91,1997,904,1,0,0.0,0.038616058540215534,0.03946739781761006,0.0349512385058892,0.02,159,9,127
cast19,rr,60,0.02,active_cv,91,1997,904,1,0,0.0,0.055860036050552744,0.03946739781761006,0.0349512385058892,0.02,159,9,127
cast19,rr,60,0.02,weighted_cvl,91,2026,904,1,0,0.0,0.03638784332723828,0.03946739781761006,0.0349512385058892,0.02,159,9,127
cast19,rr,60,0.02,uniform,92,2343,1016,0,0,0.005809007039819125,0.13144055752836487,0.04997830579691292,0.043157025579626196,0.014190992960180875,159,10,137
cast19,rr,60,0.02,uniform_nz,92,2391,1016,0,0,0.005809007039819125,0.05379806380316134,0.04997830579691292,0.043157025579626196,0.014190992960180875,159,10,137
cast19,rr,60,0.02,weighted,92,2395,1016,0,0,0.005809007039819125,0.04997830579691292,0.04997830579691292,0.043157025579626196,0.014190992960180875,159,10,137
cast19,rr,60,0.02,active_judge,92,2371,1016,0,0,0.005809007039819125,0.13316638621480642,0.04997830579691292,0.043157025579626196,0.014190992960180875,159,10,137
cast19,rr,60,0.02,strat_pilot,92,2408,1016,0,0,0.005809007039819125,0.04990015514282364,0.04997830579691292,0.043157025579626196,0.014190992960180875,159,10,137
cast19,rr,60,0.02,weighted_cv,92,2393,1016,1,0,0.005809007039819125,0.052585542599683746,0.04997830579691292,0.043157025579626196,0.014190992960180875,159,10,137
cast19,rr,60,0.02,active_cv,92,2401,1016,0,0,0.005809007039819125,0.09058808196915963,0.04997830579691292,0.043157025579626196,0.014190992960180875,159,10,137
cast19,rr,60,0.02,weighted_cvl,92,2408,1016,1,0,0.005809007039819125,0.045211377343136495,0.04997830579691292,0.043157025579626196,0.014190992960180875,159,10,137
cast19,rr,60,0.02,uniform,93,2905,1016,0,0,0.0,1.1636955530876945,0.1138939793193808,0.09786884912734624,0.02,159,14,136
cast19,rr,60,0.02,uniform_nz,93,2947,1016,1,0,0.0,0.8186101766382828,0.1138939793193808,0.09786884912734624,0.02,159,14,136
cast19,rr,60,0.02,weighted,93,2859,1016,1,0,0.0,0.1138939793193808,0.1138939793193808,0.09786884912734624,0.02,159,14,136
cast19,rr,60,0.02,active_judge,93,2947,1016,1,0,0.0,0.2962425649211339,0.1138939793193808,0.09786884912734624,0.02,159,14,136
cast19,rr,60,0.02,strat_pilot,93,2938,1016,1,0,0.0,0.11387550036216572,0.1138939793193808,0.09786884912734624,0.02,159,14,136
cast19,rr,60,0.02,weighted_cv,93,2974,1016,1,0,0.0,0.09802543769805785,0.1138939793193808,0.09786884912734624,0.02,159,14,136
cast19,rr,60,0.02,active_cv,93,2894,1016,1,0,0.0,0.15380893793442937,0.1138939793193808,0.09786884912734624,0.02,159,14,136
cast19,rr,60,0.02,weighted_cvl,93,2951,1016,1,0,0.0,0.09802543769805785,0.1138939793193808,0.09786884912734624,0.02,159,14,136
cast19,rr,60,0.02,uniform,94,2895,1023,0,0,0.0,0.40509901617085864,0.10477442519069276,0.030837168391650807,0.02,159,14,136
cast19,rr,60,0.02,uniform_nz,94,2893,1023,0,0,0.0,0.28392014378673025,0.10477442519069276,0.030837168391650807,0.02,159,14,136
cast19,rr,60,0.02,weighted,94,2883,1023,1,0,0.0,0.10477442519069276,0.10477442519069276,0.030837168391650807,0.02,159,14,136
cast19,rr,60,0.02,active_judge,94,2853,1023,0,0,0.0,0.21964687848385028,0.10477442519069276,0.030837168391650807,0.02,159,14,136
cast19,rr,60,0.02,strat_pilot,94,2967,1023,0,0,0.0,0.10483153072217868,0.10477442519069276,0.030837168391650807,0.02,159,14,136
cast19,rr,60,0.02,weighted_cv,94,2972,1023,1,0,0.0,0.09632029451536261,0.10477442519069276,0.030837168391650807,0.02,159,14,136
cast19,rr,60,0.02,active_cv,94,2912,1023,1,0,0.0,0.1464464294685436,0.10477442519069276,0.030837168391650807,0.02,159,14,136
cast19,rr,60,0.02,weighted_cvl,94,2865,1023,1,0,0.0,0.057752095835963524,0.10477442519069276,0.030837168391650807,0.02,159,14,136
cast19,rr,60,0.02,uniform,95,1975,851,1,0,0.0,0.2875856198627344,0.023980324195748907,0.040203260791496095,0.02,159,9,124
cast19,rr,60,0.02,uniform_nz,95,1942,851,1,0,0.0,0.07967404381011847,0.023980324195748907,0.040203260791496095,0.02,159,9,124
cast19,rr,60,0.02,weighted,95,1917,851,1,0,0.0,0.023980324195748907,0.023980324195748907,0.040203260791496095,0.02,159,9,124
cast19,rr,60,0.02,active_judge,95,1955,851,1,0,0.0,0.06643509843777531,0.023980324195748907,0.040203260791496095,0.02,159,9,124
cast19,rr,60,0.02,strat_pilot,95,1935,851,0,0,0.0,0.023667822146725342,0.023980324195748907,0.040203260791496095,0.02,159,9,124
cast19,rr,60,0.02,weighted_cv,95,1914,851,1,0,0.0,0.03476779934163586,0.023980324195748907,0.040203260791496095,0.02,159,9,124
cast19,rr,60,0.02,active_cv,95,1890,851,1,0,0.0,0.059278177311620175,0.023980324195748907,0.040203260791496095,0.02,159,9,124
cast19,rr,60,0.02,weighted_cvl,95,1907,851,1,0,0.0,0.030053822533891383,0.023980324195748907,0.040203260791496095,0.02,159,9,124
cast19,rr,60,0.02,uniform,96,2132,975,1,0,0.0,0.1500318235946411,0.03811812684376615,0.04065318662656796,0.02,159,9,129
cast19,rr,60,0.02,uniform_nz,96,2106,975,0,0,0.0,0.04196912053053357,0.03811812684376615,0.04065318662656796,0.02,159,9,129
cast19,rr,60,0.02,weighted,96,2087,975,1,0,0.0,0.03811812684376615,0.03811812684376615,0.04065318662656796,0.02,159,9,129
cast19,rr,60,0.02,active_judge,96,2109,975,0,0,0.0,0.09510507887703716,0.03811812684376615,0.04065318662656796,0.02,159,9,129
cast19,rr,60,0.02,strat_pilot,96,2144,975,1,0,0.0,0.03797118824631785,0.03811812684376615,0.04065318662656796,0.02,159,9,129
cast19,rr,60,0.02,weighted_cv,96,2089,975,0,0,0.0,0.03552340568412151,0.03811812684376615,0.04065318662656796,0.02,159,9,129
cast19,rr,60,0.02,active_cv,96,2084,975,1,0,0.0,0.054360135885941366,0.03811812684376615,0.04065318662656796,0.02,159,9,129
cast19,rr,60,0.02,weighted_cvl,96,2092,975,1,0,0.0,0.01956489977044843,0.03811812684376615,0.04065318662656796,0.02,159,9,129
cast19,rr,60,0.02,uniform,97,2275,912,0,0,0.006190219935286623,0.1640933470264836,0.05277698196443661,0.04575069459862163,0.013809780064713378,159,10,137
cast19,rr,60,0.02,uniform_nz,97,2270,912,0,0,0.006190219935286623,0.07879854586462773,0.05277698196443661,0.04575069459862163,0.013809780064713378,159,10,137
cast19,rr,60,0.02,weighted,97,2247,912,0,0,0.006190219935286623,0.05277698196443661,0.05277698196443661,0.04575069459862163,0.013809780064713378,159,10,137
cast19,rr,60,0.02,active_judge,97,2274,912,0,0,0.006190219935286623,0.1474022222950424,0.05277698196443661,0.04575069459862163,0.013809780064713378,159,10,137
cast19,rr,60,0.02,strat_pilot,97,2259,912,0,0,0.006190219935286623,0.05274501026031997,0.05277698196443661,0.04575069459862163,0.013809780064713378,159,10,137
cast19,rr,60,0.02,weighted_cv,97,2281,912,1,0,0.006190219935286623,0.048004119482769496,0.05277698196443661,0.04575069459862163,0.013809780064713378,159,10,137
cast19,rr,60,0.02,active_cv,97,2260,912,0,0,0.006190219935286623,0.06248962057082256,0.05277698196443661,0.04575069459862163,0.013809780064713378,159,10,137
cast19,rr,60,0.02,weighted_cvl,97,2266,912,1,0,0.006190219935286623,0.03460543693866399,0.05277698196443661,0.04575069459862163,0.013809780064713378,159,10,137
cast19,rr,60,0.02,uniform,98,2879,993,0,0,0.0012795752872136745,0.1413644099711291,0.07202475357279726,0.04510664209782529,0.018720424712786326,159,14,136
cast19,rr,60,0.02,uniform_nz,98,2938,993,0,0,0.0012795752872136745,0.08624521523961964,0.07202475357279726,0.04510664209782529,0.018720424712786326,159,14,136
cast19,rr,60,0.02,weighted,98,2871,993,0,0,0.0012795752872136745,0.07202475357279726,0.07202475357279726,0.04510664209782529,0.018720424712786326,159,14,136
cast19,rr,60,0.02,active_judge,98,2889,993,1,0,0.0012795752872136745,0.2032216403179829,0.07202475357279726,0.04510664209782529,0.018720424712786326,159,14,136
cast19,rr,60,0.02,strat_pilot,98,2884,993,1,0,0.0012795752872136745,0.07194979557463452,0.07202475357279726,0.04510664209782529,0.018720424712786326,159,14,136
cast19,rr,60,0.02,weighted_cv,98,2915,993,1,0,0.0012795752872136745,0.1009937951530877,0.07202475357279726,0.04510664209782529,0.018720424712786326,159,14,136
cast19,rr,60,0.02,active_cv,98,2878,993,1,0,0.0012795752872136745,0.16141692129884308,0.07202475357279726,0.04510664209782529,0.018720424712786326,159,14,136
cast19,rr,60,0.02,weighted_cvl,98,2888,993,1,0,0.0012795752872136745,0.04325126279723217,0.07202475357279726,0.04510664209782529,0.018720424712786326,159,14,136
cast19,rr,60,0.02,uniform,99,2151,951,0,0,0.005882053198852377,0.29835606375685747,0.0774705685219796,0.024840180888942506,0.014117946801147623,159,9,136
cast19,rr,60,0.02,uniform_nz,99,2152,951,0,0,0.005882053198852377,0.09504599143042405,0.0774705685219796,0.024840180888942506,0.014117946801147623,159,9,136
cast19,rr,60,0.02,weighted,99,2155,951,0,0,0.005882053198852377,0.0774705685219796,0.0774705685219796,0.024840180888942506,0.014117946801147623,159,9,136
cast19,rr,60,0.02,active_judge,99,2125,951,0,0,0.005882053198852377,0.15732450944744256,0.0774705685219796,0.024840180888942506,0.014117946801147623,159,9,136
cast19,rr,60,0.02,strat_pilot,99,2116,951,0,0,0.005882053198852377,0.07782016101779979,0.0774705685219796,0.024840180888942506,0.014117946801147623,159,9,136
cast19,rr,60,0.02,weighted_cv,99,2183,951,0,0,0.005882053198852377,0.06054372423773652,0.0774705685219796,0.024840180888942506,0.014117946801147623,159,9,136
cast19,rr,60,0.02,active_cv,99,2138,951,0,0,0.005882053198852377,0.09179698954565577,0.0774705685219796,0.024840180888942506,0.014117946801147623,159,9,136
cast19,rr,60,0.02,weighted_cvl,99,2122,951,0,0,0.005882053198852377,0.045989695431351285,0.0774705685219796,0.024840180888942506,0.014117946801147623,159,9,136
cast19,rr,60,0.02,uniform,100,2847,920,0,0,0.0,0.4187973331286459,0.11773589045861799,0.04382221464824125,0.02,159,14,136
cast19,rr,60,0.02,uniform_nz,100,2882,920,1,0,0.0,0.27517848017103874,0.11773589045861799,0.04382221464824125,0.02,159,14,136
cast19,rr,60,0.02,weighted,100,2838,920,1,0,0.0,0.11773589045861799,0.11773589045861799,0.04382221464824125,0.02,159,14,136
cast19,rr,60,0.02,active_judge,100,2828,920,1,0,0.0,0.2974482905420188,0.11773589045861799,0.04382221464824125,0.02,159,14,136
cast19,rr,60,0.02,strat_pilot,100,2778,920,1,0,0.0,0.11765285333289048,0.11773589045861799,0.04382221464824125,0.02,159,14,136
cast19,rr,60,0.02,weighted_cv,100,2807,920,1,0,0.0,0.07584301391363119,0.11773589045861799,0.04382221464824125,0.02,159,14,136
cast19,rr,60,0.02,active_cv,100,2804,920,1,0,0.0,0.08868267982895386,0.11773589045861799,0.04382221464824125,0.02,159,14,136
cast19,rr,60,0.02,weighted_cvl,100,2826,920,1,0,0.0,0.058329380305434296,0.11773589045861799,0.04382221464824125,0.02,159,14,136
cast19,rr,60,0.02,uniform,101,2941,1055,0,0,0.0,0.2158746712985689,0.06767697090258362,0.07116205837468793,0.02,159,14,136
cast19,rr,60,0.02,uniform_nz,101,2959,1055,1,0,0.0,0.11562930211155202,0.06767697090258362,0.07116205837468793,0.02,159,14,136
cast19,rr,60,0.02,weighted,101,2956,1055,1,0,0.0,0.06767697090258362,0.06767697090258362,0.07116205837468793,0.02,159,14,136
cast19,rr,60,0.02,active_judge,101,2931,1055,1,0,0.0,0.1560168141427261,0.06767697090258362,0.07116205837468793,0.02,159,14,136
cast19,rr,60,0.02,strat_pilot,101,2966,1055,1,0,0.0,0.06705051363225062,0.06767697090258362,0.07116205837468793,0.02,159,14,136
cast19,rr,60,0.02,weighted_cv,101,2921,1055,1,0,0.0,0.1547143033674811,0.06767697090258362,0.07116205837468793,0.02,159,14,136
cast19,rr,60,0.02,active_cv,101,3013,1055,1,0,0.0,0.2629748841484617,0.06767697090258362,0.07116205837468793,0.02,159,14,136
cast19,rr,60,0.02,weighted_cvl,101,2946,1055,1,0,0.0,0.06662240842785112,0.06767697090258362,0.07116205837468793,0.02,159,14,136
cast19,rr,60,0.02,uniform,102,2378,1001,0,0,0.01143024303261475,0.18177219532481784,0.037532175935551595,0.03229760634550983,0.00856975696738525,159,10,137
cast19,rr,60,0.02,uniform_nz,102,2426,1001,0,0,0.01143024303261475,0.08989526469794423,0.037532175935551595,0.03229760634550983,0.00856975696738525,159,10,137
cast19,rr,60,0.02,weighted,102,2356,1001,0,0,0.01143024303261475,0.037532175935551595,0.037532175935551595,0.03229760634550983,0.00856975696738525,159,10,137
cast19,rr,60,0.02,active_judge,102,2350,1001,0,0,0.01143024303261475,0.08649059144021991,0.037532175935551595,0.03229760634550983,0.00856975696738525,159,10,137
cast19,rr,60,0.02,strat_pilot,102,2362,1001,0,0,0.01143024303261475,0.037486530923256225,0.037532175935551595,0.03229760634550983,0.00856975696738525,159,10,137
cast19,rr,60,0.02,weighted_cv,102,2334,1001,0,0,0.01143024303261475,0.042645625328801035,0.037532175935551595,0.03229760634550983,0.00856975696738525,159,10,137
cast19,rr,60,0.02,active_cv,102,2396,1001,0,0,0.01143024303261475,0.07675233772693449,0.037532175935551595,0.03229760634550983,0.00856975696738525,159,10,137
cast19,rr,60,0.02,weighted_cvl,102,2379,1001,0,0,0.01143024303261475,0.021914238051431945,0.037532175935551595,0.03229760634550983,0.00856975696738525,159,10,137
cast19,rr,60,0.02,uniform,103,2371,1010,0,0,0.011394904363873526,0.11774274643351497,0.044090996795369354,0.02972513216506352,0.008605095636126475,159,10,137
cast19,rr,60,0.02,uniform_nz,103,2377,1010,0,0,0.011394904363873526,0.05119687688422159,0.044090996795369354,0.02972513216506352,0.008605095636126475,159,10,137
cast19,rr,60,0.02,weighted,103,2435,1010,0,0,0.011394904363873526,0.044090996795369354,0.044090996795369354,0.02972513216506352,0.008605095636126475,159,10,137
cast19,rr,60,0.02,active_judge,103,2392,1010,0,0,0.011394904363873526,0.09475404458989035,0.044090996795369354,0.02972513216506352,0.008605095636126475,159,10,137
cast19,rr,60,0.02,strat_pilot,103,2387,1010,0,0,0.011394904363873526,0.04403273210826103,0.044090996795369354,0.02972513216506352,0.008605095636126475,159,10,137
cast19,rr,60,0.02,weighted_cv,103,2357,1010,0,0,0.011394904363873526,0.04426906197549665,0.044090996795369354,0.02972513216506352,0.008605095636126475,159,10,137
cast19,rr,60,0.02,active_cv,103,2361,1010,0,0,0.011394904363873526,0.09839986021262373,0.044090996795369354,0.02972513216506352,0.008605095636126475,159,10,137
cast19,rr,60,0.02,weighted_cvl,103,2332,1010,0,0,0.011394904363873526,0.02659177408952724,0.044090996795369354,0.02972513216506352,0.008605095636126475,159,10,137
cast19,rr,60,0.02,uniform,104,2369,1036,1,0,0.0,0.225644312688005,0.06388939201963106,0.04094606533704999,0.02,159,10,137
cast19,rr,60,0.02,uniform_nz,104,2379,1036,0,0,0.0,0.10644648454777746,0.06388939201963106,0.04094606533704999,0.02,159,10,137
cast19,rr,60,0.02,weighted,104,2407,1036,1,0,0.0,0.06388939201963106,0.06388939201963106,0.04094606533704999,0.02,159,10,137
cast19,rr,60,0.02,active_judge,104,2387,1036,0,0,0.0,0.10490920751227817,0.06388939201963106,0.04094606533704999,0.02,159,10,137
cast19,rr,60,0.02,strat_pilot,104,2446,1036,1,0,0.0,0.06405530428345443,0.06388939201963106,0.04094606533704999,0.02,159,10,137
cast19,rr,60,0.02,weighted_cv,104,2459,1036,1,0,0.0,0.05651307740939575,0.06388939201963106,0.04094606533704999,0.02,159,10,137
cast19,rr,60,0.02,active_cv,104,2411,1036,1,0,0.0,0.09349808381789623,0.06388939201963106,0.04094606533704999,0.02,159,10,137
cast19,rr,60,0.02,weighted_cvl,104,2418,1036,1,0,0.0,0.032207348418457904,0.06388939201963106,0.04094606533704999,0.02,159,10,137
cast19,rr,60,0.02,uniform,105,2392,1009,0,0,0.0,0.4003918566214317,0.059110724721147465,0.03879719377629595,0.02,159,10,137
cast19,rr,60,0.02,uniform_nz,105,2408,1009,0,0,0.0,0.21229651400171515,0.059110724721147465,0.03879719377629595,0.02,159,10,137
cast19,rr,60,0.02,weighted,105,2308,1009,1,0,0.0,0.059110724721147465,0.059110724721147465,0.03879719377629595,0.02,159,10,137
cast19,rr,60,0.02,active_judge,105,2349,1009,1,0,0.0,0.15067276290350778,0.059110724721147465,0.03879719377629595,0.02,159,10,137
cast19,rr,60,0.02,strat_pilot,105,2384,1009,1,0,0.0,0.05905885766265462,0.059110724721147465,0.03879719377629595,0.02,159,10,137
cast19,rr,60,0.02,weighted_cv,105,2380,1009,1,0,0.0,0.07229056368641067,0.059110724721147465,0.03879719377629595,0.02,159,10,137
cast19,rr,60,0.02,active_cv,105,2338,1009,1,0,0.0,0.14149548033499976,0.059110724721147465,0.03879719377629595,0.02,159,10,137
cast19,rr,60,0.02,weighted_cvl,105,2386,1009,1,0,0.0,0.05120595777902629,0.059110724721147465,0.03879719377629595,0.02,159,10,137
cast19,rr,60,0.02,uniform,106,2303,1002,0,0,0.0,0.19703548446179228,0.07726910272236812,0.02758482135526489,0.02,159,10,137
cast19,rr,60,0.02,uniform_nz,106,2361,1002,1,0,0.0,0.09204546434213248,0.07726910272236812,0.02758482135526489,0.02,159,10,137
cast19,rr,60,0.02,weighted,106,2368,1002,0,0,0.0,0.07726910272236812,0.07726910272236812,0.02758482135526489,0.02,159,10,137
cast19,rr,60,0.02,active_judge,106,2353,1002,0,0,0.0,0.15762031075112515,0.07726910272236812,0.02758482135526489,0.02,159,10,137
cast19,rr,60,0.02,strat_pilot,106,2380,1002,1,0,0.0,0.07731234577548211,0.07726910272236812,0.02758482135526489,0.02,159,10,137
cast19,rr,60,0.02,weighted_cv,106,2370,1002,1,0,0.0,0.09891370911209836,0.07726910272236812,0.02758482135526489,0.02,159,10,137
cast19,rr,60,0.02,active_cv,106,2365,1002,1,0,0.0,0.17909507932393295,0.07726910272236812,0.02758482135526489,0.02,159,10,137
cast19,rr,60,0.02,weighted_cvl,106,2329,1002,1,0,0.0,0.05303057543244076,0.07726910272236812,0.02758482135526489,0.02,159,10,137
cast19,rr,60,0.02,uniform,107,2305,883,0,0,0.006571946989672062,0.1303548176965538,0.0556393305577891,0.0597340996225772,0.013428053010327939,159,10,137
cast19,rr,60,0.02,uniform_nz,107,2259,883,1,0,0.006571946989672062,0.0632869164062984,0.0556393305577891,0.0597340996225772,0.013428053010327939,159,10,137
cast19,rr,60,0.02,weighted,107,2235,883,0,0,0.006571946989672062,0.0556393305577891,0.0556393305577891,0.0597340996225772,0.013428053010327939,159,10,137
cast19,rr,60,0.02,active_judge,107,2258,883,0,0,0.006571946989672062,0.16456240638703412,0.0556393305577891,0.0597340996225772,0.013428053010327939,159,10,137
cast19,rr,60,0.02,strat_pilot,107,2293,883,1,0,0.006571946989672062,0.055332761977753456,0.0556393305577891,0.0597340996225772,0.013428053010327939,159,10,137
cast19,rr,60,0.02,weighted_cv,107,2255,883,1,0,0.006571946989672062,0.058553457970271415,0.0556393305577891,0.0597340996225772,0.013428053010327939,159,10,137
cast19,rr,60,0.02,active_cv,107,2256,883,0,0,0.006571946989672062,0.08308756272269127,0.0556393305577891,0.0597340996225772,0.013428053010327939,159,10,137
cast19,rr,60,0.02,weighted_cvl,107,2187,883,0,0,0.006571946989672062,0.03415559107917751,0.0556393305577891,0.0597340996225772,0.013428053010327939,159,10,137
cast19,rr,60,0.02,uniform,108,2184,971,0,0,0.005882053198852377,0.7680388504578077,0.08279541308925034,0.035844090206319304,0.014117946801147623,159,9,136
cast19,rr,60,0.02,uniform_nz,108,2164,971,0,0,0.005882053198852377,0.2574189103427108,0.08279541308925034,0.035844090206319304,0.014117946801147623,159,9,136
cast19,rr,60,0.02,weighted,108,2221,971,1,0,0.005882053198852377,0.08279541308925034,0.08279541308925034,0.035844090206319304,0.014117946801147623,159,9,136
cast19,rr,60,0.02,active_judge,108,2150,971,0,0,0.005882053198852377,0.16653295118226938,0.08279541308925034,0.035844090206319304,0.014117946801147623,159,9,136
cast19,rr,60,0.02,strat_pilot,108,2175,971,0,0,0.005882053198852377,0.08297618639298517,0.08279541308925034,0.035844090206319304,0.014117946801147623,159,9,136
cast19,rr,60,0.02,weighted_cv,108,2163,971,0,0,0.005882053198852377,0.05469853964551635,0.08279541308925034,0.035844090206319304,0.014117946801147623,159,9,136
cast19,rr,60,0.02,active_cv,108,2192,971,0,0,0.005882053198852377,0.07003611870840251,0.08279541308925034,0.035844090206319304,0.014117946801147623,159,9,136
cast19,rr,60,0.02,weighted_cvl,108,2181,971,0,0,0.005882053198852377,0.04972766738177034,0.08279541308925034,0.035844090206319304,0.014117946801147623,159,9,136
cast19,rr,60,0.02,uniform,109,2868,988,1,0,0.0,1.0125139169580515,0.1217745935783312,0.11382526217295365,0.02,159,14,136
cast19,rr,60,0.02,uniform_nz,109,2931,988,1,0,0.0,0.6246152507043323,0.1217745935783312,0.11382526217295365,0.02,159,14,136
cast19,rr,60,0.02,weighted,109,2916,988,1,0,0.0,0.1217745935783312,0.1217745935783312,0.11382526217295365,0.02,159,14,136
cast19,rr,60,0.02,active_judge,109,2884,988,1,0,0.0,0.29346198840208065,0.1217745935783312,0.11382526217295365,0.02,159,14,136
cast19,rr,60,0.02,strat_pilot,109,2859,988,1,0,0.0,0.12200908554603337,0.1217745935783312,0.11382526217295365,0.02,159,14,136
cast19,rr,60,0.02,weighted_cv,109,2861,988,1,0,0.0,0.0971303365727256,0.1217745935783312,0.11382526217295365,0.02,159,14,136
cast19,rr,60,0.02,active_cv,109,2880,988,1,0,0.0,0.1282073998931641,0.1217745935783312,0.11382526217295365,0.02,159,14,136
cast19,rr,60,0.02,weighted_cvl,109,2876,988,1,0,0.0,0.06989524445849138,0.1217745935783312,0.11382526217295365,0.02,159,14,136
cast19,rr,60,0.02,uniform,110,2343,995,0,0,0.0,0.09483464067731473,0.038472716275147055,0.02242339540207053,0.02,159,10,137
cast19,rr,60,0.02,uniform_nz,110,2323,995,0,0,0.0,0.043183884975617925,0.038472716275147055,0.02242339540207053,0.02,159,10,137
cast19,rr,60,0.02,weighted,110,2345,995,1,0,0.0,0.038472716275147055,0.038472716275147055,0.02242339540207053,0.02,159,10,137
cast19,rr,60,0.02,active_judge,110,2336,995,0,0,0.0,0.08202945343423983,0.038472716275147055,0.02242339540207053,0.02,159,10,137
cast19,rr,60,0.02,strat_pilot,110,2366,995,1,0,0.0,0.03827435547053486,0.038472716275147055,0.02242339540207053,0.02,159,10,137
cast19,rr,60,0.02,weighted_cv,110,2353,995,1,0,0.0,0.06676343439465518,0.038472716275147055,0.02242339540207053,0.02,159,10,137
cast19,rr,60,0.02,active_cv,110,2342,995,0,0,0.0,0.10135828528568562,0.038472716275147055,0.02242339540207053,0.02,159,10,137
cast19,rr,60,0.02,weighted_cvl,110,2372,995,0,0,0.0,0.02622420045724575,0.038472716275147055,0.02242339540207053,0.02,159,10,137
cast19,rr,60,0.02,uniform,111,2118,967,0,0,0.0,0.5153861595896556,0.05310079268939816,0.025261697233446456,0.02,159,9,131
cast19,rr,60,0.02,uniform_nz,111,2121,967,0,0,0.0,0.1717924986653882,0.05310079268939816,0.025261697233446456,0.02,159,9,131
cast19,rr,60,0.02,weighted,111,2143,967,1,0,0.0,0.05310079268939816,0.05310079268939816,0.025261697233446456,0.02,159,9,131
cast19,rr,60,0.02,active_judge,111,2116,967,0,0,0.0,0.17042140212094467,0.05310079268939816,0.025261697233446456,0.02,159,9,131
cast19,rr,60,0.02,strat_pilot,111,2096,967,1,0,0.0,0.05291495631351545,0.05310079268939816,0.025261697233446456,0.02,159,9,131
cast19,rr,60,0.02,weighted_cv,111,2111,967,1,0,0.0,0.04131397105935729,0.05310079268939816,0.025261697233446456,0.02,159,9,131
cast19,rr,60,0.02,active_cv,111,2113,967,1,0,0.0,0.06765895803875584,0.05310079268939816,0.025261697233446456,0.02,159,9,131
cast19,rr,60,0.02,weighted_cvl,111,2124,967,0,0,0.0,0.03303858040803394,0.05310079268939816,0.025261697233446456,0.02,159,9,131
cast19,rr,60,0.02,uniform,112,2805,966,0,0,0.004627025420256559,0.9200108931125076,0.0955710774199986,0.056453432481952476,0.015372974579743442,159,14,136
cast19,rr,60,0.02,uniform_nz,112,2912,966,0,0,0.004627025420256559,0.5777394382375303,0.0955710774199986,0.056453432481952476,0.015372974579743442,159,14,136
cast19,rr,60,0.02,weighted,112,2824,966,1,0,0.004627025420256559,0.0955710774199986,0.0955710774199986,0.056453432481952476,0.015372974579743442,159,14,136
cast19,rr,60,0.02,active_judge,112,2877,966,0,0,0.004627025420256559,0.2439718767654823,0.0955710774199986,0.056453432481952476,0.015372974579743442,159,14,136
cast19,rr,60,0.02,strat_pilot,112,2886,966,1,0,0.004627025420256559,0.09560575103901446,0.0955710774199986,0.056453432481952476,0.015372974579743442,159,14,136
cast19,rr,60,0.02,weighted_cv,112,2813,966,0,0,0.004627025420256559,0.11586280600912102,0.0955710774199986,0.056453432481952476,0.015372974579743442,159,14,136
cast19,rr,60,0.02,active_cv,112,2880,966,1,0,0.004627025420256559,0.1511323073444593,0.0955710774199986,0.056453432481952476,0.015372974579743442,159,14,136
cast19,rr,60,0.02,weighted_cvl,112,2865,966,1,0,0.004627025420256559,0.05292728324338879,0.0955710774199986,0.056453432481952476,0.015372974579743442,159,14,136
cast19,rr,60,0.02,uniform,113,2260,884,0,0,0.021906854358883232,0.7517912685658458,0.07592996478993105,0.0402475139239845,-0.0019068543588832317,159,10,137
cast19,rr,60,0.02,uniform_nz,113,2230,884,0,0,0.021906854358883232,0.3152334350257982,0.07592996478993105,0.0402475139239845,-0.0019068543588832317,159,10,137
cast19,rr,60,0.02,weighted,113,2264,884,0,0,0.021906854358883232,0.07592996478993105,0.07592996478993105,0.0402475139239845,-0.0019068543588832317,159,10,137
cast19,rr,60,0.02,active_judge,113,2287,884,0,0,0.021906854358883232,0.22974347172577367,0.07592996478993105,0.0402475139239845,-0.0019068543588832317,159,10,137
cast19,rr,60,0.02,strat_pilot,113,2234,884,0,0,0.021906854358883232,0.07591948034961145,0.07592996478993105,0.0402475139239845,-0.0019068543588832317,159,10,137
cast19,rr,60,0.02,weighted_cv,113,2260,884,0,0,0.021906854358883232,0.09089571788516401,0.07592996478993105,0.0402475139239845,-0.0019068543588832317,159,10,137
cast19,rr,60,0.02,active_cv,113,2233,884,0,0,0.021906854358883232,0.11885510046760746,0.07592996478993105,0.0402475139239845,-0.0019068543588832317,159,10,137
cast19,rr,60,0.02,weighted_cvl,113,2250,884,0,0,0.021906854358883232,0.04994303299858198,0.07592996478993105,0.0402475139239845,-0.0019068543588832317,159,10,137
cast19,rr,60,0.02,uniform,114,2916,992,0,0,0.015726393584047482,0.2432915268751302,0.0880372917453497,0.04150734577861377,0.004273606415952518,159,14,136
cast19,rr,60,0.02,uniform_nz,114,2906,992,0,0,0.015726393584047482,0.16992438018818085,0.0880372917453497,0.04150734577861377,0.004273606415952518,159,14,136
cast19,rr,60,0.02,weighted,114,2835,992,0,0,0.015726393584047482,0.0880372917453497,0.0880372917453497,0.04150734577861377,0.004273606415952518,159,14,136
cast19,rr,60,0.02,active_judge,114,2850,992,1,0,0.015726393584047482,0.2182819269526263,0.0880372917453497,0.04150734577861377,0.004273606415952518,159,14,136
cast19,rr,60,0.02,strat_pilot,114,2926,992,0,0,0.015726393584047482,0.08786635006878751,0.0880372917453497,0.04150734577861377,0.004273606415952518,159,14,136
cast19,rr,60,0.02,weighted_cv,114,2923,992,0,0,0.015726393584047482,0.07797056261407462,0.0880372917453497,0.04150734577861377,0.004273606415952518,159,14,136
cast19,rr,60,0.02,active_cv,114,2889,992,0,0,0.015726393584047482,0.14131110936879426,0.0880372917453497,0.04150734577861377,0.004273606415952518,159,14,136
cast19,rr,60,0.02,weighted_cvl,114,2931,992,0,0,0.015726393584047482,0.07029583437387484,0.0880372917453497,0.04150734577861377,0.004273606415952518,159,14,136
cast19,rr,60,0.02,uniform,115,2876,985,1,0,0.0,0.6738365748304299,0.08862254828712565,0.04587760687025391,0.02,159,14,136
cast19,rr,60,0.02,uniform_nz,115,2898,985,1,0,0.0,0.514051061303109,0.08862254828712565,0.04587760687025391,0.02,159,14,136
cast19,rr,60,0.02,weighted,115,2949,985,1,0,0.0,0.08862254828712565,0.08862254828712565,0.04587760687025391,0.02,159,14,136
cast19,rr,60,0.02,active_judge,115,2878,985,0,0,0.0,0.2723616262626253,0.08862254828712565,0.04587760687025391,0.02,159,14,136
cast19,rr,60,0.02,strat_pilot,115,2900,985,0,0,0.0,0.08883044066772067,0.08862254828712565,0.04587760687025391,0.02,159,14,136
cast19,rr,60,0.02,weighted_cv,115,2841,985,1,0,0.0,0.12117079539632417,0.08862254828712565,0.04587760687025391,0.02,159,14,136
cast19,rr,60,0.02,active_cv,115,2870,985,1,0,0.0,0.1981985937783653,0.08862254828712565,0.04587760687025391,0.02,159,14,136
cast19,rr,60,0.02,weighted_cvl,115,2913,985,1,0,0.0,0.0651447185207206,0.08862254828712565,0.04587760687025391,0.02,159,14,136
cast19,rr,60,0.02,uniform,116,2318,967,0,0,0.0,0.8081996837064462,0.08443044327716746,0.06736007604142617,0.02,159,10,137
cast19,rr,60,0.02,uniform_nz,116,2353,967,1,0,0.0,0.42025975552810413,0.08443044327716746,0.06736007604142617,0.02,159,10,137
cast19,rr,60,0.02,weighted,116,2326,967,1,0,0.0,0.08443044327716746,0.08443044327716746,0.06736007604142617,0.02,159,10,137
cast19,rr,60,0.02,active_judge,116,2265,967,1,0,0.0,0.20020204970575434,0.08443044327716746,0.06736007604142617,0.02,159,10,137
cast19,rr,60,0.02,strat_pilot,116,2323,967,1,0,0.0,0.08443090003400108,0.08443044327716746,0.06736007604142617,0.02,159,10,137
cast19,rr,60,0.02,weighted_cv,116,2302,967,1,0,0.0,0.07360944207749649,0.08443044327716746,0.06736007604142617,0.02,159,10,137
cast19,rr,60,0.02,active_cv,116,2296,967,1,0,0.0,0.09713066851111986,0.08443044327716746,0.06736007604142617,0.02,159,10,137
cast19,rr,60,0.02,weighted_cvl,116,2329,967,1,0,0.0,0.057814915747357844,0.08443044327716746,0.06736007604142617,0.02,159,10,137
cast19,rr,60,0.02,uniform,117,2387,1004,0,0,0.0,0.631617402591044,0.05214424752105743,0.030544606367294475,0.02,159,10,137
cast19,rr,60,0.02,uniform_nz,117,2355,1004,0,0,0.0,0.2534326837186181,0.05214424752105743,0.030544606367294475,0.02,159,10,137
cast19,rr,60,0.02,weighted,117,2383,1004,0,0,0.0,0.05214424752105743,0.05214424752105743,0.030544606367294475,0.02,159,10,137
cast19,rr,60,0.02,active_judge,117,2347,1004,0,0,0.0,0.14137372068285273,0.05214424752105743,0.030544606367294475,0.02,159,10,137
cast19,rr,60,0.02,strat_pilot,117,2426,1004,1,0,0.0,0.05200169677936293,0.05214424752105743,0.030544606367294475,0.02,159,10,137
cast19,rr,60,0.02,weighted_cv,117,2339,1004,1,0,0.0,0.05790433630775582,0.05214424752105743,0.030544606367294475,0.02,159,10,137
cast19,rr,60,0.02,active_cv,117,2374,1004,1,0,0.0,0.08754292153143346,0.05214424752105743,0.030544606367294475,0.02,159,10,137
cast19,rr,60,0.02,weighted_cvl,117,2423,1004,1,0,0.0,0.05790433630775582,0.05214424752105743,0.030544606367294475,0.02,159,10,137
cast19,rr,60,0.02,uniform,118,2813,910,0,0,0.0,1.0923772047978317,0.13156862122661955,0.08420854107193117,0.02,159,14,136
cast19,rr,60,0.02,uniform_nz,118,2836,910,1,0,0.0,0.7071832960457651,0.13156862122661955,0.08420854107193117,0.02,159,14,136
cast19,rr,60,0.02,weighted,118,2832,910,1,0,0.0,0.13156862122661955,0.13156862122661955,0.08420854107193117,0.02,159,14,136
cast19,rr,60,0.02,active_judge,118,2788,910,1,0,0.0,0.41240276993771,0.13156862122661955,0.08420854107193117,0.02,159,14,136
cast19,rr,60,0.02,strat_pilot,118,2798,910,1,0,0.0,0.132524991564416,0.13156862122661955,0.08420854107193117,0.02,159,14,136
cast19,rr,60,0.02,weighted_cv,118,2822,910,1,0,0.0,0.11924369124073311,0.13156862122661955,0.08420854107193117,0.02,159,14,136
cast19,rr,60,0.02,active_cv,118,2836,910,1,0,0.0,0.1878712431866648,0.13156862122661955,0.08420854107193117,0.02,159,14,136
cast19,rr,60,0.02,weighted_cvl,118,2823,910,1,0,0.0,0.07812833112571257,0.13156862122661955,0.08420854107193117,0.02,159,14,136
cast19,rr,60,0.02,uniform,119,2331,980,0,0,0.000178731399991916,0.17885888685705847,0.045882528623634476,0.04922921413944768,0.019821268600008084,159,10,137
cast19,rr,60,0.02,uniform_nz,119,2382,980,0,0,0.000178731399991916,0.09369622698450944,0.045882528623634476,0.04922921413944768,0.019821268600008084,159,10,137
cast19,rr,60,0.02,weighted,119,2332,980,1,0,0.000178731399991916,0.045882528623634476,0.045882528623634476,0.04922921413944768,0.019821268600008084,159,10,137
cast19,rr,60,0.02,active_judge,119,2329,980,0,0,0.000178731399991916,0.10950941140211794,0.045882528623634476,0.04922921413944768,0.019821268600008084,159,10,137
cast19,rr,60,0.02,strat_pilot,119,2384,980,1,0,0.000178731399991916,0.045708051143070666,0.045882528623634476,0.04922921413944768,0.019821268600008084,159,10,137
cast19,rr,60,0.02,weighted_cv,119,2368,980,0,0,0.000178731399991916,0.05691925764065577,0.045882528623634476,0.04922921413944768,0.019821268600008084,159,10,137
cast19,rr,60,0.02,active_cv,119,2343,980,1,0,0.000178731399991916,0.12178642008667093,0.045882528623634476,0.04922921413944768,0.019821268600008084,159,10,137
cast19,rr,60,0.02,weighted_cvl,119,2375,980,1,0,0.000178731399991916,0.03642050471621191,0.045882528623634476,0.04922921413944768,0.019821268600008084,159,10,137
cast19,rr,60,0.02,uniform,120,2905,952,0,0,0.004548608474265192,0.12687382836787817,0.06900002318321749,0.022806986056599057,0.015451391525734808,159,14,136
cast19,rr,60,0.02,uniform_nz,120,2904,952,0,0,0.004548608474265192,0.0798811908259027,0.06900002318321749,0.022806986056599057,0.015451391525734808,159,14,136
cast19,rr,60,0.02,weighted,120,2852,952,1,0,0.004548608474265192,0.06900002318321749,0.06900002318321749,0.022806986056599057,0.015451391525734808,159,14,136
cast19,rr,60,0.02,active_judge,120,2884,952,0,0,0.004548608474265192,0.17429672837324112,0.06900002318321749,0.022806986056599057,0.015451391525734808,159,14,136
cast19,rr,60,0.02,strat_pilot,120,2859,952,1,0,0.004548608474265192,0.06903106407510785,0.06900002318321749,0.022806986056599057,0.015451391525734808,159,14,136
cast19,rr,60,0.02,weighted_cv,120,2867,952,1,0,0.004548608474265192,0.07314077302781101,0.06900002318321749,0.022806986056599057,0.015451391525734808,159,14,136
cast19,rr,60,0.02,active_cv,120,2849,952,0,0,0.004548608474265192,0.12004214433965413,0.06900002318321749,0.022806986056599057,0.015451391525734808,159,14,136
cast19,rr,60,0.02,weighted_cvl,120,2853,952,0,0,0.004548608474265192,0.05073102560994338,0.06900002318321749,0.022806986056599057,0.015451391525734808,159,14,136
cast19,rr,60,0.02,uniform,121,2444,1019,0,0,0.0,0.629300597766679,0.05404670624605039,0.04548840865951177,0.02,159,10,137
cast19,rr,60,0.02,uniform_nz,121,2396,1019,0,0,0.0,0.2548762356971618,0.05404670624605039,0.04548840865951177,0.02,159,10,137
cast19,rr,60,0.02,weighted,121,2327,1019,1,0,0.0,0.05404670624605039,0.05404670624605039,0.04548840865951177,0.02,159,10,137
cast19,rr,60,0.02,active_judge,121,2405,1019,0,0,0.0,0.15924538626185525,0.05404670624605039,0.04548840865951177,0.02,159,10,137
cast19,rr,60,0.02,strat_pilot,121,2380,1019,0,0,0.0,0.05397753364027813,0.05404670624605039,0.04548840865951177,0.02,159,10,137
cast19,rr,60,0.02,weighted_cv,121,2394,1019,1,0,0.0,0.05121796131881582,0.05404670624605039,0.04548840865951177,0.02,159,10,137
cast19,rr,60,0.02,active_cv,121,2403,1019,1,0,0.0,0.0627285515870146,0.05404670624605039,0.04548840865951177,0.02,159,10,137
cast19,rr,60,0.02,weighted_cvl,121,2381,1019,0,0,0.0,0.05121796131881582,0.05404670624605039,0.04548840865951177,0.02,159,10,137
cast19,rr,60,0.02,uniform,122,2326,988,0,0,0.0,0.18185652556602966,0.04638610744720807,0.028164426387016925,0.02,159,10,137
cast19,rr,60,0.02,uniform_nz,122,2371,988,1,0,0.0,0.0942596170195723,0.04638610744720807,0.028164426387016925,0.02,159,10,137
cast19,rr,60,0.02,weighted,122,2355,988,1,0,0.0,0.04638610744720807,0.04638610744720807,0.028164426387016925,0.02,159,10,137
cast19,rr,60,0.02,active_judge,122,2334,988,0,0,0.0,0.11350844641645655,0.04638610744720807,0.028164426387016925,0.02,159,10,137
cast19,rr,60,0.02,strat_pilot,122,2381,988,1,0,0.0,0.04636034886056392,0.04638610744720807,0.028164426387016925,0.02,159,10,137
cast19,rr,60,0.02,weighted_cv,122,2389,988,1,0,0.0,0.03856826223326708,0.04638610744720807,0.028164426387016925,0.02,159,10,137
cast19,rr,60,0.02,active_cv,122,2365,988,1,0,0.0,0.0632538146261524,0.04638610744720807,0.028164426387016925,0.02,159,10,137
cast19,rr,60,0.02,weighted_cvl,122,2391,988,0,0,0.0,0.023584279035991106,0.04638610744720807,0.028164426387016925,0.02,159,10,137
cast19,rr,60,0.02,uniform,123,2171,992,0,0,0.0,0.07264061763001015,0.022246671074927993,0.035900561482907684,0.02,159,9,128
cast19,rr,60,0.02,uniform_nz,123,2149,992,0,0,0.0,0.02734037124603645,0.022246671074927993,0.035900561482907684,0.02,159,9,128
cast19,rr,60,0.02,weighted,123,2103,992,1,0,0.0,0.022246671074927993,0.022246671074927993,0.035900561482907684,0.02,159,9,128
cast19,rr,60,0.02,active_judge,123,2124,992,0,0,0.0,0.036652549138518196,0.022246671074927993,0.035900561482907684,0.02,159,9,128
cast19,rr,60,0.02,strat_pilot,123,2101,992,0,0,0.0,0.022158883829726667,0.022246671074927993,0.035900561482907684,0.02,159,9,128
cast19,rr,60,0.02,weighted_cv,123,2087,992,0,0,0.0,0.02801455219082689,0.022246671074927993,0.035900561482907684,0.02,159,9,128
cast19,rr,60,0.02,active_cv,123,2118,992,1,0,0.0,0.05504929804664417,0.022246671074927993,0.035900561482907684,0.02,159,9,128
cast19,rr,60,0.02,weighted_cvl,123,2128,992,1,0,0.0,0.016332520379669584,0.022246671074927993,0.035900561482907684,0.02,159,9,128
cast19,rr,60,0.02,uniform,124,2377,983,0,0,0.0,0.2358361239080636,0.0657285978958647,0.06481119253659298,0.02,159,10,137
cast19,rr,60,0.02,uniform_nz,124,2351,983,1,0,0.0,0.09905674753590397,0.0657285978958647,0.06481119253659298,0.02,159,10,137
cast19,rr,60,0.02,weighted,124,2374,983,1,0,0.0,0.0657285978958647,0.0657285978958647,0.06481119253659298,0.02,159,10,137
cast19,rr,60,0.02,active_judge,124,2310,983,0,0,0.0,0.16455237966185665,0.0657285978958647,0.06481119253659298,0.02,159,10,137
cast19,rr,60,0.02,strat_pilot,124,2342,983,1,0,0.0,0.06553599970510732,0.0657285978958647,0.06481119253659298,0.02,159,10,137
cast19,rr,60,0.02,weighted_cv,124,2338,983,0,0,0.0,0.0668119023251166,0.0657285978958647,0.06481119253659298,0.02,159,10,137
cast19,rr,60,0.02,active_cv,124,2366,983,1,0,0.0,0.09564523733375428,0.0657285978958647,0.06481119253659298,0.02,159,10,137
cast19,rr,60,0.02,weighted_cvl,124,2349,983,1,0,0.0,0.034341844105870135,0.0657285978958647,0.06481119253659298,0.02,159,10,137
cast19,rr,60,0.02,uniform,125,2462,1066,1,0,0.0007070153465537632,0.10978187087616924,0.0472238346959248,0.051632763063726175,0.019292984653446237,159,10,137
cast19,rr,60,0.02,uniform_nz,125,2425,1066,0,0,0.0007070153465537632,0.04857074164275965,0.0472238346959248,0.051632763063726175,0.019292984653446237,159,10,137
cast19,rr,60,0.02,weighted,125,2431,1066,0,0,0.0007070153465537632,0.0472238346959248,0.0472238346959248,0.051632763063726175,0.019292984653446237,159,10,137
cast19,rr,60,0.02,active_judge,125,2438,1066,1,0,0.0007070153465537632,0.1345316047550311,0.0472238346959248,0.051632763063726175,0.019292984653446237,159,10,137
cast19,rr,60,0.02,strat_pilot,125,2390,1066,1,0,0.0007070153465537632,0.04700640649625452,0.0472238346959248,0.051632763063726175,0.019292984653446237,159,10,137
cast19,rr,60,0.02,weighted_cv,125,2423,1066,1,0,0.0007070153465537632,0.05615500964688119,0.0472238346959248,0.051632763063726175,0.019292984653446237,159,10,137
cast19,rr,60,0.02,active_cv,125,2452,1066,1,0,0.0007070153465537632,0.11111432354170922,0.0472238346959248,0.051632763063726175,0.019292984653446237,159,10,137
cast19,rr,60,0.02,weighted_cvl,125,2435,1066,1,0,0.0007070153465537632,0.034216079260558405,0.0472238346959248,0.051632763063726175,0.019292984653446237,159,10,137
cast19,rr,60,0.02,uniform,126,2285,976,0,0,0.0,0.7890476072135851,0.09264255804101411,0.05470786035952949,0.02,159,10,137
cast19,rr,60,0.02,uniform_nz,126,2348,976,1,0,0.0,0.433484719678892,0.09264255804101411,0.05470786035952949,0.02,159,10,137
cast19,rr,60,0.02,weighted,126,2296,976,1,0,0.0,0.09264255804101411,0.09264255804101411,0.05470786035952949,0.02,159,10,137
cast19,rr,60,0.02,active_judge,126,2360,976,0,0,0.0,0.1942252702873481,0.09264255804101411,0.05470786035952949,0.02,159,10,137
cast19,rr,60,0.02,strat_pilot,126,2312,976,1,0,0.0,0.09265127998259767,0.09264255804101411,0.05470786035952949,0.02,159,10,137
cast19,rr,60,0.02,weighted_cv,126,2334,976,0,0,0.0,0.061794684062589054,0.09264255804101411,0.05470786035952949,0.02,159,10,137
cast19,rr,60,0.02,active_cv,126,2327,976,1,0,0.0,0.09592559107554462,0.09264255804101411,0.05470786035952949,0.02,159,10,137
cast19,rr,60,0.02,weighted_cvl,126,2341,976,1,0,0.0,0.061794684062589054,0.09264255804101411,0.05470786035952949,0.02,159,10,137
cast19,rr,60,0.02,uniform,127,2147,959,0,0,0.005882053198852377,0.7070750941698184,0.06523680757765835,0.0434919965319077,0.014117946801147623,159,9,131
cast19,rr,60,0.02,uniform_nz,127,2115,959,0,0,0.005882053198852377,0.21797109179925428,0.06523680757765835,0.0434919965319077,0.014117946801147623,159,9,131
cast19,rr,60,0.02,weighted,127,2093,959,0,0,0.005882053198852377,0.06523680757765835,0.06523680757765835,0.0434919965319077,0.014117946801147623,159,9,131
cast19,rr,60,0.02,active_judge,127,2105,959,1,0,0.005882053198852377,0.15585794382654267,0.06523680757765835,0.0434919965319077,0.014117946801147623,159,9,131
cast19,rr,60,0.02,strat_pilot,127,2114,959,1,0,0.005882053198852377,0.06534326942213338,0.06523680757765835,0.0434919965319077,0.014117946801147623,159,9,131
cast19,rr,60,0.02,weighted_cv,127,2140,959,1,0,0.005882053198852377,0.051870456245346454,0.06523680757765835,0.0434919965319077,0.014117946801147623,159,9,131
cast19,rr,60,0.02,active_cv,127,2050,959,0,0,0.005882053198852377,0.08041509085662936,0.06523680757765835,0.0434919965319077,0.014117946801147623,159,9,131
cast19,rr,60,0.02,weighted_cvl,127,2139,959,1,0,0.005882053198852377,0.04736250566079007,0.06523680757765835,0.0434919965319077,0.014117946801147623,159,9,131
cast19,rr,60,0.02,uniform,128,2920,982,0,0,0.006972757133592633,0.4745575132838849,0.09797604755268885,0.028444920802489126,0.013027242866407367,159,14,136
cast19,rr,60,0.02,uniform_nz,128,2884,982,0,0,0.006972757133592633,0.34710256116696886,0.09797604755268885,0.028444920802489126,0.013027242866407367,159,14,136
cast19,rr,60,0.02,weighted,128,2833,982,0,0,0.006972757133592633,0.09797604755268885,0.09797604755268885,0.028444920802489126,0.013027242866407367,159,14,136
cast19,rr,60,0.02,active_judge,128,2897,982,0,0,0.006972757133592633,0.28398802164480097,0.09797604755268885,0.028444920802489126,0.013027242866407367,159,14,136
cast19,rr,60,0.02,strat_pilot,128,2845,982,0,0,0.006972757133592633,0.09819593551567674,0.09797604755268885,0.028444920802489126,0.013027242866407367,159,14,136
cast19,rr,60,0.02,weighted_cv,128,2844,982,0,0,0.006972757133592633,0.13467430668213748,0.09797604755268885,0.028444920802489126,0.013027242866407367,159,14,136
cast19,rr,60,0.02,active_cv,128,2873,982,0,0,0.006972757133592633,0.25529972136668133,0.09797604755268885,0.028444920802489126,0.013027242866407367,159,14,136
cast19,rr,60,0.02,weighted_cvl,128,2883,982,1,0,0.006972757133592633,0.07487112282311123,0.09797604755268885,0.028444920802489126,0.013027242866407367,159,14,136
cast19,rr,60,0.02,uniform,129,2319,937,0,0,0.0,0.2104902268168385,0.07004976609504668,0.030183365041869227,0.02,159,10,137
cast19,rr,60,0.02,uniform_nz,129,2266,937,1,0,0.0,0.09497511568411307,0.07004976609504668,0.030183365041869227,0.02,159,10,137
cast19,rr,60,0.02,weighted,129,2317,937,0,0,0.0,0.07004976609504668,0.07004976609504668,0.030183365041869227,0.02,159,10,137
cast19,rr,60,0.02,active_judge,129,2321,937,1,0,0.0,0.15525589659683908,0.07004976609504668,0.030183365041869227,0.02,159,10,137
cast19,rr,60,0.02,strat_pilot,129,2322,937,1,0,0.0,0.07006740466712405,0.07004976609504668,0.030183365041869227,0.02,159,10,137
cast19,rr,60,0.02,weighted_cv,129,2318,937,1,0,0.0,0.042013521856287574,0.07004976609504668,0.030183365041869227,0.02,159,10,137
cast19,rr,60,0.02,active_cv,129,2319,937,1,0,0.0,0.061625129490731734,0.07004976609504668,0.030183365041869227,0.02,159,10,137
cast19,rr,60,0.02,weighted_cvl,129,2330,937,1,0,0.0,0.027562345082625433,0.07004976609504668,0.030183365041869227,0.02,159,10,137
cast19,rr,60,0.02,uniform,130,2357,1017,0,0,0.0,0.13192800795045123,0.04937929621926896,0.029985504518207785,0.02,159,10,137
cast19,rr,60,0.02,uniform_nz,130,2379,1017,0,0,0.0,0.0563294272469548,0.04937929621926896,0.029985504518207785,0.02,159,10,137
cast19,rr,60,0.02,weighted,130,2361,1017,1,0,0.0,0.04937929621926896,0.04937929621926896,0.029985504518207785,0.02,159,10,137
cast19,rr,60,0.02,active_judge,130,2412,1017,0,0,0.0,0.11890589533591638,0.04937929621926896,0.029985504518207785,0.02,159,10,137
cast19,rr,60,0.02,strat_pilot,130,2402,1017,1,0,0.0,0.049177682654492696,0.04937929621926896,0.029985504518207785,0.02,159,10,137
cast19,rr,60,0.02,weighted_cv,130,2372,1017,0,0,0.0,0.03994959940049523,0.04937929621926896,0.029985504518207785,0.02,159,10,137
cast19,rr,60,0.02,active_cv,130,2347,1017,1,0,0.0,0.06112016964464676,0.04937929621926896,0.029985504518207785,0.02,159,10,137
cast19,rr,60,0.02,weighted_cvl,130,2390,1017,0,0,0.0,0.03160913559788049,0.04937929621926896,0.029985504518207785,0.02,159,10,137
cast19,rr,60,0.02,uniform,131,2379,990,0,0,0.0,0.7208329826256534,0.08135059944746158,0.02818919776922202,0.02,159,10,137
cast19,rr,60,0.02,uniform_nz,131,2388,990,1,0,0.0,0.27919580324381804,0.08135059944746158,0.02818919776922202,0.02,159,10,137
cast19,rr,60,0.02,weighted,131,2378,990,1,0,0.0,0.08135059944746158,0.08135059944746158,0.02818919776922202,0.02,159,10,137
cast19,rr,60,0.02,active_judge,131,2348,990,0,0,0.0,0.19123260972968614,0.08135059944746158,0.02818919776922202,0.02,159,10,137
cast19,rr,60,0.02,strat_pilot,131,2312,990,1,0,0.0,0.08137192304757272,0.08135059944746158,0.02818919776922202,0.02,159,10,137
cast19,rr,60,0.02,weighted_cv,131,2343,990,1,0,0.0,0.07258286074229565,0.08135059944746158,0.02818919776922202,0.02,159,10,137
cast19,rr,60,0.02,active_cv,131,2313,990,1,0,0.0,0.12246167972457696,0.08135059944746158,0.02818919776922202,0.02,159,10,137
cast19,rr,60,0.02,weighted_cvl,131,2343,990,1,0,0.0,0.042655468596643445,0.08135059944746158,0.02818919776922202,0.02,159,10,137
cast19,rr,60,0.02,uniform,132,2207,923,1,0,0.0,0.09370981231334555,0.038953292711031665,0.05283869600379387,0.02,159,10,137
cast19,rr,60,0.02,uniform_nz,132,2268,923,1,0,0.0,0.045295589889686155,0.038953292711031665,0.05283869600379387,0.02,159,10,137
cast19,rr,60,0.02,weighted,132,2317,923,1,0,0.0,0.038953292711031665,0.038953292711031665,0.05283869600379387,0.02,159,10,137
cast19,rr,60,0.02,active_judge,132,2300,923,0,0,0.0,0.1152071564442811,0.038953292711031665,0.05283869600379387,0.02,159,10,137
cast19,rr,60,0.02,strat_pilot,132,2267,923,1,0,0.0,0.038965793658110884,0.038953292711031665,0.05283869600379387,0.02,159,10,137
cast19,rr,60,0.02,weighted_cv,132,2258,923,1,0,0.0,0.07621008638050324,0.038953292711031665,0.05283869600379387,0.02,159,10,137
cast19,rr,60,0.02,active_cv,132,2335,923,1,0,0.0,0.13221539024902426,0.038953292711031665,0.05283869600379387,0.02,159,10,137
cast19,rr,60,0.02,weighted_cvl,132,2304,923,0,0,0.0,0.027936519709673126,0.038953292711031665,0.05283869600379387,0.02,159,10,137
cast19,rr,60,0.02,uniform,133,2393,1013,0,0,0.011394904363873526,0.1075663855756344,0.044841107948024074,0.024030624513596645,0.008605095636126475,159,10,137
cast19,rr,60,0.02,uniform_nz,133,2331,1013,0,0,0.011394904363873526,0.051822508251424336,0.044841107948024074,0.024030624513596645,0.008605095636126475,159,10,137
cast19,rr,60,0.02,weighted,133,2346,1013,0,0,0.011394904363873526,0.044841107948024074,0.044841107948024074,0.024030624513596645,0.008605095636126475,159,10,137
cast19,rr,60,0.02,active_judge,133,2362,1013,0,0,0.011394904363873526,0.08455538197627341,0.044841107948024074,0.024030624513596645,0.008605095636126475,159,10,137
cast19,rr,60,0.02,strat_pilot,133,2361,1013,1,0,0.011394904363873526,0.04479294224236509,0.044841107948024074,0.024030624513596645,0.008605095636126475,159,10,137
cast19,rr,60,0.02,weighted_cv,133,2395,1013,0,0,0.011394904363873526,0.04233988195238688,0.044841107948024074,0.024030624513596645,0.008605095636126475,159,10,137
cast19,rr,60,0.02,active_cv,133,2407,1013,0,0,0.011394904363873526,0.06265267695475042,0.044841107948024074,0.024030624513596645,0.008605095636126475,159,10,137
cast19,rr,60,0.02,weighted_cvl,133,2364,1013,0,0,0.011394904363873526,0.03476989708331819,0.044841107948024074,0.024030624513596645,0.008605095636126475,159,10,137
cast19,rr,60,0.02,uniform,134,2247,910,0,0,0.005697654197582558,0.11759335908848349,0.04644426160421715,0.03183010573877447,0.014302345802417443,159,10,137
cast19,rr,60,0.02,uniform_nz,134,2301,910,0,0,0.005697654197582558,0.05382514630296753,0.04644426160421715,0.03183010573877447,0.014302345802417443,159,10,137
cast19,rr,60,0.02,weighted,134,2275,910,1,0,0.005697654197582558,0.04644426160421715,0.04644426160421715,0.03183010573877447,0.014302345802417443,159,10,137
cast19,rr,60,0.02,active_judge,134,2267,910,1,0,0.005697654197582558,0.12361228197678167,0.04644426160421715,0.03183010573877447,0.014302345802417443,159,10,137
cast19,rr,60,0.02,strat_pilot,134,2251,910,0,0,0.005697654197582558,0.04615019065333896,0.04644426160421715,0.03183010573877447,0.014302345802417443,159,10,137
cast19,rr,60,0.02,weighted_cv,134,2324,910,0,0,0.005697654197582558,0.061881527404137014,0.04644426160421715,0.03183010573877447,0.014302345802417443,159,10,137
cast19,rr,60,0.02,active_cv,134,2273,910,1,0,0.005697654197582558,0.10023184018546194,0.04644426160421715,0.03183010573877447,0.014302345802417443,159,10,137
cast19,rr,60,0.02,weighted_cvl,134,2285,910,0,0,0.005697654197582558,0.04129064996481804,0.04644426160421715,0.03183010573877447,0.014302345802417443,159,10,137
cast19,rr,60,0.02,uniform,135,2355,1022,0,0,0.0,0.24416171532369485,0.06276741277671909,0.033469333257814204,0.02,159,10,137
cast19,rr,60,0.02,uniform_nz,135,2421,1022,0,0,0.0,0.08422812881453405,0.06276741277671909,0.033469333257814204,0.02,159,10,137
cast19,rr,60,0.02,weighted,135,2374,1022,0,0,0.0,0.06276741277671909,0.06276741277671909,0.033469333257814204,0.02,159,10,137
cast19,rr,60,0.02,active_judge,135,2383,1022,0,0,0.0,0.14772677727149822,0.06276741277671909,0.033469333257814204,0.02,159,10,137
cast19,rr,60,0.02,strat_pilot,135,2417,1022,0,0,0.0,0.06250156319072883,0.06276741277671909,0.033469333257814204,0.02,159,10,137
cast19,rr,60,0.02,weighted_cv,135,2440,1022,1,0,0.0,0.08126368511619816,0.06276741277671909,0.033469333257814204,0.02,159,10,137
cast19,rr,60,0.02,active_cv,135,2416,1022,0,0,0.0,0.173567086556704,0.06276741277671909,0.033469333257814204,0.02,159,10,137
cast19,rr,60,0.02,weighted_cvl,135,2370,1022,1,0,0.0,0.03976864962909761,0.06276741277671909,0.033469333257814204,0.02,159,10,137
cast19,rr,60,0.02,uniform,136,2429,1017,0,0,0.0033442278290500838,0.12484481756536028,0.04371804505414791,0.05234416980705815,0.016655772170949917,159,10,137
cast19,rr,60,0.02,uniform_nz,136,2350,1017,0,0,0.0033442278290500838,0.04619083936758704,0.04371804505414791,0.05234416980705815,0.016655772170949917,159,10,137
cast19,rr,60,0.02,weighted,136,2423,1017,1,0,0.0033442278290500838,0.04371804505414791,0.04371804505414791,0.05234416980705815,0.016655772170949917,159,10,137
cast19,rr,60,0.02,active_judge,136,2383,1017,0,0,0.0033442278290500838,0.11629439649109066,0.04371804505414791,0.05234416980705815,0.016655772170949917,159,10,137
cast19,rr,60,0.02,strat_pilot,136,2439,1017,0,0,0.0033442278290500838,0.04352818670692825,0.04371804505414791,0.05234416980705815,0.016655772170949917,159,10,137
cast19,rr,60,0.02,weighted_cv,136,2383,1017,1,0,0.0033442278290500838,0.04100216776519343,0.04371804505414791,0.05234416980705815,0.016655772170949917,159,10,137
cast19,rr,60,0.02,active_cv,136,2398,1017,1,0,0.0033442278290500838,0.07535648389993108,0.04371804505414791,0.05234416980705815,0.016655772170949917,159,10,137
cast19,rr,60,0.02,weighted_cvl,136,2362,1017,0,0,0.0033442278290500838,0.03411118469874341,0.04371804505414791,0.05234416980705815,0.016655772170949917,159,10,137
cast19,rr,60,0.02,uniform,137,2390,980,0,0,0.0,0.23937198676372393,0.06369752613635542,0.03793571603162396,0.02,159,10,138
cast19,rr,60,0.02,uniform_nz,137,2340,980,0,0,0.0,0.07783144431085735,0.06369752613635542,0.03793571603162396,0.02,159,10,138
cast19,rr,60,0.02,weighted,137,2382,980,1,0,0.0,0.06369752613635542,0.06369752613635542,0.03793571603162396,0.02,159,10,138
cast19,rr,60,0.02,active_judge,137,2356,980,0,0,0.0,0.13211043746920786,0.06369752613635542,0.03793571603162396,0.02,159,10,138
cast19,rr,60,0.02,strat_pilot,137,2397,980,1,0,0.0,0.06376508416643564,0.06369752613635542,0.03793571603162396,0.02,159,10,138
cast19,rr,60,0.02,weighted_cv,137,2355,980,1,0,0.0,0.05968685352392169,0.06369752613635542,0.03793571603162396,0.02,159,10,138
cast19,rr,60,0.02,active_cv,137,2344,980,0,0,0.0,0.1106242071414498,0.06369752613635542,0.03793571603162396,0.02,159,10,138
cast19,rr,60,0.02,weighted_cvl,137,2326,980,1,0,0.0,0.05968685352392169,0.06369752613635542,0.03793571603162396,0.02,159,10,138
cast19,rr,60,0.02,uniform,138,2349,965,0,0,0.0,0.19482908147429367,0.06959865344648024,0.026896832723300297,0.02,159,10,137
cast19,rr,60,0.02,uniform_nz,138,2294,965,1,0,0.0,0.09612946467119547,0.06959865344648024,0.026896832723300297,0.02,159,10,137
cast19,rr,60,0.02,weighted,138,2365,965,1,0,0.0,0.06959865344648024,0.06959865344648024,0.026896832723300297,0.02,159,10,137
cast19,rr,60,0.02,active_judge,138,2327,965,0,0,0.0,0.14859185045877857,0.06959865344648024,0.026896832723300297,0.02,159,10,137
cast19,rr,60,0.02,strat_pilot,138,2336,965,1,0,0.0,0.06949367075195115,0.06959865344648024,0.026896832723300297,0.02,159,10,137
cast19,rr,60,0.02,weighted_cv,138,2287,965,1,0,0.0,0.05950450855004143,0.06959865344648024,0.026896832723300297,0.02,159,10,137
cast19,rr,60,0.02,active_cv,138,2327,965,0,0,0.0,0.08796916447540015,0.06959865344648024,0.026896832723300297,0.02,159,10,137
cast19,rr,60,0.02,weighted_cvl,138,2370,965,1,0,0.0,0.05950450855004143,0.06959865344648024,0.026896832723300297,0.02,159,10,137
cast19,rr,60,0.02,uniform,139,2384,1016,0,0,0.0,0.13910241527985287,0.05003904123202879,0.021131176593133117,0.02,159,10,137
cast19,rr,60,0.02,uniform_nz,139,2395,1016,1,0,0.0,0.06919363083019414,0.05003904123202879,0.021131176593133117,0.02,159,10,137
cast19,rr,60,0.02,weighted,139,2380,1016,1,0,0.0,0.05003904123202879,0.05003904123202879,0.021131176593133117,0.02,159,10,137
cast19,rr,60,0.02,active_judge,139,2399,1016,0,0,0.0,0.1020301115715585,0.05003904123202879,0.021131176593133117,0.02,159,10,137
cast19,rr,60,0.02,strat_pilot,139,2340,1016,1,0,0.0,0.050040016355066816,0.05003904123202879,0.021131176593133117,0.02,159,10,137
cast19,rr,60,0.02,weighted_cv,139,2384,1016,1,0,0.0,0.06115926924339965,0.05003904123202879,0.021131176593133117,0.02,159,10,137
cast19,rr,60,0.02,active_cv,139,2349,1016,0,0,0.0,0.09189388248091657,0.05003904123202879,0.021131176593133117,0.02,159,10,137
cast19,rr,60,0.02,weighted_cvl,139,2364,1016,1,0,0.0,0.03535841405692706,0.05003904123202879,0.021131176593133117,0.02,159,10,137
cast19,rr,60,0.02,uniform,140,2973,1069,0,0,0.007338503537219432,0.20711010398605323,0.09239071818954511,0.01623889523100385,0.012661496462780569,159,14,136
cast19,rr,60,0.02,uniform_nz,140,2928,1069,0,0,0.007338503537219432,0.12876147956054645,0.09239071818954511,0.01623889523100385,0.012661496462780569,159,14,136
cast19,rr,60,0.02,weighted,140,2973,1069,0,0,0.007338503537219432,0.09239071818954511,0.09239071818954511,0.01623889523100385,0.012661496462780569,159,14,136
cast19,rr,60,0.02,active_judge,140,2946,1069,0,0,0.007338503537219432,0.19980303784304212,0.09239071818954511,0.01623889523100385,0.012661496462780569,159,14,136
cast19,rr,60,0.02,strat_pilot,140,2947,1069,0,0,0.007338503537219432,0.09252933907528013,0.09239071818954511,0.01623889523100385,0.012661496462780569,159,14,136
cast19,rr,60,0.02,weighted_cv,140,2971,1069,0,0,0.007338503537219432,0.11115984077667185,0.09239071818954511,0.01623889523100385,0.012661496462780569,159,14,136
cast19,rr,60,0.02,active_cv,140,2993,1069,0,0,0.007338503537219432,0.1925167166277361,0.09239071818954511,0.01623889523100385,0.012661496462780569,159,14,136
cast19,rr,60,0.02,weighted_cvl,140,2991,1069,0,0,0.007338503537219432,0.07222831080585432,0.09239071818954511,0.01623889523100385,0.012661496462780569,159,14,136
cast19,rr,60,0.02,uniform,141,2259,876,0,0,0.0,1.0513246234795917,0.08407100833805833,0.07682171704247354,0.02,159,10,137
cast19,rr,60,0.02,uniform_nz,141,2217,876,1,0,0.0,0.4712186942591311,0.08407100833805833,0.07682171704247354,0.02,159,10,137
cast19,rr,60,0.02,weighted,141,2231,876,1,0,0.0,0.08407100833805833,0.08407100833805833,0.07682171704247354,0.02,159,10,137
cast19,rr,60,0.02,active_judge,141,2219,876,1,0,0.0,0.1893992748526559,0.08407100833805833,0.07682171704247354,0.02,159,10,137
cast19,rr,60,0.02,strat_pilot,141,2280,876,1,0,0.0,0.08409344534734982,0.08407100833805833,0.07682171704247354,0.02,159,10,137
cast19,rr,60,0.02,weighted_cv,141,2240,876,1,0,0.0,0.08171836517576835,0.08407100833805833,0.07682171704247354,0.02,159,10,137
cast19,rr,60,0.02,active_cv,141,2220,876,1,0,0.0,0.12488097348207614,0.08407100833805833,0.07682171704247354,0.02,159,10,137
cast19,rr,60,0.02,weighted_cvl,141,2217,876,1,0,0.0,0.07482053127956967,0.08407100833805833,0.07682171704247354,0.02,159,10,137
cast19,rr,60,0.02,uniform,142,2322,961,0,0,0.014925128335449012,0.5561728743528311,0.10406055227104907,0.022700280984252575,0.005074871664550989,159,10,137
cast19,rr,60,0.02,uniform_nz,142,2349,961,0,0,0.014925128335449012,0.2572091869850574,0.10406055227104907,0.022700280984252575,0.005074871664550989,159,10,137
cast19,rr,60,0.02,weighted,142,2318,961,0,0,0.014925128335449012,0.10406055227104907,0.10406055227104907,0.022700280984252575,0.005074871664550989,159,10,137
cast19,rr,60,0.02,active_judge,142,2279,961,0,0,0.014925128335449012,0.2687591214002702,0.10406055227104907,0.022700280984252575,0.005074871664550989,159,10,137
cast19,rr,60,0.02,strat_pilot,142,2383,961,0,0,0.014925128335449012,0.10419011416235383,0.10406055227104907,0.022700280984252575,0.005074871664550989,159,10,137
cast19,rr,60,0.02,weighted_cv,142,2314,961,0,0,0.014925128335449012,0.0820182797513279,0.10406055227104907,0.022700280984252575,0.005074871664550989,159,10,137
cast19,rr,60,0.02,active_cv,142,2313,961,0,0,0.014925128335449012,0.11200491072143474,0.10406055227104907,0.022700280984252575,0.005074871664550989,159,10,137
cast19,rr,60,0.02,weighted_cvl,142,2341,961,0,0,0.014925128335449012,0.08087239871228215,0.10406055227104907,0.022700280984252575,0.005074871664550989,159,10,137
cast19,rr,60,0.02,uniform,143,2400,997,0,0,0.0,0.19569925172613964,0.07544235669148418,0.04547984010164316,0.02,159,10,137
cast19,rr,60,0.02,uniform_nz,143,2382,997,0,0,0.0,0.09415033220835492,0.07544235669148418,0.04547984010164316,0.02,159,10,137
cast19,rr,60,0.02,weighted,143,2388,997,1,0,0.0,0.07544235669148418,0.07544235669148418,0.04547984010164316,0.02,159,10,137
cast19,rr,60,0.02,active_judge,143,2346,997,0,0,0.0,0.13674669047332655,0.07544235669148418,0.04547984010164316,0.02,159,10,137
cast19,rr,60,0.02,strat_pilot,143,2354,997,1,0,0.0,0.07543250943691807,0.07544235669148418,0.04547984010164316,0.02,159,10,137
cast19,rr,60,0.02,weighted_cv,143,2402,997,1,0,0.0,0.046725472526266056,0.07544235669148418,0.04547984010164316,0.02,159,10,137
cast19,rr,60,0.02,active_cv,143,2380,997,1,0,0.0,0.07063154132579354,0.07544235669148418,0.04547984010164316,0.02,159,10,137
cast19,rr,60,0.02,weighted_cvl,143,2375,997,1,0,0.0,0.04476371119711593,0.07544235669148418,0.04547984010164316,0.02,159,10,137
cast19,rr,60,0.02,uniform,144,2019,954,0,0,0.0019390196948500527,0.3233351003704598,0.02704707647892346,0.025807989525094784,0.018060980305149948,159,9,124
cast19,rr,60,0.02,uniform_nz,144,2007,954,1,0,0.0019390196948500527,0.08254477962644263,0.02704707647892346,0.025807989525094784,0.018060980305149948,159,9,124
cast19,rr,60,0.02,weighted,144,1985,954,1,0,0.0019390196948500527,0.02704707647892346,0.02704707647892346,0.025807989525094784,0.018060980305149948,159,9,124
cast19,rr,60,0.02,active_judge,144,2026,954,0,0,0.0019390196948500527,0.05459923339659852,0.02704707647892346,0.025807989525094784,0.018060980305149948,159,9,124
cast19,rr,60,0.02,strat_pilot,144,2021,954,1,0,0.0019390196948500527,0.02689917774333699,0.02704707647892346,0.025807989525094784,0.018060980305149948,159,9,124
cast19,rr,60,0.02,weighted_cv,144,2024,954,1,0,0.0019390196948500527,0.027702779028191855,0.02704707647892346,0.025807989525094784,0.018060980305149948,159,9,124
cast19,rr,60,0.02,active_cv,144,2033,954,0,0,0.0019390196948500527,0.04768282547645947,0.02704707647892346,0.025807989525094784,0.018060980305149948,159,9,124
cast19,rr,60,0.02,weighted_cvl,144,2019,954,1,0,0.0019390196948500527,0.01320390172746432,0.02704707647892346,0.025807989525094784,0.018060980305149948,159,9,124
cast19,rr,60,0.02,uniform,145,2015,947,1,0,0.002707449088002356,0.3524491902702931,0.04522932619533824,0.009068487505524777,0.017292550911997644,159,9,123
cast19,rr,60,0.02,uniform_nz,145,2000,947,0,0,0.002707449088002356,0.11895638700025472,0.04522932619533824,0.009068487505524777,0.017292550911997644,159,9,123
cast19,rr,60,0.02,weighted,145,1992,947,1,0,0.002707449088002356,0.04522932619533824,0.04522932619533824,0.009068487505524777,0.017292550911997644,159,9,123
cast19,rr,60,0.02,active_judge,145,2017,947,0,0,0.002707449088002356,0.0994208732281586,0.04522932619533824,0.009068487505524777,0.017292550911997644,159,9,123
cast19,rr,60,0.02,strat_pilot,145,2009,947,1,0,0.002707449088002356,0.04522123932246939,0.04522932619533824,0.009068487505524777,0.017292550911997644,159,9,123
cast19,rr,60,0.02,weighted_cv,145,1989,947,1,0,0.002707449088002356,0.035527841642838065,0.04522932619533824,0.009068487505524777,0.017292550911997644,159,9,123
cast19,rr,60,0.02,active_cv,145,2040,947,0,0,0.002707449088002356,0.05983325331496029,0.04522932619533824,0.009068487505524777,0.017292550911997644,159,9,123
cast19,rr,60,0.02,weighted_cvl,145,1990,947,1,0,0.002707449088002356,0.022465366665860874,0.04522932619533824,0.009068487505524777,0.017292550911997644,159,9,123
cast19,rr,60,0.02,uniform,146,2395,1016,0,0,0.0,0.4970398886695498,0.10165245172089306,0.0343949144704398,0.02,159,10,137
cast19,rr,60,0.02,uniform_nz,146,2361,1016,0,0,0.0,0.23296532615425763,0.10165245172089306,0.0343949144704398,0.02,159,10,137
cast19,rr,60,0.02,weighted,146,2396,1016,1,0,0.0,0.10165245172089306,0.10165245172089306,0.0343949144704398,0.02,159,10,137
cast19,rr,60,0.02,active_judge,146,2422,1016,1,0,0.0,0.20089996468947993,0.10165245172089306,0.0343949144704398,0.02,159,10,137
cast19,rr,60,0.02,strat_pilot,146,2400,1016,1,0,0.0,0.10163388535133333,0.10165245172089306,0.0343949144704398,0.02,159,10,137
cast19,rr,60,0.02,weighted_cv,146,2388,1016,1,0,0.0,0.06316596479487292,0.10165245172089306,0.0343949144704398,0.02,159,10,137
cast19,rr,60,0.02,active_cv,146,2393,1016,1,0,0.0,0.08651045158122551,0.10165245172089306,0.0343949144704398,0.02,159,10,137
cast19,rr,60,0.02,weighted_cvl,146,2348,1016,1,0,0.0,0.05840037147783954,0.10165245172089306,0.0343949144704398,0.02,159,10,137
cast19,rr,60,0.02,uniform,147,2072,975,0,0,0.0,0.09290704775048997,0.02738559736782229,0.046463970970549925,0.02,159,8,137
cast19,rr,60,0.02,uniform_nz,147,2050,975,0,0,0.0,0.03139117088859972,0.02738559736782229,0.046463970970549925,0.02,159,8,137
cast19,rr,60,0.02,weighted,147,2076,975,1,0,0.0,0.02738559736782229,0.02738559736782229,0.046463970970549925,0.02,159,8,137
cast19,rr,60,0.02,active_judge,147,2052,975,0,0,0.0,0.07545781992505805,0.02738559736782229,0.046463970970549925,0.02,159,8,137
cast19,rr,60,0.02,strat_pilot,147,2059,975,1,0,0.0,0.027148243080133343,0.02738559736782229,0.046463970970549925,0.02,159,8,137
cast19,rr,60,0.02,weighted_cv,147,2069,975,1,0,0.0,0.0491579458214599,0.02738559736782229,0.046463970970549925,0.02,159,8,137
cast19,rr,60,0.02,active_cv,147,2101,975,1,0,0.0,0.08165690705180803,0.02738559736782229,0.046463970970549925,0.02,159,8,137
cast19,rr,60,0.02,weighted_cvl,147,2081,975,1,0,0.0,0.04619601509962915,0.02738559736782229,0.046463970970549925,0.02,159,8,137
cast19,rr,60,0.02,uniform,148,2353,1018,0,0,0.0,0.5244052011898812,0.04865873000190239,0.05241291759085204,0.02,159,10,137
cast19,rr,60,0.02,uniform_nz,148,2360,1018,1,0,0.0,0.2891699381093793,0.04865873000190239,0.05241291759085204,0.02,159,10,137
cast19,rr,60,0.02,weighted,148,2410,1018,1,0,0.0,0.04865873000190239,0.04865873000190239,0.05241291759085204,0.02,159,10,137
cast19,rr,60,0.02,active_judge,148,2385,1018,0,0,0.0,0.11813342528516532,0.04865873000190239,0.05241291759085204,0.02,159,10,137
cast19,rr,60,0.02,strat_pilot,148,2387,1018,0,0,0.0,0.04857973978135737,0.04865873000190239,0.05241291759085204,0.02,159,10,137
cast19,rr,60,0.02,weighted_cv,148,2436,1018,1,0,0.0,0.08093905749353017,0.04865873000190239,0.05241291759085204,0.02,159,10,137
cast19,rr,60,0.02,active_cv,148,2348,1018,0,0,0.0,0.11357135981054708,0.04865873000190239,0.05241291759085204,0.02,159,10,137
cast19,rr,60,0.02,weighted_cvl,148,2343,1018,1,0,0.0,0.08093905749353017,0.04865873000190239,0.05241291759085204,0.02,159,10,137
cast19,rr,60,0.02,uniform,149,2340,975,0,0,0.0,0.6476249989066472,0.05561432704478828,0.06302804536937665,0.02,159,10,137
cast19,rr,60,0.02,uniform_nz,149,2345,975,0,0,0.0,0.251741707486258,0.05561432704478828,0.06302804536937665,0.02,159,10,137
cast19,rr,60,0.02,weighted,149,2353,975,1,0,0.0,0.05561432704478828,0.05561432704478828,0.06302804536937665,0.02,159,10,137
cast19,rr,60,0.02,active_judge,149,2346,975,0,0,0.0,0.14109752052784857,0.05561432704478828,0.06302804536937665,0.02,159,10,137
cast19,rr,60,0.02,strat_pilot,149,2358,975,1,0,0.0,0.05563428488151776,0.05561432704478828,0.06302804536937665,0.02,159,10,137
cast19,rr,60,0.02,weighted_cv,149,2314,975,1,0,0.0,0.04494177010202075,0.05561432704478828,0.06302804536937665,0.02,159,10,137
cast19,rr,60,0.02,active_cv,149,2310,975,1,0,0.0,0.06638196997114237,0.05561432704478828,0.06302804536937665,0.02,159,10,137
cast19,rr,60,0.02,weighted_cvl,149,2343,975,1,0,0.0,0.028954140443255783,0.05561432704478828,0.06302804536937665,0.02,159,10,137
cast19,rr,60,0.02,uniform,150,2292,927,0,0,0.0,0.196288079683263,0.0641566536740269,0.041369063204858725,0.02,159,10,137
cast19,rr,60,0.02,uniform_nz,150,2318,927,0,0,0.0,0.0817757578235374,0.0641566536740269,0.041369063204858725,0.02,159,10,137
cast19,rr,60,0.02,weighted,150,2275,927,0,0,0.0,0.0641566536740269,0.0641566536740269,0.041369063204858725,0.02,159,10,137
cast19,rr,60,0.02,active_judge,150,2239,927,0,0,0.0,0.11150999404349753,0.0641566536740269,0.041369063204858725,0.02,159,10,137
cast19,rr,60,0.02,strat_pilot,150,2302,927,0,0,0.0,0.0641486291235953,0.0641566536740269,0.041369063204858725,0.02,159,10,137
cast19,rr,60,0.02,weighted_cv,150,2244,927,1,0,0.0,0.057073880043948276,0.0641566536740269,0.041369063204858725,0.02,159,10,137
cast19,rr,60,0.02,active_cv,150,2278,927,0,0,0.0,0.08304354074435494,0.0641566536740269,0.041369063204858725,0.02,159,10,137
cast19,rr,60,0.02,weighted_cvl,150,2290,927,0,0,0.0,0.04432207637341633,0.0641566536740269,0.041369063204858725,0.02,159,10,137
cast19,rr,60,0.02,uniform,151,2365,1005,0,0,0.0,0.43351207456237956,0.08028262069155097,0.04506141355316884,0.02,159,10,137
cast19,rr,60,0.02,uniform_nz,151,2380,1005,0,0,0.0,0.20837919442849068,0.08028262069155097,0.04506141355316884,0.02,159,10,137
cast19,rr,60,0.02,weighted,151,2349,1005,1,0,0.0,0.08028262069155097,0.08028262069155097,0.04506141355316884,0.02,159,10,137
cast19,rr,60,0.02,active_judge,151,2369,1005,0,0,0.0,0.16701357104640327,0.08028262069155097,0.04506141355316884,0.02,159,10,137
cast19,rr,60,0.02,strat_pilot,151,2333,1005,0,0,0.0,0.08018791592644561,0.08028262069155097,0.04506141355316884,0.02,159,10,137
cast19,rr,60,0.02,weighted_cv,151,2356,1005,1,0,0.0,0.0758301567263859,0.08028262069155097,0.04506141355316884,0.02,159,10,137
cast19,rr,60,0.02,active_cv,151,2361,1005,0,0,0.0,0.1345956133367852,0.08028262069155097,0.04506141355316884,0.02,159,10,137
cast19,rr,60,0.02,weighted_cvl,151,2354,1005,1,0,0.0,0.048622504553084235,0.08028262069155097,0.04506141355316884,0.02,159,10,137
cast19,rr,60,0.02,uniform,152,2777,919,0,0,0.0,0.14393350067386718,0.0723470514631477,0.028795753180428114,0.02,159,14,136
cast19,rr,60,0.02,uniform_nz,152,2810,919,0,0,0.0,0.09462331092998556,0.0723470514631477,0.028795753180428114,0.02,159,14,136
cast19,rr,60,0.02,weighted,152,2758,919,1,0,0.0,0.0723470514631477,0.0723470514631477,0.028795753180428114,0.02,159,14,136
cast19,rr,60,0.02,active_judge,152,2819,919,1,0,0.0,0.18019941408483064,0.0723470514631477,0.028795753180428114,0.02,159,14,136
cast19,rr,60,0.02,strat_pilot,152,2814,919,1,0,0.0,0.07231391931292423,0.0723470514631477,0.028795753180428114,0.02,159,14,136
cast19,rr,60,0.02,weighted_cv,152,2842,919,1,0,0.0,0.07633818377973142,0.0723470514631477,0.028795753180428114,0.02,159,14,136
cast19,rr,60,0.02,active_cv,152,2832,919,1,0,0.0,0.1598612097855239,0.0723470514631477,0.028795753180428114,0.02,159,14,136
cast19,rr,60,0.02,weighted_cvl,152,2821,919,1,0,0.0,0.045855203867528796,0.0723470514631477,0.028795753180428114,0.02,159,14,136
cast19,rr,60,0.02,uniform,153,2839,938,0,0,0.0,0.16614726039186117,0.08221633963521355,0.02560002743102757,0.02,159,14,136
cast19,rr,60,0.02,uniform_nz,153,2848,938,0,0,0.0,0.10352508283716047,0.08221633963521355,0.02560002743102757,0.02,159,14,136
cast19,rr,60,0.02,weighted,153,2886,938,1,0,0.0,0.08221633963521355,0.08221633963521355,0.02560002743102757,0.02,159,14,136
cast19,rr,60,0.02,active_judge,153,2815,938,0,0,0.0,0.17947647838217448,0.08221633963521355,0.02560002743102757,0.02,159,14,136
cast19,rr,60,0.02,strat_pilot,153,2837,938,1,0,0.0,0.0822030654067977,0.08221633963521355,0.02560002743102757,0.02,159,14,136
cast19,rr,60,0.02,weighted_cv,153,2821,938,1,0,0.0,0.09036500551495662,0.08221633963521355,0.02560002743102757,0.02,159,14,136
cast19,rr,60,0.02,active_cv,153,2820,938,1,0,0.0,0.16589280962241465,0.08221633963521355,0.02560002743102757,0.02,159,14,136
cast19,rr,60,0.02,weighted_cvl,153,2863,938,1,0,0.0,0.05843148653548458,0.08221633963521355,0.02560002743102757,0.02,159,14,136
cast19,rr,60,0.02,uniform,154,2380,1043,0,0,0.0,0.35683822133688814,0.07555313104205579,0.03005484575638062,0.02,159,10,138
cast19,rr,60,0.02,uniform_nz,154,2435,1043,1,0,0.0,0.17544683350187876,0.07555313104205579,0.03005484575638062,0.02,159,10,138
cast19,rr,60,0.02,weighted,154,2445,1043,1,0,0.0,0.07555313104205579,0.07555313104205579,0.03005484575638062,0.02,159,10,138
cast19,rr,60,0.02,active_judge,154,2418,1043,1,0,0.0,0.13172036532252557,0.07555313104205579,0.03005484575638062,0.02,159,10,138
cast19,rr,60,0.02,strat_pilot,154,2401,1043,1,0,0.0,0.07557085928917666,0.07555313104205579,0.03005484575638062,0.02,159,10,138
cast19,rr,60,0.02,weighted_cv,154,2439,1043,1,0,0.0,0.04611848950607644,0.07555313104205579,0.03005484575638062,0.02,159,10,138
cast19,rr,60,0.02,active_cv,154,2406,1043,1,0,0.0,0.09041655460654717,0.07555313104205579,0.03005484575638062,0.02,159,10,138
cast19,rr,60,0.02,weighted_cvl,154,2403,1043,1,0,0.0,0.030523116694449737,0.07555313104205579,0.03005484575638062,0.02,159,10,138
cast19,rr,60,0.02,uniform,155,2318,938,0,0,0.0071729954273220264,0.1882597424210148,0.054086576804178665,0.03213155258627397,0.012827004572677974,159,10,137
cast19,rr,60,0.02,uniform_nz,155,2327,938,0,0,0.0071729954273220264,0.10165677780225157,0.054086576804178665,0.03213155258627397,0.012827004572677974,159,10,137
cast19,rr,60,0.02,weighted,155,2338,938,1,0,0.0071729954273220264,0.054086576804178665,0.054086576804178665,0.03213155258627397,0.012827004572677974,159,10,137
cast19,rr,60,0.02,active_judge,155,2298,938,0,0,0.0071729954273220264,0.11925466968986505,0.054086576804178665,0.03213155258627397,0.012827004572677974,159,10,137
cast19,rr,60,0.02,strat_pilot,155,2323,938,0,0,0.0071729954273220264,0.053983031868003996,0.054086576804178665,0.03213155258627397,0.012827004572677974,159,10,137
cast19,rr,60,0.02,weighted_cv,155,2253,938,0,0,0.0071729954273220264,0.06285255488238542,0.054086576804178665,0.03213155258627397,0.012827004572677974,159,10,137
cast19,rr,60,0.02,active_cv,155,2293,938,1,0,0.0071729954273220264,0.14940017470040687,0.054086576804178665,0.03213155258627397,0.012827004572677974,159,10,137
cast19,rr,60,0.02,weighted_cvl,155,2273,938,0,0,0.0071729954273220264,0.057596563466910465,0.054086576804178665,0.03213155258627397,0.012827004572677974,159,10,137
cast19,rr,60,0.02,uniform,156,2409,1028,1,0,0.0,0.22083466094674747,0.05825242039380625,0.03980626026065148,0.02,159,10,137
cast19,rr,60,0.02,uniform_nz,156,2366,1028,1,0,0.0,0.10652608009026343,0.05825242039380625,0.03980626026065148,0.02,159,10,137
cast19,rr,60,0.02,weighted,156,2411,1028,1,0,0.0,0.05825242039380625,0.05825242039380625,0.03980626026065148,0.02,159,10,137
cast19,rr,60,0.02,active_judge,156,2403,1028,1,0,0.0,0.13128862440550684,0.05825242039380625,0.03980626026065148,0.02,159,10,137
cast19,rr,60,0.02,strat_pilot,156,2386,1028,1,0,0.0,0.058190092799824476,0.05825242039380625,0.03980626026065148,0.02,159,10,137
cast19,rr,60,0.02,weighted_cv,156,2391,1028,1,0,0.0,0.05413054723803625,0.05825242039380625,0.03980626026065148,0.02,159,10,137
cast19,rr,60,0.02,active_cv,156,2420,1028,0,0,0.0,0.09826096327711042,0.05825242039380625,0.03980626026065148,0.02,159,10,137
cast19,rr,60,0.02,weighted_cvl,156,2424,1028,1,0,0.0,0.032502344615070525,0.05825242039380625,0.03980626026065148,0.02,159,10,137
cast19,rr,60,0.02,uniform,157,2053,983,0,0,0.0,0.14237705646473847,0.046442163749594076,0.043803045724485346,0.02,159,8,137
cast19,rr,60,0.02,uniform_nz,157,2089,983,1,0,0.0,0.0551067636649228,0.046442163749594076,0.043803045724485346,0.02,159,8,137
cast19,rr,60,0.02,weighted,157,2036,983,1,0,0.0,0.046442163749594076,0.046442163749594076,0.043803045724485346,0.02,159,8,137
cast19,rr,60,0.02,active_judge,157,2053,983,1,0,0.0,0.12840466716912524,0.046442163749594076,0.043803045724485346,0.02,159,8,137
cast19,rr,60,0.02,strat_pilot,157,2032,983,1,0,0.0,0.04632686088993909,0.046442163749594076,0.043803045724485346,0.02,159,8,137
cast19,rr,60,0.02,weighted_cv,157,2071,983,1,0,0.0,0.05679024178137757,0.046442163749594076,0.043803045724485346,0.02,159,8,137
cast19,rr,60,0.02,active_cv,157,2092,983,1,0,0.0,0.08499613206942401,0.046442163749594076,0.043803045724485346,0.02,159,8,137
cast19,rr,60,0.02,weighted_cvl,157,2056,983,1,0,0.0,0.03724369038583872,0.046442163749594076,0.043803045724485346,0.02,159,8,137
cast19,rr,60,0.02,uniform,158,2301,971,1,0,0.0,0.15502069971999516,0.04445047321918643,0.02832080932944104,0.02,159,10,137
cast19,rr,60,0.02,uniform_nz,158,2347,971,1,0,0.0,0.05258129347441515,0.04445047321918643,0.02832080932944104,0.02,159,10,137
cast19,rr,60,0.02,weighted,158,2301,971,1,0,0.0,0.04445047321918643,0.04445047321918643,0.02832080932944104,0.02,159,10,137
cast19,rr,60,0.02,active_judge,158,2363,971,0,0,0.0,0.11235989188350519,0.04445047321918643,0.02832080932944104,0.02,159,10,137
cast19,rr,60,0.02,strat_pilot,158,2371,971,1,0,0.0,0.04426326958983482,0.04445047321918643,0.02832080932944104,0.02,159,10,137
cast19,rr,60,0.02,weighted_cv,158,2333,971,1,0,0.0,0.08080006210547733,0.04445047321918643,0.02832080932944104,0.02,159,10,137
cast19,rr,60,0.02,active_cv,158,2357,971,1,0,0.0,0.1540790826357585,0.04445047321918643,0.02832080932944104,0.02,159,10,137
cast19,rr,60,0.02,weighted_cvl,158,2334,971,1,0,0.0,0.03405798701996963,0.04445047321918643,0.02832080932944104,0.02,159,10,137
cast19,rr,60,0.02,uniform,159,2348,939,0,0,0.0,0.10944352491741802,0.04545006138686782,0.04107658895971589,0.02,159,10,137
cast19,rr,60,0.02,uniform_nz,159,2302,939,1,0,0.0,0.04731622247141902,0.04545006138686782,0.04107658895971589,0.02,159,10,137
cast19,rr,60,0.02,weighted,159,2297,939,1,0,0.0,0.04545006138686782,0.04545006138686782,0.04107658895971589,0.02,159,10,137
cast19,rr,60,0.02,active_judge,159,2346,939,1,0,0.0,0.09946634367248605,0.04545006138686782,0.04107658895971589,0.02,159,10,137
cast19,rr,60,0.02,strat_pilot,159,2276,939,1,0,0.0,0.045441479211334096,0.04545006138686782,0.04107658895971589,0.02,159,10,137
cast19,rr,60,0.02,weighted_cv,159,2325,939,1,0,0.0,0.07370902421611794,0.04545006138686782,0.04107658895971589,0.02,159,10,137
cast19,rr,60,0.02,active_cv,159,2284,939,0,0,0.0,0.13118468381821877,0.04545006138686782,0.04107658895971589,0.02,159,10,137
cast19,rr,60,0.02,weighted_cvl,159,2317,939,1,0,0.0,0.03761617431362342,0.04545006138686782,0.04107658895971589,0.02,159,10,137
cast19,rr,60,0.02,uniform,160,2033,971,0,0,0.0,0.0746665933826191,0.024345612802289064,0.018359637653368302,0.02,159,8,138
cast19,rr,60,0.02,uniform_nz,160,2019,971,0,0,0.0,0.028481117121465106,0.024345612802289064,0.018359637653368302,0.02,159,8,138
cast19,rr,60,0.02,weighted,160,2079,971,1,0,0.0,0.024345612802289064,0.024345612802289064,0.018359637653368302,0.02,159,8,138
cast19,rr,60,0.02,active_judge,160,2070,971,1,0,0.0,0.0529880831025602,0.024345612802289064,0.018359637653368302,0.02,159,8,138
cast19,rr,60,0.02,strat_pilot,160,2051,971,1,0,0.0,0.024391911206318735,0.024345612802289064,0.018359637653368302,0.02,159,8,138
cast19,rr,60,0.02,weighted_cv,160,2054,971,0,0,0.0,0.024926551393377547,0.024345612802289064,0.018359637653368302,0.02,159,8,138
cast19,rr,60,0.02,active_cv,160,2022,971,1,0,0.0,0.038909679927846316,0.024345612802289064,0.018359637653368302,0.02,159,8,138
cast19,rr,60,0.02,weighted_cvl,160,2067,971,1,0,0.0,0.016274091851498907,0.024345612802289064,0.018359637653368302,0.02,159,8,138
cast19,rr,60,0.02,uniform,161,2122,978,0,0,0.0,0.08040659327680359,0.024377668181797145,0.03623202734657843,0.02,159,9,125
cast19,rr,60,0.02,uniform_nz,161,2064,978,0,0,0.0,0.02822599770966606,0.024377668181797145,0.03623202734657843,0.02,159,9,125
cast19,rr,60,0.02,weighted,161,2059,978,0,0,0.0,0.024377668181797145,0.024377668181797145,0.03623202734657843,0.02,159,9,125
cast19,rr,60,0.02,active_judge,161,2071,978,1,0,0.0,0.06540412514222205,0.024377668181797145,0.03623202734657843,0.02,159,9,125
cast19,rr,60,0.02,strat_pilot,161,2065,978,0,0,0.0,0.02397815730564037,0.024377668181797145,0.03623202734657843,0.02,159,9,125
cast19,rr,60,0.02,weighted_cv,161,2087,978,1,0,0.0,0.04103875403788977,0.024377668181797145,0.03623202734657843,0.02,159,9,125
cast19,rr,60,0.02,active_cv,161,2079,978,1,0,0.0,0.06388195670250649,0.024377668181797145,0.03623202734657843,0.02,159,9,125
cast19,rr,60,0.02,weighted_cvl,161,2111,978,0,0,0.0,0.03779509962226039,0.024377668181797145,0.03623202734657843,0.02,159,9,125
cast19,rr,60,0.02,uniform,162,2881,943,0,0,0.0,0.2500697291007461,0.11080958146333283,0.02995011990648383,0.02,159,14,136
cast19,rr,60,0.02,uniform_nz,162,2821,943,1,0,0.0,0.1655604701728441,0.11080958146333283,0.02995011990648383,0.02,159,14,136
cast19,rr,60,0.02,weighted,162,2828,943,1,0,0.0,0.11080958146333283,0.11080958146333283,0.02995011990648383,0.02,159,14,136
cast19,rr,60,0.02,active_judge,162,2851,943,0,0,0.0,0.23778404739888623,0.11080958146333283,0.02995011990648383,0.02,159,14,136
cast19,rr,60,0.02,strat_pilot,162,2856,943,1,0,0.0,0.1108016759349065,0.11080958146333283,0.02995011990648383,0.02,159,14,136
cast19,rr,60,0.02,weighted_cv,162,2840,943,1,0,0.0,0.12583621955418794,0.11080958146333283,0.02995011990648383,0.02,159,14,136
cast19,rr,60,0.02,active_cv,162,2824,943,1,0,0.0,0.16969972935805594,0.11080958146333283,0.02995011990648383,0.02,159,14,136
cast19,rr,60,0.02,weighted_cvl,162,2871,943,1,0,0.0,0.09260323935163316,0.11080958146333283,0.02995011990648383,0.02,159,14,136
cast19,rr,60,0.02,uniform,163,2406,998,0,0,0.011759323896290919,0.1310835157461715,0.043676237380181906,0.045222721405215674,0.008240676103709082,159,10,137
cast19,rr,60,0.02,uniform_nz,163,2369,998,0,0,0.011759323896290919,0.05039289906380571,0.043676237380181906,0.045222721405215674,0.008240676103709082,159,10,137
cast19,rr,60,0.02,weighted,163,2370,998,0,0,0.011759323896290919,0.043676237380181906,0.043676237380181906,0.045222721405215674,0.008240676103709082,159,10,137
cast19,rr,60,0.02,active_judge,163,2314,998,0,0,0.011759323896290919,0.08473522811075893,0.043676237380181906,0.045222721405215674,0.008240676103709082,159,10,137
cast19,rr,60,0.02,strat_pilot,163,2349,998,1,0,0.011759323896290919,0.043652517767999596,0.043676237380181906,0.045222721405215674,0.008240676103709082,159,10,137
cast19,rr,60,0.02,weighted_cv,163,2351,998,0,0,0.011759323896290919,0.03545434081233265,0.043676237380181906,0.045222721405215674,0.008240676103709082,159,10,137
cast19,rr,60,0.02,active_cv,163,2349,998,0,0,0.011759323896290919,0.05733093317862603,0.043676237380181906,0.045222721405215674,0.008240676103709082,159,10,137
cast19,rr,60,0.02,weighted_cvl,163,2351,998,1,0,0.011759323896290919,0.030333567296399893,0.043676237380181906,0.045222721405215674,0.008240676103709082,159,10,137
cast19,rr,60,0.02,uniform,164,2377,963,0,0,0.0,0.414393956519519,0.07575657578766695,0.030034152157873376,0.02,159,10,137
cast19,rr,60,0.02,uniform_nz,164,2363,963,1,0,0.0,0.18186755171723684,0.07575657578766695,0.030034152157873376,0.02,159,10,137
cast19,rr,60,0.02,weighted,164,2381,963,0,0,0.0,0.07575657578766695,0.07575657578766695,0.030034152157873376,0.02,159,10,137
cast19,rr,60,0.02,active_judge,164,2316,963,0,0,0.0,0.19102052115699236,0.07575657578766695,0.030034152157873376,0.02,159,10,137
cast19,rr,60,0.02,strat_pilot,164,2317,963,1,0,0.0,0.07567950794281662,0.07575657578766695,0.030034152157873376,0.02,159,10,137
cast19,rr,60,0.02,weighted_cv,164,2302,963,0,0,0.0,0.06485090181195664,0.07575657578766695,0.030034152157873376,0.02,159,10,137
cast19,rr,60,0.02,active_cv,164,2322,963,1,0,0.0,0.08807792604379183,0.07575657578766695,0.030034152157873376,0.02,159,10,137
cast19,rr,60,0.02,weighted_cvl,164,2366,963,1,0,0.0,0.06485090181195664,0.07575657578766695,0.030034152157873376,0.02,159,10,137
cast19,rr,60,0.02,uniform,165,2093,1040,0,0,0.007641378374385166,0.17921506381319843,0.03744396041545629,0.019156497742024062,0.012358621625614834,159,9,124
cast19,rr,60,0.02,uniform_nz,165,2123,1040,0,0,0.007641378374385166,0.043122685757662274,0.03744396041545629,0.019156497742024062,0.012358621625614834,159,9,124
cast19,rr,60,0.02,weighted,165,2133,1040,0,0,0.007641378374385166,0.03744396041545629,0.03744396041545629,0.019156497742024062,0.012358621625614834,159,9,124
cast19,rr,60,0.02,active_judge,165,2111,1040,0,0,0.007641378374385166,0.08234651745121312,0.03744396041545629,0.019156497742024062,0.012358621625614834,159,9,124
cast19,rr,60,0.02,strat_pilot,165,2117,1040,1,0,0.007641378374385166,0.037383583848229526,0.03744396041545629,0.019156497742024062,0.012358621625614834,159,9,124
cast19,rr,60,0.02,weighted_cv,165,2114,1040,0,0,0.007641378374385166,0.06352291761827676,0.03744396041545629,0.019156497742024062,0.012358621625614834,159,9,124
cast19,rr,60,0.02,active_cv,165,2124,1040,0,0,0.007641378374385166,0.11058977219902837,0.03744396041545629,0.019156497742024062,0.012358621625614834,159,9,124
cast19,rr,60,0.02,weighted_cvl,165,2122,1040,1,0,0.007641378374385166,0.02386678381225609,0.03744396041545629,0.019156497742024062,0.012358621625614834,159,9,124
cast19,rr,60,0.02,uniform,166,2321,944,0,0,0.05210854108064328,0.2949432725932507,0.045777178513912005,0.012224565844188663,-0.032108541080643274,159,10,137
cast19,rr,60,0.02,uniform_nz,166,2324,944,0,0,0.05210854108064328,0.16331778705684874,0.045777178513912005,0.012224565844188663,-0.032108541080643274,159,10,137
cast19,rr,60,0.02,weighted,166,2326,944,0,0,0.05210854108064328,0.045777178513912005,0.045777178513912005,0.012224565844188663,-0.032108541080643274,159,10,137
cast19,rr,60,0.02,active_judge,166,2328,944,0,0,0.05210854108064328,0.11303336256304444,0.045777178513912005,0.012224565844188663,-0.032108541080643274,159,10,137
cast19,rr,60,0.02,strat_pilot,166,2333,944,0,0,0.05210854108064328,0.04580098396713621,0.045777178513912005,0.012224565844188663,-0.032108541080643274,159,10,137
cast19,rr,60,0.02,weighted_cv,166,2287,944,0,0,0.05210854108064328,0.06925772211214479,0.045777178513912005,0.012224565844188663,-0.032108541080643274,159,10,137
cast19,rr,60,0.02,active_cv,166,2311,944,0,0,0.05210854108064328,0.15938889121904232,0.045777178513912005,0.012224565844188663,-0.032108541080643274,159,10,137
cast19,rr,60,0.02,weighted_cvl,166,2318,944,0,0,0.05210854108064328,0.037581773349658114,0.045777178513912005,0.012224565844188663,-0.032108541080643274,159,10,137
cast19,rr,60,0.02,uniform,167,2082,954,0,0,0.016402982187636528,0.10053139099164246,0.029075130759486634,0.022587269498647203,0.0035970178123634726,159,8,137
cast19,rr,60,0.02,uniform_nz,167,2048,954,0,0,0.016402982187636528,0.032270717962010566,0.029075130759486634,0.022587269498647203,0.0035970178123634726,159,8,137
cast19,rr,60,0.02,weighted,167,2008,954,0,0,0.016402982187636528,0.029075130759486634,0.029075130759486634,0.022587269498647203,0.0035970178123634726,159,8,137
cast19,rr,60,0.02,active_judge,167,2018,954,0,0,0.016402982187636528,0.05601692492817094,0.029075130759486634,0.022587269498647203,0.0035970178123634726,159,8,137
cast19,rr,60,0.02,strat_pilot,167,1993,954,0,0,0.016402982187636528,0.029008120301071007,0.029075130759486634,0.022587269498647203,0.0035970178123634726,159,8,137
cast19,rr,60,0.02,weighted_cv,167,1989,954,0,0,0.016402982187636528,0.02675076607248893,0.029075130759486634,0.022587269498647203,0.0035970178123634726,159,8,137
cast19,rr,60,0.02,active_cv,167,2032,954,0,0,0.016402982187636528,0.055969622523254235,0.029075130759486634,0.022587269498647203,0.0035970178123634726,159,8,137
cast19,rr,60,0.02,weighted_cvl,167,1997,954,0,0,0.016402982187636528,0.015368575294895256,0.029075130759486634,0.022587269498647203,0.0035970178123634726,159,8,137
cast19,rr,60,0.02,uniform,168,2993,1061,0,0,0.010925842030038435,0.20521295932413644,0.07215089351792053,0.046257226407656796,0.009074157969961565,159,14,136
cast19,rr,60,0.02,uniform_nz,168,2930,1061,0,0,0.010925842030038435,0.1441678939099355,0.07215089351792053,0.046257226407656796,0.009074157969961565,159,14,136
cast19,rr,60,0.02,weighted,168,2967,1061,0,0,0.010925842030038435,0.07215089351792053,0.07215089351792053,0.046257226407656796,0.009074157969961565,159,14,136
cast19,rr,60,0.02,active_judge,168,2990,1061,0,0,0.010925842030038435,0.14119221759520437,0.07215089351792053,0.046257226407656796,0.009074157969961565,159,14,136
cast19,rr,60,0.02,strat_pilot,168,2987,1061,0,0,0.010925842030038435,0.07215268651589997,0.07215089351792053,0.046257226407656796,0.009074157969961565,159,14,136
cast19,rr,60,0.02,weighted_cv,168,2997,1061,0,0,0.010925842030038435,0.09924521018151869,0.07215089351792053,0.046257226407656796,0.009074157969961565,159,14,136
cast19,rr,60,0.02,active_cv,168,2963,1061,0,0,0.010925842030038435,0.19312407033889764,0.07215089351792053,0.046257226407656796,0.009074157969961565,159,14,136
cast19,rr,60,0.02,weighted_cvl,168,2953,1061,0,0,0.010925842030038435,0.0672593795154978,0.07215089351792053,0.046257226407656796,0.009074157969961565,159,14,136
cast19,rr,60,0.02,uniform,169,2360,977,0,0,0.0,0.26083607056936964,0.0754344877844866,0.053524641222783664,0.02,159,10,138
cast19,rr,60,0.02,uniform_nz,169,2289,977,0,0,0.0,0.11562638759989921,0.0754344877844866,0.053524641222783664,0.02,159,10,138
cast19,rr,60,0.02,weighted,169,2361,977,1,0,0.0,0.0754344877844866,0.0754344877844866,0.053524641222783664,0.02,159,10,138
cast19,rr,60,0.02,active_judge,169,2351,977,1,0,0.0,0.16396805815518128,0.0754344877844866,0.053524641222783664,0.02,159,10,138
cast19,rr,60,0.02,strat_pilot,169,2323,977,1,0,0.0,0.07561908332352979,0.0754344877844866,0.053524641222783664,0.02,159,10,138
cast19,rr,60,0.02,weighted_cv,169,2347,977,1,0,0.0,0.10330367748884481,0.0754344877844866,0.053524641222783664,0.02,159,10,138
cast19,rr,60,0.02,active_cv,169,2364,977,1,0,0.0,0.163324625416916,0.0754344877844866,0.053524641222783664,0.02,159,10,138
cast19,rr,60,0.02,weighted_cvl,169,2352,977,1,0,0.0,0.052145043468055596,0.0754344877844866,0.053524641222783664,0.02,159,10,138
cast19,rr,60,0.02,uniform,170,2119,945,0,0,0.005882053198852377,0.8961477789152308,0.07875722970638287,0.06390931013020125,0.014117946801147623,159,9,129
cast19,rr,60,0.02,uniform_nz,170,2066,945,0,0,0.005882053198852377,0.3584410294196424,0.07875722970638287,0.06390931013020125,0.014117946801147623,159,9,129
cast19,rr,60,0.02,weighted,170,2107,945,1,0,0.005882053198852377,0.07875722970638287,0.07875722970638287,0.06390931013020125,0.014117946801147623,159,9,129
cast19,rr,60,0.02,active_judge,170,2060,945,0,0,0.005882053198852377,0.20593635946639655,0.07875722970638287,0.06390931013020125,0.014117946801147623,159,9,129
cast19,rr,60,0.02,strat_pilot,170,2082,945,1,0,0.005882053198852377,0.07872711853694066,0.07875722970638287,0.06390931013020125,0.014117946801147623,159,9,129
cast19,rr,60,0.02,weighted_cv,170,2049,945,0,0,0.005882053198852377,0.061179048509052016,0.07875722970638287,0.06390931013020125,0.014117946801147623,159,9,129
cast19,rr,60,0.02,active_cv,170,2079,945,0,0,0.005882053198852377,0.0731790301577172,0.07875722970638287,0.06390931013020125,0.014117946801147623,159,9,129
cast19,rr,60,0.02,weighted_cvl,170,2104,945,0,0,0.005882053198852377,0.039451627634282255,0.07875722970638287,0.06390931013020125,0.014117946801147623,159,9,129
cast19,rr,60,0.02,uniform,171,2363,962,0,0,0.007699542318434616,0.20539885493041687,0.06054284144329616,0.051551705084212834,0.012300457681565385,159,10,137
cast19,rr,60,0.02,uniform_nz,171,2327,962,0,0,0.007699542318434616,0.0855779270895739,0.06054284144329616,0.051551705084212834,0.012300457681565385,159,10,137
cast19,rr,60,0.02,weighted,171,2347,962,1,0,0.007699542318434616,0.06054284144329616,0.06054284144329616,0.051551705084212834,0.012300457681565385,159,10,137
cast19,rr,60,0.02,active_judge,171,2338,962,0,0,0.007699542318434616,0.17448419477337293,0.06054284144329616,0.051551705084212834,0.012300457681565385,159,10,137
cast19,rr,60,0.02,strat_pilot,171,2267,962,0,0,0.007699542318434616,0.06037538711221977,0.06054284144329616,0.051551705084212834,0.012300457681565385,159,10,137
cast19,rr,60,0.02,weighted_cv,171,2328,962,0,0,0.007699542318434616,0.04905562519864665,0.06054284144329616,0.051551705084212834,0.012300457681565385,159,10,137
cast19,rr,60,0.02,active_cv,171,2297,962,0,0,0.007699542318434616,0.07073226567632798,0.06054284144329616,0.051551705084212834,0.012300457681565385,159,10,137
cast19,rr,60,0.02,weighted_cvl,171,2307,962,0,0,0.007699542318434616,0.03096906618501919,0.06054284144329616,0.051551705084212834,0.012300457681565385,159,10,137
cast19,rr,60,0.02,uniform,172,2409,1018,0,0,0.0,0.6860805585603738,0.07173285428656577,0.05499277275012568,0.02,159,10,137
cast19,rr,60,0.02,uniform_nz,172,2353,1018,0,0,0.0,0.2779405057092231,0.07173285428656577,0.05499277275012568,0.02,159,10,137
cast19,rr,60,0.02,weighted,172,2320,1018,1,0,0.0,0.07173285428656577,0.07173285428656577,0.05499277275012568,0.02,159,10,137
cast19,rr,60,0.02,active_judge,172,2330,1018,1,0,0.0,0.1529126922056596,0.07173285428656577,0.05499277275012568,0.02,159,10,137
cast19,rr,60,0.02,strat_pilot,172,2418,1018,1,0,0.0,0.07171310345825774,0.07173285428656577,0.05499277275012568,0.02,159,10,137
cast19,rr,60,0.02,weighted_cv,172,2375,1018,1,0,0.0,0.039778807019248776,0.07173285428656577,0.05499277275012568,0.02,159,10,137
cast19,rr,60,0.02,active_cv,172,2386,1018,0,0,0.0,0.05400542210479509,0.07173285428656577,0.05499277275012568,0.02,159,10,137
cast19,rr,60,0.02,weighted_cvl,172,2413,1018,1,0,0.0,0.036310130749441206,0.07173285428656577,0.05499277275012568,0.02,159,10,137
cast19,rr,60,0.02,uniform,173,2327,989,0,0,0.0034284001559796162,0.39329919539756675,0.07879860527324918,0.06989694679432532,0.016571599844020384,159,10,137
cast19,rr,60,0.02,uniform_nz,173,2327,989,0,0,0.0034284001559796162,0.19727737166394982,0.07879860527324918,0.06989694679432532,0.016571599844020384,159,10,137
cast19,rr,60,0.02,weighted,173,2378,989,0,0,0.0034284001559796162,0.07879860527324918,0.07879860527324918,0.06989694679432532,0.016571599844020384,159,10,137
cast19,rr,60,0.02,active_judge,173,2414,989,1,0,0.0034284001559796162,0.1452036926489653,0.07879860527324918,0.06989694679432532,0.016571599844020384,159,10,137
cast19,rr,60,0.02,strat_pilot,173,2359,989,0,0,0.0034284001559796162,0.07863648157944422,0.07879860527324918,0.06989694679432532,0.016571599844020384,159,10,137
cast19,rr,60,0.02,weighted_cv,173,2342,989,0,0,0.0034284001559796162,0.10321421569050768,0.07879860527324918,0.06989694679432532,0.016571599844020384,159,10,137
cast19,rr,60,0.02,active_cv,173,2338,989,0,0,0.0034284001559796162,0.14352265898200506,0.07879860527324918,0.06989694679432532,0.016571599844020384,159,10,137
cast19,rr,60,0.02,weighted_cvl,173,2390,989,0,0,0.0034284001559796162,0.0480733598777738,0.07879860527324918,0.06989694679432532,0.016571599844020384,159,10,137
cast19,rr,60,0.02,uniform,174,2375,1014,1,0,0.0,0.5194369299354391,0.09660851499678953,0.041422250020934234,0.02,159,11,126
cast19,rr,60,0.02,uniform_nz,174,2399,1014,1,0,0.0,0.22411331737847734,0.09660851499678953,0.041422250020934234,0.02,159,11,126
cast19,rr,60,0.02,weighted,174,2398,1014,1,0,0.0,0.09660851499678953,0.09660851499678953,0.041422250020934234,0.02,159,11,126
cast19,rr,60,0.02,active_judge,174,2376,1014,1,0,0.0,0.1751841884666258,0.09660851499678953,0.041422250020934234,0.02,159,11,126
cast19,rr,60,0.02,strat_pilot,174,2366,1014,1,0,0.0,0.09662171626280402,0.09660851499678953,0.041422250020934234,0.02,159,11,126
cast19,rr,60,0.02,weighted_cv,174,2415,1014,1,0,0.0,0.0802458632679762,0.09660851499678953,0.041422250020934234,0.02,159,11,126
cast19,rr,60,0.02,active_cv,174,2362,1014,1,0,0.0,0.11713609807398932,0.09660851499678953,0.041422250020934234,0.02,159,11,126
cast19,rr,60,0.02,weighted_cvl,174,2396,1014,1,0,0.0,0.05868575862659975,0.09660851499678953,0.041422250020934234,0.02,159,11,126
cast19,rr,60,0.02,uniform,175,2360,972,1,0,0.007249014244651686,0.1322844066375199,0.04891484156670463,0.043645243598551584,0.012750985755348315,159,10,137
cast19,rr,60,0.02,uniform_nz,175,2330,972,0,0,0.007249014244651686,0.05624896496944011,0.04891484156670463,0.043645243598551584,0.012750985755348315,159,10,137
cast19,rr,60,0.02,weighted,175,2400,972,0,0,0.007249014244651686,0.04891484156670463,0.04891484156670463,0.043645243598551584,0.012750985755348315,159,10,137
cast19,rr,60,0.02,active_judge,175,2356,972,0,0,0.007249014244651686,0.15044748797703056,0.04891484156670463,0.043645243598551584,0.012750985755348315,159,10,137
cast19,rr,60,0.02,strat_pilot,175,2347,972,0,0,0.007249014244651686,0.04870282908506211,0.04891484156670463,0.043645243598551584,0.012750985755348315,159,10,137
cast19,rr,60,0.02,weighted_cv,175,2329,972,1,0,0.007249014244651686,0.051782488387760714,0.04891484156670463,0.043645243598551584,0.012750985755348315,159,10,137
cast19,rr,60,0.02,active_cv,175,2357,972,0,0,0.007249014244651686,0.07771720862553308,0.04891484156670463,0.043645243598551584,0.012750985755348315,159,10,137
cast19,rr,60,0.02,weighted_cvl,175,2307,972,0,0,0.007249014244651686,0.051782488387760714,0.04891484156670463,0.043645243598551584,0.012750985755348315,159,10,137
cast19,rr,60,0.02,uniform,176,2140,954,0,0,0.0,0.1187615601541363,0.0360417009961976,0.03255718159549429,0.02,159,9,130
cast19,rr,60,0.02,uniform_nz,176,2108,954,0,0,0.0,0.040032674878959076,0.0360417009961976,0.03255718159549429,0.02,159,9,130
cast19,rr,60,0.02,weighted,176,2112,954,1,0,0.0,0.0360417009961976,0.0360417009961976,0.03255718159549429,0.02,159,9,130
cast19,rr,60,0.02,active_judge,176,2087,954,0,0,0.0,0.07235276806407179,0.0360417009961976,0.03255718159549429,0.02,159,9,130
cast19,rr,60,0.02,strat_pilot,176,2127,954,0,0,0.0,0.03582410105646473,0.0360417009961976,0.03255718159549429,0.02,159,9,130
cast19,rr,60,0.02,weighted_cv,176,2114,954,1,0,0.0,0.021979272212980554,0.0360417009961976,0.03255718159549429,0.02,159,9,130
cast19,rr,60,0.02,active_cv,176,2090,954,1,0,0.0,0.037779896357112944,0.0360417009961976,0.03255718159549429,0.02,159,9,130
cast19,rr,60,0.02,weighted_cvl,176,2089,954,1,0,0.0,0.02032058897040039,0.0360417009961976,0.03255718159549429,0.02,159,9,130
cast19,rr,60,0.02,uniform,177,2321,918,0,0,0.0,0.16938386770760666,0.058292289486817625,0.0213518050147307,0.02,159,10,137
cast19,rr,60,0.02,uniform_nz,177,2302,918,1,0,0.0,0.08031293633607539,0.058292289486817625,0.0213518050147307,0.02,159,10,137
cast19,rr,60,0.02,weighted,177,2308,918,1,0,0.0,0.058292289486817625,0.058292289486817625,0.0213518050147307,0.02,159,10,137
cast19,rr,60,0.02,active_judge,177,2294,918,1,0,0.0,0.18054429102166408,0.058292289486817625,0.0213518050147307,0.02,159,10,137
cast19,rr,60,0.02,strat_pilot,177,2302,918,1,0,0.0,0.05828482110703914,0.058292289486817625,0.0213518050147307,0.02,159,10,137
cast19,rr,60,0.02,weighted_cv,177,2306,918,1,0,0.0,0.07670279886695613,0.058292289486817625,0.0213518050147307,0.02,159,10,137
cast19,rr,60,0.02,active_cv,177,2316,918,1,0,0.0,0.118605026935647,0.058292289486817625,0.0213518050147307,0.02,159,10,137
cast19,rr,60,0.02,weighted_cvl,177,2320,918,1,0,0.0,0.04635656130032917,0.058292289486817625,0.0213518050147307,0.02,159,10,137
cast19,rr,60,0.02,uniform,178,2370,967,0,0,0.0,0.09770700571654219,0.036702865705515966,0.03293097923509788,0.02,159,10,137
cast19,rr,60,0.02,uniform_nz,178,2356,967,0,0,0.0,0.043041177454352306,0.036702865705515966,0.03293097923509788,0.02,159,10,137
cast19,rr,60,0.02,weighted,178,2360,967,0,0,0.0,0.036702865705515966,0.036702865705515966,0.03293097923509788,0.02,159,10,137
cast19,rr,60,0.02,active_judge,178,2349,967,0,0,0.0,0.08745446511526007,0.036702865705515966,0.03293097923509788,0.02,159,10,137
cast19,rr,60,0.02,strat_pilot,178,2337,967,0,0,0.0,0.03647939960220046,0.036702865705515966,0.03293097923509788,0.02,159,10,137
cast19,rr,60,0.02,weighted_cv,178,2307,967,1,0,0.0,0.03873941532034201,0.036702865705515966,0.03293097923509788,0.02,159,10,137
cast19,rr,60,0.02,active_cv,178,2299,967,1,0,0.0,0.05902701884533521,0.036702865705515966,0.03293097923509788,0.02,159,10,137
cast19,rr,60,0.02,weighted_cvl,178,2333,967,0,0,0.0,0.02150135973511787,0.036702865705515966,0.03293097923509788,0.02,159,10,137
cast19,rr,60,0.02,uniform,179,2443,1049,0,0,0.0,0.6686101618424292,0.08473936607249885,0.06090124644571107,0.02,159,10,137
cast19,rr,60,0.02,uniform_nz,179,2436,1049,0,0,0.0,0.3281234455773042,0.08473936607249885,0.06090124644571107,0.02,159,10,137
cast19,rr,60,0.02,weighted,179,2395,1049,1,0,0.0,0.08473936607249885,0.08473936607249885,0.06090124644571107,0.02,159,10,137
cast19,rr,60,0.02,active_judge,179,2402,1049,0,0,0.0,0.16478107661143912,0.08473936607249885,0.06090124644571107,0.02,159,10,137
cast19,rr,60,0.02,strat_pilot,179,2368,1049,1,0,0.0,0.0846917080920769,0.08473936607249885,0.06090124644571107,0.02,159,10,137
cast19,rr,60,0.02,weighted_cv,179,2366,1049,1,0,0.0,0.11241628783489657,0.08473936607249885,0.06090124644571107,0.02,159,10,137
cast19,rr,60,0.02,active_cv,179,2401,1049,1,0,0.0,0.19693061478121926,0.08473936607249885,0.06090124644571107,0.02,159,10,137
cast19,rr,60,0.02,weighted_cvl,179,2394,1049,1,0,0.0,0.06362323642927485,0.08473936607249885,0.06090124644571107,0.02,159,10,137
cast19,rr,60,0.02,uniform,180,2137,981,0,0,0.005882053198852377,1.049553342320425,0.06347584785916623,0.07547186423540914,0.014117946801147623,159,9,128
cast19,rr,60,0.02,uniform_nz,180,2085,981,0,0,0.005882053198852377,0.3635085207667007,0.06347584785916623,0.07547186423540914,0.014117946801147623,159,9,128
cast19,rr,60,0.02,weighted,180,2108,981,1,0,0.005882053198852377,0.06347584785916623,0.06347584785916623,0.07547186423540914,0.014117946801147623,159,9,128
cast19,rr,60,0.02,active_judge,180,2093,981,0,0,0.005882053198852377,0.13263688197977755,0.06347584785916623,0.07547186423540914,0.014117946801147623,159,9,128
cast19,rr,60,0.02,strat_pilot,180,2091,981,0,0,0.005882053198852377,0.06347649850192649,0.06347584785916623,0.07547186423540914,0.014117946801147623,159,9,128
cast19,rr,60,0.02,weighted_cv,180,2096,981,1,0,0.005882053198852377,0.059160253370695595,0.06347584785916623,0.07547186423540914,0.014117946801147623,159,9,128
cast19,rr,60,0.02,active_cv,180,2094,981,0,0,0.005882053198852377,0.07989870157897876,0.06347584785916623,0.07547186423540914,0.014117946801147623,159,9,128
cast19,rr,60,0.02,weighted_cvl,180,2119,981,1,0,0.005882053198852377,0.046903490225094366,0.06347584785916623,0.07547186423540914,0.014117946801147623,159,9,128
cast19,rr,60,0.02,uniform,181,2116,1012,0,0,0.008563041676616034,0.197154287153482,0.053445115911321416,0.03054523595313069,0.011436958323383966,159,9,123
cast19,rr,60,0.02,uniform_nz,181,2059,1012,0,0,0.008563041676616034,0.05977049791874632,0.053445115911321416,0.03054523595313069,0.011436958323383966,159,9,123
cast19,rr,60,0.02,weighted,181,2058,1012,0,0,0.008563041676616034,0.053445115911321416,0.053445115911321416,0.03054523595313069,0.011436958323383966,159,9,123
cast19,rr,60,0.02,active_judge,181,2048,1012,0,0,0.008563041676616034,0.13009975975361826,0.053445115911321416,0.03054523595313069,0.011436958323383966,159,9,123
cast19,rr,60,0.02,strat_pilot,181,2075,1012,0,0,0.008563041676616034,0.05340858363566499,0.053445115911321416,0.03054523595313069,0.011436958323383966,159,9,123
cast19,rr,60,0.02,weighted_cv,181,2128,1012,0,0,0.008563041676616034,0.05536240753911355,0.053445115911321416,0.03054523595313069,0.011436958323383966,159,9,123
cast19,rr,60,0.02,active_cv,181,2101,1012,0,0,0.008563041676616034,0.08455571010512733,0.053445115911321416,0.03054523595313069,0.011436958323383966,159,9,123
cast19,rr,60,0.02,weighted_cvl,181,2053,1012,0,0,0.008563041676616034,0.05536240753911355,0.053445115911321416,0.03054523595313069,0.011436958323383966,159,9,123
cast19,rr,60,0.02,uniform,182,2763,947,1,0,0.0,0.3727701353708977,0.10633309912459872,0.03208112130362769,0.02,159,14,136
cast19,rr,60,0.02,uniform_nz,182,2851,947,1,0,0.0,0.27233115468410346,0.10633309912459872,0.03208112130362769,0.02,159,14,136
cast19,rr,60,0.02,weighted,182,2884,947,1,0,0.0,0.10633309912459872,0.10633309912459872,0.03208112130362769,0.02,159,14,136
cast19,rr,60,0.02,active_judge,182,2863,947,1,0,0.0,0.21600870649236975,0.10633309912459872,0.03208112130362769,0.02,159,14,136
cast19,rr,60,0.02,strat_pilot,182,2860,947,1,0,0.0,0.10640782939127731,0.10633309912459872,0.03208112130362769,0.02,159,14,136
cast19,rr,60,0.02,weighted_cv,182,2837,947,1,0,0.0,0.09102180654191075,0.10633309912459872,0.03208112130362769,0.02,159,14,136
cast19,rr,60,0.02,active_cv,182,2868,947,1,0,0.0,0.13680294771981866,0.10633309912459872,0.03208112130362769,0.02,159,14,136
cast19,rr,60,0.02,weighted_cvl,182,2815,947,1,0,0.0,0.08635297800236094,0.10633309912459872,0.03208112130362769,0.02,159,14,136
cast19,rr,60,0.02,uniform,183,2368,1013,0,0,0.02294096146646568,0.20727295290147874,0.04940169439551241,0.040290058448820595,-0.002940961466465681,159,10,138
cast19,rr,60,0.02,uniform_nz,183,2438,1013,0,0,0.02294096146646568,0.10108731951761066,0.04940169439551241,0.040290058448820595,-0.002940961466465681,159,10,138
cast19,rr,60,0.02,weighted,183,2413,1013,0,0,0.02294096146646568,0.04940169439551241,0.04940169439551241,0.040290058448820595,-0.002940961466465681,159,10,138
cast19,rr,60,0.02,active_judge,183,2419,1013,0,0,0.02294096146646568,0.09581261489766338,0.04940169439551241,0.040290058448820595,-0.002940961466465681,159,10,138
cast19,rr,60,0.02,strat_pilot,183,2408,1013,0,0,0.02294096146646568,0.049443479937857186,0.04940169439551241,0.040290058448820595,-0.002940961466465681,159,10,138
cast19,rr,60,0.02,weighted_cv,183,2417,1013,0,0,0.02294096146646568,0.04365257476133423,0.04940169439551241,0.040290058448820595,-0.002940961466465681,159,10,138
cast19,rr,60,0.02,active_cv,183,2403,1013,0,0,0.02294096146646568,0.08023681008681763,0.04940169439551241,0.040290058448820595,-0.002940961466465681,159,10,138
cast19,rr,60,0.02,weighted_cvl,183,2419,1013,0,0,0.02294096146646568,0.026401390690107718,0.04940169439551241,0.040290058448820595,-0.002940961466465681,159,10,138
cast19,rr,60,0.02,uniform,184,2327,1000,0,0,0.0,0.27905524887361055,0.05470917021052104,0.02909061475160546,0.02,159,10,137
cast19,rr,60,0.02,uniform_nz,184,2350,1000,1,0,0.0,0.1162639641957763,0.05470917021052104,0.02909061475160546,0.02,159,10,137
cast19,rr,60,0.02,weighted,184,2347,1000,0,0,0.0,0.05470917021052104,0.05470917021052104,0.02909061475160546,0.02,159,10,137
cast19,rr,60,0.02,active_judge,184,2348,1000,1,0,0.0,0.182049224855131,0.05470917021052104,0.02909061475160546,0.02,159,10,137
cast19,rr,60,0.02,strat_pilot,184,2340,1000,1,0,0.0,0.05463446398961116,0.05470917021052104,0.02909061475160546,0.02,159,10,137
cast19,rr,60,0.02,weighted_cv,184,2356,1000,1,0,0.0,0.07778481348059396,0.05470917021052104,0.02909061475160546,0.02,159,10,137
cast19,rr,60,0.02,active_cv,184,2376,1000,1,0,0.0,0.15051352949044644,0.05470917021052104,0.02909061475160546,0.02,159,10,137
cast19,rr,60,0.02,weighted_cvl,184,2338,1000,1,0,0.0,0.04933800697342956,0.05470917021052104,0.02909061475160546,0.02,159,10,137
cast19,rr,60,0.02,uniform,185,2862,938,0,0,0.0,1.1305994119950349,0.07417652839308017,0.057227595135247916,0.02,159,14,136
cast19,rr,60,0.02,uniform_nz,185,2839,938,1,0,0.0,0.8148418173677694,0.07417652839308017,0.057227595135247916,0.02,159,14,136
cast19,rr,60,0.02,weighted,185,2796,938,1,0,0.0,0.07417652839308017,0.07417652839308017,0.057227595135247916,0.02,159,14,136
cast19,rr,60,0.02,active_judge,185,2847,938,1,0,0.0,0.2754885805449429,0.07417652839308017,0.057227595135247916,0.02,159,14,136
cast19,rr,60,0.02,strat_pilot,185,2792,938,1,0,0.0,0.07424455522505286,0.07417652839308017,0.057227595135247916,0.02,159,14,136
cast19,rr,60,0.02,weighted_cv,185,2841,938,1,0,0.0,0.0723129092114552,0.07417652839308017,0.057227595135247916,0.02,159,14,136
cast19,rr,60,0.02,active_cv,185,2809,938,1,0,0.0,0.10299173308485983,0.07417652839308017,0.057227595135247916,0.02,159,14,136
cast19,rr,60,0.02,weighted_cvl,185,2799,938,1,0,0.0,0.04472944923765876,0.07417652839308017,0.057227595135247916,0.02,159,14,136
cast19,rr,60,0.02,uniform,186,2862,976,0,0,0.0,0.1554069977471119,0.08067927032008675,0.024866331268461096,0.02,159,14,136
cast19,rr,60,0.02,uniform_nz,186,2885,976,1,0,0.0,0.09938171670920969,0.08067927032008675,0.024866331268461096,0.02,159,14,136
cast19,rr,60,0.02,weighted,186,2858,976,1,0,0.0,0.08067927032008675,0.08067927032008675,0.024866331268461096,0.02,159,14,136
cast19,rr,60,0.02,active_judge,186,2833,976,1,0,0.0,0.16912654898986312,0.08067927032008675,0.024866331268461096,0.02,159,14,136
cast19,rr,60,0.02,strat_pilot,186,2890,976,1,0,0.0,0.08086765220812754,0.08067927032008675,0.024866331268461096,0.02,159,14,136
cast19,rr,60,0.02,weighted_cv,186,2841,976,1,0,0.0,0.09690703813769896,0.08067927032008675,0.024866331268461096,0.02,159,14,136
cast19,rr,60,0.02,active_cv,186,2828,976,1,0,0.0,0.1613160349348687,0.08067927032008675,0.024866331268461096,0.02,159,14,136
cast19,rr,60,0.02,weighted_cvl,186,2885,976,1,0,0.0,0.06096191256737819,0.08067927032008675,0.024866331268461096,0.02,159,14,136
cast19,rr,60,0.02,uniform,187,2936,976,0,0,0.0,0.1209246668557801,0.060248120142671224,0.026759702572396064,0.02,159,14,136
cast19,rr,60,0.02,uniform_nz,187,2861,976,0,0,0.0,0.08209674847588846,0.060248120142671224,0.026759702572396064,0.02,159,14,136
cast19,rr,60,0.02,weighted,187,2886,976,0,0,0.0,0.060248120142671224,0.060248120142671224,0.026759702572396064,0.02,159,14,136
cast19,rr,60,0.02,active_judge,187,2883,976,0,0,0.0,0.12332129116026999,0.060248120142671224,0.026759702572396064,0.02,159,14,136
cast19,rr,60,0.02,strat_pilot,187,2876,976,1,0,0.0,0.060324825892611324,0.060248120142671224,0.026759702572396064,0.02,159,14,136
cast19,rr,60,0.02,weighted_cv,187,2885,976,1,0,0.0,0.11448406449102615,0.060248120142671224,0.026759702572396064,0.02,159,14,136
cast19,rr,60,0.02,active_cv,187,2865,976,1,0,0.0,0.21398646237379246,0.060248120142671224,0.026759702572396064,0.02,159,14,136
cast19,rr,60,0.02,weighted_cvl,187,2843,976,1,0,0.0,0.08524850887819956,0.060248120142671224,0.026759702572396064,0.02,159,14,136
cast19,rr,60,0.02,uniform,188,2957,948,0,0,0.0,0.6058547733423525,0.09982241226880444,0.0616961600103951,0.02,159,14,136
cast19,rr,60,0.02,uniform_nz,188,2861,948,0,0,0.0,0.47269875260062805,0.09982241226880444,0.0616961600103951,0.02,159,14,136
cast19,rr,60,0.02,weighted,188,2819,948,1,0,0.0,0.09982241226880444,0.09982241226880444,0.0616961600103951,0.02,159,14,136
cast19,rr,60,0.02,active_judge,188,2816,948,0,0,0.0,0.2754901080100454,0.09982241226880444,0.0616961600103951,0.02,159,14,136
cast19,rr,60,0.02,strat_pilot,188,2920,948,1,0,0.0,0.09983404003692249,0.09982241226880444,0.0616961600103951,0.02,159,14,136
cast19,rr,60,0.02,weighted_cv,188,2866,948,1,0,0.0,0.07729984846678753,0.09982241226880444,0.0616961600103951,0.02,159,14,136
cast19,rr,60,0.02,active_cv,188,2855,948,1,0,0.0,0.10993970342349665,0.09982241226880444,0.0616961600103951,0.02,159,14,136
cast19,rr,60,0.02,weighted_cvl,188,2842,948,1,0,0.0,0.04454906209201222,0.09982241226880444,0.0616961600103951,0.02,159,14,136
cast19,rr,60,0.02,uniform,189,2364,1005,0,0,0.005138598026749042,0.4093779889744177,0.06953387304023692,0.037338165052443556,0.014861401973250959,159,10,137
cast19,rr,60,0.02,uniform_nz,189,2328,1005,0,0,0.005138598026749042,0.17188155477033734,0.06953387304023692,0.037338165052443556,0.014861401973250959,159,10,137
cast19,rr,60,0.02,weighted,189,2352,1005,1,0,0.005138598026749042,0.06953387304023692,0.06953387304023692,0.037338165052443556,0.014861401973250959,159,10,137
cast19,rr,60,0.02,active_judge,189,2389,1005,0,0,0.005138598026749042,0.16957470156935237,0.06953387304023692,0.037338165052443556,0.014861401973250959,159,10,137
cast19,rr,60,0.02,strat_pilot,189,2350,1005,1,0,0.005138598026749042,0.06946284781130356,0.06953387304023692,0.037338165052443556,0.014861401973250959,159,10,137
cast19,rr,60,0.02,weighted_cv,189,2343,1005,0,0,0.005138598026749042,0.0861813184680463,0.06953387304023692,0.037338165052443556,0.014861401973250959,159,10,137
cast19,rr,60,0.02,active_cv,189,2350,1005,0,0,0.005138598026749042,0.14058814878882459,0.06953387304023692,0.037338165052443556,0.014861401973250959,159,10,137
cast19,rr,60,0.02,weighted_cvl,189,2395,1005,1,0,0.005138598026749042,0.040152956037970755,0.06953387304023692,0.037338165052443556,0.014861401973250959,159,10,137
cast19,rr,60,0.02,uniform,190,2321,956,0,0,0.0,0.1802928987437469,0.06052292601985747,0.04799489861989861,0.02,159,10,137
cast19,rr,60,0.02,uniform_nz,190,2310,956,1,0,0.0,0.06902124040241814,0.06052292601985747,0.04799489861989861,0.02,159,10,137
cast19,rr,60,0.02,weighted,190,2329,956,1,0,0.0,0.06052292601985747,0.06052292601985747,0.04799489861989861,0.02,159,10,137
cast19,rr,60,0.02,active_judge,190,2288,956,0,0,0.0,0.1615710044341547,0.06052292601985747,0.04799489861989861,0.02,159,10,137
cast19,rr,60,0.02,strat_pilot,190,2338,956,1,0,0.0,0.06058866188566171,0.06052292601985747,0.04799489861989861,0.02,159,10,137
cast19,rr,60,0.02,weighted_cv,190,2319,956,1,0,0.0,0.08174373846737366,0.06052292601985747,0.04799489861989861,0.02,159,10,137
cast19,rr,60,0.02,active_cv,190,2308,956,1,0,0.0,0.136076342075543,0.06052292601985747,0.04799489861989861,0.02,159,10,137
cast19,rr,60,0.02,weighted_cvl,190,2323,956,1,0,0.0,0.036643671327242444,0.06052292601985747,0.04799489861989861,0.02,159,10,137
cast19,rr,60,0.02,uniform,191,2329,938,0,0,0.0,0.6106285406000025,0.04820716762192409,0.047889996691736506,0.02,159,10,137
cast19,rr,60,0.02,uniform_nz,191,2318,938,0,0,0.0,0.2481599367796951,0.04820716762192409,0.047889996691736506,0.02,159,10,137
cast19,rr,60,0.02,weighted,191,2292,938,1,0,0.0,0.04820716762192409,0.04820716762192409,0.047889996691736506,0.02,159,10,137
cast19,rr,60,0.02,active_judge,191,2302,938,0,0,0.0,0.14506141069750514,0.04820716762192409,0.047889996691736506,0.02,159,10,137
cast19,rr,60,0.02,strat_pilot,191,2293,938,1,0,0.0,0.04808233415657163,0.04820716762192409,0.047889996691736506,0.02,159,10,137
cast19,rr,60,0.02,weighted_cv,191,2265,938,1,0,0.0,0.06889292050700539,0.04820716762192409,0.047889996691736506,0.02,159,10,137
cast19,rr,60,0.02,active_cv,191,2299,938,0,0,0.0,0.1100028107929975,0.04820716762192409,0.047889996691736506,0.02,159,10,137
cast19,rr,60,0.02,weighted_cvl,191,2265,938,1,0,0.0,0.03151009647660352,0.04820716762192409,0.047889996691736506,0.02,159,10,137
cast19,rr,60,0.02,uniform,192,2403,1003,0,0,0.0,0.696364703567735,0.11070827817937097,0.0405573114208866,0.02,159,10,138
cast19,rr,60,0.02,uniform_nz,192,2391,1003,1,0,0.0,0.28369584902415157,0.11070827817937097,0.0405573114208866,0.02,159,10,138
cast19,rr,60,0.02,weighted,192,2409,1003,0,0,0.0,0.11070827817937097,0.11070827817937097,0.0405573114208866,0.02,159,10,138
cast19,rr,60,0.02,active_judge,192,2378,1003,1,0,0.0,0.3326133158484608,0.11070827817937097,0.0405573114208866,0.02,159,10,138
cast19,rr,60,0.02,strat_pilot,192,2353,1003,1,0,0.0,0.11074813698740553,0.11070827817937097,0.0405573114208866,0.02,159,10,138
cast19,rr,60,0.02,weighted_cv,192,2370,1003,1,0,0.0,0.07330824845040264,0.11070827817937097,0.0405573114208866,0.02,159,10,138
cast19,rr,60,0.02,active_cv,192,2349,1003,0,0,0.0,0.10103208860687296,0.11070827817937097,0.0405573114208866,0.02,159,10,138
cast19,rr,60,0.02,weighted_cvl,192,2365,1003,1,0,0.0,0.06324993861549985,0.11070827817937097,0.0405573114208866,0.02,159,10,138
cast19,rr,60,0.02,uniform,193,2411,1026,0,0,0.0,0.2001144061587124,0.05781298292095991,0.038040957136545386,0.02,159,10,137
cast19,rr,60,0.02,uniform_nz,193,2403,1026,0,0,0.0,0.06787258394411302,0.05781298292095991,0.038040957136545386,0.02,159,10,137
cast19,rr,60,0.02,weighted,193,2404,1026,1,0,0.0,0.05781298292095991,0.05781298292095991,0.038040957136545386,0.02,159,10,137
cast19,rr,60,0.02,active_judge,193,2410,1026,1,0,0.0,0.13345049823332744,0.05781298292095991,0.038040957136545386,0.02,159,10,137
cast19,rr,60,0.02,strat_pilot,193,2392,1026,1,0,0.0,0.05762620217503116,0.05781298292095991,0.038040957136545386,0.02,159,10,137
cast19,rr,60,0.02,weighted_cv,193,2418,1026,1,0,0.0,0.0654706205035839,0.05781298292095991,0.038040957136545386,0.02,159,10,137
cast19,rr,60,0.02,active_cv,193,2391,1026,1,0,0.0,0.12482345147063681,0.05781298292095991,0.038040957136545386,0.02,159,10,137
cast19,rr,60,0.02,weighted_cvl,193,2366,1026,1,0,0.0,0.04600975290905639,0.05781298292095991,0.038040957136545386,0.02,159,10,137
cast19,rr,60,0.02,uniform,194,2875,925,0,0,0.011394904363873526,0.10687513629863998,0.06547733110911753,0.05020047716936598,0.008605095636126475,159,14,136
cast19,rr,60,0.02,uniform_nz,194,2821,925,0,0,0.011394904363873526,0.07733290235235027,0.06547733110911753,0.05020047716936598,0.008605095636126475,159,14,136
cast19,rr,60,0.02,weighted,194,2818,925,0,0,0.011394904363873526,0.06547733110911753,0.06547733110911753,0.05020047716936598,0.008605095636126475,159,14,136
cast19,rr,60,0.02,active_judge,194,2815,925,0,0,0.011394904363873526,0.1513154952408427,0.06547733110911753,0.05020047716936598,0.008605095636126475,159,14,136
cast19,rr,60,0.02,strat_pilot,194,2801,925,0,0,0.011394904363873526,0.06563095696178198,0.06547733110911753,0.05020047716936598,0.008605095636126475,159,14,136
cast19,rr,60,0.02,weighted_cv,194,2843,925,0,0,0.011394904363873526,0.057974160022231894,0.06547733110911753,0.05020047716936598,0.008605095636126475,159,14,136
cast19,rr,60,0.02,active_cv,194,2816,925,0,0,0.011394904363873526,0.08589918089779058,0.06547733110911753,0.05020047716936598,0.008605095636126475,159,14,136
cast19,rr,60,0.02,weighted_cvl,194,2765,925,0,0,0.011394904363873526,0.04124233282496852,0.06547733110911753,0.05020047716936598,0.008605095636126475,159,14,136
cast19,rr,60,0.02,uniform,195,2404,1034,0,0,0.0,0.11740372301474873,0.0376468380310079,0.034854195664724995,0.02,159,10,137
cast19,rr,60,0.02,uniform_nz,195,2420,1034,0,0,0.0,0.044842685944846555,0.0376468380310079,0.034854195664724995,0.02,159,10,137
cast19,rr,60,0.02,weighted,195,2381,1034,1,0,0.0,0.0376468380310079,0.0376468380310079,0.034854195664724995,0.02,159,10,137
cast19,rr,60,0.02,active_judge,195,2363,1034,0,0,0.0,0.08927672348171656,0.0376468380310079,0.034854195664724995,0.02,159,10,137
cast19,rr,60,0.02,strat_pilot,195,2324,1034,1,0,0.0,0.03762749356432564,0.0376468380310079,0.034854195664724995,0.02,159,10,137
cast19,rr,60,0.02,weighted_cv,195,2399,1034,1,0,0.0,0.05408888908550339,0.0376468380310079,0.034854195664724995,0.02,159,10,137
cast19,rr,60,0.02,active_cv,195,2395,1034,0,0,0.0,0.11025076513440654,0.0376468380310079,0.034854195664724995,0.02,159,10,137
cast19,rr,60,0.02,weighted_cvl,195,2385,1034,1,0,0.0,0.03399172962227019,0.0376468380310079,0.034854195664724995,0.02,159,10,137
cast19,rr,60,0.02,uniform,196,2348,971,0,0,0.01602169690437133,0.2265951945300782,0.05031059601885555,0.03003447992122444,0.003978303095628671,159,10,138
cast19,rr,60,0.02,uniform_nz,196,2340,971,1,0,0.01602169690437133,0.10379863836148702,0.05031059601885555,0.03003447992122444,0.003978303095628671,159,10,138
cast19,rr,60,0.02,weighted,196,2312,971,0,0,0.01602169690437133,0.05031059601885555,0.05031059601885555,0.03003447992122444,0.003978303095628671,159,10,138
cast19,rr,60,0.02,active_judge,196,2347,971,0,0,0.01602169690437133,0.15832290969683852,0.05031059601885555,0.03003447992122444,0.003978303095628671,159,10,138
cast19,rr,60,0.02,strat_pilot,196,2344,971,0,0,0.01602169690437133,0.050196971464036524,0.05031059601885555,0.03003447992122444,0.003978303095628671,159,10,138
cast19,rr,60,0.02,weighted_cv,196,2320,971,0,0,0.01602169690437133,0.04710629465224837,0.05031059601885555,0.03003447992122444,0.003978303095628671,159,10,138
cast19,rr,60,0.02,active_cv,196,2353,971,0,0,0.01602169690437133,0.06904367627050313,0.05031059601885555,0.03003447992122444,0.003978303095628671,159,10,138
cast19,rr,60,0.02,weighted_cvl,196,2306,971,0,0,0.01602169690437133,0.04119501941919006,0.05031059601885555,0.03003447992122444,0.003978303095628671,159,10,138
cast19,rr,60,0.02,uniform,197,2429,1020,1,0,0.0,0.3076443076527162,0.10666367662754661,0.03944495339915315,0.02,159,10,138
cast19,rr,60,0.02,uniform_nz,197,2442,1020,1,0,0.0,0.12057443715243157,0.10666367662754661,0.03944495339915315,0.02,159,10,138
cast19,rr,60,0.02,weighted,197,2365,1020,1,0,0.0,0.10666367662754661,0.10666367662754661,0.03944495339915315,0.02,159,10,138
cast19,rr,60,0.02,active_judge,197,2424,1020,1,0,0.0,0.19521367490906916,0.10666367662754661,0.03944495339915315,0.02,159,10,138
cast19,rr,60,0.02,strat_pilot,197,2435,1020,1,0,0.0,0.10665699458544031,0.10666367662754661,0.03944495339915315,0.02,159,10,138
cast19,rr,60,0.02,weighted_cv,197,2394,1020,1,0,0.0,0.06003461537611336,0.10666367662754661,0.03944495339915315,0.02,159,10,138
cast19,rr,60,0.02,active_cv,197,2421,1020,1,0,0.0,0.07938446625080961,0.10666367662754661,0.03944495339915315,0.02,159,10,138
cast19,rr,60,0.02,weighted_cvl,197,2346,1020,1,0,0.0,0.03955990323246836,0.10666367662754661,0.03944495339915315,0.02,159,10,138
cast19,rr,60,0.02,uniform,198,2851,934,0,0,0.0,0.6597776625980555,0.12511422122972554,0.0771833144332744,0.02,159,14,136
cast19,rr,60,0.02,uniform_nz,198,2790,934,1,0,0.0,0.5073238895434539,0.12511422122972554,0.0771833144332744,0.02,159,14,136
cast19,rr,60,0.02,weighted,198,2814,934,1,0,0.0,0.12511422122972554,0.12511422122972554,0.0771833144332744,0.02,159,14,136
cast19,rr,60,0.02,active_judge,198,2830,934,0,0,0.0,0.2885369198639234,0.12511422122972554,0.0771833144332744,0.02,159,14,136
cast19,rr,60,0.02,strat_pilot,198,2838,934,1,0,0.0,0.12516560502163435,0.12511422122972554,0.0771833144332744,0.02,159,14,136
cast19,rr,60,0.02,weighted_cv,198,2898,934,1,0,0.0,0.10005491212563133,0.12511422122972554,0.0771833144332744,0.02,159,14,136
cast19,rr,60,0.02,active_cv,198,2837,934,1,0,0.0,0.13381234746915602,0.12511422122972554,0.0771833144332744,0.02,159,14,136
cast19,rr,60,0.02,weighted_cvl,198,2883,934,1,0,0.0,0.07422297171495129,0.12511422122972554,0.0771833144332744,0.02,159,14,136
cast19,rr,60,0.02,uniform,199,2014,945,0,0,0.0,0.25681079612111124,0.024778574651493267,0.019056237866693505,0.02,159,9,125
cast19,rr,60,0.02,uniform_nz,199,2038,945,0,0,0.0,0.1069633212555617,0.024778574651493267,0.019056237866693505,0.02,159,9,125
cast19,rr,60,0.02,weighted,199,2032,945,0,0,0.0,0.024778574651493267,0.024778574651493267,0.019056237866693505,0.02,159,9,125
cast19,rr,60,0.02,active_judge,199,2065,945,1,0,0.0,0.0562367703866969,0.024778574651493267,0.019056237866693505,0.02,159,9,125
cast19,rr,60,0.02,strat_pilot,199,2041,945,1,0,0.0,0.02456796288688846,0.024778574651493267,0.019056237866693505,0.02,159,9,125
cast19,rr,60,0.02,weighted_cv,199,2057,945,1,0,0.0,0.03948972017794482,0.024778574651493267,0.019056237866693505,0.02,159,9,125
cast19,rr,60,0.02,active_cv,199,2072,945,1,0,0.0,0.05763583157221706,0.024778574651493267,0.019056237866693505,0.02,159,9,125
cast19,rr,60,0.02,weighted_cvl,199,2037,945,1,0,0.0,0.01858728285787411,0.024778574651493267,0.019056237866693505,0.02,159,9,125
cast19,rr,60,0.02,uniform,200,2139,958,0,0,0.0,0.19543017711830432,0.0588628995879632,0.03409753675864524,0.02,159,9,134
cast19,rr,60,0.02,uniform_nz,200,2208,958,1,0,0.0,0.06652876556999629,0.0588628995879632,0.03409753675864524,0.02,159,9,134
cast19,rr,60,0.02,weighted,200,2124,958,1,0,0.0,0.0588628995879632,0.0588628995879632,0.03409753675864524,0.02,159,9,134
cast19,rr,60,0.02,active_judge,200,2136,958,0,0,0.0,0.13917285825137088,0.0588628995879632,0.03409753675864524,0.02,159,9,134
cast19,rr,60,0.02,strat_pilot,200,2148,958,0,0,0.0,0.058962072939876695,0.0588628995879632,0.03409753675864524,0.02,159,9,134
cast19,rr,60,0.02,weighted_cv,200,2153,958,1,0,0.0,0.03659406330989815,0.0588628995879632,0.03409753675864524,0.02,159,9,134
cast19,rr,60,0.02,active_cv,200,2134,958,0,0,0.0,0.04487203602331765,0.0588628995879632,0.03409753675864524,0.02,159,9,134
cast19,rr,60,0.02,weighted_cvl,200,2164,958,1,0,0.0,0.02445302894727631,0.0588628995879632,0.03409753675864524,0.02,159,9,134
cast19,rr,60,0.02,uniform,201,2282,963,1,0,0.0,0.14901292431235477,0.05716838828391914,0.029268474457732764,0.02,159,10,137
cast19,rr,60,0.02,uniform_nz,201,2291,963,0,0,0.0,0.06258831103401803,0.05716838828391914,0.029268474457732764,0.02,159,10,137
cast19,rr,60,0.02,weighted,201,2265,963,1,0,0.0,0.05716838828391914,0.05716838828391914,0.029268474457732764,0.02,159,10,137
cast19,rr,60,0.02,active_judge,201,2285,963,0,0,0.0,0.15393473654481782,0.05716838828391914,0.029268474457732764,0.02,159,10,137
cast19,rr,60,0.02,strat_pilot,201,2276,963,1,0,0.0,0.05716073863970942,0.05716838828391914,0.029268474457732764,0.02,159,10,137
cast19,rr,60,0.02,weighted_cv,201,2298,963,1,0,0.0,0.10003974081067071,0.05716838828391914,0.029268474457732764,0.02,159,10,137
cast19,rr,60,0.02,active_cv,201,2306,963,1,0,0.0,0.16101372228923938,0.05716838828391914,0.029268474457732764,0.02,159,10,137
cast19,rr,60,0.02,weighted_cvl,201,2329,963,1,0,0.0,0.04125446302703236,0.05716838828391914,0.029268474457732764,0.02,159,10,137
cast19,rr,60,0.02,uniform,202,2345,982,0,0,0.0,0.07426581820541531,0.027840296041279,0.038284571334948246,0.02,159,10,137
cast19,rr,60,0.02,uniform_nz,202,2381,982,1,0,0.0,0.027660944125113236,0.027840296041279,0.038284571334948246,0.02,159,10,137
cast19,rr,60,0.02,weighted,202,2365,982,1,0,0.0,0.027840296041279,0.027840296041279,0.038284571334948246,0.02,159,10,137
cast19,rr,60,0.02,active_judge,202,2339,982,0,0,0.0,0.06020913910152106,0.027840296041279,0.038284571334948246,0.02,159,10,137
cast19,rr,60,0.02,strat_pilot,202,2362,982,0,0,0.0,0.027900684946093313,0.027840296041279,0.038284571334948246,0.02,159,10,137
cast19,rr,60,0.02,weighted_cv,202,2321,982,1,0,0.0,0.04326488240664751,0.027840296041279,0.038284571334948246,0.02,159,10,137
cast19,rr,60,0.02,active_cv,202,2365,982,1,0,0.0,0.07039884271326793,0.027840296041279,0.038284571334948246,0.02,159,10,137
cast19,rr,60,0.02,weighted_cvl,202,2303,982,1,0,0.0,0.01867028834621794,0.027840296041279,0.038284571334948246,0.02,159,10,137
cast19,rr,60,0.02,uniform,203,2382,950,0,0,0.003915360784449651,0.1873868251078249,0.047027994156515616,0.03243182088860547,0.01608463921555035,159,10,137
cast19,rr,60,0.02,uniform_nz,203,2316,950,0,0,0.003915360784449651,0.06944625353866224,0.047027994156515616,0.03243182088860547,0.01608463921555035,159,10,137
cast19,rr,60,0.02,weighted,203,2301,950,0,0,0.003915360784449651,0.047027994156515616,0.047027994156515616,0.03243182088860547,0.01608463921555035,159,10,137
cast19,rr,60,0.02,active_judge,203,2333,950,0,0,0.003915360784449651,0.08420351946671287,0.047027994156515616,0.03243182088860547,0.01608463921555035,159,10,137
cast19,rr,60,0.02,strat_pilot,203,2298,950,0,0,0.003915360784449651,0.046888708226635586,0.047027994156515616,0.03243182088860547,0.01608463921555035,159,10,137
cast19,rr,60,0.02,weighted_cv,203,2318,950,0,0,0.003915360784449651,0.06687735966033308,0.047027994156515616,0.03243182088860547,0.01608463921555035,159,10,137
cast19,rr,60,0.02,active_cv,203,2326,950,0,0,0.003915360784449651,0.1056220137798702,0.047027994156515616,0.03243182088860547,0.01608463921555035,159,10,137
cast19,rr,60,0.02,weighted_cvl,203,2320,950,1,0,0.003915360784449651,0.03218835802293392,0.047027994156515616,0.03243182088860547,0.01608463921555035,159,10,137
cast19,rr,60,0.02,uniform,204,2848,925,0,0,0.004983795689492199,0.11743035908875207,0.06728659804016934,0.03916185261209827,0.015016204310507802,159,14,136
cast19,rr,60,0.02,uniform_nz,204,2810,925,0,0,0.004983795689492199,0.07869354091276445,0.06728659804016934,0.03916185261209827,0.015016204310507802,159,14,136
cast19,rr,60,0.02,weighted,204,2844,925,1,0,0.004983795689492199,0.06728659804016934,0.06728659804016934,0.03916185261209827,0.015016204310507802,159,14,136
cast19,rr,60,0.02,active_judge,204,2837,925,0,0,0.004983795689492199,0.12845166320630064,0.06728659804016934,0.03916185261209827,0.015016204310507802,159,14,136
cast19,rr,60,0.02,strat_pilot,204,2767,925,1,0,0.004983795689492199,0.0673679288256664,0.06728659804016934,0.03916185261209827,0.015016204310507802,159,14,136
cast19,rr,60,0.02,weighted_cv,204,2866,925,1,0,0.004983795689492199,0.08152613270464981,0.06728659804016934,0.03916185261209827,0.015016204310507802,159,14,136
cast19,rr,60,0.02,active_cv,204,2891,925,0,0,0.004983795689492199,0.13652596924903562,0.06728659804016934,0.03916185261209827,0.015016204310507802,159,14,136
cast19,rr,60,0.02,weighted_cvl,204,2820,925,0,0,0.004983795689492199,0.056074353383230344,0.06728659804016934,0.03916185261209827,0.015016204310507802,159,14,136
cast19,rr,60,0.02,uniform,205,2962,1028,0,0,0.0,0.19850594966803276,0.08131026518919157,0.026802747397235573,0.02,159,14,136
cast19,rr,60,0.02,uniform_nz,205,2958,1028,0,0,0.0,0.12148482023908178,0.08131026518919157,0.026802747397235573,0.02,159,14,136
cast19,rr,60,0.02,weighted,205,2932,1028,1,0,0.0,0.08131026518919157,0.08131026518919157,0.026802747397235573,0.02,159,14,136
cast19,rr,60,0.02,active_judge,205,2923,1028,1,0,0.0,0.17462334875087784,0.08131026518919157,0.026802747397235573,0.02,159,14,136
cast19,rr,60,0.02,strat_pilot,205,2941,1028,1,0,0.0,0.0812788123646772,0.08131026518919157,0.026802747397235573,0.02,159,14,136
cast19,rr,60,0.02,weighted_cv,205,2971,1028,1,0,0.0,0.11379557591324448,0.08131026518919157,0.026802747397235573,0.02,159,14,136
cast19,rr,60,0.02,active_cv,205,2921,1028,0,0,0.0,0.17211731434606137,0.08131026518919157,0.026802747397235573,0.02,159,14,136
cast19,rr,60,0.02,weighted_cvl,205,2930,1028,1,0,0.0,0.0494395469974731,0.08131026518919157,0.026802747397235573,0.02,159,14,136
cast19,rr,60,0.02,uniform,206,2135,951,0,0,0.005882053198852377,0.8703377617207547,0.07654150166966478,0.044499152948052526,0.014117946801147623,159,9,128
cast19,rr,60,0.02,uniform_nz,206,2101,951,0,0,0.005882053198852377,0.2727858487012256,0.07654150166966478,0.044499152948052526,0.014117946801147623,159,9,128
cast19,rr,60,0.02,weighted,206,2045,951,0,0,0.005882053198852377,0.07654150166966478,0.07654150166966478,0.044499152948052526,0.014117946801147623,159,9,128
cast19,rr,60,0.02,active_judge,206,2077,951,0,0,0.005882053198852377,0.16460282237728593,0.07654150166966478,0.044499152948052526,0.014117946801147623,159,9,128
cast19,rr,60,0.02,strat_pilot,206,2037,951,1,0,0.005882053198852377,0.07653353217139926,0.07654150166966478,0.044499152948052526,0.014117946801147623,159,9,128
cast19,rr,60,0.02,weighted_cv,206,2090,951,1,0,0.005882053198852377,0.048979887382648093,0.07654150166966478,0.044499152948052526,0.014117946801147623,159,9,128
cast19,rr,60,0.02,active_cv,206,2093,951,0,0,0.005882053198852377,0.0848116908222216,0.07654150166966478,0.044499152948052526,0.014117946801147623,159,9,128
cast19,rr,60,0.02,weighted_cvl,206,2054,951,1,0,0.005882053198852377,0.03408544804254724,0.07654150166966478,0.044499152948052526,0.014117946801147623,159,9,128
cast19,rr,60,0.02,uniform,207,2268,966,0,0,0.0,0.11663118275571756,0.04476970372183116,0.050472569534606826,0.02,159,10,137
cast19,rr,60,0.02,uniform_nz,207,2328,966,0,0,0.0,0.04933790739608232,0.04476970372183116,0.050472569534606826,0.02,159,10,137
cast19,rr,60,0.02,weighted,207,2335,966,1,0,0.0,0.04476970372183116,0.04476970372183116,0.050472569534606826,0.02,159,10,137
cast19,rr,60,0.02,active_judge,207,2305,966,0,0,0.0,0.11048976848416436,0.04476970372183116,0.050472569534606826,0.02,159,10,137
cast19,rr,60,0.02,strat_pilot,207,2331,966,1,0,0.0,0.04472605381079811,0.04476970372183116,0.050472569534606826,0.02,159,10,137
cast19,rr,60,0.02,weighted_cv,207,2331,966,1,0,0.0,0.06442500025984833,0.04476970372183116,0.050472569534606826,0.02,159,10,137
cast19,rr,60,0.02,active_cv,207,2350,966,1,0,0.0,0.11736361082999114,0.04476970372183116,0.050472569534606826,0.02,159,10,137
cast19,rr,60,0.02,weighted_cvl,207,2374,966,1,0,0.0,0.026395717529449282,0.04476970372183116,0.050472569534606826,0.02,159,10,137
cast19,rr,60,0.02,uniform,208,2294,878,0,0,0.0016110078045277199,0.24081521865710362,0.06739158977605231,0.06420715485368453,0.01838899219547228,159,10,137
cast19,rr,60,0.02,uniform_nz,208,2187,878,1,0,0.0016110078045277199,0.11842850967769906,0.06739158977605231,0.06420715485368453,0.01838899219547228,159,10,137
cast19,rr,60,0.02,weighted,208,2234,878,1,0,0.0016110078045277199,0.06739158977605231,0.06739158977605231,0.06420715485368453,0.01838899219547228,159,10,137
cast19,rr,60,0.02,active_judge,208,2237,878,0,0,0.0016110078045277199,0.15407131943689362,0.06739158977605231,0.06420715485368453,0.01838899219547228,159,10,137
cast19,rr,60,0.02,strat_pilot,208,2243,878,1,0,0.0016110078045277199,0.06736531936408574,0.06739158977605231,0.06420715485368453,0.01838899219547228,159,10,137
cast19,rr,60,0.02,weighted_cv,208,2246,878,0,0,0.0016110078045277199,0.0376417844298198,0.06739158977605231,0.06420715485368453,0.01838899219547228,159,10,137
cast19,rr,60,0.02,active_cv,208,2229,878,0,0,0.0016110078045277199,0.05279293349060772,0.06739158977605231,0.06420715485368453,0.01838899219547228,159,10,137
cast19,rr,60,0.02,weighted_cvl,208,2280,878,1,0,0.0016110078045277199,0.03169358257265856,0.06739158977605231,0.06420715485368453,0.01838899219547228,159,10,137
cast19,rr,60,0.02,uniform,209,2347,965,0,0,0.0,0.19727740516052505,0.07188542029234038,0.027145797625314057,0.02,159,10,137
cast19,rr,60,0.02,uniform_nz,209,2337,965,0,0,0.0,0.09295066714977443,0.07188542029234038,0.027145797625314057,0.02,159,10,137
cast19,rr,60,0.02,weighted,209,2333,965,0,0,0.0,0.07188542029234038,0.07188542029234038,0.027145797625314057,0.02,159,10,137
cast19,rr,60,0.02,active_judge,209,2339,965,0,0,0.0,0.1641141417668198,0.07188542029234038,0.027145797625314057,0.02,159,10,137
cast19,rr,60,0.02,strat_pilot,209,2309,965,1,0,0.0,0.071766485658602,0.07188542029234038,0.027145797625314057,0.02,159,10,137
cast19,rr,60,0.02,weighted_cv,209,2318,965,1,0,0.0,0.053710400968514406,0.07188542029234038,0.027145797625314057,0.02,159,10,137
cast19,rr,60,0.02,active_cv,209,2376,965,1,0,0.0,0.08945384014410304,0.07188542029234038,0.027145797625314057,0.02,159,10,137
cast19,rr,60,0.02,weighted_cvl,209,2300,965,1,0,0.0,0.03735095441684821,0.07188542029234038,0.027145797625314057,0.02,159,10,137
cast19,rr,60,0.02,uniform,210,2348,977,0,0,0.006571946989672062,0.11256142135469964,0.05041823256473368,0.06168898682008753,0.013428053010327939,159,10,137
cast19,rr,60,0.02,uniform_nz,210,2340,977,0,0,0.006571946989672062,0.05651347170538321,0.05041823256473368,0.06168898682008753,0.013428053010327939,159,10,137
cast19,rr,60,0.02,weighted,210,2352,977,1,0,0.006571946989672062,0.05041823256473368,0.05041823256473368,0.06168898682008753,0.013428053010327939,159,10,137
cast19,rr,60,0.02,active_judge,210,2346,977,0,0,0.006571946989672062,0.13931154492346426,0.05041823256473368,0.06168898682008753,0.013428053010327939,159,10,137
cast19,rr,60,0.02,strat_pilot,210,2355,977,0,0,0.006571946989672062,0.05036464904515201,0.05041823256473368,0.06168898682008753,0.013428053010327939,159,10,137
cast19,rr,60,0.02,weighted_cv,210,2366,977,0,0,0.006571946989672062,0.04650440896721908,0.05041823256473368,0.06168898682008753,0.013428053010327939,159,10,137
cast19,rr,60,0.02,active_cv,210,2343,977,0,0,0.006571946989672062,0.09941954768163193,0.05041823256473368,0.06168898682008753,0.013428053010327939,159,10,137
cast19,rr,60,0.02,weighted_cvl,210,2310,977,1,0,0.006571946989672062,0.04265059253980143,0.05041823256473368,0.06168898682008753,0.013428053010327939,159,10,137
cast19,rr,60,0.02,uniform,211,2759,959,0,0,0.0,0.09814815102434626,0.04828769259445528,0.04564089110811416,0.02,159,14,136
cast19,rr,60,0.02,uniform_nz,211,2877,959,0,0,0.0,0.05791395966840503,0.04828769259445528,0.04564089110811416,0.02,159,14,136
cast19,rr,60,0.02,weighted,211,2871,959,1,0,0.0,0.04828769259445528,0.04828769259445528,0.04564089110811416,0.02,159,14,136
cast19,rr,60,0.02,active_judge,211,2895,959,0,0,0.0,0.14781548782221643,0.04828769259445528,0.04564089110811416,0.02,159,14,136
cast19,rr,60,0.02,strat_pilot,211,2848,959,1,0,0.0,0.04796978341003853,0.04828769259445528,0.04564089110811416,0.02,159,14,136
cast19,rr,60,0.02,weighted_cv,211,2841,959,1,0,0.0,0.10171333960128723,0.04828769259445528,0.04564089110811416,0.02,159,14,136
cast19,rr,60,0.02,active_cv,211,2832,959,1,0,0.0,0.172660261203558,0.04828769259445528,0.04564089110811416,0.02,159,14,136
cast19,rr,60,0.02,weighted_cvl,211,2890,959,1,0,0.0,0.05027215804687267,0.04828769259445528,0.04564089110811416,0.02,159,14,136
cast19,rr,60,0.02,uniform,212,2253,900,0,0,0.0005476507579001977,0.29267702889225955,0.03998483212567494,0.024231516126370763,0.019452349242099803,159,10,137
cast19,rr,60,0.02,uniform_nz,212,2303,900,0,0,0.0005476507579001977,0.15718947112606318,0.03998483212567494,0.024231516126370763,0.019452349242099803,159,10,137
cast19,rr,60,0.02,weighted,212,2294,900,0,0,0.0005476507579001977,0.03998483212567494,0.03998483212567494,0.024231516126370763,0.019452349242099803,159,10,137
cast19,rr,60,0.02,active_judge,212,2259,900,0,0,0.0005476507579001977,0.13022222387231647,0.03998483212567494,0.024231516126370763,0.019452349242099803,159,10,137
cast19,rr,60,0.02,strat_pilot,212,2248,900,0,0,0.0005476507579001977,0.039853462378382186,0.03998483212567494,0.024231516126370763,0.019452349242099803,159,10,137
cast19,rr,60,0.02,weighted_cv,212,2254,900,0,0,0.0005476507579001977,0.03772957089112988,0.03998483212567494,0.024231516126370763,0.019452349242099803,159,10,137
cast19,rr,60,0.02,active_cv,212,2285,900,0,0,0.0005476507579001977,0.05766620432350235,0.03998483212567494,0.024231516126370763,0.019452349242099803,159,10,137
cast19,rr,60,0.02,weighted_cvl,212,2235,900,1,0,0.0005476507579001977,0.024621925155833276,0.03998483212567494,0.024231516126370763,0.019452349242099803,159,10,137
cast19,rr,60,0.02,uniform,213,2424,1022,0,0,0.0,0.3830578176996297,0.07404059840100193,0.03185769703404985,0.02,159,10,137
cast19,rr,60,0.02,uniform_nz,213,2374,1022,0,0,0.0,0.17136086989769933,0.07404059840100193,0.03185769703404985,0.02,159,10,137
cast19,rr,60,0.02,weighted,213,2429,1022,0,0,0.0,0.07404059840100193,0.07404059840100193,0.03185769703404985,0.02,159,10,137
cast19,rr,60,0.02,active_judge,213,2431,1022,0,0,0.0,0.1806130880554267,0.07404059840100193,0.03185769703404985,0.02,159,10,137
cast19,rr,60,0.02,strat_pilot,213,2376,1022,0,0,0.0,0.07404756109294619,0.07404059840100193,0.03185769703404985,0.02,159,10,137
cast19,rr,60,0.02,weighted_cv,213,2391,1022,1,0,0.0,0.09455459684881425,0.07404059840100193,0.03185769703404985,0.02,159,10,137
cast19,rr,60,0.02,active_cv,213,2422,1022,1,0,0.0,0.1679230163481528,0.07404059840100193,0.03185769703404985,0.02,159,10,137
cast19,rr,60,0.02,weighted_cvl,213,2356,1022,1,0,0.0,0.07064322866290859,0.07404059840100193,0.03185769703404985,0.02,159,10,137
cast19,rr,60,0.02,uniform,214,2375,1004,0,0,0.01771124565658594,0.4889149323247512,0.038513252067688575,0.0415324501187104,0.0022887543434140616,159,10,137
cast19,rr,60,0.02,uniform_nz,214,2379,1004,0,0,0.01771124565658594,0.2646560136866664,0.038513252067688575,0.0415324501187104,0.0022887543434140616,159,10,137
cast19,rr,60,0.02,weighted,214,2405,1004,0,0,0.01771124565658594,0.038513252067688575,0.038513252067688575,0.0415324501187104,0.0022887543434140616,159,10,137
cast19,rr,60,0.02,active_judge,214,2365,1004,0,0,0.01771124565658594,0.12244204155340832,0.038513252067688575,0.0415324501187104,0.0022887543434140616,159,10,137
cast19,rr,60,0.02,strat_pilot,214,2396,1004,0,0,0.01771124565658594,0.03837790634548076,0.038513252067688575,0.0415324501187104,0.0022887543434140616,159,10,137
cast19,rr,60,0.02,weighted_cv,214,2397,1004,0,0,0.01771124565658594,0.07281900243842773,0.038513252067688575,0.0415324501187104,0.0022887543434140616,159,10,137
cast19,rr,60,0.02,active_cv,214,2350,1004,0,0,0.01771124565658594,0.12573350766774682,0.038513252067688575,0.0415324501187104,0.0022887543434140616,159,10,137
cast19,rr,60,0.02,weighted_cvl,214,2394,1004,0,0,0.01771124565658594,0.04624411479173652,0.038513252067688575,0.0415324501187104,0.0022887543434140616,159,10,137
cast19,rr,60,0.02,uniform,215,1967,857,0,0,0.0,0.2194095315831502,0.03749806422021429,0.01667908784840741,0.02,159,9,123
cast19,rr,60,0.02,uniform_nz,215,1909,857,0,0,0.0,0.0690265682400818,0.03749806422021429,0.01667908784840741,0.02,159,9,123
cast19,rr,60,0.02,weighted,215,1953,857,0,0,0.0,0.03749806422021429,0.03749806422021429,0.01667908784840741,0.02,159,9,123
cast19,rr,60,0.02,active_judge,215,1947,857,1,0,0.0,0.09928822380425369,0.03749806422021429,0.01667908784840741,0.02,159,9,123
cast19,rr,60,0.02,strat_pilot,215,1922,857,1,0,0.0,0.037295613031534294,0.03749806422021429,0.01667908784840741,0.02,159,9,123
cast19,rr,60,0.02,weighted_cv,215,1987,857,1,0,0.0,0.04089207909818161,0.03749806422021429,0.01667908784840741,0.02,159,9,123
cast19,rr,60,0.02,active_cv,215,1927,857,0,0,0.0,0.05502973421206061,0.03749806422021429,0.01667908784840741,0.02,159,9,123
cast19,rr,60,0.02,weighted_cvl,215,1941,857,1,0,0.0,0.019900198825332817,0.03749806422021429,0.01667908784840741,0.02,159,9,123
cast19,rr,60,0.02,uniform,216,2897,997,0,0,0.0,0.4353678817211909,0.09889304862304414,0.029025898176271714,0.02,159,14,136
cast19,rr,60,0.02,uniform_nz,216,2914,997,0,0,0.0,0.2499223529575823,0.09889304862304414,0.029025898176271714,0.02,159,14,136
cast19,rr,60,0.02,weighted,216,2873,997,1,0,0.0,0.09889304862304414,0.09889304862304414,0.029025898176271714,0.02,159,14,136
cast19,rr,60,0.02,active_judge,216,2905,997,0,0,0.0,0.21271802354303188,0.09889304862304414,0.029025898176271714,0.02,159,14,136
cast19,rr,60,0.02,strat_pilot,216,2941,997,1,0,0.0,0.09938100153069304,0.09889304862304414,0.029025898176271714,0.02,159,14,136
cast19,rr,60,0.02,weighted_cv,216,2914,997,1,0,0.0,0.14285797331643008,0.09889304862304414,0.029025898176271714,0.02,159,14,136
cast19,rr,60,0.02,active_cv,216,2870,997,1,0,0.0,0.21682220937145544,0.09889304862304414,0.029025898176271714,0.02,159,14,136
cast19,rr,60,0.02,weighted_cvl,216,2918,997,1,0,0.0,0.08857648024038559,0.09889304862304414,0.029025898176271714,0.02,159,14,136
cast19,rr,60,0.02,uniform,217,2398,936,0,0,0.011783939828162171,0.08098769452479344,0.0324401432583523,0.02924036509374374,0.00821606017183783,159,10,137
cast19,rr,60,0.02,uniform_nz,217,2279,936,0,0,0.011783939828162171,0.03846477382091736,0.0324401432583523,0.02924036509374374,0.00821606017183783,159,10,137
cast19,rr,60,0.02,weighted,217,2285,936,1,0,0.011783939828162171,0.0324401432583523,0.0324401432583523,0.02924036509374374,0.00821606017183783,159,10,137
cast19,rr,60,0.02,active_judge,217,2316,936,0,0,0.011783939828162171,0.052197106684806004,0.0324401432583523,0.02924036509374374,0.00821606017183783,159,10,137
cast19,rr,60,0.02,strat_pilot,217,2268,936,0,0,0.011783939828162171,0.0324341000232059,0.0324401432583523,0.02924036509374374,0.00821606017183783,159,10,137
cast19,rr,60,0.02,weighted_cv,217,2307,936,0,0,0.011783939828162171,0.03706287291548346,0.0324401432583523,0.02924036509374374,0.00821606017183783,159,10,137
cast19,rr,60,0.02,active_cv,217,2296,936,0,0,0.011783939828162171,0.1050192588369849,0.0324401432583523,0.02924036509374374,0.00821606017183783,159,10,137
cast19,rr,60,0.02,weighted_cvl,217,2297,936,0,0,0.011783939828162171,0.026181169607590798,0.0324401432583523,0.02924036509374374,0.00821606017183783,159,10,137
cast19,rr,60,0.02,uniform,218,2304,915,0,0,0.021289646577096866,0.07458015267336085,0.03264868635424717,0.037870593143190384,-0.0012896465770968653,159,10,138
cast19,rr,60,0.02,uniform_nz,218,2264,915,0,0,0.021289646577096866,0.0423872605879567,0.03264868635424717,0.037870593143190384,-0.0012896465770968653,159,10,138
cast19,rr,60,0.02,weighted,218,2257,915,0,0,0.021289646577096866,0.03264868635424717,0.03264868635424717,0.037870593143190384,-0.0012896465770968653,159,10,138
cast19,rr,60,0.02,active_judge,218,2282,915,0,0,0.021289646577096866,0.07540116430089357,0.03264868635424717,0.037870593143190384,-0.0012896465770968653,159,10,138
cast19,rr,60,0.02,strat_pilot,218,2281,915,0,0,0.021289646577096866,0.03264123240385146,0.03264868635424717,0.037870593143190384,-0.0012896465770968653,159,10,138
cast19,rr,60,0.02,weighted_cv,218,2273,915,0,0,0.021289646577096866,0.0446121155185092,0.03264868635424717,0.037870593143190384,-0.0012896465770968653,159,10,138
cast19,rr,60,0.02,active_cv,218,2294,915,0,0,0.021289646577096866,0.08782143322923444,0.03264868635424717,0.037870593143190384,-0.0012896465770968653,159,10,138
cast19,rr,60,0.02,weighted_cvl,218,2296,915,0,0,0.021289646577096866,0.0446121155185092,0.03264868635424717,0.037870593143190384,-0.0012896465770968653,159,10,138
cast19,rr,60,0.02,uniform,219,2178,1055,0,0,0.004764258375082042,0.16707837241162257,0.025563404302953962,0.01872113725054902,0.015235741624917958,159,8,138
cast19,rr,60,0.02,uniform_nz,219,2097,1055,1,0,0.004764258375082042,0.05861904203679643,0.025563404302953962,0.01872113725054902,0.015235741624917958,159,8,138
cast19,rr,60,0.02,weighted,219,2098,1055,1,0,0.004764258375082042,0.025563404302953962,0.025563404302953962,0.01872113725054902,0.015235741624917958,159,8,138
cast19,rr,60,0.02,active_judge,219,2128,1055,0,0,0.004764258375082042,0.05776052141399633,0.025563404302953962,0.01872113725054902,0.015235741624917958,159,8,138
cast19,rr,60,0.02,strat_pilot,219,2121,1055,1,0,0.004764258375082042,0.025547419121445182,0.025563404302953962,0.01872113725054902,0.015235741624917958,159,8,138
cast19,rr,60,0.02,weighted_cv,219,2122,1055,1,0,0.004764258375082042,0.02455849451897487,0.025563404302953962,0.01872113725054902,0.015235741624917958,159,8,138
cast19,rr,60,0.02,active_cv,219,2135,1055,0,0,0.004764258375082042,0.04825349769923706,0.025563404302953962,0.01872113725054902,0.015235741624917958,159,8,138
cast19,rr,60,0.02,weighted_cvl,219,2133,1055,1,0,0.004764258375082042,0.017306653963402297,0.025563404302953962,0.01872113725054902,0.015235741624917958,159,8,138
cast19,rr,60,0.02,uniform,220,2334,959,1,0,0.0,0.23542177438507358,0.05661134523611709,0.04700951454843299,0.02,159,10,137
cast19,rr,60,0.02,uniform_nz,220,2367,959,1,0,0.0,0.10185989773337498,0.05661134523611709,0.04700951454843299,0.02,159,10,137
cast19,rr,60,0.02,weighted,220,2302,959,1,0,0.0,0.05661134523611709,0.05661134523611709,0.04700951454843299,0.02,159,10,137
cast19,rr,60,0.02,active_judge,220,2325,959,1,0,0.0,0.15892885221995223,0.05661134523611709,0.04700951454843299,0.02,159,10,137
cast19,rr,60,0.02,strat_pilot,220,2313,959,1,0,0.0,0.05622948240867272,0.05661134523611709,0.04700951454843299,0.02,159,10,137
cast19,rr,60,0.02,weighted_cv,220,2350,959,1,0,0.0,0.05596923691080531,0.05661134523611709,0.04700951454843299,0.02,159,10,137
cast19,rr,60,0.02,active_cv,220,2315,959,1,0,0.0,0.08453490414936149,0.05661134523611709,0.04700951454843299,0.02,159,10,137
cast19,rr,60,0.02,weighted_cvl,220,2352,959,1,0,0.0,0.038079200013570236,0.05661134523611709,0.04700951454843299,0.02,159,10,137
cast19,rr,60,0.02,uniform,221,2321,983,0,0,0.0,0.6564191548103162,0.06577883481610303,0.0576947255929286,0.02,159,10,137
cast19,rr,60,0.02,uniform_nz,221,2347,983,1,0,0.0,0.26692090318168227,0.06577883481610303,0.0576947255929286,0.02,159,10,137
cast19,rr,60,0.02,weighted,221,2327,983,1,0,0.0,0.06577883481610303,0.06577883481610303,0.0576947255929286,0.02,159,10,137
cast19,rr,60,0.02,active_judge,221,2351,983,1,0,0.0,0.16282217076836497,0.06577883481610303,0.0576947255929286,0.02,159,10,137
cast19,rr,60,0.02,strat_pilot,221,2327,983,1,0,0.0,0.06568855857089792,0.06577883481610303,0.0576947255929286,0.02,159,10,137
cast19,rr,60,0.02,weighted_cv,221,2363,983,0,0,0.0,0.07618459762582074,0.06577883481610303,0.0576947255929286,0.02,159,10,137
cast19,rr,60,0.02,active_cv,221,2341,983,1,0,0.0,0.09774917913106848,0.06577883481610303,0.0576947255929286,0.02,159,10,137
cast19,rr,60,0.02,weighted_cvl,221,2298,983,1,0,0.0,0.06933279886937312,0.06577883481610303,0.0576947255929286,0.02,159,10,137
cast19,rr,60,0.02,uniform,222,2320,999,0,0,0.0,0.21738247901695656,0.058863934212154835,0.05842609619909728,0.02,159,10,137
cast19,rr,60,0.02,uniform_nz,222,2348,999,1,0,0.0,0.0871790652011046,0.058863934212154835,0.05842609619909728,0.02,159,10,137
cast19,rr,60,0.02,weighted,222,2365,999,1,0,0.0,0.058863934212154835,0.058863934212154835,0.05842609619909728,0.02,159,10,137
cast19,rr,60,0.02,active_judge,222,2389,999,0,0,0.0,0.14571113324730348,0.058863934212154835,0.05842609619909728,0.02,159,10,137
cast19,rr,60,0.02,strat_pilot,222,2308,999,1,0,0.0,0.05852960453150795,0.058863934212154835,0.05842609619909728,0.02,159,10,137
cast19,rr,60,0.02,weighted_cv,222,2416,999,1,0,0.0,0.07866441914998071,0.058863934212154835,0.05842609619909728,0.02,159,10,137
cast19,rr,60,0.02,active_cv,222,2381,999,0,0,0.0,0.1337700850621891,0.058863934212154835,0.05842609619909728,0.02,159,10,137
cast19,rr,60,0.02,weighted_cvl,222,2339,999,1,0,0.0,0.058031391310824465,0.058863934212154835,0.05842609619909728,0.02,159,10,137
cast19,rr,60,0.02,uniform,223,2200,971,0,0,0.0,0.305482311491293,0.025340641404195396,0.03933340889416739,0.02,159,9,129
cast19,rr,60,0.02,uniform_nz,223,2053,971,0,0,0.0,0.09527436861484256,0.025340641404195396,0.03933340889416739,0.02,159,9,129
cast19,rr,60,0.02,weighted,223,2131,971,1,0,0.0,0.025340641404195396,0.025340641404195396,0.03933340889416739,0.02,159,9,129
cast19,rr,60,0.02,active_judge,223,2119,971,0,0,0.0,0.07834560229245255,0.025340641404195396,0.03933340889416739,0.02,159,9,129
cast19,rr,60,0.02,strat_pilot,223,2092,971,0,0,0.0,0.02466523245646383,0.025340641404195396,0.03933340889416739,0.02,159,9,129
cast19,rr,60,0.02,weighted_cv,223,2133,971,1,0,0.0,0.029294108718005203,0.025340641404195396,0.03933340889416739,0.02,159,9,129
cast19,rr,60,0.02,active_cv,223,2086,971,1,0,0.0,0.04304519740890344,0.025340641404195396,0.03933340889416739,0.02,159,9,129
cast19,rr,60,0.02,weighted_cvl,223,2072,971,1,0,0.0,0.014965974308799401,0.025340641404195396,0.03933340889416739,0.02,159,9,129
cast19,rr,60,0.02,uniform,224,2289,955,0,0,0.007920350477379434,0.24264272018618138,0.0531800704575065,0.029985815031749893,0.012079649522620566,159,10,137
cast19,rr,60,0.02,uniform_nz,224,2301,955,0,0,0.007920350477379434,0.10978017864473122,0.0531800704575065,0.029985815031749893,0.012079649522620566,159,10,137
cast19,rr,60,0.02,weighted,224,2330,955,0,0,0.007920350477379434,0.0531800704575065,0.0531800704575065,0.029985815031749893,0.012079649522620566,159,10,137
cast19,rr,60,0.02,active_judge,224,2301,955,0,0,0.007920350477379434,0.19251220419221332,0.0531800704575065,0.029985815031749893,0.012079649522620566,159,10,137
cast19,rr,60,0.02,strat_pilot,224,2324,955,0,0,0.007920350477379434,0.05303301356601307,0.0531800704575065,0.029985815031749893,0.012079649522620566,159,10,137
cast19,rr,60,0.02,weighted_cv,224,2375,955,1,0,0.007920350477379434,0.060844375505514005,0.0531800704575065,0.029985815031749893,0.012079649522620566,159,10,137
cast19,rr,60,0.02,active_cv,224,2318,955,1,0,0.007920350477379434,0.1070401414829775,0.0531800704575065,0.029985815031749893,0.012079649522620566,159,10,137
cast19,rr,60,0.02,weighted_cvl,224,2336,955,0,0,0.007920350477379434,0.03787378730797602,0.0531800704575065,0.029985815031749893,0.012079649522620566,159,10,137
cast19,rr,60,0.02,uniform,225,2347,983,0,0,0.0,0.2730353609695676,0.08471625675216905,0.023575191158681542,0.02,159,10,137
cast19,rr,60,0.02,uniform_nz,225,2368,983,0,0,0.0,0.10780047318901831,0.08471625675216905,0.023575191158681542,0.02,159,10,137
cast19,rr,60,0.02,weighted,225,2338,983,1,0,0.0,0.08471625675216905,0.08471625675216905,0.023575191158681542,0.02,159,10,137
cast19,rr,60,0.02,active_judge,225,2319,983,0,0,0.0,0.1483685849739473,0.08471625675216905,0.023575191158681542,0.02,159,10,137
cast19,rr,60,0.02,strat_pilot,225,2320,983,1,0,0.0,0.08470675970874984,0.08471625675216905,0.023575191158681542,0.02,159,10,137
cast19,rr,60,0.02,weighted_cv,225,2354,983,1,0,0.0,0.052231868419696625,0.08471625675216905,0.023575191158681542,0.02,159,10,137
cast19,rr,60,0.02,active_cv,225,2359,983,0,0,0.0,0.08623524093771699,0.08471625675216905,0.023575191158681542,0.02,159,10,137
cast19,rr,60,0.02,weighted_cvl,225,2361,983,1,0,0.0,0.04213601262949373,0.08471625675216905,0.023575191158681542,0.02,159,10,137
cast19,rr,60,0.02,uniform,226,2420,1000,0,0,0.004745301045279038,0.14985368104779936,0.045674972212461515,0.0262281179479322,0.015254698954720963,159,10,137
cast19,rr,60,0.02,uniform_nz,226,2424,1000,0,0,0.004745301045279038,0.05906510835555567,0.045674972212461515,0.0262281179479322,0.015254698954720963,159,10,137
cast19,rr,60,0.02,weighted,226,2376,1000,1,0,0.004745301045279038,0.045674972212461515,0.045674972212461515,0.0262281179479322,0.015254698954720963,159,10,137
cast19,rr,60,0.02,active_judge,226,2338,1000,0,0,0.004745301045279038,0.08461090409069737,0.045674972212461515,0.0262281179479322,0.015254698954720963,159,10,137
cast19,rr,60,0.02,strat_pilot,226,2373,1000,1,0,0.004745301045279038,0.04582884304648828,0.045674972212461515,0.0262281179479322,0.015254698954720963,159,10,137
cast19,rr,60,0.02,weighted_cv,226,2383,1000,0,0,0.004745301045279038,0.07049153659406611,0.045674972212461515,0.0262281179479322,0.015254698954720963,159,10,137
cast19,rr,60,0.02,active_cv,226,2385,1000,1,0,0.004745301045279038,0.1349518401468664,0.045674972212461515,0.0262281179479322,0.015254698954720963,159,10,137
cast19,rr,60,0.02,weighted_cvl,226,2348,1000,1,0,0.004745301045279038,0.031842854193426307,0.045674972212461515,0.0262281179479322,0.015254698954720963,159,10,137
cast19,rr,60,0.02,uniform,227,2350,1018,0,0,0.0011446263300495252,0.12357486985218194,0.04237665384215221,0.04153186701960089,0.018855373669950475,159,10,137
cast19,rr,60,0.02,uniform_nz,227,2371,1018,1,0,0.0011446263300495252,0.04592649700408833,0.04237665384215221,0.04153186701960089,0.018855373669950475,159,10,137
cast19,rr,60,0.02,weighted,227,2427,1018,0,0,0.0011446263300495252,0.04237665384215221,0.04237665384215221,0.04153186701960089,0.018855373669950475,159,10,137
cast19,rr,60,0.02,active_judge,227,2392,1018,0,0,0.0011446263300495252,0.08947967307811835,0.04237665384215221,0.04153186701960089,0.018855373669950475,159,10,137
cast19,rr,60,0.02,strat_pilot,227,2394,1018,0,0,0.0011446263300495252,0.04239460225024945,0.04237665384215221,0.04153186701960089,0.018855373669950475,159,10,137
cast19,rr,60,0.02,weighted_cv,227,2396,1018,1,0,0.0011446263300495252,0.045049429594970006,0.04237665384215221,0.04153186701960089,0.018855373669950475,159,10,137
cast19,rr,60,0.02,active_cv,227,2372,1018,0,0,0.0011446263300495252,0.0636673540132006,0.04237665384215221,0.04153186701960089,0.018855373669950475,159,10,137
cast19,rr,60,0.02,weighted_cvl,227,2327,1018,1,0,0.0011446263300495252,0.02295589021312137,0.04237665384215221,0.04153186701960089,0.018855373669950475,159,10,137
cast19,rr,60,0.02,uniform,228,2278,889,0,0,0.0,0.7246161358595484,0.11555597740057902,0.07748415339502633,0.02,159,10,137
cast19,rr,60,0.02,uniform_nz,228,2191,889,1,0,0.0,0.38807309563122633,0.11555597740057902,0.07748415339502633,0.02,159,10,137
cast19,rr,60,0.02,weighted,228,2255,889,1,0,0.0,0.11555597740057902,0.11555597740057902,0.07748415339502633,0.02,159,10,137
cast19,rr,60,0.02,active_judge,228,2266,889,1,0,0.0,0.21776996985710334,0.11555597740057902,0.07748415339502633,0.02,159,10,137
cast19,rr,60,0.02,strat_pilot,228,2222,889,1,0,0.0,0.11558264201852934,0.11555597740057902,0.07748415339502633,0.02,159,10,137
cast19,rr,60,0.02,weighted_cv,228,2258,889,1,0,0.0,0.09998864646184771,0.11555597740057902,0.07748415339502633,0.02,159,10,137
cast19,rr,60,0.02,active_cv,228,2219,889,1,0,0.0,0.14839103927710912,0.11555597740057902,0.07748415339502633,0.02,159,10,137
cast19,rr,60,0.02,weighted_cvl,228,2243,889,1,0,0.0,0.07592805241296631,0.11555597740057902,0.07748415339502633,0.02,159,10,137
cast19,rr,60,0.02,uniform,229,2377,985,0,0,0.008524905452858222,0.20059379769205027,0.0587038028710564,0.037787354245491275,0.011475094547141778,159,10,137
cast19,rr,60,0.02,uniform_nz,229,2390,985,0,0,0.008524905452858222,0.08945312462215904,0.0587038028710564,0.037787354245491275,0.011475094547141778,159,10,137
cast19,rr,60,0.02,weighted,229,2336,985,1,0,0.008524905452858222,0.0587038028710564,0.0587038028710564,0.037787354245491275,0.011475094547141778,159,10,137
cast19,rr,60,0.02,active_judge,229,2349,985,0,0,0.008524905452858222,0.17113737049945169,0.0587038028710564,0.037787354245491275,0.011475094547141778,159,10,137
cast19,rr,60,0.02,strat_pilot,229,2360,985,0,0,0.008524905452858222,0.05886150895782616,0.0587038028710564,0.037787354245491275,0.011475094547141778,159,10,137
cast19,rr,60,0.02,weighted_cv,229,2349,985,1,0,0.008524905452858222,0.026776380665275896,0.0587038028710564,0.037787354245491275,0.011475094547141778,159,10,137
cast19,rr,60,0.02,active_cv,229,2324,985,0,0,0.008524905452858222,0.033852123727536064,0.0587038028710564,0.037787354245491275,0.011475094547141778,159,10,137
cast19,rr,60,0.02,weighted_cvl,229,2339,985,0,0,0.008524905452858222,0.021136905416639856,0.0587038028710564,0.037787354245491275,0.011475094547141778,159,10,137
cast19,rr,60,0.02,uniform,230,2421,1075,0,0,0.0,0.13845332599816457,0.044068622632959964,0.05270137842534682,0.02,159,10,137
cast19,rr,60,0.02,uniform_nz,230,2469,1075,1,0,0.0,0.05562562629241095,0.044068622632959964,0.05270137842534682,0.02,159,10,137
cast19,rr,60,0.02,weighted,230,2462,1075,0,0,0.0,0.044068622632959964,0.044068622632959964,0.05270137842534682,0.02,159,10,137
cast19,rr,60,0.02,active_judge,230,2462,1075,1,0,0.0,0.10879310134486206,0.044068622632959964,0.05270137842534682,0.02,159,10,137
cast19,rr,60,0.02,strat_pilot,230,2473,1075,1,0,0.0,0.04392481048166597,0.044068622632959964,0.05270137842534682,0.02,159,10,137
cast19,rr,60,0.02,weighted_cv,230,2462,1075,1,0,0.0,0.08020271120655884,0.044068622632959964,0.05270137842534682,0.02,159,10,137
cast19,rr,60,0.02,active_cv,230,2417,1075,1,0,0.0,0.14052974514387095,0.044068622632959964,0.05270137842534682,0.02,159,10,137
cast19,rr,60,0.02,weighted_cvl,230,2391,1075,1,0,0.0,0.03078588653130243,0.044068622632959964,0.05270137842534682,0.02,159,10,137
cast19,rr,60,0.02,uniform,231,2407,1018,0,0,0.0014496393573874,0.19680399172773308,0.043684462837079864,0.03155496249536498,0.0185503606426126,159,10,137
cast19,rr,60,0.02,uniform_nz,231,2393,1018,0,0,0.0014496393573874,0.09212110422372169,0.043684462837079864,0.03155496249536498,0.0185503606426126,159,10,137
cast19,rr,60,0.02,weighted,231,2374,1018,0,0,0.0014496393573874,0.043684462837079864,0.043684462837079864,0.03155496249536498,0.0185503606426126,159,10,137
cast19,rr,60,0.02,active_judge,231,2376,1018,0,0,0.0014496393573874,0.12776058847506686,0.043684462837079864,0.03155496249536498,0.0185503606426126,159,10,137
cast19,rr,60,0.02,strat_pilot,231,2419,1018,1,0,0.0014496393573874,0.04328948422760558,0.043684462837079864,0.03155496249536498,0.0185503606426126,159,10,137
cast19,rr,60,0.02,weighted_cv,231,2388,1018,0,0,0.0014496393573874,0.04564519404935866,0.043684462837079864,0.03155496249536498,0.0185503606426126,159,10,137
cast19,rr,60,0.02,active_cv,231,2407,1018,0,0,0.0014496393573874,0.06375322599248133,0.043684462837079864,0.03155496249536498,0.0185503606426126,159,10,137
cast19,rr,60,0.02,weighted_cvl,231,2365,1018,0,0,0.0014496393573874,0.026950709465514,0.043684462837079864,0.03155496249536498,0.0185503606426126,159,10,137
cast19,rr,60,0.02,uniform,232,2213,921,0,0,0.0,0.24466014134585512,0.08763016194876652,0.023064174210273965,0.02,159,10,137
cast19,rr,60,0.02,uniform_nz,232,2320,921,0,0,0.0,0.11564311991996083,0.08763016194876652,0.023064174210273965,0.02,159,10,137
cast19,rr,60,0.02,weighted,232,2261,921,1,0,0.0,0.08763016194876652,0.08763016194876652,0.023064174210273965,0.02,159,10,137
cast19,rr,60,0.02,active_judge,232,2317,921,0,0,0.0,0.21804329294490693,0.08763016194876652,0.023064174210273965,0.02,159,10,137
cast19,rr,60,0.02,strat_pilot,232,2292,921,1,0,0.0,0.08745378639175941,0.08763016194876652,0.023064174210273965,0.02,159,10,137
cast19,rr,60,0.02,weighted_cv,232,2280,921,1,0,0.0,0.07721581668289253,0.08763016194876652,0.023064174210273965,0.02,159,10,137
cast19,rr,60,0.02,active_cv,232,2324,921,1,0,0.0,0.11164335926825279,0.08763016194876652,0.023064174210273965,0.02,159,10,137
cast19,rr,60,0.02,weighted_cvl,232,2269,921,1,0,0.0,0.0475439873151626,0.08763016194876652,0.023064174210273965,0.02,159,10,137
cast19,rr,60,0.02,uniform,233,2350,1009,0,0,0.0,0.20835636636317156,0.05867072749092304,0.02717936756375644,0.02,159,10,137
cast19,rr,60,0.02,uniform_nz,233,2414,1009,1,0,0.0,0.08033380886521158,0.05867072749092304,0.02717936756375644,0.02,159,10,137
cast19,rr,60,0.02,weighted,233,2402,1009,1,0,0.0,0.05867072749092304,0.05867072749092304,0.02717936756375644,0.02,159,10,137
cast19,rr,60,0.02,active_judge,233,2362,1009,0,0,0.0,0.1148571555298415,0.05867072749092304,0.02717936756375644,0.02,159,10,137
cast19,rr,60,0.02,strat_pilot,233,2401,1009,1,0,0.0,0.05860026076660433,0.05867072749092304,0.02717936756375644,0.02,159,10,137
cast19,rr,60,0.02,weighted_cv,233,2400,1009,1,0,0.0,0.0458993994158788,0.05867072749092304,0.02717936756375644,0.02,159,10,137
cast19,rr,60,0.02,active_cv,233,2350,1009,0,0,0.0,0.05998486552480198,0.05867072749092304,0.02717936756375644,0.02,159,10,137
cast19,rr,60,0.02,weighted_cvl,233,2404,1009,1,0,0.0,0.039275139776113244,0.05867072749092304,0.02717936756375644,0.02,159,10,137
cast19,rr,60,0.02,uniform,234,2424,1010,0,0,0.0,0.28512138152749966,0.08408383575383925,0.044554770079235015,0.02,159,10,137
cast19,rr,60,0.02,uniform_nz,234,2384,1010,0,0,0.0,0.11209298544538973,0.08408383575383925,0.044554770079235015,0.02,159,10,137
cast19,rr,60,0.02,weighted,234,2376,1010,1,0,0.0,0.08408383575383925,0.08408383575383925,0.044554770079235015,0.02,159,10,137
cast19,rr,60,0.02,active_judge,234,2355,1010,0,0,0.0,0.20625708432982198,0.08408383575383925,0.044554770079235015,0.02,159,10,137
cast19,rr,60,0.02,strat_pilot,234,2346,1010,1,0,0.0,0.08406303151160226,0.08408383575383925,0.044554770079235015,0.02,159,10,137
cast19,rr,60,0.02,weighted_cv,234,2350,1010,1,0,0.0,0.04767343638186651,0.08408383575383925,0.044554770079235015,0.02,159,10,137
cast19,rr,60,0.02,active_cv,234,2350,1010,0,0,0.0,0.06508560469531939,0.08408383575383925,0.044554770079235015,0.02,159,10,137
cast19,rr,60,0.02,weighted_cvl,234,2406,1010,1,0,0.0,0.032354842573632255,0.08408383575383925,0.044554770079235015,0.02,159,10,137
cast19,rr,60,0.02,uniform,235,2058,945,0,0,0.0,0.08890720917770932,0.02160792222187376,0.03759022539208298,0.02,159,8,137
cast19,rr,60,0.02,uniform_nz,235,1997,945,1,0,0.0,0.023076961189011563,0.02160792222187376,0.03759022539208298,0.02,159,8,137
cast19,rr,60,0.02,weighted,235,2048,945,1,0,0.0,0.02160792222187376,0.02160792222187376,0.03759022539208298,0.02,159,8,137
cast19,rr,60,0.02,active_judge,235,2037,945,1,0,0.0,0.048185109447218585,0.02160792222187376,0.03759022539208298,0.02,159,8,137
cast19,rr,60,0.02,strat_pilot,235,2008,945,1,0,0.0,0.021600181003787734,0.02160792222187376,0.03759022539208298,0.02,159,8,137
cast19,rr,60,0.02,weighted_cv,235,1987,945,1,0,0.0,0.04002909064412931,0.02160792222187376,0.03759022539208298,0.02,159,8,137
cast19,rr,60,0.02,active_cv,235,2042,945,1,0,0.0,0.05956745177225722,0.02160792222187376,0.03759022539208298,0.02,159,8,137
cast19,rr,60,0.02,weighted_cvl,235,2050,945,1,0,0.0,0.016296314491186535,0.02160792222187376,0.03759022539208298,0.02,159,8,137
cast19,rr,60,0.02,uniform,236,2190,1053,0,0,0.0,0.1905498246954758,0.021581457450456358,0.03628761975898198,0.02,159,9,127
cast19,rr,60,0.02,uniform_nz,236,2198,1053,1,0,0.0,0.05440805868754679,0.021581457450456358,0.03628761975898198,0.02,159,9,127
cast19,rr,60,0.02,weighted,236,2181,1053,1,0,0.0,0.021581457450456358,0.021581457450456358,0.03628761975898198,0.02,159,9,127
cast19,rr,60,0.02,active_judge,236,2182,1053,0,0,0.0,0.06604717570378456,0.021581457450456358,0.03628761975898198,0.02,159,9,127
cast19,rr,60,0.02,strat_pilot,236,2223,1053,1,0,0.0,0.021373957610561607,0.021581457450456358,0.03628761975898198,0.02,159,9,127
cast19,rr,60,0.02,weighted_cv,236,2187,1053,1,0,0.0,0.03468600705701238,0.021581457450456358,0.03628761975898198,0.02,159,9,127
cast19,rr,60,0.02,active_cv,236,2125,1053,1,0,0.0,0.05993663394194563,0.021581457450456358,0.03628761975898198,0.02,159,9,127
cast19,rr,60,0.02,weighted_cvl,236,2147,1053,1,0,0.0,0.014408352384379024,0.021581457450456358,0.03628761975898198,0.02,159,9,127
cast19,rr,60,0.02,uniform,237,2301,963,0,0,0.0007070153465537632,0.186273736604322,0.04829912411762975,0.03827778020177214,0.019292984653446237,159,10,137
cast19,rr,60,0.02,uniform_nz,237,2294,963,0,0,0.0007070153465537632,0.09949329416574643,0.04829912411762975,0.03827778020177214,0.019292984653446237,159,10,137
cast19,rr,60,0.02,weighted,237,2335,963,1,0,0.0007070153465537632,0.04829912411762975,0.04829912411762975,0.03827778020177214,0.019292984653446237,159,10,137
cast19,rr,60,0.02,active_judge,237,2321,963,0,0,0.0007070153465537632,0.10174258329173909,0.04829912411762975,0.03827778020177214,0.019292984653446237,159,10,137
cast19,rr,60,0.02,strat_pilot,237,2277,963,0,0,0.0007070153465537632,0.04831464594179922,0.04829912411762975,0.03827778020177214,0.019292984653446237,159,10,137
cast19,rr,60,0.02,weighted_cv,237,2302,963,0,0,0.0007070153465537632,0.06716379496503289,0.04829912411762975,0.03827778020177214,0.019292984653446237,159,10,137
cast19,rr,60,0.02,active_cv,237,2290,963,0,0,0.0007070153465537632,0.10956030913628804,0.04829912411762975,0.03827778020177214,0.019292984653446237,159,10,137
cast19,rr,60,0.02,weighted_cvl,237,2327,963,1,0,0.0007070153465537632,0.03694798426395733,0.04829912411762975,0.03827778020177214,0.019292984653446237,159,10,137
cast19,rr,60,0.02,uniform,238,2397,965,1,0,0.0,0.16160038855042186,0.06131152855295844,0.06871521457073011,0.02,159,10,137
cast19,rr,60,0.02,uniform_nz,238,2344,965,0,0,0.0,0.07241794875391318,0.06131152855295844,0.06871521457073011,0.02,159,10,137
cast19,rr,60,0.02,weighted,238,2325,965,1,0,0.0,0.06131152855295844,0.06131152855295844,0.06871521457073011,0.02,159,10,137
cast19,rr,60,0.02,active_judge,238,2350,965,1,0,0.0,0.16188947667691367,0.06131152855295844,0.06871521457073011,0.02,159,10,137
cast19,rr,60,0.02,strat_pilot,238,2315,965,1,0,0.0,0.06119426638681449,0.06131152855295844,0.06871521457073011,0.02,159,10,137
cast19,rr,60,0.02,weighted_cv,238,2326,965,1,0,0.0,0.08662511719908712,0.06131152855295844,0.06871521457073011,0.02,159,10,137
cast19,rr,60,0.02,active_cv,238,2326,965,1,0,0.0,0.15635365922360578,0.06131152855295844,0.06871521457073011,0.02,159,10,137
cast19,rr,60,0.02,weighted_cvl,238,2367,965,1,0,0.0,0.0458588648934601,0.06131152855295844,0.06871521457073011,0.02,159,10,137
cast19,rr,60,0.02,uniform,239,2273,882,0,0,0.0,0.7893220618695208,0.11322910531284966,0.0818892352005391,0.02,159,10,138
cast19,rr,60,0.02,uniform_nz,239,2282,882,1,0,0.0,0.3346951263063735,0.11322910531284966,0.0818892352005391,0.02,159,10,138
cast19,rr,60,0.02,weighted,239,2273,882,1,0,0.0,0.11322910531284966,0.11322910531284966,0.0818892352005391,0.02,159,10,138
cast19,rr,60,0.02,active_judge,239,2240,882,0,0,0.0,0.2562991791895568,0.11322910531284966,0.0818892352005391,0.02,159,10,138
cast19,rr,60,0.02,strat_pilot,239,2262,882,1,0,0.0,0.11323134555399732,0.11322910531284966,0.0818892352005391,0.02,159,10,138
cast19,rr,60,0.02,weighted_cv,239,2245,882,1,0,0.0,0.060064441108704146,0.11322910531284966,0.0818892352005391,0.02,159,10,138
cast19,rr,60,0.02,active_cv,239,2245,882,0,0,0.0,0.07400439882393284,0.11322910531284966,0.0818892352005391,0.02,159,10,138
cast19,rr,60,0.02,weighted_cvl,239,2255,882,1,0,0.0,0.09285321895820497,0.11322910531284966,0.0818892352005391,0.02,159,10,138
cast19,rr,60,0.02,uniform,240,2363,1007,0,0,0.0,0.35327574880837354,0.1017226684802546,0.04040342782283151,0.02,159,10,138
cast19,rr,60,0.02,uniform_nz,240,2411,1007,1,0,0.0,0.14062053646351239,0.1017226684802546,0.04040342782283151,0.02,159,10,138
cast19,rr,60,0.02,weighted,240,2351,1007,1,0,0.0,0.1017226684802546,0.1017226684802546,0.04040342782283151,0.02,159,10,138
cast19,rr,60,0.02,active_judge,240,2347,1007,0,0,0.0,0.1933349875715536,0.1017226684802546,0.04040342782283151,0.02,159,10,138
cast19,rr,60,0.02,strat_pilot,240,2365,1007,1,0,0.0,0.10170891368060084,0.1017226684802546,0.04040342782283151,0.02,159,10,138
cast19,rr,60,0.02,weighted_cv,240,2369,1007,1,0,0.0,0.05786747385850612,0.1017226684802546,0.04040342782283151,0.02,159,10,138
cast19,rr,60,0.02,active_cv,240,2369,1007,1,0,0.0,0.08137953086038989,0.1017226684802546,0.04040342782283151,0.02,159,10,138
cast19,rr,60,0.02,weighted_cvl,240,2430,1007,1,0,0.0,0.05786747385850612,0.1017226684802546,0.04040342782283151,0.02,159,10,138
cast19,rr,60,0.02,uniform,241,2861,967,0,0,0.0,0.6302912654476469,0.14087093468744447,0.08060050587527368,0.02,159,14,136
cast19,rr,60,0.02,uniform_nz,241,2863,967,0,0,0.0,0.3664864122687919,0.14087093468744447,0.08060050587527368,0.02,159,14,136
cast19,rr,60,0.02,weighted,241,2905,967,1,0,0.0,0.14087093468744447,0.14087093468744447,0.08060050587527368,0.02,159,14,136
cast19,rr,60,0.02,active_judge,241,2836,967,1,0,0.0,0.29813185877807497,0.14087093468744447,0.08060050587527368,0.02,159,14,136
cast19,rr,60,0.02,strat_pilot,241,2903,967,1,0,0.0,0.14102313987888498,0.14087093468744447,0.08060050587527368,0.02,159,14,136
cast19,rr,60,0.02,weighted_cv,241,2875,967,1,0,0.0,0.12318769308599573,0.14087093468744447,0.08060050587527368,0.02,159,14,136
cast19,rr,60,0.02,active_cv,241,2849,967,1,0,0.0,0.16845855671774923,0.14087093468744447,0.08060050587527368,0.02,159,14,136
cast19,rr,60,0.02,weighted_cvl,241,2861,967,1,0,0.0,0.07152164145039694,0.14087093468744447,0.08060050587527368,0.02,159,14,136
cast19,rr,60,0.02,uniform,242,2114,969,0,0,0.005882053198852377,0.5811358925675456,0.058822966052557615,0.03373272703650279,0.014117946801147623,159,9,127
cast19,rr,60,0.02,uniform_nz,242,2060,969,0,0,0.005882053198852377,0.2405921419483678,0.058822966052557615,0.03373272703650279,0.014117946801147623,159,9,127
cast19,rr,60,0.02,weighted,242,2060,969,0,0,0.005882053198852377,0.058822966052557615,0.058822966052557615,0.03373272703650279,0.014117946801147623,159,9,127
cast19,rr,60,0.02,active_judge,242,2027,969,0,0,0.005882053198852377,0.1242779343457218,0.058822966052557615,0.03373272703650279,0.014117946801147623,159,9,127
cast19,rr,60,0.02,strat_pilot,242,2102,969,0,0,0.005882053198852377,0.058808606906302796,0.058822966052557615,0.03373272703650279,0.014117946801147623,159,9,127
cast19,rr,60,0.02,weighted_cv,242,2104,969,0,0,0.005882053198852377,0.0590530646134809,0.058822966052557615,0.03373272703650279,0.014117946801147623,159,9,127
cast19,rr,60,0.02,active_cv,242,2114,969,0,0,0.005882053198852377,0.08537375832696974,0.058822966052557615,0.03373272703650279,0.014117946801147623,159,9,127
cast19,rr,60,0.02,weighted_cvl,242,2096,969,0,0,0.005882053198852377,0.04024348713119179,0.058822966052557615,0.03373272703650279,0.014117946801147623,159,9,127
cast19,rr,60,0.02,uniform,243,2394,979,0,0,0.005718588029664462,0.09623659357611347,0.03790972438204833,0.024145050102385865,0.014281411970335538,159,10,137
cast19,rr,60,0.02,uniform_nz,243,2377,979,0,0,0.005718588029664462,0.04315023515383289,0.03790972438204833,0.024145050102385865,0.014281411970335538,159,10,137
cast19,rr,60,0.02,weighted,243,2350,979,0,0,0.005718588029664462,0.03790972438204833,0.03790972438204833,0.024145050102385865,0.014281411970335538,159,10,137
cast19,rr,60,0.02,active_judge,243,2353,979,0,0,0.005718588029664462,0.07601295001381417,0.03790972438204833,0.024145050102385865,0.014281411970335538,159,10,137
cast19,rr,60,0.02,strat_pilot,243,2356,979,0,0,0.005718588029664462,0.03788716439115216,0.03790972438204833,0.024145050102385865,0.014281411970335538,159,10,137
cast19,rr,60,0.02,weighted_cv,243,2356,979,0,0,0.005718588029664462,0.03653900333585346,0.03790972438204833,0.024145050102385865,0.014281411970335538,159,10,137
cast19,rr,60,0.02,active_cv,243,2333,979,1,0,0.005718588029664462,0.08541283869116126,0.03790972438204833,0.024145050102385865,0.014281411970335538,159,10,137
cast19,rr,60,0.02,weighted_cvl,243,2327,979,0,0,0.005718588029664462,0.02468653673182513,0.03790972438204833,0.024145050102385865,0.014281411970335538,159,10,137
cast19,rr,60,0.02,uniform,244,2272,921,0,0,0.012536146452239494,0.17905173070612007,0.05338919730733223,0.035812144239153236,0.0074638535477605066,159,10,137
cast19,rr,60,0.02,uniform_nz,244,2280,921,0,0,0.012536146452239494,0.08612468342273558,0.05338919730733223,0.035812144239153236,0.0074638535477605066,159,10,137
cast19,rr,60,0.02,weighted,244,2271,921,0,0,0.012536146452239494,0.05338919730733223,0.05338919730733223,0.035812144239153236,0.0074638535477605066,159,10,137
cast19,rr,60,0.02,active_judge,244,2315,921,1,0,0.012536146452239494,0.1601054714662659,0.05338919730733223,0.035812144239153236,0.0074638535477605066,159,10,137
cast19,rr,60,0.02,strat_pilot,244,2272,921,0,0,0.012536146452239494,0.05338861636499792,0.05338919730733223,0.035812144239153236,0.0074638535477605066,159,10,137
cast19,rr,60,0.02,weighted_cv,244,2317,921,0,0,0.012536146452239494,0.03738502457420144,0.05338919730733223,0.035812144239153236,0.0074638535477605066,159,10,137
cast19,rr,60,0.02,active_cv,244,2283,921,0,0,0.012536146452239494,0.04727516360155195,0.05338919730733223,0.035812144239153236,0.0074638535477605066,159,10,137
cast19,rr,60,0.02,weighted_cvl,244,2258,921,1,0,0.012536146452239494,0.02851298224734432,0.05338919730733223,0.035812144239153236,0.0074638535477605066,159,10,137
cast19,rr,60,0.02,uniform,245,2211,922,0,0,0.005882053198852377,1.051662557019072,0.1077665540225892,0.031244449723636006,0.014117946801147623,159,9,138
cast19,rr,60,0.02,uniform_nz,245,2165,922,0,0,0.005882053198852377,0.4682760866443729,0.1077665540225892,0.031244449723636006,0.014117946801147623,159,9,138
cast19,rr,60,0.02,weighted,245,2136,922,1,0,0.005882053198852377,0.1077665540225892,0.1077665540225892,0.031244449723636006,0.014117946801147623,159,9,138
cast19,rr,60,0.02,active_judge,245,2123,922,0,0,0.005882053198852377,0.22972615294748122,0.1077665540225892,0.031244449723636006,0.014117946801147623,159,9,138
cast19,rr,60,0.02,strat_pilot,245,2108,922,0,0,0.005882053198852377,0.1078020773617864,0.1077665540225892,0.031244449723636006,0.014117946801147623,159,9,138
cast19,rr,60,0.02,weighted_cv,245,2181,922,0,0,0.005882053198852377,0.059423846624309384,0.1077665540225892,0.031244449723636006,0.014117946801147623,159,9,138
cast19,rr,60,0.02,active_cv,245,2127,922,0,0,0.005882053198852377,0.07986137082574887,0.1077665540225892,0.031244449723636006,0.014117946801147623,159,9,138
cast19,rr,60,0.02,weighted_cvl,245,2132,922,0,0,0.005882053198852377,0.059423846624309384,0.1077665540225892,0.031244449723636006,0.014117946801147623,159,9,138
cast19,rr,60,0.02,uniform,246,2168,964,0,0,0.005882053198852377,0.2009872735660109,0.0563235845460079,0.019484549130817146,0.014117946801147623,159,9,129
cast19,rr,60,0.02,uniform_nz,246,2089,964,0,0,0.005882053198852377,0.07481676575300132,0.0563235845460079,0.019484549130817146,0.014117946801147623,159,9,129
cast19,rr,60,0.02,weighted,246,2085,964,0,0,0.005882053198852377,0.0563235845460079,0.0563235845460079,0.019484549130817146,0.014117946801147623,159,9,129
cast19,rr,60,0.02,active_judge,246,2093,964,0,0,0.005882053198852377,0.1367161665776292,0.0563235845460079,0.019484549130817146,0.014117946801147623,159,9,129
cast19,rr,60,0.02,strat_pilot,246,2091,964,0,0,0.005882053198852377,0.05595527794631409,0.0563235845460079,0.019484549130817146,0.014117946801147623,159,9,129
cast19,rr,60,0.02,weighted_cv,246,2084,964,1,0,0.005882053198852377,0.0633339694113145,0.0563235845460079,0.019484549130817146,0.014117946801147623,159,9,129
cast19,rr,60,0.02,active_cv,246,2050,964,0,0,0.005882053198852377,0.09227276388754001,0.0563235845460079,0.019484549130817146,0.014117946801147623,159,9,129
cast19,rr,60,0.02,weighted_cvl,246,2065,964,0,0,0.005882053198852377,0.0633339694113145,0.0563235845460079,0.019484549130817146,0.014117946801147623,159,9,129
cast19,rr,60,0.02,uniform,247,2023,930,0,0,0.0,0.18270315149498687,0.03745340189699141,0.025436125696591434,0.02,159,8,137
cast19,rr,60,0.02,uniform_nz,247,2022,930,1,0,0.0,0.06630269535947594,0.03745340189699141,0.025436125696591434,0.02,159,8,137
cast19,rr,60,0.02,weighted,247,2046,930,1,0,0.0,0.03745340189699141,0.03745340189699141,0.025436125696591434,0.02,159,8,137
cast19,rr,60,0.02,active_judge,247,2032,930,0,0,0.0,0.07763416284145583,0.03745340189699141,0.025436125696591434,0.02,159,8,137
cast19,rr,60,0.02,strat_pilot,247,1982,930,1,0,0.0,0.037410407867671205,0.03745340189699141,0.025436125696591434,0.02,159,8,137
cast19,rr,60,0.02,weighted_cv,247,2002,930,1,0,0.0,0.03413823093055497,0.03745340189699141,0.025436125696591434,0.02,159,8,137
cast19,rr,60,0.02,active_cv,247,1990,930,1,0,0.0,0.04879712999239287,0.03745340189699141,0.025436125696591434,0.02,159,8,137
cast19,rr,60,0.02,weighted_cvl,247,1981,930,1,0,0.0,0.02387677248324397,0.03745340189699141,0.025436125696591434,0.02,159,8,137
cast19,rr,60,0.02,uniform,248,2330,981,0,0,0.0,0.1496120062281384,0.058371933393266275,0.01413273533486551,0.02,159,10,137
cast19,rr,60,0.02,uniform_nz,248,2359,981,1,0,0.0,0.06790929076258377,0.058371933393266275,0.01413273533486551,0.02,159,10,137
cast19,rr,60,0.02,weighted,248,2360,981,1,0,0.0,0.058371933393266275,0.058371933393266275,0.01413273533486551,0.02,159,10,137
cast19,rr,60,0.02,active_judge,248,2350,981,0,0,0.0,0.12186564191529145,0.058371933393266275,0.01413273533486551,0.02,159,10,137
cast19,rr,60,0.02,strat_pilot,248,2374,981,1,0,0.0,0.05835919474914204,0.058371933393266275,0.01413273533486551,0.02,159,10,137
cast19,rr,60,0.02,weighted_cv,248,2304,981,1,0,0.0,0.05325564797855353,0.058371933393266275,0.01413273533486551,0.02,159,10,137
cast19,rr,60,0.02,active_cv,248,2347,981,1,0,0.0,0.08210864174988505,0.058371933393266275,0.01413273533486551,0.02,159,10,137
cast19,rr,60,0.02,weighted_cvl,248,2361,981,0,0,0.0,0.037132035443808144,0.058371933393266275,0.01413273533486551,0.02,159,10,137
cast19,rr,60,0.02,uniform,249,2412,1015,0,0,0.0,0.1736212975806301,0.04456625037800903,0.024077036479782467,0.02,159,10,137
cast19,rr,60,0.02,uniform_nz,249,2326,1015,0,0,0.0,0.05971268903920155,0.04456625037800903,0.024077036479782467,0.02,159,10,137
cast19,rr,60,0.02,weighted,249,2399,1015,0,0,0.0,0.04456625037800903,0.04456625037800903,0.024077036479782467,0.02,159,10,137
cast19,rr,60,0.02,active_judge,249,2367,1015,0,0,0.0,0.11134325282351491,0.04456625037800903,0.024077036479782467,0.02,159,10,137
cast19,rr,60,0.02,strat_pilot,249,2376,1015,1,0,0.0,0.044595341807903775,0.04456625037800903,0.024077036479782467,0.02,159,10,137
cast19,rr,60,0.02,weighted_cv,249,2388,1015,1,0,0.0,0.05914569499424223,0.04456625037800903,0.024077036479782467,0.02,159,10,137
cast19,rr,60,0.02,active_cv,249,2347,1015,1,0,0.0,0.15337526132032384,0.04456625037800903,0.024077036479782467,0.02,159,10,137
cast19,rr,60,0.02,weighted_cvl,249,2384,1015,1,0,0.0,0.028314524916064548,0.04456625037800903,0.024077036479782467,0.02,159,10,137
cast19,rr,60,0.02,uniform,250,2422,1038,0,0,0.0,0.8380079930753161,0.09442169733072606,0.07691967313127919,0.02,159,10,138
cast19,rr,60,0.02,uniform_nz,250,2402,1038,1,0,0.0,0.4322241211087835,0.09442169733072606,0.07691967313127919,0.02,159,10,138
cast19,rr,60,0.02,weighted,250,2380,1038,1,0,0.0,0.09442169733072606,0.09442169733072606,0.07691967313127919,0.02,159,10,138
cast19,rr,60,0.02,active_judge,250,2411,1038,0,0,0.0,0.22833655559491045,0.09442169733072606,0.07691967313127919,0.02,159,10,138
cast19,rr,60,0.02,strat_pilot,250,2443,1038,1,0,0.0,0.09451793627880509,0.09442169733072606,0.07691967313127919,0.02,159,10,138
cast19,rr,60,0.02,weighted_cv,250,2408,1038,1,0,0.0,0.05302037269599652,0.09442169733072606,0.07691967313127919,0.02,159,10,138
cast19,rr,60,0.02,active_cv,250,2422,1038,1,0,0.0,0.06935052252092325,0.09442169733072606,0.07691967313127919,0.02,159,10,138
cast19,rr,60,0.02,weighted_cvl,250,2458,1038,1,0,0.0,0.05302037269599652,0.09442169733072606,0.07691967313127919,0.02,159,10,138
cast19,rr,60,0.02,uniform,251,2870,911,0,0,0.011849972469302139,0.4282307258492783,0.09121392705129994,0.017670235380374703,0.008150027530697861,159,14,136
cast19,rr,60,0.02,uniform_nz,251,2855,911,0,0,0.011849972469302139,0.33046968083019096,0.09121392705129994,0.017670235380374703,0.008150027530697861,159,14,136
cast19,rr,60,0.02,weighted,251,2846,911,0,0,0.011849972469302139,0.09121392705129994,0.09121392705129994,0.017670235380374703,0.008150027530697861,159,14,136
cast19,rr,60,0.02,active_judge,251,2744,911,0,0,0.011849972469302139,0.2323770626239791,0.09121392705129994,0.017670235380374703,0.008150027530697861,159,14,136
cast19,rr,60,0.02,strat_pilot,251,2867,911,0,0,0.011849972469302139,0.09115615379700752,0.09121392705129994,0.017670235380374703,0.008150027530697861,159,14,136
cast19,rr,60,0.02,weighted_cv,251,2813,911,0,0,0.011849972469302139,0.07909173464136898,0.09121392705129994,0.017670235380374703,0.008150027530697861,159,14,136
cast19,rr,60,0.02,active_cv,251,2780,911,0,0,0.011849972469302139,0.1718266888637785,0.09121392705129994,0.017670235380374703,0.008150027530697861,159,14,136
cast19,rr,60,0.02,weighted_cvl,251,2797,911,0,0,0.011849972469302139,0.05353230501234459,0.09121392705129994,0.017670235380374703,0.008150027530697861,159,14,136
cast19,rr,60,0.02,uniform,252,2336,942,0,0,0.0,1.1899861156626805,0.12207434783114346,0.10105705019219624,0.02,159,10,138
cast19,rr,60,0.02,uniform_nz,252,2311,942,1,0,0.0,0.5899748067693087,0.12207434783114346,0.10105705019219624,0.02,159,10,138
cast19,rr,60,0.02,weighted,252,2297,942,1,0,0.0,0.12207434783114346,0.12207434783114346,0.10105705019219624,0.02,159,10,138
cast19,rr,60,0.02,active_judge,252,2315,942,1,0,0.0,0.30630163665273386,0.12207434783114346,0.10105705019219624,0.02,159,10,138
cast19,rr,60,0.02,strat_pilot,252,2283,942,1,0,0.0,0.1221584841253052,0.12207434783114346,0.10105705019219624,0.02,159,10,138
cast19,rr,60,0.02,weighted_cv,252,2335,942,1,0,0.0,0.09871451601772308,0.12207434783114346,0.10105705019219624,0.02,159,10,138
cast19,rr,60,0.02,active_cv,252,2308,942,1,0,0.0,0.17259551160016792,0.12207434783114346,0.10105705019219624,0.02,159,10,138
cast19,rr,60,0.02,weighted_cvl,252,2331,942,1,0,0.0,0.07999114489075823,0.12207434783114346,0.10105705019219624,0.02,159,10,138
cast19,rr,60,0.02,uniform,253,2402,983,0,0,0.0,0.6065644206008354,0.08557737474405629,0.050031950315131093,0.02,159,10,137
cast19,rr,60,0.02,uniform_nz,253,2367,983,1,0,0.0,0.32865529092563867,0.08557737474405629,0.050031950315131093,0.02,159,10,137
cast19,rr,60,0.02,weighted,253,2359,983,1,0,0.0,0.08557737474405629,0.08557737474405629,0.050031950315131093,0.02,159,10,137
cast19,rr,60,0.02,active_judge,253,2308,983,1,0,0.0,0.16750533694641004,0.08557737474405629,0.050031950315131093,0.02,159,10,137
cast19,rr,60,0.02,strat_pilot,253,2342,983,1,0,0.0,0.08559355476947673,0.08557737474405629,0.050031950315131093,0.02,159,10,137
cast19,rr,60,0.02,weighted_cv,253,2313,983,1,0,0.0,0.08160447705459373,0.08557737474405629,0.050031950315131093,0.02,159,10,137
cast19,rr,60,0.02,active_cv,253,2342,983,1,0,0.0,0.14417955035174496,0.08557737474405629,0.050031950315131093,0.02,159,10,137
cast19,rr,60,0.02,weighted_cvl,253,2352,983,1,0,0.0,0.04856009011555108,0.08557737474405629,0.050031950315131093,0.02,159,10,137
cast19,rr,60,0.02,uniform,254,2360,964,0,0,0.0016252954066341418,0.07235650167599987,0.03194523883156157,0.043916193743290255,0.01837470459336586,159,10,137
cast19,rr,60,0.02,uniform_nz,254,2306,964,0,0,0.0016252954066341418,0.033794569044600466,0.03194523883156157,0.043916193743290255,0.01837470459336586,159,10,137
cast19,rr,60,0.02,weighted,254,2301,964,1,0,0.0016252954066341418,0.03194523883156157,0.03194523883156157,0.043916193743290255,0.01837470459336586,159,10,137
cast19,rr,60,0.02,active_judge,254,2322,964,0,0,0.0016252954066341418,0.08425643388230097,0.03194523883156157,0.043916193743290255,0.01837470459336586,159,10,137
cast19,rr,60,0.02,strat_pilot,254,2341,964,1,0,0.0016252954066341418,0.03182374804489348,0.03194523883156157,0.043916193743290255,0.01837470459336586,159,10,137
cast19,rr,60,0.02,weighted_cv,254,2361,964,1,0,0.0016252954066341418,0.05299607949725109,0.03194523883156157,0.043916193743290255,0.01837470459336586,159,10,137
cast19,rr,60,0.02,active_cv,254,2325,964,0,0,0.0016252954066341418,0.09080223874972951,0.03194523883156157,0.043916193743290255,0.01837470459336586,159,10,137
cast19,rr,60,0.02,weighted_cvl,254,2324,964,1,0,0.0016252954066341418,0.025569560137118818,0.03194523883156157,0.043916193743290255,0.01837470459336586,159,10,137
cast19,rr,60,0.02,uniform,255,2399,980,1,0,0.0,0.22600592945959982,0.06485149226691307,0.059126132818588056,0.02,159,10,137
cast19,rr,60,0.02,uniform_nz,255,2400,980,1,0,0.0,0.08007335748219212,0.06485149226691307,0.059126132818588056,0.02,159,10,137
cast19,rr,60,0.02,weighted,255,2372,980,1,0,0.0,0.06485149226691307,0.06485149226691307,0.059126132818588056,0.02,159,10,137
cast19,rr,60,0.02,active_judge,255,2310,980,0,0,0.0,0.15928392321935908,0.06485149226691307,0.059126132818588056,0.02,159,10,137
cast19,rr,60,0.02,strat_pilot,255,2346,980,1,0,0.0,0.06441727973813703,0.06485149226691307,0.059126132818588056,0.02,159,10,137
cast19,rr,60,0.02,weighted_cv,255,2327,980,1,0,0.0,0.11084251269186407,0.06485149226691307,0.059126132818588056,0.02,159,10,137
cast19,rr,60,0.02,active_cv,255,2331,980,1,0,0.0,0.173247823016722,0.06485149226691307,0.059126132818588056,0.02,159,10,137
cast19,rr,60,0.02,weighted_cvl,255,2358,980,1,0,0.0,0.041993970701524684,0.06485149226691307,0.059126132818588056,0.02,159,10,137
cast19,rr,60,0.02,uniform,256,2386,1009,0,0,0.0,0.21620740717607045,0.07820312437634462,0.06146898335433132,0.02,159,10,137
cast19,rr,60,0.02,uniform_nz,256,2343,1009,1,0,0.0,0.09753811347935998,0.07820312437634462,0.06146898335433132,0.02,159,10,137
cast19,rr,60,0.02,weighted,256,2336,1009,1,0,0.0,0.07820312437634462,0.07820312437634462,0.06146898335433132,0.02,159,10,137
cast19,rr,60,0.02,active_judge,256,2365,1009,0,0,0.0,0.15523593707424804,0.07820312437634462,0.06146898335433132,0.02,159,10,137
cast19,rr,60,0.02,strat_pilot,256,2354,1009,1,0,0.0,0.0780810302648324,0.07820312437634462,0.06146898335433132,0.02,159,10,137
cast19,rr,60,0.02,weighted_cv,256,2421,1009,1,0,0.0,0.07882763019519341,0.07820312437634462,0.06146898335433132,0.02,159,10,137
cast19,rr,60,0.02,active_cv,256,2395,1009,0,0,0.0,0.11806750867065334,0.07820312437634462,0.06146898335433132,0.02,159,10,137
cast19,rr,60,0.02,weighted_cvl,256,2379,1009,1,0,0.0,0.04447325523959855,0.07820312437634462,0.06146898335433132,0.02,159,10,137
cast19,rr,60,0.02,uniform,257,2287,955,0,0,0.0,0.17782837430037332,0.052584678103176775,0.030584919977334826,0.02,159,10,137
cast19,rr,60,0.02,uniform_nz,257,2365,955,1,0,0.0,0.06373055937204353,0.052584678103176775,0.030584919977334826,0.02,159,10,137
cast19,rr,60,0.02,weighted,257,2346,955,1,0,0.0,0.052584678103176775,0.052584678103176775,0.030584919977334826,0.02,159,10,137
cast19,rr,60,0.02,active_judge,257,2338,955,1,0,0.0,0.139498450679976,0.052584678103176775,0.030584919977334826,0.02,159,10,137
cast19,rr,60,0.02,strat_pilot,257,2346,955,1,0,0.0,0.052216279972123816,0.052584678103176775,0.030584919977334826,0.02,159,10,137
cast19,rr,60,0.02,weighted_cv,257,2274,955,1,0,0.0,0.08636486148488035,0.052584678103176775,0.030584919977334826,0.02,159,10,137
cast19,rr,60,0.02,active_cv,257,2284,955,1,0,0.0,0.1453322780981003,0.052584678103176775,0.030584919977334826,0.02,159,10,137
cast19,rr,60,0.02,weighted_cvl,257,2331,955,1,0,0.0,0.04706243203389011,0.052584678103176775,0.030584919977334826,0.02,159,10,137
cast19,rr,60,0.02,uniform,258,2398,1034,0,0,0.005438621572935398,0.10298259238204269,0.03584701492631964,0.042946867952184956,0.014561378427064602,159,10,137
cast19,rr,60,0.02,uniform_nz,258,2411,1034,0,0,0.005438621572935398,0.040008818258646814,0.03584701492631964,0.042946867952184956,0.014561378427064602,159,10,137
cast19,rr,60,0.02,weighted,258,2397,1034,0,0,0.005438621572935398,0.03584701492631964,0.03584701492631964,0.042946867952184956,0.014561378427064602,159,10,137
cast19,rr,60,0.02,active_judge,258,2418,1034,0,0,0.005438621572935398,0.07967200415417897,0.03584701492631964,0.042946867952184956,0.014561378427064602,159,10,137
cast19,rr,60,0.02,strat_pilot,258,2418,1034,1,0,0.005438621572935398,0.035810734443295744,0.03584701492631964,0.042946867952184956,0.014561378427064602,159,10,137
cast19,rr,60,0.02,weighted_cv,258,2396,1034,1,0,0.005438621572935398,0.05461327955151456,0.03584701492631964,0.042946867952184956,0.014561378427064602,159,10,137
cast19,rr,60,0.02,active_cv,258,2402,1034,1,0,0.005438621572935398,0.11268299773518593,0.03584701492631964,0.042946867952184956,0.014561378427064602,159,10,137
cast19,rr,60,0.02,weighted_cvl,258,2439,1034,0,0,0.005438621572935398,0.02162129044808982,0.03584701492631964,0.042946867952184956,0.014561378427064602,159,10,137
cast19,rr,60,0.02,uniform,259,2332,951,1,0,0.0,0.8625902669489136,0.08679842585427057,0.046323763208269884,0.02,159,10,137
cast19,rr,60,0.02,uniform_nz,259,2314,951,0,0,0.0,0.42741571907061376,0.08679842585427057,0.046323763208269884,0.02,159,10,137
cast19,rr,60,0.02,weighted,259,2320,951,1,0,0.0,0.08679842585427057,0.08679842585427057,0.046323763208269884,0.02,159,10,137
cast19,rr,60,0.02,active_judge,259,2351,951,0,0,0.0,0.2311229632738791,0.08679842585427057,0.046323763208269884,0.02,159,10,137
cast19,rr,60,0.02,strat_pilot,259,2309,951,1,0,0.0,0.08671626836106414,0.08679842585427057,0.046323763208269884,0.02,159,10,137
cast19,rr,60,0.02,weighted_cv,259,2330,951,1,0,0.0,0.0768273214212933,0.08679842585427057,0.046323763208269884,0.02,159,10,137
cast19,rr,60,0.02,active_cv,259,2334,951,0,0,0.0,0.11507770972449727,0.08679842585427057,0.046323763208269884,0.02,159,10,137
cast19,rr,60,0.02,weighted_cvl,259,2310,951,1,0,0.0,0.04106502009816284,0.08679842585427057,0.046323763208269884,0.02,159,10,137
cast19,rr,60,0.02,uniform,260,2354,960,0,0,0.0,0.9431128508863388,0.07976995395058327,0.04873543059730637,0.02,159,10,137
cast19,rr,60,0.02,uniform_nz,260,2327,960,0,0,0.0,0.38972306538089563,0.07976995395058327,0.04873543059730637,0.02,159,10,137
cast19,rr,60,0.02,weighted,260,2324,960,1,0,0.0,0.07976995395058327,0.07976995395058327,0.04873543059730637,0.02,159,10,137
cast19,rr,60,0.02,active_judge,260,2276,960,1,0,0.0,0.15524899501207656,0.07976995395058327,0.04873543059730637,0.02,159,10,137
cast19,rr,60,0.02,strat_pilot,260,2332,960,1,0,0.0,0.07976692532943705,0.07976995395058327,0.04873543059730637,0.02,159,10,137
cast19,rr,60,0.02,weighted_cv,260,2330,960,1,0,0.0,0.06751467020585503,0.07976995395058327,0.04873543059730637,0.02,159,10,137
cast19,rr,60,0.02,active_cv,260,2313,960,1,0,0.0,0.1398887901469178,0.07976995395058327,0.04873543059730637,0.02,159,10,137
cast19,rr,60,0.02,weighted_cvl,260,2278,960,1,0,0.0,0.07976995395058327,0.07976995395058327,0.04873543059730637,0.02,159,10,137
cast19,rr,60,0.02,uniform,261,2076,952,0,0,0.014545606059203797,0.6593615436944449,0.04229313839913335,0.03296313004273363,0.005454393940796203,159,8,138
cast19,rr,60,0.02,uniform_nz,261,2022,952,0,0,0.014545606059203797,0.15152008705541975,0.04229313839913335,0.03296313004273363,0.005454393940796203,159,8,138
cast19,rr,60,0.02,weighted,261,2050,952,0,0,0.014545606059203797,0.04229313839913335,0.04229313839913335,0.03296313004273363,0.005454393940796203,159,8,138
cast19,rr,60,0.02,active_judge,261,2017,952,0,0,0.014545606059203797,0.08851959883075593,0.04229313839913335,0.03296313004273363,0.005454393940796203,159,8,138
cast19,rr,60,0.02,strat_pilot,261,2061,952,0,0,0.014545606059203797,0.0422745692207693,0.04229313839913335,0.03296313004273363,0.005454393940796203,159,8,138
cast19,rr,60,0.02,weighted_cv,261,2042,952,0,0,0.014545606059203797,0.03233476011341964,0.04229313839913335,0.03296313004273363,0.005454393940796203,159,8,138
cast19,rr,60,0.02,active_cv,261,2007,952,0,0,0.014545606059203797,0.046684514544271576,0.04229313839913335,0.03296313004273363,0.005454393940796203,159,8,138
cast19,rr,60,0.02,weighted_cvl,261,2051,952,0,0,0.014545606059203797,0.019478056077156188,0.04229313839913335,0.03296313004273363,0.005454393940796203,159,8,138
cast19,rr,60,0.02,uniform,262,2321,965,0,0,0.0008973792106238276,0.22340423693740702,0.08577717683592319,0.033413720996925335,0.019102620789376173,159,10,137
cast19,rr,60,0.02,uniform_nz,262,2311,965,0,0,0.0008973792106238276,0.11351908875635593,0.08577717683592319,0.033413720996925335,0.019102620789376173,159,10,137
cast19,rr,60,0.02,weighted,262,2364,965,0,0,0.0008973792106238276,0.08577717683592319,0.08577717683592319,0.033413720996925335,0.019102620789376173,159,10,137
cast19,rr,60,0.02,active_judge,262,2325,965,1,0,0.0008973792106238276,0.18903470109294224,0.08577717683592319,0.033413720996925335,0.019102620789376173,159,10,137
cast19,rr,60,0.02,strat_pilot,262,2337,965,1,0,0.0008973792106238276,0.08578006989251594,0.08577717683592319,0.033413720996925335,0.019102620789376173,159,10,137
cast19,rr,60,0.02,weighted_cv,262,2321,965,0,0,0.0008973792106238276,0.05896826832500531,0.08577717683592319,0.033413720996925335,0.019102620789376173,159,10,137
cast19,rr,60,0.02,active_cv,262,2294,965,0,0,0.0008973792106238276,0.08032599801148428,0.08577717683592319,0.033413720996925335,0.019102620789376173,159,10,137
cast19,rr,60,0.02,weighted_cvl,262,2320,965,0,0,0.0008973792106238276,0.04551111218995577,0.08577717683592319,0.033413720996925335,0.019102620789376173,159,10,137
cast19,rr,60,0.02,uniform,263,2068,934,0,0,0.0,0.10425645347372656,0.03643415174484945,0.041659758413241384,0.02,159,8,137
cast19,rr,60,0.02,uniform_nz,263,1992,934,1,0,0.0,0.040986716438132974,0.03643415174484945,0.041659758413241384,0.02,159,8,137
cast19,rr,60,0.02,weighted,263,2054,934,1,0,0.0,0.03643415174484945,0.03643415174484945,0.041659758413241384,0.02,159,8,137
cast19,rr,60,0.02,active_judge,263,2025,934,0,0,0.0,0.06694614996698203,0.03643415174484945,0.041659758413241384,0.02,159,8,137
cast19,rr,60,0.02,strat_pilot,263,2024,934,1,0,0.0,0.03642701191815491,0.03643415174484945,0.041659758413241384,0.02,159,8,137
cast19,rr,60,0.02,weighted_cv,263,2000,934,0,0,0.0,0.023937153311243835,0.03643415174484945,0.041659758413241384,0.02,159,8,137
cast19,rr,60,0.02,active_cv,263,2039,934,1,0,0.0,0.03747466040655737,0.03643415174484945,0.041659758413241384,0.02,159,8,137
cast19,rr,60,0.02,weighted_cvl,263,2019,934,1,0,0.0,0.032552686946859574,0.03643415174484945,0.041659758413241384,0.02,159,8,137
cast19,rr,60,0.02,uniform,264,2310,947,0,0,0.007338503537219432,0.15337026941481435,0.06097769059675142,0.06624646446380528,0.012661496462780569,159,10,137
cast19,rr,60,0.02,uniform_nz,264,2315,947,0,0,0.007338503537219432,0.06920953893666995,0.06097769059675142,0.06624646446380528,0.012661496462780569,159,10,137
cast19,rr,60,0.02,weighted,264,2327,947,1,0,0.007338503537219432,0.06097769059675142,0.06097769059675142,0.06624646446380528,0.012661496462780569,159,10,137
cast19,rr,60,0.02,active_judge,264,2312,947,0,0,0.007338503537219432,0.11983256320203402,0.06097769059675142,0.06624646446380528,0.012661496462780569,159,10,137
cast19,rr,60,0.02,strat_pilot,264,2352,947,1,0,0.007338503537219432,0.06092654308590806,0.06097769059675142,0.06624646446380528,0.012661496462780569,159,10,137
cast19,rr,60,0.02,weighted_cv,264,2318,947,1,0,0.007338503537219432,0.045015938769626514,0.06097769059675142,0.06624646446380528,0.012661496462780569,159,10,137
cast19,rr,60,0.02,active_cv,264,2277,947,1,0,0.007338503537219432,0.07265547193636748,0.06097769059675142,0.06624646446380528,0.012661496462780569,159,10,137
cast19,rr,60,0.02,weighted_cvl,264,2311,947,1,0,0.007338503537219432,0.03940090941191367,0.06097769059675142,0.06624646446380528,0.012661496462780569,159,10,137
cast19,rr,60,0.02,uniform,265,2344,973,0,0,0.0,0.24354691504845727,0.059945304547359704,0.03029965908928421,0.02,159,10,137
cast19,rr,60,0.02,uniform_nz,265,2280,973,1,0,0.0,0.0844708175126194,0.059945304547359704,0.03029965908928421,0.02,159,10,137
cast19,rr,60,0.02,weighted,265,2351,973,0,0,0.0,0.059945304547359704,0.059945304547359704,0.03029965908928421,0.02,159,10,137
cast19,rr,60,0.02,active_judge,265,2316,973,0,0,0.0,0.14204207908581376,0.059945304547359704,0.03029965908928421,0.02,159,10,137
cast19,rr,60,0.02,strat_pilot,265,2289,973,1,0,0.0,0.05994364347110591,0.059945304547359704,0.03029965908928421,0.02,159,10,137
cast19,rr,60,0.02,weighted_cv,265,2311,973,1,0,0.0,0.050869111212106397,0.059945304547359704,0.03029965908928421,0.02,159,10,137
cast19,rr,60,0.02,active_cv,265,2381,973,0,0,0.0,0.0666518723320579,0.059945304547359704,0.03029965908928421,0.02,159,10,137
cast19,rr,60,0.02,weighted_cvl,265,2352,973,0,0,0.0,0.04812601069520146,0.059945304547359704,0.03029965908928421,0.02,159,10,137
cast19,rr,60,0.02,uniform,266,2384,962,0,0,0.0,1.343867236800903,0.10139601224996508,0.07906642892711004,0.02,159,10,137
cast19,rr,60,0.02,uniform_nz,266,2307,962,1,0,0.0,0.6445759361562707,0.10139601224996508,0.07906642892711004,0.02,159,10,137
cast19,rr,60,0.02,weighted,266,2325,962,1,0,0.0,0.10139601224996508,0.10139601224996508,0.07906642892711004,0.02,159,10,137
cast19,rr,60,0.02,active_judge,266,2310,962,0,0,0.0,0.24292948142328416,0.10139601224996508,0.07906642892711004,0.02,159,10,137
cast19,rr,60,0.02,strat_pilot,266,2311,962,1,0,0.0,0.10139899460640836,0.10139601224996508,0.07906642892711004,0.02,159,10,137
cast19,rr,60,0.02,weighted_cv,266,2278,962,1,0,0.0,0.10314129356122474,0.10139601224996508,0.07906642892711004,0.02,159,10,137
cast19,rr,60,0.02,active_cv,266,2346,962,1,0,0.0,0.15923589158545484,0.10139601224996508,0.07906642892711004,0.02,159,10,137
cast19,rr,60,0.02,weighted_cvl,266,2325,962,1,0,0.0,0.054092959327393594,0.10139601224996508,0.07906642892711004,0.02,159,10,137
cast19,rr,60,0.02,uniform,267,2391,985,1,0,0.0,0.22365812565554277,0.08019187430864891,0.04351548104159493,0.02,159,10,138
cast19,rr,60,0.02,uniform_nz,267,2319,985,0,0,0.0,0.10869203648086416,0.08019187430864891,0.04351548104159493,0.02,159,10,138
cast19,rr,60,0.02,weighted,267,2364,985,1,0,0.0,0.08019187430864891,0.08019187430864891,0.04351548104159493,0.02,159,10,138
cast19,rr,60,0.02,active_judge,267,2326,985,0,0,0.0,0.15676804168745315,0.08019187430864891,0.04351548104159493,0.02,159,10,138
cast19,rr,60,0.02,strat_pilot,267,2384,985,1,0,0.0,0.08019323020893956,0.08019187430864891,0.04351548104159493,0.02,159,10,138
cast19,rr,60,0.02,weighted_cv,267,2391,985,1,0,0.0,0.03976781165378338,0.08019187430864891,0.04351548104159493,0.02,159,10,138
cast19,rr,60,0.02,active_cv,267,2382,985,1,0,0.0,0.06948487581421099,0.08019187430864891,0.04351548104159493,0.02,159,10,138
cast19,rr,60,0.02,weighted_cvl,267,2375,985,1,0,0.0,0.034159528528130575,0.08019187430864891,0.04351548104159493,0.02,159,10,138
cast19,rr,60,0.02,uniform,268,2295,947,0,0,0.0012248984579106281,0.531293107333326,0.053662688880764975,0.02705027093649385,0.018775101542089372,159,10,137
cast19,rr,60,0.02,uniform_nz,268,2295,947,0,0,0.0012248984579106281,0.29206604870947966,0.053662688880764975,0.02705027093649385,0.018775101542089372,159,10,137
cast19,rr,60,0.02,weighted,268,2313,947,0,0,0.0012248984579106281,0.053662688880764975,0.053662688880764975,0.02705027093649385,0.018775101542089372,159,10,137
cast19,rr,60,0.02,active_judge,268,2330,947,0,0,0.0012248984579106281,0.145943843570139,0.053662688880764975,0.02705027093649385,0.018775101542089372,159,10,137
cast19,rr,60,0.02,strat_pilot,268,2296,947,0,0,0.0012248984579106281,0.05354865171095926,0.053662688880764975,0.02705027093649385,0.018775101542089372,159,10,137
cast19,rr,60,0.02,weighted_cv,268,2311,947,0,0,0.0012248984579106281,0.08845781458986282,0.053662688880764975,0.02705027093649385,0.018775101542089372,159,10,137
cast19,rr,60,0.02,active_cv,268,2320,947,1,0,0.0012248984579106281,0.13446509124777942,0.053662688880764975,0.02705027093649385,0.018775101542089372,159,10,137
cast19,rr,60,0.02,weighted_cvl,268,2301,947,0,0,0.0012248984579106281,0.03522181960170197,0.053662688880764975,0.02705027093649385,0.018775101542089372,159,10,137
cast19,rr,60,0.02,uniform,269,2857,971,0,0,0.012094705643922399,0.11493973816001768,0.06933823952627481,0.037325063729296795,0.007905294356077602,159,14,136
cast19,rr,60,0.02,uniform_nz,269,2805,971,0,0,0.012094705643922399,0.07617065827594952,0.06933823952627481,0.037325063729296795,0.007905294356077602,159,14,136
cast19,rr,60,0.02,weighted,269,2911,971,0,0,0.012094705643922399,0.06933823952627481,0.06933823952627481,0.037325063729296795,0.007905294356077602,159,14,136
cast19,rr,60,0.02,active_judge,269,2883,971,0,0,0.012094705643922399,0.1704784496232099,0.06933823952627481,0.037325063729296795,0.007905294356077602,159,14,136
cast19,rr,60,0.02,strat_pilot,269,2856,971,0,0,0.012094705643922399,0.06943484492907413,0.06933823952627481,0.037325063729296795,0.007905294356077602,159,14,136
cast19,rr,60,0.02,weighted_cv,269,2881,971,0,0,0.012094705643922399,0.0660555135597131,0.06933823952627481,0.037325063729296795,0.007905294356077602,159,14,136
cast19,rr,60,0.02,active_cv,269,2878,971,0,0,0.012094705643922399,0.10772223749089815,0.06933823952627481,0.037325063729296795,0.007905294356077602,159,14,136
cast19,rr,60,0.02,weighted_cvl,269,2904,971,0,0,0.012094705643922399,0.05242855620359428,0.06933823952627481,0.037325063729296795,0.007905294356077602,159,14,136
cast19,rr,60,0.02,uniform,270,2156,959,1,0,0.0,0.2197997659309882,0.03967369347240231,0.024745800366930398,0.02,159,9,131
cast19,rr,60,0.02,uniform_nz,270,2093,959,1,0,0.0,0.07550780509863378,0.03967369347240231,0.024745800366930398,0.02,159,9,131
cast19,rr,60,0.02,weighted,270,2116,959,1,0,0.0,0.03967369347240231,0.03967369347240231,0.024745800366930398,0.02,159,9,131
cast19,rr,60,0.02,active_judge,270,2051,959,0,0,0.0,0.0867206573943391,0.03967369347240231,0.024745800366930398,0.02,159,9,131
cast19,rr,60,0.02,strat_pilot,270,2076,959,1,0,0.0,0.039682947612423844,0.03967369347240231,0.024745800366930398,0.02,159,9,131
cast19,rr,60,0.02,weighted_cv,270,2123,959,0,0,0.0,0.03556808600602455,0.03967369347240231,0.024745800366930398,0.02,159,9,131
cast19,rr,60,0.02,active_cv,270,2071,959,1,0,0.0,0.05131442570334064,0.03967369347240231,0.024745800366930398,0.02,159,9,131
cast19,rr,60,0.02,weighted_cvl,270,2088,959,1,0,0.0,0.02916730869078534,0.03967369347240231,0.024745800366930398,0.02,159,9,131
cast19,rr,60,0.02,uniform,271,2066,968,0,0,0.0,0.08809839075796193,0.026815486991200045,0.029875226897285716,0.02,159,8,137
cast19,rr,60,0.02,uniform_nz,271,2054,968,1,0,0.0,0.033650130395521075,0.026815486991200045,0.029875226897285716,0.02,159,8,137
cast19,rr,60,0.02,weighted,271,2049,968,1,0,0.0,0.026815486991200045,0.026815486991200045,0.029875226897285716,0.02,159,8,137
cast19,rr,60,0.02,active_judge,271,2063,968,0,0,0.0,0.06815501430660291,0.026815486991200045,0.029875226897285716,0.02,159,8,137
cast19,rr,60,0.02,strat_pilot,271,2059,968,1,0,0.0,0.026744553038526152,0.026815486991200045,0.029875226897285716,0.02,159,8,137
cast19,rr,60,0.02,weighted_cv,271,2049,968,0,0,0.0,0.03163135204444057,0.026815486991200045,0.029875226897285716,0.02,159,8,137
cast19,rr,60,0.02,active_cv,271,2070,968,1,0,0.0,0.04913731643413552,0.026815486991200045,0.029875226897285716,0.02,159,8,137
cast19,rr,60,0.02,weighted_cvl,271,2041,968,1,0,0.0,0.03342505472303304,0.026815486991200045,0.029875226897285716,0.02,159,8,137
cast19,rr,60,0.02,uniform,272,2868,1011,0,0,0.0,0.2966246959180753,0.1075072039359148,0.02263862272544464,0.02,159,14,136
cast19,rr,60,0.02,uniform_nz,272,2887,1011,0,0,0.0,0.18117707360464266,0.1075072039359148,0.02263862272544464,0.02,159,14,136
cast19,rr,60,0.02,weighted,272,2881,1011,1,0,0.0,0.1075072039359148,0.1075072039359148,0.02263862272544464,0.02,159,14,136
cast19,rr,60,0.02,active_judge,272,2916,1011,0,0,0.0,0.22832676528704415,0.1075072039359148,0.02263862272544464,0.02,159,14,136
cast19,rr,60,0.02,strat_pilot,272,2893,1011,1,0,0.0,0.10756195595946554,0.1075072039359148,0.02263862272544464,0.02,159,14,136
cast19,rr,60,0.02,weighted_cv,272,2940,1011,1,0,0.0,0.10433825316746044,0.1075072039359148,0.02263862272544464,0.02,159,14,136
cast19,rr,60,0.02,active_cv,272,2952,1011,1,0,0.0,0.1724643852565884,0.1075072039359148,0.02263862272544464,0.02,159,14,136
cast19,rr,60,0.02,weighted_cvl,272,2855,1011,1,0,0.0,0.061972703019485195,0.1075072039359148,0.02263862272544464,0.02,159,14,136
cast19,rr,60,0.02,uniform,273,2371,1016,0,0,0.0,0.46579974017161707,0.06748860326899142,0.07499248295258226,0.02,159,10,137
cast19,rr,60,0.02,uniform_nz,273,2385,1016,1,0,0.0,0.18898313608708645,0.06748860326899142,0.07499248295258226,0.02,159,10,137
cast19,rr,60,0.02,weighted,273,2377,1016,0,0,0.0,0.06748860326899142,0.06748860326899142,0.07499248295258226,0.02,159,10,137
cast19,rr,60,0.02,active_judge,273,2386,1016,1,0,0.0,0.16419220796563544,0.06748860326899142,0.07499248295258226,0.02,159,10,137
cast19,rr,60,0.02,strat_pilot,273,2362,1016,1,0,0.0,0.0670888813229679,0.06748860326899142,0.07499248295258226,0.02,159,10,137
cast19,rr,60,0.02,weighted_cv,273,2335,1016,1,0,0.0,0.09677298040117445,0.06748860326899142,0.07499248295258226,0.02,159,10,137
cast19,rr,60,0.02,active_cv,273,2390,1016,1,0,0.0,0.14873480936328373,0.06748860326899142,0.07499248295258226,0.02,159,10,137
cast19,rr,60,0.02,weighted_cvl,273,2385,1016,1,0,0.0,0.09067324854975402,0.06748860326899142,0.07499248295258226,0.02,159,10,137
cast19,rr,60,0.02,uniform,274,2832,957,1,0,0.0,0.564032893178936,0.11331762796803155,0.028878419046342047,0.02,159,14,136
cast19,rr,60,0.02,uniform_nz,274,2868,957,0,0,0.0,0.3579353309692855,0.11331762796803155,0.028878419046342047,0.02,159,14,136
cast19,rr,60,0.02,weighted,274,2860,957,1,0,0.0,0.11331762796803155,0.11331762796803155,0.028878419046342047,0.02,159,14,136
cast19,rr,60,0.02,active_judge,274,2853,957,0,0,0.0,0.29252848554977046,0.11331762796803155,0.028878419046342047,0.02,159,14,136
cast19,rr,60,0.02,strat_pilot,274,2886,957,1,0,0.0,0.11332506401501226,0.11331762796803155,0.028878419046342047,0.02,159,14,136
cast19,rr,60,0.02,weighted_cv,274,2833,957,1,0,0.0,0.0771085342203663,0.11331762796803155,0.028878419046342047,0.02,159,14,136
cast19,rr,60,0.02,active_cv,274,2882,957,1,0,0.0,0.10098637268518787,0.11331762796803155,0.028878419046342047,0.02,159,14,136
cast19,rr,60,0.02,weighted_cvl,274,2901,957,1,0,0.0,0.05453275962131943,0.11331762796803155,0.028878419046342047,0.02,159,14,136
cast19,rr,60,0.02,uniform,275,2409,1061,0,0,0.0,0.6067484926911308,0.0675591259013936,0.05120879387895472,0.02,159,10,137
cast19,rr,60,0.02,uniform_nz,275,2449,1061,1,0,0.0,0.31371877219504574,0.0675591259013936,0.05120879387895472,0.02,159,10,137
cast19,rr,60,0.02,weighted,275,2399,1061,1,0,0.0,0.0675591259013936,0.0675591259013936,0.05120879387895472,0.02,159,10,137
cast19,rr,60,0.02,active_judge,275,2496,1061,0,0,0.0,0.14163622863327371,0.0675591259013936,0.05120879387895472,0.02,159,10,137
cast19,rr,60,0.02,strat_pilot,275,2449,1061,1,0,0.0,0.06748362631021051,0.0675591259013936,0.05120879387895472,0.02,159,10,137
cast19,rr,60,0.02,weighted_cv,275,2419,1061,0,0,0.0,0.06972262181835512,0.0675591259013936,0.05120879387895472,0.02,159,10,137
cast19,rr,60,0.02,active_cv,275,2418,1061,0,0,0.0,0.09240209709130223,0.0675591259013936,0.05120879387895472,0.02,159,10,137
cast19,rr,60,0.02,weighted_cvl,275,2414,1061,1,0,0.0,0.06972262181835512,0.0675591259013936,0.05120879387895472,0.02,159,10,137
cast19,rr,60,0.02,uniform,276,2029,947,1,0,0.0,0.08636278938627198,0.023461087654597854,0.03577463862545974,0.02,159,9,126
cast19,rr,60,0.02,uniform_nz,276,2031,947,0,0,0.0,0.02585775148535141,0.023461087654597854,0.03577463862545974,0.02,159,9,126
cast19,rr,60,0.02,weighted,276,2058,947,1,0,0.0,0.023461087654597854,0.023461087654597854,0.03577463862545974,0.02,159,9,126
cast19,rr,60,0.02,active_judge,276,2062,947,0,0,0.0,0.06366190281277569,0.023461087654597854,0.03577463862545974,0.02,159,9,126
cast19,rr,60,0.02,strat_pilot,276,2057,947,1,0,0.0,0.02338387885745753,0.023461087654597854,0.03577463862545974,0.02,159,9,126
cast19,rr,60,0.02,weighted_cv,276,2028,947,1,0,0.0,0.029642645860478666,0.023461087654597854,0.03577463862545974,0.02,159,9,126
cast19,rr,60,0.02,active_cv,276,2041,947,0,0,0.0,0.039134987273148174,0.023461087654597854,0.03577463862545974,0.02,159,9,126
cast19,rr,60,0.02,weighted_cvl,276,2033,947,1,0,0.0,0.014152257975716533,0.023461087654597854,0.03577463862545974,0.02,159,9,126
cast19,rr,60,0.02,uniform,277,2388,1002,1,0,0.0,0.42085806786550756,0.0739573055691778,0.05554515867402862,0.02,159,10,137
cast19,rr,60,0.02,uniform_nz,277,2317,1002,1,0,0.0,0.17629629714813633,0.0739573055691778,0.05554515867402862,0.02,159,10,137
cast19,rr,60,0.02,weighted,277,2346,1002,1,0,0.0,0.0739573055691778,0.0739573055691778,0.05554515867402862,0.02,159,10,137
cast19,rr,60,0.02,active_judge,277,2401,1002,0,0,0.0,0.14431392143815427,0.0739573055691778,0.05554515867402862,0.02,159,10,137
cast19,rr,60,0.02,strat_pilot,277,2365,1002,1,0,0.0,0.07395187520293427,0.0739573055691778,0.05554515867402862,0.02,159,10,137
cast19,rr,60,0.02,weighted_cv,277,2359,1002,1,0,0.0,0.06363632485742987,0.0739573055691778,0.05554515867402862,0.02,159,10,137
cast19,rr,60,0.02,active_cv,277,2365,1002,1,0,0.0,0.0881643042416759,0.0739573055691778,0.05554515867402862,0.02,159,10,137
cast19,rr,60,0.02,weighted_cvl,277,2374,1002,1,0,0.0,0.048198913606297175,0.0739573055691778,0.05554515867402862,0.02,159,10,137
cast19,rr,60,0.02,uniform,278,2824,942,0,0,0.0034284001559796162,0.2553055217156648,0.10443929076806194,0.03509397688654655,0.016571599844020384,159,14,136
cast19,rr,60,0.02,uniform_nz,278,2816,942,0,0,0.0034284001559796162,0.162590929186341,0.10443929076806194,0.03509397688654655,0.016571599844020384,159,14,136
cast19,rr,60,0.02,weighted,278,2885,942,0,0,0.0034284001559796162,0.10443929076806194,0.10443929076806194,0.03509397688654655,0.016571599844020384,159,14,136
cast19,rr,60,0.02,active_judge,278,2836,942,0,0,0.0034284001559796162,0.2179209760103439,0.10443929076806194,0.03509397688654655,0.016571599844020384,159,14,136
cast19,rr,60,0.02,strat_pilot,278,2845,942,1,0,0.0034284001559796162,0.1046620929641446,0.10443929076806194,0.03509397688654655,0.016571599844020384,159,14,136
cast19,rr,60,0.02,weighted_cv,278,2819,942,1,0,0.0034284001559796162,0.1401438873307149,0.10443929076806194,0.03509397688654655,0.016571599844020384,159,14,136
cast19,rr,60,0.02,active_cv,278,2889,942,0,0,0.0034284001559796162,0.2526126963144698,0.10443929076806194,0.03509397688654655,0.016571599844020384,159,14,136
cast19,rr,60,0.02,weighted_cvl,278,2835,942,1,0,0.0034284001559796162,0.07231772472091272,0.10443929076806194,0.03509397688654655,0.016571599844020384,159,14,136
cast19,rr,60,0.02,uniform,279,2364,1030,0,0,0.0027950497045908795,0.3413347310762971,0.06361547349131122,0.028259799940914494,0.01720495029540912,159,10,137
cast19,rr,60,0.02,uniform_nz,279,2347,1030,1,0,0.0027950497045908795,0.12966571785687517,0.06361547349131122,0.028259799940914494,0.01720495029540912,159,10,137
cast19,rr,60,0.02,weighted,279,2384,1030,1,0,0.0027950497045908795,0.06361547349131122,0.06361547349131122,0.028259799940914494,0.01720495029540912,159,10,137
cast19,rr,60,0.02,active_judge,279,2391,1030,1,0,0.0027950497045908795,0.203740039231073,0.06361547349131122,0.028259799940914494,0.01720495029540912,159,10,137
cast19,rr,60,0.02,strat_pilot,279,2378,1030,1,0,0.0027950497045908795,0.06363903859131485,0.06361547349131122,0.028259799940914494,0.01720495029540912,159,10,137
cast19,rr,60,0.02,weighted_cv,279,2364,1030,1,0,0.0027950497045908795,0.057734786557216554,0.06361547349131122,0.028259799940914494,0.01720495029540912,159,10,137
cast19,rr,60,0.02,active_cv,279,2397,1030,0,0,0.0027950497045908795,0.0755277572184712,0.06361547349131122,0.028259799940914494,0.01720495029540912,159,10,137
cast19,rr,60,0.02,weighted_cvl,279,2401,1030,1,0,0.0027950497045908795,0.032715352522553566,0.06361547349131122,0.028259799940914494,0.01720495029540912,159,10,137
cast19,rr,60,0.02,uniform,280,2364,988,0,0,0.006644764376584844,0.13553805020216012,0.05420637089386339,0.019865294968488528,0.013355235623415156,159,10,137
cast19,rr,60,0.02,uniform_nz,280,2384,988,0,0,0.006644764376584844,0.06702148891376199,0.05420637089386339,0.019865294968488528,0.013355235623415156,159,10,137
cast19,rr,60,0.02,weighted,280,2347,988,0,0,0.006644764376584844,0.05420637089386339,0.05420637089386339,0.019865294968488528,0.013355235623415156,159,10,137
cast19,rr,60,0.02,active_judge,280,2339,988,0,0,0.006644764376584844,0.10901013827731557,0.05420637089386339,0.019865294968488528,0.013355235623415156,159,10,137
cast19,rr,60,0.02,strat_pilot,280,2347,988,0,0,0.006644764376584844,0.054100087670575926,0.05420637089386339,0.019865294968488528,0.013355235623415156,159,10,137
cast19,rr,60,0.02,weighted_cv,280,2346,988,0,0,0.006644764376584844,0.04520134121431903,0.05420637089386339,0.019865294968488528,0.013355235623415156,159,10,137
cast19,rr,60,0.02,active_cv,280,2343,988,0,0,0.006644764376584844,0.0700141066911911,0.05420637089386339,0.019865294968488528,0.013355235623415156,159,10,137
cast19,rr,60,0.02,weighted_cvl,280,2377,988,0,0,0.006644764376584844,0.04033975670270534,0.05420637089386339,0.019865294968488528,0.013355235623415156,159,10,137
cast19,rr,60,0.02,uniform,281,2885,959,1,0,0.0,0.26781784127037855,0.12697218564763518,0.04211589961288373,0.02,159,14,136
cast19,rr,60,0.02,uniform_nz,281,2838,959,1,0,0.0,0.1813101063610198,0.12697218564763518,0.04211589961288373,0.02,159,14,136
cast19,rr,60,0.02,weighted,281,2821,959,1,0,0.0,0.12697218564763518,0.12697218564763518,0.04211589961288373,0.02,159,14,136
cast19,rr,60,0.02,active_judge,281,2853,959,1,0,0.0,0.23247444171958884,0.12697218564763518,0.04211589961288373,0.02,159,14,136
cast19,rr,60,0.02,strat_pilot,281,2891,959,1,0,0.0,0.1270230824490249,0.12697218564763518,0.04211589961288373,0.02,159,14,136
cast19,rr,60,0.02,weighted_cv,281,2874,959,1,0,0.0,0.12247168750740886,0.12697218564763518,0.04211589961288373,0.02,159,14,136
cast19,rr,60,0.02,active_cv,281,2846,959,1,0,0.0,0.16835992605790445,0.12697218564763518,0.04211589961288373,0.02,159,14,136
cast19,rr,60,0.02,weighted_cvl,281,2863,959,1,0,0.0,0.0762175388324751,0.12697218564763518,0.04211589961288373,0.02,159,14,136
cast19,rr,60,0.02,uniform,282,2054,915,0,0,0.0,0.35455317511882184,0.03923829760482783,0.04683098162587328,0.02,159,8,137
cast19,rr,60,0.02,uniform_nz,282,1956,915,0,0,0.0,0.0935973358421867,0.03923829760482783,0.04683098162587328,0.02,159,8,137
cast19,rr,60,0.02,weighted,282,1977,915,1,0,0.0,0.03923829760482783,0.03923829760482783,0.04683098162587328,0.02,159,8,137
cast19,rr,60,0.02,active_judge,282,1996,915,1,0,0.0,0.10661609237241135,0.03923829760482783,0.04683098162587328,0.02,159,8,137
cast19,rr,60,0.02,strat_pilot,282,2037,915,1,0,0.0,0.039114570247502235,0.03923829760482783,0.04683098162587328,0.02,159,8,137
cast19,rr,60,0.02,weighted_cv,282,1996,915,1,0,0.0,0.0464255107919686,0.03923829760482783,0.04683098162587328,0.02,159,8,137
cast19,rr,60,0.02,active_cv,282,2022,915,1,0,0.0,0.06634408511873195,0.03923829760482783,0.04683098162587328,0.02,159,8,137
cast19,rr,60,0.02,weighted_cvl,282,2044,915,1,0,0.0,0.04382924056264682,0.03923829760482783,0.04683098162587328,0.02,159,8,137
cast19,rr,60,0.02,uniform,283,2171,1015,0,0,0.0,0.06825242751339909,0.017730964398855745,0.03127554003444096,0.02,159,9,127
cast19,rr,60,0.02,uniform_nz,283,2123,1015,1,0,0.0,0.01951545498145656,0.017730964398855745,0.03127554003444096,0.02,159,9,127
cast19,rr,60,0.02,weighted,283,2091,1015,0,0,0.0,0.017730964398855745,0.017730964398855745,0.03127554003444096,0.02,159,9,127
cast19,rr,60,0.02,active_judge,283,2121,1015,1,0,0.0,0.03896018615577744,0.017730964398855745,0.03127554003444096,0.02,159,9,127
cast19,rr,60,0.02,strat_pilot,283,2131,1015,0,0,0.0,0.017472864344029893,0.017730964398855745,0.03127554003444096,0.02,159,9,127
cast19,rr,60,0.02,weighted_cv,283,2145,1015,1,0,0.0,0.027422091286488627,0.017730964398855745,0.03127554003444096,0.02,159,9,127
cast19,rr,60,0.02,active_cv,283,2141,1015,1,0,0.0,0.052154346494293326,0.017730964398855745,0.03127554003444096,0.02,159,9,127
cast19,rr,60,0.02,weighted_cvl,283,2150,1015,1,0,0.0,0.020785026763425998,0.017730964398855745,0.03127554003444096,0.02,159,9,127
cast19,rr,60,0.02,uniform,284,2324,975,0,0,0.007293712170797106,0.10116758560297438,0.043273812676850265,0.047984012984517765,0.012706287829202894,159,10,137
cast19,rr,60,0.02,uniform_nz,284,2306,975,0,0,0.007293712170797106,0.048149807297080044,0.043273812676850265,0.047984012984517765,0.012706287829202894,159,10,137
cast19,rr,60,0.02,weighted,284,2320,975,0,0,0.007293712170797106,0.043273812676850265,0.043273812676850265,0.047984012984517765,0.012706287829202894,159,10,137
cast19,rr,60,0.02,active_judge,284,2300,975,1,0,0.007293712170797106,0.108939169310035,0.043273812676850265,0.047984012984517765,0.012706287829202894,159,10,137
cast19,rr,60,0.02,strat_pilot,284,2370,975,0,0,0.007293712170797106,0.04309622657266086,0.043273812676850265,0.047984012984517765,0.012706287829202894,159,10,137
cast19,rr,60,0.02,weighted_cv,284,2342,975,0,0,0.007293712170797106,0.040971459593558676,0.043273812676850265,0.047984012984517765,0.012706287829202894,159,10,137
cast19,rr,60,0.02,active_cv,284,2327,975,0,0,0.007293712170797106,0.06304834241023967,0.043273812676850265,0.047984012984517765,0.012706287829202894,159,10,137
cast19,rr,60,0.02,weighted_cvl,284,2327,975,0,0,0.007293712170797106,0.02102209375158369,0.043273812676850265,0.047984012984517765,0.012706287829202894,159,10,137
cast19,rr,60,0.02,uniform,285,2345,985,0,0,0.0,1.0600755616616226,0.10552713593356426,0.05716787583080153,0.02,159,10,137
cast19,rr,60,0.02,uniform_nz,285,2352,985,0,0,0.0,0.4222785594332847,0.10552713593356426,0.05716787583080153,0.02,159,10,137
cast19,rr,60,0.02,weighted,285,2358,985,0,0,0.0,0.10552713593356426,0.10552713593356426,0.05716787583080153,0.02,159,10,137
cast19,rr,60,0.02,active_judge,285,2373,985,1,0,0.0,0.27272685060073476,0.10552713593356426,0.05716787583080153,0.02,159,10,137
cast19,rr,60,0.02,strat_pilot,285,2400,985,1,0,0.0,0.10554036204222768,0.10552713593356426,0.05716787583080153,0.02,159,10,137
cast19,rr,60,0.02,weighted_cv,285,2299,985,1,0,0.0,0.10945297402572232,0.10552713593356426,0.05716787583080153,0.02,159,10,137
cast19,rr,60,0.02,active_cv,285,2336,985,0,0,0.0,0.20591387640138442,0.10552713593356426,0.05716787583080153,0.02,159,10,137
cast19,rr,60,0.02,weighted_cvl,285,2328,985,1,0,0.0,0.06288119296484414,0.10552713593356426,0.05716787583080153,0.02,159,10,137
cast19,rr,60,0.02,uniform,286,2344,990,0,0,0.0,0.3961855148931337,0.10038922887795813,0.046366004337652617,0.02,159,10,137
cast19,rr,60,0.02,uniform_nz,286,2346,990,0,0,0.0,0.14378691096648338,0.10038922887795813,0.046366004337652617,0.02,159,10,137
cast19,rr,60,0.02,weighted,286,2357,990,1,0,0.0,0.10038922887795813,0.10038922887795813,0.046366004337652617,0.02,159,10,137
cast19,rr,60,0.02,active_judge,286,2326,990,1,0,0.0,0.2256900717183493,0.10038922887795813,0.046366004337652617,0.02,159,10,137
cast19,rr,60,0.02,strat_pilot,286,2331,990,1,0,0.0,0.10038637155552002,0.10038922887795813,0.046366004337652617,0.02,159,10,137
cast19,rr,60,0.02,weighted_cv,286,2340,990,1,0,0.0,0.07370219132291915,0.10038922887795813,0.046366004337652617,0.02,159,10,137
cast19,rr,60,0.02,active_cv,286,2348,990,0,0,0.0,0.10725149234649947,0.10038922887795813,0.046366004337652617,0.02,159,10,137
cast19,rr,60,0.02,weighted_cvl,286,2359,990,1,0,0.0,0.07370219132291915,0.10038922887795813,0.046366004337652617,0.02,159,10,137
cast19,rr,60,0.02,uniform,287,2242,895,1,0,0.0020239894414924575,0.11497310044434757,0.049725164516375,0.05875422736691076,0.017976010558507543,159,10,137
cast19,rr,60,0.02,uniform_nz,287,2248,895,0,0,0.0020239894414924575,0.054099167312439814,0.049725164516375,0.05875422736691076,0.017976010558507543,159,10,137
cast19,rr,60,0.02,weighted,287,2276,895,0,0,0.0020239894414924575,0.049725164516375,0.049725164516375,0.05875422736691076,0.017976010558507543,159,10,137
cast19,rr,60,0.02,active_judge,287,2237,895,0,0,0.0020239894414924575,0.13526094778865136,0.049725164516375,0.05875422736691076,0.017976010558507543,159,10,137
cast19,rr,60,0.02,strat_pilot,287,2280,895,0,0,0.0020239894414924575,0.049702711935264626,0.049725164516375,0.05875422736691076,0.017976010558507543,159,10,137
cast19,rr,60,0.02,weighted_cv,287,2313,895,0,0,0.0020239894414924575,0.05030510331904163,0.049725164516375,0.05875422736691076,0.017976010558507543,159,10,137
cast19,rr,60,0.02,active_cv,287,2264,895,0,0,0.0020239894414924575,0.07371356069620981,0.049725164516375,0.05875422736691076,0.017976010558507543,159,10,137
cast19,rr,60,0.02,weighted_cvl,287,2252,895,1,0,0.0020239894414924575,0.04156536754181828,0.049725164516375,0.05875422736691076,0.017976010558507543,159,10,137
cast19,rr,60,0.02,uniform,288,2869,965,1,0,0.0,0.4333759373989473,0.14784322336879877,0.03716167442459675,0.02,159,14,136
cast19,rr,60,0.02,uniform_nz,288,2856,965,1,0,0.0,0.3081101350892951,0.14784322336879877,0.03716167442459675,0.02,159,14,136
cast19,rr,60,0.02,weighted,288,2875,965,1,0,0.0,0.14784322336879877,0.14784322336879877,0.03716167442459675,0.02,159,14,136
cast19,rr,60,0.02,active_judge,288,2886,965,1,0,0.0,0.3689677530744393,0.14784322336879877,0.03716167442459675,0.02,159,14,136
cast19,rr,60,0.02,strat_pilot,288,2913,965,1,0,0.0,0.1480632623562939,0.14784322336879877,0.03716167442459675,0.02,159,14,136
cast19,rr,60,0.02,weighted_cv,288,2811,965,1,0,0.0,0.08824401516583695,0.14784322336879877,0.03716167442459675,0.02,159,14,136
cast19,rr,60,0.02,active_cv,288,2842,965,1,0,0.0,0.1384916774652299,0.14784322336879877,0.03716167442459675,0.02,159,14,136
cast19,rr,60,0.02,weighted_cvl,288,2887,965,1,0,0.0,0.06948754439108758,0.14784322336879877,0.03716167442459675,0.02,159,14,136
cast19,rr,60,0.02,uniform,289,2316,945,0,0,0.0,0.1704215396918723,0.06460829399740158,0.02854241282453357,0.02,159,10,137
cast19,rr,60,0.02,uniform_nz,289,2331,945,1,0,0.0,0.07734274595925976,0.06460829399740158,0.02854241282453357,0.02,159,10,137
cast19,rr,60,0.02,weighted,289,2274,945,1,0,0.0,0.06460829399740158,0.06460829399740158,0.02854241282453357,0.02,159,10,137
cast19,rr,60,0.02,active_judge,289,2281,945,1,0,0.0,0.11678856068445098,0.06460829399740158,0.02854241282453357,0.02,159,10,137
cast19,rr,60,0.02,strat_pilot,289,2302,945,1,0,0.0,0.06455139991569833,0.06460829399740158,0.02854241282453357,0.02,159,10,137
cast19,rr,60,0.02,weighted_cv,289,2273,945,1,0,0.0,0.07932555365509011,0.06460829399740158,0.02854241282453357,0.02,159,10,137
cast19,rr,60,0.02,active_cv,289,2313,945,0,0,0.0,0.1624348570898008,0.06460829399740158,0.02854241282453357,0.02,159,10,137
cast19,rr,60,0.02,weighted_cvl,289,2324,945,1,0,0.0,0.04450721586003241,0.06460829399740158,0.02854241282453357,0.02,159,10,137
cast19,rr,60,0.02,uniform,290,2366,999,0,0,0.0,0.3036041870442965,0.055950897344641815,0.02506482441594838,0.02,159,10,137
cast19,rr,60,0.02,uniform_nz,290,2347,999,0,0,0.0,0.1533176181730318,0.055950897344641815,0.02506482441594838,0.02,159,10,137
cast19,rr,60,0.02,weighted,290,2379,999,1,0,0.0,0.055950897344641815,0.055950897344641815,0.02506482441594838,0.02,159,10,137
cast19,rr,60,0.02,active_judge,290,2358,999,1,0,0.0,0.10213254734967314,0.055950897344641815,0.02506482441594838,0.02,159,10,137
cast19,rr,60,0.02,strat_pilot,290,2337,999,1,0,0.0,0.055947761709051226,0.055950897344641815,0.02506482441594838,0.02,159,10,137
cast19,rr,60,0.02,weighted_cv,290,2388,999,1,0,0.0,0.06521920610165209,0.055950897344641815,0.02506482441594838,0.02,159,10,137
cast19,rr,60,0.02,active_cv,290,2344,999,1,0,0.0,0.14378996692101248,0.055950897344641815,0.02506482441594838,0.02,159,10,137
cast19,rr,60,0.02,weighted_cvl,290,2360,999,1,0,0.0,0.037927329553156953,0.055950897344641815,0.02506482441594838,0.02,159,10,137
cast19,rr,60,0.02,uniform,291,2105,947,0,0,0.005882053198852377,0.5964717373613564,0.0738938477117945,0.05129557587198251,0.014117946801147623,159,9,130
cast19,rr,60,0.02,uniform_nz,291,2100,947,0,0,0.005882053198852377,0.27114451013430607,0.0738938477117945,0.05129557587198251,0.014117946801147623,159,9,130
cast19,rr,60,0.02,weighted,291,2087,947,0,0,0.005882053198852377,0.0738938477117945,0.0738938477117945,0.05129557587198251,0.014117946801147623,159,9,130
cast19,rr,60,0.02,active_judge,291,2058,947,0,0,0.005882053198852377,0.15079494546977773,0.0738938477117945,0.05129557587198251,0.014117946801147623,159,9,130
cast19,rr,60,0.02,strat_pilot,291,2100,947,0,0,0.005882053198852377,0.0739355432425726,0.0738938477117945,0.05129557587198251,0.014117946801147623,159,9,130
cast19,rr,60,0.02,weighted_cv,291,2090,947,1,0,0.005882053198852377,0.03817277696950827,0.0738938477117945,0.05129557587198251,0.014117946801147623,159,9,130
cast19,rr,60,0.02,active_cv,291,2049,947,0,0,0.005882053198852377,0.057800951248266605,0.0738938477117945,0.05129557587198251,0.014117946801147623,159,9,130
cast19,rr,60,0.02,weighted_cvl,291,2131,947,0,0,0.005882053198852377,0.030346584125353737,0.0738938477117945,0.05129557587198251,0.014117946801147623,159,9,130
cast19,rr,60,0.02,uniform,292,2368,990,1,0,0.0,0.1211537410766788,0.05404949279325638,0.06190499216138602,0.02,159,10,137
cast19,rr,60,0.02,uniform_nz,292,2393,990,1,0,0.0,0.055610883884941564,0.05404949279325638,0.06190499216138602,0.02,159,10,137
cast19,rr,60,0.02,weighted,292,2385,990,1,0,0.0,0.05404949279325638,0.05404949279325638,0.06190499216138602,0.02,159,10,137
cast19,rr,60,0.02,active_judge,292,2406,990,1,0,0.0,0.11433670292091158,0.05404949279325638,0.06190499216138602,0.02,159,10,137
cast19,rr,60,0.02,strat_pilot,292,2354,990,1,0,0.0,0.0538382945837045,0.05404949279325638,0.06190499216138602,0.02,159,10,137
cast19,rr,60,0.02,weighted_cv,292,2374,990,1,0,0.0,0.0647341285554042,0.05404949279325638,0.06190499216138602,0.02,159,10,137
cast19,rr,60,0.02,active_cv,292,2335,990,0,0,0.0,0.11876131834811314,0.05404949279325638,0.06190499216138602,0.02,159,10,137
cast19,rr,60,0.02,weighted_cvl,292,2390,990,1,0,0.0,0.03632840405707705,0.05404949279325638,0.06190499216138602,0.02,159,10,137
cast19,rr,60,0.02,uniform,293,2413,974,0,0,0.0,0.4540673622882469,0.09342033050697605,0.04009115372370858,0.02,159,10,137
cast19,rr,60,0.02,uniform_nz,293,2310,974,1,0,0.0,0.2119723277183804,0.09342033050697605,0.04009115372370858,0.02,159,10,137
cast19,rr,60,0.02,weighted,293,2368,974,0,0,0.0,0.09342033050697605,0.09342033050697605,0.04009115372370858,0.02,159,10,137
cast19,rr,60,0.02,active_judge,293,2305,974,1,0,0.0,0.22696995932151748,0.09342033050697605,0.04009115372370858,0.02,159,10,137
cast19,rr,60,0.02,strat_pilot,293,2345,974,1,0,0.0,0.09340103527149607,0.09342033050697605,0.04009115372370858,0.02,159,10,137
cast19,rr,60,0.02,weighted_cv,293,2309,974,1,0,0.0,0.09398564414319636,0.09342033050697605,0.04009115372370858,0.02,159,10,137
cast19,rr,60,0.02,active_cv,293,2343,974,0,0,0.0,0.1840066249940032,0.09342033050697605,0.04009115372370858,0.02,159,10,137
cast19,rr,60,0.02,weighted_cvl,293,2310,974,1,0,0.0,0.050939292898220044,0.09342033050697605,0.04009115372370858,0.02,159,10,137
cast19,rr,60,0.02,uniform,294,2340,974,0,0,0.0,0.6578561646874672,0.06577841416198997,0.03164628871823649,0.02,159,10,137
cast19,rr,60,0.02,uniform_nz,294,2327,974,0,0,0.0,0.27185245903873734,0.06577841416198997,0.03164628871823649,0.02,159,10,137
cast19,rr,60,0.02,weighted,294,2344,974,1,0,0.0,0.06577841416198997,0.06577841416198997,0.03164628871823649,0.02,159,10,137
cast19,rr,60,0.02,active_judge,294,2321,974,1,0,0.0,0.1420038667716898,0.06577841416198997,0.03164628871823649,0.02,159,10,137
cast19,rr,60,0.02,strat_pilot,294,2334,974,1,0,0.0,0.06578475787645803,0.06577841416198997,0.03164628871823649,0.02,159,10,137
cast19,rr,60,0.02,weighted_cv,294,2355,974,1,0,0.0,0.07406404185661067,0.06577841416198997,0.03164628871823649,0.02,159,10,137
cast19,rr,60,0.02,active_cv,294,2316,974,1,0,0.0,0.1524558260300766,0.06577841416198997,0.03164628871823649,0.02,159,10,137
cast19,rr,60,0.02,weighted_cvl,294,2350,974,1,0,0.0,0.045624695766811094,0.06577841416198997,0.03164628871823649,0.02,159,10,137
cast19,rr,60,0.02,uniform,295,2296,892,0,0,0.007560759046290777,0.21324863646282202,0.04190391163792044,0.052023566413171324,0.012439240953709223,159,10,137
cast19,rr,60,0.02,uniform_nz,295,2253,892,0,0,0.007560759046290777,0.09266245524375671,0.04190391163792044,0.052023566413171324,0.012439240953709223,159,10,137
cast19,rr,60,0.02,weighted,295,2272,892,0,0,0.007560759046290777,0.04190391163792044,0.04190391163792044,0.052023566413171324,0.012439240953709223,159,10,137
cast19,rr,60,0.02,active_judge,295,2257,892,0,0,0.007560759046290777,0.11846857604289847,0.04190391163792044,0.052023566413171324,0.012439240953709223,159,10,137
cast19,rr,60,0.02,strat_pilot,295,2294,892,1,0,0.007560759046290777,0.04169240650386937,0.04190391163792044,0.052023566413171324,0.012439240953709223,159,10,137
cast19,rr,60,0.02,weighted_cv,295,2239,892,0,0,0.007560759046290777,0.032731924609094895,0.04190391163792044,0.052023566413171324,0.012439240953709223,159,10,137
cast19,rr,60,0.02,active_cv,295,2280,892,0,0,0.007560759046290777,0.06160372511095151,0.04190391163792044,0.052023566413171324,0.012439240953709223,159,10,137
cast19,rr,60,0.02,weighted_cvl,295,2219,892,0,0,0.007560759046290777,0.032731924609094895,0.04190391163792044,0.052023566413171324,0.012439240953709223,159,10,137
cast19,rr,60,0.02,uniform,296,2272,969,0,0,0.005815071694113549,0.3714471688947344,0.047760638289634186,0.027066325718455513,0.014184928305886451,159,10,137
cast19,rr,60,0.02,uniform_nz,296,2285,969,0,0,0.005815071694113549,0.1484512385025348,0.047760638289634186,0.027066325718455513,0.014184928305886451,159,10,137
cast19,rr,60,0.02,weighted,296,2346,969,0,0,0.005815071694113549,0.047760638289634186,0.047760638289634186,0.027066325718455513,0.014184928305886451,159,10,137
cast19,rr,60,0.02,active_judge,296,2335,969,0,0,0.005815071694113549,0.1551805565386922,0.047760638289634186,0.027066325718455513,0.014184928305886451,159,10,137
cast19,rr,60,0.02,strat_pilot,296,2336,969,0,0,0.005815071694113549,0.04750464221716219,0.047760638289634186,0.027066325718455513,0.014184928305886451,159,10,137
cast19,rr,60,0.02,weighted_cv,296,2330,969,1,0,0.005815071694113549,0.052359489202685974,0.047760638289634186,0.027066325718455513,0.014184928305886451,159,10,137
cast19,rr,60,0.02,active_cv,296,2335,969,0,0,0.005815071694113549,0.07921860366354064,0.047760638289634186,0.027066325718455513,0.014184928305886451,159,10,137
cast19,rr,60,0.02,weighted_cvl,296,2330,969,1,0,0.005815071694113549,0.03373410287463121,0.047760638289634186,0.027066325718455513,0.014184928305886451,159,10,137
cast19,rr,60,0.02,uniform,297,2345,1002,0,0,0.0,0.2689573396723841,0.05768554400482754,0.024525814888212254,0.02,159,10,137
cast19,rr,60,0.02,uniform_nz,297,2364,1002,0,0,0.0,0.11294854938836847,0.05768554400482754,0.024525814888212254,0.02,159,10,137
cast19,rr,60,0.02,weighted,297,2329,1002,0,0,0.0,0.05768554400482754,0.05768554400482754,0.024525814888212254,0.02,159,10,137
cast19,rr,60,0.02,active_judge,297,2374,1002,0,0,0.0,0.2155634809975992,0.05768554400482754,0.024525814888212254,0.02,159,10,137
cast19,rr,60,0.02,strat_pilot,297,2415,1002,1,0,0.0,0.057656821390505694,0.05768554400482754,0.024525814888212254,0.02,159,10,137
cast19,rr,60,0.02,weighted_cv,297,2392,1002,1,0,0.0,0.10476498568473014,0.05768554400482754,0.024525814888212254,0.02,159,10,137
cast19,rr,60,0.02,active_cv,297,2367,1002,0,0,0.0,0.17590700953948094,0.05768554400482754,0.024525814888212254,0.02,159,10,137
cast19,rr,60,0.02,weighted_cvl,297,2342,1002,1,0,0.0,0.03995857786061195,0.05768554400482754,0.024525814888212254,0.02,159,10,137
cast19,rr,60,0.02,uniform,298,2326,985,0,0,0.0,0.5353252469888027,0.08769165513452722,0.035510043735747086,0.02,159,10,137
cast19,rr,60,0.02,uniform_nz,298,2302,985,0,0,0.0,0.20558740705595624,0.08769165513452722,0.035510043735747086,0.02,159,10,137
cast19,rr,60,0.02,weighted,298,2313,985,1,0,0.0,0.08769165513452722,0.08769165513452722,0.035510043735747086,0.02,159,10,137
cast19,rr,60,0.02,active_judge,298,2322,985,0,0,0.0,0.17280004973694812,0.08769165513452722,0.035510043735747086,0.02,159,10,137
cast19,rr,60,0.02,strat_pilot,298,2336,985,1,0,0.0,0.08771973089888799,0.08769165513452722,0.035510043735747086,0.02,159,10,137
cast19,rr,60,0.02,weighted_cv,298,2332,985,0,0,0.0,0.0835152072234797,0.08769165513452722,0.035510043735747086,0.02,159,10,137
cast19,rr,60,0.02,active_cv,298,2317,985,1,0,0.0,0.1880556117839018,0.08769165513452722,0.035510043735747086,0.02,159,10,137
cast19,rr,60,0.02,weighted_cvl,298,2332,985,1,0,0.0,0.05054892563260842,0.08769165513452722,0.035510043735747086,0.02,159,10,137
cast19,rr,60,0.02,uniform,299,2348,986,1,0,0.0,0.2449869256290147,0.060105234683046335,0.018731345275462923,0.02,159,10,137
cast19,rr,60,0.02,uniform_nz,299,2338,986,0,0,0.0,0.11637649277242994,0.060105234683046335,0.018731345275462923,0.02,159,10,137
cast19,rr,60,0.02,weighted,299,2334,986,1,0,0.0,0.060105234683046335,0.060105234683046335,0.018731345275462923,0.02,159,10,137
cast19,rr,60,0.02,active_judge,299,2354,986,1,0,0.0,0.12228876638753823,0.060105234683046335,0.018731345275462923,0.02,159,10,137
cast19,rr,60,0.02,strat_pilot,299,2335,986,1,0,0.0,0.05991051464614565,0.060105234683046335,0.018731345275462923,0.02,159,10,137
cast19,rr,60,0.02,weighted_cv,299,2382,986,1,0,0.0,0.07873896035659848,0.060105234683046335,0.018731345275462923,0.02,159,10,137
cast19,rr,60,0.02,active_cv,299,2327,986,0,0,0.0,0.12427183813231304,0.060105234683046335,0.018731345275462923,0.02,159,10,137
cast19,rr,60,0.02,weighted_cvl,299,2353,986,1,0,0.0,0.03522210888464553,0.060105234683046335,0.018731345275462923,0.02,159,10,137
